sensor,time,t,ax,ay,az,wx,wy,wz,lat,lon,alt,v_kmh,satellites,x,y
acc,1778672777.0,196.0,-0.035156,0.203125,-9.796875,,,,,,,,,,
acc,1778672777.0,196.0,-0.074219,0.203125,-9.835938,,,,,,,,,,
acc,1778672777.0,196.0,-0.074219,0.203125,-9.800781,,,,,,,,,,
acc,1778672777.0,196.0,-0.074219,0.203125,-9.800781,,,,,,,,,,
acc,1778672777.0,196.0,-0.035156,0.203125,-9.796875,,,,,,,,,,
acc,1778672777.0,196.0,-0.074219,0.203125,-9.800781,,,,,,,,,,
acc,1778672777.0,196.0,-0.074219,0.203125,-9.800781,,,,,,,,,,
acc,1778672777.0,196.0,-0.074219,0.203125,-9.800781,,,,,,,,,,
acc,1778672777.0,196.0,-0.074219,0.164062,-9.800781,,,,,,,,,,
acc,1778672777.0,196.0,-0.074219,0.203125,-9.835938,,,,,,,,,,
acc,1778672777.0,196.0,-0.074219,0.203125,-9.800781,,,,,,,,,,
acc,1778672777.0,196.0,-0.113281,0.203125,-9.839844,,,,,,,,,,
acc,1778672777.0,196.0,-0.074219,0.203125,-9.800781,,,,,,,,,,
acc,1778672777.0,196.0,-0.074219,0.203125,-9.757812,,,,,,,,,,
acc,1778672777.0,196.0,-0.074219,0.164062,-9.800781,,,,,,,,,,
acc,1778672777.0,196.0,-0.074219,0.203125,-9.800781,,,,,,,,,,
acc,1778672777.0,196.0,-0.113281,0.164062,-9.839844,,,,,,,,,,
acc,1778672777.0,196.0,-0.113281,0.203125,-9.796875,,,,,,,,,,
acc,1778672777.0,196.0,-0.074219,0.203125,-9.800781,,,,,,,,,,
acc,1778672777.0,196.0,-0.074219,0.203125,-9.800781,,,,,,,,,,
acc,1778672777.0,196.0,-0.074219,0.164062,-9.835938,,,,,,,,,,
acc,1778672777.0,196.0,-0.074219,0.164062,-9.800781,,,,,,,,,,
acc,1778672777.0,196.0,-0.113281,0.164062,-9.839844,,,,,,,,,,
acc,1778672777.0,196.0,-0.074219,0.164062,-9.835938,,,,,,,,,,
acc,1778672777.0,196.0,-0.074219,0.164062,-9.757812,,,,,,,,,,
acc,1778672777.0,196.0,-0.074219,0.164062,-9.800781,,,,,,,,,,
acc,1778672777.0,196.0,-0.113281,0.164062,-9.796875,,,,,,,,,,
acc,1778672777.0,196.0,-0.074219,0.164062,-9.800781,,,,,,,,,,
acc,1778672777.0,196.0,-0.074219,0.164062,-9.800781,,,,,,,,,,
acc,1778672777.0,196.0,-0.074219,0.164062,-9.800781,,,,,,,,,,
acc,1778672777.0,196.0,-0.074219,0.164062,-9.800781,,,,,,,,,,
acc,1778672777.0,196.0,-0.074219,0.164062,-9.757812,,,,,,,,,,
acc,1778672777.0,196.0,-0.074219,0.203125,-9.800781,,,,,,,,,,
acc,1778672777.0,196.0,-0.074219,0.164062,-9.835938,,,,,,,,,,
acc,1778672777.0,196.0,-0.074219,0.164062,-9.800781,,,,,,,,,,
acc,1778672777.0,196.0,-0.035156,0.164062,-9.796875,,,,,,,,,,
acc,1778672777.0,196.0,-0.074219,0.164062,-9.800781,,,,,,,,,,
acc,1778672777.0,196.0,-0.074219,0.164062,-9.800781,,,,,,,,,,
acc,1778672777.0,196.0,-0.074219,0.164062,-9.800781,,,,,,,,,,
acc,1778672777.0,196.0,-0.035156,0.203125,-9.796875,,,,,,,,,,
acc,1778672777.0,196.0,-0.074219,0.164062,-9.835938,,,,,,,,,,
acc,1778672777.0,196.0,-0.074219,0.203125,-9.835938,,,,,,,,,,
acc,1778672777.0,196.0,-0.074219,0.203125,-9.835938,,,,,,,,,,
acc,1778672777.0,196.0,-0.074219,0.164062,-9.800781,,,,,,,,,,
acc,1778672777.0,196.0,-0.035156,0.164062,-9.761719,,,,,,,,,,
acc,1778672777.0,196.0,-0.074219,0.164062,-9.800781,,,,,,,,,,
acc,1778672777.0,196.0,-0.074219,0.203125,-9.835938,,,,,,,,,,
acc,1778672777.0,196.0,-0.074219,0.164062,-9.800781,,,,,,,,,,
acc,1778672777.0,196.0,-0.074219,0.203125,-9.835938,,,,,,,,,,
acc,1778672777.0,196.0,-0.074219,0.164062,-9.835938,,,,,,,,,,
acc,1778672777.0,196.0,-0.074219,0.203125,-9.800781,,,,,,,,,,
acc,1778672777.0,196.0,-0.074219,0.203125,-9.800781,,,,,,,,,,
acc,1778672777.0,196.0,-0.074219,0.164062,-9.800781,,,,,,,,,,
acc,1778672777.0,196.0,-0.074219,0.203125,-9.800781,,,,,,,,,,
acc,1778672777.0,196.0,-0.113281,0.203125,-9.796875,,,,,,,,,,
acc,1778672777.0,196.0,-0.074219,0.203125,-9.800781,,,,,,,,,,
acc,1778672777.0,196.0,-0.074219,0.203125,-9.835938,,,,,,,,,,
acc,1778672777.0,196.0,-0.074219,0.203125,-9.800781,,,,,,,,,,
acc,1778672777.0,196.0,-0.074219,0.164062,-9.835938,,,,,,,,,,
acc,1778672777.0,196.0,-0.074219,0.203125,-9.800781,,,,,,,,,,
acc,1778672777.0,196.0,-0.074219,0.203125,-9.800781,,,,,,,,,,
acc,1778672777.0,196.0,-0.113281,0.203125,-9.796875,,,,,,,,,,
acc,1778672777.0,196.0,-0.074219,0.164062,-9.800781,,,,,,,,,,
acc,1778672777.0,196.0,-0.074219,0.203125,-9.800781,,,,,,,,,,
acc,1778672777.0,196.0,-0.074219,0.203125,-9.800781,,,,,,,,,,
acc,1778672777.0,196.0,-0.113281,0.164062,-9.796875,,,,,,,,,,
acc,1778672777.0,196.0,-0.074219,0.164062,-9.800781,,,,,,,,,,
acc,1778672777.0,196.0,-0.074219,0.164062,-9.800781,,,,,,,,,,
acc,1778672777.0,196.0,-0.074219,0.164062,-9.800781,,,,,,,,,,
acc,1778672777.0,196.0,-0.074219,0.203125,-9.757812,,,,,,,,,,
acc,1778672777.0,196.0,-0.074219,0.164062,-9.757812,,,,,,,,,,
acc,1778672777.0,196.0,-0.074219,0.164062,-9.757812,,,,,,,,,,
acc,1778672777.0,196.0,-0.074219,0.164062,-9.800781,,,,,,,,,,
acc,1778672777.0,196.0,-0.074219,0.164062,-9.800781,,,,,,,,,,
acc,1778672777.0,196.0,-0.074219,0.164062,-9.835938,,,,,,,,,,
acc,1778672777.0,196.0,-0.074219,0.164062,-9.800781,,,,,,,,,,
acc,1778672777.0,196.0,-0.074219,0.164062,-9.757812,,,,,,,,,,
acc,1778672777.0,196.0,-0.074219,0.164062,-9.800781,,,,,,,,,,
acc,1778672777.0,196.0,-0.074219,0.164062,-9.835938,,,,,,,,,,
acc,1778672777.0,196.0,-0.074219,0.164062,-9.800781,,,,,,,,,,
acc,1778672777.0,196.0,-0.074219,0.164062,-9.800781,,,,,,,,,,
acc,1778672777.0,196.0,-0.035156,0.164062,-9.796875,,,,,,,,,,
acc,1778672777.0,196.0,-0.074219,0.164062,-9.757812,,,,,,,,,,
acc,1778672777.0,196.0,-0.074219,0.164062,-9.757812,,,,,,,,,,
acc,1778672777.0,196.0,-0.074219,0.164062,-9.800781,,,,,,,,,,
acc,1778672777.0,196.0,-0.074219,0.164062,-9.835938,,,,,,,,,,
acc,1778672777.0,196.0,-0.074219,0.203125,-9.800781,,,,,,,,,,
acc,1778672777.0,196.0,-0.074219,0.164062,-9.800781,,,,,,,,,,
acc,1778672777.0,196.0,-0.074219,0.164062,-9.800781,,,,,,,,,,
acc,1778672777.0,196.0,-0.074219,0.164062,-9.757812,,,,,,,,,,
acc,1778672777.0,196.0,-0.074219,0.164062,-9.800781,,,,,,,,,,
acc,1778672777.0,196.0,-0.035156,0.164062,-9.796875,,,,,,,,,,
acc,1778672777.0,196.0,-0.074219,0.164062,-9.800781,,,,,,,,,,
acc,1778672777.0,196.0,-0.074219,0.203125,-9.800781,,,,,,,,,,
acc,1778672777.0,196.0,-0.074219,0.164062,-9.800781,,,,,,,,,,
acc,1778672777.0,196.0,-0.074219,0.164062,-9.800781,,,,,,,,,,
acc,1778672777.0,196.0,-0.074219,0.203125,-9.800781,,,,,,,,,,
acc,1778672777.0,196.0,-0.074219,0.164062,-9.835938,,,,,,,,,,
acc,1778672777.0,196.0,-0.074219,0.203125,-9.800781,,,,,,,,,,
acc,1778672777.0,196.0,-0.074219,0.203125,-9.800781,,,,,,,,,,
acc,1778672777.0,196.0,-0.074219,0.203125,-9.800781,,,,,,,,,,
acc,1778672777.0,196.0,-0.074219,0.203125,-9.800781,,,,,,,,,,
acc,1778672777.0,196.0,-0.074219,0.203125,-9.800781,,,,,,,,,,
acc,1778672777.0,196.0,-0.074219,0.203125,-9.800781,,,,,,,,,,
acc,1778672777.0,196.0,-0.074219,0.203125,-9.800781,,,,,,,,,,
acc,1778672777.0,196.0,-0.113281,0.164062,-9.796875,,,,,,,,,,
acc,1778672777.0,196.0,-0.074219,0.203125,-9.800781,,,,,,,,,,
acc,1778672777.0,196.0,-0.074219,0.164062,-9.800781,,,,,,,,,,
acc,1778672777.0,196.0,-0.074219,0.164062,-9.835938,,,,,,,,,,
acc,1778672777.0,196.0,-0.074219,0.203125,-9.800781,,,,,,,,,,
acc,1778672777.0,196.0,-0.074219,0.164062,-9.800781,,,,,,,,,,
acc,1778672777.0,196.0,-0.074219,0.203125,-9.800781,,,,,,,,,,
acc,1778672777.0,196.0,-0.074219,0.203125,-9.800781,,,,,,,,,,
acc,1778672777.0,196.0,-0.074219,0.164062,-9.800781,,,,,,,,,,
acc,1778672777.0,196.0,-0.113281,0.164062,-9.796875,,,,,,,,,,
acc,1778672777.0,196.0,-0.074219,0.164062,-9.835938,,,,,,,,,,
acc,1778672777.0,196.0,-0.074219,0.164062,-9.800781,,,,,,,,,,
acc,1778672777.0,196.0,-0.074219,0.164062,-9.835938,,,,,,,,,,
acc,1778672777.0,196.0,-0.074219,0.164062,-9.835938,,,,,,,,,,
acc,1778672777.0,196.0,-0.074219,0.164062,-9.835938,,,,,,,,,,
acc,1778672777.0,196.0,-0.074219,0.164062,-9.835938,,,,,,,,,,
acc,1778672777.0,196.0,-0.074219,0.164062,-9.800781,,,,,,,,,,
acc,1778672777.0,196.0,-0.074219,0.164062,-9.800781,,,,,,,,,,
acc,1778672777.0,196.0,-0.035156,0.164062,-9.839844,,,,,,,,,,
acc,1778672777.0,196.0,-0.074219,0.203125,-9.800781,,,,,,,,,,
acc,1778672777.0,196.0,-0.074219,0.203125,-9.800781,,,,,,,,,,
acc,1778672777.0,196.0,-0.074219,0.164062,-9.757812,,,,,,,,,,
acc,1778672778.0,197.0,-0.074219,0.164062,-9.800781,,,,,,,,,,
acc,1778672778.0,197.0,-0.074219,0.203125,-9.800781,,,,,,,,,,
acc,1778672778.0,197.0,-0.035156,0.164062,-9.796875,,,,,,,,,,
acc,1778672778.0,197.0,-0.074219,0.164062,-9.800781,,,,,,,,,,
acc,1778672778.0,197.0,-0.074219,0.164062,-9.835938,,,,,,,,,,
acc,1778672778.0,197.0,-0.074219,0.203125,-9.800781,,,,,,,,,,
acc,1778672778.0,197.0,-0.074219,0.164062,-9.757812,,,,,,,,,,
acc,1778672778.0,197.0,-0.074219,0.164062,-9.800781,,,,,,,,,,
acc,1778672778.0,197.0,-0.074219,0.203125,-9.800781,,,,,,,,,,
acc,1778672778.0,197.0,-0.113281,0.203125,-9.796875,,,,,,,,,,
acc,1778672778.0,197.0,-0.035156,0.203125,-9.796875,,,,,,,,,,
acc,1778672778.0,197.0,-0.035156,0.203125,-9.796875,,,,,,,,,,
acc,1778672778.0,197.0,-0.074219,0.164062,-9.800781,,,,,,,,,,
acc,1778672778.0,197.0,-0.074219,0.203125,-9.800781,,,,,,,,,,
acc,1778672778.0,197.0,-0.074219,0.164062,-9.800781,,,,,,,,,,
acc,1778672778.0,197.0,-0.074219,0.164062,-9.835938,,,,,,,,,,
acc,1778672778.0,197.0,-0.074219,0.164062,-9.800781,,,,,,,,,,
acc,1778672778.0,197.0,-0.074219,0.164062,-9.800781,,,,,,,,,,
acc,1778672778.0,197.0,-0.074219,0.203125,-9.800781,,,,,,,,,,
acc,1778672778.0,197.0,-0.074219,0.164062,-9.800781,,,,,,,,,,
acc,1778672778.0,197.0,-0.074219,0.164062,-9.835938,,,,,,,,,,
acc,1778672778.0,197.0,-0.074219,0.203125,-9.835938,,,,,,,,,,
acc,1778672778.0,197.0,-0.074219,0.203125,-9.800781,,,,,,,,,,
acc,1778672778.0,197.0,-0.074219,0.164062,-9.835938,,,,,,,,,,
acc,1778672778.0,197.0,-0.074219,0.164062,-9.800781,,,,,,,,,,
acc,1778672778.0,197.0,-0.113281,0.164062,-9.761719,,,,,,,,,,
acc,1778672778.0,197.0,-0.074219,0.164062,-9.800781,,,,,,,,,,
acc,1778672778.0,197.0,-0.074219,0.164062,-9.800781,,,,,,,,,,
acc,1778672778.0,197.0,-0.074219,0.203125,-9.835938,,,,,,,,,,
acc,1778672778.0,197.0,-0.074219,0.164062,-9.800781,,,,,,,,,,
acc,1778672778.0,197.0,-0.074219,0.164062,-9.800781,,,,,,,,,,
acc,1778672778.0,197.0,-0.074219,0.128906,-9.796875,,,,,,,,,,
acc,1778672778.0,197.0,-0.113281,0.164062,-9.839844,,,,,,,,,,
acc,1778672778.0,197.0,-0.074219,0.164062,-9.800781,,,,,,,,,,
acc,1778672778.0,197.0,-0.074219,0.164062,-9.800781,,,,,,,,,,
acc,1778672778.0,197.0,-0.074219,0.164062,-9.835938,,,,,,,,,,
acc,1778672778.0,197.0,-0.074219,0.164062,-9.800781,,,,,,,,,,
acc,1778672778.0,197.0,-0.074219,0.164062,-9.800781,,,,,,,,,,
acc,1778672778.0,197.0,-0.074219,0.203125,-9.800781,,,,,,,,,,
acc,1778672778.0,197.0,-0.074219,0.164062,-9.800781,,,,,,,,,,
acc,1778672778.0,197.0,-0.035156,0.164062,-9.796875,,,,,,,,,,
acc,1778672778.0,197.0,-0.074219,0.164062,-9.800781,,,,,,,,,,
acc,1778672778.0,197.0,-0.074219,0.164062,-9.757812,,,,,,,,,,
acc,1778672778.0,197.0,-0.074219,0.164062,-9.800781,,,,,,,,,,
acc,1778672778.0,197.0,-0.074219,0.164062,-9.800781,,,,,,,,,,
acc,1778672778.0,197.0,-0.074219,0.203125,-9.800781,,,,,,,,,,
acc,1778672778.0,197.0,-0.074219,0.164062,-9.800781,,,,,,,,,,
acc,1778672778.0,197.0,-0.074219,0.203125,-9.800781,,,,,,,,,,
acc,1778672778.0,197.0,-0.074219,0.203125,-9.835938,,,,,,,,,,
acc,1778672778.0,197.0,-0.074219,0.203125,-9.835938,,,,,,,,,,
acc,1778672778.0,197.0,-0.035156,0.203125,-9.761719,,,,,,,,,,
acc,1778672778.0,197.0,-0.074219,0.203125,-9.835938,,,,,,,,,,
acc,1778672778.0,197.0,-0.074219,0.203125,-9.757812,,,,,,,,,,
acc,1778672778.0,197.0,-0.035156,0.203125,-9.796875,,,,,,,,,,
acc,1778672778.0,197.0,-0.074219,0.203125,-9.800781,,,,,,,,,,
acc,1778672778.0,197.0,-0.074219,0.203125,-9.800781,,,,,,,,,,
acc,1778672778.0,197.0,-0.074219,0.203125,-9.800781,,,,,,,,,,
acc,1778672778.0,197.0,-0.074219,0.203125,-9.800781,,,,,,,,,,
acc,1778672778.0,197.0,-0.074219,0.203125,-9.800781,,,,,,,,,,
acc,1778672778.0,197.0,-0.074219,0.203125,-9.835938,,,,,,,,,,
acc,1778672778.0,197.0,-0.074219,0.203125,-9.800781,,,,,,,,,,
acc,1778672778.0,197.0,-0.074219,0.203125,-9.800781,,,,,,,,,,
acc,1778672778.0,197.0,-0.074219,0.164062,-9.800781,,,,,,,,,,
acc,1778672778.0,197.0,-0.035156,0.203125,-9.796875,,,,,,,,,,
acc,1778672778.0,197.0,-0.074219,0.203125,-9.800781,,,,,,,,,,
acc,1778672778.0,197.0,-0.074219,0.203125,-9.800781,,,,,,,,,,
acc,1778672778.0,197.0,-0.074219,0.203125,-9.835938,,,,,,,,,,
acc,1778672778.0,197.0,-0.074219,0.164062,-9.835938,,,,,,,,,,
acc,1778672778.0,197.0,-0.074219,0.203125,-9.800781,,,,,,,,,,
acc,1778672778.0,197.0,-0.074219,0.203125,-9.835938,,,,,,,,,,
acc,1778672778.0,197.0,-0.074219,0.164062,-9.757812,,,,,,,,,,
acc,1778672778.0,197.0,-0.074219,0.164062,-9.800781,,,,,,,,,,
acc,1778672778.0,197.0,-0.074219,0.164062,-9.800781,,,,,,,,,,
acc,1778672778.0,197.0,-0.074219,0.164062,-9.800781,,,,,,,,,,
acc,1778672778.0,197.0,-0.074219,0.164062,-9.800781,,,,,,,,,,
acc,1778672778.0,197.0,-0.074219,0.164062,-9.835938,,,,,,,,,,
acc,1778672778.0,197.0,-0.074219,0.164062,-9.800781,,,,,,,,,,
acc,1778672778.0,197.0,-0.074219,0.128906,-9.839844,,,,,,,,,,
acc,1778672778.0,197.0,-0.074219,0.164062,-9.835938,,,,,,,,,,
acc,1778672778.0,197.0,-0.074219,0.164062,-9.835938,,,,,,,,,,
acc,1778672778.0,197.0,-0.074219,0.164062,-9.800781,,,,,,,,,,
acc,1778672778.0,197.0,-0.074219,0.164062,-9.800781,,,,,,,,,,
acc,1778672778.0,197.0,-0.074219,0.164062,-9.800781,,,,,,,,,,
acc,1778672778.0,197.0,-0.074219,0.164062,-9.800781,,,,,,,,,,
acc,1778672778.0,197.0,-0.074219,0.164062,-9.800781,,,,,,,,,,
acc,1778672778.0,197.0,-0.113281,0.164062,-9.796875,,,,,,,,,,
acc,1778672778.0,197.0,-0.074219,0.164062,-9.800781,,,,,,,,,,
acc,1778672778.0,197.0,-0.074219,0.164062,-9.800781,,,,,,,,,,
acc,1778672778.0,197.0,-0.074219,0.203125,-9.800781,,,,,,,,,,
acc,1778672778.0,197.0,-0.074219,0.164062,-9.800781,,,,,,,,,,
acc,1778672778.0,197.0,-0.074219,0.164062,-9.800781,,,,,,,,,,
acc,1778672778.0,197.0,-0.074219,0.164062,-9.800781,,,,,,,,,,
acc,1778672778.0,197.0,-0.074219,0.164062,-9.800781,,,,,,,,,,
acc,1778672778.0,197.0,-0.074219,0.164062,-9.835938,,,,,,,,,,
acc,1778672778.0,197.0,-0.074219,0.164062,-9.800781,,,,,,,,,,
acc,1778672778.0,197.0,-0.074219,0.164062,-9.800781,,,,,,,,,,
acc,1778672778.0,197.0,-0.074219,0.164062,-9.800781,,,,,,,,,,
acc,1778672778.0,197.0,-0.074219,0.203125,-9.800781,,,,,,,,,,
acc,1778672778.0,197.0,-0.074219,0.164062,-9.800781,,,,,,,,,,
acc,1778672778.0,197.0,-0.074219,0.164062,-9.800781,,,,,,,,,,
acc,1778672778.0,197.0,-0.074219,0.164062,-9.835938,,,,,,,,,,
acc,1778672778.0,197.0,-0.074219,0.164062,-9.800781,,,,,,,,,,
acc,1778672778.0,197.0,-0.074219,0.164062,-9.800781,,,,,,,,,,
acc,1778672778.0,197.0,-0.074219,0.164062,-9.800781,,,,,,,,,,
acc,1778672778.0,197.0,-0.074219,0.164062,-9.800781,,,,,,,,,,
acc,1778672778.0,197.0,-0.074219,0.203125,-9.800781,,,,,,,,,,
acc,1778672778.0,197.0,-0.074219,0.203125,-9.800781,,,,,,,,,,
acc,1778672778.0,197.0,-0.074219,0.203125,-9.800781,,,,,,,,,,
acc,1778672778.0,197.0,-0.035156,0.203125,-9.796875,,,,,,,,,,
acc,1778672778.0,197.0,-0.074219,0.203125,-9.800781,,,,,,,,,,
acc,1778672778.0,197.0,-0.074219,0.164062,-9.800781,,,,,,,,,,
acc,1778672778.0,197.0,-0.074219,0.164062,-9.800781,,,,,,,,,,
acc,1778672778.0,197.0,-0.074219,0.203125,-9.835938,,,,,,,,,,
acc,1778672778.0,197.0,-0.074219,0.203125,-9.800781,,,,,,,,,,
acc,1778672778.0,197.0,-0.074219,0.203125,-9.800781,,,,,,,,,,
acc,1778672778.0,197.0,-0.074219,0.164062,-9.800781,,,,,,,,,,
acc,1778672778.0,197.0,-0.074219,0.203125,-9.800781,,,,,,,,,,
acc,1778672778.0,197.0,-0.074219,0.164062,-9.800781,,,,,,,,,,
acc,1778672778.0,197.0,-0.074219,0.203125,-9.835938,,,,,,,,,,
acc,1778672778.0,197.0,-0.113281,0.203125,-9.796875,,,,,,,,,,
acc,1778672778.0,197.0,-0.074219,0.203125,-9.800781,,,,,,,,,,
acc,1778672778.0,197.0,-0.074219,0.203125,-9.800781,,,,,,,,,,
acc,1778672778.0,197.0,-0.074219,0.164062,-9.800781,,,,,,,,,,
acc,1778672778.0,197.0,-0.074219,0.164062,-9.800781,,,,,,,,,,
acc,1778672778.0,197.0,-0.074219,0.164062,-9.835938,,,,,,,,,,
acc,1778672778.0,197.0,-0.074219,0.164062,-9.835938,,,,,,,,,,
acc,1778672778.0,197.0,-0.074219,0.164062,-9.800781,,,,,,,,,,
acc,1778672778.0,197.0,-0.074219,0.164062,-9.800781,,,,,,,,,,
acc,1778672778.0,197.0,-0.113281,0.203125,-9.796875,,,,,,,,,,
acc,1778672779.0,198.0,-0.074219,0.164062,-9.800781,,,,,,,,,,
acc,1778672779.0,198.0,-0.113281,0.164062,-9.796875,,,,,,,,,,
acc,1778672779.0,198.0,-0.074219,0.203125,-9.800781,,,,,,,,,,
acc,1778672779.0,198.0,-0.074219,0.164062,-9.800781,,,,,,,,,,
acc,1778672779.0,198.0,-0.074219,0.203125,-9.800781,,,,,,,,,,
acc,1778672779.0,198.0,-0.035156,0.164062,-9.796875,,,,,,,,,,
acc,1778672779.0,198.0,-0.074219,0.164062,-9.800781,,,,,,,,,,
acc,1778672779.0,198.0,-0.074219,0.164062,-9.800781,,,,,,,,,,
acc,1778672779.0,198.0,-0.074219,0.164062,-9.835938,,,,,,,,,,
acc,1778672779.0,198.0,-0.074219,0.203125,-9.835938,,,,,,,,,,
acc,1778672779.0,198.0,-0.074219,0.203125,-9.800781,,,,,,,,,,
acc,1778672779.0,198.0,-0.074219,0.203125,-9.800781,,,,,,,,,,
acc,1778672779.0,198.0,-0.074219,0.164062,-9.800781,,,,,,,,,,
acc,1778672779.0,198.0,-0.074219,0.203125,-9.800781,,,,,,,,,,
acc,1778672779.0,198.0,-0.074219,0.164062,-9.800781,,,,,,,,,,
acc,1778672779.0,198.0,-0.035156,0.164062,-9.839844,,,,,,,,,,
acc,1778672779.0,198.0,-0.074219,0.164062,-9.800781,,,,,,,,,,
acc,1778672779.0,198.0,-0.113281,0.164062,-9.796875,,,,,,,,,,
acc,1778672779.0,198.0,-0.074219,0.203125,-9.800781,,,,,,,,,,
acc,1778672779.0,198.0,-0.074219,0.164062,-9.800781,,,,,,,,,,
acc,1778672779.0,198.0,-0.074219,0.164062,-9.800781,,,,,,,,,,
acc,1778672779.0,198.0,-0.074219,0.164062,-9.800781,,,,,,,,,,
acc,1778672779.0,198.0,-0.074219,0.164062,-9.800781,,,,,,,,,,
acc,1778672779.0,198.0,-0.074219,0.203125,-9.800781,,,,,,,,,,
acc,1778672779.0,198.0,-0.074219,0.203125,-9.757812,,,,,,,,,,
acc,1778672779.0,198.0,-0.074219,0.164062,-9.835938,,,,,,,,,,
acc,1778672779.0,198.0,-0.074219,0.164062,-9.757812,,,,,,,,,,
acc,1778672779.0,198.0,-0.074219,0.203125,-9.835938,,,,,,,,,,
acc,1778672779.0,198.0,-0.074219,0.203125,-9.800781,,,,,,,,,,
acc,1778672779.0,198.0,-0.074219,0.164062,-9.800781,,,,,,,,,,
acc,1778672779.0,198.0,-0.035156,0.164062,-9.761719,,,,,,,,,,
acc,1778672779.0,198.0,-0.074219,0.164062,-9.800781,,,,,,,,,,
acc,1778672779.0,198.0,-0.035156,0.203125,-9.761719,,,,,,,,,,
acc,1778672779.0,198.0,-0.074219,0.164062,-9.800781,,,,,,,,,,
acc,1778672779.0,198.0,-0.074219,0.164062,-9.800781,,,,,,,,,,
acc,1778672779.0,198.0,-0.074219,0.203125,-9.800781,,,,,,,,,,
acc,1778672779.0,198.0,-0.074219,0.164062,-9.800781,,,,,,,,,,
acc,1778672779.0,198.0,-0.035156,0.203125,-9.839844,,,,,,,,,,
acc,1778672779.0,198.0,-0.074219,0.164062,-9.757812,,,,,,,,,,
acc,1778672779.0,198.0,-0.074219,0.203125,-9.835938,,,,,,,,,,
acc,1778672779.0,198.0,-0.074219,0.164062,-9.800781,,,,,,,,,,
acc,1778672779.0,198.0,-0.074219,0.164062,-9.835938,,,,,,,,,,
acc,1778672779.0,198.0,-0.074219,0.164062,-9.800781,,,,,,,,,,
acc,1778672779.0,198.0,-0.074219,0.164062,-9.800781,,,,,,,,,,
acc,1778672779.0,198.0,-0.074219,0.164062,-9.800781,,,,,,,,,,
acc,1778672779.0,198.0,-0.074219,0.164062,-9.800781,,,,,,,,,,
acc,1778672779.0,198.0,-0.074219,0.164062,-9.835938,,,,,,,,,,
acc,1778672779.0,198.0,-0.113281,0.164062,-9.796875,,,,,,,,,,
acc,1778672779.0,198.0,-0.074219,0.164062,-9.800781,,,,,,,,,,
acc,1778672779.0,198.0,-0.113281,0.164062,-9.796875,,,,,,,,,,
acc,1778672779.0,198.0,-0.074219,0.203125,-9.800781,,,,,,,,,,
acc,1778672779.0,198.0,-0.113281,0.203125,-9.796875,,,,,,,,,,
acc,1778672779.0,198.0,-0.113281,0.203125,-9.796875,,,,,,,,,,
acc,1778672779.0,198.0,-0.113281,0.164062,-9.796875,,,,,,,,,,
acc,1778672779.0,198.0,-0.113281,0.164062,-9.796875,,,,,,,,,,
acc,1778672779.0,198.0,-0.074219,0.203125,-9.800781,,,,,,,,,,
acc,1778672779.0,198.0,-0.074219,0.164062,-9.800781,,,,,,,,,,
acc,1778672779.0,198.0,-0.074219,0.164062,-9.800781,,,,,,,,,,
acc,1778672779.0,198.0,-0.074219,0.164062,-9.800781,,,,,,,,,,
acc,1778672779.0,198.0,-0.074219,0.164062,-9.835938,,,,,,,,,,
acc,1778672779.0,198.0,-0.074219,0.164062,-9.800781,,,,,,,,,,
acc,1778672779.0,198.0,-0.074219,0.164062,-9.800781,,,,,,,,,,
acc,1778672779.0,198.0,-0.074219,0.164062,-9.800781,,,,,,,,,,
acc,1778672779.0,198.0,-0.074219,0.203125,-9.800781,,,,,,,,,,
acc,1778672779.0,198.0,-0.074219,0.164062,-9.800781,,,,,,,,,,
acc,1778672779.0,198.0,-0.074219,0.203125,-9.800781,,,,,,,,,,
acc,1778672779.0,198.0,-0.074219,0.164062,-9.800781,,,,,,,,,,
acc,1778672779.0,198.0,-0.074219,0.164062,-9.800781,,,,,,,,,,
acc,1778672779.0,198.0,-0.074219,0.203125,-9.800781,,,,,,,,,,
acc,1778672779.0,198.0,-0.074219,0.203125,-9.757812,,,,,,,,,,
acc,1778672779.0,198.0,-0.035156,0.164062,-9.796875,,,,,,,,,,
acc,1778672779.0,198.0,-0.035156,0.203125,-9.839844,,,,,,,,,,
acc,1778672779.0,198.0,-0.074219,0.164062,-9.835938,,,,,,,,,,
acc,1778672779.0,198.0,-0.074219,0.203125,-9.800781,,,,,,,,,,
acc,1778672779.0,198.0,-0.035156,0.203125,-9.796875,,,,,,,,,,
acc,1778672779.0,198.0,-0.074219,0.203125,-9.800781,,,,,,,,,,
acc,1778672779.0,198.0,-0.074219,0.203125,-9.835938,,,,,,,,,,
acc,1778672779.0,198.0,-0.074219,0.203125,-9.800781,,,,,,,,,,
acc,1778672779.0,198.0,-0.074219,0.164062,-9.800781,,,,,,,,,,
acc,1778672779.0,198.0,-0.074219,0.203125,-9.800781,,,,,,,,,,
acc,1778672779.0,198.0,-0.074219,0.203125,-9.800781,,,,,,,,,,
acc,1778672779.0,198.0,-0.074219,0.203125,-9.800781,,,,,,,,,,
acc,1778672779.0,198.0,-0.074219,0.203125,-9.800781,,,,,,,,,,
acc,1778672779.0,198.0,-0.074219,0.203125,-9.800781,,,,,,,,,,
acc,1778672779.0,198.0,-0.074219,0.164062,-9.800781,,,,,,,,,,
acc,1778672779.0,198.0,-0.113281,0.164062,-9.761719,,,,,,,,,,
acc,1778672779.0,198.0,-0.113281,0.164062,-9.839844,,,,,,,,,,
acc,1778672779.0,198.0,-0.113281,0.164062,-9.761719,,,,,,,,,,
acc,1778672779.0,198.0,-0.074219,0.164062,-9.800781,,,,,,,,,,
acc,1778672779.0,198.0,-0.074219,0.164062,-9.835938,,,,,,,,,,
acc,1778672779.0,198.0,-0.074219,0.164062,-9.800781,,,,,,,,,,
acc,1778672779.0,198.0,-0.074219,0.164062,-9.800781,,,,,,,,,,
acc,1778672779.0,198.0,-0.035156,0.164062,-9.796875,,,,,,,,,,
acc,1778672779.0,198.0,-0.074219,0.164062,-9.835938,,,,,,,,,,
acc,1778672779.0,198.0,-0.074219,0.164062,-9.800781,,,,,,,,,,
acc,1778672779.0,198.0,-0.074219,0.164062,-9.800781,,,,,,,,,,
acc,1778672779.0,198.0,-0.074219,0.203125,-9.835938,,,,,,,,,,
acc,1778672779.0,198.0,-0.074219,0.203125,-9.800781,,,,,,,,,,
acc,1778672779.0,198.0,-0.113281,0.164062,-9.796875,,,,,,,,,,
acc,1778672779.0,198.0,-0.035156,0.203125,-9.796875,,,,,,,,,,
acc,1778672779.0,198.0,-0.113281,0.203125,-9.796875,,,,,,,,,,
acc,1778672779.0,198.0,-0.074219,0.203125,-9.835938,,,,,,,,,,
acc,1778672779.0,198.0,-0.074219,0.203125,-9.800781,,,,,,,,,,
acc,1778672779.0,198.0,-0.074219,0.203125,-9.835938,,,,,,,,,,
acc,1778672779.0,198.0,-0.074219,0.203125,-9.835938,,,,,,,,,,
acc,1778672779.0,198.0,-0.074219,0.203125,-9.835938,,,,,,,,,,
acc,1778672779.0,198.0,-0.035156,0.164062,-9.796875,,,,,,,,,,
acc,1778672779.0,198.0,-0.074219,0.203125,-9.835938,,,,,,,,,,
acc,1778672779.0,198.0,-0.074219,0.203125,-9.835938,,,,,,,,,,
acc,1778672779.0,198.0,-0.074219,0.164062,-9.800781,,,,,,,,,,
acc,1778672779.0,198.0,-0.074219,0.164062,-9.800781,,,,,,,,,,
acc,1778672779.0,198.0,-0.074219,0.164062,-9.800781,,,,,,,,,,
acc,1778672779.0,198.0,-0.113281,0.164062,-9.839844,,,,,,,,,,
acc,1778672779.0,198.0,-0.074219,0.164062,-9.800781,,,,,,,,,,
acc,1778672779.0,198.0,-0.074219,0.164062,-9.835938,,,,,,,,,,
acc,1778672779.0,198.0,-0.035156,0.164062,-9.796875,,,,,,,,,,
acc,1778672779.0,198.0,-0.074219,0.164062,-9.800781,,,,,,,,,,
acc,1778672779.0,198.0,-0.074219,0.164062,-9.757812,,,,,,,,,,
acc,1778672779.0,198.0,-0.074219,0.164062,-9.800781,,,,,,,,,,
acc,1778672779.0,198.0,-0.074219,0.164062,-9.757812,,,,,,,,,,
acc,1778672779.0,198.0,-0.074219,0.164062,-9.800781,,,,,,,,,,
acc,1778672779.0,198.0,-0.074219,0.164062,-9.835938,,,,,,,,,,
acc,1778672779.0,198.0,-0.074219,0.164062,-9.800781,,,,,,,,,,
acc,1778672779.0,198.0,-0.074219,0.203125,-9.800781,,,,,,,,,,
acc,1778672779.0,198.0,-0.074219,0.164062,-9.757812,,,,,,,,,,
acc,1778672780.0,199.0,-0.074219,0.164062,-9.757812,,,,,,,,,,
acc,1778672780.0,199.0,-0.074219,0.203125,-9.800781,,,,,,,,,,
acc,1778672780.0,199.0,-0.074219,0.203125,-9.800781,,,,,,,,,,
acc,1778672780.0,199.0,-0.074219,0.164062,-9.800781,,,,,,,,,,
acc,1778672780.0,199.0,-0.074219,0.128906,-9.796875,,,,,,,,,,
acc,1778672780.0,199.0,-0.113281,0.164062,-9.796875,,,,,,,,,,
acc,1778672780.0,199.0,-0.074219,0.164062,-9.800781,,,,,,,,,,
acc,1778672780.0,199.0,-0.074219,0.164062,-9.800781,,,,,,,,,,
acc,1778672780.0,199.0,-0.074219,0.164062,-9.835938,,,,,,,,,,
acc,1778672780.0,199.0,-0.074219,0.164062,-9.800781,,,,,,,,,,
acc,1778672780.0,199.0,-0.074219,0.164062,-9.835938,,,,,,,,,,
acc,1778672780.0,199.0,-0.074219,0.164062,-9.800781,,,,,,,,,,
acc,1778672780.0,199.0,-0.074219,0.164062,-9.800781,,,,,,,,,,
acc,1778672780.0,199.0,-0.074219,0.164062,-9.800781,,,,,,,,,,
acc,1778672780.0,199.0,-0.074219,0.203125,-9.835938,,,,,,,,,,
acc,1778672780.0,199.0,-0.074219,0.203125,-9.800781,,,,,,,,,,
acc,1778672780.0,199.0,-0.074219,0.203125,-9.800781,,,,,,,,,,
acc,1778672780.0,199.0,-0.074219,0.203125,-9.800781,,,,,,,,,,
acc,1778672780.0,199.0,-0.074219,0.203125,-9.800781,,,,,,,,,,
acc,1778672780.0,199.0,-0.074219,0.203125,-9.800781,,,,,,,,,,
acc,1778672780.0,199.0,-0.074219,0.203125,-9.800781,,,,,,,,,,
acc,1778672780.0,199.0,-0.113281,0.203125,-9.796875,,,,,,,,,,
acc,1778672780.0,199.0,-0.074219,0.203125,-9.800781,,,,,,,,,,
acc,1778672780.0,199.0,-0.113281,0.203125,-9.796875,,,,,,,,,,
acc,1778672780.0,199.0,-0.113281,0.164062,-9.761719,,,,,,,,,,
acc,1778672780.0,199.0,-0.152344,0.164062,-9.796875,,,,,,,,,,
acc,1778672780.0,199.0,-0.152344,0.164062,-9.761719,,,,,,,,,,
acc,1778672780.0,199.0,-0.191406,0.164062,-9.757812,,,,,,,,,,
acc,1778672780.0,199.0,-0.152344,0.164062,-9.796875,,,,,,,,,,
acc,1778672780.0,199.0,-0.191406,0.203125,-9.730469,,,,,,,,,,
acc,1778672780.0,199.0,-0.191406,0.164062,-9.757812,,,,,,,,,,
acc,1778672780.0,199.0,-0.226562,0.203125,-9.761719,,,,,,,,,,
acc,1778672780.0,199.0,-0.191406,0.164062,-9.757812,,,,,,,,,,
acc,1778672780.0,199.0,-0.226562,0.203125,-9.796875,,,,,,,,,,
acc,1778672780.0,199.0,-0.226562,0.203125,-9.796875,,,,,,,,,,
acc,1778672780.0,199.0,-0.265625,0.203125,-9.800781,,,,,,,,,,
acc,1778672780.0,199.0,-0.265625,0.203125,-9.757812,,,,,,,,,,
acc,1778672780.0,199.0,-0.304688,0.164062,-9.800781,,,,,,,,,,
acc,1778672780.0,199.0,-0.34375,0.203125,-9.761719,,,,,,,,,,
acc,1778672780.0,199.0,-0.34375,0.203125,-9.796875,,,,,,,,,,
acc,1778672780.0,199.0,-0.34375,0.203125,-9.796875,,,,,,,,,,
acc,1778672780.0,199.0,-0.382812,0.203125,-9.761719,,,,,,,,,,
acc,1778672780.0,199.0,-0.382812,0.203125,-9.761719,,,,,,,,,,
acc,1778672780.0,199.0,-0.382812,0.203125,-9.761719,,,,,,,,,,
acc,1778672780.0,199.0,-0.417969,0.203125,-9.761719,,,,,,,,,,
acc,1778672780.0,199.0,-0.417969,0.203125,-9.761719,,,,,,,,,,
acc,1778672780.0,199.0,-0.457031,0.203125,-9.796875,,,,,,,,,,
acc,1778672780.0,199.0,-0.457031,0.203125,-9.796875,,,,,,,,,,
acc,1778672780.0,199.0,-0.496094,0.203125,-9.761719,,,,,,,,,,
acc,1778672780.0,199.0,-0.496094,0.203125,-9.761719,,,,,,,,,,
acc,1778672780.0,199.0,-0.535156,0.203125,-9.796875,,,,,,,,,,
acc,1778672780.0,199.0,-0.574219,0.164062,-9.757812,,,,,,,,,,
acc,1778672780.0,199.0,-0.613281,0.164062,-9.796875,,,,,,,,,,
acc,1778672780.0,199.0,-0.613281,0.164062,-9.761719,,,,,,,,,,
acc,1778672780.0,199.0,-0.648438,0.164062,-9.757812,,,,,,,,,,
acc,1778672780.0,199.0,-0.6875,0.164062,-9.796875,,,,,,,,,,
acc,1778672780.0,199.0,-0.6875,0.128906,-9.757812,,,,,,,,,,
acc,1778672780.0,199.0,-0.726562,0.164062,-9.761719,,,,,,,,,,
acc,1778672780.0,199.0,-0.765625,0.164062,-9.800781,,,,,,,,,,
acc,1778672780.0,199.0,-0.765625,0.128906,-9.796875,,,,,,,,,,
acc,1778672780.0,199.0,-0.804688,0.164062,-9.800781,,,,,,,,,,
acc,1778672780.0,199.0,-0.839844,0.128906,-9.757812,,,,,,,,,,
acc,1778672780.0,199.0,-0.878906,0.128906,-9.800781,,,,,,,,,,
acc,1778672780.0,199.0,-0.878906,0.128906,-9.800781,,,,,,,,,,
acc,1778672780.0,199.0,-0.917969,0.128906,-9.800781,,,,,,,,,,
acc,1778672780.0,199.0,-0.917969,0.128906,-9.800781,,,,,,,,,,
acc,1778672780.0,199.0,-0.917969,0.128906,-9.835938,,,,,,,,,,
acc,1778672780.0,199.0,-0.957031,0.128906,-9.800781,,,,,,,,,,
acc,1778672780.0,199.0,-0.957031,0.128906,-9.800781,,,,,,,,,,
acc,1778672780.0,199.0,-0.957031,0.128906,-9.800781,,,,,,,,,,
acc,1778672780.0,199.0,-0.957031,0.164062,-9.839844,,,,,,,,,,
acc,1778672780.0,199.0,-0.996094,0.164062,-9.839844,,,,,,,,,,
acc,1778672780.0,199.0,-0.996094,0.128906,-9.835938,,,,,,,,,,
acc,1778672780.0,199.0,-1.03125,0.128906,-9.839844,,,,,,,,,,
acc,1778672780.0,199.0,-1.070312,0.128906,-9.800781,,,,,,,,,,
acc,1778672780.0,199.0,-1.070312,0.164062,-9.839844,,,,,,,,,,
acc,1778672780.0,199.0,-1.109375,0.128906,-9.796875,,,,,,,,,,
acc,1778672780.0,199.0,-1.109375,0.128906,-9.796875,,,,,,,,,,
acc,1778672780.0,199.0,-1.148438,0.128906,-9.839844,,,,,,,,,,
acc,1778672780.0,199.0,-1.1875,0.128906,-9.835938,,,,,,,,,,
acc,1778672780.0,199.0,-1.1875,0.164062,-9.839844,,,,,,,,,,
acc,1778672780.0,199.0,-1.1875,0.164062,-9.839844,,,,,,,,,,
acc,1778672780.0,199.0,-1.1875,0.164062,-9.839844,,,,,,,,,,
acc,1778672780.0,199.0,-1.222656,0.164062,-9.839844,,,,,,,,,,
acc,1778672780.0,199.0,-1.222656,0.128906,-9.835938,,,,,,,,,,
acc,1778672780.0,199.0,-1.222656,0.164062,-9.878906,,,,,,,,,,
acc,1778672780.0,199.0,-1.261719,0.164062,-9.839844,,,,,,,,,,
acc,1778672780.0,199.0,-1.261719,0.164062,-9.878906,,,,,,,,,,
acc,1778672780.0,199.0,-1.300781,0.164062,-9.875,,,,,,,,,,
acc,1778672780.0,199.0,-1.339844,0.164062,-9.796875,,,,,,,,,,
acc,1778672780.0,199.0,-1.339844,0.164062,-9.878906,,,,,,,,,,
acc,1778672780.0,199.0,-1.378906,0.164062,-9.878906,,,,,,,,,,
acc,1778672780.0,199.0,-1.378906,0.164062,-9.878906,,,,,,,,,,
acc,1778672780.0,199.0,-1.378906,0.164062,-9.878906,,,,,,,,,,
acc,1778672780.0,199.0,-1.378906,0.164062,-9.839844,,,,,,,,,,
acc,1778672780.0,199.0,-1.453125,0.164062,-9.875,,,,,,,,,,
acc,1778672780.0,199.0,-1.453125,0.164062,-9.875,,,,,,,,,,
acc,1778672780.0,199.0,-1.453125,0.164062,-9.835938,,,,,,,,,,
acc,1778672780.0,199.0,-1.492188,0.128906,-9.878906,,,,,,,,,,
acc,1778672780.0,199.0,-1.53125,0.128906,-9.839844,,,,,,,,,,
acc,1778672780.0,199.0,-1.53125,0.164062,-9.835938,,,,,,,,,,
acc,1778672780.0,199.0,-1.53125,0.128906,-9.839844,,,,,,,,,,
acc,1778672780.0,199.0,-1.605469,0.128906,-9.875,,,,,,,,,,
acc,1778672780.0,199.0,-1.570312,0.128906,-9.835938,,,,,,,,,,
acc,1778672780.0,199.0,-1.605469,0.128906,-9.835938,,,,,,,,,,
acc,1778672780.0,199.0,-1.683594,0.164062,-9.875,,,,,,,,,,
acc,1778672780.0,199.0,-1.644531,0.164062,-9.835938,,,,,,,,,,
acc,1778672780.0,199.0,-1.683594,0.164062,-9.835938,,,,,,,,,,
acc,1778672780.0,199.0,-1.683594,0.128906,-9.839844,,,,,,,,,,
acc,1778672780.0,199.0,-1.722656,0.164062,-9.796875,,,,,,,,,,
acc,1778672780.0,199.0,-1.761719,0.164062,-9.878906,,,,,,,,,,
acc,1778672780.0,199.0,-1.761719,0.203125,-9.839844,,,,,,,,,,
acc,1778672780.0,199.0,-1.875,0.203125,-9.835938,,,,,,,,,,
acc,1778672780.0,199.0,-1.875,0.164062,-9.835938,,,,,,,,,,
acc,1778672780.0,199.0,-1.875,0.164062,-9.835938,,,,,,,,,,
acc,1778672780.0,199.0,-1.875,0.203125,-9.835938,,,,,,,,,,
acc,1778672780.0,199.0,-1.953125,0.203125,-9.800781,,,,,,,,,,
acc,1778672780.0,199.0,-1.992188,0.203125,-9.835938,,,,,,,,,,
acc,1778672780.0,199.0,-2.027344,0.203125,-9.835938,,,,,,,,,,
acc,1778672780.0,199.0,-2.105469,0.242188,-9.761719,,,,,,,,,,
acc,1778672780.0,199.0,-2.105469,0.203125,-9.839844,,,,,,,,,,
acc,1778672780.0,199.0,-2.144531,0.242188,-9.800781,,,,,,,,,,
acc,1778672780.0,199.0,-2.144531,0.203125,-9.835938,,,,,,,,,,
acc,1778672780.0,199.0,-2.105469,0.089844,-9.835938,,,,,,,,,,
acc,1778672780.0,199.0,-2.144531,0.242188,-9.835938,,,,,,,,,,
acc,1778672780.0,199.0,-2.144531,0.203125,-9.835938,,,,,,,,,,
acc,1778672780.0,199.0,-2.183594,0.164062,-9.800781,,,,,,,,,,
acc,1778672780.0,199.0,-2.183594,0.164062,-9.914062,,,,,,,,,,
acc,1778672781.0,200.0,-2.183594,0.128906,-9.761719,,,,,,,,,,
acc,1778672781.0,200.0,-2.183594,0.164062,-9.875,,,,,,,,,,
acc,1778672781.0,200.0,-2.21875,0.128906,-9.796875,,,,,,,,,,
acc,1778672781.0,200.0,-2.296875,0.128906,-9.875,,,,,,,,,,
acc,1778672781.0,200.0,-2.296875,0.128906,-9.800781,,,,,,,,,,
acc,1778672781.0,200.0,-2.296875,0.128906,-9.835938,,,,,,,,,,
acc,1778672781.0,200.0,-2.296875,0.164062,-9.796875,,,,,,,,,,
acc,1778672781.0,200.0,-2.296875,0.164062,-9.796875,,,,,,,,,,
acc,1778672781.0,200.0,-2.296875,0.128906,-9.835938,,,,,,,,,,
acc,1778672781.0,200.0,-2.335938,0.164062,-9.800781,,,,,,,,,,
acc,1778672781.0,200.0,-2.296875,0.164062,-9.839844,,,,,,,,,,
acc,1778672781.0,200.0,-2.257812,0.089844,-9.839844,,,,,,,,,,
acc,1778672781.0,200.0,-2.257812,0.164062,-9.835938,,,,,,,,,,
acc,1778672781.0,200.0,-2.257812,0.164062,-9.875,,,,,,,,,,
acc,1778672781.0,200.0,-2.257812,0.164062,-9.875,,,,,,,,,,
acc,1778672781.0,200.0,-2.257812,0.203125,-9.835938,,,,,,,,,,
acc,1778672781.0,200.0,-2.257812,0.203125,-9.800781,,,,,,,,,,
acc,1778672781.0,200.0,-2.257812,0.203125,-9.835938,,,,,,,,,,
acc,1778672781.0,200.0,-2.257812,0.242188,-9.875,,,,,,,,,,
acc,1778672781.0,200.0,-2.257812,0.203125,-9.835938,,,,,,,,,,
acc,1778672781.0,200.0,-2.257812,0.203125,-9.835938,,,,,,,,,,
acc,1778672781.0,200.0,-2.257812,0.203125,-9.875,,,,,,,,,,
acc,1778672781.0,200.0,-2.21875,0.164062,-9.875,,,,,,,,,,
acc,1778672781.0,200.0,-2.21875,0.164062,-9.835938,,,,,,,,,,
acc,1778672781.0,200.0,-2.21875,0.203125,-9.875,,,,,,,,,,
acc,1778672781.0,200.0,-2.21875,0.203125,-9.835938,,,,,,,,,,
acc,1778672781.0,200.0,-2.21875,0.164062,-9.875,,,,,,,,,,
acc,1778672781.0,200.0,-2.183594,0.164062,-9.800781,,,,,,,,,,
acc,1778672781.0,200.0,-2.21875,0.128906,-9.839844,,,,,,,,,,
acc,1778672781.0,200.0,-2.144531,0.164062,-9.875,,,,,,,,,,
acc,1778672781.0,200.0,-2.183594,0.203125,-9.800781,,,,,,,,,,
acc,1778672781.0,200.0,-2.21875,0.203125,-9.875,,,,,,,,,,
acc,1778672781.0,200.0,-2.21875,0.28125,-9.835938,,,,,,,,,,
acc,1778672781.0,200.0,-2.183594,0.28125,-9.875,,,,,,,,,,
acc,1778672781.0,200.0,-2.183594,0.242188,-9.835938,,,,,,,,,,
acc,1778672781.0,200.0,-2.183594,0.242188,-9.835938,,,,,,,,,,
acc,1778672781.0,200.0,-2.257812,0.242188,-9.835938,,,,,,,,,,
acc,1778672781.0,200.0,-2.21875,0.28125,-9.835938,,,,,,,,,,
acc,1778672781.0,200.0,-2.21875,0.355469,-9.796875,,,,,,,,,,
acc,1778672781.0,200.0,-2.257812,0.355469,-9.839844,,,,,,,,,,
acc,1778672781.0,200.0,-2.21875,0.355469,-9.839844,,,,,,,,,,
acc,1778672781.0,200.0,-2.183594,0.394531,-9.757812,,,,,,,,,,
acc,1778672781.0,200.0,-2.21875,0.28125,-9.800781,,,,,,,,,,
acc,1778672781.0,200.0,-2.21875,0.28125,-9.875,,,,,,,,,,
acc,1778672781.0,200.0,-2.21875,0.320312,-9.796875,,,,,,,,,,
acc,1778672781.0,200.0,-2.21875,0.28125,-9.757812,,,,,,,,,,
acc,1778672781.0,200.0,-2.183594,0.28125,-9.800781,,,,,,,,,,
acc,1778672781.0,200.0,-2.257812,0.242188,-9.835938,,,,,,,,,,
acc,1778672781.0,200.0,-2.296875,0.28125,-9.839844,,,,,,,,,,
acc,1778672781.0,200.0,-2.21875,0.203125,-9.835938,,,,,,,,,,
acc,1778672781.0,200.0,-2.21875,0.242188,-9.875,,,,,,,,,,
acc,1778672781.0,200.0,-2.183594,0.242188,-9.800781,,,,,,,,,,
acc,1778672781.0,200.0,-2.183594,0.164062,-9.875,,,,,,,,,,
acc,1778672781.0,200.0,-2.21875,0.164062,-9.800781,,,,,,,,,,
acc,1778672781.0,200.0,-2.21875,0.164062,-9.835938,,,,,,,,,,
acc,1778672781.0,200.0,-2.21875,0.164062,-9.800781,,,,,,,,,,
acc,1778672781.0,200.0,-2.257812,0.203125,-9.835938,,,,,,,,,,
acc,1778672781.0,200.0,-2.21875,0.28125,-9.835938,,,,,,,,,,
acc,1778672781.0,200.0,-2.21875,0.320312,-9.878906,,,,,,,,,,
acc,1778672781.0,200.0,-2.21875,0.203125,-9.875,,,,,,,,,,
acc,1778672781.0,200.0,-2.21875,0.164062,-9.757812,,,,,,,,,,
acc,1778672781.0,200.0,-2.21875,0.128906,-9.878906,,,,,,,,,,
acc,1778672781.0,200.0,-2.21875,0.128906,-9.796875,,,,,,,,,,
acc,1778672781.0,200.0,-2.257812,0.203125,-9.757812,,,,,,,,,,
acc,1778672781.0,200.0,-2.296875,0.28125,-9.796875,,,,,,,,,,
acc,1778672781.0,200.0,-2.375,0.394531,-9.875,,,,,,,,,,
acc,1778672781.0,200.0,-2.296875,0.394531,-9.878906,,,,,,,,,,
acc,1778672781.0,200.0,-2.21875,0.355469,-9.839844,,,,,,,,,,
acc,1778672781.0,200.0,-2.21875,0.320312,-9.878906,,,,,,,,,,
acc,1778672781.0,200.0,-2.296875,0.28125,-9.878906,,,,,,,,,,
acc,1778672781.0,200.0,-2.375,0.203125,-9.875,,,,,,,,,,
acc,1778672781.0,200.0,-2.257812,0.28125,-9.835938,,,,,,,,,,
acc,1778672781.0,200.0,-2.257812,0.28125,-9.875,,,,,,,,,,
acc,1778672781.0,200.0,-2.21875,0.355469,-9.726562,,,,,,,,,,
acc,1778672781.0,200.0,-2.375,0.355469,-9.839844,,,,,,,,,,
acc,1778672781.0,200.0,-2.410156,0.355469,-9.839844,,,,,,,,,,
acc,1778672781.0,200.0,-2.257812,0.28125,-9.835938,,,,,,,,,,
acc,1778672781.0,200.0,-2.21875,0.320312,-9.839844,,,,,,,,,,
acc,1778672781.0,200.0,-2.144531,0.320312,-9.796875,,,,,,,,,,
acc,1778672781.0,200.0,-2.257812,0.355469,-9.761719,,,,,,,,,,
acc,1778672781.0,200.0,-2.335938,0.355469,-9.839844,,,,,,,,,,
acc,1778672781.0,200.0,-2.257812,0.320312,-9.761719,,,,,,,,,,
acc,1778672781.0,200.0,-2.296875,0.355469,-9.835938,,,,,,,,,,
acc,1778672781.0,200.0,-2.21875,0.320312,-9.726562,,,,,,,,,,
acc,1778672781.0,200.0,-2.21875,0.355469,-9.839844,,,,,,,,,,
acc,1778672781.0,200.0,-2.296875,0.355469,-9.757812,,,,,,,,,,
acc,1778672781.0,200.0,-2.335938,0.355469,-9.878906,,,,,,,,,,
acc,1778672781.0,200.0,-2.296875,0.355469,-9.800781,,,,,,,,,,
acc,1778672781.0,200.0,-2.335938,0.355469,-9.839844,,,,,,,,,,
acc,1778672781.0,200.0,-2.335938,0.394531,-9.800781,,,,,,,,,,
acc,1778672781.0,200.0,-2.375,0.433594,-9.835938,,,,,,,,,,
acc,1778672781.0,200.0,-2.410156,0.320312,-9.839844,,,,,,,,,,
acc,1778672781.0,200.0,-2.410156,0.355469,-9.796875,,,,,,,,,,
acc,1778672781.0,200.0,-2.449219,0.355469,-9.835938,,,,,,,,,,
acc,1778672781.0,200.0,-2.375,0.320312,-9.839844,,,,,,,,,,
acc,1778672781.0,200.0,-2.296875,0.242188,-9.761719,,,,,,,,,,
acc,1778672781.0,200.0,-2.335938,0.320312,-9.839844,,,,,,,,,,
acc,1778672781.0,200.0,-2.375,0.433594,-9.914062,,,,,,,,,,
acc,1778672781.0,200.0,-2.375,0.320312,-9.917969,,,,,,,,,,
acc,1778672781.0,200.0,-2.375,0.28125,-9.835938,,,,,,,,,,
acc,1778672781.0,200.0,-2.375,0.394531,-9.835938,,,,,,,,,,
acc,1778672781.0,200.0,-2.375,0.472656,-9.878906,,,,,,,,,,
acc,1778672781.0,200.0,-2.449219,0.394531,-9.878906,,,,,,,,,,
acc,1778672781.0,200.0,-2.375,0.394531,-9.953125,,,,,,,,,,
acc,1778672781.0,200.0,-2.335938,0.472656,-9.917969,,,,,,,,,,
acc,1778672781.0,200.0,-2.410156,0.394531,-9.914062,,,,,,,,,,
acc,1778672781.0,200.0,-2.410156,0.355469,-9.957031,,,,,,,,,,
acc,1778672781.0,200.0,-2.375,0.28125,-9.875,,,,,,,,,,
acc,1778672781.0,200.0,-2.375,0.28125,-9.835938,,,,,,,,,,
acc,1778672781.0,200.0,-2.335938,0.394531,-9.953125,,,,,,,,,,
acc,1778672781.0,200.0,-2.335938,0.320312,-9.796875,,,,,,,,,,
acc,1778672781.0,200.0,-2.375,0.242188,-9.875,,,,,,,,,,
acc,1778672781.0,200.0,-2.296875,0.28125,-9.878906,,,,,,,,,,
acc,1778672781.0,200.0,-2.335938,0.320312,-9.761719,,,,,,,,,,
acc,1778672781.0,200.0,-2.335938,0.320312,-9.917969,,,,,,,,,,
acc,1778672781.0,200.0,-2.410156,0.355469,-9.839844,,,,,,,,,,
acc,1778672781.0,200.0,-2.375,0.355469,-9.917969,,,,,,,,,,
acc,1778672781.0,200.0,-2.375,0.320312,-9.839844,,,,,,,,,,
acc,1778672781.0,200.0,-2.335938,0.320312,-9.839844,,,,,,,,,,
acc,1778672781.0,200.0,-2.335938,0.355469,-9.878906,,,,,,,,,,
acc,1778672781.0,200.0,-2.375,0.355469,-9.796875,,,,,,,,,,
acc,1778672781.0,200.0,-2.410156,0.355469,-9.796875,,,,,,,,,,
acc,1778672781.0,200.0,-2.410156,0.394531,-9.875,,,,,,,,,,
acc,1778672781.0,200.0,-2.335938,0.394531,-9.835938,,,,,,,,,,
acc,1778672781.0,200.0,-2.335938,0.472656,-9.726562,,,,,,,,,,
acc,1778672781.0,200.0,-2.410156,0.472656,-9.796875,,,,,,,,,,
acc,1778672781.0,200.0,-2.449219,0.625,-9.761719,,,,,,,,,,
acc,1778672781.0,200.0,-2.527344,0.625,-9.800781,,,,,,,,,,
acc,1778672782.0,201.0,-2.488281,0.511719,-9.796875,,,,,,,,,,
acc,1778672782.0,201.0,-2.449219,0.550781,-9.652344,,,,,,,,,,
acc,1778672782.0,201.0,-2.488281,0.703125,-9.800781,,,,,,,,,,
acc,1778672782.0,201.0,-2.449219,0.742188,-9.761719,,,,,,,,,,
acc,1778672782.0,201.0,-2.449219,0.742188,-9.6875,,,,,,,,,,
acc,1778672782.0,201.0,-2.488281,0.664062,-9.800781,,,,,,,,,,
acc,1778672782.0,201.0,-2.410156,0.664062,-9.757812,,,,,,,,,,
acc,1778672782.0,201.0,-2.410156,0.703125,-9.648438,,,,,,,,,,
acc,1778672782.0,201.0,-2.410156,0.585938,-9.691406,,,,,,,,,,
acc,1778672782.0,201.0,-2.449219,0.625,-9.6875,,,,,,,,,,
acc,1778672782.0,201.0,-2.449219,0.816406,-9.730469,,,,,,,,,,
acc,1778672782.0,201.0,-2.449219,0.855469,-9.691406,,,,,,,,,,
acc,1778672782.0,201.0,-2.527344,0.777344,-9.730469,,,,,,,,,,
acc,1778672782.0,201.0,-2.527344,0.664062,-9.835938,,,,,,,,,,
acc,1778672782.0,201.0,-2.488281,0.550781,-9.648438,,,,,,,,,,
acc,1778672782.0,201.0,-2.449219,0.550781,-9.761719,,,,,,,,,,
acc,1778672782.0,201.0,-2.527344,0.550781,-9.757812,,,,,,,,,,
acc,1778672782.0,201.0,-2.601562,0.585938,-9.757812,,,,,,,,,,
acc,1778672782.0,201.0,-2.527344,0.625,-9.875,,,,,,,,,,
acc,1778672782.0,201.0,-2.410156,0.550781,-9.800781,,,,,,,,,,
acc,1778672782.0,201.0,-2.488281,0.585938,-9.875,,,,,,,,,,
acc,1778672782.0,201.0,-2.566406,0.550781,-9.839844,,,,,,,,,,
acc,1778672782.0,201.0,-2.566406,0.511719,-9.914062,,,,,,,,,,
acc,1778672782.0,201.0,-2.488281,0.585938,-9.875,,,,,,,,,,
acc,1778672782.0,201.0,-2.488281,0.664062,-9.800781,,,,,,,,,,
acc,1778672782.0,201.0,-2.449219,0.585938,-9.917969,,,,,,,,,,
acc,1778672782.0,201.0,-2.527344,0.585938,-9.875,,,,,,,,,,
acc,1778672782.0,201.0,-2.566406,0.625,-9.839844,,,,,,,,,,
acc,1778672782.0,201.0,-2.488281,0.511719,-9.839844,,,,,,,,,,
acc,1778672782.0,201.0,-2.527344,0.550781,-9.875,,,,,,,,,,
acc,1778672782.0,201.0,-2.488281,0.703125,-9.875,,,,,,,,,,
acc,1778672782.0,201.0,-2.527344,0.703125,-9.800781,,,,,,,,,,
acc,1778672782.0,201.0,-2.527344,0.511719,-9.796875,,,,,,,,,,
acc,1778672782.0,201.0,-2.566406,0.703125,-9.957031,,,,,,,,,,
acc,1778672782.0,201.0,-2.527344,0.742188,-9.875,,,,,,,,,,
acc,1778672782.0,201.0,-2.449219,0.664062,-9.796875,,,,,,,,,,
acc,1778672782.0,201.0,-2.527344,0.511719,-9.917969,,,,,,,,,,
acc,1778672782.0,201.0,-2.527344,0.585938,-9.875,,,,,,,,,,
acc,1778672782.0,201.0,-2.566406,0.585938,-9.761719,,,,,,,,,,
acc,1778672782.0,201.0,-2.488281,0.433594,-9.914062,,,,,,,,,,
acc,1778672782.0,201.0,-2.375,0.511719,-9.796875,,,,,,,,,,
acc,1778672782.0,201.0,-2.449219,0.472656,-9.835938,,,,,,,,,,
acc,1778672782.0,201.0,-2.527344,0.550781,-9.835938,,,,,,,,,,
acc,1778672782.0,201.0,-2.488281,0.511719,-9.878906,,,,,,,,,,
acc,1778672782.0,201.0,-2.527344,0.550781,-9.875,,,,,,,,,,
acc,1778672782.0,201.0,-2.449219,0.625,-9.917969,,,,,,,,,,
acc,1778672782.0,201.0,-2.488281,0.625,-9.835938,,,,,,,,,,
acc,1778672782.0,201.0,-2.488281,0.664062,-9.953125,,,,,,,,,,
acc,1778672782.0,201.0,-2.488281,0.585938,-9.800781,,,,,,,,,,
acc,1778672782.0,201.0,-2.527344,0.320312,-9.796875,,,,,,,,,,
acc,1778672782.0,201.0,-2.566406,0.433594,-9.917969,,,,,,,,,,
acc,1778672782.0,201.0,-2.488281,0.703125,-9.800781,,,,,,,,,,
acc,1778672782.0,201.0,-2.375,0.777344,-9.648438,,,,,,,,,,
acc,1778672782.0,201.0,-2.375,0.777344,-9.730469,,,,,,,,,,
acc,1778672782.0,201.0,-2.375,0.777344,-9.730469,,,,,,,,,,
acc,1778672782.0,201.0,-2.488281,0.855469,-9.839844,,,,,,,,,,
acc,1778672782.0,201.0,-2.410156,0.664062,-9.800781,,,,,,,,,,
acc,1778672782.0,201.0,-2.375,0.664062,-9.800781,,,,,,,,,,
acc,1778672782.0,201.0,-2.335938,0.894531,-9.875,,,,,,,,,,
acc,1778672782.0,201.0,-2.296875,0.550781,-9.726562,,,,,,,,,,
acc,1778672782.0,201.0,-2.335938,0.550781,-9.875,,,,,,,,,,
acc,1778672782.0,201.0,-2.410156,0.664062,-9.800781,,,,,,,,,,
acc,1778672782.0,201.0,-2.449219,0.777344,-9.726562,,,,,,,,,,
acc,1778672782.0,201.0,-2.410156,0.855469,-9.917969,,,,,,,,,,
acc,1778672782.0,201.0,-2.296875,0.703125,-9.761719,,,,,,,,,,
acc,1778672782.0,201.0,-2.375,0.585938,-9.757812,,,,,,,,,,
acc,1778672782.0,201.0,-2.375,0.742188,-9.835938,,,,,,,,,,
acc,1778672782.0,201.0,-2.410156,0.855469,-9.761719,,,,,,,,,,
acc,1778672782.0,201.0,-2.335938,0.855469,-9.917969,,,,,,,,,,
acc,1778672782.0,201.0,-2.183594,0.703125,-9.691406,,,,,,,,,,
acc,1778672782.0,201.0,-2.21875,0.703125,-9.875,,,,,,,,,,
acc,1778672782.0,201.0,-2.335938,0.816406,-9.796875,,,,,,,,,,
acc,1778672782.0,201.0,-2.296875,0.855469,-9.757812,,,,,,,,,,
acc,1778672782.0,201.0,-2.296875,0.816406,-9.800781,,,,,,,,,,
acc,1778672782.0,201.0,-2.183594,0.894531,-9.953125,,,,,,,,,,
acc,1778672782.0,201.0,-2.183594,0.742188,-9.691406,,,,,,,,,,
acc,1778672782.0,201.0,-2.257812,0.855469,-10.070312,,,,,,,,,,
acc,1778672782.0,201.0,-2.296875,0.933594,-9.839844,,,,,,,,,,
acc,1778672782.0,201.0,-2.335938,0.96875,-9.953125,,,,,,,,,,
acc,1778672782.0,201.0,-2.296875,0.894531,-9.996094,,,,,,,,,,
acc,1778672782.0,201.0,-2.335938,0.933594,-9.914062,,,,,,,,,,
acc,1778672782.0,201.0,-2.375,0.816406,-10.113281,,,,,,,,,,
acc,1778672782.0,201.0,-2.375,0.855469,-9.839844,,,,,,,,,,
acc,1778672782.0,201.0,-2.449219,0.855469,-9.992188,,,,,,,,,,
acc,1778672782.0,201.0,-2.375,0.894531,-10.074219,,,,,,,,,,
acc,1778672782.0,201.0,-2.375,1.085938,-9.800781,,,,,,,,,,
acc,1778672782.0,201.0,-2.335938,0.933594,-10.109375,,,,,,,,,,
acc,1778672782.0,201.0,-2.296875,0.933594,-9.917969,,,,,,,,,,
acc,1778672782.0,201.0,-2.296875,0.855469,-9.992188,,,,,,,,,,
acc,1778672782.0,201.0,-2.296875,0.933594,-10.113281,,,,,,,,,,
acc,1778672782.0,201.0,-2.296875,0.894531,-9.996094,,,,,,,,,,
acc,1778672782.0,201.0,-2.335938,0.894531,-10.109375,,,,,,,,,,
acc,1778672782.0,201.0,-2.335938,0.855469,-10.070312,,,,,,,,,,
acc,1778672782.0,201.0,-2.296875,0.96875,-10.035156,,,,,,,,,,
acc,1778672782.0,201.0,-2.375,0.933594,-9.914062,,,,,,,,,,
acc,1778672782.0,201.0,-2.296875,0.855469,-10.074219,,,,,,,,,,
acc,1778672782.0,201.0,-2.296875,0.933594,-9.957031,,,,,,,,,,
acc,1778672782.0,201.0,-2.21875,0.894531,-10.03125,,,,,,,,,,
acc,1778672782.0,201.0,-2.183594,0.933594,-9.875,,,,,,,,,,
acc,1778672782.0,201.0,-2.296875,1.007812,-9.917969,,,,,,,,,,
acc,1778672782.0,201.0,-2.296875,1.085938,-9.957031,,,,,,,,,,
acc,1778672782.0,201.0,-2.257812,1.125,-9.800781,,,,,,,,,,
acc,1778672782.0,201.0,-2.21875,1.160156,-9.757812,,,,,,,,,,
acc,1778672782.0,201.0,-2.21875,1.277344,-9.800781,,,,,,,,,,
acc,1778672782.0,201.0,-2.21875,1.277344,-9.835938,,,,,,,,,,
acc,1778672782.0,201.0,-2.257812,1.160156,-9.648438,,,,,,,,,,
acc,1778672782.0,201.0,-2.21875,1.046875,-9.6875,,,,,,,,,,
acc,1778672782.0,201.0,-2.257812,1.046875,-9.613281,,,,,,,,,,
acc,1778672782.0,201.0,-2.183594,1.125,-9.757812,,,,,,,,,,
acc,1778672782.0,201.0,-2.144531,1.160156,-9.574219,,,,,,,,,,
acc,1778672782.0,201.0,-2.21875,1.085938,-9.53125,,,,,,,,,,
acc,1778672782.0,201.0,-2.21875,1.199219,-9.726562,,,,,,,,,,
acc,1778672782.0,201.0,-2.296875,1.351562,-9.570312,,,,,,,,,,
acc,1778672782.0,201.0,-2.335938,1.238281,-9.609375,,,,,,,,,,
acc,1778672782.0,201.0,-2.21875,1.238281,-9.730469,,,,,,,,,,
acc,1778672782.0,201.0,-2.183594,1.160156,-9.53125,,,,,,,,,,
acc,1778672782.0,201.0,-2.257812,1.277344,-9.492188,,,,,,,,,,
acc,1778672782.0,201.0,-2.335938,1.238281,-9.574219,,,,,,,,,,
acc,1778672782.0,201.0,-2.257812,1.351562,-9.574219,,,,,,,,,,
acc,1778672782.0,201.0,-2.257812,1.390625,-9.417969,,,,,,,,,,
acc,1778672782.0,201.0,-2.183594,1.316406,-9.496094,,,,,,,,,,
acc,1778672782.0,201.0,-2.257812,1.351562,-9.453125,,,,,,,,,,
acc,1778672782.0,201.0,-2.257812,1.390625,-9.535156,,,,,,,,,,
acc,1778672782.0,201.0,-2.257812,1.351562,-9.453125,,,,,,,,,,
acc,1778672783.0,202.0,-2.183594,1.199219,-9.535156,,,,,,,,,,
acc,1778672783.0,202.0,-2.183594,1.160156,-9.53125,,,,,,,,,,
acc,1778672783.0,202.0,-2.183594,1.277344,-9.609375,,,,,,,,,,
acc,1778672783.0,202.0,-2.144531,1.007812,-9.574219,,,,,,,,,,
acc,1778672783.0,202.0,-2.027344,1.199219,-9.570312,,,,,,,,,,
acc,1778672783.0,202.0,-2.027344,1.160156,-9.492188,,,,,,,,,,
acc,1778672783.0,202.0,-2.027344,1.007812,-9.730469,,,,,,,,,,
acc,1778672783.0,202.0,-1.992188,1.046875,-9.496094,,,,,,,,,,
acc,1778672783.0,202.0,-1.914062,1.351562,-9.574219,,,,,,,,,,
acc,1778672783.0,202.0,-1.914062,1.277344,-9.800781,,,,,,,,,,
acc,1778672783.0,202.0,-1.914062,1.277344,-9.492188,,,,,,,,,,
acc,1778672783.0,202.0,-1.914062,1.351562,-9.875,,,,,,,,,,
acc,1778672783.0,202.0,-1.992188,1.277344,-9.757812,,,,,,,,,,
acc,1778672783.0,202.0,-1.992188,1.316406,-9.761719,,,,,,,,,,
acc,1778672783.0,202.0,-2.027344,1.351562,-9.914062,,,,,,,,,,
acc,1778672783.0,202.0,-1.914062,1.160156,-9.914062,,,,,,,,,,
acc,1778672783.0,202.0,-1.953125,1.277344,-9.757812,,,,,,,,,,
acc,1778672783.0,202.0,-1.953125,1.160156,-9.953125,,,,,,,,,,
acc,1778672783.0,202.0,-1.953125,1.046875,-9.726562,,,,,,,,,,
acc,1778672783.0,202.0,-1.992188,1.125,-10.03125,,,,,,,,,,
acc,1778672783.0,202.0,-1.953125,1.277344,-9.992188,,,,,,,,,,
acc,1778672783.0,202.0,-1.992188,1.351562,-9.953125,,,,,,,,,,
acc,1778672783.0,202.0,-2.027344,1.316406,-10.152344,,,,,,,,,,
acc,1778672783.0,202.0,-1.875,1.390625,-9.996094,,,,,,,,,,
acc,1778672783.0,202.0,-1.953125,1.429688,-9.996094,,,,,,,,,,
acc,1778672783.0,202.0,-1.953125,1.351562,-10.148438,,,,,,,,,,
acc,1778672783.0,202.0,-1.992188,1.316406,-10.179688,,,,,,,,,,
acc,1778672783.0,202.0,-1.953125,1.316406,-10.261719,,,,,,,,,,
acc,1778672783.0,202.0,-1.914062,1.125,-10.074219,,,,,,,,,,
acc,1778672783.0,202.0,-1.835938,1.046875,-10.296875,,,,,,,,,,
acc,1778672783.0,202.0,-1.953125,1.007812,-10.109375,,,,,,,,,,
acc,1778672783.0,202.0,-1.992188,1.085938,-10.300781,,,,,,,,,,
acc,1778672783.0,202.0,-1.992188,1.046875,-10.113281,,,,,,,,,,
acc,1778672783.0,202.0,-2.027344,1.160156,-10.109375,,,,,,,,,,
acc,1778672783.0,202.0,-2.027344,1.046875,-10.070312,,,,,,,,,,
acc,1778672783.0,202.0,-2.066406,0.933594,-10.179688,,,,,,,,,,
acc,1778672783.0,202.0,-2.027344,1.046875,-10.070312,,,,,,,,,,
acc,1778672783.0,202.0,-1.914062,1.085938,-10.375,,,,,,,,,,
acc,1778672783.0,202.0,-1.914062,1.125,-10.109375,,,,,,,,,,
acc,1778672783.0,202.0,-1.914062,1.199219,-10.222656,,,,,,,,,,
acc,1778672783.0,202.0,-1.914062,1.199219,-10.179688,,,,,,,,,,
acc,1778672783.0,202.0,-1.875,1.238281,-10.148438,,,,,,,,,,
acc,1778672783.0,202.0,-1.875,1.277344,-10.21875,,,,,,,,,,
acc,1778672783.0,202.0,-1.835938,1.351562,-10.03125,,,,,,,,,,
acc,1778672783.0,202.0,-1.875,1.199219,-10.113281,,,,,,,,,,
acc,1778672783.0,202.0,-1.800781,1.238281,-9.914062,,,,,,,,,,
acc,1778672783.0,202.0,-1.800781,1.429688,-10.113281,,,,,,,,,,
acc,1778672783.0,202.0,-1.722656,1.351562,-10.035156,,,,,,,,,,
acc,1778672783.0,202.0,-1.761719,1.390625,-10.03125,,,,,,,,,,
acc,1778672783.0,202.0,-1.835938,1.199219,-10.070312,,,,,,,,,,
acc,1778672783.0,202.0,-1.800781,1.199219,-9.839844,,,,,,,,,,
acc,1778672783.0,202.0,-1.835938,1.351562,-9.914062,,,,,,,,,,
acc,1778672783.0,202.0,-1.683594,1.199219,-9.761719,,,,,,,,,,
acc,1778672783.0,202.0,-1.644531,1.429688,-9.878906,,,,,,,,,,
acc,1778672783.0,202.0,-1.722656,1.429688,-9.835938,,,,,,,,,,
acc,1778672783.0,202.0,-1.761719,1.429688,-9.757812,,,,,,,,,,
acc,1778672783.0,202.0,-1.683594,1.46875,-9.757812,,,,,,,,,,
acc,1778672783.0,202.0,-1.605469,1.621094,-9.613281,,,,,,,,,,
acc,1778672783.0,202.0,-1.570312,1.46875,-9.6875,,,,,,,,,,
acc,1778672783.0,202.0,-1.644531,1.429688,-9.570312,,,,,,,,,,
acc,1778672783.0,202.0,-1.800781,1.507812,-9.304688,,,,,,,,,,
acc,1778672783.0,202.0,-1.722656,1.582031,-9.6875,,,,,,,,,,
acc,1778672783.0,202.0,-1.644531,1.351562,-9.347656,,,,,,,,,,
acc,1778672783.0,202.0,-1.722656,1.429688,-9.453125,,,,,,,,,,
acc,1778672783.0,202.0,-1.800781,1.46875,-9.609375,,,,,,,,,,
acc,1778672783.0,202.0,-1.914062,1.390625,-9.113281,,,,,,,,,,
acc,1778672783.0,202.0,-1.914062,1.46875,-9.347656,,,,,,,,,,
acc,1778672783.0,202.0,-1.835938,1.582031,-9.53125,,,,,,,,,,
acc,1778672783.0,202.0,-1.875,1.699219,-9.378906,,,,,,,,,,
acc,1778672783.0,202.0,-1.914062,1.890625,-9.496094,,,,,,,,,,
acc,1778672783.0,202.0,-2.027344,2.003906,-9.53125,,,,,,,,,,
acc,1778672783.0,202.0,-1.953125,1.8125,-9.609375,,,,,,,,,,
acc,1778672783.0,202.0,-1.914062,1.660156,-9.609375,,,,,,,,,,
acc,1778672783.0,202.0,-1.992188,1.542969,-9.609375,,,,,,,,,,
acc,1778672783.0,202.0,-2.21875,1.660156,-9.691406,,,,,,,,,,
acc,1778672783.0,202.0,-2.257812,1.660156,-9.730469,,,,,,,,,,
acc,1778672783.0,202.0,-2.105469,1.429688,-9.691406,,,,,,,,,,
acc,1778672783.0,202.0,-2.066406,1.390625,-9.609375,,,,,,,,,,
acc,1778672783.0,202.0,-2.066406,1.390625,-9.800781,,,,,,,,,,
acc,1778672783.0,202.0,-2.066406,1.351562,-9.726562,,,,,,,,,,
acc,1778672783.0,202.0,-2.105469,1.351562,-9.839844,,,,,,,,,,
acc,1778672783.0,202.0,-2.105469,1.507812,-9.878906,,,,,,,,,,
acc,1778672783.0,202.0,-2.183594,1.738281,-9.835938,,,,,,,,,,
acc,1778672783.0,202.0,-2.21875,1.8125,-9.835938,,,,,,,,,,
acc,1778672783.0,202.0,-2.105469,1.8125,-9.796875,,,,,,,,,,
acc,1778672783.0,202.0,-2.21875,1.851562,-9.691406,,,,,,,,,,
acc,1778672783.0,202.0,-2.183594,1.660156,-9.914062,,,,,,,,,,
acc,1778672783.0,202.0,-2.066406,1.621094,-9.878906,,,,,,,,,,
acc,1778672783.0,202.0,-2.105469,1.542969,-9.878906,,,,,,,,,,
acc,1778672783.0,202.0,-2.105469,1.507812,-10.070312,,,,,,,,,,
acc,1778672783.0,202.0,-2.144531,1.582031,-9.800781,,,,,,,,,,
acc,1778672783.0,202.0,-2.183594,1.582031,-9.953125,,,,,,,,,,
acc,1778672783.0,202.0,-2.027344,1.46875,-9.953125,,,,,,,,,,
acc,1778672783.0,202.0,-1.992188,1.390625,-9.957031,,,,,,,,,,
acc,1778672783.0,202.0,-2.066406,1.351562,-9.917969,,,,,,,,,,
acc,1778672783.0,202.0,-2.027344,1.316406,-9.839844,,,,,,,,,,
acc,1778672783.0,202.0,-1.953125,1.582031,-9.757812,,,,,,,,,,
acc,1778672783.0,202.0,-1.953125,1.738281,-9.914062,,,,,,,,,,
acc,1778672783.0,202.0,-2.027344,1.738281,-9.835938,,,,,,,,,,
acc,1778672783.0,202.0,-2.21875,1.699219,-9.839844,,,,,,,,,,
acc,1778672783.0,202.0,-2.144531,1.542969,-9.992188,,,,,,,,,,
acc,1778672783.0,202.0,-2.105469,1.429688,-9.730469,,,,,,,,,,
acc,1778672783.0,202.0,-2.144531,1.351562,-9.992188,,,,,,,,,,
acc,1778672783.0,202.0,-2.144531,1.429688,-9.878906,,,,,,,,,,
acc,1778672783.0,202.0,-1.953125,1.429688,-9.957031,,,,,,,,,,
acc,1778672783.0,202.0,-1.992188,1.429688,-9.796875,,,,,,,,,,
acc,1778672783.0,202.0,-1.992188,1.429688,-9.957031,,,,,,,,,,
acc,1778672783.0,202.0,-1.992188,1.429688,-9.996094,,,,,,,,,,
acc,1778672783.0,202.0,-1.992188,1.390625,-9.996094,,,,,,,,,,
acc,1778672783.0,202.0,-1.914062,1.316406,-9.957031,,,,,,,,,,
acc,1778672783.0,202.0,-1.914062,1.429688,-10.222656,,,,,,,,,,
acc,1778672783.0,202.0,-1.875,1.582031,-9.992188,,,,,,,,,,
acc,1778672783.0,202.0,-1.953125,1.738281,-10.109375,,,,,,,,,,
acc,1778672783.0,202.0,-2.066406,1.890625,-10.21875,,,,,,,,,,
acc,1778672783.0,202.0,-2.066406,1.929688,-9.992188,,,,,,,,,,
acc,1778672783.0,202.0,-1.992188,1.964844,-10.21875,,,,,,,,,,
acc,1778672783.0,202.0,-1.914062,1.699219,-9.917969,,,,,,,,,,
acc,1778672783.0,202.0,-1.914062,1.429688,-9.917969,,,,,,,,,,
acc,1778672783.0,202.0,-1.953125,1.46875,-10.148438,,,,,,,,,,
acc,1778672783.0,202.0,-1.875,1.429688,-9.917969,,,,,,,,,,
acc,1778672783.0,202.0,-1.835938,1.390625,-10.070312,,,,,,,,,,
acc,1778672783.0,202.0,-1.835938,1.429688,-9.839844,,,,,,,,,,
acc,1778672783.0,202.0,-1.914062,1.542969,-9.691406,,,,,,,,,,
acc,1778672783.0,202.0,-1.914062,1.738281,-10.03125,,,,,,,,,,
acc,1778672783.0,202.0,-1.875,1.890625,-9.652344,,,,,,,,,,
acc,1778672783.0,202.0,-1.800781,1.851562,-9.875,,,,,,,,,,
acc,1778672784.0,203.0,-1.722656,1.699219,-10.074219,,,,,,,,,,
acc,1778672784.0,203.0,-1.722656,1.929688,-9.53125,,,,,,,,,,
acc,1778672784.0,203.0,-1.761719,1.890625,-9.992188,,,,,,,,,,
acc,1778672784.0,203.0,-1.414062,1.621094,-9.992188,,,,,,,,,,
acc,1778672784.0,203.0,-1.570312,1.582031,-9.570312,,,,,,,,,,
acc,1778672784.0,203.0,-1.722656,1.542969,-10.035156,,,,,,,,,,
acc,1778672784.0,203.0,-1.605469,1.390625,-9.757812,,,,,,,,,,
acc,1778672784.0,203.0,-1.570312,1.542969,-9.570312,,,,,,,,,,
acc,1778672784.0,203.0,-1.761719,1.507812,-9.957031,,,,,,,,,,
acc,1778672784.0,203.0,-1.761719,1.46875,-9.726562,,,,,,,,,,
acc,1778672784.0,203.0,-1.875,1.46875,-9.800781,,,,,,,,,,
acc,1778672784.0,203.0,-1.722656,1.621094,-9.726562,,,,,,,,,,
acc,1778672784.0,203.0,-1.683594,2.121094,-9.875,,,,,,,,,,
acc,1778672784.0,203.0,-1.835938,2.425781,-9.570312,,,,,,,,,,
acc,1778672784.0,203.0,-2.105469,2.730469,-9.726562,,,,,,,,,,
acc,1778672784.0,203.0,-1.953125,2.539062,-9.570312,,,,,,,,,,
acc,1778672784.0,203.0,-1.644531,2.195312,-9.453125,,,,,,,,,,
acc,1778672784.0,203.0,-1.570312,2.386719,-9.570312,,,,,,,,,,
acc,1778672784.0,203.0,-1.683594,2.121094,-9.648438,,,,,,,,,,
acc,1778672784.0,203.0,-1.644531,1.738281,-9.730469,,,,,,,,,,
acc,1778672784.0,203.0,-1.644531,1.929688,-9.761719,,,,,,,,,,
acc,1778672784.0,203.0,-1.683594,2.234375,-9.613281,,,,,,,,,,
acc,1778672784.0,203.0,-1.722656,2.347656,-9.652344,,,,,,,,,,
acc,1778672784.0,203.0,-1.605469,2.042969,-9.652344,,,,,,,,,,
acc,1778672784.0,203.0,-1.644531,1.890625,-9.535156,,,,,,,,,,
acc,1778672784.0,203.0,-1.835938,1.929688,-9.726562,,,,,,,,,,
acc,1778672784.0,203.0,-1.914062,2.082031,-9.757812,,,,,,,,,,
acc,1778672784.0,203.0,-1.835938,2.234375,-9.570312,,,,,,,,,,
acc,1778672784.0,203.0,-1.800781,2.386719,-9.757812,,,,,,,,,,
acc,1778672784.0,203.0,-1.800781,2.617188,-9.535156,,,,,,,,,,
acc,1778672784.0,203.0,-1.992188,2.425781,-9.535156,,,,,,,,,,
acc,1778672784.0,203.0,-1.953125,2.15625,-9.6875,,,,,,,,,,
acc,1778672784.0,203.0,-1.835938,2.003906,-9.648438,,,,,,,,,,
acc,1778672784.0,203.0,-1.761719,1.964844,-9.761719,,,,,,,,,,
acc,1778672784.0,203.0,-1.875,1.890625,-9.6875,,,,,,,,,,
acc,1778672784.0,203.0,-1.992188,1.890625,-9.652344,,,,,,,,,,
acc,1778672784.0,203.0,-1.835938,1.890625,-9.957031,,,,,,,,,,
acc,1778672784.0,203.0,-1.761719,1.851562,-10.035156,,,,,,,,,,
acc,1778672784.0,203.0,-2.027344,1.8125,-10.03125,,,,,,,,,,
acc,1778672784.0,203.0,-2.335938,1.699219,-10.070312,,,,,,,,,,
acc,1778672784.0,203.0,-2.183594,1.660156,-9.992188,,,,,,,,,,
acc,1778672784.0,203.0,-1.953125,1.582031,-9.914062,,,,,,,,,,
acc,1778672784.0,203.0,-1.800781,1.621094,-9.757812,,,,,,,,,,
acc,1778672784.0,203.0,-1.992188,1.621094,-9.730469,,,,,,,,,,
acc,1778672784.0,203.0,-2.105469,1.46875,-9.726562,,,,,,,,,,
acc,1778672784.0,203.0,-2.027344,1.390625,-9.652344,,,,,,,,,,
acc,1778672784.0,203.0,-1.953125,1.429688,-9.878906,,,,,,,,,,
acc,1778672784.0,203.0,-1.914062,1.429688,-9.996094,,,,,,,,,,
acc,1778672784.0,203.0,-2.066406,1.429688,-10.074219,,,,,,,,,,
acc,1778672784.0,203.0,-2.144531,1.429688,-10.113281,,,,,,,,,,
acc,1778672784.0,203.0,-1.953125,1.507812,-9.992188,,,,,,,,,,
acc,1778672784.0,203.0,-1.875,1.890625,-9.796875,,,,,,,,,,
acc,1778672784.0,203.0,-1.835938,2.082031,-9.835938,,,,,,,,,,
acc,1778672784.0,203.0,-1.992188,2.234375,-9.6875,,,,,,,,,,
acc,1778672784.0,203.0,-2.027344,1.699219,-9.878906,,,,,,,,,,
acc,1778672784.0,203.0,-1.953125,1.621094,-10.074219,,,,,,,,,,
acc,1778672784.0,203.0,-1.953125,1.851562,-9.953125,,,,,,,,,,
acc,1778672784.0,203.0,-2.105469,1.621094,-10.113281,,,,,,,,,,
acc,1778672784.0,203.0,-2.066406,1.851562,-10.179688,,,,,,,,,,
acc,1778672784.0,203.0,-2.027344,1.851562,-9.953125,,,,,,,,,,
acc,1778672784.0,203.0,-1.835938,1.8125,-10.375,,,,,,,,,,
acc,1778672784.0,203.0,-1.835938,1.773438,-9.839844,,,,,,,,,,
acc,1778672784.0,203.0,-1.875,2.042969,-9.953125,,,,,,,,,,
acc,1778672784.0,203.0,-2.066406,2.082031,-9.761719,,,,,,,,,,
acc,1778672784.0,203.0,-1.992188,2.15625,-10.035156,,,,,,,,,,
acc,1778672784.0,203.0,-1.875,2.121094,-9.800781,,,,,,,,,,
acc,1778672784.0,203.0,-1.914062,2.003906,-9.691406,,,,,,,,,,
acc,1778672784.0,203.0,-1.992188,2.425781,-9.6875,,,,,,,,,,
acc,1778672784.0,203.0,-1.914062,2.578125,-9.652344,,,,,,,,,,
acc,1778672784.0,203.0,-1.835938,2.425781,-9.878906,,,,,,,,,,
acc,1778672784.0,203.0,-1.835938,2.578125,-9.996094,,,,,,,,,,
acc,1778672784.0,203.0,-1.914062,2.425781,-10.152344,,,,,,,,,,
acc,1778672784.0,203.0,-1.914062,2.273438,-10.070312,,,,,,,,,,
acc,1778672784.0,203.0,-1.835938,2.386719,-10.335938,,,,,,,,,,
acc,1778672784.0,203.0,-1.800781,2.464844,-10.03125,,,,,,,,,,
acc,1778672784.0,203.0,-1.683594,2.578125,-10.070312,,,,,,,,,,
acc,1778672784.0,203.0,-1.761719,2.578125,-10.074219,,,,,,,,,,
acc,1778672784.0,203.0,-1.800781,2.578125,-10.070312,,,,,,,,,,
acc,1778672784.0,203.0,-1.683594,2.539062,-9.878906,,,,,,,,,,
acc,1778672784.0,203.0,-1.761719,2.65625,-9.800781,,,,,,,,,,
acc,1778672784.0,203.0,-1.761719,2.503906,-9.796875,,,,,,,,,,
acc,1778672784.0,203.0,-1.800781,2.347656,-9.875,,,,,,,,,,
acc,1778672784.0,203.0,-1.800781,2.347656,-9.835938,,,,,,,,,,
acc,1778672784.0,203.0,-1.875,2.386719,-10.03125,,,,,,,,,,
acc,1778672784.0,203.0,-1.875,2.234375,-10.113281,,,,,,,,,,
acc,1778672784.0,203.0,-1.992188,2.195312,-9.953125,,,,,,,,,,
acc,1778672784.0,203.0,-1.992188,2.234375,-10.035156,,,,,,,,,,
acc,1778672784.0,203.0,-1.875,2.121094,-9.914062,,,,,,,,,,
acc,1778672784.0,203.0,-1.875,2.15625,-9.6875,,,,,,,,,,
acc,1778672784.0,203.0,-1.835938,2.273438,-9.796875,,,,,,,,,,
acc,1778672784.0,203.0,-1.835938,1.964844,-9.691406,,,,,,,,,,
acc,1778672784.0,203.0,-1.722656,1.890625,-9.800781,,,,,,,,,,
acc,1778672784.0,203.0,-1.875,1.738281,-9.609375,,,,,,,,,,
acc,1778672784.0,203.0,-1.800781,1.582031,-10.03125,,,,,,,,,,
acc,1778672784.0,203.0,-1.683594,1.738281,-9.609375,,,,,,,,,,
acc,1778672784.0,203.0,-1.605469,2.003906,-9.796875,,,,,,,,,,
acc,1778672784.0,203.0,-1.683594,2.121094,-9.691406,,,,,,,,,,
acc,1778672784.0,203.0,-1.722656,1.964844,-9.839844,,,,,,,,,,
acc,1778672784.0,203.0,-1.644531,1.929688,-9.726562,,,,,,,,,,
acc,1778672784.0,203.0,-1.605469,1.851562,-9.917969,,,,,,,,,,
acc,1778672784.0,203.0,-1.683594,1.851562,-9.648438,,,,,,,,,,
acc,1778672784.0,203.0,-1.683594,1.929688,-9.839844,,,,,,,,,,
acc,1778672784.0,203.0,-1.683594,1.8125,-9.757812,,,,,,,,,,
acc,1778672784.0,203.0,-1.570312,1.738281,-9.6875,,,,,,,,,,
acc,1778672784.0,203.0,-1.644531,1.890625,-9.761719,,,,,,,,,,
acc,1778672784.0,203.0,-1.722656,2.503906,-9.652344,,,,,,,,,,
acc,1778672784.0,203.0,-1.683594,2.464844,-9.800781,,,,,,,,,,
acc,1778672784.0,203.0,-1.53125,2.425781,-9.957031,,,,,,,,,,
acc,1778672784.0,203.0,-1.570312,2.425781,-9.609375,,,,,,,,,,
acc,1778672784.0,203.0,-1.761719,2.425781,-10.183594,,,,,,,,,,
acc,1778672784.0,203.0,-1.683594,2.539062,-9.417969,,,,,,,,,,
acc,1778672784.0,203.0,-1.414062,2.042969,-9.992188,,,,,,,,,,
acc,1778672784.0,203.0,-1.414062,1.964844,-9.453125,,,,,,,,,,
acc,1778672784.0,203.0,-1.492188,2.273438,-9.613281,,,,,,,,,,
acc,1778672784.0,203.0,-1.570312,2.578125,-9.953125,,,,,,,,,,
acc,1778672784.0,203.0,-1.570312,2.847656,-9.457031,,,,,,,,,,
acc,1778672784.0,203.0,-1.683594,2.847656,-9.835938,,,,,,,,,,
acc,1778672784.0,203.0,-1.644531,2.960938,-9.917969,,,,,,,,,,
acc,1778672784.0,203.0,-1.683594,3.078125,-9.957031,,,,,,,,,,
acc,1778672784.0,203.0,-1.722656,2.847656,-9.996094,,,,,,,,,,
acc,1778672784.0,203.0,-1.800781,2.578125,-9.839844,,,,,,,,,,
acc,1778672784.0,203.0,-1.722656,2.195312,-10.070312,,,,,,,,,,
acc,1778672784.0,203.0,-1.644531,1.964844,-9.914062,,,,,,,,,,
acc,1778672784.0,203.0,-1.605469,2.15625,-9.648438,,,,,,,,,,
acc,1778672784.0,203.0,-1.570312,2.121094,-10.070312,,,,,,,,,,
acc,1778672784.0,203.0,-1.53125,2.3125,-9.574219,,,,,,,,,,
acc,1778672784.0,203.0,-1.570312,2.273438,-9.609375,,,,,,,,,,
acc,1778672785.0,204.0,-1.414062,2.195312,-9.835938,,,,,,,,,,
acc,1778672785.0,204.0,-1.300781,2.234375,-9.570312,,,,,,,,,,
acc,1778672785.0,204.0,-1.414062,2.3125,-9.800781,,,,,,,,,,
acc,1778672785.0,204.0,-1.378906,2.234375,-9.835938,,,,,,,,,,
acc,1778672785.0,204.0,-1.300781,2.273438,-9.570312,,,,,,,,,,
acc,1778672785.0,204.0,-1.378906,2.464844,-9.6875,,,,,,,,,,
acc,1778672785.0,204.0,-1.222656,2.425781,-9.757812,,,,,,,,,,
acc,1778672785.0,204.0,-1.261719,2.273438,-9.453125,,,,,,,,,,
acc,1778672785.0,204.0,-1.53125,2.234375,-9.652344,,,,,,,,,,
acc,1778672785.0,204.0,-1.378906,2.425781,-9.730469,,,,,,,,,,
acc,1778672785.0,204.0,-1.378906,2.15625,-9.492188,,,,,,,,,,
acc,1778672785.0,204.0,-1.453125,2.195312,-9.757812,,,,,,,,,,
acc,1778672785.0,204.0,-1.53125,2.121094,-9.730469,,,,,,,,,,
acc,1778672785.0,204.0,-1.53125,2.003906,-9.691406,,,,,,,,,,
acc,1778672785.0,204.0,-1.570312,2.347656,-9.726562,,,,,,,,,,
acc,1778672785.0,204.0,-1.453125,2.503906,-9.757812,,,,,,,,,,
acc,1778672785.0,204.0,-1.453125,2.539062,-9.570312,,,,,,,,,,
acc,1778672785.0,204.0,-1.378906,2.3125,-9.652344,,,,,,,,,,
acc,1778672785.0,204.0,-1.300781,2.3125,-9.609375,,,,,,,,,,
acc,1778672785.0,204.0,-1.261719,2.273438,-9.800781,,,,,,,,,,
acc,1778672785.0,204.0,-1.261719,2.234375,-9.953125,,,,,,,,,,
acc,1778672785.0,204.0,-1.53125,2.082031,-9.648438,,,,,,,,,,
acc,1778672785.0,204.0,-1.492188,2.121094,-10.109375,,,,,,,,,,
acc,1778672785.0,204.0,-1.261719,2.273438,-9.730469,,,,,,,,,,
acc,1778672785.0,204.0,-1.222656,2.003906,-9.6875,,,,,,,,,,
acc,1778672785.0,204.0,-1.261719,2.195312,-9.839844,,,,,,,,,,
acc,1778672785.0,204.0,-1.261719,2.425781,-9.875,,,,,,,,,,
acc,1778672785.0,204.0,-1.261719,2.503906,-9.796875,,,,,,,,,,
acc,1778672785.0,204.0,-1.222656,2.539062,-9.757812,,,,,,,,,,
acc,1778672785.0,204.0,-1.070312,2.347656,-10.296875,,,,,,,,,,
acc,1778672785.0,204.0,-1.148438,2.273438,-9.613281,,,,,,,,,,
acc,1778672785.0,204.0,-1.261719,2.347656,-9.917969,,,,,,,,,,
acc,1778672785.0,204.0,-1.1875,2.503906,-10.222656,,,,,,,,,,
acc,1778672785.0,204.0,-1.222656,2.769531,-9.953125,,,,,,,,,,
acc,1778672785.0,204.0,-1.070312,2.769531,-10.074219,,,,,,,,,,
acc,1778672785.0,204.0,-0.996094,2.769531,-9.453125,,,,,,,,,,
acc,1778672785.0,204.0,-0.957031,2.65625,-9.648438,,,,,,,,,,
acc,1778672785.0,204.0,-0.917969,2.695312,-9.6875,,,,,,,,,,
acc,1778672785.0,204.0,-0.917969,2.730469,-9.417969,,,,,,,,,,
acc,1778672785.0,204.0,-0.996094,2.578125,-9.835938,,,,,,,,,,
acc,1778672785.0,204.0,-1.148438,2.808594,-9.726562,,,,,,,,,,
acc,1778672785.0,204.0,-1.300781,3.152344,-9.761719,,,,,,,,,,
acc,1778672785.0,204.0,-1.300781,3.152344,-9.917969,,,,,,,,,,
acc,1778672785.0,204.0,-1.261719,3.152344,-9.835938,,,,,,,,,,
acc,1778672785.0,204.0,-1.261719,3.191406,-9.839844,,,,,,,,,,
acc,1778672785.0,204.0,-1.339844,3.34375,-9.953125,,,,,,,,,,
acc,1778672785.0,204.0,-1.1875,3.269531,-9.953125,,,,,,,,,,
acc,1778672785.0,204.0,-1.109375,3.191406,-9.730469,,,,,,,,,,
acc,1778672785.0,204.0,-1.261719,3.152344,-9.875,,,,,,,,,,
acc,1778672785.0,204.0,-1.300781,3.039062,-10.152344,,,,,,,,,,
acc,1778672785.0,204.0,-1.222656,3.117188,-9.914062,,,,,,,,,,
acc,1778672785.0,204.0,-1.1875,3.039062,-9.609375,,,,,,,,,,
acc,1778672785.0,204.0,-1.222656,2.847656,-9.839844,,,,,,,,,,
acc,1778672785.0,204.0,-1.03125,2.464844,-9.492188,,,,,,,,,,
acc,1778672785.0,204.0,-1.1875,2.195312,-9.796875,,,,,,,,,,
acc,1778672785.0,204.0,-1.109375,2.347656,-9.414062,,,,,,,,,,
acc,1778672785.0,204.0,-1.109375,2.65625,-9.761719,,,,,,,,,,
acc,1778672785.0,204.0,-1.148438,2.578125,-9.613281,,,,,,,,,,
acc,1778672785.0,204.0,-1.109375,3.117188,-9.6875,,,,,,,,,,
acc,1778672785.0,204.0,-1.261719,3.152344,-10.109375,,,,,,,,,,
acc,1778672785.0,204.0,-1.378906,3.117188,-9.800781,,,,,,,,,,
acc,1778672785.0,204.0,-1.453125,3.0,-9.726562,,,,,,,,,,
acc,1778672785.0,204.0,-1.300781,2.808594,-10.070312,,,,,,,,,,
acc,1778672785.0,204.0,-1.222656,2.847656,-9.761719,,,,,,,,,,
acc,1778672785.0,204.0,-1.339844,2.925781,-9.691406,,,,,,,,,,
acc,1778672785.0,204.0,-1.453125,2.617188,-9.917969,,,,,,,,,,
acc,1778672785.0,204.0,-1.378906,2.539062,-9.691406,,,,,,,,,,
acc,1778672785.0,204.0,-1.300781,2.847656,-9.992188,,,,,,,,,,
acc,1778672785.0,204.0,-1.453125,2.925781,-10.070312,,,,,,,,,,
acc,1778672785.0,204.0,-1.453125,2.769531,-9.957031,,,,,,,,,,
acc,1778672785.0,204.0,-1.339844,2.617188,-10.074219,,,,,,,,,,
acc,1778672785.0,204.0,-1.261719,2.503906,-10.070312,,,,,,,,,,
acc,1778672785.0,204.0,-1.261719,2.042969,-10.035156,,,,,,,,,,
acc,1778672785.0,204.0,-1.222656,2.15625,-10.335938,,,,,,,,,,
acc,1778672785.0,204.0,-1.378906,2.425781,-9.914062,,,,,,,,,,
acc,1778672785.0,204.0,-1.222656,3.117188,-10.148438,,,,,,,,,,
acc,1778672785.0,204.0,-1.378906,2.886719,-9.957031,,,,,,,,,,
acc,1778672785.0,204.0,-1.53125,2.730469,-10.109375,,,,,,,,,,
acc,1778672785.0,204.0,-1.414062,3.117188,-10.113281,,,,,,,,,,
acc,1778672785.0,204.0,-1.378906,2.769531,-9.992188,,,,,,,,,,
acc,1778672785.0,204.0,-1.300781,3.0,-10.113281,,,,,,,,,,
acc,1778672785.0,204.0,-1.339844,3.117188,-9.835938,,,,,,,,,,
acc,1778672785.0,204.0,-1.339844,3.308594,-10.109375,,,,,,,,,,
acc,1778672785.0,204.0,-1.339844,3.5,-9.492188,,,,,,,,,,
acc,1778672785.0,204.0,-1.222656,3.191406,-9.917969,,,,,,,,,,
acc,1778672785.0,204.0,-1.222656,2.847656,-9.6875,,,,,,,,,,
acc,1778672785.0,204.0,-1.261719,3.117188,-9.875,,,,,,,,,,
acc,1778672785.0,204.0,-1.261719,3.078125,-9.835938,,,,,,,,,,
acc,1778672785.0,204.0,-1.300781,2.886719,-9.730469,,,,,,,,,,
acc,1778672785.0,204.0,-1.222656,2.730469,-10.179688,,,,,,,,,,
acc,1778672785.0,204.0,-1.148438,2.539062,-9.839844,,,,,,,,,,
acc,1778672785.0,204.0,-1.1875,2.886719,-9.839844,,,,,,,,,,
acc,1778672785.0,204.0,-1.109375,2.695312,-9.730469,,,,,,,,,,
acc,1778672785.0,204.0,-1.148438,2.808594,-9.878906,,,,,,,,,,
acc,1778672785.0,204.0,-1.070312,3.117188,-9.691406,,,,,,,,,,
acc,1778672785.0,204.0,-0.996094,3.0,-9.953125,,,,,,,,,,
acc,1778672785.0,204.0,-1.03125,3.0,-9.726562,,,,,,,,,,
acc,1778672785.0,204.0,-1.222656,2.769531,-9.914062,,,,,,,,,,
acc,1778672785.0,204.0,-1.148438,2.695312,-10.03125,,,,,,,,,,
acc,1778672785.0,204.0,-1.1875,2.769531,-9.757812,,,,,,,,,,
acc,1778672785.0,204.0,-1.1875,2.695312,-10.035156,,,,,,,,,,
acc,1778672785.0,204.0,-1.1875,2.847656,-9.761719,,,,,,,,,,
acc,1778672785.0,204.0,-1.1875,3.039062,-9.492188,,,,,,,,,,
acc,1778672785.0,204.0,-1.109375,3.039062,-9.957031,,,,,,,,,,
acc,1778672785.0,204.0,-0.996094,3.039062,-9.492188,,,,,,,,,,
acc,1778672785.0,204.0,-1.109375,2.925781,-9.726562,,,,,,,,,,
acc,1778672785.0,204.0,-1.261719,2.808594,-9.992188,,,,,,,,,,
acc,1778672785.0,204.0,-1.148438,2.808594,-9.6875,,,,,,,,,,
acc,1778672785.0,204.0,-1.261719,3.230469,-9.761719,,,,,,,,,,
acc,1778672785.0,204.0,-1.1875,3.269531,-9.800781,,,,,,,,,,
acc,1778672785.0,204.0,-1.378906,3.117188,-9.757812,,,,,,,,,,
acc,1778672785.0,204.0,-1.570312,3.230469,-9.796875,,,,,,,,,,
acc,1778672785.0,204.0,-1.53125,3.230469,-10.109375,,,,,,,,,,
acc,1778672785.0,204.0,-1.453125,3.269531,-9.761719,,,,,,,,,,
acc,1778672785.0,204.0,-1.492188,2.886719,-9.800781,,,,,,,,,,
acc,1778672785.0,204.0,-1.605469,2.960938,-9.800781,,,,,,,,,,
acc,1778672785.0,204.0,-1.414062,2.925781,-9.839844,,,,,,,,,,
acc,1778672785.0,204.0,-1.339844,2.847656,-9.796875,,,,,,,,,,
acc,1778672785.0,204.0,-1.414062,2.808594,-9.6875,,,,,,,,,,
acc,1778672785.0,204.0,-1.339844,2.539062,-10.03125,,,,,,,,,,
acc,1778672785.0,204.0,-1.261719,2.769531,-9.574219,,,,,,,,,,
acc,1778672785.0,204.0,-1.222656,2.695312,-9.652344,,,,,,,,,,
acc,1778672785.0,204.0,-1.148438,2.847656,-9.992188,,,,,,,,,,
acc,1778672785.0,204.0,-1.339844,2.925781,-9.574219,,,,,,,,,,
acc,1778672785.0,204.0,-1.300781,2.730469,-9.953125,,,,,,,,,,
acc,1778672785.0,204.0,-1.109375,2.730469,-9.609375,,,,,,,,,,
acc,1778672785.0,204.0,-1.109375,2.886719,-9.648438,,,,,,,,,,
acc,1778672786.0,205.0,-1.1875,3.039062,-9.914062,,,,,,,,,,
acc,1778672786.0,205.0,-1.1875,3.117188,-9.609375,,,,,,,,,,
acc,1778672786.0,205.0,-1.1875,2.960938,-9.691406,,,,,,,,,,
acc,1778672786.0,205.0,-1.261719,3.078125,-9.875,,,,,,,,,,
acc,1778672786.0,205.0,-1.148438,2.65625,-9.726562,,,,,,,,,,
acc,1778672786.0,205.0,-1.148438,2.730469,-9.914062,,,,,,,,,,
acc,1778672786.0,205.0,-1.148438,2.695312,-9.730469,,,,,,,,,,
acc,1778672786.0,205.0,-1.1875,2.695312,-10.035156,,,,,,,,,,
acc,1778672786.0,205.0,-1.261719,3.0,-9.875,,,,,,,,,,
acc,1778672786.0,205.0,-1.339844,3.230469,-9.996094,,,,,,,,,,
acc,1778672786.0,205.0,-1.222656,3.191406,-9.917969,,,,,,,,,,
acc,1778672786.0,205.0,-1.222656,3.078125,-9.730469,,,,,,,,,,
acc,1778672786.0,205.0,-1.222656,2.925781,-10.074219,,,,,,,,,,
acc,1778672786.0,205.0,-1.261719,3.0,-9.730469,,,,,,,,,,
acc,1778672786.0,205.0,-1.300781,3.191406,-9.992188,,,,,,,,,,
acc,1778672786.0,205.0,-1.339844,3.269531,-9.953125,,,,,,,,,,
acc,1778672786.0,205.0,-1.339844,3.34375,-9.875,,,,,,,,,,
acc,1778672786.0,205.0,-1.414062,3.382812,-9.996094,,,,,,,,,,
acc,1778672786.0,205.0,-1.339844,3.078125,-9.835938,,,,,,,,,,
acc,1778672786.0,205.0,-1.378906,3.191406,-9.996094,,,,,,,,,,
acc,1778672786.0,205.0,-1.453125,2.925781,-9.796875,,,,,,,,,,
acc,1778672786.0,205.0,-1.378906,2.925781,-9.914062,,,,,,,,,,
acc,1778672786.0,205.0,-1.300781,3.152344,-9.613281,,,,,,,,,,
acc,1778672786.0,205.0,-1.261719,3.0,-9.730469,,,,,,,,,,
acc,1778672786.0,205.0,-1.109375,2.808594,-9.917969,,,,,,,,,,
acc,1778672786.0,205.0,-1.070312,2.960938,-9.414062,,,,,,,,,,
acc,1778672786.0,205.0,-1.148438,3.230469,-9.757812,,,,,,,,,,
acc,1778672786.0,205.0,-1.03125,3.0,-9.6875,,,,,,,,,,
acc,1778672786.0,205.0,-0.917969,2.960938,-9.574219,,,,,,,,,,
acc,1778672786.0,205.0,-1.03125,3.117188,-9.761719,,,,,,,,,,
acc,1778672786.0,205.0,-1.03125,3.117188,-9.761719,,,,,,,,,,
acc,1778672786.0,205.0,-1.070312,3.191406,-9.613281,,,,,,,,,,
acc,1778672786.0,205.0,-1.148438,3.117188,-9.917969,,,,,,,,,,
acc,1778672786.0,205.0,-1.1875,2.925781,-9.648438,,,,,,,,,,
acc,1778672786.0,205.0,-1.222656,2.925781,-9.835938,,,,,,,,,,
acc,1778672786.0,205.0,-1.261719,2.847656,-9.726562,,,,,,,,,,
acc,1778672786.0,205.0,-1.378906,2.847656,-9.726562,,,,,,,,,,
acc,1778672786.0,205.0,-1.453125,3.230469,-9.800781,,,,,,,,,,
acc,1778672786.0,205.0,-1.414062,3.460938,-9.796875,,,,,,,,,,
acc,1778672786.0,205.0,-1.453125,3.382812,-9.726562,,,,,,,,,,
acc,1778672786.0,205.0,-1.492188,3.421875,-9.875,,,,,,,,,,
acc,1778672786.0,205.0,-1.453125,3.269531,-9.726562,,,,,,,,,,
acc,1778672786.0,205.0,-1.414062,3.34375,-9.761719,,,,,,,,,,
acc,1778672786.0,205.0,-1.378906,3.191406,-9.796875,,,,,,,,,,
acc,1778672786.0,205.0,-1.339844,3.269531,-9.800781,,,,,,,,,,
acc,1778672786.0,205.0,-1.414062,3.308594,-9.761719,,,,,,,,,,
acc,1778672786.0,205.0,-1.300781,3.308594,-9.957031,,,,,,,,,,
acc,1778672786.0,205.0,-1.378906,3.421875,-9.652344,,,,,,,,,,
acc,1778672786.0,205.0,-1.378906,3.308594,-10.109375,,,,,,,,,,
acc,1778672786.0,205.0,-1.378906,3.460938,-9.953125,,,,,,,,,,
acc,1778672786.0,205.0,-1.300781,3.152344,-9.726562,,,,,,,,,,
acc,1778672786.0,205.0,-1.261719,3.269531,-10.03125,,,,,,,,,,
acc,1778672786.0,205.0,-1.222656,3.230469,-9.652344,,,,,,,,,,
acc,1778672786.0,205.0,-1.261719,3.34375,-9.992188,,,,,,,,,,
acc,1778672786.0,205.0,-1.261719,3.613281,-9.53125,,,,,,,,,,
acc,1778672786.0,205.0,-1.222656,3.5,-9.992188,,,,,,,,,,
acc,1778672786.0,205.0,-1.1875,3.535156,-9.691406,,,,,,,,,,
acc,1778672786.0,205.0,-1.109375,3.308594,-9.761719,,,,,,,,,,
acc,1778672786.0,205.0,-1.222656,3.382812,-9.648438,,,,,,,,,,
acc,1778672786.0,205.0,-1.1875,3.0,-9.875,,,,,,,,,,
acc,1778672786.0,205.0,-1.070312,2.925781,-9.53125,,,,,,,,,,
acc,1778672786.0,205.0,-1.300781,3.382812,-9.613281,,,,,,,,,,
acc,1778672786.0,205.0,-1.261719,3.269531,-9.953125,,,,,,,,,,
acc,1778672786.0,205.0,-1.148438,3.039062,-9.457031,,,,,,,,,,
acc,1778672786.0,205.0,-1.300781,3.152344,-10.070312,,,,,,,,,,
acc,1778672786.0,205.0,-1.570312,2.960938,-9.609375,,,,,,,,,,
acc,1778672786.0,205.0,-1.453125,3.191406,-9.953125,,,,,,,,,,
acc,1778672786.0,205.0,-1.414062,3.460938,-9.957031,,,,,,,,,,
acc,1778672786.0,205.0,-1.414062,2.925781,-9.6875,,,,,,,,,,
acc,1778672786.0,205.0,-1.261719,3.039062,-10.03125,,,,,,,,,,
acc,1778672786.0,205.0,-1.1875,3.078125,-9.875,,,,,,,,,,
acc,1778672786.0,205.0,-1.1875,3.191406,-9.957031,,,,,,,,,,
acc,1778672786.0,205.0,-1.109375,3.039062,-9.878906,,,,,,,,,,
acc,1778672786.0,205.0,-1.03125,3.078125,-10.179688,,,,,,,,,,
acc,1778672786.0,205.0,-1.109375,3.269531,-9.570312,,,,,,,,,,
acc,1778672786.0,205.0,-0.957031,3.460938,-10.03125,,,,,,,,,,
acc,1778672786.0,205.0,-0.957031,3.882812,-9.691406,,,,,,,,,,
acc,1778672786.0,205.0,-0.996094,3.613281,-9.609375,,,,,,,,,,
acc,1778672786.0,205.0,-0.957031,3.726562,-9.648438,,,,,,,,,,
acc,1778672786.0,205.0,-0.917969,3.691406,-9.761719,,,,,,,,,,
acc,1778672786.0,205.0,-0.996094,3.613281,-9.730469,,,,,,,,,,
acc,1778672786.0,205.0,-1.109375,3.613281,-9.535156,,,,,,,,,,
acc,1778672786.0,205.0,-1.109375,3.574219,-9.835938,,,,,,,,,,
acc,1778672786.0,205.0,-0.957031,3.574219,-9.839844,,,,,,,,,,
acc,1778672786.0,205.0,-0.957031,3.691406,-9.378906,,,,,,,,,,
acc,1778672786.0,205.0,-1.109375,3.613281,-9.957031,,,,,,,,,,
acc,1778672786.0,205.0,-0.917969,3.574219,-9.917969,,,,,,,,,,
acc,1778672786.0,205.0,-0.957031,3.382812,-9.609375,,,,,,,,,,
acc,1778672786.0,205.0,-0.917969,3.191406,-10.113281,,,,,,,,,,
acc,1778672786.0,205.0,-0.878906,3.308594,-9.835938,,,,,,,,,,
acc,1778672786.0,205.0,-1.03125,3.308594,-9.839844,,,,,,,,,,
acc,1778672786.0,205.0,-0.996094,3.308594,-9.953125,,,,,,,,,,
acc,1778672786.0,205.0,-0.726562,3.574219,-9.6875,,,,,,,,,,
acc,1778672786.0,205.0,-0.765625,3.574219,-9.609375,,,,,,,,,,
acc,1778672786.0,205.0,-0.878906,3.535156,-9.835938,,,,,,,,,,
acc,1778672786.0,205.0,-0.765625,3.0,-9.761719,,,,,,,,,,
acc,1778672786.0,205.0,-0.804688,3.078125,-9.535156,,,,,,,,,,
acc,1778672786.0,205.0,-0.917969,3.230469,-9.839844,,,,,,,,,,
acc,1778672786.0,205.0,-0.996094,3.382812,-9.453125,,,,,,,,,,
acc,1778672786.0,205.0,-0.917969,3.230469,-9.613281,,,,,,,,,,
acc,1778672786.0,205.0,-0.917969,3.308594,-9.492188,,,,,,,,,,
acc,1778672786.0,205.0,-0.839844,3.574219,-9.570312,,,,,,,,,,
acc,1778672786.0,205.0,-0.917969,3.460938,-9.414062,,,,,,,,,,
acc,1778672786.0,205.0,-0.878906,3.535156,-10.03125,,,,,,,,,,
acc,1778672786.0,205.0,-0.996094,3.765625,-9.613281,,,,,,,,,,
acc,1778672786.0,205.0,-1.070312,3.691406,-9.996094,,,,,,,,,,
acc,1778672786.0,205.0,-1.070312,3.613281,-9.992188,,,,,,,,,,
acc,1778672786.0,205.0,-1.03125,3.691406,-9.953125,,,,,,,,,,
acc,1778672786.0,205.0,-1.03125,3.535156,-10.113281,,,,,,,,,,
acc,1778672786.0,205.0,-0.765625,3.078125,-9.796875,,,,,,,,,,
acc,1778672786.0,205.0,-0.765625,3.5,-10.152344,,,,,,,,,,
acc,1778672786.0,205.0,-0.804688,3.535156,-9.839844,,,,,,,,,,
acc,1778672786.0,205.0,-0.765625,3.535156,-9.878906,,,,,,,,,,
acc,1778672786.0,205.0,-0.726562,3.535156,-9.914062,,,,,,,,,,
acc,1778672786.0,205.0,-0.726562,3.078125,-9.914062,,,,,,,,,,
acc,1778672786.0,205.0,-0.613281,3.230469,-9.839844,,,,,,,,,,
acc,1778672786.0,205.0,-0.535156,3.269531,-9.914062,,,,,,,,,,
acc,1778672786.0,205.0,-0.535156,3.191406,-9.726562,,,,,,,,,,
acc,1778672786.0,205.0,-0.34375,3.691406,-9.957031,,,,,,,,,,
acc,1778672786.0,205.0,-0.304688,3.117188,-9.496094,,,,,,,,,,
acc,1778672786.0,205.0,-0.34375,3.574219,-9.996094,,,,,,,,,,
acc,1778672786.0,205.0,-0.417969,3.421875,-9.796875,,,,,,,,,,
acc,1778672786.0,205.0,-0.417969,3.230469,-9.761719,,,,,,,,,,
acc,1778672787.0,206.0,-0.648438,3.535156,-9.726562,,,,,,,,,,
acc,1778672787.0,206.0,-0.6875,3.191406,-9.917969,,,,,,,,,,
acc,1778672787.0,206.0,-0.648438,3.34375,-9.996094,,,,,,,,,,
acc,1778672787.0,206.0,-0.6875,3.652344,-9.800781,,,,,,,,,,
acc,1778672787.0,206.0,-0.6875,3.613281,-10.074219,,,,,,,,,,
acc,1778672787.0,206.0,-0.726562,3.691406,-9.796875,,,,,,,,,,
acc,1778672787.0,206.0,-0.726562,3.804688,-9.917969,,,,,,,,,,
acc,1778672787.0,206.0,-0.535156,3.804688,-9.957031,,,,,,,,,,
acc,1778672787.0,206.0,-0.574219,3.726562,-9.496094,,,,,,,,,,
acc,1778672787.0,206.0,-0.535156,3.382812,-9.800781,,,,,,,,,,
acc,1778672787.0,206.0,-0.535156,3.421875,-9.378906,,,,,,,,,,
acc,1778672787.0,206.0,-0.457031,3.191406,-9.613281,,,,,,,,,,
acc,1778672787.0,206.0,-0.34375,3.230469,-9.652344,,,,,,,,,,
acc,1778672787.0,206.0,-0.265625,3.460938,-9.570312,,,,,,,,,,
acc,1778672787.0,206.0,-0.457031,3.652344,-9.835938,,,,,,,,,,
acc,1778672787.0,206.0,-0.417969,3.882812,-9.492188,,,,,,,,,,
acc,1778672787.0,206.0,-0.382812,3.996094,-9.53125,,,,,,,,,,
acc,1778672787.0,206.0,-0.226562,4.113281,-9.492188,,,,,,,,,,
acc,1778672787.0,206.0,-0.074219,3.996094,-9.917969,,,,,,,,,,
acc,1778672787.0,206.0,-0.265625,4.1875,-9.152344,,,,,,,,,,
acc,1778672787.0,206.0,-0.382812,4.226562,-9.914062,,,,,,,,,,
acc,1778672787.0,206.0,-0.34375,3.84375,-9.691406,,,,,,,,,,
acc,1778672787.0,206.0,-0.382812,3.652344,-9.609375,,,,,,,,,,
acc,1778672787.0,206.0,-0.535156,3.460938,-9.953125,,,,,,,,,,
acc,1778672787.0,206.0,-0.417969,3.34375,-9.691406,,,,,,,,,,
acc,1778672787.0,206.0,-0.113281,2.886719,-9.796875,,,,,,,,,,
acc,1778672787.0,206.0,-0.074219,3.421875,-9.691406,,,,,,,,,,
acc,1778672787.0,206.0,-0.152344,3.535156,-9.875,,,,,,,,,,
acc,1778672787.0,206.0,-0.265625,3.269531,-9.996094,,,,,,,,,,
acc,1778672787.0,206.0,-0.191406,3.421875,-9.953125,,,,,,,,,,
acc,1778672787.0,206.0,-0.304688,3.34375,-9.878906,,,,,,,,,,
acc,1778672787.0,206.0,-0.417969,3.230469,-10.152344,,,,,,,,,,
acc,1778672787.0,206.0,-0.34375,3.5,-9.992188,,,,,,,,,,
acc,1778672787.0,206.0,-0.265625,3.5,-10.296875,,,,,,,,,,
acc,1778672787.0,206.0,-0.304688,3.84375,-9.761719,,,,,,,,,,
acc,1778672787.0,206.0,-0.34375,3.921875,-10.070312,,,,,,,,,,
acc,1778672787.0,206.0,-0.113281,3.84375,-10.074219,,,,,,,,,,
acc,1778672787.0,206.0,-0.035156,4.035156,-9.835938,,,,,,,,,,
acc,1778672787.0,206.0,-0.152344,3.84375,-9.492188,,,,,,,,,,
acc,1778672787.0,206.0,-0.113281,3.421875,-9.652344,,,,,,,,,,
acc,1778672787.0,206.0,-0.152344,3.421875,-9.6875,,,,,,,,,,
acc,1778672787.0,206.0,-0.074219,3.613281,-9.535156,,,,,,,,,,
acc,1778672787.0,206.0,0.117188,3.613281,-9.453125,,,,,,,,,,
acc,1778672787.0,206.0,0.191406,4.113281,-9.417969,,,,,,,,,,
acc,1778672787.0,206.0,0.078125,3.535156,-9.730469,,,,,,,,,,
acc,1778672787.0,206.0,0.191406,3.308594,-9.34375,,,,,,,,,,
acc,1778672787.0,206.0,0.117188,3.34375,-9.453125,,,,,,,,,,
acc,1778672787.0,206.0,0.078125,3.34375,-9.875,,,,,,,,,,
acc,1778672787.0,206.0,0.117188,3.34375,-9.492188,,,,,,,,,,
acc,1778672787.0,206.0,0.0,3.308594,-9.757812,,,,,,,,,,
acc,1778672787.0,206.0,-0.074219,3.34375,-9.839844,,,,,,,,,,
acc,1778672787.0,206.0,-0.113281,3.535156,-9.691406,,,,,,,,,,
acc,1778672787.0,206.0,-0.035156,3.921875,-9.839844,,,,,,,,,,
acc,1778672787.0,206.0,0.039062,3.652344,-9.835938,,,,,,,,,,
acc,1778672787.0,206.0,0.0,3.5,-9.609375,,,,,,,,,,
acc,1778672787.0,206.0,-0.113281,3.230469,-9.796875,,,,,,,,,,
acc,1778672787.0,206.0,0.039062,3.039062,-9.648438,,,,,,,,,,
acc,1778672787.0,206.0,0.117188,3.0,-9.648438,,,,,,,,,,
acc,1778672787.0,206.0,0.039062,3.152344,-9.574219,,,,,,,,,,
acc,1778672787.0,206.0,-0.265625,3.308594,-9.652344,,,,,,,,,,
acc,1778672787.0,206.0,-0.34375,3.535156,-9.691406,,,,,,,,,,
acc,1778672787.0,206.0,-0.191406,3.726562,-9.957031,,,,,,,,,,
acc,1778672787.0,206.0,-0.304688,3.421875,-9.992188,,,,,,,,,,
acc,1778672787.0,206.0,-0.382812,3.230469,-10.035156,,,,,,,,,,
acc,1778672787.0,206.0,-0.34375,3.5,-9.835938,,,,,,,,,,
acc,1778672787.0,206.0,-0.34375,3.039062,-9.730469,,,,,,,,,,
acc,1778672787.0,206.0,-0.265625,2.617188,-9.878906,,,,,,,,,,
acc,1778672787.0,206.0,-0.265625,2.847656,-9.953125,,,,,,,,,,
acc,1778672787.0,206.0,-0.417969,3.230469,-9.796875,,,,,,,,,,
acc,1778672787.0,206.0,-0.613281,3.535156,-9.835938,,,,,,,,,,
acc,1778672787.0,206.0,-0.496094,3.574219,-10.152344,,,,,,,,,,
acc,1778672787.0,206.0,-0.496094,3.460938,-9.953125,,,,,,,,,,
acc,1778672787.0,206.0,-0.574219,3.535156,-9.957031,,,,,,,,,,
acc,1778672787.0,206.0,-0.34375,3.613281,-9.953125,,,,,,,,,,
acc,1778672787.0,206.0,-0.152344,3.460938,-9.757812,,,,,,,,,,
acc,1778672787.0,206.0,-0.152344,3.765625,-9.570312,,,,,,,,,,
acc,1778672787.0,206.0,-0.191406,3.652344,-9.957031,,,,,,,,,,
acc,1778672787.0,206.0,-0.34375,3.613281,-9.648438,,,,,,,,,,
acc,1778672787.0,206.0,-0.457031,3.5,-10.148438,,,,,,,,,,
acc,1778672787.0,206.0,-0.382812,3.152344,-9.992188,,,,,,,,,,
acc,1778672787.0,206.0,-0.457031,2.886719,-9.796875,,,,,,,,,,
acc,1778672787.0,206.0,-0.417969,2.769531,-10.03125,,,,,,,,,,
acc,1778672787.0,206.0,-0.417969,3.308594,-9.875,,,,,,,,,,
acc,1778672787.0,206.0,-0.34375,3.574219,-9.996094,,,,,,,,,,
acc,1778672787.0,206.0,-0.265625,3.726562,-9.917969,,,,,,,,,,
acc,1778672787.0,206.0,-0.265625,3.765625,-10.148438,,,,,,,,,,
acc,1778672787.0,206.0,-0.457031,3.921875,-9.996094,,,,,,,,,,
acc,1778672787.0,206.0,-0.535156,3.726562,-10.03125,,,,,,,,,,
acc,1778672787.0,206.0,-0.382812,3.613281,-10.074219,,,,,,,,,,
acc,1778672787.0,206.0,-0.304688,3.382812,-9.957031,,,,,,,,,,
acc,1778672787.0,206.0,-0.457031,3.460938,-10.074219,,,,,,,,,,
acc,1778672787.0,206.0,-0.496094,3.5,-9.953125,,,,,,,,,,
acc,1778672787.0,206.0,-0.535156,3.613281,-10.148438,,,,,,,,,,
acc,1778672787.0,206.0,-0.457031,3.421875,-10.070312,,,,,,,,,,
acc,1778672787.0,206.0,-0.382812,3.269531,-10.183594,,,,,,,,,,
acc,1778672787.0,206.0,-0.496094,3.34375,-9.875,,,,,,,,,,
acc,1778672787.0,206.0,-0.457031,3.535156,-10.148438,,,,,,,,,,
acc,1778672787.0,206.0,-0.457031,3.765625,-9.878906,,,,,,,,,,
acc,1778672787.0,206.0,-0.304688,3.84375,-9.996094,,,,,,,,,,
acc,1778672787.0,206.0,-0.304688,3.957031,-9.957031,,,,,,,,,,
acc,1778672787.0,206.0,-0.496094,4.148438,-10.035156,,,,,,,,,,
acc,1778672787.0,206.0,-0.457031,4.035156,-9.914062,,,,,,,,,,
acc,1778672787.0,206.0,-0.265625,3.613281,-9.839844,,,,,,,,,,
acc,1778672787.0,206.0,-0.113281,3.269531,-10.074219,,,,,,,,,,
acc,1778672787.0,206.0,-0.265625,3.382812,-9.6875,,,,,,,,,,
acc,1778672787.0,206.0,-0.382812,3.460938,-9.835938,,,,,,,,,,
acc,1778672787.0,206.0,-0.265625,3.691406,-9.757812,,,,,,,,,,
acc,1778672787.0,206.0,-0.265625,3.652344,-9.652344,,,,,,,,,,
acc,1778672787.0,206.0,-0.34375,3.691406,-9.996094,,,,,,,,,,
acc,1778672787.0,206.0,-0.417969,3.765625,-9.613281,,,,,,,,,,
acc,1778672787.0,206.0,-0.535156,3.804688,-9.957031,,,,,,,,,,
acc,1778672787.0,206.0,-0.382812,3.535156,-9.800781,,,,,,,,,,
acc,1778672787.0,206.0,-0.152344,3.726562,-10.03125,,,,,,,,,,
acc,1778672787.0,206.0,-0.304688,3.652344,-9.6875,,,,,,,,,,
acc,1778672787.0,206.0,-0.574219,3.382812,-9.6875,,,,,,,,,,
acc,1778672787.0,206.0,-0.535156,3.535156,-10.183594,,,,,,,,,,
acc,1778672787.0,206.0,-0.265625,3.421875,-9.914062,,,,,,,,,,
acc,1778672787.0,206.0,-0.152344,3.269531,-9.730469,,,,,,,,,,
acc,1778672787.0,206.0,-0.535156,3.613281,-9.992188,,,,,,,,,,
acc,1778672787.0,206.0,-0.574219,3.5,-9.957031,,,,,,,,,,
acc,1778672787.0,206.0,-0.535156,3.5,-9.800781,,,,,,,,,,
acc,1778672787.0,206.0,-0.382812,3.460938,-9.992188,,,,,,,,,,
acc,1778672787.0,206.0,-0.382812,3.460938,-9.875,,,,,,,,,,
acc,1778672787.0,206.0,-0.535156,3.269531,-9.875,,,,,,,,,,
acc,1778672787.0,206.0,-0.496094,3.117188,-9.730469,,,,,,,,,,
acc,1778672787.0,206.0,-0.457031,3.078125,-9.953125,,,,,,,,,,
acc,1778672787.0,206.0,-0.34375,3.34375,-9.574219,,,,,,,,,,
acc,1778672788.0,207.0,-0.382812,3.34375,-9.953125,,,,,,,,,,
acc,1778672788.0,207.0,-0.457031,3.382812,-9.757812,,,,,,,,,,
acc,1778672788.0,207.0,-0.457031,3.535156,-9.757812,,,,,,,,,,
acc,1778672788.0,207.0,-0.382812,3.308594,-9.875,,,,,,,,,,
acc,1778672788.0,207.0,-0.34375,3.308594,-9.800781,,,,,,,,,,
acc,1778672788.0,207.0,-0.417969,3.613281,-9.953125,,,,,,,,,,
acc,1778672788.0,207.0,-0.304688,3.726562,-9.652344,,,,,,,,,,
acc,1778672788.0,207.0,-0.304688,4.074219,-9.953125,,,,,,,,,,
acc,1778672788.0,207.0,-0.34375,4.074219,-9.761719,,,,,,,,,,
acc,1778672788.0,207.0,-0.496094,3.996094,-9.730469,,,,,,,,,,
acc,1778672788.0,207.0,-0.496094,3.804688,-9.996094,,,,,,,,,,
acc,1778672788.0,207.0,-0.304688,3.269531,-9.457031,,,,,,,,,,
acc,1778672788.0,207.0,-0.304688,3.574219,-9.800781,,,,,,,,,,
acc,1778672788.0,207.0,-0.382812,3.308594,-9.609375,,,,,,,,,,
acc,1778672788.0,207.0,-0.34375,3.152344,-9.648438,,,,,,,,,,
acc,1778672788.0,207.0,-0.304688,3.5,-9.839844,,,,,,,,,,
acc,1778672788.0,207.0,-0.417969,3.574219,-9.917969,,,,,,,,,,
acc,1778672788.0,207.0,-0.382812,3.613281,-9.800781,,,,,,,,,,
acc,1778672788.0,207.0,-0.226562,3.652344,-9.691406,,,,,,,,,,
acc,1778672788.0,207.0,-0.191406,4.113281,-9.726562,,,,,,,,,,
acc,1778672788.0,207.0,-0.304688,3.535156,-9.378906,,,,,,,,,,
acc,1778672788.0,207.0,-0.34375,3.574219,-10.070312,,,,,,,,,,
acc,1778672788.0,207.0,-0.34375,3.308594,-9.574219,,,,,,,,,,
acc,1778672788.0,207.0,-0.457031,3.382812,-9.835938,,,,,,,,,,
acc,1778672788.0,207.0,-0.457031,3.308594,-9.875,,,,,,,,,,
acc,1778672788.0,207.0,-0.417969,3.652344,-9.648438,,,,,,,,,,
acc,1778672788.0,207.0,-0.457031,3.882812,-9.992188,,,,,,,,,,
acc,1778672788.0,207.0,-0.382812,3.5,-9.53125,,,,,,,,,,
acc,1778672788.0,207.0,-0.34375,3.5,-9.835938,,,,,,,,,,
acc,1778672788.0,207.0,-0.417969,3.191406,-9.6875,,,,,,,,,,
acc,1778672788.0,207.0,-0.417969,3.230469,-9.652344,,,,,,,,,,
acc,1778672788.0,207.0,-0.34375,3.5,-9.757812,,,,,,,,,,
acc,1778672788.0,207.0,-0.226562,3.269531,-9.691406,,,,,,,,,,
acc,1778672788.0,207.0,-0.382812,3.34375,-9.691406,,,,,,,,,,
acc,1778672788.0,207.0,-0.382812,3.308594,-9.914062,,,,,,,,,,
acc,1778672788.0,207.0,-0.226562,3.191406,-9.613281,,,,,,,,,,
acc,1778672788.0,207.0,-0.34375,3.535156,-9.648438,,,,,,,,,,
acc,1778672788.0,207.0,-0.34375,3.535156,-9.914062,,,,,,,,,,
acc,1778672788.0,207.0,-0.191406,3.921875,-9.53125,,,,,,,,,,
acc,1778672788.0,207.0,-0.382812,3.765625,-9.613281,,,,,,,,,,
acc,1778672788.0,207.0,-0.382812,3.726562,-9.875,,,,,,,,,,
acc,1778672788.0,207.0,-0.304688,3.804688,-9.574219,,,,,,,,,,
acc,1778672788.0,207.0,-0.457031,3.613281,-9.875,,,,,,,,,,
acc,1778672788.0,207.0,-0.457031,3.613281,-9.757812,,,,,,,,,,
acc,1778672788.0,207.0,-0.382812,3.921875,-9.917969,,,,,,,,,,
acc,1778672788.0,207.0,-0.417969,3.957031,-9.875,,,,,,,,,,
acc,1778672788.0,207.0,-0.457031,3.652344,-9.492188,,,,,,,,,,
acc,1778672788.0,207.0,-0.191406,3.652344,-9.839844,,,,,,,,,,
acc,1778672788.0,207.0,-0.074219,3.574219,-9.574219,,,,,,,,,,
acc,1778672788.0,207.0,-0.152344,3.613281,-9.347656,,,,,,,,,,
acc,1778672788.0,207.0,-0.304688,3.460938,-9.917969,,,,,,,,,,
acc,1778672788.0,207.0,-0.265625,3.269531,-9.496094,,,,,,,,,,
acc,1778672788.0,207.0,-0.304688,3.84375,-9.839844,,,,,,,,,,
acc,1778672788.0,207.0,-0.304688,3.382812,-9.917969,,,,,,,,,,
acc,1778672788.0,207.0,-0.304688,3.5,-9.839844,,,,,,,,,,
acc,1778672788.0,207.0,-0.574219,3.921875,-9.730469,,,,,,,,,,
acc,1778672788.0,207.0,-0.535156,3.421875,-10.035156,,,,,,,,,,
acc,1778672788.0,207.0,-0.191406,3.5,-9.570312,,,,,,,,,,
acc,1778672788.0,207.0,-0.304688,3.652344,-9.761719,,,,,,,,,,
acc,1778672788.0,207.0,-0.496094,3.574219,-9.996094,,,,,,,,,,
acc,1778672788.0,207.0,-0.304688,3.5,-9.496094,,,,,,,,,,
acc,1778672788.0,207.0,-0.152344,3.5,-9.730469,,,,,,,,,,
acc,1778672788.0,207.0,-0.226562,3.382812,-9.53125,,,,,,,,,,
acc,1778672788.0,207.0,-0.304688,3.460938,-9.839844,,,,,,,,,,
acc,1778672788.0,207.0,-0.417969,3.535156,-9.609375,,,,,,,,,,
acc,1778672788.0,207.0,-0.382812,3.460938,-9.648438,,,,,,,,,,
acc,1778672788.0,207.0,-0.226562,3.652344,-9.648438,,,,,,,,,,
acc,1778672788.0,207.0,-0.265625,3.535156,-9.535156,,,,,,,,,,
acc,1778672788.0,207.0,-0.304688,3.613281,-9.796875,,,,,,,,,,
acc,1778672788.0,207.0,-0.191406,3.574219,-9.574219,,,,,,,,,,
acc,1778672788.0,207.0,-0.152344,3.421875,-9.957031,,,,,,,,,,
acc,1778672788.0,207.0,-0.304688,3.574219,-9.730469,,,,,,,,,,
acc,1778672788.0,207.0,-0.613281,3.460938,-9.691406,,,,,,,,,,
acc,1778672788.0,207.0,-0.496094,3.460938,-9.914062,,,,,,,,,,
acc,1778672788.0,207.0,-0.457031,3.726562,-9.609375,,,,,,,,,,
acc,1778672788.0,207.0,-0.417969,3.652344,-9.691406,,,,,,,,,,
acc,1778672788.0,207.0,-0.457031,3.765625,-9.761719,,,,,,,,,,
acc,1778672788.0,207.0,-0.417969,3.996094,-9.609375,,,,,,,,,,
acc,1778672788.0,207.0,-0.457031,3.460938,-9.453125,,,,,,,,,,
acc,1778672788.0,207.0,-0.304688,3.691406,-9.609375,,,,,,,,,,
acc,1778672788.0,207.0,-0.304688,3.535156,-9.878906,,,,,,,,,,
acc,1778672788.0,207.0,-0.496094,3.5,-9.609375,,,,,,,,,,
acc,1778672788.0,207.0,-0.457031,3.613281,-9.835938,,,,,,,,,,
acc,1778672788.0,207.0,-0.265625,3.574219,-9.691406,,,,,,,,,,
acc,1778672788.0,207.0,-0.34375,3.5,-9.800781,,,,,,,,,,
acc,1778672788.0,207.0,-0.304688,3.269531,-9.917969,,,,,,,,,,
acc,1778672788.0,207.0,-0.417969,3.421875,-9.652344,,,,,,,,,,
acc,1778672788.0,207.0,-0.535156,3.535156,-9.757812,,,,,,,,,,
acc,1778672788.0,207.0,-0.34375,3.574219,-9.878906,,,,,,,,,,
acc,1778672788.0,207.0,-0.34375,3.613281,-9.730469,,,,,,,,,,
acc,1778672788.0,207.0,-0.34375,3.34375,-9.875,,,,,,,,,,
acc,1778672788.0,207.0,-0.417969,3.460938,-9.609375,,,,,,,,,,
acc,1778672788.0,207.0,-0.417969,3.574219,-9.570312,,,,,,,,,,
acc,1778672788.0,207.0,-0.191406,3.996094,-9.917969,,,,,,,,,,
acc,1778672788.0,207.0,-0.226562,3.996094,-9.304688,,,,,,,,,,
acc,1778672788.0,207.0,-0.152344,3.996094,-9.914062,,,,,,,,,,
acc,1778672788.0,207.0,-0.113281,3.921875,-9.6875,,,,,,,,,,
acc,1778672788.0,207.0,-0.113281,3.804688,-9.761719,,,,,,,,,,
acc,1778672788.0,207.0,-0.304688,3.460938,-9.878906,,,,,,,,,,
acc,1778672788.0,207.0,-0.265625,3.308594,-9.761719,,,,,,,,,,
acc,1778672788.0,207.0,-0.417969,3.117188,-9.875,,,,,,,,,,
acc,1778672788.0,207.0,-0.496094,3.230469,-9.6875,,,,,,,,,,
acc,1778672788.0,207.0,-0.457031,3.5,-9.875,,,,,,,,,,
acc,1778672788.0,207.0,-0.417969,3.613281,-9.648438,,,,,,,,,,
acc,1778672788.0,207.0,-0.535156,3.691406,-9.726562,,,,,,,,,,
acc,1778672788.0,207.0,-0.417969,3.726562,-9.914062,,,,,,,,,,
acc,1778672788.0,207.0,-0.417969,3.191406,-10.070312,,,,,,,,,,
acc,1778672788.0,207.0,-0.417969,3.308594,-9.492188,,,,,,,,,,
acc,1778672788.0,207.0,-0.304688,3.574219,-10.074219,,,,,,,,,,
acc,1778672788.0,207.0,-0.191406,3.230469,-9.609375,,,,,,,,,,
acc,1778672788.0,207.0,-0.152344,3.691406,-9.378906,,,,,,,,,,
acc,1778672788.0,207.0,-0.382812,3.84375,-9.875,,,,,,,,,,
acc,1778672788.0,207.0,-0.34375,3.804688,-9.535156,,,,,,,,,,
acc,1778672788.0,207.0,-0.34375,3.804688,-9.726562,,,,,,,,,,
acc,1778672788.0,207.0,-0.265625,3.804688,-9.914062,,,,,,,,,,
acc,1778672788.0,207.0,-0.226562,3.726562,-9.691406,,,,,,,,,,
acc,1778672788.0,207.0,-0.304688,3.84375,-9.726562,,,,,,,,,,
acc,1778672788.0,207.0,-0.265625,3.882812,-9.839844,,,,,,,,,,
acc,1778672788.0,207.0,-0.265625,3.613281,-9.652344,,,,,,,,,,
acc,1778672788.0,207.0,-0.191406,3.84375,-9.957031,,,,,,,,,,
acc,1778672788.0,207.0,-0.304688,3.804688,-9.730469,,,,,,,,,,
acc,1778672788.0,207.0,-0.34375,3.882812,-9.757812,,,,,,,,,,
acc,1778672788.0,207.0,-0.265625,3.726562,-9.726562,,,,,,,,,,
acc,1778672788.0,207.0,-0.152344,3.882812,-9.835938,,,,,,,,,,
acc,1778672788.0,207.0,-0.226562,3.957031,-9.492188,,,,,,,,,,
acc,1778672788.0,207.0,-0.304688,3.84375,-10.035156,,,,,,,,,,
acc,1778672788.0,207.0,-0.226562,3.882812,-9.609375,,,,,,,,,,
acc,1778672789.0,208.0,-0.191406,3.691406,-9.800781,,,,,,,,,,
acc,1778672789.0,208.0,-0.304688,3.84375,-9.878906,,,,,,,,,,
acc,1778672789.0,208.0,-0.304688,4.226562,-9.878906,,,,,,,,,,
acc,1778672789.0,208.0,-0.382812,4.265625,-9.878906,,,,,,,,,,
acc,1778672789.0,208.0,-0.457031,4.148438,-9.796875,,,,,,,,,,
acc,1778672789.0,208.0,-0.417969,3.765625,-10.070312,,,,,,,,,,
acc,1778672789.0,208.0,-0.457031,3.460938,-9.835938,,,,,,,,,,
acc,1778672789.0,208.0,-0.535156,3.574219,-9.957031,,,,,,,,,,
acc,1778672789.0,208.0,-0.535156,3.308594,-10.03125,,,,,,,,,,
acc,1778672789.0,208.0,-0.457031,3.191406,-9.535156,,,,,,,,,,
acc,1778672789.0,208.0,-0.304688,3.308594,-9.613281,,,,,,,,,,
acc,1778672789.0,208.0,-0.34375,3.5,-9.53125,,,,,,,,,,
acc,1778672789.0,208.0,-0.304688,3.574219,-9.648438,,,,,,,,,,
acc,1778672789.0,208.0,-0.34375,3.039062,-9.574219,,,,,,,,,,
acc,1778672789.0,208.0,-0.574219,2.886719,-9.757812,,,,,,,,,,
acc,1778672789.0,208.0,-0.574219,3.152344,-9.839844,,,,,,,,,,
acc,1778672789.0,208.0,-0.34375,3.117188,-9.835938,,,,,,,,,,
acc,1778672789.0,208.0,-0.34375,3.574219,-9.726562,,,,,,,,,,
acc,1778672789.0,208.0,-0.496094,3.230469,-9.917969,,,,,,,,,,
acc,1778672789.0,208.0,-0.6875,3.5,-9.609375,,,,,,,,,,
acc,1778672789.0,208.0,-0.535156,3.613281,-9.953125,,,,,,,,,,
acc,1778672789.0,208.0,-0.457031,3.5,-9.304688,,,,,,,,,,
acc,1778672789.0,208.0,-0.496094,3.34375,-9.691406,,,,,,,,,,
acc,1778672789.0,208.0,-0.457031,3.421875,-9.878906,,,,,,,,,,
acc,1778672789.0,208.0,-0.574219,3.613281,-9.457031,,,,,,,,,,
acc,1778672789.0,208.0,-0.613281,4.035156,-10.03125,,,,,,,,,,
acc,1778672789.0,208.0,-0.457031,3.882812,-9.691406,,,,,,,,,,
acc,1778672789.0,208.0,-0.34375,3.996094,-9.492188,,,,,,,,,,
acc,1778672789.0,208.0,-0.265625,3.921875,-9.835938,,,,,,,,,,
acc,1778672789.0,208.0,-0.226562,4.113281,-9.800781,,,,,,,,,,
acc,1778672789.0,208.0,-0.34375,4.148438,-9.570312,,,,,,,,,,
acc,1778672789.0,208.0,-0.417969,3.804688,-10.035156,,,,,,,,,,
acc,1778672789.0,208.0,-0.496094,3.84375,-9.574219,,,,,,,,,,
acc,1778672789.0,208.0,-0.457031,3.84375,-9.992188,,,,,,,,,,
acc,1778672789.0,208.0,-0.382812,3.308594,-9.800781,,,,,,,,,,
acc,1778672789.0,208.0,-0.417969,3.382812,-9.574219,,,,,,,,,,
acc,1778672789.0,208.0,-0.417969,3.726562,-10.074219,,,,,,,,,,
acc,1778672789.0,208.0,-0.382812,3.613281,-9.648438,,,,,,,,,,
acc,1778672789.0,208.0,-0.191406,3.726562,-9.761719,,,,,,,,,,
acc,1778672789.0,208.0,-0.152344,3.652344,-9.800781,,,,,,,,,,
acc,1778672789.0,208.0,-0.265625,3.5,-9.613281,,,,,,,,,,
acc,1778672789.0,208.0,-0.265625,3.5,-9.996094,,,,,,,,,,
acc,1778672789.0,208.0,-0.152344,3.078125,-9.53125,,,,,,,,,,
acc,1778672789.0,208.0,-0.191406,3.691406,-9.914062,,,,,,,,,,
acc,1778672789.0,208.0,-0.226562,3.34375,-9.757812,,,,,,,,,,
acc,1778672789.0,208.0,-0.074219,3.117188,-9.496094,,,,,,,,,,
acc,1778672789.0,208.0,-0.074219,3.804688,-9.648438,,,,,,,,,,
acc,1778672789.0,208.0,-0.152344,3.652344,-9.730469,,,,,,,,,,
acc,1778672789.0,208.0,-0.113281,3.421875,-9.457031,,,,,,,,,,
acc,1778672789.0,208.0,-0.113281,3.652344,-9.875,,,,,,,,,,
acc,1778672789.0,208.0,-0.191406,3.535156,-9.570312,,,,,,,,,,
acc,1778672789.0,208.0,-0.113281,3.613281,-9.730469,,,,,,,,,,
acc,1778672789.0,208.0,0.0,3.652344,-9.730469,,,,,,,,,,
acc,1778672789.0,208.0,-0.035156,3.421875,-9.6875,,,,,,,,,,
acc,1778672789.0,208.0,-0.152344,3.308594,-9.757812,,,,,,,,,,
acc,1778672789.0,208.0,-0.113281,3.34375,-9.835938,,,,,,,,,,
acc,1778672789.0,208.0,-0.074219,3.574219,-9.53125,,,,,,,,,,
acc,1778672789.0,208.0,-0.074219,3.726562,-9.570312,,,,,,,,,,
acc,1778672789.0,208.0,-0.113281,3.882812,-9.757812,,,,,,,,,,
acc,1778672789.0,208.0,-0.074219,4.113281,-9.226562,,,,,,,,,,
acc,1778672789.0,208.0,-0.035156,3.921875,-9.839844,,,,,,,,,,
acc,1778672789.0,208.0,-0.074219,3.804688,-9.691406,,,,,,,,,,
acc,1778672789.0,208.0,-0.417969,3.804688,-9.957031,,,,,,,,,,
acc,1778672789.0,208.0,-0.34375,3.957031,-9.953125,,,,,,,,,,
acc,1778672789.0,208.0,-0.265625,3.957031,-9.613281,,,,,,,,,,
acc,1778672789.0,208.0,-0.304688,3.34375,-9.878906,,,,,,,,,,
acc,1778672789.0,208.0,-0.191406,3.078125,-9.652344,,,,,,,,,,
acc,1778672789.0,208.0,-0.191406,3.382812,-9.878906,,,,,,,,,,
acc,1778672789.0,208.0,-0.226562,3.0,-9.53125,,,,,,,,,,
acc,1778672789.0,208.0,-0.191406,3.117188,-9.652344,,,,,,,,,,
acc,1778672789.0,208.0,-0.226562,3.535156,-9.914062,,,,,,,,,,
acc,1778672789.0,208.0,-0.265625,3.421875,-9.414062,,,,,,,,,,
acc,1778672789.0,208.0,-0.265625,3.652344,-10.222656,,,,,,,,,,
acc,1778672789.0,208.0,-0.417969,3.882812,-9.691406,,,,,,,,,,
acc,1778672789.0,208.0,-0.613281,3.957031,-9.875,,,,,,,,,,
acc,1778672789.0,208.0,-0.535156,3.882812,-9.953125,,,,,,,,,,
acc,1778672789.0,208.0,-0.457031,3.882812,-9.492188,,,,,,,,,,
acc,1778672789.0,208.0,-0.34375,3.691406,-10.070312,,,,,,,,,,
acc,1778672789.0,208.0,-0.34375,3.5,-9.609375,,,,,,,,,,
acc,1778672789.0,208.0,-0.34375,3.382812,-9.914062,,,,,,,,,,
acc,1778672789.0,208.0,-0.457031,3.382812,-9.800781,,,,,,,,,,
acc,1778672789.0,208.0,-0.382812,3.613281,-9.953125,,,,,,,,,,
acc,1778672789.0,208.0,-0.34375,3.652344,-10.03125,,,,,,,,,,
acc,1778672789.0,208.0,-0.382812,3.691406,-9.613281,,,,,,,,,,
acc,1778672789.0,208.0,-0.382812,3.921875,-10.070312,,,,,,,,,,
acc,1778672789.0,208.0,-0.265625,3.957031,-9.726562,,,,,,,,,,
acc,1778672789.0,208.0,-0.191406,3.921875,-9.875,,,,,,,,,,
acc,1778672789.0,208.0,-0.304688,3.996094,-10.113281,,,,,,,,,,
acc,1778672789.0,208.0,-0.417969,3.84375,-9.730469,,,,,,,,,,
acc,1778672789.0,208.0,-0.265625,3.921875,-10.03125,,,,,,,,,,
acc,1778672789.0,208.0,-0.382812,4.074219,-9.957031,,,,,,,,,,
acc,1778672789.0,208.0,-0.417969,3.574219,-10.070312,,,,,,,,,,
acc,1778672789.0,208.0,-0.304688,3.804688,-9.730469,,,,,,,,,,
acc,1778672789.0,208.0,-0.34375,3.882812,-9.953125,,,,,,,,,,
acc,1778672789.0,208.0,-0.265625,3.691406,-10.074219,,,,,,,,,,
acc,1778672789.0,208.0,-0.191406,4.148438,-9.800781,,,,,,,,,,
acc,1778672789.0,208.0,-0.191406,3.996094,-10.035156,,,,,,,,,,
acc,1778672789.0,208.0,-0.304688,3.574219,-10.03125,,,,,,,,,,
acc,1778672789.0,208.0,-0.265625,3.535156,-9.839844,,,,,,,,,,
acc,1778672789.0,208.0,-0.191406,3.460938,-10.113281,,,,,,,,,,
acc,1778672789.0,208.0,-0.191406,3.382812,-9.796875,,,,,,,,,,
acc,1778672789.0,208.0,-0.265625,3.34375,-9.761719,,,,,,,,,,
acc,1778672789.0,208.0,-0.304688,3.5,-9.917969,,,,,,,,,,
acc,1778672789.0,208.0,-0.417969,3.230469,-9.796875,,,,,,,,,,
acc,1778672789.0,208.0,-0.304688,3.308594,-9.957031,,,,,,,,,,
acc,1778672789.0,208.0,-0.265625,3.5,-9.726562,,,,,,,,,,
acc,1778672789.0,208.0,-0.265625,3.382812,-9.996094,,,,,,,,,,
acc,1778672789.0,208.0,-0.304688,3.726562,-9.917969,,,,,,,,,,
acc,1778672789.0,208.0,-0.265625,3.957031,-9.917969,,,,,,,,,,
acc,1778672789.0,208.0,-0.304688,3.804688,-9.835938,,,,,,,,,,
acc,1778672789.0,208.0,-0.265625,4.074219,-9.648438,,,,,,,,,,
acc,1778672789.0,208.0,-0.265625,4.074219,-9.835938,,,,,,,,,,
acc,1778672789.0,208.0,-0.226562,3.921875,-9.6875,,,,,,,,,,
acc,1778672789.0,208.0,-0.191406,4.074219,-9.648438,,,,,,,,,,
acc,1778672789.0,208.0,-0.191406,4.035156,-9.796875,,,,,,,,,,
acc,1778672789.0,208.0,-0.226562,3.957031,-9.691406,,,,,,,,,,
acc,1778672789.0,208.0,-0.265625,4.074219,-9.914062,,,,,,,,,,
acc,1778672789.0,208.0,-0.304688,4.074219,-9.835938,,,,,,,,,,
acc,1778672789.0,208.0,-0.382812,3.804688,-9.996094,,,,,,,,,,
acc,1778672789.0,208.0,-0.34375,3.765625,-9.839844,,,,,,,,,,
acc,1778672789.0,208.0,-0.34375,3.765625,-9.796875,,,,,,,,,,
acc,1778672789.0,208.0,-0.382812,3.574219,-9.878906,,,,,,,,,,
acc,1778672789.0,208.0,-0.226562,3.765625,-9.796875,,,,,,,,,,
acc,1778672789.0,208.0,-0.191406,3.882812,-9.996094,,,,,,,,,,
acc,1778672790.0,209.0,-0.34375,4.035156,-10.03125,,,,,,,,,,
acc,1778672790.0,209.0,-0.382812,4.074219,-9.878906,,,,,,,,,,
acc,1778672790.0,209.0,-0.34375,3.84375,-9.875,,,,,,,,,,
acc,1778672790.0,209.0,-0.226562,3.765625,-10.261719,,,,,,,,,,
acc,1778672790.0,209.0,-0.304688,3.691406,-9.691406,,,,,,,,,,
acc,1778672790.0,209.0,-0.457031,3.84375,-10.257812,,,,,,,,,,
acc,1778672790.0,209.0,-0.34375,3.691406,-9.761719,,,,,,,,,,
acc,1778672790.0,209.0,-0.34375,3.230469,-9.796875,,,,,,,,,,
acc,1778672790.0,209.0,-0.417969,3.269531,-10.03125,,,,,,,,,,
acc,1778672790.0,209.0,-0.417969,3.308594,-9.691406,,,,,,,,,,
acc,1778672790.0,209.0,-0.382812,3.117188,-9.835938,,,,,,,,,,
acc,1778672790.0,209.0,-0.382812,3.078125,-9.953125,,,,,,,,,,
acc,1778672790.0,209.0,-0.34375,3.382812,-9.691406,,,,,,,,,,
acc,1778672790.0,209.0,-0.304688,3.5,-9.839844,,,,,,,,,,
acc,1778672790.0,209.0,-0.382812,3.957031,-9.691406,,,,,,,,,,
acc,1778672790.0,209.0,-0.417969,4.113281,-9.730469,,,,,,,,,,
acc,1778672790.0,209.0,-0.535156,4.148438,-9.917969,,,,,,,,,,
acc,1778672790.0,209.0,-0.6875,4.1875,-9.914062,,,,,,,,,,
acc,1778672790.0,209.0,-0.535156,3.882812,-9.914062,,,,,,,,,,
acc,1778672790.0,209.0,-0.382812,3.613281,-9.691406,,,,,,,,,,
acc,1778672790.0,209.0,-0.417969,3.574219,-9.761719,,,,,,,,,,
acc,1778672790.0,209.0,-0.417969,3.613281,-9.691406,,,,,,,,,,
acc,1778672790.0,209.0,-0.496094,3.804688,-9.613281,,,,,,,,,,
acc,1778672790.0,209.0,-0.613281,3.691406,-10.035156,,,,,,,,,,
acc,1778672790.0,209.0,-0.574219,3.652344,-9.457031,,,,,,,,,,
acc,1778672790.0,209.0,-0.417969,3.996094,-9.992188,,,,,,,,,,
acc,1778672790.0,209.0,-0.417969,3.996094,-9.757812,,,,,,,,,,
acc,1778672790.0,209.0,-0.382812,4.1875,-9.648438,,,,,,,,,,
acc,1778672790.0,209.0,-0.382812,3.921875,-10.070312,,,,,,,,,,
acc,1778672790.0,209.0,-0.304688,3.574219,-9.574219,,,,,,,,,,
acc,1778672790.0,209.0,-0.382812,3.691406,-9.726562,,,,,,,,,,
acc,1778672790.0,209.0,-0.304688,3.382812,-9.839844,,,,,,,,,,
acc,1778672790.0,209.0,-0.417969,3.613281,-9.648438,,,,,,,,,,
acc,1778672790.0,209.0,-0.613281,3.613281,-9.953125,,,,,,,,,,
acc,1778672790.0,209.0,-0.648438,3.652344,-9.839844,,,,,,,,,,
acc,1778672790.0,209.0,-0.535156,4.113281,-9.800781,,,,,,,,,,
acc,1778672790.0,209.0,-0.457031,3.804688,-10.035156,,,,,,,,,,
acc,1778672790.0,209.0,-0.265625,3.804688,-9.691406,,,,,,,,,,
acc,1778672790.0,209.0,-0.304688,3.921875,-9.757812,,,,,,,,,,
acc,1778672790.0,209.0,-0.34375,3.957031,-9.914062,,,,,,,,,,
acc,1778672790.0,209.0,-0.304688,3.957031,-9.613281,,,,,,,,,,
acc,1778672790.0,209.0,-0.191406,4.035156,-10.152344,,,,,,,,,,
acc,1778672790.0,209.0,-0.34375,4.265625,-9.6875,,,,,,,,,,
acc,1778672790.0,209.0,-0.035156,3.652344,-9.375,,,,,,,,,,
acc,1778672790.0,209.0,-0.074219,3.84375,-10.035156,,,,,,,,,,
acc,1778672790.0,209.0,-0.074219,3.957031,-9.535156,,,,,,,,,,
acc,1778672790.0,209.0,-0.265625,3.765625,-9.800781,,,,,,,,,,
acc,1778672790.0,209.0,-0.417969,3.804688,-10.070312,,,,,,,,,,
acc,1778672790.0,209.0,-0.496094,3.882812,-9.574219,,,,,,,,,,
acc,1778672790.0,209.0,-0.417969,3.996094,-10.109375,,,,,,,,,,
acc,1778672790.0,209.0,-0.34375,3.882812,-9.304688,,,,,,,,,,
acc,1778672790.0,209.0,-0.34375,3.421875,-9.535156,,,,,,,,,,
acc,1778672790.0,209.0,-0.265625,3.269531,-9.652344,,,,,,,,,,
acc,1778672790.0,209.0,-0.113281,3.34375,-9.347656,,,,,,,,,,
acc,1778672790.0,209.0,-0.265625,3.574219,-9.835938,,,,,,,,,,
acc,1778672790.0,209.0,-0.417969,3.460938,-9.347656,,,,,,,,,,
acc,1778672790.0,209.0,-0.417969,3.421875,-9.878906,,,,,,,,,,
acc,1778672790.0,209.0,-0.191406,3.308594,-9.378906,,,,,,,,,,
acc,1778672790.0,209.0,-0.113281,3.34375,-9.453125,,,,,,,,,,
acc,1778672790.0,209.0,-0.226562,3.535156,-9.835938,,,,,,,,,,
acc,1778672790.0,209.0,-0.304688,3.574219,-9.453125,,,,,,,,,,
acc,1778672790.0,209.0,-0.417969,3.535156,-9.730469,,,,,,,,,,
acc,1778672790.0,209.0,-0.34375,3.382812,-9.574219,,,,,,,,,,
acc,1778672790.0,209.0,-0.152344,3.152344,-9.691406,,,,,,,,,,
acc,1778672790.0,209.0,-0.304688,3.0,-9.457031,,,,,,,,,,
acc,1778672790.0,209.0,-0.304688,2.730469,-9.648438,,,,,,,,,,
acc,1778672790.0,209.0,-0.191406,3.0,-9.496094,,,,,,,,,,
acc,1778672790.0,209.0,-0.226562,3.382812,-9.609375,,,,,,,,,,
acc,1778672790.0,209.0,-0.265625,3.460938,-9.761719,,,,,,,,,,
acc,1778672790.0,209.0,-0.265625,3.84375,-9.535156,,,,,,,,,,
acc,1778672790.0,209.0,-0.191406,3.84375,-9.761719,,,,,,,,,,
acc,1778672790.0,209.0,-0.265625,3.882812,-9.570312,,,,,,,,,,
acc,1778672790.0,209.0,-0.304688,4.265625,-9.835938,,,,,,,,,,
acc,1778672790.0,209.0,-0.304688,4.265625,-9.914062,,,,,,,,,,
acc,1778672790.0,209.0,-0.417969,4.1875,-9.800781,,,,,,,,,,
acc,1778672790.0,209.0,-0.34375,4.265625,-9.6875,,,,,,,,,,
acc,1778672790.0,209.0,-0.265625,4.378906,-9.957031,,,,,,,,,,
acc,1778672790.0,209.0,-0.191406,4.339844,-9.839844,,,,,,,,,,
acc,1778672790.0,209.0,-0.265625,4.304688,-9.800781,,,,,,,,,,
acc,1778672790.0,209.0,-0.304688,4.417969,-9.839844,,,,,,,,,,
acc,1778672790.0,209.0,-0.265625,4.339844,-9.878906,,,,,,,,,,
acc,1778672790.0,209.0,-0.226562,4.226562,-9.992188,,,,,,,,,,
acc,1778672790.0,209.0,-0.113281,3.996094,-9.574219,,,,,,,,,,
acc,1778672790.0,209.0,0.0,4.074219,-9.761719,,,,,,,,,,
acc,1778672790.0,209.0,0.15625,3.957031,-9.875,,,,,,,,,,
acc,1778672790.0,209.0,0.15625,3.726562,-9.265625,,,,,,,,,,
acc,1778672790.0,209.0,0.039062,3.652344,-9.691406,,,,,,,,,,
acc,1778672790.0,209.0,-0.035156,3.84375,-9.835938,,,,,,,,,,
acc,1778672790.0,209.0,0.039062,3.535156,-9.609375,,,,,,,,,,
acc,1778672790.0,209.0,-0.074219,3.421875,-9.953125,,,,,,,,,,
acc,1778672790.0,209.0,-0.113281,3.652344,-9.648438,,,,,,,,,,
acc,1778672790.0,209.0,-0.113281,3.765625,-9.878906,,,,,,,,,,
acc,1778672790.0,209.0,-0.074219,3.726562,-9.796875,,,,,,,,,,
acc,1778672790.0,209.0,-0.152344,3.574219,-9.496094,,,,,,,,,,
acc,1778672790.0,209.0,-0.265625,3.382812,-9.917969,,,,,,,,,,
acc,1778672790.0,209.0,-0.34375,3.230469,-9.796875,,,,,,,,,,
acc,1778672790.0,209.0,-0.34375,3.460938,-9.953125,,,,,,,,,,
acc,1778672790.0,209.0,-0.304688,3.613281,-9.796875,,,,,,,,,,
acc,1778672790.0,209.0,-0.34375,3.652344,-10.109375,,,,,,,,,,
acc,1778672790.0,209.0,-0.34375,3.804688,-9.761719,,,,,,,,,,
acc,1778672790.0,209.0,-0.417969,3.691406,-9.761719,,,,,,,,,,
acc,1778672790.0,209.0,-0.226562,3.726562,-9.835938,,,,,,,,,,
acc,1778672790.0,209.0,-0.226562,3.957031,-9.914062,,,,,,,,,,
acc,1778672790.0,209.0,-0.265625,3.804688,-9.609375,,,,,,,,,,
acc,1778672790.0,209.0,-0.152344,3.882812,-10.109375,,,,,,,,,,
acc,1778672790.0,209.0,-0.34375,3.996094,-9.414062,,,,,,,,,,
acc,1778672790.0,209.0,-0.226562,3.921875,-10.113281,,,,,,,,,,
acc,1778672790.0,209.0,-0.191406,3.882812,-9.839844,,,,,,,,,,
acc,1778672790.0,209.0,-0.382812,3.726562,-9.800781,,,,,,,,,,
acc,1778672790.0,209.0,-0.535156,3.882812,-9.914062,,,,,,,,,,
acc,1778672790.0,209.0,-0.457031,3.613281,-9.730469,,,,,,,,,,
acc,1778672790.0,209.0,-0.457031,3.765625,-9.957031,,,,,,,,,,
acc,1778672790.0,209.0,-0.535156,3.726562,-9.609375,,,,,,,,,,
acc,1778672790.0,209.0,-0.417969,3.613281,-9.875,,,,,,,,,,
acc,1778672790.0,209.0,-0.457031,4.035156,-9.757812,,,,,,,,,,
acc,1778672790.0,209.0,-0.535156,3.882812,-9.914062,,,,,,,,,,
acc,1778672790.0,209.0,-0.613281,3.726562,-9.609375,,,,,,,,,,
acc,1778672790.0,209.0,-0.648438,3.726562,-9.957031,,,,,,,,,,
acc,1778672790.0,209.0,-0.417969,3.421875,-9.726562,,,,,,,,,,
acc,1778672790.0,209.0,-0.34375,3.613281,-9.648438,,,,,,,,,,
acc,1778672790.0,209.0,-0.457031,3.5,-10.148438,,,,,,,,,,
acc,1778672790.0,209.0,-0.457031,3.460938,-9.953125,,,,,,,,,,
acc,1778672791.0,210.0,-0.613281,3.921875,-9.761719,,,,,,,,,,
acc,1778672791.0,210.0,-0.34375,3.921875,-10.535156,,,,,,,,,,
acc,1778672791.0,210.0,-0.113281,4.035156,-9.574219,,,,,,,,,,
acc,1778672791.0,210.0,-0.417969,4.570312,-10.183594,,,,,,,,,,
acc,1778672791.0,210.0,-0.34375,4.457031,-9.992188,,,,,,,,,,
acc,1778672791.0,210.0,-0.191406,4.570312,-9.839844,,,,,,,,,,
acc,1778672791.0,210.0,-0.265625,4.265625,-9.730469,,,,,,,,,,
acc,1778672791.0,210.0,-0.304688,3.882812,-10.152344,,,,,,,,,,
acc,1778672791.0,210.0,-0.417969,3.84375,-9.574219,,,,,,,,,,
acc,1778672791.0,210.0,-0.34375,3.421875,-9.726562,,,,,,,,,,
acc,1778672791.0,210.0,-0.226562,3.34375,-10.074219,,,,,,,,,,
acc,1778672791.0,210.0,-0.191406,3.535156,-9.417969,,,,,,,,,,
acc,1778672791.0,210.0,-0.382812,3.574219,-9.996094,,,,,,,,,,
acc,1778672791.0,210.0,-0.417969,3.5,-9.757812,,,,,,,,,,
acc,1778672791.0,210.0,-0.191406,3.804688,-9.835938,,,,,,,,,,
acc,1778672791.0,210.0,-0.152344,3.882812,-9.953125,,,,,,,,,,
acc,1778672791.0,210.0,-0.34375,4.035156,-9.835938,,,,,,,,,,
acc,1778672791.0,210.0,-0.34375,4.074219,-10.035156,,,,,,,,,,
acc,1778672791.0,210.0,-0.265625,3.652344,-9.726562,,,,,,,,,,
acc,1778672791.0,210.0,-0.304688,3.308594,-9.761719,,,,,,,,,,
acc,1778672791.0,210.0,-0.417969,3.0,-9.835938,,,,,,,,,,
acc,1778672791.0,210.0,-0.417969,2.886719,-9.570312,,,,,,,,,,
acc,1778672791.0,210.0,-0.304688,3.0,-9.796875,,,,,,,,,,
acc,1778672791.0,210.0,-0.265625,3.0,-9.457031,,,,,,,,,,
acc,1778672791.0,210.0,-0.265625,2.847656,-9.53125,,,,,,,,,,
acc,1778672791.0,210.0,-0.417969,3.117188,-9.375,,,,,,,,,,
acc,1778672791.0,210.0,-0.265625,3.34375,-9.726562,,,,,,,,,,
acc,1778672791.0,210.0,-0.191406,3.804688,-9.730469,,,,,,,,,,
acc,1778672791.0,210.0,-0.113281,3.957031,-9.953125,,,,,,,,,,
acc,1778672791.0,210.0,0.0,3.921875,-9.496094,,,,,,,,,,
acc,1778672791.0,210.0,0.078125,3.84375,-9.730469,,,,,,,,,,
acc,1778672791.0,210.0,0.078125,3.765625,-9.652344,,,,,,,,,,
acc,1778672791.0,210.0,-0.304688,3.691406,-9.574219,,,,,,,,,,
acc,1778672791.0,210.0,-0.535156,3.765625,-9.726562,,,,,,,,,,
acc,1778672791.0,210.0,-0.496094,3.5,-9.914062,,,,,,,,,,
acc,1778672791.0,210.0,-0.34375,3.652344,-10.074219,,,,,,,,,,
acc,1778672791.0,210.0,-0.496094,4.457031,-9.914062,,,,,,,,,,
acc,1778672791.0,210.0,-0.574219,4.648438,-9.800781,,,,,,,,,,
acc,1778672791.0,210.0,-0.457031,4.457031,-10.148438,,,,,,,,,,
acc,1778672791.0,210.0,-0.382812,4.113281,-9.609375,,,,,,,,,,
acc,1778672791.0,210.0,-0.34375,4.074219,-10.179688,,,,,,,,,,
acc,1778672791.0,210.0,-0.226562,3.957031,-9.800781,,,,,,,,,,
acc,1778672791.0,210.0,-0.226562,3.921875,-9.6875,,,,,,,,,,
acc,1778672791.0,210.0,-0.191406,3.652344,-9.796875,,,,,,,,,,
acc,1778672791.0,210.0,0.0,3.191406,-9.6875,,,,,,,,,,
acc,1778672791.0,210.0,0.0,3.078125,-9.691406,,,,,,,,,,
acc,1778672791.0,210.0,0.0,3.269531,-9.875,,,,,,,,,,
acc,1778672791.0,210.0,-0.035156,3.269531,-9.875,,,,,,,,,,
acc,1778672791.0,210.0,0.039062,3.34375,-9.800781,,,,,,,,,,
acc,1778672791.0,210.0,-0.074219,3.957031,-9.996094,,,,,,,,,,
acc,1778672791.0,210.0,-0.226562,3.957031,-9.875,,,,,,,,,,
acc,1778672791.0,210.0,-0.304688,3.535156,-9.957031,,,,,,,,,,
acc,1778672791.0,210.0,-0.265625,3.117188,-9.570312,,,,,,,,,,
acc,1778672791.0,210.0,-0.265625,2.539062,-9.6875,,,,,,,,,,
acc,1778672791.0,210.0,-0.191406,2.503906,-9.53125,,,,,,,,,,
acc,1778672791.0,210.0,0.078125,2.925781,-9.648438,,,,,,,,,,
acc,1778672791.0,210.0,0.0,3.269531,-9.757812,,,,,,,,,,
acc,1778672791.0,210.0,-0.035156,3.921875,-9.761719,,,,,,,,,,
acc,1778672791.0,210.0,-0.074219,4.148438,-9.648438,,,,,,,,,,
acc,1778672791.0,210.0,-0.074219,4.1875,-9.652344,,,,,,,,,,
acc,1778672791.0,210.0,-0.074219,4.265625,-9.691406,,,,,,,,,,
acc,1778672791.0,210.0,-0.191406,4.226562,-9.6875,,,,,,,,,,
acc,1778672791.0,210.0,-0.265625,3.996094,-9.796875,,,,,,,,,,
acc,1778672791.0,210.0,-0.457031,4.113281,-10.148438,,,,,,,,,,
acc,1778672791.0,210.0,-0.535156,4.339844,-9.992188,,,,,,,,,,
acc,1778672791.0,210.0,-0.574219,4.53125,-10.183594,,,,,,,,,,
acc,1778672791.0,210.0,-0.496094,4.457031,-10.21875,,,,,,,,,,
acc,1778672791.0,210.0,-0.457031,4.496094,-9.757812,,,,,,,,,,
acc,1778672791.0,210.0,-0.074219,3.765625,-9.992188,,,,,,,,,,
acc,1778672791.0,210.0,0.191406,3.382812,-9.613281,,,,,,,,,,
acc,1778672791.0,210.0,-0.34375,4.113281,-9.914062,,,,,,,,,,
acc,1778672791.0,210.0,-0.191406,3.957031,-9.761719,,,,,,,,,,
acc,1778672791.0,210.0,-0.113281,3.691406,-10.113281,,,,,,,,,,
acc,1778672791.0,210.0,0.0,3.5,-9.574219,,,,,,,,,,
acc,1778672791.0,210.0,-0.226562,3.652344,-9.875,,,,,,,,,,
acc,1778672791.0,210.0,-0.226562,3.460938,-10.03125,,,,,,,,,,
acc,1778672791.0,210.0,-0.113281,3.691406,-9.917969,,,,,,,,,,
acc,1778672791.0,210.0,-0.382812,3.421875,-10.152344,,,,,,,,,,
acc,1778672791.0,210.0,-0.613281,3.191406,-10.070312,,,,,,,,,,
acc,1778672791.0,210.0,-0.648438,3.691406,-9.992188,,,,,,,,,,
acc,1778672791.0,210.0,-0.574219,3.652344,-10.179688,,,,,,,,,,
acc,1778672791.0,210.0,-0.457031,3.726562,-10.074219,,,,,,,,,,
acc,1778672791.0,210.0,-0.613281,3.84375,-10.257812,,,,,,,,,,
acc,1778672791.0,210.0,-0.804688,3.957031,-10.222656,,,,,,,,,,
acc,1778672791.0,210.0,-0.574219,3.652344,-9.761719,,,,,,,,,,
acc,1778672791.0,210.0,-0.226562,3.34375,-10.03125,,,,,,,,,,
acc,1778672791.0,210.0,-0.035156,3.152344,-9.453125,,,,,,,,,,
acc,1778672791.0,210.0,-0.226562,2.886719,-9.878906,,,,,,,,,,
acc,1778672791.0,210.0,-0.304688,2.925781,-9.957031,,,,,,,,,,
acc,1778672791.0,210.0,-0.34375,3.269531,-9.914062,,,,,,,,,,
acc,1778672791.0,210.0,-0.265625,3.460938,-10.222656,,,,,,,,,,
acc,1778672791.0,210.0,-0.382812,3.5,-10.257812,,,,,,,,,,
acc,1778672791.0,210.0,-0.839844,4.035156,-9.875,,,,,,,,,,
acc,1778672791.0,210.0,-0.957031,4.417969,-10.183594,,,,,,,,,,
acc,1778672791.0,210.0,-0.648438,4.226562,-10.035156,,,,,,,,,,
acc,1778672791.0,210.0,-0.304688,3.804688,-9.835938,,,,,,,,,,
acc,1778672791.0,210.0,-0.457031,3.535156,-9.835938,,,,,,,,,,
acc,1778672791.0,210.0,-0.574219,3.535156,-9.6875,,,,,,,,,,
acc,1778672791.0,210.0,-0.457031,3.804688,-9.878906,,,,,,,,,,
acc,1778672791.0,210.0,-0.34375,4.113281,-9.835938,,,,,,,,,,
acc,1778672791.0,210.0,-0.457031,4.113281,-9.835938,,,,,,,,,,
acc,1778672791.0,210.0,-0.496094,4.113281,-10.21875,,,,,,,,,,
acc,1778672791.0,210.0,-0.535156,3.765625,-9.878906,,,,,,,,,,
acc,1778672791.0,210.0,-0.457031,3.804688,-10.378906,,,,,,,,,,
acc,1778672791.0,210.0,-0.535156,4.113281,-10.074219,,,,,,,,,,
acc,1778672791.0,210.0,-0.804688,3.957031,-9.996094,,,,,,,,,,
acc,1778672791.0,210.0,-0.957031,3.652344,-9.800781,,,,,,,,,,
acc,1778672791.0,210.0,-0.804688,3.691406,-9.914062,,,,,,,,,,
acc,1778672791.0,210.0,-0.613281,4.1875,-9.492188,,,,,,,,,,
acc,1778672791.0,210.0,-0.648438,4.339844,-9.878906,,,,,,,,,,
acc,1778672791.0,210.0,-0.574219,4.074219,-9.953125,,,,,,,,,,
acc,1778672791.0,210.0,-0.648438,3.765625,-9.730469,,,,,,,,,,
acc,1778672791.0,210.0,-0.613281,3.460938,-10.335938,,,,,,,,,,
acc,1778672791.0,210.0,-0.34375,3.652344,-9.691406,,,,,,,,,,
acc,1778672791.0,210.0,-0.535156,4.265625,-9.457031,,,,,,,,,,
acc,1778672791.0,210.0,-0.535156,4.457031,-9.648438,,,,,,,,,,
acc,1778672791.0,210.0,-0.535156,4.839844,-9.492188,,,,,,,,,,
acc,1778672791.0,210.0,-0.648438,4.722656,-9.496094,,,,,,,,,,
acc,1778672791.0,210.0,-0.765625,4.226562,-9.613281,,,,,,,,,,
acc,1778672791.0,210.0,-0.496094,3.613281,-9.574219,,,,,,,,,,
acc,1778672791.0,210.0,-0.265625,3.421875,-9.648438,,,,,,,,,,
acc,1778672791.0,210.0,-0.191406,3.460938,-9.761719,,,,,,,,,,
acc,1778672791.0,210.0,-0.382812,3.652344,-9.757812,,,,,,,,,,
acc,1778672791.0,210.0,-0.574219,3.882812,-9.6875,,,,,,,,,,
acc,1778672792.0,211.0,-0.417969,4.226562,-9.835938,,,,,,,,,,
acc,1778672792.0,211.0,-0.457031,4.570312,-9.347656,,,,,,,,,,
acc,1778672792.0,211.0,-0.417969,4.570312,-9.648438,,,,,,,,,,
acc,1778672792.0,211.0,-0.226562,4.648438,-9.226562,,,,,,,,,,
acc,1778672792.0,211.0,-0.265625,4.570312,-8.957031,,,,,,,,,,
acc,1778672792.0,211.0,-0.226562,3.882812,-9.414062,,,,,,,,,,
acc,1778672792.0,211.0,-0.265625,3.613281,-9.308594,,,,,,,,,,
acc,1778672792.0,211.0,-0.226562,3.691406,-9.613281,,,,,,,,,,
acc,1778672792.0,211.0,-0.648438,4.265625,-9.609375,,,,,,,,,,
acc,1778672792.0,211.0,-0.839844,4.496094,-9.648438,,,,,,,,,,
acc,1778672792.0,211.0,-0.6875,4.914062,-9.417969,,,,,,,,,,
acc,1778672792.0,211.0,-0.648438,4.6875,-9.308594,,,,,,,,,,
acc,1778672792.0,211.0,-0.417969,3.921875,-9.34375,,,,,,,,,,
acc,1778672792.0,211.0,-0.265625,3.726562,-9.652344,,,,,,,,,,
acc,1778672792.0,211.0,-0.382812,3.460938,-9.53125,,,,,,,,,,
acc,1778672792.0,211.0,-0.34375,3.382812,-9.800781,,,,,,,,,,
acc,1778672792.0,211.0,-0.304688,3.421875,-9.691406,,,,,,,,,,
acc,1778672792.0,211.0,-0.035156,3.691406,-9.269531,,,,,,,,,,
acc,1778672792.0,211.0,0.039062,4.113281,-9.375,,,,,,,,,,
acc,1778672792.0,211.0,0.078125,4.148438,-9.070312,,,,,,,,,,
acc,1778672792.0,211.0,-0.113281,3.726562,-9.375,,,,,,,,,,
acc,1778672792.0,211.0,-0.113281,3.5,-9.800781,,,,,,,,,,
acc,1778672792.0,211.0,-0.074219,3.382812,-9.535156,,,,,,,,,,
acc,1778672792.0,211.0,-0.265625,3.613281,-9.957031,,,,,,,,,,
acc,1778672792.0,211.0,-0.382812,3.84375,-9.691406,,,,,,,,,,
acc,1778672792.0,211.0,-0.304688,4.570312,-9.496094,,,,,,,,,,
acc,1778672792.0,211.0,-0.382812,5.261719,-9.414062,,,,,,,,,,
acc,1778672792.0,211.0,-0.191406,4.992188,-9.230469,,,,,,,,,,
acc,1778672792.0,211.0,-0.152344,4.761719,-9.148438,,,,,,,,,,
acc,1778672792.0,211.0,-0.152344,4.1875,-9.375,,,,,,,,,,
acc,1778672792.0,211.0,-0.035156,3.921875,-9.417969,,,,,,,,,,
acc,1778672792.0,211.0,-0.035156,4.148438,-9.570312,,,,,,,,,,
acc,1778672792.0,211.0,-0.074219,3.921875,-9.953125,,,,,,,,,,
acc,1778672792.0,211.0,-0.113281,3.691406,-9.878906,,,,,,,,,,
acc,1778672792.0,211.0,-0.34375,3.84375,-9.757812,,,,,,,,,,
acc,1778672792.0,211.0,-0.265625,3.996094,-9.652344,,,,,,,,,,
acc,1778672792.0,211.0,-0.074219,4.457031,-9.6875,,,,,,,,,,
acc,1778672792.0,211.0,0.039062,4.457031,-9.414062,,,,,,,,,,
acc,1778672792.0,211.0,-0.152344,4.265625,-9.535156,,,,,,,,,,
acc,1778672792.0,211.0,-0.265625,3.921875,-9.835938,,,,,,,,,,
acc,1778672792.0,211.0,-0.304688,3.957031,-9.652344,,,,,,,,,,
acc,1778672792.0,211.0,-0.191406,3.613281,-9.839844,,,,,,,,,,
acc,1778672792.0,211.0,-0.035156,3.421875,-9.917969,,,,,,,,,,
acc,1778672792.0,211.0,-0.113281,3.613281,-9.574219,,,,,,,,,,
acc,1778672792.0,211.0,-0.226562,3.078125,-9.691406,,,,,,,,,,
acc,1778672792.0,211.0,-0.113281,3.039062,-9.757812,,,,,,,,,,
acc,1778672792.0,211.0,-0.074219,3.308594,-9.378906,,,,,,,,,,
acc,1778672792.0,211.0,-0.152344,3.230469,-9.796875,,,,,,,,,,
acc,1778672792.0,211.0,-0.191406,3.460938,-9.570312,,,,,,,,,,
acc,1778672792.0,211.0,-0.035156,3.230469,-9.570312,,,,,,,,,,
acc,1778672792.0,211.0,-0.113281,3.230469,-9.613281,,,,,,,,,,
acc,1778672792.0,211.0,-0.152344,3.691406,-10.070312,,,,,,,,,,
acc,1778672792.0,211.0,-0.34375,3.804688,-9.957031,,,,,,,,,,
acc,1778672792.0,211.0,-0.34375,3.574219,-10.152344,,,,,,,,,,
acc,1778672792.0,211.0,-0.304688,3.535156,-10.035156,,,,,,,,,,
acc,1778672792.0,211.0,-0.304688,3.421875,-9.875,,,,,,,,,,
acc,1778672792.0,211.0,-0.152344,3.574219,-10.035156,,,,,,,,,,
acc,1778672792.0,211.0,-0.152344,3.765625,-9.726562,,,,,,,,,,
acc,1778672792.0,211.0,-0.382812,3.574219,-9.917969,,,,,,,,,,
acc,1778672792.0,211.0,-0.457031,3.652344,-10.03125,,,,,,,,,,
acc,1778672792.0,211.0,-0.34375,3.996094,-9.757812,,,,,,,,,,
acc,1778672792.0,211.0,-0.074219,4.53125,-9.757812,,,,,,,,,,
acc,1778672792.0,211.0,0.0,4.53125,-9.457031,,,,,,,,,,
acc,1778672792.0,211.0,-0.035156,4.761719,-9.648438,,,,,,,,,,
acc,1778672792.0,211.0,-0.152344,4.648438,-9.613281,,,,,,,,,,
acc,1778672792.0,211.0,-0.265625,4.074219,-9.648438,,,,,,,,,,
acc,1778672792.0,211.0,-0.304688,3.921875,-9.875,,,,,,,,,,
acc,1778672792.0,211.0,-0.34375,4.035156,-9.835938,,,,,,,,,,
acc,1778672792.0,211.0,-0.382812,3.957031,-10.074219,,,,,,,,,,
acc,1778672792.0,211.0,-0.34375,3.957031,-9.914062,,,,,,,,,,
acc,1778672792.0,211.0,-0.34375,3.921875,-9.996094,,,,,,,,,,
acc,1778672792.0,211.0,-0.265625,3.921875,-9.953125,,,,,,,,,,
acc,1778672792.0,211.0,-0.457031,4.074219,-9.839844,,,,,,,,,,
acc,1778672792.0,211.0,-0.496094,3.84375,-9.875,,,,,,,,,,
acc,1778672792.0,211.0,-0.382812,3.996094,-9.914062,,,,,,,,,,
acc,1778672792.0,211.0,-0.304688,4.113281,-9.796875,,,,,,,,,,
acc,1778672792.0,211.0,-0.382812,3.652344,-9.953125,,,,,,,,,,
acc,1778672792.0,211.0,-0.417969,3.691406,-9.726562,,,,,,,,,,
acc,1778672792.0,211.0,-0.304688,3.652344,-9.917969,,,,,,,,,,
acc,1778672792.0,211.0,-0.226562,3.535156,-9.800781,,,,,,,,,,
acc,1778672792.0,211.0,-0.152344,3.574219,-9.957031,,,,,,,,,,
acc,1778672792.0,211.0,-0.304688,3.726562,-9.996094,,,,,,,,,,
acc,1778672792.0,211.0,-0.382812,3.230469,-9.957031,,,,,,,,,,
acc,1778672792.0,211.0,-0.226562,3.152344,-9.875,,,,,,,,,,
acc,1778672792.0,211.0,-0.226562,3.574219,-10.070312,,,,,,,,,,
acc,1778672792.0,211.0,-0.382812,3.726562,-9.835938,,,,,,,,,,
acc,1778672792.0,211.0,-0.382812,3.765625,-10.113281,,,,,,,,,,
acc,1778672792.0,211.0,-0.265625,3.957031,-9.761719,,,,,,,,,,
acc,1778672792.0,211.0,-0.191406,4.035156,-9.996094,,,,,,,,,,
acc,1778672792.0,211.0,-0.191406,3.957031,-9.839844,,,,,,,,,,
acc,1778672792.0,211.0,-0.191406,3.5,-9.796875,,,,,,,,,,
acc,1778672792.0,211.0,-0.304688,3.382812,-9.917969,,,,,,,,,,
acc,1778672792.0,211.0,-0.382812,3.5,-9.800781,,,,,,,,,,
acc,1778672792.0,211.0,-0.34375,3.613281,-9.992188,,,,,,,,,,
acc,1778672792.0,211.0,-0.382812,3.691406,-9.957031,,,,,,,,,,
acc,1778672792.0,211.0,-0.382812,4.148438,-9.878906,,,,,,,,,,
acc,1778672792.0,211.0,-0.382812,4.148438,-9.839844,,,,,,,,,,
acc,1778672792.0,211.0,-0.34375,4.148438,-9.726562,,,,,,,,,,
acc,1778672792.0,211.0,-0.382812,4.304688,-9.957031,,,,,,,,,,
acc,1778672792.0,211.0,-0.417969,3.921875,-9.917969,,,,,,,,,,
acc,1778672792.0,211.0,-0.496094,3.921875,-9.761719,,,,,,,,,,
acc,1778672792.0,211.0,-0.382812,3.613281,-10.03125,,,,,,,,,,
acc,1778672792.0,211.0,-0.382812,3.652344,-9.730469,,,,,,,,,,
acc,1778672792.0,211.0,-0.34375,3.804688,-9.839844,,,,,,,,,,
acc,1778672792.0,211.0,-0.382812,3.882812,-9.691406,,,,,,,,,,
acc,1778672792.0,211.0,-0.417969,4.035156,-9.914062,,,,,,,,,,
acc,1778672792.0,211.0,-0.417969,3.882812,-9.757812,,,,,,,,,,
acc,1778672792.0,211.0,-0.382812,3.921875,-9.6875,,,,,,,,,,
acc,1778672792.0,211.0,-0.382812,4.148438,-9.878906,,,,,,,,,,
acc,1778672792.0,211.0,-0.226562,3.804688,-9.570312,,,,,,,,,,
acc,1778672792.0,211.0,-0.304688,3.726562,-9.652344,,,,,,,,,,
acc,1778672792.0,211.0,-0.382812,3.691406,-9.839844,,,,,,,,,,
acc,1778672792.0,211.0,-0.382812,3.726562,-9.800781,,,,,,,,,,
acc,1778672792.0,211.0,-0.34375,3.765625,-9.6875,,,,,,,,,,
acc,1778672792.0,211.0,-0.304688,3.921875,-10.148438,,,,,,,,,,
acc,1778672792.0,211.0,-0.34375,3.765625,-10.035156,,,,,,,,,,
acc,1778672792.0,211.0,-0.34375,3.535156,-9.757812,,,,,,,,,,
acc,1778672792.0,211.0,-0.265625,3.382812,-9.726562,,,,,,,,,,
acc,1778672792.0,211.0,-0.226562,3.269531,-9.800781,,,,,,,,,,
acc,1778672792.0,211.0,-0.191406,3.308594,-9.957031,,,,,,,,,,
acc,1778672792.0,211.0,-0.34375,3.765625,-9.761719,,,,,,,,,,
acc,1778672792.0,211.0,-0.382812,3.921875,-10.152344,,,,,,,,,,
acc,1778672792.0,211.0,-0.191406,3.882812,-9.839844,,,,,,,,,,
acc,1778672792.0,211.0,-0.265625,3.804688,-9.757812,,,,,,,,,,
acc,1778672792.0,211.0,-0.265625,3.691406,-9.992188,,,,,,,,,,
acc,1778672792.0,211.0,-0.265625,3.613281,-9.796875,,,,,,,,,,
acc,1778672792.0,211.0,-0.265625,3.691406,-9.992188,,,,,,,,,,
acc,1778672793.0,212.0,-0.226562,3.652344,-10.03125,,,,,,,,,,
acc,1778672793.0,212.0,-0.265625,3.921875,-9.757812,,,,,,,,,,
acc,1778672793.0,212.0,-0.265625,3.84375,-9.957031,,,,,,,,,,
acc,1778672793.0,212.0,-0.226562,3.804688,-9.796875,,,,,,,,,,
acc,1778672793.0,212.0,-0.226562,3.765625,-9.726562,,,,,,,,,,
acc,1778672793.0,212.0,-0.226562,3.84375,-9.953125,,,,,,,,,,
acc,1778672793.0,212.0,-0.226562,3.996094,-9.730469,,,,,,,,,,
acc,1778672793.0,212.0,-0.226562,3.882812,-10.03125,,,,,,,,,,
acc,1778672793.0,212.0,-0.226562,3.535156,-9.730469,,,,,,,,,,
acc,1778672793.0,212.0,-0.226562,3.726562,-9.757812,,,,,,,,,,
acc,1778672793.0,212.0,-0.265625,3.765625,-10.109375,,,,,,,,,,
acc,1778672793.0,212.0,-0.34375,3.691406,-9.570312,,,,,,,,,,
acc,1778672793.0,212.0,-0.265625,3.726562,-9.957031,,,,,,,,,,
acc,1778672793.0,212.0,-0.382812,3.765625,-9.652344,,,,,,,,,,
acc,1778672793.0,212.0,-0.382812,3.804688,-9.839844,,,,,,,,,,
acc,1778672793.0,212.0,-0.382812,3.726562,-9.648438,,,,,,,,,,
acc,1778672793.0,212.0,-0.191406,3.957031,-9.6875,,,,,,,,,,
acc,1778672793.0,212.0,-0.226562,3.613281,-9.691406,,,,,,,,,,
acc,1778672793.0,212.0,-0.265625,3.726562,-9.839844,,,,,,,,,,
acc,1778672793.0,212.0,-0.417969,3.726562,-9.347656,,,,,,,,,,
acc,1778672793.0,212.0,-0.34375,3.765625,-10.070312,,,,,,,,,,
acc,1778672793.0,212.0,-0.382812,3.882812,-9.574219,,,,,,,,,,
acc,1778672793.0,212.0,-0.34375,3.535156,-10.109375,,,,,,,,,,
acc,1778672793.0,212.0,-0.457031,3.652344,-9.730469,,,,,,,,,,
acc,1778672793.0,212.0,-0.457031,3.652344,-9.953125,,,,,,,,,,
acc,1778672793.0,212.0,-0.34375,3.726562,-10.109375,,,,,,,,,,
acc,1778672793.0,212.0,-0.304688,3.652344,-9.457031,,,,,,,,,,
acc,1778672793.0,212.0,-0.417969,3.996094,-10.183594,,,,,,,,,,
acc,1778672793.0,212.0,-0.457031,3.921875,-9.496094,,,,,,,,,,
acc,1778672793.0,212.0,-0.457031,3.84375,-9.800781,,,,,,,,,,
acc,1778672793.0,212.0,-0.382812,3.535156,-9.875,,,,,,,,,,
acc,1778672793.0,212.0,-0.34375,3.34375,-9.835938,,,,,,,,,,
acc,1778672793.0,212.0,-0.417969,3.726562,-9.835938,,,,,,,,,,
acc,1778672793.0,212.0,-0.648438,3.882812,-9.957031,,,,,,,,,,
acc,1778672793.0,212.0,-0.496094,3.921875,-9.878906,,,,,,,,,,
acc,1778672793.0,212.0,-0.457031,4.148438,-9.839844,,,,,,,,,,
acc,1778672793.0,212.0,-0.535156,3.921875,-9.761719,,,,,,,,,,
acc,1778672793.0,212.0,-0.417969,3.882812,-10.183594,,,,,,,,,,
acc,1778672793.0,212.0,-0.535156,3.921875,-9.496094,,,,,,,,,,
acc,1778672793.0,212.0,-0.496094,4.1875,-10.148438,,,,,,,,,,
acc,1778672793.0,212.0,-0.226562,3.957031,-9.835938,,,,,,,,,,
acc,1778672793.0,212.0,-0.265625,3.996094,-9.6875,,,,,,,,,,
acc,1778672793.0,212.0,-0.535156,4.339844,-10.109375,,,,,,,,,,
acc,1778672793.0,212.0,-0.496094,4.074219,-9.761719,,,,,,,,,,
acc,1778672793.0,212.0,-0.34375,4.1875,-10.109375,,,,,,,,,,
acc,1778672793.0,212.0,-0.382812,4.1875,-9.414062,,,,,,,,,,
acc,1778672793.0,212.0,-0.382812,4.035156,-9.835938,,,,,,,,,,
acc,1778672793.0,212.0,-0.34375,3.921875,-9.652344,,,,,,,,,,
acc,1778672793.0,212.0,-0.265625,3.765625,-9.453125,,,,,,,,,,
acc,1778672793.0,212.0,-0.113281,3.804688,-10.113281,,,,,,,,,,
acc,1778672793.0,212.0,-0.304688,4.074219,-9.953125,,,,,,,,,,
acc,1778672793.0,212.0,-0.34375,3.804688,-9.917969,,,,,,,,,,
acc,1778672793.0,212.0,-0.304688,3.921875,-9.992188,,,,,,,,,,
acc,1778672793.0,212.0,-0.304688,3.726562,-9.878906,,,,,,,,,,
acc,1778672793.0,212.0,-0.226562,4.074219,-9.726562,,,,,,,,,,
acc,1778672793.0,212.0,-0.226562,4.378906,-9.875,,,,,,,,,,
acc,1778672793.0,212.0,0.0,3.882812,-9.691406,,,,,,,,,,
acc,1778672793.0,212.0,-0.113281,3.765625,-9.652344,,,,,,,,,,
acc,1778672793.0,212.0,-0.226562,4.035156,-10.109375,,,,,,,,,,
acc,1778672793.0,212.0,-0.417969,3.652344,-9.757812,,,,,,,,,,
acc,1778672793.0,212.0,-0.417969,3.84375,-9.992188,,,,,,,,,,
acc,1778672793.0,212.0,-0.265625,3.882812,-10.070312,,,,,,,,,,
acc,1778672793.0,212.0,-0.226562,3.613281,-9.492188,,,,,,,,,,
acc,1778672793.0,212.0,-0.417969,4.1875,-9.609375,,,,,,,,,,
acc,1778672793.0,212.0,-0.34375,4.148438,-9.839844,,,,,,,,,,
acc,1778672793.0,212.0,-0.152344,3.882812,-9.574219,,,,,,,,,,
acc,1778672793.0,212.0,-0.304688,3.804688,-9.757812,,,,,,,,,,
acc,1778672793.0,212.0,-0.535156,3.613281,-10.148438,,,,,,,,,,
acc,1778672793.0,212.0,-0.496094,3.84375,-9.574219,,,,,,,,,,
acc,1778672793.0,212.0,-0.382812,4.035156,-9.757812,,,,,,,,,,
acc,1778672793.0,212.0,-0.152344,3.957031,-9.757812,,,,,,,,,,
acc,1778672793.0,212.0,-0.226562,4.1875,-9.347656,,,,,,,,,,
acc,1778672793.0,212.0,-0.648438,4.226562,-9.6875,,,,,,,,,,
acc,1778672793.0,212.0,-0.496094,3.921875,-9.726562,,,,,,,,,,
acc,1778672793.0,212.0,-0.382812,4.074219,-9.570312,,,,,,,,,,
acc,1778672793.0,212.0,-0.382812,4.226562,-9.992188,,,,,,,,,,
acc,1778672793.0,212.0,-0.535156,4.1875,-9.691406,,,,,,,,,,
acc,1778672793.0,212.0,-0.457031,4.1875,-9.609375,,,,,,,,,,
acc,1778672793.0,212.0,-0.382812,4.1875,-9.835938,,,,,,,,,,
acc,1778672793.0,212.0,-0.304688,4.226562,-9.535156,,,,,,,,,,
acc,1778672793.0,212.0,-0.382812,4.113281,-9.757812,,,,,,,,,,
acc,1778672793.0,212.0,-0.304688,3.996094,-9.613281,,,,,,,,,,
acc,1778672793.0,212.0,-0.304688,3.613281,-9.652344,,,,,,,,,,
acc,1778672793.0,212.0,-0.304688,3.765625,-9.800781,,,,,,,,,,
acc,1778672793.0,212.0,-0.574219,3.726562,-9.761719,,,,,,,,,,
acc,1778672793.0,212.0,-0.648438,3.691406,-9.914062,,,,,,,,,,
acc,1778672793.0,212.0,-0.417969,3.765625,-9.796875,,,,,,,,,,
acc,1778672793.0,212.0,-0.265625,3.957031,-9.652344,,,,,,,,,,
acc,1778672793.0,212.0,-0.265625,4.148438,-9.835938,,,,,,,,,,
acc,1778672793.0,212.0,-0.457031,4.304688,-9.957031,,,,,,,,,,
acc,1778672793.0,212.0,-0.496094,4.148438,-9.796875,,,,,,,,,,
acc,1778672793.0,212.0,-0.382812,3.804688,-9.839844,,,,,,,,,,
acc,1778672793.0,212.0,-0.34375,3.691406,-10.113281,,,,,,,,,,
acc,1778672793.0,212.0,-0.382812,3.5,-9.691406,,,,,,,,,,
acc,1778672793.0,212.0,-0.265625,3.421875,-9.914062,,,,,,,,,,
acc,1778672793.0,212.0,-0.34375,3.574219,-9.726562,,,,,,,,,,
acc,1778672793.0,212.0,-0.34375,4.417969,-9.992188,,,,,,,,,,
acc,1778672793.0,212.0,-0.496094,4.035156,-9.835938,,,,,,,,,,
acc,1778672793.0,212.0,-0.417969,3.996094,-9.375,,,,,,,,,,
acc,1778672793.0,212.0,-0.613281,4.496094,-9.730469,,,,,,,,,,
acc,1778672793.0,212.0,-0.457031,3.957031,-9.609375,,,,,,,,,,
acc,1778672793.0,212.0,-0.265625,4.074219,-9.53125,,,,,,,,,,
acc,1778672793.0,212.0,-0.457031,4.457031,-9.875,,,,,,,,,,
acc,1778672793.0,212.0,-0.34375,3.84375,-9.953125,,,,,,,,,,
acc,1778672793.0,212.0,-0.304688,3.804688,-9.574219,,,,,,,,,,
acc,1778672793.0,212.0,-0.34375,4.148438,-9.878906,,,,,,,,,,
acc,1778672793.0,212.0,-0.265625,3.691406,-9.648438,,,,,,,,,,
acc,1778672793.0,212.0,-0.304688,3.921875,-9.800781,,,,,,,,,,
acc,1778672793.0,212.0,-0.265625,3.882812,-9.796875,,,,,,,,,,
acc,1778672793.0,212.0,-0.304688,3.804688,-9.453125,,,,,,,,,,
acc,1778672793.0,212.0,-0.152344,4.226562,-9.875,,,,,,,,,,
acc,1778672793.0,212.0,-0.191406,4.035156,-9.613281,,,,,,,,,,
acc,1778672793.0,212.0,-0.191406,4.035156,-9.839844,,,,,,,,,,
acc,1778672793.0,212.0,-0.152344,4.113281,-9.730469,,,,,,,,,,
acc,1778672793.0,212.0,-0.152344,3.921875,-9.726562,,,,,,,,,,
acc,1778672793.0,212.0,-0.226562,4.074219,-9.6875,,,,,,,,,,
acc,1778672793.0,212.0,-0.074219,4.148438,-10.148438,,,,,,,,,,
acc,1778672793.0,212.0,-0.34375,3.996094,-9.800781,,,,,,,,,,
acc,1778672793.0,212.0,-0.304688,3.691406,-9.835938,,,,,,,,,,
acc,1778672793.0,212.0,-0.226562,3.726562,-9.835938,,,,,,,,,,
acc,1778672793.0,212.0,-0.152344,3.726562,-9.730469,,,,,,,,,,
acc,1778672793.0,212.0,-0.226562,3.765625,-9.917969,,,,,,,,,,
acc,1778672793.0,212.0,-0.226562,3.921875,-9.613281,,,,,,,,,,
acc,1778672793.0,212.0,-0.152344,4.148438,-10.035156,,,,,,,,,,
acc,1778672793.0,212.0,-0.191406,3.882812,-9.917969,,,,,,,,,,
acc,1778672794.0,213.0,-0.191406,3.882812,-9.878906,,,,,,,,,,
acc,1778672794.0,213.0,-0.34375,3.84375,-9.835938,,,,,,,,,,
acc,1778672794.0,213.0,-0.535156,3.765625,-9.457031,,,,,,,,,,
acc,1778672794.0,213.0,-0.613281,3.652344,-9.875,,,,,,,,,,
acc,1778672794.0,213.0,-0.417969,3.652344,-9.691406,,,,,,,,,,
acc,1778672794.0,213.0,-0.496094,3.957031,-9.609375,,,,,,,,,,
acc,1778672794.0,213.0,-0.417969,4.304688,-9.917969,,,,,,,,,,
acc,1778672794.0,213.0,-0.304688,4.457031,-9.535156,,,,,,,,,,
acc,1778672794.0,213.0,-0.113281,4.304688,-9.378906,,,,,,,,,,
acc,1778672794.0,213.0,-0.113281,4.53125,-9.957031,,,,,,,,,,
acc,1778672794.0,213.0,-0.113281,4.339844,-9.375,,,,,,,,,,
acc,1778672794.0,213.0,-0.382812,4.339844,-9.492188,,,,,,,,,,
acc,1778672794.0,213.0,-0.457031,4.378906,-9.953125,,,,,,,,,,
acc,1778672794.0,213.0,-0.417969,4.113281,-9.757812,,,,,,,,,,
acc,1778672794.0,213.0,-0.304688,3.460938,-9.726562,,,,,,,,,,
acc,1778672794.0,213.0,-0.226562,3.5,-9.953125,,,,,,,,,,
acc,1778672794.0,213.0,-0.191406,3.765625,-9.347656,,,,,,,,,,
acc,1778672794.0,213.0,-0.113281,3.382812,-9.992188,,,,,,,,,,
acc,1778672794.0,213.0,-0.152344,4.148438,-9.839844,,,,,,,,,,
acc,1778672794.0,213.0,-0.226562,3.269531,-9.691406,,,,,,,,,,
acc,1778672794.0,213.0,-0.226562,3.460938,-10.21875,,,,,,,,,,
acc,1778672794.0,213.0,-0.417969,3.882812,-9.53125,,,,,,,,,,
acc,1778672794.0,213.0,-0.496094,4.035156,-10.300781,,,,,,,,,,
acc,1778672794.0,213.0,-0.382812,3.726562,-9.800781,,,,,,,,,,
acc,1778672794.0,213.0,-0.417969,4.226562,-9.875,,,,,,,,,,
acc,1778672794.0,213.0,-0.496094,3.84375,-9.835938,,,,,,,,,,
acc,1778672794.0,213.0,-0.265625,3.5,-9.726562,,,,,,,,,,
acc,1778672794.0,213.0,-0.226562,3.726562,-10.074219,,,,,,,,,,
acc,1778672794.0,213.0,-0.382812,3.726562,-9.414062,,,,,,,,,,
acc,1778672794.0,213.0,-0.613281,3.765625,-10.070312,,,,,,,,,,
acc,1778672794.0,213.0,-0.574219,3.765625,-9.875,,,,,,,,,,
acc,1778672794.0,213.0,-0.535156,3.921875,-9.6875,,,,,,,,,,
acc,1778672794.0,213.0,-0.574219,4.265625,-10.183594,,,,,,,,,,
acc,1778672794.0,213.0,-0.6875,4.035156,-9.875,,,,,,,,,,
acc,1778672794.0,213.0,-0.574219,3.84375,-9.613281,,,,,,,,,,
acc,1778672794.0,213.0,-0.417969,4.074219,-10.261719,,,,,,,,,,
acc,1778672794.0,213.0,-0.265625,3.84375,-9.417969,,,,,,,,,,
acc,1778672794.0,213.0,-0.226562,3.460938,-9.574219,,,,,,,,,,
acc,1778672794.0,213.0,-0.265625,4.113281,-9.878906,,,,,,,,,,
acc,1778672794.0,213.0,-0.226562,4.226562,-9.265625,,,,,,,,,,
acc,1778672794.0,213.0,-0.226562,4.226562,-10.03125,,,,,,,,,,
acc,1778672794.0,213.0,-0.417969,4.339844,-9.648438,,,,,,,,,,
acc,1778672794.0,213.0,-0.34375,4.378906,-9.835938,,,,,,,,,,
acc,1778672794.0,213.0,-0.074219,4.339844,-10.222656,,,,,,,,,,
acc,1778672794.0,213.0,-0.035156,4.148438,-9.457031,,,,,,,,,,
acc,1778672794.0,213.0,-0.265625,3.882812,-9.917969,,,,,,,,,,
acc,1778672794.0,213.0,-0.265625,3.84375,-9.761719,,,,,,,,,,
acc,1778672794.0,213.0,-0.191406,4.1875,-9.761719,,,,,,,,,,
acc,1778672794.0,213.0,-0.265625,4.074219,-9.875,,,,,,,,,,
acc,1778672794.0,213.0,-0.496094,4.457031,-9.757812,,,,,,,,,,
acc,1778672794.0,213.0,-0.417969,4.265625,-9.917969,,,,,,,,,,
acc,1778672794.0,213.0,-0.304688,3.921875,-9.875,,,,,,,,,,
acc,1778672794.0,213.0,-0.113281,3.882812,-9.914062,,,,,,,,,,
acc,1778672794.0,213.0,-0.382812,3.574219,-10.179688,,,,,,,,,,
acc,1778672794.0,213.0,-0.304688,3.726562,-10.070312,,,,,,,,,,
acc,1778672794.0,213.0,-0.265625,3.652344,-9.839844,,,,,,,,,,
acc,1778672794.0,213.0,-0.265625,3.957031,-10.152344,,,,,,,,,,
acc,1778672794.0,213.0,-0.34375,4.378906,-9.347656,,,,,,,,,,
acc,1778672794.0,213.0,-0.496094,4.148438,-10.261719,,,,,,,,,,
acc,1778672794.0,213.0,-0.191406,3.804688,-9.53125,,,,,,,,,,
acc,1778672794.0,213.0,-0.265625,3.921875,-9.757812,,,,,,,,,,
acc,1778672794.0,213.0,-0.382812,3.84375,-10.03125,,,,,,,,,,
acc,1778672794.0,213.0,-0.191406,3.652344,-9.796875,,,,,,,,,,
acc,1778672794.0,213.0,-0.113281,3.996094,-9.953125,,,,,,,,,,
acc,1778672794.0,213.0,-0.265625,3.996094,-9.726562,,,,,,,,,,
acc,1778672794.0,213.0,-0.226562,3.921875,-9.6875,,,,,,,,,,
acc,1778672794.0,213.0,-0.191406,4.113281,-9.570312,,,,,,,,,,
acc,1778672794.0,213.0,-0.226562,3.996094,-9.914062,,,,,,,,,,
acc,1778672794.0,213.0,-0.382812,3.765625,-9.496094,,,,,,,,,,
acc,1778672794.0,213.0,-0.382812,3.996094,-9.835938,,,,,,,,,,
acc,1778672794.0,213.0,-0.382812,4.074219,-9.839844,,,,,,,,,,
acc,1778672794.0,213.0,-0.382812,3.652344,-9.414062,,,,,,,,,,
acc,1778672794.0,213.0,-0.265625,3.652344,-10.113281,,,,,,,,,,
acc,1778672794.0,213.0,-0.265625,3.34375,-9.726562,,,,,,,,,,
acc,1778672794.0,213.0,-0.535156,3.574219,-9.570312,,,,,,,,,,
acc,1778672794.0,213.0,-0.535156,3.652344,-9.953125,,,,,,,,,,
acc,1778672794.0,213.0,-0.304688,3.726562,-9.726562,,,,,,,,,,
acc,1778672794.0,213.0,-0.613281,3.5,-9.875,,,,,,,,,,
acc,1778672794.0,213.0,-0.382812,3.921875,-9.761719,,,,,,,,,,
acc,1778672794.0,213.0,-0.382812,3.421875,-9.652344,,,,,,,,,,
acc,1778672794.0,213.0,-0.34375,3.382812,-9.914062,,,,,,,,,,
acc,1778672794.0,213.0,-0.417969,3.882812,-9.800781,,,,,,,,,,
acc,1778672794.0,213.0,-0.535156,3.957031,-9.691406,,,,,,,,,,
acc,1778672794.0,213.0,-0.574219,3.957031,-9.726562,,,,,,,,,,
acc,1778672794.0,213.0,-0.417969,4.074219,-9.6875,,,,,,,,,,
acc,1778672794.0,213.0,-0.382812,3.957031,-9.914062,,,,,,,,,,
acc,1778672794.0,213.0,-0.496094,3.882812,-9.757812,,,,,,,,,,
acc,1778672794.0,213.0,-0.574219,3.726562,-10.152344,,,,,,,,,,
acc,1778672794.0,213.0,-0.535156,3.691406,-9.726562,,,,,,,,,,
acc,1778672794.0,213.0,-0.496094,3.613281,-9.835938,,,,,,,,,,
acc,1778672794.0,213.0,-0.496094,4.074219,-9.726562,,,,,,,,,,
acc,1778672794.0,213.0,-0.535156,4.304688,-9.652344,,,,,,,,,,
acc,1778672794.0,213.0,-0.496094,4.226562,-9.574219,,,,,,,,,,
acc,1778672794.0,213.0,-0.417969,3.613281,-9.609375,,,,,,,,,,
acc,1778672794.0,213.0,-0.535156,3.613281,-9.757812,,,,,,,,,,
acc,1778672794.0,213.0,-0.726562,3.84375,-9.730469,,,,,,,,,,
acc,1778672794.0,213.0,-0.613281,4.148438,-9.878906,,,,,,,,,,
acc,1778672794.0,213.0,-0.496094,4.570312,-9.800781,,,,,,,,,,
acc,1778672794.0,213.0,-0.457031,4.1875,-9.953125,,,,,,,,,,
acc,1778672794.0,213.0,-0.457031,4.265625,-9.839844,,,,,,,,,,
acc,1778672794.0,213.0,-0.304688,4.113281,-9.917969,,,,,,,,,,
acc,1778672794.0,213.0,-0.417969,4.304688,-9.839844,,,,,,,,,,
acc,1778672794.0,213.0,-0.265625,4.074219,-9.609375,,,,,,,,,,
acc,1778672794.0,213.0,-0.152344,3.996094,-9.875,,,,,,,,,,
acc,1778672794.0,213.0,-0.265625,4.113281,-9.570312,,,,,,,,,,
acc,1778672794.0,213.0,-0.382812,3.882812,-9.609375,,,,,,,,,,
acc,1778672794.0,213.0,-0.304688,3.691406,-9.757812,,,,,,,,,,
acc,1778672794.0,213.0,-0.265625,3.84375,-9.378906,,,,,,,,,,
acc,1778672794.0,213.0,-0.265625,3.84375,-9.839844,,,,,,,,,,
acc,1778672794.0,213.0,-0.152344,3.691406,-9.570312,,,,,,,,,,
acc,1778672794.0,213.0,-0.152344,3.765625,-9.6875,,,,,,,,,,
acc,1778672794.0,213.0,-0.265625,3.804688,-9.757812,,,,,,,,,,
acc,1778672794.0,213.0,-0.113281,3.921875,-9.796875,,,,,,,,,,
acc,1778672794.0,213.0,0.0,4.074219,-9.652344,,,,,,,,,,
acc,1778672794.0,213.0,-0.074219,4.074219,-9.800781,,,,,,,,,,
acc,1778672794.0,213.0,-0.265625,4.304688,-9.730469,,,,,,,,,,
acc,1778672794.0,213.0,-0.34375,4.035156,-10.074219,,,,,,,,,,
acc,1778672794.0,213.0,-0.34375,3.691406,-9.796875,,,,,,,,,,
acc,1778672794.0,213.0,-0.265625,3.996094,-9.613281,,,,,,,,,,
acc,1778672794.0,213.0,-0.035156,4.148438,-9.570312,,,,,,,,,,
acc,1778672794.0,213.0,-0.34375,4.339844,-9.574219,,,,,,,,,,
acc,1778672794.0,213.0,-0.265625,4.074219,-10.109375,,,,,,,,,,
acc,1778672794.0,213.0,-0.265625,3.957031,-9.796875,,,,,,,,,,
acc,1778672794.0,213.0,-0.304688,3.882812,-10.070312,,,,,,,,,,
acc,1778672795.0,214.0,-0.152344,3.957031,-9.757812,,,,,,,,,,
acc,1778672795.0,214.0,0.0,3.957031,-9.609375,,,,,,,,,,
acc,1778672795.0,214.0,0.0,4.113281,-9.914062,,,,,,,,,,
acc,1778672795.0,214.0,-0.113281,4.226562,-9.53125,,,,,,,,,,
acc,1778672795.0,214.0,-0.191406,3.957031,-9.996094,,,,,,,,,,
acc,1778672795.0,214.0,0.0,3.921875,-9.652344,,,,,,,,,,
acc,1778672795.0,214.0,0.078125,3.765625,-9.6875,,,,,,,,,,
acc,1778672795.0,214.0,0.0,3.957031,-9.757812,,,,,,,,,,
acc,1778672795.0,214.0,-0.113281,4.148438,-9.796875,,,,,,,,,,
acc,1778672795.0,214.0,-0.265625,4.113281,-9.878906,,,,,,,,,,
acc,1778672795.0,214.0,-0.34375,4.226562,-9.914062,,,,,,,,,,
acc,1778672795.0,214.0,-0.382812,3.882812,-9.953125,,,,,,,,,,
acc,1778672795.0,214.0,-0.417969,4.074219,-9.957031,,,,,,,,,,
acc,1778672795.0,214.0,-0.417969,4.148438,-9.796875,,,,,,,,,,
acc,1778672795.0,214.0,-0.382812,4.378906,-9.953125,,,,,,,,,,
acc,1778672795.0,214.0,-0.382812,4.457031,-9.730469,,,,,,,,,,
acc,1778672795.0,214.0,-0.265625,3.921875,-9.730469,,,,,,,,,,
acc,1778672795.0,214.0,-0.34375,3.882812,-9.574219,,,,,,,,,,
acc,1778672795.0,214.0,-0.457031,4.457031,-9.609375,,,,,,,,,,
acc,1778672795.0,214.0,-0.648438,4.148438,-9.835938,,,,,,,,,,
acc,1778672795.0,214.0,-0.613281,4.457031,-9.730469,,,,,,,,,,
acc,1778672795.0,214.0,-0.574219,4.265625,-9.914062,,,,,,,,,,
acc,1778672795.0,214.0,-0.382812,3.957031,-10.03125,,,,,,,,,,
acc,1778672795.0,214.0,-0.496094,4.1875,-9.304688,,,,,,,,,,
acc,1778672795.0,214.0,-0.417969,4.074219,-10.566406,,,,,,,,,,
acc,1778672795.0,214.0,-0.613281,4.339844,-9.375,,,,,,,,,,
acc,1778672795.0,214.0,-0.574219,4.457031,-10.339844,,,,,,,,,,
acc,1778672795.0,214.0,-0.535156,4.265625,-9.996094,,,,,,,,,,
acc,1778672795.0,214.0,-0.574219,4.148438,-9.574219,,,,,,,,,,
acc,1778672795.0,214.0,-0.574219,4.035156,-10.261719,,,,,,,,,,
acc,1778672795.0,214.0,-0.417969,4.226562,-9.304688,,,,,,,,,,
acc,1778672795.0,214.0,-0.382812,4.378906,-9.992188,,,,,,,,,,
acc,1778672795.0,214.0,-0.417969,4.304688,-9.839844,,,,,,,,,,
acc,1778672795.0,214.0,-0.574219,4.1875,-9.613281,,,,,,,,,,
acc,1778672795.0,214.0,-0.648438,4.035156,-9.917969,,,,,,,,,,
acc,1778672795.0,214.0,-0.6875,3.882812,-9.800781,,,,,,,,,,
acc,1778672795.0,214.0,-0.726562,3.996094,-9.992188,,,,,,,,,,
acc,1778672795.0,214.0,-0.957031,4.074219,-10.035156,,,,,,,,,,
acc,1778672795.0,214.0,-0.726562,3.574219,-9.839844,,,,,,,,,,
acc,1778672795.0,214.0,-0.648438,3.613281,-9.957031,,,,,,,,,,
acc,1778672795.0,214.0,-0.613281,3.574219,-9.878906,,,,,,,,,,
acc,1778672795.0,214.0,-0.648438,3.5,-10.035156,,,,,,,,,,
acc,1778672795.0,214.0,-0.648438,3.726562,-9.996094,,,,,,,,,,
acc,1778672795.0,214.0,-0.726562,3.921875,-10.070312,,,,,,,,,,
acc,1778672795.0,214.0,-0.726562,3.765625,-9.839844,,,,,,,,,,
acc,1778672795.0,214.0,-0.765625,3.804688,-10.074219,,,,,,,,,,
acc,1778672795.0,214.0,-0.613281,3.882812,-9.574219,,,,,,,,,,
acc,1778672795.0,214.0,-0.535156,3.191406,-9.761719,,,,,,,,,,
acc,1778672795.0,214.0,-0.457031,3.574219,-9.839844,,,,,,,,,,
acc,1778672795.0,214.0,-0.496094,3.652344,-9.574219,,,,,,,,,,
acc,1778672795.0,214.0,-0.382812,4.148438,-10.070312,,,,,,,,,,
acc,1778672795.0,214.0,-0.191406,4.1875,-9.457031,,,,,,,,,,
acc,1778672795.0,214.0,-0.074219,4.074219,-9.953125,,,,,,,,,,
acc,1778672795.0,214.0,-0.152344,4.457031,-9.492188,,,,,,,,,,
acc,1778672795.0,214.0,-0.113281,4.457031,-9.453125,,,,,,,,,,
acc,1778672795.0,214.0,-0.152344,4.304688,-9.839844,,,,,,,,,,
acc,1778672795.0,214.0,-0.152344,3.84375,-9.230469,,,,,,,,,,
acc,1778672795.0,214.0,-0.152344,4.304688,-10.261719,,,,,,,,,,
acc,1778672795.0,214.0,-0.152344,4.113281,-9.265625,,,,,,,,,,
acc,1778672795.0,214.0,-0.34375,4.53125,-9.878906,,,,,,,,,,
acc,1778672795.0,214.0,-0.265625,4.378906,-9.457031,,,,,,,,,,
acc,1778672795.0,214.0,-0.226562,4.1875,-9.992188,,,,,,,,,,
acc,1778672795.0,214.0,-0.152344,3.804688,-9.378906,,,,,,,,,,
acc,1778672795.0,214.0,-0.191406,4.148438,-9.875,,,,,,,,,,
acc,1778672795.0,214.0,-0.113281,3.765625,-9.652344,,,,,,,,,,
acc,1778672795.0,214.0,-0.226562,3.84375,-9.648438,,,,,,,,,,
acc,1778672795.0,214.0,-0.265625,4.148438,-10.03125,,,,,,,,,,
acc,1778672795.0,214.0,-0.382812,3.613281,-9.492188,,,,,,,,,,
acc,1778672795.0,214.0,-0.304688,3.765625,-9.757812,,,,,,,,,,
acc,1778672795.0,214.0,-0.191406,3.613281,-9.457031,,,,,,,,,,
acc,1778672795.0,214.0,0.078125,3.996094,-9.347656,,,,,,,,,,
acc,1778672795.0,214.0,-0.074219,3.84375,-9.496094,,,,,,,,,,
acc,1778672795.0,214.0,-0.226562,3.84375,-9.492188,,,,,,,,,,
acc,1778672795.0,214.0,-0.265625,3.613281,-9.496094,,,,,,,,,,
acc,1778672795.0,214.0,-0.226562,3.652344,-9.914062,,,,,,,,,,
acc,1778672795.0,214.0,-0.226562,3.804688,-9.496094,,,,,,,,,,
acc,1778672795.0,214.0,-0.265625,3.765625,-9.574219,,,,,,,,,,
acc,1778672795.0,214.0,-0.34375,3.957031,-9.53125,,,,,,,,,,
acc,1778672795.0,214.0,-0.304688,3.996094,-9.496094,,,,,,,,,,
acc,1778672795.0,214.0,-0.035156,3.996094,-9.414062,,,,,,,,,,
acc,1778672795.0,214.0,-0.152344,4.148438,-9.417969,,,,,,,,,,
acc,1778672795.0,214.0,-0.226562,3.84375,-9.914062,,,,,,,,,,
acc,1778672795.0,214.0,-0.304688,3.996094,-9.535156,,,,,,,,,,
acc,1778672795.0,214.0,-0.535156,4.113281,-9.875,,,,,,,,,,
acc,1778672795.0,214.0,-0.417969,3.996094,-10.109375,,,,,,,,,,
acc,1778672795.0,214.0,-0.34375,4.265625,-9.417969,,,,,,,,,,
acc,1778672795.0,214.0,-0.496094,4.496094,-10.109375,,,,,,,,,,
acc,1778672795.0,214.0,-0.382812,4.113281,-9.800781,,,,,,,,,,
acc,1778672795.0,214.0,-0.265625,4.035156,-9.761719,,,,,,,,,,
acc,1778672795.0,214.0,-0.417969,3.804688,-9.652344,,,,,,,,,,
acc,1778672795.0,214.0,-0.417969,4.304688,-9.996094,,,,,,,,,,
acc,1778672795.0,214.0,-0.417969,4.1875,-9.691406,,,,,,,,,,
acc,1778672795.0,214.0,-0.574219,4.265625,-9.835938,,,,,,,,,,
acc,1778672795.0,214.0,-0.535156,4.800781,-9.6875,,,,,,,,,,
acc,1778672795.0,214.0,-0.496094,4.304688,-9.796875,,,,,,,,,,
acc,1778672795.0,214.0,-0.152344,4.148438,-9.761719,,,,,,,,,,
acc,1778672795.0,214.0,-0.382812,3.921875,-9.34375,,,,,,,,,,
acc,1778672795.0,214.0,-0.496094,3.652344,-10.453125,,,,,,,,,,
acc,1778672795.0,214.0,-0.457031,3.574219,-9.496094,,,,,,,,,,
acc,1778672795.0,214.0,-0.382812,3.996094,-10.21875,,,,,,,,,,
acc,1778672795.0,214.0,-0.6875,3.804688,-9.761719,,,,,,,,,,
acc,1778672795.0,214.0,-0.457031,3.574219,-9.570312,,,,,,,,,,
acc,1778672795.0,214.0,-0.34375,4.148438,-9.269531,,,,,,,,,,
acc,1778672795.0,214.0,-0.648438,4.035156,-10.296875,,,,,,,,,,
acc,1778672795.0,214.0,-0.613281,4.148438,-9.378906,,,,,,,,,,
acc,1778672795.0,214.0,-0.496094,4.417969,-9.992188,,,,,,,,,,
acc,1778672795.0,214.0,-0.191406,3.84375,-9.917969,,,,,,,,,,
acc,1778672795.0,214.0,-0.265625,3.652344,-9.457031,,,,,,,,,,
acc,1778672795.0,214.0,-0.382812,3.5,-10.109375,,,,,,,,,,
acc,1778672795.0,214.0,-0.265625,3.421875,-9.691406,,,,,,,,,,
acc,1778672795.0,214.0,-0.382812,3.691406,-9.878906,,,,,,,,,,
acc,1778672795.0,214.0,-0.574219,3.574219,-9.730469,,,,,,,,,,
acc,1778672795.0,214.0,-0.457031,4.113281,-9.800781,,,,,,,,,,
acc,1778672795.0,214.0,-0.191406,4.148438,-9.691406,,,,,,,,,,
acc,1778672795.0,214.0,-0.152344,3.921875,-9.6875,,,,,,,,,,
acc,1778672795.0,214.0,-0.382812,3.765625,-9.761719,,,,,,,,,,
acc,1778672795.0,214.0,-0.382812,3.535156,-9.835938,,,,,,,,,,
acc,1778672795.0,214.0,-0.457031,3.691406,-9.957031,,,,,,,,,,
acc,1778672795.0,214.0,-0.265625,3.382812,-9.839844,,,,,,,,,,
acc,1778672795.0,214.0,-0.226562,3.84375,-9.875,,,,,,,,,,
acc,1778672795.0,214.0,-0.34375,4.378906,-9.53125,,,,,,,,,,
acc,1778672795.0,214.0,-0.382812,4.1875,-9.992188,,,,,,,,,,
acc,1778672795.0,214.0,-0.191406,3.957031,-9.761719,,,,,,,,,,
acc,1778672795.0,214.0,-0.304688,4.265625,-9.835938,,,,,,,,,,
acc,1778672795.0,214.0,-0.304688,4.148438,-9.691406,,,,,,,,,,
acc,1778672796.0,215.0,-0.191406,4.339844,-9.761719,,,,,,,,,,
acc,1778672796.0,215.0,-0.113281,4.304688,-9.761719,,,,,,,,,,
acc,1778672796.0,215.0,-0.191406,3.84375,-9.726562,,,,,,,,,,
acc,1778672796.0,215.0,-0.265625,3.996094,-9.996094,,,,,,,,,,
acc,1778672796.0,215.0,-0.191406,3.996094,-9.761719,,,,,,,,,,
acc,1778672796.0,215.0,-0.226562,4.035156,-9.875,,,,,,,,,,
acc,1778672796.0,215.0,-0.265625,4.53125,-9.875,,,,,,,,,,
acc,1778672796.0,215.0,-0.152344,4.609375,-9.796875,,,,,,,,,,
acc,1778672796.0,215.0,0.0,4.609375,-9.761719,,,,,,,,,,
acc,1778672796.0,215.0,-0.035156,4.761719,-9.609375,,,,,,,,,,
acc,1778672796.0,215.0,-0.074219,4.417969,-10.035156,,,,,,,,,,
acc,1778672796.0,215.0,0.039062,4.304688,-9.496094,,,,,,,,,,
acc,1778672796.0,215.0,-0.074219,4.035156,-9.726562,,,,,,,,,,
acc,1778672796.0,215.0,-0.191406,3.996094,-9.878906,,,,,,,,,,
acc,1778672796.0,215.0,-0.191406,4.113281,-9.570312,,,,,,,,,,
acc,1778672796.0,215.0,-0.035156,4.113281,-9.914062,,,,,,,,,,
acc,1778672796.0,215.0,-0.035156,3.921875,-9.613281,,,,,,,,,,
acc,1778672796.0,215.0,-0.191406,3.691406,-9.800781,,,,,,,,,,
acc,1778672796.0,215.0,-0.304688,3.882812,-9.917969,,,,,,,,,,
acc,1778672796.0,215.0,-0.191406,3.5,-9.6875,,,,,,,,,,
acc,1778672796.0,215.0,-0.191406,3.726562,-9.796875,,,,,,,,,,
acc,1778672796.0,215.0,-0.265625,3.613281,-9.726562,,,,,,,,,,
acc,1778672796.0,215.0,-0.382812,3.726562,-9.800781,,,,,,,,,,
acc,1778672796.0,215.0,-0.457031,4.1875,-9.835938,,,,,,,,,,
acc,1778672796.0,215.0,-0.457031,3.613281,-9.757812,,,,,,,,,,
acc,1778672796.0,215.0,-0.265625,3.921875,-10.109375,,,,,,,,,,
acc,1778672796.0,215.0,-0.535156,3.574219,-9.378906,,,,,,,,,,
acc,1778672796.0,215.0,-0.535156,3.5,-10.257812,,,,,,,,,,
acc,1778672796.0,215.0,-0.304688,3.765625,-9.574219,,,,,,,,,,
acc,1778672796.0,215.0,-0.382812,3.691406,-9.878906,,,,,,,,,,
acc,1778672796.0,215.0,-0.535156,3.84375,-9.835938,,,,,,,,,,
acc,1778672796.0,215.0,-0.613281,4.035156,-9.835938,,,,,,,,,,
acc,1778672796.0,215.0,-0.574219,3.765625,-9.992188,,,,,,,,,,
acc,1778672796.0,215.0,-0.574219,3.921875,-9.730469,,,,,,,,,,
acc,1778672796.0,215.0,-0.496094,3.957031,-9.914062,,,,,,,,,,
acc,1778672796.0,215.0,-0.613281,4.265625,-9.570312,,,,,,,,,,
acc,1778672796.0,215.0,-0.6875,4.035156,-9.492188,,,,,,,,,,
acc,1778672796.0,215.0,-0.417969,4.113281,-9.992188,,,,,,,,,,
acc,1778672796.0,215.0,-0.304688,3.574219,-9.453125,,,,,,,,,,
acc,1778672796.0,215.0,-0.613281,3.421875,-9.917969,,,,,,,,,,
acc,1778672796.0,215.0,-0.574219,3.957031,-10.179688,,,,,,,,,,
acc,1778672796.0,215.0,-0.613281,4.148438,-9.796875,,,,,,,,,,
acc,1778672796.0,215.0,-0.574219,4.417969,-10.296875,,,,,,,,,,
acc,1778672796.0,215.0,-0.648438,4.417969,-9.878906,,,,,,,,,,
acc,1778672796.0,215.0,-0.726562,4.457031,-9.992188,,,,,,,,,,
acc,1778672796.0,215.0,-0.648438,4.113281,-9.726562,,,,,,,,,,
acc,1778672796.0,215.0,-0.417969,3.5,-9.574219,,,,,,,,,,
acc,1778672796.0,215.0,-0.457031,3.765625,-9.796875,,,,,,,,,,
acc,1778672796.0,215.0,-0.574219,3.691406,-10.074219,,,,,,,,,,
acc,1778672796.0,215.0,-0.726562,3.460938,-9.53125,,,,,,,,,,
acc,1778672796.0,215.0,-0.457031,3.613281,-10.257812,,,,,,,,,,
acc,1778672796.0,215.0,-0.382812,3.765625,-9.796875,,,,,,,,,,
acc,1778672796.0,215.0,-0.457031,4.148438,-9.878906,,,,,,,,,,
acc,1778672796.0,215.0,-0.457031,3.921875,-10.296875,,,,,,,,,,
acc,1778672796.0,215.0,-0.457031,4.226562,-9.609375,,,,,,,,,,
acc,1778672796.0,215.0,-0.457031,3.882812,-9.730469,,,,,,,,,,
acc,1778672796.0,215.0,-0.382812,3.421875,-10.070312,,,,,,,,,,
acc,1778672796.0,215.0,-0.265625,3.613281,-9.34375,,,,,,,,,,
acc,1778672796.0,215.0,-0.34375,3.652344,-9.992188,,,,,,,,,,
acc,1778672796.0,215.0,-0.417969,3.726562,-9.609375,,,,,,,,,,
acc,1778672796.0,215.0,-0.304688,4.1875,-9.726562,,,,,,,,,,
acc,1778672796.0,215.0,-0.191406,4.304688,-9.835938,,,,,,,,,,
acc,1778672796.0,215.0,-0.191406,4.265625,-9.453125,,,,,,,,,,
acc,1778672796.0,215.0,-0.191406,4.113281,-10.070312,,,,,,,,,,
acc,1778672796.0,215.0,-0.074219,4.148438,-9.347656,,,,,,,,,,
acc,1778672796.0,215.0,-0.074219,4.1875,-9.761719,,,,,,,,,,
acc,1778672796.0,215.0,-0.113281,4.226562,-9.835938,,,,,,,,,,
acc,1778672796.0,215.0,-0.074219,4.226562,-9.457031,,,,,,,,,,
acc,1778672796.0,215.0,0.0,4.113281,-9.875,,,,,,,,,,
acc,1778672796.0,215.0,-0.074219,4.074219,-9.347656,,,,,,,,,,
acc,1778672796.0,215.0,0.0,4.148438,-9.917969,,,,,,,,,,
acc,1778672796.0,215.0,0.039062,3.691406,-9.570312,,,,,,,,,,
acc,1778672796.0,215.0,-0.152344,3.84375,-9.304688,,,,,,,,,,
acc,1778672796.0,215.0,-0.152344,3.613281,-9.730469,,,,,,,,,,
acc,1778672796.0,215.0,-0.035156,3.34375,-9.691406,,,,,,,,,,
acc,1778672796.0,215.0,0.0,3.882812,-9.414062,,,,,,,,,,
acc,1778672796.0,215.0,0.0,3.882812,-10.257812,,,,,,,,,,
acc,1778672796.0,215.0,-0.265625,4.113281,-9.535156,,,,,,,,,,
acc,1778672796.0,215.0,-0.191406,3.957031,-10.113281,,,,,,,,,,
acc,1778672796.0,215.0,-0.074219,3.882812,-9.457031,,,,,,,,,,
acc,1778672796.0,215.0,-0.191406,3.804688,-9.53125,,,,,,,,,,
acc,1778672796.0,215.0,-0.191406,3.460938,-10.035156,,,,,,,,,,
acc,1778672796.0,215.0,-0.265625,3.84375,-8.957031,,,,,,,,,,
acc,1778672796.0,215.0,-0.417969,3.460938,-9.191406,,,,,,,,,,
acc,1778672796.0,215.0,-0.457031,3.804688,-9.761719,,,,,,,,,,
acc,1778672796.0,215.0,-0.34375,3.84375,-9.875,,,,,,,,,,
acc,1778672796.0,215.0,-0.226562,4.148438,-9.496094,,,,,,,,,,
acc,1778672796.0,215.0,-0.496094,4.113281,-10.109375,,,,,,,,,,
acc,1778672796.0,215.0,-0.457031,4.074219,-9.878906,,,,,,,,,,
acc,1778672796.0,215.0,-0.304688,4.1875,-9.613281,,,,,,,,,,
acc,1778672796.0,215.0,-0.304688,3.957031,-9.6875,,,,,,,,,,
acc,1778672796.0,215.0,-0.304688,3.957031,-9.496094,,,,,,,,,,
acc,1778672796.0,215.0,-0.226562,3.804688,-9.878906,,,,,,,,,,
acc,1778672796.0,215.0,-0.34375,3.765625,-9.535156,,,,,,,,,,
acc,1778672796.0,215.0,-0.457031,3.804688,-9.996094,,,,,,,,,,
acc,1778672796.0,215.0,-0.496094,3.921875,-9.878906,,,,,,,,,,
acc,1778672796.0,215.0,-0.382812,4.113281,-9.691406,,,,,,,,,,
acc,1778672796.0,215.0,-0.34375,4.074219,-9.957031,,,,,,,,,,
acc,1778672796.0,215.0,-0.535156,4.226562,-9.648438,,,,,,,,,,
acc,1778672796.0,215.0,-0.496094,4.265625,-9.796875,,,,,,,,,,
acc,1778672796.0,215.0,-0.613281,4.035156,-9.800781,,,,,,,,,,
acc,1778672796.0,215.0,-0.648438,4.035156,-9.957031,,,,,,,,,,
acc,1778672796.0,215.0,-0.574219,3.996094,-9.839844,,,,,,,,,,
acc,1778672796.0,215.0,-0.457031,3.957031,-9.914062,,,,,,,,,,
acc,1778672796.0,215.0,-0.574219,4.035156,-9.796875,,,,,,,,,,
acc,1778672796.0,215.0,-0.6875,4.113281,-9.914062,,,,,,,,,,
acc,1778672796.0,215.0,-0.535156,4.265625,-9.917969,,,,,,,,,,
acc,1778672796.0,215.0,-0.535156,4.226562,-9.609375,,,,,,,,,,
acc,1778672796.0,215.0,-0.304688,3.652344,-10.152344,,,,,,,,,,
acc,1778672796.0,215.0,-0.34375,3.804688,-9.726562,,,,,,,,,,
acc,1778672796.0,215.0,-0.574219,4.1875,-10.113281,,,,,,,,,,
acc,1778672796.0,215.0,-0.417969,3.957031,-10.300781,,,,,,,,,,
acc,1778672796.0,215.0,-0.496094,4.226562,-9.757812,,,,,,,,,,
acc,1778672796.0,215.0,-0.457031,4.226562,-10.148438,,,,,,,,,,
acc,1778672796.0,215.0,-0.304688,4.570312,-9.570312,,,,,,,,,,
acc,1778672796.0,215.0,-0.304688,4.6875,-9.878906,,,,,,,,,,
acc,1778672796.0,215.0,-0.34375,4.378906,-9.53125,,,,,,,,,,
acc,1778672796.0,215.0,-0.382812,4.265625,-9.726562,,,,,,,,,,
acc,1778672796.0,215.0,-0.417969,3.957031,-9.609375,,,,,,,,,,
acc,1778672796.0,215.0,-0.191406,4.148438,-9.757812,,,,,,,,,,
acc,1778672796.0,215.0,-0.152344,4.113281,-9.875,,,,,,,,,,
acc,1778672796.0,215.0,-0.417969,4.339844,-9.304688,,,,,,,,,,
acc,1778672796.0,215.0,-0.6875,4.914062,-10.179688,,,,,,,,,,
acc,1778672796.0,215.0,-0.496094,4.6875,-9.53125,,,,,,,,,,
acc,1778672796.0,215.0,-0.191406,4.304688,-9.648438,,,,,,,,,,
acc,1778672796.0,215.0,-0.226562,3.882812,-9.800781,,,,,,,,,,
acc,1778672797.0,216.0,-0.417969,3.652344,-9.574219,,,,,,,,,,
acc,1778672797.0,216.0,-0.304688,3.765625,-10.109375,,,,,,,,,,
acc,1778672797.0,216.0,-0.265625,3.460938,-9.957031,,,,,,,,,,
acc,1778672797.0,216.0,-0.613281,4.035156,-9.53125,,,,,,,,,,
acc,1778672797.0,216.0,-0.496094,4.113281,-10.03125,,,,,,,,,,
acc,1778672797.0,216.0,-0.191406,3.996094,-9.308594,,,,,,,,,,
acc,1778672797.0,216.0,-0.074219,4.226562,-9.6875,,,,,,,,,,
acc,1778672797.0,216.0,-0.382812,3.84375,-9.53125,,,,,,,,,,
acc,1778672797.0,216.0,-0.496094,3.613281,-9.574219,,,,,,,,,,
acc,1778672797.0,216.0,-0.496094,3.574219,-9.957031,,,,,,,,,,
acc,1778672797.0,216.0,-0.34375,3.652344,-9.265625,,,,,,,,,,
acc,1778672797.0,216.0,-0.304688,3.574219,-9.730469,,,,,,,,,,
acc,1778672797.0,216.0,-0.457031,3.996094,-9.730469,,,,,,,,,,
acc,1778672797.0,216.0,-0.535156,4.074219,-9.496094,,,,,,,,,,
acc,1778672797.0,216.0,-0.34375,4.304688,-9.796875,,,,,,,,,,
acc,1778672797.0,216.0,-0.226562,4.457031,-9.492188,,,,,,,,,,
acc,1778672797.0,216.0,-0.265625,4.074219,-9.835938,,,,,,,,,,
acc,1778672797.0,216.0,-0.226562,3.957031,-9.800781,,,,,,,,,,
acc,1778672797.0,216.0,-0.265625,3.921875,-9.875,,,,,,,,,,
acc,1778672797.0,216.0,-0.152344,4.035156,-9.265625,,,,,,,,,,
acc,1778672797.0,216.0,-0.113281,3.996094,-9.453125,,,,,,,,,,
acc,1778672797.0,216.0,-0.035156,4.1875,-9.609375,,,,,,,,,,
acc,1778672797.0,216.0,-0.074219,4.457031,-9.269531,,,,,,,,,,
acc,1778672797.0,216.0,-0.113281,4.148438,-9.957031,,,,,,,,,,
acc,1778672797.0,216.0,-0.152344,4.148438,-9.535156,,,,,,,,,,
acc,1778672797.0,216.0,-0.304688,4.035156,-9.6875,,,,,,,,,,
acc,1778672797.0,216.0,-0.265625,3.535156,-9.996094,,,,,,,,,,
acc,1778672797.0,216.0,-0.074219,3.921875,-9.375,,,,,,,,,,
acc,1778672797.0,216.0,-0.226562,3.996094,-10.21875,,,,,,,,,,
acc,1778672797.0,216.0,-0.226562,4.074219,-9.417969,,,,,,,,,,
acc,1778672797.0,216.0,-0.152344,4.609375,-9.6875,,,,,,,,,,
acc,1778672797.0,216.0,-0.191406,4.496094,-9.726562,,,,,,,,,,
acc,1778672797.0,216.0,-0.152344,3.882812,-9.574219,,,,,,,,,,
acc,1778672797.0,216.0,-0.074219,3.921875,-10.148438,,,,,,,,,,
acc,1778672797.0,216.0,-0.304688,3.574219,-9.609375,,,,,,,,,,
acc,1778672797.0,216.0,-0.382812,3.308594,-9.992188,,,,,,,,,,
acc,1778672797.0,216.0,-0.265625,3.460938,-10.035156,,,,,,,,,,
acc,1778672797.0,216.0,-0.074219,3.421875,-9.492188,,,,,,,,,,
acc,1778672797.0,216.0,-0.152344,3.921875,-9.652344,,,,,,,,,,
acc,1778672797.0,216.0,-0.035156,4.074219,-9.535156,,,,,,,,,,
acc,1778672797.0,216.0,0.039062,3.921875,-9.570312,,,,,,,,,,
acc,1778672797.0,216.0,-0.152344,3.652344,-9.800781,,,,,,,,,,
acc,1778672797.0,216.0,-0.035156,3.613281,-9.800781,,,,,,,,,,
acc,1778672797.0,216.0,0.078125,3.613281,-9.875,,,,,,,,,,
acc,1778672797.0,216.0,-0.035156,3.574219,-9.726562,,,,,,,,,,
acc,1778672797.0,216.0,-0.035156,3.765625,-9.796875,,,,,,,,,,
acc,1778672797.0,216.0,0.0,4.074219,-9.839844,,,,,,,,,,
acc,1778672797.0,216.0,-0.113281,3.921875,-9.652344,,,,,,,,,,
acc,1778672797.0,216.0,-0.191406,4.417969,-9.796875,,,,,,,,,,
acc,1778672797.0,216.0,-0.304688,4.339844,-9.570312,,,,,,,,,,
acc,1778672797.0,216.0,-0.304688,4.226562,-9.726562,,,,,,,,,,
acc,1778672797.0,216.0,-0.304688,4.1875,-9.6875,,,,,,,,,,
acc,1778672797.0,216.0,-0.304688,3.957031,-9.761719,,,,,,,,,,
acc,1778672797.0,216.0,-0.382812,4.035156,-9.835938,,,,,,,,,,
acc,1778672797.0,216.0,-0.457031,3.921875,-9.613281,,,,,,,,,,
acc,1778672797.0,216.0,-0.496094,3.957031,-10.21875,,,,,,,,,,
acc,1778672797.0,216.0,-0.417969,4.074219,-9.839844,,,,,,,,,,
acc,1778672797.0,216.0,-0.496094,4.226562,-9.914062,,,,,,,,,,
acc,1778672797.0,216.0,-0.613281,4.304688,-9.796875,,,,,,,,,,
acc,1778672797.0,216.0,-0.417969,3.957031,-9.757812,,,,,,,,,,
acc,1778672797.0,216.0,-0.265625,4.339844,-9.761719,,,,,,,,,,
acc,1778672797.0,216.0,-0.457031,3.882812,-9.609375,,,,,,,,,,
acc,1778672797.0,216.0,-0.457031,3.882812,-10.335938,,,,,,,,,,
acc,1778672797.0,216.0,-0.574219,3.84375,-9.226562,,,,,,,,,,
acc,1778672797.0,216.0,-0.613281,4.035156,-10.335938,,,,,,,,,,
acc,1778672797.0,216.0,-0.535156,3.996094,-9.914062,,,,,,,,,,
acc,1778672797.0,216.0,-0.535156,3.957031,-10.335938,,,,,,,,,,
acc,1778672797.0,216.0,-0.574219,3.726562,-9.152344,,,,,,,,,,
acc,1778672797.0,216.0,-0.613281,3.804688,-10.113281,,,,,,,,,,
acc,1778672797.0,216.0,-0.457031,3.691406,-9.761719,,,,,,,,,,
acc,1778672797.0,216.0,-0.496094,4.113281,-9.691406,,,,,,,,,,
acc,1778672797.0,216.0,-0.496094,3.804688,-10.378906,,,,,,,,,,
acc,1778672797.0,216.0,-0.304688,3.652344,-9.570312,,,,,,,,,,
acc,1778672797.0,216.0,-0.417969,4.148438,-9.839844,,,,,,,,,,
acc,1778672797.0,216.0,-0.535156,3.84375,-10.03125,,,,,,,,,,
acc,1778672797.0,216.0,-0.457031,3.996094,-9.730469,,,,,,,,,,
acc,1778672797.0,216.0,-0.496094,3.882812,-10.074219,,,,,,,,,,
acc,1778672797.0,216.0,-0.417969,3.804688,-9.996094,,,,,,,,,,
acc,1778672797.0,216.0,-0.417969,3.882812,-9.914062,,,,,,,,,,
acc,1778672797.0,216.0,-0.496094,3.574219,-10.152344,,,,,,,,,,
acc,1778672797.0,216.0,-0.496094,3.652344,-10.03125,,,,,,,,,,
acc,1778672797.0,216.0,-0.574219,3.613281,-10.113281,,,,,,,,,,
acc,1778672797.0,216.0,-0.382812,3.921875,-10.113281,,,,,,,,,,
acc,1778672797.0,216.0,-0.191406,3.921875,-9.609375,,,,,,,,,,
acc,1778672797.0,216.0,-0.191406,3.726562,-9.917969,,,,,,,,,,
acc,1778672797.0,216.0,-0.34375,3.996094,-9.492188,,,,,,,,,,
acc,1778672797.0,216.0,-0.34375,3.882812,-10.074219,,,,,,,,,,
acc,1778672797.0,216.0,-0.34375,4.226562,-9.609375,,,,,,,,,,
acc,1778672797.0,216.0,-0.265625,4.148438,-9.800781,,,,,,,,,,
acc,1778672797.0,216.0,-0.304688,3.882812,-9.726562,,,,,,,,,,
acc,1778672797.0,216.0,-0.304688,3.804688,-9.730469,,,,,,,,,,
acc,1778672797.0,216.0,-0.152344,3.804688,-9.839844,,,,,,,,,,
acc,1778672797.0,216.0,-0.074219,3.921875,-9.648438,,,,,,,,,,
acc,1778672797.0,216.0,-0.152344,3.882812,-9.800781,,,,,,,,,,
acc,1778672797.0,216.0,-0.304688,4.074219,-9.730469,,,,,,,,,,
acc,1778672797.0,216.0,-0.382812,4.226562,-9.609375,,,,,,,,,,
acc,1778672797.0,216.0,-0.226562,3.726562,-9.648438,,,,,,,,,,
acc,1778672797.0,216.0,-0.152344,3.996094,-9.691406,,,,,,,,,,
acc,1778672797.0,216.0,-0.113281,3.84375,-9.691406,,,,,,,,,,
acc,1778672797.0,216.0,-0.34375,3.726562,-9.453125,,,,,,,,,,
acc,1778672797.0,216.0,-0.074219,3.382812,-9.570312,,,,,,,,,,
acc,1778672797.0,216.0,-0.074219,3.34375,-9.34375,,,,,,,,,,
acc,1778672797.0,216.0,-0.113281,3.5,-9.609375,,,,,,,,,,
acc,1778672797.0,216.0,-0.382812,3.726562,-9.53125,,,,,,,,,,
acc,1778672797.0,216.0,-0.265625,4.1875,-9.535156,,,,,,,,,,
acc,1778672797.0,216.0,-0.304688,4.113281,-9.269531,,,,,,,,,,
acc,1778672797.0,216.0,-0.34375,4.339844,-9.730469,,,,,,,,,,
acc,1778672797.0,216.0,-0.457031,4.265625,-9.570312,,,,,,,,,,
acc,1778672797.0,216.0,-0.382812,4.339844,-9.757812,,,,,,,,,,
acc,1778672797.0,216.0,-0.304688,3.957031,-9.652344,,,,,,,,,,
acc,1778672797.0,216.0,-0.152344,3.882812,-9.730469,,,,,,,,,,
acc,1778672797.0,216.0,-0.265625,3.996094,-9.570312,,,,,,,,,,
acc,1778672797.0,216.0,-0.152344,3.882812,-9.757812,,,,,,,,,,
acc,1778672797.0,216.0,-0.074219,3.921875,-9.757812,,,,,,,,,,
acc,1778672797.0,216.0,-0.265625,3.765625,-9.304688,,,,,,,,,,
acc,1778672797.0,216.0,-0.304688,3.691406,-9.953125,,,,,,,,,,
acc,1778672797.0,216.0,-0.191406,3.5,-9.378906,,,,,,,,,,
acc,1778672797.0,216.0,-0.382812,3.652344,-9.648438,,,,,,,,,,
acc,1778672797.0,216.0,-0.417969,3.726562,-9.730469,,,,,,,,,,
acc,1778672797.0,216.0,-0.382812,4.035156,-9.648438,,,,,,,,,,
acc,1778672797.0,216.0,-0.417969,4.148438,-9.917969,,,,,,,,,,
acc,1778672797.0,216.0,-0.382812,3.613281,-9.53125,,,,,,,,,,
acc,1778672797.0,216.0,-0.304688,4.304688,-9.730469,,,,,,,,,,
acc,1778672797.0,216.0,-0.417969,4.074219,-9.796875,,,,,,,,,,
acc,1778672798.0,217.0,-0.382812,3.726562,-9.453125,,,,,,,,,,
acc,1778672798.0,217.0,-0.304688,4.074219,-9.730469,,,,,,,,,,
acc,1778672798.0,217.0,-0.113281,3.921875,-9.652344,,,,,,,,,,
acc,1778672798.0,217.0,-0.265625,4.035156,-9.535156,,,,,,,,,,
acc,1778672798.0,217.0,-0.304688,3.921875,-10.148438,,,,,,,,,,
acc,1778672798.0,217.0,-0.265625,3.882812,-9.613281,,,,,,,,,,
acc,1778672798.0,217.0,-0.382812,3.652344,-9.835938,,,,,,,,,,
acc,1778672798.0,217.0,-0.226562,3.574219,-10.035156,,,,,,,,,,
acc,1778672798.0,217.0,-0.113281,3.765625,-9.226562,,,,,,,,,,
acc,1778672798.0,217.0,-0.113281,3.652344,-10.183594,,,,,,,,,,
acc,1778672798.0,217.0,-0.191406,3.804688,-9.230469,,,,,,,,,,
acc,1778672798.0,217.0,-0.191406,3.613281,-10.113281,,,,,,,,,,
acc,1778672798.0,217.0,-0.265625,3.535156,-9.761719,,,,,,,,,,
acc,1778672798.0,217.0,-0.226562,3.765625,-9.6875,,,,,,,,,,
acc,1778672798.0,217.0,-0.226562,3.691406,-9.878906,,,,,,,,,,
acc,1778672798.0,217.0,-0.113281,3.957031,-9.875,,,,,,,,,,
acc,1778672798.0,217.0,-0.226562,3.84375,-9.609375,,,,,,,,,,
acc,1778672798.0,217.0,-0.417969,4.226562,-9.730469,,,,,,,,,,
acc,1778672798.0,217.0,-0.191406,3.804688,-9.453125,,,,,,,,,,
acc,1778672798.0,217.0,-0.304688,4.1875,-9.570312,,,,,,,,,,
acc,1778672798.0,217.0,-0.191406,3.804688,-9.800781,,,,,,,,,,
acc,1778672798.0,217.0,-0.035156,3.574219,-10.070312,,,,,,,,,,
acc,1778672798.0,217.0,-0.035156,3.804688,-10.035156,,,,,,,,,,
acc,1778672798.0,217.0,-0.152344,3.691406,-10.070312,,,,,,,,,,
acc,1778672798.0,217.0,-0.074219,3.535156,-9.996094,,,,,,,,,,
acc,1778672798.0,217.0,-0.074219,3.5,-9.917969,,,,,,,,,,
acc,1778672798.0,217.0,0.0,3.726562,-9.914062,,,,,,,,,,
acc,1778672798.0,217.0,0.039062,3.84375,-9.757812,,,,,,,,,,
acc,1778672798.0,217.0,0.039062,3.804688,-9.726562,,,,,,,,,,
acc,1778672798.0,217.0,-0.113281,3.613281,-9.53125,,,,,,,,,,
acc,1778672798.0,217.0,-0.074219,3.574219,-10.03125,,,,,,,,,,
acc,1778672798.0,217.0,0.191406,3.691406,-9.648438,,,,,,,,,,
acc,1778672798.0,217.0,0.039062,3.804688,-10.152344,,,,,,,,,,
acc,1778672798.0,217.0,-0.074219,3.5,-9.957031,,,,,,,,,,
acc,1778672798.0,217.0,-0.113281,3.765625,-9.613281,,,,,,,,,,
acc,1778672798.0,217.0,-0.113281,4.378906,-10.148438,,,,,,,,,,
acc,1778672798.0,217.0,-0.074219,4.226562,-9.613281,,,,,,,,,,
acc,1778672798.0,217.0,-0.035156,4.417969,-10.148438,,,,,,,,,,
acc,1778672798.0,217.0,-0.152344,4.074219,-9.6875,,,,,,,,,,
acc,1778672798.0,217.0,-0.191406,3.460938,-10.222656,,,,,,,,,,
acc,1778672798.0,217.0,-0.152344,3.652344,-9.609375,,,,,,,,,,
acc,1778672798.0,217.0,-0.113281,3.574219,-10.152344,,,,,,,,,,
acc,1778672798.0,217.0,-0.382812,3.382812,-10.03125,,,,,,,,,,
acc,1778672798.0,217.0,-0.457031,3.652344,-9.757812,,,,,,,,,,
acc,1778672798.0,217.0,-0.496094,3.5,-9.992188,,,,,,,,,,
acc,1778672798.0,217.0,-0.496094,3.957031,-9.953125,,,,,,,,,,
acc,1778672798.0,217.0,-0.535156,3.765625,-9.761719,,,,,,,,,,
acc,1778672798.0,217.0,-0.457031,3.765625,-9.839844,,,,,,,,,,
acc,1778672798.0,217.0,-0.457031,4.035156,-9.730469,,,,,,,,,,
acc,1778672798.0,217.0,-0.535156,4.378906,-9.875,,,,,,,,,,
acc,1778672798.0,217.0,-0.382812,4.113281,-9.691406,,,,,,,,,,
acc,1778672798.0,217.0,-0.34375,3.804688,-9.839844,,,,,,,,,,
acc,1778672798.0,217.0,-0.574219,3.421875,-9.375,,,,,,,,,,
acc,1778672798.0,217.0,-0.613281,3.5,-10.074219,,,,,,,,,,
acc,1778672798.0,217.0,-0.457031,3.691406,-9.6875,,,,,,,,,,
acc,1778672798.0,217.0,-0.6875,3.882812,-9.53125,,,,,,,,,,
acc,1778672798.0,217.0,-0.839844,3.996094,-10.257812,,,,,,,,,,
acc,1778672798.0,217.0,-0.804688,4.304688,-9.800781,,,,,,,,,,
acc,1778672798.0,217.0,-0.804688,4.148438,-9.914062,,,,,,,,,,
acc,1778672798.0,217.0,-0.765625,3.5,-10.222656,,,,,,,,,,
acc,1778672798.0,217.0,-0.648438,3.882812,-9.839844,,,,,,,,,,
acc,1778672798.0,217.0,-0.804688,3.765625,-9.953125,,,,,,,,,,
acc,1778672798.0,217.0,-0.6875,3.382812,-9.953125,,,,,,,,,,
acc,1778672798.0,217.0,-0.496094,3.613281,-9.992188,,,,,,,,,,
acc,1778672798.0,217.0,-0.648438,4.113281,-9.878906,,,,,,,,,,
acc,1778672798.0,217.0,-0.6875,3.574219,-9.957031,,,,,,,,,,
acc,1778672798.0,217.0,-0.457031,3.765625,-10.222656,,,,,,,,,,
acc,1778672798.0,217.0,-0.496094,3.882812,-9.730469,,,,,,,,,,
acc,1778672798.0,217.0,-0.496094,3.765625,-10.566406,,,,,,,,,,
acc,1778672798.0,217.0,-0.496094,4.035156,-9.691406,,,,,,,,,,
acc,1778672798.0,217.0,-0.417969,3.957031,-10.109375,,,,,,,,,,
acc,1778672798.0,217.0,-0.226562,3.84375,-9.757812,,,,,,,,,,
acc,1778672798.0,217.0,-0.226562,3.957031,-10.03125,,,,,,,,,,
acc,1778672798.0,217.0,-0.382812,3.882812,-10.074219,,,,,,,,,,
acc,1778672798.0,217.0,-0.34375,3.691406,-9.6875,,,,,,,,,,
acc,1778672798.0,217.0,-0.226562,3.691406,-10.296875,,,,,,,,,,
acc,1778672798.0,217.0,-0.265625,3.726562,-9.6875,,,,,,,,,,
acc,1778672798.0,217.0,-0.191406,4.1875,-9.917969,,,,,,,,,,
acc,1778672798.0,217.0,-0.191406,4.035156,-9.957031,,,,,,,,,,
acc,1778672798.0,217.0,-0.113281,3.996094,-9.191406,,,,,,,,,,
acc,1778672798.0,217.0,-0.074219,4.1875,-9.917969,,,,,,,,,,
acc,1778672798.0,217.0,0.0,4.417969,-9.453125,,,,,,,,,,
acc,1778672798.0,217.0,-0.035156,4.226562,-9.574219,,,,,,,,,,
acc,1778672798.0,217.0,-0.035156,4.339844,-9.953125,,,,,,,,,,
acc,1778672798.0,217.0,-0.074219,4.074219,-9.265625,,,,,,,,,,
acc,1778672798.0,217.0,-0.113281,3.957031,-9.730469,,,,,,,,,,
acc,1778672798.0,217.0,0.0,3.804688,-9.652344,,,,,,,,,,
acc,1778672798.0,217.0,0.039062,3.613281,-9.375,,,,,,,,,,
acc,1778672798.0,217.0,0.15625,3.882812,-9.53125,,,,,,,,,,
acc,1778672798.0,217.0,0.15625,4.113281,-9.347656,,,,,,,,,,
acc,1778672798.0,217.0,0.117188,4.074219,-9.457031,,,,,,,,,,
acc,1778672798.0,217.0,0.15625,4.226562,-9.648438,,,,,,,,,,
acc,1778672798.0,217.0,0.15625,3.957031,-9.492188,,,,,,,,,,
acc,1778672798.0,217.0,0.15625,3.921875,-9.652344,,,,,,,,,,
acc,1778672798.0,217.0,0.15625,3.921875,-9.652344,,,,,,,,,,
acc,1778672798.0,217.0,0.0,3.882812,-9.492188,,,,,,,,,,
acc,1778672798.0,217.0,-0.191406,3.691406,-9.648438,,,,,,,,,,
acc,1778672798.0,217.0,-0.035156,3.652344,-9.875,,,,,,,,,,
acc,1778672798.0,217.0,-0.074219,3.5,-9.1875,,,,,,,,,,
acc,1778672798.0,217.0,-0.226562,3.652344,-10.21875,,,,,,,,,,
acc,1778672798.0,217.0,-0.191406,3.804688,-9.609375,,,,,,,,,,
acc,1778672798.0,217.0,-0.304688,3.882812,-9.6875,,,,,,,,,,
acc,1778672798.0,217.0,-0.382812,3.804688,-9.996094,,,,,,,,,,
acc,1778672798.0,217.0,-0.265625,3.804688,-9.648438,,,,,,,,,,
acc,1778672798.0,217.0,-0.304688,3.84375,-9.726562,,,,,,,,,,
acc,1778672798.0,217.0,-0.34375,3.84375,-9.992188,,,,,,,,,,
acc,1778672798.0,217.0,-0.417969,3.957031,-9.691406,,,,,,,,,,
acc,1778672798.0,217.0,-0.535156,3.726562,-9.875,,,,,,,,,,
acc,1778672798.0,217.0,-0.574219,3.804688,-9.875,,,,,,,,,,
acc,1778672798.0,217.0,-0.574219,3.84375,-9.761719,,,,,,,,,,
acc,1778672798.0,217.0,-0.496094,3.996094,-9.835938,,,,,,,,,,
acc,1778672798.0,217.0,-0.496094,3.652344,-9.609375,,,,,,,,,,
acc,1778672798.0,217.0,-0.535156,4.113281,-9.953125,,,,,,,,,,
acc,1778672798.0,217.0,-0.648438,4.226562,-9.535156,,,,,,,,,,
acc,1778672798.0,217.0,-0.574219,3.765625,-9.914062,,,,,,,,,,
acc,1778672798.0,217.0,-0.613281,3.957031,-9.730469,,,,,,,,,,
acc,1778672798.0,217.0,-0.613281,3.691406,-9.878906,,,,,,,,,,
acc,1778672798.0,217.0,-0.648438,3.652344,-9.839844,,,,,,,,,,
acc,1778672798.0,217.0,-0.457031,4.035156,-9.574219,,,,,,,,,,
acc,1778672798.0,217.0,-0.457031,3.84375,-9.914062,,,,,,,,,,
acc,1778672798.0,217.0,-0.417969,3.957031,-9.648438,,,,,,,,,,
acc,1778672798.0,217.0,-0.574219,4.265625,-9.835938,,,,,,,,,,
acc,1778672798.0,217.0,-0.613281,3.921875,-9.796875,,,,,,,,,,
acc,1778672798.0,217.0,-0.613281,3.921875,-9.652344,,,,,,,,,,
acc,1778672798.0,217.0,-0.574219,3.84375,-10.035156,,,,,,,,,,
acc,1778672799.0,218.0,-0.496094,3.691406,-9.839844,,,,,,,,,,
acc,1778672799.0,218.0,-0.265625,3.957031,-10.152344,,,,,,,,,,
acc,1778672799.0,218.0,-0.34375,3.652344,-9.953125,,,,,,,,,,
acc,1778672799.0,218.0,-0.265625,3.765625,-10.300781,,,,,,,,,,
acc,1778672799.0,218.0,-0.152344,3.34375,-9.914062,,,,,,,,,,
acc,1778672799.0,218.0,0.078125,3.535156,-10.109375,,,,,,,,,,
acc,1778672799.0,218.0,0.117188,3.84375,-10.074219,,,,,,,,,,
acc,1778672799.0,218.0,0.0,3.996094,-9.691406,,,,,,,,,,
acc,1778672799.0,218.0,-0.152344,4.074219,-10.070312,,,,,,,,,,
acc,1778672799.0,218.0,-0.226562,4.113281,-9.953125,,,,,,,,,,
acc,1778672799.0,218.0,-0.382812,3.804688,-9.796875,,,,,,,,,,
acc,1778672799.0,218.0,-0.226562,3.765625,-10.222656,,,,,,,,,,
acc,1778672799.0,218.0,-0.113281,3.882812,-9.757812,,,,,,,,,,
acc,1778672799.0,218.0,-0.113281,3.84375,-10.074219,,,,,,,,,,
acc,1778672799.0,218.0,-0.191406,4.1875,-9.6875,,,,,,,,,,
acc,1778672799.0,218.0,-0.191406,3.957031,-9.917969,,,,,,,,,,
acc,1778672799.0,218.0,-0.152344,4.074219,-9.6875,,,,,,,,,,
acc,1778672799.0,218.0,0.0,4.035156,-9.800781,,,,,,,,,,
acc,1778672799.0,218.0,0.15625,3.652344,-9.835938,,,,,,,,,,
acc,1778672799.0,218.0,0.039062,3.804688,-9.496094,,,,,,,,,,
acc,1778672799.0,218.0,0.078125,3.535156,-9.992188,,,,,,,,,,
acc,1778672799.0,218.0,0.117188,3.535156,-9.691406,,,,,,,,,,
acc,1778672799.0,218.0,0.039062,3.652344,-9.53125,,,,,,,,,,
acc,1778672799.0,218.0,-0.035156,3.535156,-9.875,,,,,,,,,,
acc,1778672799.0,218.0,0.15625,3.34375,-9.453125,,,,,,,,,,
acc,1778672799.0,218.0,0.269531,3.613281,-9.875,,,,,,,,,,
acc,1778672799.0,218.0,0.117188,3.613281,-9.757812,,,,,,,,,,
acc,1778672799.0,218.0,-0.074219,3.804688,-9.53125,,,,,,,,,,
acc,1778672799.0,218.0,-0.074219,4.035156,-10.035156,,,,,,,,,,
acc,1778672799.0,218.0,-0.035156,3.921875,-9.570312,,,,,,,,,,
acc,1778672799.0,218.0,0.039062,3.804688,-9.761719,,,,,,,,,,
acc,1778672799.0,218.0,-0.113281,3.882812,-9.648438,,,,,,,,,,
acc,1778672799.0,218.0,-0.152344,3.574219,-9.457031,,,,,,,,,,
acc,1778672799.0,218.0,0.0,3.5,-9.953125,,,,,,,,,,
acc,1778672799.0,218.0,-0.035156,3.765625,-9.417969,,,,,,,,,,
acc,1778672799.0,218.0,-0.304688,3.765625,-9.875,,,,,,,,,,
acc,1778672799.0,218.0,-0.417969,3.765625,-9.957031,,,,,,,,,,
acc,1778672799.0,218.0,-0.457031,3.652344,-9.730469,,,,,,,,,,
acc,1778672799.0,218.0,-0.457031,3.613281,-10.148438,,,,,,,,,,
acc,1778672799.0,218.0,-0.496094,3.5,-10.074219,,,,,,,,,,
acc,1778672799.0,218.0,-0.6875,3.726562,-10.300781,,,,,,,,,,
acc,1778672799.0,218.0,-0.957031,3.691406,-10.179688,,,,,,,,,,
acc,1778672799.0,218.0,-0.957031,3.5,-10.183594,,,,,,,,,,
acc,1778672799.0,218.0,-0.878906,3.882812,-9.992188,,,,,,,,,,
acc,1778672799.0,218.0,-0.765625,3.765625,-9.691406,,,,,,,,,,
acc,1778672799.0,218.0,-0.535156,4.113281,-9.453125,,,,,,,,,,
acc,1778672799.0,218.0,-0.839844,3.996094,-9.691406,,,,,,,,,,
acc,1778672799.0,218.0,-0.957031,4.339844,-9.800781,,,,,,,,,,
acc,1778672799.0,218.0,-0.917969,4.648438,-10.035156,,,,,,,,,,
acc,1778672799.0,218.0,-0.726562,4.304688,-9.917969,,,,,,,,,,
acc,1778672799.0,218.0,-0.574219,4.304688,-9.53125,,,,,,,,,,
acc,1778672799.0,218.0,-0.648438,3.996094,-9.570312,,,,,,,,,,
acc,1778672799.0,218.0,-0.496094,3.652344,-9.609375,,,,,,,,,,
acc,1778672799.0,218.0,-0.496094,3.382812,-9.757812,,,,,,,,,,
acc,1778672799.0,218.0,-0.765625,2.960938,-9.796875,,,,,,,,,,
acc,1778672799.0,218.0,-0.839844,3.0,-10.03125,,,,,,,,,,
acc,1778672799.0,218.0,-0.804688,3.652344,-9.761719,,,,,,,,,,
acc,1778672799.0,218.0,-0.804688,3.957031,-9.839844,,,,,,,,,,
acc,1778672799.0,218.0,-0.648438,3.996094,-9.613281,,,,,,,,,,
acc,1778672799.0,218.0,-0.535156,4.496094,-9.835938,,,,,,,,,,
acc,1778672799.0,218.0,-0.6875,4.457031,-9.835938,,,,,,,,,,
acc,1778672799.0,218.0,-0.574219,4.265625,-9.914062,,,,,,,,,,
acc,1778672799.0,218.0,-0.496094,3.996094,-9.914062,,,,,,,,,,
acc,1778672799.0,218.0,-0.382812,3.921875,-9.839844,,,,,,,,,,
acc,1778672799.0,218.0,-0.34375,3.804688,-9.613281,,,,,,,,,,
acc,1778672799.0,218.0,-0.226562,3.535156,-9.648438,,,,,,,,,,
acc,1778672799.0,218.0,-0.152344,3.726562,-9.800781,,,,,,,,,,
acc,1778672799.0,218.0,-0.226562,3.613281,-9.691406,,,,,,,,,,
acc,1778672799.0,218.0,-0.226562,3.308594,-9.800781,,,,,,,,,,
acc,1778672799.0,218.0,-0.191406,3.652344,-9.726562,,,,,,,,,,
acc,1778672799.0,218.0,-0.34375,3.921875,-9.878906,,,,,,,,,,
acc,1778672799.0,218.0,-0.304688,4.035156,-9.6875,,,,,,,,,,
acc,1778672799.0,218.0,-0.34375,4.496094,-9.53125,,,,,,,,,,
acc,1778672799.0,218.0,-0.304688,4.457031,-9.613281,,,,,,,,,,
acc,1778672799.0,218.0,-0.191406,4.226562,-9.378906,,,,,,,,,,
acc,1778672799.0,218.0,-0.113281,3.957031,-9.230469,,,,,,,,,,
acc,1778672799.0,218.0,-0.226562,3.765625,-9.457031,,,,,,,,,,
acc,1778672799.0,218.0,-0.035156,3.574219,-9.417969,,,,,,,,,,
acc,1778672799.0,218.0,0.0,3.957031,-9.265625,,,,,,,,,,
acc,1778672799.0,218.0,0.039062,4.074219,-9.269531,,,,,,,,,,
acc,1778672799.0,218.0,0.15625,4.226562,-9.648438,,,,,,,,,,
acc,1778672799.0,218.0,0.0,4.496094,-8.992188,,,,,,,,,,
acc,1778672799.0,218.0,0.0,4.496094,-9.648438,,,,,,,,,,
acc,1778672799.0,218.0,0.15625,3.957031,-9.03125,,,,,,,,,,
acc,1778672799.0,218.0,0.039062,3.921875,-9.226562,,,,,,,,,,
acc,1778672799.0,218.0,0.039062,3.804688,-9.613281,,,,,,,,,,
acc,1778672799.0,218.0,0.269531,3.574219,-8.925781,,,,,,,,,,
acc,1778672799.0,218.0,0.230469,3.765625,-9.609375,,,,,,,,,,
acc,1778672799.0,218.0,0.117188,3.574219,-9.496094,,,,,,,,,,
acc,1778672799.0,218.0,0.039062,3.5,-9.375,,,,,,,,,,
acc,1778672799.0,218.0,0.039062,3.574219,-9.417969,,,,,,,,,,
acc,1778672799.0,218.0,0.078125,3.652344,-9.414062,,,,,,,,,,
acc,1778672799.0,218.0,0.0,3.765625,-9.308594,,,,,,,,,,
acc,1778672799.0,218.0,-0.035156,3.996094,-9.53125,,,,,,,,,,
acc,1778672799.0,218.0,0.0,3.921875,-9.457031,,,,,,,,,,
acc,1778672799.0,218.0,0.078125,3.882812,-9.648438,,,,,,,,,,
acc,1778672799.0,218.0,-0.035156,3.996094,-9.730469,,,,,,,,,,
acc,1778672799.0,218.0,-0.191406,3.996094,-9.496094,,,,,,,,,,
acc,1778672799.0,218.0,-0.113281,4.035156,-9.992188,,,,,,,,,,
acc,1778672799.0,218.0,0.039062,3.765625,-9.652344,,,,,,,,,,
acc,1778672799.0,218.0,0.039062,3.882812,-9.953125,,,,,,,,,,
acc,1778672799.0,218.0,-0.113281,3.921875,-9.726562,,,,,,,,,,
acc,1778672799.0,218.0,-0.191406,3.34375,-9.761719,,,,,,,,,,
acc,1778672799.0,218.0,-0.265625,3.574219,-10.109375,,,,,,,,,,
acc,1778672799.0,218.0,-0.113281,3.652344,-9.953125,,,,,,,,,,
acc,1778672799.0,218.0,0.0,3.652344,-9.992188,,,,,,,,,,
acc,1778672799.0,218.0,-0.035156,3.652344,-9.609375,,,,,,,,,,
acc,1778672799.0,218.0,-0.113281,3.882812,-9.648438,,,,,,,,,,
acc,1778672799.0,218.0,0.15625,3.882812,-9.691406,,,,,,,,,,
acc,1778672799.0,218.0,0.191406,3.882812,-9.761719,,,,,,,,,,
acc,1778672799.0,218.0,-0.035156,3.574219,-9.761719,,,,,,,,,,
acc,1778672799.0,218.0,0.0,3.34375,-9.992188,,,,,,,,,,
acc,1778672799.0,218.0,0.15625,3.535156,-9.992188,,,,,,,,,,
acc,1778672799.0,218.0,0.191406,3.652344,-9.996094,,,,,,,,,,
acc,1778672799.0,218.0,0.191406,3.460938,-10.113281,,,,,,,,,,
acc,1778672799.0,218.0,0.0,3.691406,-9.917969,,,,,,,,,,
acc,1778672799.0,218.0,-0.152344,3.613281,-9.953125,,,,,,,,,,
acc,1778672799.0,218.0,-0.035156,3.535156,-9.835938,,,,,,,,,,
acc,1778672799.0,218.0,0.0,3.460938,-9.914062,,,,,,,,,,
acc,1778672799.0,218.0,-0.34375,3.652344,-10.148438,,,,,,,,,,
acc,1778672799.0,218.0,-0.496094,3.84375,-10.074219,,,,,,,,,,
acc,1778672799.0,218.0,-0.457031,3.574219,-10.152344,,,,,,,,,,
acc,1778672799.0,218.0,-0.265625,3.652344,-10.152344,,,,,,,,,,
acc,1778672799.0,218.0,-0.265625,3.804688,-10.074219,,,,,,,,,,
acc,1778672799.0,218.0,-0.34375,3.691406,-9.917969,,,,,,,,,,
acc,1778672800.0,219.0,-0.34375,3.613281,-9.875,,,,,,,,,,
acc,1778672800.0,219.0,-0.304688,3.382812,-9.957031,,,,,,,,,,
acc,1778672800.0,219.0,-0.304688,3.421875,-10.257812,,,,,,,,,,
acc,1778672800.0,219.0,-0.34375,3.613281,-9.875,,,,,,,,,,
acc,1778672800.0,219.0,-0.417969,3.804688,-10.152344,,,,,,,,,,
acc,1778672800.0,219.0,-0.496094,3.84375,-10.21875,,,,,,,,,,
acc,1778672800.0,219.0,-0.6875,3.921875,-10.035156,,,,,,,,,,
acc,1778672800.0,219.0,-0.765625,4.113281,-10.417969,,,,,,,,,,
acc,1778672800.0,219.0,-0.613281,3.957031,-10.03125,,,,,,,,,,
acc,1778672800.0,219.0,-0.496094,3.882812,-10.109375,,,,,,,,,,
acc,1778672800.0,219.0,-0.417969,3.691406,-9.796875,,,,,,,,,,
acc,1778672800.0,219.0,-0.496094,3.691406,-10.113281,,,,,,,,,,
acc,1778672800.0,219.0,-0.613281,3.882812,-10.183594,,,,,,,,,,
acc,1778672800.0,219.0,-0.574219,3.84375,-9.996094,,,,,,,,,,
acc,1778672800.0,219.0,-0.6875,3.574219,-9.996094,,,,,,,,,,
acc,1778672800.0,219.0,-0.648438,3.613281,-10.179688,,,,,,,,,,
acc,1778672800.0,219.0,-0.648438,3.652344,-9.917969,,,,,,,,,,
acc,1778672800.0,219.0,-0.648438,3.726562,-9.839844,,,,,,,,,,
acc,1778672800.0,219.0,-0.613281,3.613281,-10.183594,,,,,,,,,,
acc,1778672800.0,219.0,-0.574219,3.765625,-9.914062,,,,,,,,,,
acc,1778672800.0,219.0,-0.804688,3.882812,-10.296875,,,,,,,,,,
acc,1778672800.0,219.0,-0.804688,3.308594,-9.839844,,,,,,,,,,
acc,1778672800.0,219.0,-0.574219,3.726562,-10.417969,,,,,,,,,,
acc,1778672800.0,219.0,-0.535156,3.882812,-10.148438,,,,,,,,,,
acc,1778672800.0,219.0,-0.6875,3.882812,-10.257812,,,,,,,,,,
acc,1778672800.0,219.0,-0.765625,3.957031,-10.222656,,,,,,,,,,
acc,1778672800.0,219.0,-0.613281,3.957031,-9.914062,,,,,,,,,,
acc,1778672800.0,219.0,-0.304688,4.035156,-10.152344,,,,,,,,,,
acc,1778672800.0,219.0,-0.226562,4.1875,-9.730469,,,,,,,,,,
acc,1778672800.0,219.0,-0.382812,4.339844,-9.953125,,,,,,,,,,
acc,1778672800.0,219.0,-0.34375,4.226562,-9.953125,,,,,,,,,,
acc,1778672800.0,219.0,-0.265625,4.265625,-9.730469,,,,,,,,,,
acc,1778672800.0,219.0,-0.265625,4.113281,-9.878906,,,,,,,,,,
acc,1778672800.0,219.0,-0.382812,3.691406,-9.957031,,,,,,,,,,
acc,1778672800.0,219.0,-0.417969,3.726562,-9.800781,,,,,,,,,,
acc,1778672800.0,219.0,-0.304688,3.726562,-9.652344,,,,,,,,,,
acc,1778672800.0,219.0,-0.265625,3.726562,-9.6875,,,,,,,,,,
acc,1778672800.0,219.0,-0.191406,3.765625,-9.609375,,,,,,,,,,
acc,1778672800.0,219.0,-0.304688,4.074219,-9.953125,,,,,,,,,,
acc,1778672800.0,219.0,-0.265625,3.882812,-9.652344,,,,,,,,,,
acc,1778672800.0,219.0,-0.34375,3.652344,-9.730469,,,,,,,,,,
acc,1778672800.0,219.0,-0.304688,3.574219,-9.453125,,,,,,,,,,
acc,1778672800.0,219.0,-0.226562,3.765625,-9.496094,,,,,,,,,,
acc,1778672800.0,219.0,-0.191406,3.804688,-9.53125,,,,,,,,,,
acc,1778672800.0,219.0,-0.152344,3.613281,-9.53125,,,,,,,,,,
acc,1778672800.0,219.0,-0.191406,4.035156,-9.726562,,,,,,,,,,
acc,1778672800.0,219.0,-0.152344,3.996094,-9.347656,,,,,,,,,,
acc,1778672800.0,219.0,-0.074219,3.804688,-9.648438,,,,,,,,,,
acc,1778672800.0,219.0,0.0,3.804688,-9.457031,,,,,,,,,,
acc,1778672800.0,219.0,0.039062,3.691406,-9.535156,,,,,,,,,,
acc,1778672800.0,219.0,-0.074219,3.804688,-9.53125,,,,,,,,,,
acc,1778672800.0,219.0,-0.035156,3.535156,-9.347656,,,,,,,,,,
acc,1778672800.0,219.0,0.039062,3.921875,-9.535156,,,,,,,,,,
acc,1778672800.0,219.0,-0.113281,4.074219,-9.226562,,,,,,,,,,
acc,1778672800.0,219.0,-0.191406,4.148438,-9.730469,,,,,,,,,,
acc,1778672800.0,219.0,-0.113281,3.613281,-9.492188,,,,,,,,,,
acc,1778672800.0,219.0,-0.152344,3.421875,-9.378906,,,,,,,,,,
acc,1778672800.0,219.0,-0.265625,3.691406,-9.453125,,,,,,,,,,
acc,1778672800.0,219.0,-0.074219,3.652344,-9.6875,,,,,,,,,,
acc,1778672800.0,219.0,0.0,3.613281,-9.453125,,,,,,,,,,
acc,1778672800.0,219.0,-0.191406,3.691406,-9.574219,,,,,,,,,,
acc,1778672800.0,219.0,-0.152344,3.5,-9.835938,,,,,,,,,,
acc,1778672800.0,219.0,-0.113281,3.882812,-9.375,,,,,,,,,,
acc,1778672800.0,219.0,-0.191406,3.804688,-9.757812,,,,,,,,,,
acc,1778672800.0,219.0,-0.152344,3.996094,-9.648438,,,,,,,,,,
acc,1778672800.0,219.0,-0.226562,4.457031,-9.691406,,,,,,,,,,
acc,1778672800.0,219.0,-0.226562,4.339844,-10.03125,,,,,,,,,,
acc,1778672800.0,219.0,-0.191406,3.804688,-9.453125,,,,,,,,,,
acc,1778672800.0,219.0,-0.191406,3.460938,-9.761719,,,,,,,,,,
acc,1778672800.0,219.0,-0.226562,3.613281,-9.574219,,,,,,,,,,
acc,1778672800.0,219.0,-0.113281,3.574219,-9.570312,,,,,,,,,,
acc,1778672800.0,219.0,-0.152344,3.996094,-9.800781,,,,,,,,,,
acc,1778672800.0,219.0,-0.226562,3.957031,-9.492188,,,,,,,,,,
acc,1778672800.0,219.0,-0.226562,3.765625,-9.917969,,,,,,,,,,
acc,1778672800.0,219.0,-0.191406,3.957031,-9.34375,,,,,,,,,,
acc,1778672800.0,219.0,-0.152344,3.804688,-9.796875,,,,,,,,,,
acc,1778672800.0,219.0,0.0,3.882812,-9.574219,,,,,,,,,,
acc,1778672800.0,219.0,-0.152344,4.417969,-9.265625,,,,,,,,,,
acc,1778672800.0,219.0,-0.152344,4.339844,-10.074219,,,,,,,,,,
acc,1778672800.0,219.0,-0.152344,4.265625,-9.308594,,,,,,,,,,
acc,1778672800.0,219.0,-0.191406,4.417969,-10.113281,,,,,,,,,,
acc,1778672800.0,219.0,-0.382812,3.996094,-9.800781,,,,,,,,,,
acc,1778672800.0,219.0,-0.34375,3.574219,-9.613281,,,,,,,,,,
acc,1778672800.0,219.0,-0.191406,3.765625,-10.300781,,,,,,,,,,
acc,1778672800.0,219.0,-0.191406,3.535156,-9.535156,,,,,,,,,,
acc,1778672800.0,219.0,-0.265625,3.5,-10.152344,,,,,,,,,,
acc,1778672800.0,219.0,-0.382812,3.765625,-9.6875,,,,,,,,,,
acc,1778672800.0,219.0,-0.417969,3.882812,-9.914062,,,,,,,,,,
acc,1778672800.0,219.0,-0.304688,3.996094,-9.917969,,,,,,,,,,
acc,1778672800.0,219.0,-0.226562,4.113281,-9.730469,,,,,,,,,,
acc,1778672800.0,219.0,-0.34375,3.882812,-9.574219,,,,,,,,,,
acc,1778672800.0,219.0,-0.382812,3.574219,-9.570312,,,,,,,,,,
acc,1778672800.0,219.0,-0.457031,3.613281,-10.109375,,,,,,,,,,
acc,1778672800.0,219.0,-0.304688,3.726562,-9.839844,,,,,,,,,,
acc,1778672800.0,219.0,-0.265625,3.804688,-9.730469,,,,,,,,,,
acc,1778672800.0,219.0,-0.382812,3.84375,-9.914062,,,,,,,,,,
acc,1778672800.0,219.0,-0.34375,4.113281,-10.183594,,,,,,,,,,
acc,1778672800.0,219.0,-0.535156,3.957031,-9.757812,,,,,,,,,,
acc,1778672800.0,219.0,-0.726562,4.074219,-9.917969,,,,,,,,,,
acc,1778672800.0,219.0,-0.34375,4.1875,-10.03125,,,,,,,,,,
acc,1778672800.0,219.0,-0.304688,3.574219,-9.492188,,,,,,,,,,
acc,1778672800.0,219.0,-0.382812,3.460938,-9.574219,,,,,,,,,,
acc,1778672800.0,219.0,-0.535156,3.34375,-10.109375,,,,,,,,,,
acc,1778672800.0,219.0,-0.304688,3.078125,-9.652344,,,,,,,,,,
acc,1778672800.0,219.0,-0.382812,3.382812,-9.730469,,,,,,,,,,
acc,1778672800.0,219.0,-0.457031,3.117188,-9.835938,,,,,,,,,,
acc,1778672800.0,219.0,-0.457031,3.726562,-9.730469,,,,,,,,,,
acc,1778672800.0,219.0,-0.382812,3.804688,-9.917969,,,,,,,,,,
acc,1778672800.0,219.0,-0.457031,3.882812,-9.914062,,,,,,,,,,
acc,1778672800.0,219.0,-0.574219,4.1875,-9.878906,,,,,,,,,,
acc,1778672800.0,219.0,-0.804688,4.074219,-10.109375,,,,,,,,,,
acc,1778672800.0,219.0,-0.535156,4.074219,-9.652344,,,,,,,,,,
acc,1778672800.0,219.0,-0.417969,4.148438,-9.6875,,,,,,,,,,
acc,1778672800.0,219.0,-0.382812,4.226562,-10.074219,,,,,,,,,,
acc,1778672800.0,219.0,-0.417969,3.613281,-9.453125,,,,,,,,,,
acc,1778672800.0,219.0,-0.34375,3.34375,-9.835938,,,,,,,,,,
acc,1778672800.0,219.0,-0.191406,3.574219,-9.835938,,,,,,,,,,
acc,1778672800.0,219.0,-0.152344,3.078125,-9.800781,,,,,,,,,,
acc,1778672800.0,219.0,-0.226562,3.421875,-10.070312,,,,,,,,,,
acc,1778672800.0,219.0,-0.304688,3.691406,-9.757812,,,,,,,,,,
acc,1778672800.0,219.0,-0.304688,3.691406,-9.953125,,,,,,,,,,
acc,1778672800.0,219.0,-0.113281,3.921875,-9.839844,,,,,,,,,,
acc,1778672800.0,219.0,-0.074219,4.339844,-9.570312,,,,,,,,,,
acc,1778672800.0,219.0,-0.152344,4.304688,-9.796875,,,,,,,,,,
acc,1778672800.0,219.0,-0.074219,4.074219,-9.453125,,,,,,,,,,
acc,1778672800.0,219.0,-0.191406,4.035156,-9.839844,,,,,,,,,,
acc,1778672800.0,219.0,-0.074219,3.652344,-9.417969,,,,,,,,,,
acc,1778672801.0,220.0,0.078125,3.84375,-9.953125,,,,,,,,,,
acc,1778672801.0,220.0,0.15625,3.996094,-9.414062,,,,,,,,,,
acc,1778672801.0,220.0,0.078125,3.652344,-9.914062,,,,,,,,,,
acc,1778672801.0,220.0,0.0,3.882812,-9.492188,,,,,,,,,,
acc,1778672801.0,220.0,-0.074219,4.378906,-9.957031,,,,,,,,,,
acc,1778672801.0,220.0,0.078125,3.921875,-9.917969,,,,,,,,,,
acc,1778672801.0,220.0,0.039062,4.113281,-8.992188,,,,,,,,,,
acc,1778672801.0,220.0,-0.035156,4.113281,-10.074219,,,,,,,,,,
acc,1778672801.0,220.0,0.078125,3.804688,-9.457031,,,,,,,,,,
acc,1778672801.0,220.0,0.269531,3.691406,-9.570312,,,,,,,,,,
acc,1778672801.0,220.0,0.039062,3.34375,-9.835938,,,,,,,,,,
acc,1778672801.0,220.0,0.0,3.269531,-9.230469,,,,,,,,,,
acc,1778672801.0,220.0,0.0,3.34375,-9.875,,,,,,,,,,
acc,1778672801.0,220.0,0.039062,3.152344,-9.609375,,,,,,,,,,
acc,1778672801.0,220.0,-0.035156,3.308594,-9.347656,,,,,,,,,,
acc,1778672801.0,220.0,-0.304688,3.804688,-9.914062,,,,,,,,,,
acc,1778672801.0,220.0,-0.265625,3.691406,-9.53125,,,,,,,,,,
acc,1778672801.0,220.0,-0.113281,3.765625,-9.613281,,,,,,,,,,
acc,1778672801.0,220.0,-0.113281,3.957031,-9.574219,,,,,,,,,,
acc,1778672801.0,220.0,-0.265625,3.84375,-9.417969,,,,,,,,,,
acc,1778672801.0,220.0,-0.191406,3.691406,-9.574219,,,,,,,,,,
acc,1778672801.0,220.0,-0.304688,3.726562,-9.613281,,,,,,,,,,
acc,1778672801.0,220.0,-0.34375,4.148438,-9.878906,,,,,,,,,,
acc,1778672801.0,220.0,-0.304688,4.113281,-9.726562,,,,,,,,,,
acc,1778672801.0,220.0,-0.226562,3.765625,-9.878906,,,,,,,,,,
acc,1778672801.0,220.0,-0.265625,3.957031,-9.761719,,,,,,,,,,
acc,1778672801.0,220.0,-0.34375,3.804688,-9.917969,,,,,,,,,,
acc,1778672801.0,220.0,-0.265625,3.5,-9.878906,,,,,,,,,,
acc,1778672801.0,220.0,-0.191406,3.691406,-9.914062,,,,,,,,,,
acc,1778672801.0,220.0,-0.191406,3.84375,-10.113281,,,,,,,,,,
acc,1778672801.0,220.0,-0.226562,3.726562,-9.730469,,,,,,,,,,
acc,1778672801.0,220.0,-0.417969,3.765625,-9.839844,,,,,,,,,,
acc,1778672801.0,220.0,-0.382812,4.226562,-9.914062,,,,,,,,,,
acc,1778672801.0,220.0,-0.113281,4.265625,-9.996094,,,,,,,,,,
acc,1778672801.0,220.0,-0.304688,4.304688,-9.757812,,,,,,,,,,
acc,1778672801.0,220.0,-0.496094,4.570312,-10.074219,,,,,,,,,,
acc,1778672801.0,220.0,-0.417969,4.304688,-10.152344,,,,,,,,,,
acc,1778672801.0,220.0,-0.457031,3.996094,-9.835938,,,,,,,,,,
acc,1778672801.0,220.0,-0.535156,4.265625,-10.179688,,,,,,,,,,
acc,1778672801.0,220.0,-0.535156,3.957031,-10.300781,,,,,,,,,,
acc,1778672801.0,220.0,-0.304688,3.921875,-9.835938,,,,,,,,,,
acc,1778672801.0,220.0,-0.382812,4.1875,-9.992188,,,,,,,,,,
acc,1778672801.0,220.0,-0.226562,3.84375,-10.109375,,,,,,,,,,
acc,1778672801.0,220.0,-0.304688,3.882812,-9.839844,,,,,,,,,,
acc,1778672801.0,220.0,-0.457031,4.074219,-10.113281,,,,,,,,,,
acc,1778672801.0,220.0,-0.304688,3.882812,-10.417969,,,,,,,,,,
acc,1778672801.0,220.0,-0.265625,3.996094,-9.839844,,,,,,,,,,
acc,1778672801.0,220.0,-0.457031,3.765625,-9.796875,,,,,,,,,,
acc,1778672801.0,220.0,-0.226562,3.804688,-10.113281,,,,,,,,,,
acc,1778672801.0,220.0,-0.152344,3.957031,-9.691406,,,,,,,,,,
acc,1778672801.0,220.0,-0.382812,3.84375,-9.648438,,,,,,,,,,
acc,1778672801.0,220.0,-0.226562,3.613281,-10.183594,,,,,,,,,,
acc,1778672801.0,220.0,-0.304688,3.421875,-9.347656,,,,,,,,,,
acc,1778672801.0,220.0,-0.382812,3.5,-9.992188,,,,,,,,,,
acc,1778672801.0,220.0,-0.226562,3.804688,-9.726562,,,,,,,,,,
acc,1778672801.0,220.0,-0.34375,4.226562,-9.800781,,,,,,,,,,
acc,1778672801.0,220.0,-0.496094,4.148438,-9.535156,,,,,,,,,,
acc,1778672801.0,220.0,-0.34375,4.226562,-9.835938,,,,,,,,,,
acc,1778672801.0,220.0,-0.265625,4.113281,-9.613281,,,,,,,,,,
acc,1778672801.0,220.0,-0.304688,4.148438,-9.800781,,,,,,,,,,
acc,1778672801.0,220.0,-0.382812,4.265625,-9.996094,,,,,,,,,,
acc,1778672801.0,220.0,-0.304688,3.691406,-9.691406,,,,,,,,,,
acc,1778672801.0,220.0,-0.191406,3.804688,-10.074219,,,,,,,,,,
acc,1778672801.0,220.0,-0.226562,3.691406,-9.726562,,,,,,,,,,
acc,1778672801.0,220.0,-0.226562,3.726562,-10.414062,,,,,,,,,,
acc,1778672801.0,220.0,-0.382812,3.574219,-9.761719,,,,,,,,,,
acc,1778672801.0,220.0,-0.265625,3.535156,-10.296875,,,,,,,,,,
acc,1778672801.0,220.0,-0.226562,3.996094,-9.835938,,,,,,,,,,
acc,1778672801.0,220.0,-0.191406,3.726562,-10.035156,,,,,,,,,,
acc,1778672801.0,220.0,-0.152344,3.765625,-9.878906,,,,,,,,,,
acc,1778672801.0,220.0,-0.265625,4.035156,-9.6875,,,,,,,,,,
acc,1778672801.0,220.0,-0.304688,3.882812,-9.878906,,,,,,,,,,
acc,1778672801.0,220.0,-0.265625,4.074219,-9.648438,,,,,,,,,,
acc,1778672801.0,220.0,-0.34375,3.804688,-9.761719,,,,,,,,,,
acc,1778672801.0,220.0,-0.226562,3.574219,-9.535156,,,,,,,,,,
acc,1778672801.0,220.0,-0.113281,3.921875,-9.839844,,,,,,,,,,
acc,1778672801.0,220.0,-0.417969,3.765625,-9.996094,,,,,,,,,,
acc,1778672801.0,220.0,-0.535156,3.613281,-9.757812,,,,,,,,,,
acc,1778672801.0,220.0,-0.574219,3.996094,-10.113281,,,,,,,,,,
acc,1778672801.0,220.0,-0.535156,3.882812,-9.691406,,,,,,,,,,
acc,1778672801.0,220.0,-0.457031,3.84375,-9.730469,,,,,,,,,,
acc,1778672801.0,220.0,-0.152344,4.074219,-9.761719,,,,,,,,,,
acc,1778672801.0,220.0,-0.265625,3.957031,-9.535156,,,,,,,,,,
acc,1778672801.0,220.0,-0.265625,3.652344,-9.6875,,,,,,,,,,
acc,1778672801.0,220.0,-0.226562,3.652344,-9.574219,,,,,,,,,,
acc,1778672801.0,220.0,-0.34375,3.269531,-9.730469,,,,,,,,,,
acc,1778672801.0,220.0,-0.34375,3.230469,-9.652344,,,,,,,,,,
acc,1778672801.0,220.0,-0.226562,3.269531,-9.730469,,,,,,,,,,
acc,1778672801.0,220.0,-0.226562,3.078125,-9.648438,,,,,,,,,,
acc,1778672801.0,220.0,-0.382812,3.382812,-9.53125,,,,,,,,,,
acc,1778672801.0,220.0,-0.417969,3.765625,-9.535156,,,,,,,,,,
acc,1778672801.0,220.0,-0.191406,3.613281,-9.570312,,,,,,,,,,
acc,1778672801.0,220.0,-0.265625,3.996094,-9.613281,,,,,,,,,,
acc,1778672801.0,220.0,-0.265625,3.652344,-9.613281,,,,,,,,,,
acc,1778672801.0,220.0,-0.417969,3.84375,-9.800781,,,,,,,,,,
acc,1778672801.0,220.0,-0.457031,3.84375,-9.757812,,,,,,,,,,
acc,1778672801.0,220.0,-0.417969,4.113281,-9.757812,,,,,,,,,,
acc,1778672801.0,220.0,-0.496094,4.035156,-9.648438,,,,,,,,,,
acc,1778672801.0,220.0,-0.417969,3.957031,-9.730469,,,,,,,,,,
acc,1778672801.0,220.0,-0.226562,4.378906,-9.757812,,,,,,,,,,
acc,1778672801.0,220.0,-0.226562,3.957031,-9.757812,,,,,,,,,,
acc,1778672801.0,220.0,-0.265625,3.882812,-10.035156,,,,,,,,,,
acc,1778672801.0,220.0,-0.382812,4.074219,-9.761719,,,,,,,,,,
acc,1778672801.0,220.0,-0.226562,3.765625,-9.613281,,,,,,,,,,
acc,1778672801.0,220.0,-0.191406,3.84375,-9.457031,,,,,,,,,,
acc,1778672801.0,220.0,-0.265625,4.148438,-9.757812,,,,,,,,,,
acc,1778672801.0,220.0,-0.191406,4.1875,-9.613281,,,,,,,,,,
acc,1778672801.0,220.0,-0.152344,3.957031,-9.648438,,,,,,,,,,
acc,1778672801.0,220.0,-0.226562,4.1875,-9.800781,,,,,,,,,,
acc,1778672801.0,220.0,-0.265625,4.113281,-9.726562,,,,,,,,,,
acc,1778672801.0,220.0,-0.265625,3.804688,-9.835938,,,,,,,,,,
acc,1778672801.0,220.0,-0.226562,3.691406,-9.761719,,,,,,,,,,
acc,1778672801.0,220.0,-0.417969,3.652344,-9.53125,,,,,,,,,,
acc,1778672801.0,220.0,-0.152344,3.421875,-9.878906,,,,,,,,,,
acc,1778672801.0,220.0,-0.035156,4.035156,-9.347656,,,,,,,,,,
acc,1778672801.0,220.0,-0.152344,3.996094,-9.648438,,,,,,,,,,
acc,1778672801.0,220.0,-0.074219,3.804688,-9.800781,,,,,,,,,,
acc,1778672801.0,220.0,-0.113281,4.378906,-9.414062,,,,,,,,,,
acc,1778672801.0,220.0,-0.34375,3.804688,-10.070312,,,,,,,,,,
acc,1778672801.0,220.0,-0.113281,3.269531,-9.835938,,,,,,,,,,
acc,1778672801.0,220.0,0.0,3.460938,-9.574219,,,,,,,,,,
acc,1778672801.0,220.0,-0.152344,3.152344,-9.992188,,,,,,,,,,
acc,1778672801.0,220.0,-0.152344,3.308594,-9.53125,,,,,,,,,,
acc,1778672801.0,220.0,-0.074219,3.34375,-9.726562,,,,,,,,,,
acc,1778672801.0,220.0,-0.152344,3.34375,-9.953125,,,,,,,,,,
acc,1778672801.0,220.0,-0.191406,3.5,-9.726562,,,,,,,,,,
acc,1778672801.0,220.0,-0.113281,3.460938,-9.730469,,,,,,,,,,
acc,1778672802.0,221.0,-0.226562,3.460938,-9.800781,,,,,,,,,,
acc,1778672802.0,221.0,-0.152344,3.765625,-9.652344,,,,,,,,,,
acc,1778672802.0,221.0,-0.113281,3.921875,-9.726562,,,,,,,,,,
acc,1778672802.0,221.0,-0.152344,3.613281,-9.53125,,,,,,,,,,
acc,1778672802.0,221.0,-0.152344,4.035156,-9.757812,,,,,,,,,,
acc,1778672802.0,221.0,0.0,4.035156,-9.648438,,,,,,,,,,
acc,1778672802.0,221.0,-0.113281,3.921875,-9.761719,,,,,,,,,,
acc,1778672802.0,221.0,-0.304688,3.957031,-9.878906,,,,,,,,,,
acc,1778672802.0,221.0,-0.34375,3.804688,-9.6875,,,,,,,,,,
acc,1778672802.0,221.0,-0.191406,3.765625,-9.992188,,,,,,,,,,
acc,1778672802.0,221.0,-0.265625,3.613281,-9.378906,,,,,,,,,,
acc,1778672802.0,221.0,-0.304688,3.726562,-9.917969,,,,,,,,,,
acc,1778672802.0,221.0,-0.382812,4.035156,-9.574219,,,,,,,,,,
acc,1778672802.0,221.0,-0.496094,4.035156,-9.609375,,,,,,,,,,
acc,1778672802.0,221.0,-0.382812,3.882812,-9.757812,,,,,,,,,,
acc,1778672802.0,221.0,-0.417969,4.1875,-9.648438,,,,,,,,,,
acc,1778672802.0,221.0,-0.382812,3.84375,-9.800781,,,,,,,,,,
acc,1778672802.0,221.0,-0.34375,3.882812,-9.691406,,,,,,,,,,
acc,1778672802.0,221.0,-0.382812,3.921875,-9.726562,,,,,,,,,,
acc,1778672802.0,221.0,-0.152344,3.765625,-9.839844,,,,,,,,,,
acc,1778672802.0,221.0,-0.152344,3.957031,-9.648438,,,,,,,,,,
acc,1778672802.0,221.0,-0.226562,3.726562,-9.648438,,,,,,,,,,
acc,1778672802.0,221.0,-0.226562,3.460938,-9.992188,,,,,,,,,,
acc,1778672802.0,221.0,-0.035156,3.535156,-9.914062,,,,,,,,,,
acc,1778672802.0,221.0,-0.035156,3.691406,-10.152344,,,,,,,,,,
acc,1778672802.0,221.0,-0.191406,3.460938,-9.917969,,,,,,,,,,
acc,1778672802.0,221.0,-0.113281,3.574219,-9.878906,,,,,,,,,,
acc,1778672802.0,221.0,-0.074219,3.996094,-9.6875,,,,,,,,,,
acc,1778672802.0,221.0,-0.035156,4.074219,-9.957031,,,,,,,,,,
acc,1778672802.0,221.0,-0.226562,4.074219,-9.726562,,,,,,,,,,
acc,1778672802.0,221.0,-0.457031,3.957031,-10.074219,,,,,,,,,,
acc,1778672802.0,221.0,-0.265625,3.921875,-9.835938,,,,,,,,,,
acc,1778672802.0,221.0,-0.265625,3.691406,-9.992188,,,,,,,,,,
acc,1778672802.0,221.0,-0.382812,3.726562,-9.953125,,,,,,,,,,
acc,1778672802.0,221.0,-0.304688,4.1875,-9.457031,,,,,,,,,,
acc,1778672802.0,221.0,-0.152344,4.339844,-10.03125,,,,,,,,,,
acc,1778672802.0,221.0,-0.152344,4.226562,-9.347656,,,,,,,,,,
acc,1778672802.0,221.0,-0.34375,4.417969,-10.257812,,,,,,,,,,
acc,1778672802.0,221.0,-0.496094,3.84375,-9.835938,,,,,,,,,,
acc,1778672802.0,221.0,-0.417969,3.726562,-9.875,,,,,,,,,,
acc,1778672802.0,221.0,-0.417969,4.035156,-10.074219,,,,,,,,,,
acc,1778672802.0,221.0,-0.496094,3.921875,-9.6875,,,,,,,,,,
acc,1778672802.0,221.0,-0.457031,4.074219,-10.070312,,,,,,,,,,
acc,1778672802.0,221.0,-0.304688,3.882812,-9.6875,,,,,,,,,,
acc,1778672802.0,221.0,-0.226562,3.765625,-9.652344,,,,,,,,,,
acc,1778672802.0,221.0,-0.191406,3.535156,-9.652344,,,,,,,,,,
acc,1778672802.0,221.0,-0.191406,3.308594,-9.652344,,,,,,,,,,
acc,1778672802.0,221.0,-0.226562,3.535156,-9.730469,,,,,,,,,,
acc,1778672802.0,221.0,-0.265625,3.804688,-9.53125,,,,,,,,,,
acc,1778672802.0,221.0,-0.152344,3.957031,-9.648438,,,,,,,,,,
acc,1778672802.0,221.0,-0.226562,3.882812,-9.730469,,,,,,,,,,
acc,1778672802.0,221.0,-0.152344,3.652344,-9.835938,,,,,,,,,,
acc,1778672802.0,221.0,-0.304688,3.84375,-9.535156,,,,,,,,,,
acc,1778672802.0,221.0,-0.613281,3.882812,-10.03125,,,,,,,,,,
acc,1778672802.0,221.0,-0.535156,3.613281,-9.757812,,,,,,,,,,
acc,1778672802.0,221.0,-0.382812,3.652344,-9.757812,,,,,,,,,,
acc,1778672802.0,221.0,-0.496094,3.382812,-9.835938,,,,,,,,,,
acc,1778672802.0,221.0,-0.417969,3.5,-9.992188,,,,,,,,,,
acc,1778672802.0,221.0,-0.417969,3.765625,-10.179688,,,,,,,,,,
acc,1778672802.0,221.0,-0.457031,3.460938,-10.109375,,,,,,,,,,
acc,1778672802.0,221.0,-0.34375,3.84375,-9.953125,,,,,,,,,,
acc,1778672802.0,221.0,-0.265625,4.148438,-10.148438,,,,,,,,,,
acc,1778672802.0,221.0,-0.304688,3.921875,-9.648438,,,,,,,,,,
acc,1778672802.0,221.0,-0.304688,4.148438,-9.757812,,,,,,,,,,
acc,1778672802.0,221.0,-0.457031,4.113281,-9.757812,,,,,,,,,,
acc,1778672802.0,221.0,-0.34375,3.882812,-9.730469,,,,,,,,,,
acc,1778672802.0,221.0,-0.304688,3.921875,-9.835938,,,,,,,,,,
acc,1778672802.0,221.0,-0.34375,3.84375,-9.648438,,,,,,,,,,
acc,1778672802.0,221.0,-0.382812,3.765625,-9.496094,,,,,,,,,,
acc,1778672802.0,221.0,-0.113281,3.804688,-9.535156,,,,,,,,,,
acc,1778672802.0,221.0,-0.074219,3.382812,-9.796875,,,,,,,,,,
acc,1778672802.0,221.0,-0.226562,3.613281,-9.875,,,,,,,,,,
acc,1778672802.0,221.0,-0.226562,3.535156,-9.492188,,,,,,,,,,
acc,1778672802.0,221.0,-0.191406,3.269531,-9.839844,,,,,,,,,,
acc,1778672802.0,221.0,-0.152344,3.691406,-9.6875,,,,,,,,,,
acc,1778672802.0,221.0,-0.226562,3.921875,-9.878906,,,,,,,,,,
acc,1778672802.0,221.0,-0.265625,4.1875,-9.535156,,,,,,,,,,
acc,1778672802.0,221.0,0.0,3.84375,-9.800781,,,,,,,,,,
acc,1778672802.0,221.0,0.039062,3.382812,-9.53125,,,,,,,,,,
acc,1778672802.0,221.0,-0.191406,3.460938,-9.6875,,,,,,,,,,
acc,1778672802.0,221.0,-0.265625,3.421875,-10.03125,,,,,,,,,,
acc,1778672802.0,221.0,-0.191406,3.5,-9.34375,,,,,,,,,,
acc,1778672802.0,221.0,-0.191406,3.652344,-9.917969,,,,,,,,,,
acc,1778672802.0,221.0,-0.226562,3.765625,-9.496094,,,,,,,,,,
acc,1778672802.0,221.0,-0.226562,3.691406,-9.6875,,,,,,,,,,
acc,1778672802.0,221.0,-0.226562,3.613281,-9.691406,,,,,,,,,,
acc,1778672802.0,221.0,-0.226562,3.574219,-9.839844,,,,,,,,,,
acc,1778672802.0,221.0,-0.226562,3.382812,-9.730469,,,,,,,,,,
acc,1778672802.0,221.0,-0.191406,4.035156,-9.726562,,,,,,,,,,
acc,1778672802.0,221.0,-0.035156,4.113281,-9.691406,,,,,,,,,,
acc,1778672802.0,221.0,-0.035156,4.113281,-9.53125,,,,,,,,,,
acc,1778672802.0,221.0,-0.074219,4.1875,-9.761719,,,,,,,,,,
acc,1778672802.0,221.0,-0.265625,4.226562,-9.726562,,,,,,,,,,
acc,1778672802.0,221.0,-0.265625,3.921875,-9.800781,,,,,,,,,,
acc,1778672802.0,221.0,-0.382812,3.691406,-9.6875,,,,,,,,,,
acc,1778672802.0,221.0,-0.496094,3.84375,-10.148438,,,,,,,,,,
acc,1778672802.0,221.0,-0.304688,3.84375,-9.796875,,,,,,,,,,
acc,1778672802.0,221.0,-0.226562,4.1875,-9.609375,,,,,,,,,,
acc,1778672802.0,221.0,-0.265625,4.074219,-9.800781,,,,,,,,,,
acc,1778672802.0,221.0,-0.304688,4.648438,-9.609375,,,,,,,,,,
acc,1778672802.0,221.0,-0.34375,4.417969,-9.53125,,,,,,,,,,
acc,1778672802.0,221.0,-0.34375,3.996094,-9.875,,,,,,,,,,
acc,1778672802.0,221.0,-0.113281,4.265625,-9.496094,,,,,,,,,,
acc,1778672802.0,221.0,-0.34375,4.035156,-9.648438,,,,,,,,,,
acc,1778672802.0,221.0,-0.417969,3.613281,-10.109375,,,,,,,,,,
acc,1778672802.0,221.0,-0.226562,3.996094,-9.414062,,,,,,,,,,
acc,1778672802.0,221.0,-0.457031,3.921875,-10.070312,,,,,,,,,,
acc,1778672802.0,221.0,-0.535156,3.613281,-9.800781,,,,,,,,,,
acc,1778672802.0,221.0,-0.535156,3.765625,-9.378906,,,,,,,,,,
acc,1778672802.0,221.0,-0.417969,3.652344,-10.109375,,,,,,,,,,
acc,1778672802.0,221.0,-0.34375,3.726562,-9.304688,,,,,,,,,,
acc,1778672802.0,221.0,-0.457031,3.921875,-9.878906,,,,,,,,,,
acc,1778672802.0,221.0,-0.457031,3.882812,-9.730469,,,,,,,,,,
acc,1778672802.0,221.0,-0.34375,4.113281,-9.992188,,,,,,,,,,
acc,1778672802.0,221.0,-0.074219,3.652344,-9.652344,,,,,,,,,,
acc,1778672802.0,221.0,-0.265625,3.996094,-9.878906,,,,,,,,,,
acc,1778672802.0,221.0,-0.496094,4.265625,-9.957031,,,,,,,,,,
acc,1778672802.0,221.0,-0.113281,3.652344,-9.609375,,,,,,,,,,
acc,1778672802.0,221.0,0.039062,4.226562,-9.800781,,,,,,,,,,
acc,1778672802.0,221.0,-0.191406,4.226562,-9.613281,,,,,,,,,,
acc,1778672802.0,221.0,-0.191406,4.378906,-9.996094,,,,,,,,,,
acc,1778672802.0,221.0,-0.152344,4.265625,-9.496094,,,,,,,,,,
acc,1778672802.0,221.0,-0.191406,3.535156,-9.917969,,,,,,,,,,
acc,1778672803.0,222.0,-0.191406,3.574219,-10.21875,,,,,,,,,,
acc,1778672803.0,222.0,-0.226562,3.691406,-9.878906,,,,,,,,,,
acc,1778672803.0,222.0,-0.265625,3.804688,-9.875,,,,,,,,,,
acc,1778672803.0,222.0,-0.113281,3.460938,-10.109375,,,,,,,,,,
acc,1778672803.0,222.0,0.0,3.5,-9.800781,,,,,,,,,,
acc,1778672803.0,222.0,-0.191406,3.84375,-9.535156,,,,,,,,,,
acc,1778672803.0,222.0,-0.074219,4.265625,-10.148438,,,,,,,,,,
acc,1778672803.0,222.0,-0.035156,4.035156,-9.648438,,,,,,,,,,
acc,1778672803.0,222.0,-0.113281,3.957031,-9.953125,,,,,,,,,,
acc,1778672803.0,222.0,-0.191406,3.921875,-9.757812,,,,,,,,,,
acc,1778672803.0,222.0,-0.191406,3.921875,-9.835938,,,,,,,,,,
acc,1778672803.0,222.0,-0.113281,3.5,-9.492188,,,,,,,,,,
acc,1778672803.0,222.0,0.039062,4.074219,-9.957031,,,,,,,,,,
acc,1778672803.0,222.0,-0.113281,4.648438,-9.6875,,,,,,,,,,
acc,1778672803.0,222.0,-0.34375,4.226562,-9.648438,,,,,,,,,,
acc,1778672803.0,222.0,-0.417969,4.417969,-9.53125,,,,,,,,,,
acc,1778672803.0,222.0,-0.382812,4.378906,-9.574219,,,,,,,,,,
acc,1778672803.0,222.0,-0.226562,3.84375,-9.800781,,,,,,,,,,
acc,1778672803.0,222.0,-0.191406,4.1875,-9.308594,,,,,,,,,,
acc,1778672803.0,222.0,-0.382812,4.148438,-9.6875,,,,,,,,,,
acc,1778672803.0,222.0,-0.535156,3.957031,-9.492188,,,,,,,,,,
acc,1778672803.0,222.0,-0.304688,4.304688,-9.492188,,,,,,,,,,
acc,1778672803.0,222.0,-0.152344,4.339844,-9.648438,,,,,,,,,,
acc,1778672803.0,222.0,-0.265625,4.074219,-9.414062,,,,,,,,,,
acc,1778672803.0,222.0,-0.265625,4.457031,-9.496094,,,,,,,,,,
acc,1778672803.0,222.0,-0.34375,4.226562,-9.574219,,,,,,,,,,
acc,1778672803.0,222.0,-0.226562,3.921875,-9.839844,,,,,,,,,,
acc,1778672803.0,222.0,-0.226562,3.691406,-9.535156,,,,,,,,,,
acc,1778672803.0,222.0,-0.417969,3.726562,-10.109375,,,,,,,,,,
acc,1778672803.0,222.0,-0.34375,3.921875,-9.917969,,,,,,,,,,
acc,1778672803.0,222.0,-0.304688,3.613281,-9.726562,,,,,,,,,,
acc,1778672803.0,222.0,-0.152344,3.804688,-9.917969,,,,,,,,,,
acc,1778672803.0,222.0,-0.113281,3.84375,-10.109375,,,,,,,,,,
acc,1778672803.0,222.0,-0.304688,3.574219,-9.609375,,,,,,,,,,
acc,1778672803.0,222.0,-0.304688,3.34375,-10.179688,,,,,,,,,,
acc,1778672803.0,222.0,-0.226562,3.230469,-9.726562,,,,,,,,,,
acc,1778672803.0,222.0,-0.152344,3.382812,-10.183594,,,,,,,,,,
acc,1778672803.0,222.0,-0.304688,3.117188,-9.839844,,,,,,,,,,
acc,1778672803.0,222.0,-0.382812,3.382812,-9.953125,,,,,,,,,,
acc,1778672803.0,222.0,-0.457031,3.421875,-10.113281,,,,,,,,,,
acc,1778672803.0,222.0,-0.382812,3.269531,-9.800781,,,,,,,,,,
acc,1778672803.0,222.0,-0.191406,3.535156,-9.996094,,,,,,,,,,
acc,1778672803.0,222.0,-0.304688,3.34375,-9.839844,,,,,,,,,,
acc,1778672803.0,222.0,-0.34375,3.269531,-10.03125,,,,,,,,,,
acc,1778672803.0,222.0,-0.304688,3.308594,-9.761719,,,,,,,,,,
acc,1778672803.0,222.0,-0.226562,3.191406,-10.296875,,,,,,,,,,
acc,1778672803.0,222.0,-0.191406,3.460938,-9.726562,,,,,,,,,,
acc,1778672803.0,222.0,-0.226562,3.34375,-10.109375,,,,,,,,,,
acc,1778672803.0,222.0,-0.152344,3.230469,-9.957031,,,,,,,,,,
acc,1778672803.0,222.0,0.039062,3.726562,-9.800781,,,,,,,,,,
acc,1778672803.0,222.0,0.039062,3.882812,-9.953125,,,,,,,,,,
acc,1778672803.0,222.0,-0.074219,3.804688,-9.609375,,,,,,,,,,
acc,1778672803.0,222.0,0.078125,3.882812,-9.574219,,,,,,,,,,
acc,1778672803.0,222.0,0.039062,3.921875,-9.6875,,,,,,,,,,
acc,1778672803.0,222.0,-0.152344,3.765625,-9.535156,,,,,,,,,,
acc,1778672803.0,222.0,-0.226562,3.882812,-9.730469,,,,,,,,,,
acc,1778672803.0,222.0,-0.265625,4.148438,-9.800781,,,,,,,,,,
acc,1778672803.0,222.0,-0.226562,3.882812,-9.648438,,,,,,,,,,
acc,1778672803.0,222.0,-0.152344,3.726562,-9.835938,,,,,,,,,,
acc,1778672803.0,222.0,-0.152344,3.613281,-9.492188,,,,,,,,,,
acc,1778672803.0,222.0,-0.265625,3.691406,-9.953125,,,,,,,,,,
acc,1778672803.0,222.0,-0.496094,3.652344,-9.492188,,,,,,,,,,
acc,1778672803.0,222.0,-0.382812,3.804688,-10.035156,,,,,,,,,,
acc,1778672803.0,222.0,-0.382812,3.84375,-9.730469,,,,,,,,,,
acc,1778672803.0,222.0,-0.34375,4.148438,-9.761719,,,,,,,,,,
acc,1778672803.0,222.0,-0.265625,4.113281,-10.035156,,,,,,,,,,
acc,1778672803.0,222.0,-0.34375,3.765625,-9.457031,,,,,,,,,,
acc,1778672803.0,222.0,-0.496094,3.957031,-10.03125,,,,,,,,,,
acc,1778672803.0,222.0,-0.574219,3.691406,-9.992188,,,,,,,,,,
acc,1778672803.0,222.0,-0.457031,3.652344,-9.992188,,,,,,,,,,
acc,1778672803.0,222.0,-0.496094,3.765625,-9.6875,,,,,,,,,,
acc,1778672803.0,222.0,-0.574219,3.535156,-9.917969,,,,,,,,,,
acc,1778672803.0,222.0,-0.496094,3.726562,-9.609375,,,,,,,,,,
acc,1778672803.0,222.0,-0.613281,3.957031,-9.347656,,,,,,,,,,
acc,1778672803.0,222.0,-0.613281,3.84375,-9.953125,,,,,,,,,,
acc,1778672803.0,222.0,-0.496094,3.726562,-9.375,,,,,,,,,,
acc,1778672803.0,222.0,-0.6875,3.652344,-9.648438,,,,,,,,,,
acc,1778672803.0,222.0,-0.535156,4.035156,-9.453125,,,,,,,,,,
acc,1778672803.0,222.0,-0.648438,3.996094,-9.996094,,,,,,,,,,
acc,1778672803.0,222.0,-0.648438,4.1875,-9.6875,,,,,,,,,,
acc,1778672803.0,222.0,-0.496094,4.226562,-9.757812,,,,,,,,,,
acc,1778672803.0,222.0,-0.304688,3.574219,-9.691406,,,,,,,,,,
acc,1778672803.0,222.0,-0.265625,3.535156,-9.878906,,,,,,,,,,
acc,1778672803.0,222.0,-0.417969,3.308594,-9.835938,,,,,,,,,,
acc,1778672803.0,222.0,-0.613281,3.191406,-9.957031,,,,,,,,,,
acc,1778672803.0,222.0,-0.496094,3.882812,-10.148438,,,,,,,,,,
acc,1778672803.0,222.0,-0.613281,4.035156,-9.730469,,,,,,,,,,
acc,1778672803.0,222.0,-0.496094,4.074219,-9.917969,,,,,,,,,,
acc,1778672803.0,222.0,-0.265625,4.148438,-9.609375,,,,,,,,,,
acc,1778672803.0,222.0,-0.191406,3.996094,-9.457031,,,,,,,,,,
acc,1778672803.0,222.0,-0.304688,3.921875,-9.757812,,,,,,,,,,
acc,1778672803.0,222.0,-0.226562,3.84375,-9.835938,,,,,,,,,,
acc,1778672803.0,222.0,-0.226562,3.574219,-9.652344,,,,,,,,,,
acc,1778672803.0,222.0,-0.191406,3.460938,-9.957031,,,,,,,,,,
acc,1778672803.0,222.0,-0.074219,3.574219,-9.691406,,,,,,,,,,
acc,1778672803.0,222.0,0.0,3.382812,-9.800781,,,,,,,,,,
acc,1778672803.0,222.0,-0.113281,3.726562,-9.691406,,,,,,,,,,
acc,1778672803.0,222.0,-0.074219,4.304688,-9.730469,,,,,,,,,,
acc,1778672803.0,222.0,0.039062,4.113281,-9.609375,,,,,,,,,,
acc,1778672803.0,222.0,0.078125,4.148438,-9.796875,,,,,,,,,,
acc,1778672803.0,222.0,0.039062,4.417969,-9.800781,,,,,,,,,,
acc,1778672803.0,222.0,-0.074219,4.1875,-9.761719,,,,,,,,,,
acc,1778672803.0,222.0,0.0,3.726562,-9.992188,,,,,,,,,,
acc,1778672803.0,222.0,0.117188,3.804688,-9.6875,,,,,,,,,,
acc,1778672803.0,222.0,0.308594,3.691406,-9.6875,,,,,,,,,,
acc,1778672803.0,222.0,0.230469,3.613281,-9.6875,,,,,,,,,,
acc,1778672803.0,222.0,0.347656,3.535156,-9.378906,,,,,,,,,,
acc,1778672803.0,222.0,0.347656,3.613281,-9.652344,,,,,,,,,,
acc,1778672803.0,222.0,0.382812,3.5,-9.414062,,,,,,,,,,
acc,1778672803.0,222.0,0.460938,3.421875,-9.839844,,,,,,,,,,
acc,1778672803.0,222.0,0.421875,3.726562,-9.496094,,,,,,,,,,
acc,1778672803.0,222.0,0.308594,3.652344,-9.757812,,,,,,,,,,
acc,1778672803.0,222.0,0.308594,3.382812,-9.648438,,,,,,,,,,
acc,1778672803.0,222.0,0.191406,3.84375,-9.761719,,,,,,,,,,
acc,1778672803.0,222.0,0.230469,4.035156,-9.761719,,,,,,,,,,
acc,1778672803.0,222.0,0.078125,4.113281,-9.574219,,,,,,,,,,
acc,1778672803.0,222.0,-0.035156,3.765625,-9.796875,,,,,,,,,,
acc,1778672803.0,222.0,-0.113281,3.574219,-9.878906,,,,,,,,,,
acc,1778672803.0,222.0,-0.152344,3.691406,-10.035156,,,,,,,,,,
acc,1778672803.0,222.0,-0.113281,3.652344,-9.800781,,,,,,,,,,
acc,1778672803.0,222.0,-0.191406,3.460938,-9.457031,,,,,,,,,,
acc,1778672803.0,222.0,-0.074219,3.804688,-9.691406,,,,,,,,,,
acc,1778672803.0,222.0,-0.035156,3.957031,-9.492188,,,,,,,,,,
acc,1778672803.0,222.0,-0.304688,3.921875,-9.453125,,,,,,,,,,
acc,1778672803.0,222.0,-0.417969,3.574219,-9.917969,,,,,,,,,,
acc,1778672803.0,222.0,-0.457031,3.5,-9.574219,,,,,,,,,,
acc,1778672804.0,223.0,-0.535156,3.765625,-9.917969,,,,,,,,,,
acc,1778672804.0,223.0,-0.417969,3.535156,-10.03125,,,,,,,,,,
acc,1778672804.0,223.0,-0.496094,3.652344,-9.757812,,,,,,,,,,
acc,1778672804.0,223.0,-0.6875,3.691406,-9.878906,,,,,,,,,,
acc,1778672804.0,223.0,-0.535156,3.765625,-10.179688,,,,,,,,,,
acc,1778672804.0,223.0,-0.574219,3.574219,-9.574219,,,,,,,,,,
acc,1778672804.0,223.0,-0.535156,3.804688,-10.261719,,,,,,,,,,
acc,1778672804.0,223.0,-0.457031,4.035156,-10.148438,,,,,,,,,,
acc,1778672804.0,223.0,-0.648438,3.613281,-9.839844,,,,,,,,,,
acc,1778672804.0,223.0,-0.804688,3.652344,-10.261719,,,,,,,,,,
acc,1778672804.0,223.0,-0.613281,3.765625,-9.6875,,,,,,,,,,
acc,1778672804.0,223.0,-0.574219,3.691406,-10.109375,,,,,,,,,,
acc,1778672804.0,223.0,-0.6875,3.726562,-9.914062,,,,,,,,,,
acc,1778672804.0,223.0,-0.839844,3.804688,-10.035156,,,,,,,,,,
acc,1778672804.0,223.0,-0.804688,3.765625,-10.183594,,,,,,,,,,
acc,1778672804.0,223.0,-0.613281,3.308594,-10.109375,,,,,,,,,,
acc,1778672804.0,223.0,-0.457031,3.039062,-10.183594,,,,,,,,,,
acc,1778672804.0,223.0,-0.496094,3.078125,-10.335938,,,,,,,,,,
acc,1778672804.0,223.0,-0.382812,3.078125,-10.414062,,,,,,,,,,
acc,1778672804.0,223.0,-0.382812,2.960938,-10.21875,,,,,,,,,,
acc,1778672804.0,223.0,-0.382812,2.730469,-10.457031,,,,,,,,,,
acc,1778672804.0,223.0,-0.574219,3.382812,-10.222656,,,,,,,,,,
acc,1778672804.0,223.0,-0.765625,3.726562,-10.179688,,,,,,,,,,
acc,1778672804.0,223.0,-0.6875,3.921875,-10.179688,,,,,,,,,,
acc,1778672804.0,223.0,-0.648438,4.417969,-9.878906,,,,,,,,,,
acc,1778672804.0,223.0,-0.574219,3.882812,-10.035156,,,,,,,,,,
acc,1778672804.0,223.0,-0.417969,3.921875,-9.917969,,,,,,,,,,
acc,1778672804.0,223.0,-0.457031,4.148438,-10.070312,,,,,,,,,,
acc,1778672804.0,223.0,-0.304688,3.921875,-10.074219,,,,,,,,,,
acc,1778672804.0,223.0,-0.226562,3.804688,-9.839844,,,,,,,,,,
acc,1778672804.0,223.0,-0.191406,3.84375,-10.070312,,,,,,,,,,
acc,1778672804.0,223.0,-0.113281,3.804688,-9.613281,,,,,,,,,,
acc,1778672804.0,223.0,-0.226562,4.074219,-9.761719,,,,,,,,,,
acc,1778672804.0,223.0,-0.191406,3.382812,-9.613281,,,,,,,,,,
acc,1778672804.0,223.0,-0.191406,3.726562,-9.726562,,,,,,,,,,
acc,1778672804.0,223.0,-0.226562,3.996094,-9.574219,,,,,,,,,,
acc,1778672804.0,223.0,-0.226562,3.996094,-9.609375,,,,,,,,,,
acc,1778672804.0,223.0,-0.074219,3.957031,-9.652344,,,,,,,,,,
acc,1778672804.0,223.0,-0.074219,4.1875,-9.417969,,,,,,,,,,
acc,1778672804.0,223.0,-0.265625,3.765625,-9.875,,,,,,,,,,
acc,1778672804.0,223.0,-0.152344,3.535156,-9.574219,,,,,,,,,,
acc,1778672804.0,223.0,-0.191406,3.652344,-9.652344,,,,,,,,,,
acc,1778672804.0,223.0,-0.152344,3.152344,-10.109375,,,,,,,,,,
acc,1778672804.0,223.0,-0.035156,3.5,-9.53125,,,,,,,,,,
acc,1778672804.0,223.0,-0.152344,3.5,-9.574219,,,,,,,,,,
acc,1778672804.0,223.0,0.039062,3.765625,-9.917969,,,,,,,,,,
acc,1778672804.0,223.0,0.15625,4.339844,-9.265625,,,,,,,,,,
acc,1778672804.0,223.0,0.117188,3.421875,-9.226562,,,,,,,,,,
acc,1778672804.0,223.0,0.0,3.691406,-9.652344,,,,,,,,,,
acc,1778672804.0,223.0,-0.152344,3.5,-9.574219,,,,,,,,,,
acc,1778672804.0,223.0,-0.074219,3.039062,-10.113281,,,,,,,,,,
acc,1778672804.0,223.0,-0.113281,3.191406,-9.613281,,,,,,,,,,
acc,1778672804.0,223.0,-0.417969,3.308594,-10.21875,,,,,,,,,,
acc,1778672804.0,223.0,-0.648438,3.117188,-9.917969,,,,,,,,,,
acc,1778672804.0,223.0,-0.417969,3.117188,-9.992188,,,,,,,,,,
acc,1778672804.0,223.0,-0.226562,3.269531,-9.914062,,,,,,,,,,
acc,1778672804.0,223.0,-0.304688,3.535156,-9.457031,,,,,,,,,,
acc,1778672804.0,223.0,-0.304688,3.882812,-9.761719,,,,,,,,,,
acc,1778672804.0,223.0,-0.304688,4.265625,-9.304688,,,,,,,,,,
acc,1778672804.0,223.0,-0.304688,4.265625,-9.53125,,,,,,,,,,
acc,1778672804.0,223.0,-0.304688,4.53125,-9.992188,,,,,,,,,,
acc,1778672804.0,223.0,-0.382812,4.839844,-9.53125,,,,,,,,,,
acc,1778672804.0,223.0,-0.417969,4.417969,-10.03125,,,,,,,,,,
acc,1778672804.0,223.0,-0.265625,4.148438,-9.453125,,,,,,,,,,
acc,1778672804.0,223.0,-0.035156,4.113281,-9.730469,,,,,,,,,,
acc,1778672804.0,223.0,-0.191406,4.035156,-9.6875,,,,,,,,,,
acc,1778672804.0,223.0,-0.191406,3.5,-9.417969,,,,,,,,,,
acc,1778672804.0,223.0,-0.265625,3.535156,-9.6875,,,,,,,,,,
acc,1778672804.0,223.0,-0.152344,3.726562,-9.730469,,,,,,,,,,
acc,1778672804.0,223.0,-0.191406,3.882812,-9.457031,,,,,,,,,,
acc,1778672804.0,223.0,-0.417969,3.957031,-9.800781,,,,,,,,,,
acc,1778672804.0,223.0,-0.34375,3.613281,-9.375,,,,,,,,,,
acc,1778672804.0,223.0,-0.417969,3.804688,-9.726562,,,,,,,,,,
acc,1778672804.0,223.0,-0.382812,3.652344,-9.453125,,,,,,,,,,
acc,1778672804.0,223.0,-0.304688,3.691406,-9.609375,,,,,,,,,,
acc,1778672804.0,223.0,-0.417969,3.5,-9.648438,,,,,,,,,,
acc,1778672804.0,223.0,-0.496094,3.34375,-9.574219,,,,,,,,,,
acc,1778672804.0,223.0,-0.382812,3.882812,-10.074219,,,,,,,,,,
acc,1778672804.0,223.0,-0.226562,3.421875,-9.378906,,,,,,,,,,
acc,1778672804.0,223.0,-0.417969,3.421875,-10.070312,,,,,,,,,,
acc,1778672804.0,223.0,-0.574219,3.652344,-9.535156,,,,,,,,,,
acc,1778672804.0,223.0,-0.535156,3.535156,-10.183594,,,,,,,,,,
acc,1778672804.0,223.0,-0.613281,3.421875,-9.457031,,,,,,,,,,
acc,1778672804.0,223.0,-0.496094,3.726562,-10.03125,,,,,,,,,,
acc,1778672804.0,223.0,-0.34375,3.804688,-9.726562,,,,,,,,,,
acc,1778672804.0,223.0,-0.496094,3.84375,-9.648438,,,,,,,,,,
acc,1778672804.0,223.0,-0.648438,3.765625,-9.875,,,,,,,,,,
acc,1778672804.0,223.0,-0.574219,3.5,-9.6875,,,,,,,,,,
acc,1778672804.0,223.0,-0.535156,3.460938,-9.691406,,,,,,,,,,
acc,1778672804.0,223.0,-0.417969,3.460938,-9.953125,,,,,,,,,,
acc,1778672804.0,223.0,-0.152344,3.691406,-9.378906,,,,,,,,,,
acc,1778672804.0,223.0,-0.191406,3.84375,-9.839844,,,,,,,,,,
acc,1778672804.0,223.0,-0.226562,3.957031,-9.800781,,,,,,,,,,
acc,1778672804.0,223.0,-0.035156,4.417969,-9.992188,,,,,,,,,,
acc,1778672804.0,223.0,-0.265625,4.378906,-9.652344,,,,,,,,,,
acc,1778672804.0,223.0,-0.34375,4.457031,-9.835938,,,,,,,,,,
acc,1778672804.0,223.0,-0.265625,4.417969,-9.761719,,,,,,,,,,
acc,1778672804.0,223.0,-0.113281,3.765625,-9.496094,,,,,,,,,,
acc,1778672804.0,223.0,-0.152344,3.652344,-9.757812,,,,,,,,,,
acc,1778672804.0,223.0,-0.152344,3.765625,-9.613281,,,,,,,,,,
acc,1778672804.0,223.0,-0.113281,3.921875,-9.917969,,,,,,,,,,
acc,1778672804.0,223.0,-0.191406,3.574219,-9.730469,,,,,,,,,,
acc,1778672804.0,223.0,-0.074219,3.804688,-10.03125,,,,,,,,,,
acc,1778672804.0,223.0,-0.152344,3.804688,-9.839844,,,,,,,,,,
acc,1778672804.0,223.0,-0.113281,3.5,-9.800781,,,,,,,,,,
acc,1778672804.0,223.0,0.191406,3.882812,-10.070312,,,,,,,,,,
acc,1778672804.0,223.0,0.039062,3.535156,-9.304688,,,,,,,,,,
acc,1778672804.0,223.0,-0.074219,3.691406,-9.875,,,,,,,,,,
acc,1778672804.0,223.0,0.15625,3.804688,-9.726562,,,,,,,,,,
acc,1778672804.0,223.0,0.0,3.5,-9.492188,,,,,,,,,,
acc,1778672804.0,223.0,-0.113281,3.765625,-10.152344,,,,,,,,,,
acc,1778672804.0,223.0,-0.113281,3.613281,-9.347656,,,,,,,,,,
acc,1778672804.0,223.0,-0.074219,3.574219,-9.953125,,,,,,,,,,
acc,1778672804.0,223.0,0.078125,3.613281,-9.757812,,,,,,,,,,
acc,1778672804.0,223.0,0.039062,3.691406,-9.726562,,,,,,,,,,
acc,1778672804.0,223.0,-0.074219,3.382812,-9.878906,,,,,,,,,,
acc,1778672804.0,223.0,-0.035156,3.382812,-9.757812,,,,,,,,,,
acc,1778672804.0,223.0,0.039062,3.652344,-9.800781,,,,,,,,,,
acc,1778672804.0,223.0,-0.035156,3.382812,-9.953125,,,,,,,,,,
acc,1778672804.0,223.0,-0.074219,3.726562,-9.378906,,,,,,,,,,
acc,1778672804.0,223.0,0.078125,4.1875,-9.914062,,,,,,,,,,
acc,1778672804.0,223.0,0.078125,4.226562,-9.453125,,,,,,,,,,
acc,1778672804.0,223.0,0.0,4.035156,-9.648438,,,,,,,,,,
acc,1778672804.0,223.0,-0.113281,3.921875,-9.796875,,,,,,,,,,
acc,1778672804.0,223.0,-0.191406,3.691406,-9.492188,,,,,,,,,,
acc,1778672804.0,223.0,-0.265625,3.882812,-9.917969,,,,,,,,,,
acc,1778672804.0,223.0,-0.34375,3.652344,-9.800781,,,,,,,,,,
acc,1778672804.0,223.0,-0.417969,3.957031,-9.53125,,,,,,,,,,
acc,1778672804.0,223.0,-0.496094,4.035156,-10.375,,,,,,,,,,
acc,1778672805.0,224.0,-0.496094,3.882812,-9.230469,,,,,,,,,,
acc,1778672805.0,224.0,-0.34375,3.5,-9.757812,,,,,,,,,,
acc,1778672805.0,224.0,-0.34375,3.652344,-9.574219,,,,,,,,,,
acc,1778672805.0,224.0,-0.304688,3.765625,-9.492188,,,,,,,,,,
acc,1778672805.0,224.0,-0.382812,3.460938,-9.835938,,,,,,,,,,
acc,1778672805.0,224.0,-0.417969,3.652344,-9.914062,,,,,,,,,,
acc,1778672805.0,224.0,-0.34375,3.34375,-9.914062,,,,,,,,,,
acc,1778672805.0,224.0,-0.382812,3.652344,-9.953125,,,,,,,,,,
acc,1778672805.0,224.0,-0.304688,3.613281,-9.996094,,,,,,,,,,
acc,1778672805.0,224.0,-0.382812,3.421875,-9.726562,,,,,,,,,,
acc,1778672805.0,224.0,-0.417969,3.613281,-10.03125,,,,,,,,,,
acc,1778672805.0,224.0,-0.34375,3.535156,-10.074219,,,,,,,,,,
acc,1778672805.0,224.0,-0.496094,3.574219,-9.917969,,,,,,,,,,
acc,1778672805.0,224.0,-0.535156,3.726562,-9.992188,,,,,,,,,,
acc,1778672805.0,224.0,-0.417969,3.726562,-9.992188,,,,,,,,,,
acc,1778672805.0,224.0,-0.113281,3.574219,-9.613281,,,,,,,,,,
acc,1778672805.0,224.0,-0.226562,3.191406,-9.726562,,,,,,,,,,
acc,1778672805.0,224.0,-0.417969,3.460938,-10.03125,,,,,,,,,,
acc,1778672805.0,224.0,-0.382812,3.996094,-9.875,,,,,,,,,,
acc,1778672805.0,224.0,-0.304688,3.921875,-9.953125,,,,,,,,,,
acc,1778672805.0,224.0,-0.417969,3.996094,-10.257812,,,,,,,,,,
acc,1778672805.0,224.0,-0.574219,3.84375,-9.652344,,,,,,,,,,
acc,1778672805.0,224.0,-0.648438,3.652344,-10.339844,,,,,,,,,,
acc,1778672805.0,224.0,-0.304688,3.382812,-9.613281,,,,,,,,,,
acc,1778672805.0,224.0,-0.304688,3.5,-9.996094,,,,,,,,,,
acc,1778672805.0,224.0,-0.382812,3.5,-9.992188,,,,,,,,,,
acc,1778672805.0,224.0,-0.34375,3.765625,-9.878906,,,,,,,,,,
acc,1778672805.0,224.0,-0.382812,4.074219,-10.113281,,,,,,,,,,
acc,1778672805.0,224.0,-0.382812,4.265625,-9.839844,,,,,,,,,,
acc,1778672805.0,224.0,-0.496094,3.84375,-10.03125,,,,,,,,,,
acc,1778672805.0,224.0,-0.382812,3.726562,-9.574219,,,,,,,,,,
acc,1778672805.0,224.0,-0.191406,3.726562,-9.726562,,,,,,,,,,
acc,1778672805.0,224.0,-0.191406,4.113281,-9.457031,,,,,,,,,,
acc,1778672805.0,224.0,-0.265625,3.691406,-9.875,,,,,,,,,,
acc,1778672805.0,224.0,-0.152344,3.804688,-9.726562,,,,,,,,,,
acc,1778672805.0,224.0,-0.035156,3.996094,-9.492188,,,,,,,,,,
acc,1778672805.0,224.0,-0.152344,3.882812,-9.730469,,,,,,,,,,
acc,1778672805.0,224.0,-0.152344,3.804688,-9.535156,,,,,,,,,,
acc,1778672805.0,224.0,-0.152344,3.535156,-9.730469,,,,,,,,,,
acc,1778672805.0,224.0,-0.226562,3.5,-9.691406,,,,,,,,,,
acc,1778672805.0,224.0,-0.265625,3.726562,-10.070312,,,,,,,,,,
acc,1778672805.0,224.0,-0.226562,3.574219,-9.839844,,,,,,,,,,
acc,1778672805.0,224.0,-0.382812,3.574219,-9.613281,,,,,,,,,,
acc,1778672805.0,224.0,-0.265625,3.535156,-9.957031,,,,,,,,,,
acc,1778672805.0,224.0,-0.113281,3.460938,-9.609375,,,,,,,,,,
acc,1778672805.0,224.0,-0.226562,3.421875,-9.796875,,,,,,,,,,
acc,1778672805.0,224.0,-0.191406,3.382812,-9.957031,,,,,,,,,,
acc,1778672805.0,224.0,-0.226562,3.613281,-9.835938,,,,,,,,,,
acc,1778672805.0,224.0,-0.226562,3.460938,-9.914062,,,,,,,,,,
acc,1778672805.0,224.0,-0.191406,3.957031,-9.839844,,,,,,,,,,
acc,1778672805.0,224.0,-0.226562,3.882812,-9.953125,,,,,,,,,,
acc,1778672805.0,224.0,-0.152344,3.726562,-9.648438,,,,,,,,,,
acc,1778672805.0,224.0,-0.265625,4.113281,-9.796875,,,,,,,,,,
acc,1778672805.0,224.0,-0.34375,4.074219,-9.6875,,,,,,,,,,
acc,1778672805.0,224.0,-0.191406,4.035156,-9.839844,,,,,,,,,,
acc,1778672805.0,224.0,-0.191406,3.882812,-9.570312,,,,,,,,,,
acc,1778672805.0,224.0,-0.265625,3.613281,-9.878906,,,,,,,,,,
acc,1778672805.0,224.0,-0.152344,3.84375,-9.53125,,,,,,,,,,
acc,1778672805.0,224.0,-0.191406,3.957031,-9.796875,,,,,,,,,,
acc,1778672805.0,224.0,-0.265625,4.113281,-9.796875,,,,,,,,,,
acc,1778672805.0,224.0,-0.417969,3.996094,-9.800781,,,,,,,,,,
acc,1778672805.0,224.0,-0.382812,3.882812,-9.992188,,,,,,,,,,
acc,1778672805.0,224.0,-0.34375,3.726562,-9.914062,,,,,,,,,,
acc,1778672805.0,224.0,-0.265625,3.652344,-9.6875,,,,,,,,,,
acc,1778672805.0,224.0,-0.34375,3.996094,-9.914062,,,,,,,,,,
acc,1778672805.0,224.0,-0.34375,3.804688,-9.917969,,,,,,,,,,
acc,1778672805.0,224.0,-0.382812,4.074219,-9.417969,,,,,,,,,,
acc,1778672805.0,224.0,-0.417969,4.148438,-9.957031,,,,,,,,,,
acc,1778672805.0,224.0,-0.34375,3.84375,-9.609375,,,,,,,,,,
acc,1778672805.0,224.0,-0.457031,4.074219,-9.6875,,,,,,,,,,
acc,1778672805.0,224.0,-0.382812,3.691406,-10.035156,,,,,,,,,,
acc,1778672805.0,224.0,-0.113281,3.269531,-9.800781,,,,,,,,,,
acc,1778672805.0,224.0,-0.152344,3.691406,-9.839844,,,,,,,,,,
acc,1778672805.0,224.0,-0.191406,3.765625,-9.992188,,,,,,,,,,
acc,1778672805.0,224.0,-0.113281,3.726562,-9.691406,,,,,,,,,,
acc,1778672805.0,224.0,-0.191406,3.613281,-9.761719,,,,,,,,,,
acc,1778672805.0,224.0,-0.191406,3.957031,-9.839844,,,,,,,,,,
acc,1778672805.0,224.0,-0.191406,3.804688,-9.492188,,,,,,,,,,
acc,1778672805.0,224.0,-0.226562,3.574219,-9.761719,,,,,,,,,,
acc,1778672805.0,224.0,-0.191406,3.765625,-9.835938,,,,,,,,,,
acc,1778672805.0,224.0,-0.265625,3.613281,-9.535156,,,,,,,,,,
acc,1778672805.0,224.0,-0.382812,3.5,-9.992188,,,,,,,,,,
acc,1778672805.0,224.0,-0.304688,3.765625,-9.835938,,,,,,,,,,
acc,1778672805.0,224.0,-0.382812,3.84375,-10.074219,,,,,,,,,,
acc,1778672805.0,224.0,-0.265625,3.460938,-9.957031,,,,,,,,,,
acc,1778672805.0,224.0,-0.382812,3.652344,-9.453125,,,,,,,,,,
acc,1778672805.0,224.0,-0.226562,3.726562,-10.148438,,,,,,,,,,
acc,1778672805.0,224.0,-0.074219,3.882812,-9.796875,,,,,,,,,,
acc,1778672805.0,224.0,-0.226562,4.265625,-9.761719,,,,,,,,,,
acc,1778672805.0,224.0,-0.382812,4.265625,-10.035156,,,,,,,,,,
acc,1778672805.0,224.0,-0.382812,4.339844,-9.757812,,,,,,,,,,
acc,1778672805.0,224.0,-0.382812,4.378906,-9.800781,,,,,,,,,,
acc,1778672805.0,224.0,-0.304688,3.574219,-10.03125,,,,,,,,,,
acc,1778672805.0,224.0,-0.304688,3.726562,-9.535156,,,,,,,,,,
acc,1778672805.0,224.0,-0.417969,3.691406,-9.917969,,,,,,,,,,
acc,1778672805.0,224.0,-0.382812,3.691406,-9.878906,,,,,,,,,,
acc,1778672805.0,224.0,-0.304688,4.035156,-10.035156,,,,,,,,,,
acc,1778672805.0,224.0,-0.191406,4.148438,-9.375,,,,,,,,,,
acc,1778672805.0,224.0,-0.113281,3.996094,-9.730469,,,,,,,,,,
acc,1778672805.0,224.0,-0.226562,3.652344,-9.835938,,,,,,,,,,
acc,1778672805.0,224.0,-0.191406,3.308594,-9.496094,,,,,,,,,,
acc,1778672805.0,224.0,-0.265625,3.308594,-10.222656,,,,,,,,,,
acc,1778672805.0,224.0,-0.304688,3.382812,-9.535156,,,,,,,,,,
acc,1778672805.0,224.0,-0.226562,3.765625,-9.6875,,,,,,,,,,
acc,1778672805.0,224.0,-0.382812,4.148438,-9.839844,,,,,,,,,,
acc,1778672805.0,224.0,-0.152344,4.074219,-9.613281,,,,,,,,,,
acc,1778672805.0,224.0,-0.152344,4.226562,-9.835938,,,,,,,,,,
acc,1778672805.0,224.0,-0.382812,3.921875,-9.917969,,,,,,,,,,
acc,1778672805.0,224.0,-0.382812,3.613281,-9.835938,,,,,,,,,,
acc,1778672805.0,224.0,-0.457031,3.765625,-9.996094,,,,,,,,,,
acc,1778672805.0,224.0,-0.34375,3.921875,-9.761719,,,,,,,,,,
acc,1778672805.0,224.0,-0.191406,3.726562,-9.726562,,,,,,,,,,
acc,1778672805.0,224.0,-0.265625,3.765625,-9.691406,,,,,,,,,,
acc,1778672805.0,224.0,-0.304688,3.996094,-9.6875,,,,,,,,,,
acc,1778672805.0,224.0,-0.265625,3.574219,-9.648438,,,,,,,,,,
acc,1778672805.0,224.0,-0.113281,3.804688,-9.839844,,,,,,,,,,
acc,1778672805.0,224.0,-0.265625,3.574219,-9.730469,,,,,,,,,,
acc,1778672805.0,224.0,-0.382812,3.691406,-9.917969,,,,,,,,,,
acc,1778672805.0,224.0,-0.265625,3.957031,-9.839844,,,,,,,,,,
acc,1778672805.0,224.0,-0.152344,3.765625,-9.761719,,,,,,,,,,
acc,1778672805.0,224.0,-0.304688,3.996094,-10.035156,,,,,,,,,,
acc,1778672805.0,224.0,-0.382812,3.691406,-9.796875,,,,,,,,,,
acc,1778672805.0,224.0,-0.417969,3.996094,-10.03125,,,,,,,,,,
acc,1778672805.0,224.0,-0.304688,3.882812,-9.839844,,,,,,,,,,
acc,1778672805.0,224.0,-0.34375,3.535156,-9.648438,,,,,,,,,,
acc,1778672806.0,225.0,-0.152344,3.691406,-9.957031,,,,,,,,,,
acc,1778672806.0,225.0,-0.074219,3.535156,-9.417969,,,,,,,,,,
acc,1778672806.0,225.0,-0.152344,3.726562,-9.875,,,,,,,,,,
acc,1778672806.0,225.0,-0.226562,3.574219,-9.535156,,,,,,,,,,
acc,1778672806.0,225.0,-0.34375,3.652344,-9.757812,,,,,,,,,,
acc,1778672806.0,225.0,-0.191406,3.652344,-9.6875,,,,,,,,,,
acc,1778672806.0,225.0,-0.226562,3.652344,-9.730469,,,,,,,,,,
acc,1778672806.0,225.0,-0.152344,3.691406,-9.6875,,,,,,,,,,
acc,1778672806.0,225.0,-0.265625,3.152344,-9.726562,,,,,,,,,,
acc,1778672806.0,225.0,-0.265625,2.65625,-9.652344,,,,,,,,,,
acc,1778672806.0,225.0,-0.226562,3.0,-9.875,,,,,,,,,,
acc,1778672806.0,225.0,-0.113281,3.191406,-9.613281,,,,,,,,,,
acc,1778672806.0,225.0,-0.304688,4.074219,-9.800781,,,,,,,,,,
acc,1778672806.0,225.0,-0.535156,4.304688,-9.652344,,,,,,,,,,
acc,1778672806.0,225.0,-0.382812,4.378906,-9.492188,,,,,,,,,,
acc,1778672806.0,225.0,-0.152344,4.1875,-9.953125,,,,,,,,,,
acc,1778672806.0,225.0,-0.035156,3.921875,-9.613281,,,,,,,,,,
acc,1778672806.0,225.0,-0.265625,3.957031,-9.957031,,,,,,,,,,
acc,1778672806.0,225.0,-0.457031,3.652344,-9.691406,,,,,,,,,,
acc,1778672806.0,225.0,-0.226562,3.996094,-9.492188,,,,,,,,,,
acc,1778672806.0,225.0,0.078125,3.957031,-10.074219,,,,,,,,,,
acc,1778672806.0,225.0,-0.113281,3.84375,-9.730469,,,,,,,,,,
acc,1778672806.0,225.0,-0.265625,3.804688,-9.53125,,,,,,,,,,
acc,1778672806.0,225.0,-0.226562,3.652344,-9.992188,,,,,,,,,,
acc,1778672806.0,225.0,-0.191406,3.308594,-9.570312,,,,,,,,,,
acc,1778672806.0,225.0,-0.265625,3.535156,-9.957031,,,,,,,,,,
acc,1778672806.0,225.0,-0.382812,3.765625,-9.996094,,,,,,,,,,
acc,1778672806.0,225.0,-0.457031,3.957031,-9.757812,,,,,,,,,,
acc,1778672806.0,225.0,-0.304688,3.804688,-9.992188,,,,,,,,,,
acc,1778672806.0,225.0,-0.113281,3.382812,-9.691406,,,,,,,,,,
acc,1778672806.0,225.0,-0.304688,3.652344,-9.839844,,,,,,,,,,
acc,1778672806.0,225.0,-0.496094,3.652344,-9.953125,,,,,,,,,,
acc,1778672806.0,225.0,-0.265625,3.191406,-9.648438,,,,,,,,,,
acc,1778672806.0,225.0,-0.074219,3.652344,-9.613281,,,,,,,,,,
acc,1778672806.0,225.0,-0.113281,3.996094,-9.800781,,,,,,,,,,
acc,1778672806.0,225.0,-0.113281,3.726562,-9.648438,,,,,,,,,,
acc,1778672806.0,225.0,-0.226562,3.613281,-9.648438,,,,,,,,,,
acc,1778672806.0,225.0,-0.191406,3.382812,-9.878906,,,,,,,,,,
acc,1778672806.0,225.0,-0.226562,3.382812,-9.914062,,,,,,,,,,
acc,1778672806.0,225.0,-0.265625,3.921875,-9.757812,,,,,,,,,,
acc,1778672806.0,225.0,-0.304688,4.148438,-9.757812,,,,,,,,,,
acc,1778672806.0,225.0,-0.152344,3.921875,-9.957031,,,,,,,,,,
acc,1778672806.0,225.0,-0.035156,3.574219,-9.652344,,,,,,,,,,
acc,1778672806.0,225.0,-0.152344,3.191406,-9.917969,,,,,,,,,,
acc,1778672806.0,225.0,-0.152344,3.460938,-9.648438,,,,,,,,,,
acc,1778672806.0,225.0,-0.265625,3.613281,-9.878906,,,,,,,,,,
acc,1778672806.0,225.0,-0.34375,3.652344,-9.914062,,,,,,,,,,
acc,1778672806.0,225.0,-0.226562,3.535156,-9.914062,,,,,,,,,,
acc,1778672806.0,225.0,-0.34375,4.226562,-9.730469,,,,,,,,,,
acc,1778672806.0,225.0,-0.226562,3.957031,-10.074219,,,,,,,,,,
acc,1778672806.0,225.0,0.078125,3.574219,-9.535156,,,,,,,,,,
acc,1778672806.0,225.0,-0.152344,3.84375,-9.914062,,,,,,,,,,
acc,1778672806.0,225.0,-0.191406,3.460938,-10.113281,,,,,,,,,,
acc,1778672806.0,225.0,-0.191406,3.34375,-9.378906,,,,,,,,,,
acc,1778672806.0,225.0,-0.265625,3.882812,-10.339844,,,,,,,,,,
acc,1778672806.0,225.0,-0.074219,3.652344,-9.878906,,,,,,,,,,
acc,1778672806.0,225.0,0.0,3.691406,-9.917969,,,,,,,,,,
acc,1778672806.0,225.0,-0.226562,3.613281,-10.03125,,,,,,,,,,
acc,1778672806.0,225.0,-0.265625,3.382812,-10.035156,,,,,,,,,,
acc,1778672806.0,225.0,-0.265625,3.804688,-9.800781,,,,,,,,,,
acc,1778672806.0,225.0,-0.417969,3.882812,-9.691406,,,,,,,,,,
acc,1778672806.0,225.0,-0.191406,3.921875,-9.800781,,,,,,,,,,
acc,1778672806.0,225.0,-0.226562,3.5,-9.492188,,,,,,,,,,
acc,1778672806.0,225.0,-0.226562,3.152344,-9.730469,,,,,,,,,,
acc,1778672806.0,225.0,-0.382812,3.460938,-9.800781,,,,,,,,,,
acc,1778672806.0,225.0,-0.304688,3.34375,-9.917969,,,,,,,,,,
acc,1778672806.0,225.0,-0.304688,3.921875,-9.875,,,,,,,,,,
acc,1778672806.0,225.0,-0.265625,4.1875,-9.996094,,,,,,,,,,
acc,1778672806.0,225.0,-0.304688,4.265625,-9.691406,,,,,,,,,,
acc,1778672806.0,225.0,-0.457031,4.265625,-9.957031,,,,,,,,,,
acc,1778672806.0,225.0,-0.574219,3.726562,-9.996094,,,,,,,,,,
acc,1778672806.0,225.0,-0.457031,3.957031,-9.875,,,,,,,,,,
acc,1778672806.0,225.0,-0.417969,3.996094,-9.953125,,,,,,,,,,
acc,1778672806.0,225.0,-0.304688,3.691406,-9.609375,,,,,,,,,,
acc,1778672806.0,225.0,-0.191406,3.726562,-9.761719,,,,,,,,,,
acc,1778672806.0,225.0,-0.191406,3.996094,-9.796875,,,,,,,,,,
acc,1778672806.0,225.0,-0.304688,4.074219,-9.757812,,,,,,,,,,
acc,1778672806.0,225.0,-0.265625,3.882812,-10.152344,,,,,,,,,,
acc,1778672806.0,225.0,-0.265625,3.765625,-9.609375,,,,,,,,,,
acc,1778672806.0,225.0,-0.265625,3.613281,-10.035156,,,,,,,,,,
acc,1778672806.0,225.0,-0.191406,3.765625,-9.992188,,,,,,,,,,
acc,1778672806.0,225.0,-0.265625,3.882812,-9.6875,,,,,,,,,,
acc,1778672806.0,225.0,-0.382812,3.765625,-9.726562,,,,,,,,,,
acc,1778672806.0,225.0,-0.34375,3.574219,-10.035156,,,,,,,,,,
acc,1778672806.0,225.0,-0.304688,3.726562,-9.6875,,,,,,,,,,
acc,1778672806.0,225.0,-0.417969,3.535156,-9.757812,,,,,,,,,,
acc,1778672806.0,225.0,-0.226562,3.726562,-10.257812,,,,,,,,,,
acc,1778672806.0,225.0,-0.382812,3.996094,-9.835938,,,,,,,,,,
acc,1778672806.0,225.0,-0.457031,3.84375,-10.109375,,,,,,,,,,
acc,1778672806.0,225.0,-0.265625,3.5,-10.035156,,,,,,,,,,
acc,1778672806.0,225.0,-0.152344,3.613281,-9.914062,,,,,,,,,,
acc,1778672806.0,225.0,-0.152344,3.5,-9.691406,,,,,,,,,,
acc,1778672806.0,225.0,-0.191406,3.421875,-9.800781,,,,,,,,,,
acc,1778672806.0,225.0,-0.152344,3.921875,-9.996094,,,,,,,,,,
acc,1778672806.0,225.0,-0.304688,4.1875,-9.613281,,,,,,,,,,
acc,1778672806.0,225.0,-0.34375,4.148438,-9.839844,,,,,,,,,,
acc,1778672806.0,225.0,-0.265625,3.765625,-9.757812,,,,,,,,,,
acc,1778672806.0,225.0,-0.152344,3.726562,-9.53125,,,,,,,,,,
acc,1778672806.0,225.0,-0.265625,3.691406,-9.648438,,,,,,,,,,
acc,1778672806.0,225.0,-0.304688,3.765625,-10.21875,,,,,,,,,,
acc,1778672806.0,225.0,-0.382812,3.613281,-9.609375,,,,,,,,,,
acc,1778672806.0,225.0,-0.535156,3.882812,-10.03125,,,,,,,,,,
acc,1778672806.0,225.0,-0.34375,4.378906,-9.953125,,,,,,,,,,
acc,1778672806.0,225.0,-0.265625,4.226562,-9.535156,,,,,,,,,,
acc,1778672806.0,225.0,-0.382812,4.035156,-9.730469,,,,,,,,,,
acc,1778672806.0,225.0,-0.304688,3.613281,-9.726562,,,,,,,,,,
acc,1778672806.0,225.0,-0.191406,3.691406,-9.609375,,,,,,,,,,
acc,1778672806.0,225.0,-0.304688,3.382812,-9.308594,,,,,,,,,,
acc,1778672806.0,225.0,-0.113281,3.726562,-10.21875,,,,,,,,,,
acc,1778672806.0,225.0,-0.226562,4.035156,-9.53125,,,,,,,,,,
acc,1778672806.0,225.0,-0.382812,3.84375,-9.757812,,,,,,,,,,
acc,1778672806.0,225.0,-0.265625,3.882812,-9.957031,,,,,,,,,,
acc,1778672806.0,225.0,-0.265625,3.996094,-9.726562,,,,,,,,,,
acc,1778672806.0,225.0,-0.34375,3.957031,-9.914062,,,,,,,,,,
acc,1778672806.0,225.0,-0.382812,3.5,-9.757812,,,,,,,,,,
acc,1778672806.0,225.0,-0.226562,3.652344,-9.992188,,,,,,,,,,
acc,1778672806.0,225.0,-0.265625,3.5,-9.417969,,,,,,,,,,
acc,1778672806.0,225.0,-0.304688,3.382812,-9.796875,,,,,,,,,,
acc,1778672806.0,225.0,-0.304688,3.652344,-9.34375,,,,,,,,,,
acc,1778672806.0,225.0,-0.152344,3.421875,-9.726562,,,,,,,,,,
acc,1778672806.0,225.0,-0.074219,3.574219,-9.800781,,,,,,,,,,
acc,1778672806.0,225.0,-0.191406,3.996094,-9.652344,,,,,,,,,,
acc,1778672806.0,225.0,-0.457031,3.996094,-9.835938,,,,,,,,,,
acc,1778672806.0,225.0,-0.457031,4.035156,-9.757812,,,,,,,,,,
acc,1778672806.0,225.0,-0.191406,4.113281,-9.917969,,,,,,,,,,
acc,1778672806.0,225.0,-0.226562,3.996094,-9.574219,,,,,,,,,,
acc,1778672806.0,225.0,-0.304688,3.652344,-10.035156,,,,,,,,,,
acc,1778672807.0,226.0,-0.304688,3.460938,-9.726562,,,,,,,,,,
acc,1778672807.0,226.0,-0.382812,3.308594,-9.800781,,,,,,,,,,
acc,1778672807.0,226.0,-0.382812,3.34375,-9.914062,,,,,,,,,,
acc,1778672807.0,226.0,-0.34375,4.113281,-9.800781,,,,,,,,,,
acc,1778672807.0,226.0,-0.226562,3.84375,-9.574219,,,,,,,,,,
acc,1778672807.0,226.0,-0.191406,3.765625,-9.730469,,,,,,,,,,
acc,1778672807.0,226.0,-0.035156,3.535156,-9.492188,,,,,,,,,,
acc,1778672807.0,226.0,-0.074219,3.269531,-9.957031,,,,,,,,,,
acc,1778672807.0,226.0,-0.304688,3.535156,-9.761719,,,,,,,,,,
acc,1778672807.0,226.0,-0.226562,3.421875,-9.957031,,,,,,,,,,
acc,1778672807.0,226.0,-0.113281,3.460938,-9.835938,,,,,,,,,,
acc,1778672807.0,226.0,-0.035156,3.726562,-9.453125,,,,,,,,,,
acc,1778672807.0,226.0,-0.152344,3.652344,-9.730469,,,,,,,,,,
acc,1778672807.0,226.0,-0.191406,3.726562,-9.417969,,,,,,,,,,
acc,1778672807.0,226.0,-0.226562,3.726562,-9.992188,,,,,,,,,,
acc,1778672807.0,226.0,-0.226562,4.035156,-9.691406,,,,,,,,,,
acc,1778672807.0,226.0,-0.304688,3.84375,-9.957031,,,,,,,,,,
acc,1778672807.0,226.0,-0.191406,4.148438,-9.414062,,,,,,,,,,
acc,1778672807.0,226.0,-0.191406,3.957031,-10.152344,,,,,,,,,,
acc,1778672807.0,226.0,-0.035156,3.921875,-9.613281,,,,,,,,,,
acc,1778672807.0,226.0,-0.152344,3.804688,-9.878906,,,,,,,,,,
acc,1778672807.0,226.0,-0.191406,3.804688,-9.574219,,,,,,,,,,
acc,1778672807.0,226.0,-0.113281,3.765625,-9.613281,,,,,,,,,,
acc,1778672807.0,226.0,0.117188,3.726562,-9.992188,,,,,,,,,,
acc,1778672807.0,226.0,-0.074219,3.957031,-9.457031,,,,,,,,,,
acc,1778672807.0,226.0,-0.152344,3.804688,-10.222656,,,,,,,,,,
acc,1778672807.0,226.0,-0.265625,3.460938,-9.613281,,,,,,,,,,
acc,1778672807.0,226.0,-0.191406,3.535156,-9.957031,,,,,,,,,,
acc,1778672807.0,226.0,-0.113281,3.460938,-10.148438,,,,,,,,,,
acc,1778672807.0,226.0,-0.035156,3.5,-9.914062,,,,,,,,,,
acc,1778672807.0,226.0,-0.265625,3.765625,-9.730469,,,,,,,,,,
acc,1778672807.0,226.0,-0.113281,3.765625,-9.613281,,,,,,,,,,
acc,1778672807.0,226.0,-0.113281,3.460938,-9.953125,,,,,,,,,,
acc,1778672807.0,226.0,-0.152344,3.535156,-9.914062,,,,,,,,,,
acc,1778672807.0,226.0,-0.34375,3.84375,-9.609375,,,,,,,,,,
acc,1778672807.0,226.0,-0.152344,3.460938,-10.109375,,,,,,,,,,
acc,1778672807.0,226.0,-0.152344,3.765625,-9.613281,,,,,,,,,,
acc,1778672807.0,226.0,-0.304688,3.84375,-9.761719,,,,,,,,,,
acc,1778672807.0,226.0,-0.34375,3.765625,-9.957031,,,,,,,,,,
acc,1778672807.0,226.0,-0.417969,3.652344,-9.757812,,,,,,,,,,
acc,1778672807.0,226.0,-0.265625,3.421875,-9.800781,,,,,,,,,,
acc,1778672807.0,226.0,-0.382812,3.652344,-9.953125,,,,,,,,,,
acc,1778672807.0,226.0,-0.304688,3.078125,-9.878906,,,,,,,,,,
acc,1778672807.0,226.0,-0.34375,2.960938,-9.800781,,,,,,,,,,
acc,1778672807.0,226.0,-0.226562,3.0,-10.300781,,,,,,,,,,
acc,1778672807.0,226.0,-0.226562,3.191406,-9.535156,,,,,,,,,,
acc,1778672807.0,226.0,-0.457031,3.574219,-9.839844,,,,,,,,,,
acc,1778672807.0,226.0,-0.496094,3.921875,-9.796875,,,,,,,,,,
acc,1778672807.0,226.0,-0.304688,4.609375,-9.492188,,,,,,,,,,
acc,1778672807.0,226.0,-0.265625,4.609375,-9.648438,,,,,,,,,,
acc,1778672807.0,226.0,-0.226562,4.570312,-9.691406,,,,,,,,,,
acc,1778672807.0,226.0,-0.382812,4.226562,-9.574219,,,,,,,,,,
acc,1778672807.0,226.0,-0.457031,3.765625,-9.796875,,,,,,,,,,
acc,1778672807.0,226.0,-0.382812,3.613281,-9.953125,,,,,,,,,,
acc,1778672807.0,226.0,-0.304688,3.421875,-9.875,,,,,,,,,,
acc,1778672807.0,226.0,-0.34375,3.308594,-9.875,,,,,,,,,,
acc,1778672807.0,226.0,-0.417969,3.421875,-9.996094,,,,,,,,,,
acc,1778672807.0,226.0,-0.265625,3.765625,-9.875,,,,,,,,,,
acc,1778672807.0,226.0,-0.191406,4.226562,-9.6875,,,,,,,,,,
acc,1778672807.0,226.0,-0.382812,4.304688,-9.796875,,,,,,,,,,
acc,1778672807.0,226.0,-0.496094,4.304688,-9.957031,,,,,,,,,,
acc,1778672807.0,226.0,-0.417969,3.957031,-9.953125,,,,,,,,,,
acc,1778672807.0,226.0,-0.265625,3.574219,-9.953125,,,,,,,,,,
acc,1778672807.0,226.0,-0.382812,3.34375,-9.835938,,,,,,,,,,
acc,1778672807.0,226.0,-0.457031,3.34375,-10.074219,,,,,,,,,,
acc,1778672807.0,226.0,-0.152344,3.269531,-9.835938,,,,,,,,,,
acc,1778672807.0,226.0,-0.152344,3.269531,-9.875,,,,,,,,,,
acc,1778672807.0,226.0,-0.265625,3.382812,-9.796875,,,,,,,,,,
acc,1778672807.0,226.0,-0.152344,3.574219,-9.957031,,,,,,,,,,
acc,1778672807.0,226.0,-0.304688,3.882812,-9.878906,,,,,,,,,,
acc,1778672807.0,226.0,-0.382812,3.691406,-9.878906,,,,,,,,,,
acc,1778672807.0,226.0,-0.382812,3.765625,-9.957031,,,,,,,,,,
acc,1778672807.0,226.0,-0.382812,3.804688,-9.726562,,,,,,,,,,
acc,1778672807.0,226.0,-0.417969,3.691406,-9.796875,,,,,,,,,,
acc,1778672807.0,226.0,-0.34375,3.957031,-9.574219,,,,,,,,,,
acc,1778672807.0,226.0,-0.34375,4.226562,-9.875,,,,,,,,,,
acc,1778672807.0,226.0,-0.496094,3.921875,-9.613281,,,,,,,,,,
acc,1778672807.0,226.0,-0.417969,4.113281,-9.730469,,,,,,,,,,
acc,1778672807.0,226.0,-0.265625,3.382812,-9.996094,,,,,,,,,,
acc,1778672807.0,226.0,-0.265625,3.152344,-9.613281,,,,,,,,,,
acc,1778672807.0,226.0,-0.265625,3.308594,-9.878906,,,,,,,,,,
acc,1778672807.0,226.0,-0.265625,3.574219,-9.347656,,,,,,,,,,
acc,1778672807.0,226.0,-0.191406,3.996094,-10.035156,,,,,,,,,,
acc,1778672807.0,226.0,-0.304688,4.035156,-9.457031,,,,,,,,,,
acc,1778672807.0,226.0,-0.152344,4.113281,-9.691406,,,,,,,,,,
acc,1778672807.0,226.0,-0.304688,4.113281,-9.457031,,,,,,,,,,
acc,1778672807.0,226.0,-0.304688,3.765625,-9.691406,,,,,,,,,,
acc,1778672807.0,226.0,-0.304688,3.882812,-9.761719,,,,,,,,,,
acc,1778672807.0,226.0,-0.191406,3.652344,-10.070312,,,,,,,,,,
acc,1778672807.0,226.0,-0.191406,3.5,-9.613281,,,,,,,,,,
acc,1778672807.0,226.0,-0.304688,3.765625,-9.875,,,,,,,,,,
acc,1778672807.0,226.0,-0.226562,3.804688,-9.957031,,,,,,,,,,
acc,1778672807.0,226.0,-0.113281,3.882812,-9.835938,,,,,,,,,,
acc,1778672807.0,226.0,-0.191406,4.035156,-9.917969,,,,,,,,,,
acc,1778672807.0,226.0,-0.152344,4.1875,-9.648438,,,,,,,,,,
acc,1778672807.0,226.0,-0.152344,4.035156,-9.453125,,,,,,,,,,
acc,1778672807.0,226.0,0.0,3.726562,-9.648438,,,,,,,,,,
acc,1778672807.0,226.0,0.15625,3.421875,-9.417969,,,,,,,,,,
acc,1778672807.0,226.0,-0.191406,3.84375,-9.6875,,,,,,,,,,
acc,1778672807.0,226.0,-0.417969,3.882812,-9.835938,,,,,,,,,,
acc,1778672807.0,226.0,-0.226562,3.613281,-9.992188,,,,,,,,,,
acc,1778672807.0,226.0,-0.226562,4.035156,-9.875,,,,,,,,,,
acc,1778672807.0,226.0,-0.34375,3.996094,-10.183594,,,,,,,,,,
acc,1778672807.0,226.0,-0.265625,4.148438,-9.757812,,,,,,,,,,
acc,1778672807.0,226.0,-0.226562,3.996094,-9.53125,,,,,,,,,,
acc,1778672807.0,226.0,-0.074219,3.921875,-9.492188,,,,,,,,,,
acc,1778672807.0,226.0,-0.113281,4.265625,-9.726562,,,,,,,,,,
acc,1778672807.0,226.0,-0.191406,4.1875,-9.152344,,,,,,,,,,
acc,1778672807.0,226.0,-0.191406,3.804688,-9.800781,,,,,,,,,,
acc,1778672807.0,226.0,-0.074219,3.921875,-9.414062,,,,,,,,,,
acc,1778672807.0,226.0,-0.113281,3.726562,-9.53125,,,,,,,,,,
acc,1778672807.0,226.0,-0.113281,3.535156,-9.953125,,,,,,,,,,
acc,1778672807.0,226.0,-0.152344,3.652344,-9.492188,,,,,,,,,,
acc,1778672807.0,226.0,-0.265625,3.804688,-9.992188,,,,,,,,,,
acc,1778672807.0,226.0,-0.074219,4.035156,-9.878906,,,,,,,,,,
acc,1778672807.0,226.0,-0.113281,4.417969,-9.453125,,,,,,,,,,
acc,1778672807.0,226.0,-0.226562,4.339844,-9.953125,,,,,,,,,,
acc,1778672807.0,226.0,-0.417969,4.074219,-9.378906,,,,,,,,,,
acc,1778672807.0,226.0,-0.34375,4.035156,-9.648438,,,,,,,,,,
acc,1778672807.0,226.0,-0.34375,3.84375,-9.800781,,,,,,,,,,
acc,1778672807.0,226.0,-0.304688,3.957031,-9.378906,,,,,,,,,,
acc,1778672807.0,226.0,-0.304688,3.613281,-9.878906,,,,,,,,,,
acc,1778672807.0,226.0,-0.304688,3.460938,-9.613281,,,,,,,,,,
acc,1778672807.0,226.0,-0.191406,3.804688,-9.609375,,,,,,,,,,
acc,1778672807.0,226.0,-0.113281,3.765625,-10.070312,,,,,,,,,,
acc,1778672807.0,226.0,-0.613281,4.417969,-9.992188,,,,,,,,,,
acc,1778672807.0,226.0,-0.34375,3.765625,-10.070312,,,,,,,,,,
acc,1778672808.0,227.0,-0.152344,3.804688,-9.6875,,,,,,,,,,
acc,1778672808.0,227.0,-0.34375,4.339844,-9.875,,,,,,,,,,
acc,1778672808.0,227.0,-0.457031,3.957031,-9.835938,,,,,,,,,,
acc,1778672808.0,227.0,-0.304688,3.921875,-9.757812,,,,,,,,,,
acc,1778672808.0,227.0,-0.265625,3.957031,-9.796875,,,,,,,,,,
acc,1778672808.0,227.0,-0.113281,3.652344,-9.875,,,,,,,,,,
acc,1778672808.0,227.0,-0.191406,3.574219,-9.574219,,,,,,,,,,
acc,1778672808.0,227.0,-0.265625,3.308594,-10.152344,,,,,,,,,,
acc,1778672808.0,227.0,-0.113281,3.191406,-9.878906,,,,,,,,,,
acc,1778672808.0,227.0,-0.074219,3.230469,-9.835938,,,,,,,,,,
acc,1778672808.0,227.0,-0.152344,3.382812,-10.074219,,,,,,,,,,
acc,1778672808.0,227.0,-0.265625,3.882812,-9.726562,,,,,,,,,,
acc,1778672808.0,227.0,-0.191406,3.996094,-9.957031,,,,,,,,,,
acc,1778672808.0,227.0,-0.074219,3.921875,-9.648438,,,,,,,,,,
acc,1778672808.0,227.0,-0.265625,4.035156,-9.535156,,,,,,,,,,
acc,1778672808.0,227.0,-0.265625,4.035156,-9.878906,,,,,,,,,,
acc,1778672808.0,227.0,-0.074219,3.652344,-9.496094,,,,,,,,,,
acc,1778672808.0,227.0,-0.074219,3.613281,-9.839844,,,,,,,,,,
acc,1778672808.0,227.0,-0.191406,3.5,-9.957031,,,,,,,,,,
acc,1778672808.0,227.0,-0.34375,3.652344,-9.953125,,,,,,,,,,
acc,1778672808.0,227.0,-0.34375,3.84375,-10.109375,,,,,,,,,,
acc,1778672808.0,227.0,-0.382812,4.035156,-10.03125,,,,,,,,,,
acc,1778672808.0,227.0,-0.265625,4.1875,-9.957031,,,,,,,,,,
acc,1778672808.0,227.0,-0.191406,4.53125,-9.53125,,,,,,,,,,
acc,1778672808.0,227.0,-0.113281,3.957031,-9.492188,,,,,,,,,,
acc,1778672808.0,227.0,0.078125,3.308594,-9.609375,,,,,,,,,,
acc,1778672808.0,227.0,0.117188,3.382812,-9.453125,,,,,,,,,,
acc,1778672808.0,227.0,0.0,3.421875,-9.6875,,,,,,,,,,
acc,1778672808.0,227.0,-0.152344,3.460938,-9.835938,,,,,,,,,,
acc,1778672808.0,227.0,-0.191406,3.308594,-9.726562,,,,,,,,,,
acc,1778672808.0,227.0,-0.074219,3.460938,-9.996094,,,,,,,,,,
acc,1778672808.0,227.0,-0.304688,3.765625,-10.074219,,,,,,,,,,
acc,1778672808.0,227.0,-0.457031,3.613281,-9.730469,,,,,,,,,,
acc,1778672808.0,227.0,-0.34375,3.691406,-9.726562,,,,,,,,,,
acc,1778672808.0,227.0,-0.226562,3.882812,-9.875,,,,,,,,,,
acc,1778672808.0,227.0,-0.113281,3.84375,-9.609375,,,,,,,,,,
acc,1778672808.0,227.0,-0.304688,3.921875,-9.953125,,,,,,,,,,
acc,1778672808.0,227.0,-0.535156,3.691406,-9.613281,,,,,,,,,,
acc,1778672808.0,227.0,-0.382812,3.921875,-9.957031,,,,,,,,,,
acc,1778672808.0,227.0,-0.34375,4.304688,-9.496094,,,,,,,,,,
acc,1778672808.0,227.0,-0.34375,3.804688,-9.652344,,,,,,,,,,
acc,1778672808.0,227.0,-0.417969,3.882812,-10.03125,,,,,,,,,,
acc,1778672808.0,227.0,-0.496094,3.84375,-9.492188,,,,,,,,,,
acc,1778672808.0,227.0,-0.496094,3.84375,-10.03125,,,,,,,,,,
acc,1778672808.0,227.0,-0.457031,3.574219,-9.996094,,,,,,,,,,
acc,1778672808.0,227.0,-0.496094,3.765625,-9.917969,,,,,,,,,,
acc,1778672808.0,227.0,-0.613281,3.996094,-9.953125,,,,,,,,,,
acc,1778672808.0,227.0,-0.496094,4.074219,-9.917969,,,,,,,,,,
acc,1778672808.0,227.0,-0.382812,3.921875,-9.652344,,,,,,,,,,
acc,1778672808.0,227.0,-0.457031,4.226562,-9.691406,,,,,,,,,,
acc,1778672808.0,227.0,-0.304688,3.957031,-9.839844,,,,,,,,,,
acc,1778672808.0,227.0,-0.265625,3.613281,-9.308594,,,,,,,,,,
acc,1778672808.0,227.0,-0.382812,3.921875,-10.113281,,,,,,,,,,
acc,1778672808.0,227.0,-0.34375,3.804688,-9.761719,,,,,,,,,,
acc,1778672808.0,227.0,-0.34375,3.957031,-9.953125,,,,,,,,,,
acc,1778672808.0,227.0,-0.152344,3.535156,-9.648438,,,,,,,,,,
acc,1778672808.0,227.0,-0.152344,3.882812,-9.757812,,,,,,,,,,
acc,1778672808.0,227.0,-0.265625,3.84375,-9.726562,,,,,,,,,,
acc,1778672808.0,227.0,-0.34375,3.652344,-9.609375,,,,,,,,,,
acc,1778672808.0,227.0,-0.304688,3.613281,-9.917969,,,,,,,,,,
acc,1778672808.0,227.0,-0.191406,3.535156,-9.917969,,,,,,,,,,
acc,1778672808.0,227.0,-0.113281,3.535156,-9.953125,,,,,,,,,,
acc,1778672808.0,227.0,-0.265625,3.765625,-9.992188,,,,,,,,,,
acc,1778672808.0,227.0,-0.535156,3.921875,-9.6875,,,,,,,,,,
acc,1778672808.0,227.0,-0.417969,4.113281,-10.074219,,,,,,,,,,
acc,1778672808.0,227.0,-0.226562,4.226562,-9.691406,,,,,,,,,,
acc,1778672808.0,227.0,-0.152344,3.765625,-9.613281,,,,,,,,,,
acc,1778672808.0,227.0,-0.304688,3.882812,-9.6875,,,,,,,,,,
acc,1778672808.0,227.0,-0.304688,3.691406,-9.574219,,,,,,,,,,
acc,1778672808.0,227.0,-0.191406,3.921875,-9.691406,,,,,,,,,,
acc,1778672808.0,227.0,-0.191406,3.804688,-9.800781,,,,,,,,,,
acc,1778672808.0,227.0,-0.265625,4.113281,-9.917969,,,,,,,,,,
acc,1778672808.0,227.0,-0.34375,4.113281,-9.191406,,,,,,,,,,
acc,1778672808.0,227.0,-0.226562,3.921875,-9.957031,,,,,,,,,,
acc,1778672808.0,227.0,-0.113281,4.074219,-9.1875,,,,,,,,,,
acc,1778672808.0,227.0,-0.191406,4.113281,-9.535156,,,,,,,,,,
acc,1778672808.0,227.0,-0.265625,4.074219,-9.574219,,,,,,,,,,
acc,1778672808.0,227.0,-0.265625,4.074219,-9.53125,,,,,,,,,,
acc,1778672808.0,227.0,-0.226562,4.378906,-9.347656,,,,,,,,,,
acc,1778672808.0,227.0,-0.265625,4.378906,-9.6875,,,,,,,,,,
acc,1778672808.0,227.0,-0.191406,4.265625,-9.414062,,,,,,,,,,
acc,1778672808.0,227.0,-0.152344,4.035156,-9.609375,,,,,,,,,,
acc,1778672808.0,227.0,-0.191406,3.882812,-9.496094,,,,,,,,,,
acc,1778672808.0,227.0,-0.152344,3.804688,-9.535156,,,,,,,,,,
acc,1778672808.0,227.0,-0.304688,3.921875,-9.574219,,,,,,,,,,
acc,1778672808.0,227.0,-0.304688,3.996094,-9.613281,,,,,,,,,,
acc,1778672808.0,227.0,-0.34375,3.882812,-9.609375,,,,,,,,,,
acc,1778672808.0,227.0,-0.304688,3.921875,-9.691406,,,,,,,,,,
acc,1778672808.0,227.0,-0.304688,3.957031,-9.652344,,,,,,,,,,
acc,1778672808.0,227.0,-0.382812,3.726562,-9.648438,,,,,,,,,,
acc,1778672808.0,227.0,-0.265625,3.460938,-9.570312,,,,,,,,,,
acc,1778672808.0,227.0,-0.152344,3.460938,-9.835938,,,,,,,,,,
acc,1778672808.0,227.0,-0.191406,3.34375,-9.496094,,,,,,,,,,
acc,1778672808.0,227.0,-0.265625,3.613281,-9.917969,,,,,,,,,,
acc,1778672808.0,227.0,-0.382812,3.957031,-9.757812,,,,,,,,,,
acc,1778672808.0,227.0,-0.34375,4.035156,-9.691406,,,,,,,,,,
acc,1778672808.0,227.0,-0.191406,4.148438,-9.914062,,,,,,,,,,
acc,1778672808.0,227.0,-0.152344,3.84375,-9.574219,,,,,,,,,,
acc,1778672808.0,227.0,-0.152344,3.957031,-9.835938,,,,,,,,,,
acc,1778672808.0,227.0,-0.265625,3.804688,-9.574219,,,,,,,,,,
acc,1778672808.0,227.0,-0.226562,3.726562,-9.953125,,,,,,,,,,
acc,1778672808.0,227.0,-0.226562,3.765625,-9.613281,,,,,,,,,,
acc,1778672808.0,227.0,-0.265625,3.691406,-9.757812,,,,,,,,,,
acc,1778672808.0,227.0,-0.226562,3.84375,-9.492188,,,,,,,,,,
acc,1778672808.0,227.0,-0.226562,3.84375,-9.648438,,,,,,,,,,
acc,1778672808.0,227.0,-0.152344,3.957031,-9.691406,,,,,,,,,,
acc,1778672808.0,227.0,-0.226562,3.996094,-9.53125,,,,,,,,,,
acc,1778672808.0,227.0,-0.226562,3.804688,-9.796875,,,,,,,,,,
acc,1778672808.0,227.0,-0.191406,3.882812,-9.570312,,,,,,,,,,
acc,1778672808.0,227.0,-0.152344,3.84375,-9.609375,,,,,,,,,,
acc,1778672808.0,227.0,-0.074219,3.957031,-9.796875,,,,,,,,,,
acc,1778672808.0,227.0,-0.035156,4.148438,-9.570312,,,,,,,,,,
acc,1778672808.0,227.0,-0.191406,3.804688,-9.757812,,,,,,,,,,
acc,1778672808.0,227.0,-0.113281,3.84375,-9.648438,,,,,,,,,,
acc,1778672808.0,227.0,0.0,4.1875,-9.691406,,,,,,,,,,
acc,1778672808.0,227.0,-0.035156,3.882812,-9.609375,,,,,,,,,,
acc,1778672808.0,227.0,0.0,3.691406,-9.726562,,,,,,,,,,
acc,1778672808.0,227.0,-0.035156,3.84375,-9.914062,,,,,,,,,,
acc,1778672808.0,227.0,-0.191406,3.652344,-9.417969,,,,,,,,,,
acc,1778672808.0,227.0,-0.226562,3.726562,-9.914062,,,,,,,,,,
acc,1778672808.0,227.0,0.078125,3.882812,-9.730469,,,,,,,,,,
acc,1778672808.0,227.0,-0.113281,3.652344,-9.347656,,,,,,,,,,
acc,1778672808.0,227.0,-0.34375,3.652344,-10.03125,,,,,,,,,,
acc,1778672808.0,227.0,-0.304688,3.460938,-9.457031,,,,,,,,,,
acc,1778672808.0,227.0,-0.152344,3.535156,-10.03125,,,,,,,,,,
acc,1778672809.0,228.0,-0.152344,3.691406,-9.417969,,,,,,,,,,
acc,1778672809.0,228.0,-0.191406,3.84375,-9.6875,,,,,,,,,,
acc,1778672809.0,228.0,-0.226562,3.921875,-9.796875,,,,,,,,,,
acc,1778672809.0,228.0,-0.152344,3.691406,-9.226562,,,,,,,,,,
acc,1778672809.0,228.0,-0.226562,3.421875,-10.070312,,,,,,,,,,
acc,1778672809.0,228.0,-0.226562,3.921875,-9.839844,,,,,,,,,,
acc,1778672809.0,228.0,-0.113281,4.035156,-9.875,,,,,,,,,,
acc,1778672809.0,228.0,-0.265625,3.84375,-9.6875,,,,,,,,,,
acc,1778672809.0,228.0,-0.191406,3.996094,-10.113281,,,,,,,,,,
acc,1778672809.0,228.0,-0.191406,3.5,-9.496094,,,,,,,,,,
acc,1778672809.0,228.0,-0.191406,3.34375,-9.796875,,,,,,,,,,
acc,1778672809.0,228.0,-0.113281,3.421875,-9.726562,,,,,,,,,,
acc,1778672809.0,228.0,-0.074219,3.765625,-9.691406,,,,,,,,,,
acc,1778672809.0,228.0,-0.113281,3.957031,-9.757812,,,,,,,,,,
acc,1778672809.0,228.0,-0.191406,3.996094,-9.652344,,,,,,,,,,
acc,1778672809.0,228.0,-0.074219,3.691406,-10.109375,,,,,,,,,,
acc,1778672809.0,228.0,-0.113281,3.5,-9.492188,,,,,,,,,,
acc,1778672809.0,228.0,-0.34375,3.765625,-10.070312,,,,,,,,,,
acc,1778672809.0,228.0,-0.191406,3.804688,-9.691406,,,,,,,,,,
acc,1778672809.0,228.0,-0.074219,4.496094,-9.613281,,,,,,,,,,
acc,1778672809.0,228.0,-0.035156,4.417969,-9.757812,,,,,,,,,,
acc,1778672809.0,228.0,0.0,4.339844,-9.609375,,,,,,,,,,
acc,1778672809.0,228.0,-0.113281,4.035156,-9.800781,,,,,,,,,,
acc,1778672809.0,228.0,-0.226562,3.460938,-9.992188,,,,,,,,,,
acc,1778672809.0,228.0,-0.304688,3.652344,-9.917969,,,,,,,,,,
acc,1778672809.0,228.0,-0.226562,3.726562,-10.183594,,,,,,,,,,
acc,1778672809.0,228.0,-0.152344,3.691406,-9.839844,,,,,,,,,,
acc,1778672809.0,228.0,-0.035156,3.765625,-9.796875,,,,,,,,,,
acc,1778672809.0,228.0,0.039062,3.84375,-9.800781,,,,,,,,,,
acc,1778672809.0,228.0,-0.074219,3.726562,-9.796875,,,,,,,,,,
acc,1778672809.0,228.0,-0.113281,3.421875,-9.726562,,,,,,,,,,
acc,1778672809.0,228.0,-0.152344,3.382812,-9.992188,,,,,,,,,,
acc,1778672809.0,228.0,-0.074219,3.535156,-9.652344,,,,,,,,,,
acc,1778672809.0,228.0,-0.113281,3.882812,-9.800781,,,,,,,,,,
acc,1778672809.0,228.0,-0.074219,3.652344,-9.6875,,,,,,,,,,
acc,1778672809.0,228.0,-0.113281,3.726562,-9.757812,,,,,,,,,,
acc,1778672809.0,228.0,-0.265625,3.882812,-9.796875,,,,,,,,,,
acc,1778672809.0,228.0,-0.417969,3.765625,-9.878906,,,,,,,,,,
acc,1778672809.0,228.0,-0.382812,3.921875,-9.917969,,,,,,,,,,
acc,1778672809.0,228.0,-0.34375,4.074219,-10.035156,,,,,,,,,,
acc,1778672809.0,228.0,-0.226562,4.035156,-9.835938,,,,,,,,,,
acc,1778672809.0,228.0,-0.191406,3.726562,-9.957031,,,,,,,,,,
acc,1778672809.0,228.0,-0.265625,3.574219,-9.730469,,,,,,,,,,
acc,1778672809.0,228.0,-0.417969,3.535156,-9.953125,,,,,,,,,,
acc,1778672809.0,228.0,-0.304688,3.726562,-9.957031,,,,,,,,,,
acc,1778672809.0,228.0,-0.113281,3.957031,-9.574219,,,,,,,,,,
acc,1778672809.0,228.0,-0.226562,4.035156,-9.953125,,,,,,,,,,
acc,1778672809.0,228.0,-0.304688,4.265625,-9.800781,,,,,,,,,,
acc,1778672809.0,228.0,-0.226562,4.457031,-9.835938,,,,,,,,,,
acc,1778672809.0,228.0,-0.191406,4.226562,-9.917969,,,,,,,,,,
acc,1778672809.0,228.0,-0.152344,3.804688,-10.070312,,,,,,,,,,
acc,1778672809.0,228.0,0.0,3.84375,-9.757812,,,,,,,,,,
acc,1778672809.0,228.0,-0.035156,3.882812,-9.800781,,,,,,,,,,
acc,1778672809.0,228.0,-0.035156,3.726562,-9.953125,,,,,,,,,,
acc,1778672809.0,228.0,0.0,3.84375,-9.953125,,,,,,,,,,
acc,1778672809.0,228.0,-0.113281,3.882812,-9.757812,,,,,,,,,,
acc,1778672809.0,228.0,-0.113281,3.460938,-10.109375,,,,,,,,,,
acc,1778672809.0,228.0,-0.152344,3.5,-9.730469,,,,,,,,,,
acc,1778672809.0,228.0,-0.074219,3.574219,-10.148438,,,,,,,,,,
acc,1778672809.0,228.0,-0.074219,3.535156,-9.957031,,,,,,,,,,
acc,1778672809.0,228.0,-0.152344,3.382812,-9.914062,,,,,,,,,,
acc,1778672809.0,228.0,0.0,3.765625,-10.296875,,,,,,,,,,
acc,1778672809.0,228.0,-0.074219,3.957031,-9.839844,,,,,,,,,,
acc,1778672809.0,228.0,-0.265625,3.882812,-10.222656,,,,,,,,,,
acc,1778672809.0,228.0,-0.226562,3.921875,-9.957031,,,,,,,,,,
acc,1778672809.0,228.0,-0.265625,4.035156,-10.378906,,,,,,,,,,
acc,1778672809.0,228.0,-0.191406,3.996094,-9.761719,,,,,,,,,,
acc,1778672809.0,228.0,-0.191406,3.765625,-10.074219,,,,,,,,,,
acc,1778672809.0,228.0,-0.226562,3.882812,-9.992188,,,,,,,,,,
acc,1778672809.0,228.0,-0.265625,3.84375,-9.613281,,,,,,,,,,
acc,1778672809.0,228.0,-0.226562,3.613281,-10.300781,,,,,,,,,,
acc,1778672809.0,228.0,-0.265625,3.691406,-9.453125,,,,,,,,,,
acc,1778672809.0,228.0,-0.382812,3.996094,-10.183594,,,,,,,,,,
acc,1778672809.0,228.0,-0.417969,3.996094,-9.757812,,,,,,,,,,
acc,1778672809.0,228.0,-0.304688,3.996094,-9.652344,,,,,,,,,,
acc,1778672809.0,228.0,-0.417969,4.074219,-9.761719,,,,,,,,,,
acc,1778672809.0,228.0,-0.34375,3.726562,-9.757812,,,,,,,,,,
acc,1778672809.0,228.0,-0.34375,4.148438,-9.761719,,,,,,,,,,
acc,1778672809.0,228.0,-0.535156,3.882812,-9.414062,,,,,,,,,,
acc,1778672809.0,228.0,-0.457031,3.882812,-10.21875,,,,,,,,,,
acc,1778672809.0,228.0,-0.535156,4.074219,-9.269531,,,,,,,,,,
acc,1778672809.0,228.0,-0.457031,3.726562,-9.992188,,,,,,,,,,
acc,1778672809.0,228.0,-0.382812,3.691406,-9.796875,,,,,,,,,,
acc,1778672809.0,228.0,-0.535156,3.691406,-9.417969,,,,,,,,,,
acc,1778672809.0,228.0,-0.613281,3.996094,-10.257812,,,,,,,,,,
acc,1778672809.0,228.0,-0.535156,3.921875,-9.6875,,,,,,,,,,
acc,1778672809.0,228.0,-0.535156,3.765625,-9.996094,,,,,,,,,,
acc,1778672809.0,228.0,-0.613281,3.882812,-9.730469,,,,,,,,,,
acc,1778672809.0,228.0,-0.574219,3.726562,-10.070312,,,,,,,,,,
acc,1778672809.0,228.0,-0.496094,3.652344,-10.03125,,,,,,,,,,
acc,1778672809.0,228.0,-0.457031,3.804688,-9.761719,,,,,,,,,,
acc,1778672809.0,228.0,-0.457031,3.726562,-10.21875,,,,,,,,,,
acc,1778672809.0,228.0,-0.6875,3.996094,-9.730469,,,,,,,,,,
acc,1778672809.0,228.0,-0.765625,3.574219,-10.03125,,,,,,,,,,
acc,1778672809.0,228.0,-0.535156,3.652344,-9.992188,,,,,,,,,,
acc,1778672809.0,228.0,-0.535156,3.921875,-9.761719,,,,,,,,,,
acc,1778672809.0,228.0,-0.574219,3.804688,-10.21875,,,,,,,,,,
acc,1778672809.0,228.0,-0.648438,4.035156,-9.6875,,,,,,,,,,
acc,1778672809.0,228.0,-0.613281,3.996094,-9.757812,,,,,,,,,,
acc,1778672809.0,228.0,-0.613281,4.378906,-10.074219,,,,,,,,,,
acc,1778672809.0,228.0,-0.382812,4.457031,-9.648438,,,,,,,,,,
acc,1778672809.0,228.0,-0.265625,4.417969,-10.035156,,,,,,,,,,
acc,1778672809.0,228.0,-0.382812,4.113281,-9.492188,,,,,,,,,,
acc,1778672809.0,228.0,-0.34375,3.921875,-9.839844,,,,,,,,,,
acc,1778672809.0,228.0,-0.226562,4.113281,-9.757812,,,,,,,,,,
acc,1778672809.0,228.0,-0.113281,3.882812,-9.574219,,,,,,,,,,
acc,1778672809.0,228.0,-0.191406,3.957031,-9.726562,,,,,,,,,,
acc,1778672809.0,228.0,-0.34375,4.074219,-9.535156,,,,,,,,,,
acc,1778672809.0,228.0,-0.265625,3.921875,-9.730469,,,,,,,,,,
acc,1778672809.0,228.0,-0.152344,3.957031,-9.609375,,,,,,,,,,
acc,1778672809.0,228.0,-0.074219,3.996094,-9.6875,,,,,,,,,,
acc,1778672809.0,228.0,-0.191406,4.417969,-9.457031,,,,,,,,,,
acc,1778672809.0,228.0,-0.304688,4.074219,-9.492188,,,,,,,,,,
acc,1778672809.0,228.0,-0.035156,4.148438,-9.378906,,,,,,,,,,
acc,1778672809.0,228.0,0.117188,4.1875,-9.492188,,,,,,,,,,
acc,1778672809.0,228.0,0.039062,3.882812,-9.691406,,,,,,,,,,
acc,1778672809.0,228.0,-0.074219,3.726562,-9.269531,,,,,,,,,,
acc,1778672809.0,228.0,-0.035156,3.691406,-9.957031,,,,,,,,,,
acc,1778672809.0,228.0,-0.035156,3.726562,-9.375,,,,,,,,,,
acc,1778672809.0,228.0,-0.152344,3.652344,-9.648438,,,,,,,,,,
acc,1778672809.0,228.0,-0.191406,3.726562,-9.6875,,,,,,,,,,
acc,1778672809.0,228.0,-0.191406,4.074219,-9.492188,,,,,,,,,,
acc,1778672809.0,228.0,-0.191406,4.1875,-9.535156,,,,,,,,,,
acc,1778672809.0,228.0,-0.113281,3.996094,-9.648438,,,,,,,,,,
acc,1778672809.0,228.0,-0.152344,3.996094,-9.074219,,,,,,,,,,
acc,1778672810.0,229.0,-0.191406,3.996094,-10.035156,,,,,,,,,,
acc,1778672810.0,229.0,-0.152344,4.035156,-9.757812,,,,,,,,,,
acc,1778672810.0,229.0,-0.265625,4.074219,-9.414062,,,,,,,,,,
acc,1778672810.0,229.0,-0.304688,3.996094,-9.796875,,,,,,,,,,
acc,1778672810.0,229.0,-0.152344,3.996094,-9.304688,,,,,,,,,,
acc,1778672810.0,229.0,-0.035156,4.113281,-9.648438,,,,,,,,,,
acc,1778672810.0,229.0,0.117188,3.996094,-9.304688,,,,,,,,,,
acc,1778672810.0,229.0,-0.113281,4.304688,-9.417969,,,,,,,,,,
acc,1778672810.0,229.0,-0.304688,4.457031,-9.652344,,,,,,,,,,
acc,1778672810.0,229.0,-0.304688,4.1875,-9.417969,,,,,,,,,,
acc,1778672810.0,229.0,-0.152344,4.1875,-9.453125,,,,,,,,,,
acc,1778672810.0,229.0,-0.265625,4.035156,-9.652344,,,,,,,,,,
acc,1778672810.0,229.0,-0.226562,3.84375,-9.304688,,,,,,,,,,
acc,1778672810.0,229.0,-0.265625,4.148438,-9.800781,,,,,,,,,,
acc,1778672810.0,229.0,-0.382812,4.035156,-9.648438,,,,,,,,,,
acc,1778672810.0,229.0,-0.382812,4.074219,-9.570312,,,,,,,,,,
acc,1778672810.0,229.0,-0.265625,4.496094,-9.796875,,,,,,,,,,
acc,1778672810.0,229.0,-0.191406,4.417969,-9.535156,,,,,,,,,,
acc,1778672810.0,229.0,-0.265625,3.921875,-9.492188,,,,,,,,,,
acc,1778672810.0,229.0,-0.226562,3.957031,-9.730469,,,,,,,,,,
acc,1778672810.0,229.0,-0.191406,4.113281,-9.6875,,,,,,,,,,
acc,1778672810.0,229.0,-0.265625,3.84375,-9.796875,,,,,,,,,,
acc,1778672810.0,229.0,-0.265625,4.074219,-9.648438,,,,,,,,,,
acc,1778672810.0,229.0,-0.226562,3.921875,-9.761719,,,,,,,,,,
acc,1778672810.0,229.0,-0.152344,3.765625,-9.570312,,,,,,,,,,
acc,1778672810.0,229.0,-0.191406,3.882812,-9.878906,,,,,,,,,,
acc,1778672810.0,229.0,-0.226562,3.921875,-9.839844,,,,,,,,,,
acc,1778672810.0,229.0,-0.304688,3.882812,-9.761719,,,,,,,,,,
acc,1778672810.0,229.0,-0.304688,3.996094,-9.878906,,,,,,,,,,
acc,1778672810.0,229.0,-0.152344,4.113281,-9.691406,,,,,,,,,,
acc,1778672810.0,229.0,-0.113281,3.996094,-9.730469,,,,,,,,,,
acc,1778672810.0,229.0,-0.113281,4.1875,-9.691406,,,,,,,,,,
acc,1778672810.0,229.0,-0.226562,4.113281,-9.875,,,,,,,,,,
acc,1778672810.0,229.0,-0.152344,4.265625,-9.652344,,,,,,,,,,
acc,1778672810.0,229.0,-0.113281,4.035156,-9.757812,,,,,,,,,,
acc,1778672810.0,229.0,-0.113281,4.074219,-9.957031,,,,,,,,,,
acc,1778672810.0,229.0,-0.152344,4.113281,-9.609375,,,,,,,,,,
acc,1778672810.0,229.0,-0.074219,3.957031,-9.726562,,,,,,,,,,
acc,1778672810.0,229.0,-0.035156,3.957031,-9.875,,,,,,,,,,
acc,1778672810.0,229.0,-0.152344,3.996094,-9.53125,,,,,,,,,,
acc,1778672810.0,229.0,-0.074219,4.113281,-9.878906,,,,,,,,,,
acc,1778672810.0,229.0,-0.035156,4.265625,-9.878906,,,,,,,,,,
acc,1778672810.0,229.0,-0.113281,3.84375,-9.691406,,,,,,,,,,
acc,1778672810.0,229.0,-0.265625,3.957031,-9.917969,,,,,,,,,,
acc,1778672810.0,229.0,-0.152344,3.726562,-9.953125,,,,,,,,,,
acc,1778672810.0,229.0,0.0,3.652344,-9.730469,,,,,,,,,,
acc,1778672810.0,229.0,0.0,3.882812,-9.609375,,,,,,,,,,
acc,1778672810.0,229.0,-0.035156,4.113281,-9.953125,,,,,,,,,,
acc,1778672810.0,229.0,-0.191406,4.074219,-9.875,,,,,,,,,,
acc,1778672810.0,229.0,-0.304688,3.882812,-9.761719,,,,,,,,,,
acc,1778672810.0,229.0,-0.265625,3.957031,-10.152344,,,,,,,,,,
acc,1778672810.0,229.0,-0.152344,3.921875,-9.726562,,,,,,,,,,
acc,1778672810.0,229.0,-0.035156,3.726562,-9.992188,,,,,,,,,,
acc,1778672810.0,229.0,-0.035156,3.726562,-9.574219,,,,,,,,,,
acc,1778672810.0,229.0,-0.113281,3.726562,-9.800781,,,,,,,,,,
acc,1778672810.0,229.0,-0.074219,3.535156,-10.179688,,,,,,,,,,
acc,1778672810.0,229.0,-0.226562,3.804688,-9.652344,,,,,,,,,,
acc,1778672810.0,229.0,-0.265625,4.074219,-10.300781,,,,,,,,,,
acc,1778672810.0,229.0,-0.304688,4.113281,-9.917969,,,,,,,,,,
acc,1778672810.0,229.0,-0.226562,3.957031,-9.953125,,,,,,,,,,
acc,1778672810.0,229.0,-0.191406,3.957031,-9.917969,,,,,,,,,,
acc,1778672810.0,229.0,-0.152344,3.691406,-9.796875,,,,,,,,,,
acc,1778672810.0,229.0,-0.191406,3.957031,-9.917969,,,,,,,,,,
acc,1778672810.0,229.0,-0.382812,4.074219,-9.761719,,,,,,,,,,
acc,1778672810.0,229.0,-0.191406,4.074219,-9.914062,,,,,,,,,,
acc,1778672810.0,229.0,-0.152344,4.1875,-9.730469,,,,,,,,,,
acc,1778672810.0,229.0,-0.152344,3.882812,-9.875,,,,,,,,,,
acc,1778672810.0,229.0,-0.191406,3.996094,-9.6875,,,,,,,,,,
acc,1778672810.0,229.0,-0.265625,3.882812,-9.839844,,,,,,,,,,
acc,1778672810.0,229.0,-0.191406,3.613281,-9.917969,,,,,,,,,,
acc,1778672810.0,229.0,-0.34375,3.765625,-9.839844,,,,,,,,,,
acc,1778672810.0,229.0,-0.382812,3.765625,-10.035156,,,,,,,,,,
acc,1778672810.0,229.0,-0.304688,3.691406,-9.992188,,,,,,,,,,
acc,1778672810.0,229.0,-0.304688,3.574219,-10.03125,,,,,,,,,,
acc,1778672810.0,229.0,-0.496094,3.691406,-9.839844,,,,,,,,,,
acc,1778672810.0,229.0,-0.496094,3.804688,-10.070312,,,,,,,,,,
acc,1778672810.0,229.0,-0.457031,3.652344,-9.875,,,,,,,,,,
acc,1778672810.0,229.0,-0.417969,3.613281,-9.648438,,,,,,,,,,
acc,1778672810.0,229.0,-0.417969,3.574219,-10.152344,,,,,,,,,,
acc,1778672810.0,229.0,-0.613281,3.574219,-9.878906,,,,,,,,,,
acc,1778672810.0,229.0,-0.613281,3.691406,-9.996094,,,,,,,,,,
acc,1778672810.0,229.0,-0.648438,3.726562,-9.996094,,,,,,,,,,
acc,1778672810.0,229.0,-0.574219,3.921875,-9.953125,,,,,,,,,,
acc,1778672810.0,229.0,-0.613281,4.378906,-9.730469,,,,,,,,,,
acc,1778672810.0,229.0,-0.574219,4.339844,-9.796875,,,,,,,,,,
acc,1778672810.0,229.0,-0.382812,4.304688,-9.878906,,,,,,,,,,
acc,1778672810.0,229.0,-0.535156,3.882812,-9.414062,,,,,,,,,,
acc,1778672810.0,229.0,-0.613281,3.5,-10.074219,,,,,,,,,,
acc,1778672810.0,229.0,-0.535156,3.765625,-9.761719,,,,,,,,,,
acc,1778672810.0,229.0,-0.613281,3.804688,-9.796875,,,,,,,,,,
acc,1778672810.0,229.0,-0.496094,4.074219,-9.761719,,,,,,,,,,
acc,1778672810.0,229.0,-0.417969,4.304688,-9.761719,,,,,,,,,,
acc,1778672810.0,229.0,-0.34375,4.226562,-9.757812,,,,,,,,,,
acc,1778672810.0,229.0,-0.226562,4.339844,-9.691406,,,,,,,,,,
acc,1778672810.0,229.0,-0.226562,4.570312,-9.730469,,,,,,,,,,
acc,1778672810.0,229.0,-0.191406,3.996094,-9.726562,,,,,,,,,,
acc,1778672810.0,229.0,-0.074219,3.996094,-9.957031,,,,,,,,,,
acc,1778672810.0,229.0,-0.152344,3.804688,-9.761719,,,,,,,,,,
acc,1778672810.0,229.0,-0.191406,3.613281,-9.839844,,,,,,,,,,
acc,1778672810.0,229.0,-0.226562,3.882812,-9.992188,,,,,,,,,,
acc,1778672810.0,229.0,-0.304688,3.691406,-9.800781,,,,,,,,,,
acc,1778672810.0,229.0,-0.304688,3.921875,-9.914062,,,,,,,,,,
acc,1778672810.0,229.0,-0.417969,4.265625,-9.726562,,,,,,,,,,
acc,1778672810.0,229.0,-0.417969,4.226562,-9.835938,,,,,,,,,,
acc,1778672810.0,229.0,-0.226562,3.996094,-9.835938,,,,,,,,,,
acc,1778672810.0,229.0,-0.152344,3.804688,-9.726562,,,,,,,,,,
acc,1778672810.0,229.0,-0.34375,3.726562,-9.875,,,,,,,,,,
acc,1778672810.0,229.0,-0.34375,3.765625,-9.613281,,,,,,,,,,
acc,1778672810.0,229.0,-0.265625,3.691406,-9.757812,,,,,,,,,,
acc,1778672810.0,229.0,-0.113281,3.765625,-9.796875,,,,,,,,,,
acc,1778672810.0,229.0,-0.113281,4.226562,-10.03125,,,,,,,,,,
acc,1778672810.0,229.0,-0.074219,3.804688,-9.453125,,,,,,,,,,
acc,1778672810.0,229.0,0.039062,3.691406,-9.613281,,,,,,,,,,
acc,1778672810.0,229.0,0.039062,3.804688,-9.613281,,,,,,,,,,
acc,1778672810.0,229.0,-0.113281,3.804688,-9.535156,,,,,,,,,,
acc,1778672810.0,229.0,-0.152344,4.113281,-9.609375,,,,,,,,,,
acc,1778672810.0,229.0,-0.035156,4.226562,-9.453125,,,,,,,,,,
acc,1778672810.0,229.0,0.0,4.113281,-9.691406,,,,,,,,,,
acc,1778672810.0,229.0,-0.074219,4.339844,-9.308594,,,,,,,,,,
acc,1778672810.0,229.0,-0.191406,4.113281,-9.570312,,,,,,,,,,
acc,1778672810.0,229.0,-0.113281,3.996094,-9.453125,,,,,,,,,,
acc,1778672810.0,229.0,-0.074219,3.882812,-9.457031,,,,,,,,,,
acc,1778672810.0,229.0,0.078125,3.691406,-9.6875,,,,,,,,,,
acc,1778672810.0,229.0,-0.035156,3.921875,-9.378906,,,,,,,,,,
acc,1778672810.0,229.0,-0.113281,3.84375,-9.574219,,,,,,,,,,
acc,1778672810.0,229.0,-0.113281,3.804688,-9.6875,,,,,,,,,,
acc,1778672811.0,230.0,-0.113281,3.882812,-9.574219,,,,,,,,,,
acc,1778672811.0,230.0,-0.152344,3.460938,-9.835938,,,,,,,,,,
acc,1778672811.0,230.0,-0.226562,3.765625,-9.726562,,,,,,,,,,
acc,1778672811.0,230.0,-0.34375,3.765625,-9.878906,,,,,,,,,,
acc,1778672811.0,230.0,-0.417969,3.34375,-9.914062,,,,,,,,,,
acc,1778672811.0,230.0,-0.226562,3.308594,-10.03125,,,,,,,,,,
acc,1778672811.0,230.0,-0.226562,3.269531,-9.835938,,,,,,,,,,
acc,1778672811.0,230.0,-0.34375,3.0,-9.835938,,,,,,,,,,
acc,1778672811.0,230.0,-0.265625,3.152344,-9.761719,,,,,,,,,,
acc,1778672811.0,230.0,-0.113281,4.074219,-9.726562,,,,,,,,,,
acc,1778672811.0,230.0,-0.152344,4.648438,-9.457031,,,,,,,,,,
acc,1778672811.0,230.0,-0.152344,4.761719,-9.992188,,,,,,,,,,
acc,1778672811.0,230.0,-0.417969,4.570312,-9.414062,,,,,,,,,,
acc,1778672811.0,230.0,-0.457031,4.417969,-9.953125,,,,,,,,,,
acc,1778672811.0,230.0,-0.34375,3.957031,-9.574219,,,,,,,,,,
acc,1778672811.0,230.0,-0.265625,3.957031,-9.796875,,,,,,,,,,
acc,1778672811.0,230.0,-0.34375,3.726562,-9.730469,,,,,,,,,,
acc,1778672811.0,230.0,-0.417969,3.996094,-9.648438,,,,,,,,,,
acc,1778672811.0,230.0,-0.34375,4.339844,-9.875,,,,,,,,,,
acc,1778672811.0,230.0,-0.382812,4.148438,-9.613281,,,,,,,,,,
acc,1778672811.0,230.0,-0.535156,3.996094,-9.800781,,,,,,,,,,
acc,1778672811.0,230.0,-0.34375,3.804688,-9.957031,,,,,,,,,,
acc,1778672811.0,230.0,-0.382812,3.652344,-9.730469,,,,,,,,,,
acc,1778672811.0,230.0,-0.34375,3.613281,-9.835938,,,,,,,,,,
acc,1778672811.0,230.0,-0.265625,4.035156,-9.917969,,,,,,,,,,
acc,1778672811.0,230.0,-0.304688,4.226562,-9.796875,,,,,,,,,,
acc,1778672811.0,230.0,-0.457031,4.035156,-9.691406,,,,,,,,,,
acc,1778672811.0,230.0,-0.34375,3.996094,-10.109375,,,,,,,,,,
acc,1778672811.0,230.0,-0.265625,3.882812,-9.613281,,,,,,,,,,
acc,1778672811.0,230.0,-0.304688,3.921875,-9.835938,,,,,,,,,,
acc,1778672811.0,230.0,-0.226562,4.074219,-9.917969,,,,,,,,,,
acc,1778672811.0,230.0,-0.191406,4.074219,-9.757812,,,,,,,,,,
acc,1778672811.0,230.0,-0.191406,3.921875,-9.835938,,,,,,,,,,
acc,1778672811.0,230.0,-0.191406,3.535156,-10.035156,,,,,,,,,,
acc,1778672811.0,230.0,-0.152344,3.613281,-9.914062,,,,,,,,,,
acc,1778672811.0,230.0,-0.226562,3.613281,-9.875,,,,,,,,,,
acc,1778672811.0,230.0,-0.265625,3.535156,-10.222656,,,,,,,,,,
acc,1778672811.0,230.0,-0.191406,3.726562,-9.839844,,,,,,,,,,
acc,1778672811.0,230.0,-0.226562,3.996094,-9.953125,,,,,,,,,,
acc,1778672811.0,230.0,-0.265625,3.84375,-9.996094,,,,,,,,,,
acc,1778672811.0,230.0,-0.226562,3.804688,-9.613281,,,,,,,,,,
acc,1778672811.0,230.0,-0.417969,3.804688,-9.878906,,,,,,,,,,
acc,1778672811.0,230.0,-0.304688,3.652344,-9.957031,,,,,,,,,,
acc,1778672811.0,230.0,-0.152344,3.652344,-9.730469,,,,,,,,,,
acc,1778672811.0,230.0,-0.152344,3.574219,-9.957031,,,,,,,,,,
acc,1778672811.0,230.0,-0.226562,3.921875,-9.726562,,,,,,,,,,
acc,1778672811.0,230.0,-0.152344,4.035156,-10.109375,,,,,,,,,,
acc,1778672811.0,230.0,-0.113281,3.765625,-9.917969,,,,,,,,,,
acc,1778672811.0,230.0,-0.152344,3.765625,-9.761719,,,,,,,,,,
acc,1778672811.0,230.0,-0.265625,4.148438,-9.835938,,,,,,,,,,
acc,1778672811.0,230.0,-0.191406,3.996094,-9.726562,,,,,,,,,,
acc,1778672811.0,230.0,-0.152344,3.996094,-9.609375,,,,,,,,,,
acc,1778672811.0,230.0,-0.113281,4.304688,-9.957031,,,,,,,,,,
acc,1778672811.0,230.0,-0.191406,4.226562,-9.652344,,,,,,,,,,
acc,1778672811.0,230.0,-0.34375,3.652344,-9.53125,,,,,,,,,,
acc,1778672811.0,230.0,-0.265625,3.535156,-9.6875,,,,,,,,,,
acc,1778672811.0,230.0,-0.074219,3.5,-9.726562,,,,,,,,,,
acc,1778672811.0,230.0,-0.226562,3.382812,-9.691406,,,,,,,,,,
acc,1778672811.0,230.0,-0.304688,3.613281,-9.796875,,,,,,,,,,
acc,1778672811.0,230.0,-0.382812,3.535156,-9.757812,,,,,,,,,,
acc,1778672811.0,230.0,-0.34375,3.84375,-9.992188,,,,,,,,,,
acc,1778672811.0,230.0,-0.265625,3.726562,-9.652344,,,,,,,,,,
acc,1778672811.0,230.0,-0.34375,3.34375,-9.757812,,,,,,,,,,
acc,1778672811.0,230.0,-0.304688,3.535156,-9.796875,,,,,,,,,,
acc,1778672811.0,230.0,-0.265625,3.691406,-9.757812,,,,,,,,,,
acc,1778672811.0,230.0,-0.417969,3.882812,-9.800781,,,,,,,,,,
acc,1778672811.0,230.0,-0.535156,3.726562,-9.835938,,,,,,,,,,
acc,1778672811.0,230.0,-0.382812,3.382812,-9.914062,,,,,,,,,,
acc,1778672811.0,230.0,-0.226562,3.382812,-9.648438,,,,,,,,,,
acc,1778672811.0,230.0,-0.34375,3.652344,-9.992188,,,,,,,,,,
acc,1778672811.0,230.0,-0.496094,4.074219,-9.957031,,,,,,,,,,
acc,1778672811.0,230.0,-0.417969,4.074219,-9.957031,,,,,,,,,,
acc,1778672811.0,230.0,-0.226562,3.996094,-10.03125,,,,,,,,,,
acc,1778672811.0,230.0,-0.152344,4.074219,-9.796875,,,,,,,,,,
acc,1778672811.0,230.0,-0.226562,4.113281,-9.757812,,,,,,,,,,
acc,1778672811.0,230.0,-0.265625,4.074219,-9.800781,,,,,,,,,,
acc,1778672811.0,230.0,-0.113281,3.996094,-9.800781,,,,,,,,,,
acc,1778672811.0,230.0,-0.113281,4.035156,-9.691406,,,,,,,,,,
acc,1778672811.0,230.0,-0.304688,4.148438,-9.835938,,,,,,,,,,
acc,1778672811.0,230.0,-0.417969,4.226562,-9.953125,,,,,,,,,,
acc,1778672811.0,230.0,-0.574219,3.921875,-9.875,,,,,,,,,,
acc,1778672811.0,230.0,-0.574219,3.765625,-9.914062,,,,,,,,,,
acc,1778672811.0,230.0,-0.535156,3.921875,-9.996094,,,,,,,,,,
acc,1778672811.0,230.0,-0.496094,3.921875,-9.796875,,,,,,,,,,
acc,1778672811.0,230.0,-0.457031,3.691406,-9.796875,,,,,,,,,,
acc,1778672811.0,230.0,-0.382812,3.996094,-9.875,,,,,,,,,,
acc,1778672811.0,230.0,-0.34375,3.84375,-9.53125,,,,,,,,,,
acc,1778672811.0,230.0,-0.382812,3.726562,-9.835938,,,,,,,,,,
acc,1778672811.0,230.0,-0.265625,3.84375,-9.726562,,,,,,,,,,
acc,1778672811.0,230.0,-0.226562,3.804688,-9.726562,,,,,,,,,,
acc,1778672811.0,230.0,-0.34375,3.613281,-9.730469,,,,,,,,,,
acc,1778672811.0,230.0,-0.34375,3.652344,-9.800781,,,,,,,,,,
acc,1778672811.0,230.0,-0.304688,3.535156,-9.761719,,,,,,,,,,
acc,1778672811.0,230.0,-0.226562,3.535156,-9.609375,,,,,,,,,,
acc,1778672811.0,230.0,-0.226562,3.535156,-9.691406,,,,,,,,,,
acc,1778672811.0,230.0,-0.226562,3.652344,-9.609375,,,,,,,,,,
acc,1778672811.0,230.0,-0.226562,3.652344,-9.53125,,,,,,,,,,
acc,1778672811.0,230.0,-0.304688,3.84375,-9.535156,,,,,,,,,,
acc,1778672811.0,230.0,-0.34375,3.882812,-9.835938,,,,,,,,,,
acc,1778672811.0,230.0,-0.265625,3.804688,-9.574219,,,,,,,,,,
acc,1778672811.0,230.0,-0.226562,3.882812,-9.648438,,,,,,,,,,
acc,1778672811.0,230.0,-0.304688,4.074219,-9.875,,,,,,,,,,
acc,1778672811.0,230.0,-0.226562,4.148438,-9.761719,,,,,,,,,,
acc,1778672811.0,230.0,-0.304688,4.304688,-9.800781,,,,,,,,,,
acc,1778672811.0,230.0,-0.417969,4.339844,-9.757812,,,,,,,,,,
acc,1778672811.0,230.0,-0.457031,4.113281,-9.574219,,,,,,,,,,
acc,1778672811.0,230.0,-0.34375,4.1875,-10.03125,,,,,,,,,,
acc,1778672811.0,230.0,-0.265625,4.339844,-9.652344,,,,,,,,,,
acc,1778672811.0,230.0,-0.304688,4.148438,-9.875,,,,,,,,,,
acc,1778672811.0,230.0,-0.34375,4.113281,-9.800781,,,,,,,,,,
acc,1778672811.0,230.0,-0.417969,3.996094,-9.914062,,,,,,,,,,
acc,1778672811.0,230.0,-0.34375,3.726562,-9.953125,,,,,,,,,,
acc,1778672811.0,230.0,-0.34375,3.804688,-9.761719,,,,,,,,,,
acc,1778672811.0,230.0,-0.265625,3.460938,-9.496094,,,,,,,,,,
acc,1778672811.0,230.0,-0.113281,3.765625,-9.726562,,,,,,,,,,
acc,1778672811.0,230.0,0.078125,3.921875,-9.269531,,,,,,,,,,
acc,1778672811.0,230.0,-0.035156,4.074219,-9.726562,,,,,,,,,,
acc,1778672811.0,230.0,-0.113281,4.035156,-9.691406,,,,,,,,,,
acc,1778672811.0,230.0,-0.152344,3.726562,-9.875,,,,,,,,,,
acc,1778672811.0,230.0,-0.152344,3.5,-9.800781,,,,,,,,,,
acc,1778672811.0,230.0,-0.304688,3.5,-9.796875,,,,,,,,,,
acc,1778672811.0,230.0,-0.191406,3.421875,-9.992188,,,,,,,,,,
acc,1778672811.0,230.0,-0.265625,3.726562,-9.378906,,,,,,,,,,
acc,1778672811.0,230.0,-0.34375,3.613281,-9.800781,,,,,,,,,,
acc,1778672811.0,230.0,-0.226562,3.308594,-9.730469,,,,,,,,,,
acc,1778672811.0,230.0,-0.226562,3.421875,-9.308594,,,,,,,,,,
acc,1778672812.0,231.0,-0.34375,3.5,-10.03125,,,,,,,,,,
acc,1778672812.0,231.0,-0.382812,3.34375,-9.691406,,,,,,,,,,
acc,1778672812.0,231.0,-0.34375,3.5,-9.53125,,,,,,,,,,
acc,1778672812.0,231.0,-0.304688,3.691406,-9.914062,,,,,,,,,,
acc,1778672812.0,231.0,-0.226562,3.460938,-9.414062,,,,,,,,,,
acc,1778672812.0,231.0,-0.34375,3.996094,-9.800781,,,,,,,,,,
acc,1778672812.0,231.0,-0.457031,3.882812,-9.609375,,,,,,,,,,
acc,1778672812.0,231.0,-0.382812,3.84375,-9.691406,,,,,,,,,,
acc,1778672812.0,231.0,-0.304688,4.113281,-9.796875,,,,,,,,,,
acc,1778672812.0,231.0,-0.382812,3.765625,-9.308594,,,,,,,,,,
acc,1778672812.0,231.0,-0.34375,3.957031,-10.109375,,,,,,,,,,
acc,1778672812.0,231.0,-0.457031,4.1875,-9.414062,,,,,,,,,,
acc,1778672812.0,231.0,-0.496094,3.996094,-9.757812,,,,,,,,,,
acc,1778672812.0,231.0,-0.265625,3.765625,-9.757812,,,,,,,,,,
acc,1778672812.0,231.0,-0.113281,3.765625,-9.535156,,,,,,,,,,
acc,1778672812.0,231.0,-0.304688,3.882812,-9.761719,,,,,,,,,,
acc,1778672812.0,231.0,-0.152344,3.84375,-9.609375,,,,,,,,,,
acc,1778672812.0,231.0,-0.152344,4.113281,-9.835938,,,,,,,,,,
acc,1778672812.0,231.0,-0.226562,3.921875,-9.652344,,,,,,,,,,
acc,1778672812.0,231.0,-0.113281,3.535156,-9.953125,,,,,,,,,,
acc,1778672812.0,231.0,-0.074219,3.574219,-9.757812,,,,,,,,,,
acc,1778672812.0,231.0,-0.152344,3.230469,-9.6875,,,,,,,,,,
acc,1778672812.0,231.0,-0.152344,3.34375,-9.914062,,,,,,,,,,
acc,1778672812.0,231.0,-0.265625,3.460938,-9.652344,,,,,,,,,,
acc,1778672812.0,231.0,-0.191406,3.613281,-10.179688,,,,,,,,,,
acc,1778672812.0,231.0,-0.113281,3.84375,-9.574219,,,,,,,,,,
acc,1778672812.0,231.0,-0.191406,3.804688,-10.109375,,,,,,,,,,
acc,1778672812.0,231.0,-0.304688,3.5,-9.796875,,,,,,,,,,
acc,1778672812.0,231.0,-0.265625,3.5,-10.152344,,,,,,,,,,
acc,1778672812.0,231.0,-0.226562,3.308594,-9.53125,,,,,,,,,,
acc,1778672812.0,231.0,-0.074219,3.613281,-10.152344,,,,,,,,,,
acc,1778672812.0,231.0,-0.152344,4.074219,-9.378906,,,,,,,,,,
acc,1778672812.0,231.0,-0.152344,3.84375,-9.914062,,,,,,,,,,
acc,1778672812.0,231.0,-0.152344,3.957031,-9.757812,,,,,,,,,,
acc,1778672812.0,231.0,-0.191406,3.765625,-9.648438,,,,,,,,,,
acc,1778672812.0,231.0,-0.152344,3.691406,-9.917969,,,,,,,,,,
acc,1778672812.0,231.0,-0.152344,3.726562,-9.609375,,,,,,,,,,
acc,1778672812.0,231.0,-0.191406,3.921875,-9.800781,,,,,,,,,,
acc,1778672812.0,231.0,0.0,4.074219,-9.957031,,,,,,,,,,
acc,1778672812.0,231.0,-0.152344,4.113281,-9.375,,,,,,,,,,
acc,1778672812.0,231.0,-0.34375,3.921875,-10.035156,,,,,,,,,,
acc,1778672812.0,231.0,-0.304688,4.035156,-9.570312,,,,,,,,,,
acc,1778672812.0,231.0,-0.265625,3.804688,-9.414062,,,,,,,,,,
acc,1778672812.0,231.0,-0.152344,3.574219,-10.070312,,,,,,,,,,
acc,1778672812.0,231.0,-0.074219,3.765625,-9.574219,,,,,,,,,,
acc,1778672812.0,231.0,-0.226562,3.804688,-9.6875,,,,,,,,,,
acc,1778672812.0,231.0,-0.265625,3.765625,-9.914062,,,,,,,,,,
acc,1778672812.0,231.0,-0.152344,3.691406,-9.570312,,,,,,,,,,
acc,1778672812.0,231.0,-0.152344,3.5,-9.953125,,,,,,,,,,
acc,1778672812.0,231.0,-0.34375,3.421875,-9.839844,,,,,,,,,,
acc,1778672812.0,231.0,-0.34375,3.574219,-9.652344,,,,,,,,,,
acc,1778672812.0,231.0,-0.457031,3.804688,-9.878906,,,,,,,,,,
acc,1778672812.0,231.0,-0.417969,3.765625,-9.917969,,,,,,,,,,
acc,1778672812.0,231.0,-0.304688,3.765625,-9.691406,,,,,,,,,,
acc,1778672812.0,231.0,-0.457031,3.613281,-9.835938,,,,,,,,,,
acc,1778672812.0,231.0,-0.457031,3.421875,-9.726562,,,,,,,,,,
acc,1778672812.0,231.0,-0.304688,3.613281,-9.796875,,,,,,,,,,
acc,1778672812.0,231.0,-0.34375,3.882812,-9.609375,,,,,,,,,,
acc,1778672812.0,231.0,-0.304688,4.035156,-9.957031,,,,,,,,,,
acc,1778672812.0,231.0,-0.382812,4.035156,-9.914062,,,,,,,,,,
acc,1778672812.0,231.0,-0.34375,4.074219,-9.839844,,,,,,,,,,
acc,1778672812.0,231.0,-0.417969,3.957031,-9.914062,,,,,,,,,,
acc,1778672812.0,231.0,-0.417969,3.726562,-9.800781,,,,,,,,,,
acc,1778672812.0,231.0,-0.382812,3.765625,-9.839844,,,,,,,,,,
acc,1778672812.0,231.0,-0.304688,4.226562,-9.726562,,,,,,,,,,
acc,1778672812.0,231.0,-0.304688,4.113281,-9.878906,,,,,,,,,,
acc,1778672812.0,231.0,-0.265625,4.457031,-9.570312,,,,,,,,,,
acc,1778672812.0,231.0,-0.382812,4.417969,-9.914062,,,,,,,,,,
acc,1778672812.0,231.0,-0.34375,3.882812,-9.691406,,,,,,,,,,
acc,1778672812.0,231.0,-0.265625,3.84375,-9.839844,,,,,,,,,,
acc,1778672812.0,231.0,-0.113281,3.921875,-9.796875,,,,,,,,,,
acc,1778672812.0,231.0,-0.304688,4.113281,-9.917969,,,,,,,,,,
acc,1778672812.0,231.0,-0.34375,4.148438,-10.222656,,,,,,,,,,
acc,1778672812.0,231.0,-0.417969,3.882812,-9.648438,,,,,,,,,,
acc,1778672812.0,231.0,-0.265625,3.535156,-9.996094,,,,,,,,,,
acc,1778672812.0,231.0,-0.152344,3.5,-9.691406,,,,,,,,,,
acc,1778672812.0,231.0,-0.074219,3.269531,-9.570312,,,,,,,,,,
acc,1778672812.0,231.0,-0.152344,3.460938,-9.835938,,,,,,,,,,
acc,1778672812.0,231.0,-0.191406,3.460938,-9.917969,,,,,,,,,,
acc,1778672812.0,231.0,-0.265625,3.308594,-9.917969,,,,,,,,,,
acc,1778672812.0,231.0,-0.457031,3.421875,-9.839844,,,,,,,,,,
acc,1778672812.0,231.0,-0.382812,3.308594,-10.109375,,,,,,,,,,
acc,1778672812.0,231.0,-0.34375,3.191406,-9.726562,,,,,,,,,,
acc,1778672812.0,231.0,-0.304688,3.191406,-9.648438,,,,,,,,,,
acc,1778672812.0,231.0,-0.382812,3.574219,-9.761719,,,,,,,,,,
acc,1778672812.0,231.0,-0.304688,3.765625,-9.648438,,,,,,,,,,
acc,1778672812.0,231.0,-0.226562,4.148438,-9.496094,,,,,,,,,,
acc,1778672812.0,231.0,-0.113281,4.226562,-9.875,,,,,,,,,,
acc,1778672812.0,231.0,-0.191406,3.921875,-9.53125,,,,,,,,,,
acc,1778672812.0,231.0,-0.304688,3.691406,-9.757812,,,,,,,,,,
acc,1778672812.0,231.0,-0.382812,3.460938,-9.53125,,,,,,,,,,
acc,1778672812.0,231.0,-0.265625,3.804688,-9.800781,,,,,,,,,,
acc,1778672812.0,231.0,-0.152344,3.921875,-9.570312,,,,,,,,,,
acc,1778672812.0,231.0,-0.152344,3.921875,-9.917969,,,,,,,,,,
acc,1778672812.0,231.0,-0.265625,3.5,-9.378906,,,,,,,,,,
acc,1778672812.0,231.0,-0.382812,3.804688,-9.917969,,,,,,,,,,
acc,1778672812.0,231.0,-0.265625,3.726562,-9.796875,,,,,,,,,,
acc,1778672812.0,231.0,-0.382812,3.882812,-9.375,,,,,,,,,,
acc,1778672812.0,231.0,-0.417969,4.035156,-9.730469,,,,,,,,,,
acc,1778672812.0,231.0,-0.34375,3.921875,-9.496094,,,,,,,,,,
acc,1778672812.0,231.0,-0.265625,3.804688,-9.800781,,,,,,,,,,
acc,1778672812.0,231.0,-0.152344,3.652344,-9.648438,,,,,,,,,,
acc,1778672812.0,231.0,-0.265625,3.691406,-9.757812,,,,,,,,,,
acc,1778672812.0,231.0,-0.382812,3.765625,-9.726562,,,,,,,,,,
acc,1778672812.0,231.0,-0.265625,3.882812,-9.917969,,,,,,,,,,
acc,1778672812.0,231.0,-0.074219,3.535156,-9.761719,,,,,,,,,,
acc,1778672812.0,231.0,-0.34375,3.652344,-9.800781,,,,,,,,,,
acc,1778672812.0,231.0,-0.34375,3.191406,-9.761719,,,,,,,,,,
acc,1778672812.0,231.0,-0.265625,3.34375,-9.796875,,,,,,,,,,
acc,1778672812.0,231.0,-0.152344,3.34375,-9.574219,,,,,,,,,,
acc,1778672812.0,231.0,-0.191406,3.269531,-9.726562,,,,,,,,,,
acc,1778672812.0,231.0,-0.304688,3.957031,-9.878906,,,,,,,,,,
acc,1778672812.0,231.0,-0.34375,3.613281,-9.691406,,,,,,,,,,
acc,1778672812.0,231.0,0.078125,3.726562,-9.757812,,,,,,,,,,
acc,1778672812.0,231.0,-0.074219,3.613281,-9.570312,,,,,,,,,,
acc,1778672812.0,231.0,-0.226562,3.804688,-9.796875,,,,,,,,,,
acc,1778672812.0,231.0,-0.191406,3.957031,-9.726562,,,,,,,,,,
acc,1778672812.0,231.0,-0.152344,4.074219,-9.457031,,,,,,,,,,
acc,1778672812.0,231.0,-0.113281,4.226562,-10.03125,,,,,,,,,,
acc,1778672812.0,231.0,-0.113281,4.378906,-9.730469,,,,,,,,,,
acc,1778672812.0,231.0,-0.074219,4.226562,-9.761719,,,,,,,,,,
acc,1778672812.0,231.0,-0.113281,3.765625,-9.535156,,,,,,,,,,
acc,1778672812.0,231.0,-0.035156,3.804688,-9.917969,,,,,,,,,,
acc,1778672812.0,231.0,-0.226562,3.652344,-9.574219,,,,,,,,,,
acc,1778672813.0,232.0,-0.152344,3.613281,-10.074219,,,,,,,,,,
acc,1778672813.0,232.0,-0.191406,3.765625,-9.574219,,,,,,,,,,
acc,1778672813.0,232.0,-0.152344,3.691406,-9.839844,,,,,,,,,,
acc,1778672813.0,232.0,-0.226562,3.765625,-9.839844,,,,,,,,,,
acc,1778672813.0,232.0,-0.191406,3.421875,-9.691406,,,,,,,,,,
acc,1778672813.0,232.0,-0.265625,3.152344,-9.996094,,,,,,,,,,
acc,1778672813.0,232.0,-0.152344,3.613281,-9.609375,,,,,,,,,,
acc,1778672813.0,232.0,-0.035156,3.460938,-9.574219,,,,,,,,,,
acc,1778672813.0,232.0,0.0,3.574219,-9.6875,,,,,,,,,,
acc,1778672813.0,232.0,-0.152344,3.613281,-9.492188,,,,,,,,,,
acc,1778672813.0,232.0,-0.191406,3.652344,-9.796875,,,,,,,,,,
acc,1778672813.0,232.0,-0.152344,3.691406,-9.917969,,,,,,,,,,
acc,1778672813.0,232.0,-0.226562,3.765625,-9.652344,,,,,,,,,,
acc,1778672813.0,232.0,-0.34375,3.882812,-9.875,,,,,,,,,,
acc,1778672813.0,232.0,-0.496094,3.882812,-9.757812,,,,,,,,,,
acc,1778672813.0,232.0,-0.191406,3.804688,-9.875,,,,,,,,,,
acc,1778672813.0,232.0,-0.191406,3.613281,-9.457031,,,,,,,,,,
acc,1778672813.0,232.0,-0.382812,3.765625,-9.839844,,,,,,,,,,
acc,1778672813.0,232.0,-0.417969,3.574219,-9.796875,,,,,,,,,,
acc,1778672813.0,232.0,-0.304688,3.84375,-9.726562,,,,,,,,,,
acc,1778672813.0,232.0,-0.265625,4.074219,-9.992188,,,,,,,,,,
acc,1778672813.0,232.0,-0.304688,3.765625,-9.800781,,,,,,,,,,
acc,1778672813.0,232.0,-0.382812,4.113281,-9.730469,,,,,,,,,,
acc,1778672813.0,232.0,-0.382812,4.226562,-9.800781,,,,,,,,,,
acc,1778672813.0,232.0,-0.265625,3.957031,-9.996094,,,,,,,,,,
acc,1778672813.0,232.0,-0.265625,4.113281,-9.878906,,,,,,,,,,
acc,1778672813.0,232.0,-0.574219,4.035156,-10.070312,,,,,,,,,,
acc,1778672813.0,232.0,-0.535156,3.882812,-9.757812,,,,,,,,,,
acc,1778672813.0,232.0,-0.265625,3.84375,-9.839844,,,,,,,,,,
acc,1778672813.0,232.0,-0.113281,3.652344,-9.800781,,,,,,,,,,
acc,1778672813.0,232.0,-0.382812,3.652344,-9.730469,,,,,,,,,,
acc,1778672813.0,232.0,-0.457031,3.421875,-9.957031,,,,,,,,,,
acc,1778672813.0,232.0,-0.382812,3.421875,-9.839844,,,,,,,,,,
acc,1778672813.0,232.0,-0.226562,3.382812,-10.074219,,,,,,,,,,
acc,1778672813.0,232.0,-0.226562,3.152344,-9.875,,,,,,,,,,
acc,1778672813.0,232.0,-0.265625,3.078125,-9.796875,,,,,,,,,,
acc,1778672813.0,232.0,-0.152344,3.152344,-9.914062,,,,,,,,,,
acc,1778672813.0,232.0,-0.191406,3.34375,-9.726562,,,,,,,,,,
acc,1778672813.0,232.0,-0.34375,3.535156,-9.875,,,,,,,,,,
acc,1778672813.0,232.0,-0.34375,3.765625,-9.761719,,,,,,,,,,
acc,1778672813.0,232.0,-0.265625,3.804688,-9.875,,,,,,,,,,
acc,1778672813.0,232.0,-0.34375,3.804688,-9.839844,,,,,,,,,,
acc,1778672813.0,232.0,-0.417969,3.652344,-9.875,,,,,,,,,,
acc,1778672813.0,232.0,-0.34375,3.308594,-9.730469,,,,,,,,,,
acc,1778672813.0,232.0,-0.34375,3.574219,-9.917969,,,,,,,,,,
acc,1778672813.0,232.0,-0.191406,3.574219,-9.835938,,,,,,,,,,
acc,1778672813.0,232.0,-0.035156,3.613281,-9.835938,,,,,,,,,,
acc,1778672813.0,232.0,-0.191406,3.726562,-9.761719,,,,,,,,,,
acc,1778672813.0,232.0,-0.265625,3.882812,-9.878906,,,,,,,,,,
acc,1778672813.0,232.0,-0.191406,3.726562,-9.652344,,,,,,,,,,
acc,1778672813.0,232.0,-0.074219,3.652344,-9.878906,,,,,,,,,,
acc,1778672813.0,232.0,0.0,3.535156,-9.609375,,,,,,,,,,
acc,1778672813.0,232.0,-0.304688,3.765625,-9.757812,,,,,,,,,,
acc,1778672813.0,232.0,-0.304688,3.84375,-9.839844,,,,,,,,,,
acc,1778672813.0,232.0,-0.226562,3.691406,-9.761719,,,,,,,,,,
acc,1778672813.0,232.0,-0.113281,3.726562,-9.992188,,,,,,,,,,
acc,1778672813.0,232.0,-0.074219,3.882812,-9.839844,,,,,,,,,,
acc,1778672813.0,232.0,-0.191406,3.921875,-9.648438,,,,,,,,,,
acc,1778672813.0,232.0,-0.113281,3.765625,-9.796875,,,,,,,,,,
acc,1778672813.0,232.0,-0.035156,4.226562,-9.800781,,,,,,,,,,
acc,1778672813.0,232.0,-0.113281,3.921875,-9.652344,,,,,,,,,,
acc,1778672813.0,232.0,0.0,3.996094,-10.03125,,,,,,,,,,
acc,1778672813.0,232.0,0.0,3.996094,-9.53125,,,,,,,,,,
acc,1778672813.0,232.0,-0.035156,3.691406,-9.796875,,,,,,,,,,
acc,1778672813.0,232.0,-0.074219,3.921875,-9.953125,,,,,,,,,,
acc,1778672813.0,232.0,-0.226562,3.535156,-9.691406,,,,,,,,,,
acc,1778672813.0,232.0,-0.382812,3.460938,-9.875,,,,,,,,,,
acc,1778672813.0,232.0,-0.226562,3.078125,-9.835938,,,,,,,,,,
acc,1778672813.0,232.0,0.0,3.0,-9.875,,,,,,,,,,
acc,1778672813.0,232.0,-0.304688,3.34375,-9.378906,,,,,,,,,,
acc,1778672813.0,232.0,-0.382812,3.34375,-10.148438,,,,,,,,,,
acc,1778672813.0,232.0,-0.417969,3.535156,-9.800781,,,,,,,,,,
acc,1778672813.0,232.0,-0.417969,3.652344,-9.914062,,,,,,,,,,
acc,1778672813.0,232.0,-0.265625,3.957031,-9.6875,,,,,,,,,,
acc,1778672813.0,232.0,-0.226562,3.691406,-9.726562,,,,,,,,,,
acc,1778672813.0,232.0,-0.152344,3.691406,-9.6875,,,,,,,,,,
acc,1778672813.0,232.0,-0.113281,3.726562,-9.691406,,,,,,,,,,
acc,1778672813.0,232.0,-0.191406,3.726562,-9.496094,,,,,,,,,,
acc,1778672813.0,232.0,-0.34375,3.882812,-9.914062,,,,,,,,,,
acc,1778672813.0,232.0,-0.152344,4.035156,-9.691406,,,,,,,,,,
acc,1778672813.0,232.0,-0.191406,4.074219,-9.875,,,,,,,,,,
acc,1778672813.0,232.0,-0.304688,3.726562,-9.761719,,,,,,,,,,
acc,1778672813.0,232.0,-0.417969,3.804688,-9.996094,,,,,,,,,,
acc,1778672813.0,232.0,-0.382812,3.726562,-9.609375,,,,,,,,,,
acc,1778672813.0,232.0,-0.34375,3.5,-9.835938,,,,,,,,,,
acc,1778672813.0,232.0,-0.226562,3.957031,-9.800781,,,,,,,,,,
acc,1778672813.0,232.0,-0.226562,3.996094,-9.609375,,,,,,,,,,
acc,1778672813.0,232.0,-0.265625,4.035156,-9.796875,,,,,,,,,,
acc,1778672813.0,232.0,-0.34375,4.148438,-9.652344,,,,,,,,,,
acc,1778672813.0,232.0,-0.382812,3.882812,-9.730469,,,,,,,,,,
acc,1778672813.0,232.0,-0.382812,4.074219,-9.957031,,,,,,,,,,
acc,1778672813.0,232.0,-0.382812,4.113281,-9.691406,,,,,,,,,,
acc,1778672813.0,232.0,-0.382812,4.304688,-10.261719,,,,,,,,,,
acc,1778672813.0,232.0,-0.457031,4.1875,-9.875,,,,,,,,,,
acc,1778672813.0,232.0,-0.34375,4.074219,-10.378906,,,,,,,,,,
acc,1778672813.0,232.0,-0.34375,4.113281,-9.648438,,,,,,,,,,
acc,1778672813.0,232.0,-0.304688,4.1875,-10.417969,,,,,,,,,,
acc,1778672813.0,232.0,-0.226562,4.1875,-9.757812,,,,,,,,,,
acc,1778672813.0,232.0,-0.152344,3.921875,-9.839844,,,,,,,,,,
acc,1778672813.0,232.0,-0.265625,3.535156,-9.996094,,,,,,,,,,
acc,1778672813.0,232.0,-0.265625,3.421875,-9.757812,,,,,,,,,,
acc,1778672813.0,232.0,-0.226562,3.382812,-10.074219,,,,,,,,,,
acc,1778672813.0,232.0,-0.074219,3.460938,-9.761719,,,,,,,,,,
acc,1778672813.0,232.0,-0.226562,3.652344,-9.875,,,,,,,,,,
acc,1778672813.0,232.0,-0.152344,3.84375,-9.453125,,,,,,,,,,
acc,1778672813.0,232.0,-0.34375,3.996094,-10.148438,,,,,,,,,,
acc,1778672813.0,232.0,-0.191406,4.074219,-9.730469,,,,,,,,,,
acc,1778672813.0,232.0,-0.113281,4.148438,-9.796875,,,,,,,,,,
acc,1778672813.0,232.0,-0.304688,3.882812,-9.613281,,,,,,,,,,
acc,1778672813.0,232.0,-0.265625,3.765625,-10.074219,,,,,,,,,,
acc,1778672813.0,232.0,-0.226562,3.5,-9.414062,,,,,,,,,,
acc,1778672813.0,232.0,-0.191406,3.5,-10.113281,,,,,,,,,,
acc,1778672813.0,232.0,-0.304688,3.421875,-9.914062,,,,,,,,,,
acc,1778672813.0,232.0,-0.417969,3.691406,-9.417969,,,,,,,,,,
acc,1778672813.0,232.0,-0.304688,3.535156,-10.339844,,,,,,,,,,
acc,1778672813.0,232.0,-0.152344,3.421875,-9.457031,,,,,,,,,,
acc,1778672813.0,232.0,-0.152344,3.882812,-10.109375,,,,,,,,,,
acc,1778672813.0,232.0,-0.152344,3.726562,-9.730469,,,,,,,,,,
acc,1778672813.0,232.0,-0.34375,3.84375,-9.648438,,,,,,,,,,
acc,1778672813.0,232.0,-0.191406,3.804688,-9.800781,,,,,,,,,,
acc,1778672813.0,232.0,0.117188,3.652344,-9.800781,,,,,,,,,,
acc,1778672813.0,232.0,-0.191406,3.421875,-9.800781,,,,,,,,,,
acc,1778672813.0,232.0,-0.382812,3.382812,-9.914062,,,,,,,,,,
acc,1778672813.0,232.0,-0.496094,3.726562,-9.835938,,,,,,,,,,
acc,1778672813.0,232.0,-0.34375,3.996094,-9.800781,,,,,,,,,,
acc,1778672813.0,232.0,-0.152344,3.84375,-9.914062,,,,,,,,,,
acc,1778672813.0,232.0,-0.34375,4.226562,-9.609375,,,,,,,,,,
acc,1778672814.0,233.0,-0.496094,3.957031,-9.757812,,,,,,,,,,
acc,1778672814.0,233.0,-0.226562,4.113281,-9.730469,,,,,,,,,,
acc,1778672814.0,233.0,-0.34375,3.726562,-9.730469,,,,,,,,,,
acc,1778672814.0,233.0,-0.382812,3.535156,-10.453125,,,,,,,,,,
acc,1778672814.0,233.0,-0.304688,3.84375,-9.613281,,,,,,,,,,
acc,1778672814.0,233.0,-0.382812,3.652344,-9.992188,,,,,,,,,,
acc,1778672814.0,233.0,-0.152344,3.84375,-10.148438,,,,,,,,,,
acc,1778672814.0,233.0,-0.191406,3.882812,-9.457031,,,,,,,,,,
acc,1778672814.0,233.0,-0.304688,3.652344,-10.296875,,,,,,,,,,
acc,1778672814.0,233.0,-0.382812,3.269531,-9.492188,,,,,,,,,,
acc,1778672814.0,233.0,-0.417969,3.460938,-9.914062,,,,,,,,,,
acc,1778672814.0,233.0,-0.304688,3.34375,-9.761719,,,,,,,,,,
acc,1778672814.0,233.0,-0.265625,3.5,-9.613281,,,,,,,,,,
acc,1778672814.0,233.0,-0.535156,3.460938,-9.953125,,,,,,,,,,
acc,1778672814.0,233.0,-0.457031,3.613281,-9.691406,,,,,,,,,,
acc,1778672814.0,233.0,-0.382812,3.613281,-9.800781,,,,,,,,,,
acc,1778672814.0,233.0,-0.265625,3.230469,-9.609375,,,,,,,,,,
acc,1778672814.0,233.0,-0.34375,3.421875,-9.535156,,,,,,,,,,
acc,1778672814.0,233.0,-0.457031,3.152344,-9.730469,,,,,,,,,,
acc,1778672814.0,233.0,-0.382812,3.0,-9.691406,,,,,,,,,,
acc,1778672814.0,233.0,-0.34375,3.308594,-9.730469,,,,,,,,,,
acc,1778672814.0,233.0,-0.417969,3.078125,-9.757812,,,,,,,,,,
acc,1778672814.0,233.0,-0.417969,3.117188,-9.730469,,,,,,,,,,
acc,1778672814.0,233.0,-0.226562,3.652344,-10.074219,,,,,,,,,,
acc,1778672814.0,233.0,-0.226562,3.613281,-9.375,,,,,,,,,,
acc,1778672814.0,233.0,-0.382812,3.726562,-10.03125,,,,,,,,,,
acc,1778672814.0,233.0,-0.417969,4.035156,-9.835938,,,,,,,,,,
acc,1778672814.0,233.0,-0.457031,4.074219,-9.726562,,,,,,,,,,
acc,1778672814.0,233.0,-0.535156,3.574219,-9.957031,,,,,,,,,,
acc,1778672814.0,233.0,-0.265625,3.460938,-9.761719,,,,,,,,,,
acc,1778672814.0,233.0,-0.152344,3.535156,-9.730469,,,,,,,,,,
acc,1778672814.0,233.0,-0.113281,3.804688,-9.6875,,,,,,,,,,
acc,1778672814.0,233.0,-0.152344,3.957031,-9.875,,,,,,,,,,
acc,1778672814.0,233.0,-0.074219,4.417969,-9.796875,,,,,,,,,,
acc,1778672814.0,233.0,-0.113281,4.074219,-9.652344,,,,,,,,,,
acc,1778672814.0,233.0,-0.074219,4.113281,-9.917969,,,,,,,,,,
acc,1778672814.0,233.0,-0.074219,3.921875,-9.691406,,,,,,,,,,
acc,1778672814.0,233.0,-0.191406,3.269531,-9.535156,,,,,,,,,,
acc,1778672814.0,233.0,-0.152344,3.5,-10.257812,,,,,,,,,,
acc,1778672814.0,233.0,-0.113281,3.613281,-9.453125,,,,,,,,,,
acc,1778672814.0,233.0,-0.226562,3.921875,-9.726562,,,,,,,,,,
acc,1778672814.0,233.0,-0.191406,3.804688,-10.21875,,,,,,,,,,
acc,1778672814.0,233.0,0.0,3.691406,-9.496094,,,,,,,,,,
acc,1778672814.0,233.0,-0.34375,3.84375,-9.875,,,,,,,,,,
acc,1778672814.0,233.0,-0.113281,3.382812,-9.835938,,,,,,,,,,
acc,1778672814.0,233.0,0.0,3.535156,-9.414062,,,,,,,,,,
acc,1778672814.0,233.0,-0.074219,3.34375,-9.726562,,,,,,,,,,
acc,1778672814.0,233.0,-0.113281,3.382812,-9.875,,,,,,,,,,
acc,1778672814.0,233.0,-0.113281,3.191406,-9.496094,,,,,,,,,,
acc,1778672814.0,233.0,-0.035156,3.421875,-9.878906,,,,,,,,,,
acc,1778672814.0,233.0,0.039062,3.460938,-9.835938,,,,,,,,,,
acc,1778672814.0,233.0,0.15625,3.382812,-9.800781,,,,,,,,,,
acc,1778672814.0,233.0,0.0,3.574219,-9.457031,,,,,,,,,,
acc,1778672814.0,233.0,-0.226562,3.421875,-9.878906,,,,,,,,,,
acc,1778672814.0,233.0,-0.074219,3.765625,-9.691406,,,,,,,,,,
acc,1778672814.0,233.0,-0.074219,3.921875,-9.453125,,,,,,,,,,
acc,1778672814.0,233.0,-0.152344,3.921875,-10.070312,,,,,,,,,,
acc,1778672814.0,233.0,-0.382812,4.074219,-9.417969,,,,,,,,,,
acc,1778672814.0,233.0,-0.304688,4.148438,-10.148438,,,,,,,,,,
acc,1778672814.0,233.0,-0.265625,4.035156,-9.796875,,,,,,,,,,
acc,1778672814.0,233.0,-0.382812,3.957031,-9.875,,,,,,,,,,
acc,1778672814.0,233.0,-0.417969,3.804688,-9.917969,,,,,,,,,,
acc,1778672814.0,233.0,-0.226562,3.804688,-9.726562,,,,,,,,,,
acc,1778672814.0,233.0,-0.035156,3.804688,-9.761719,,,,,,,,,,
acc,1778672814.0,233.0,-0.113281,3.535156,-9.453125,,,,,,,,,,
acc,1778672814.0,233.0,-0.34375,3.957031,-9.914062,,,,,,,,,,
acc,1778672814.0,233.0,-0.613281,4.378906,-9.992188,,,,,,,,,,
acc,1778672814.0,233.0,-0.535156,3.804688,-9.878906,,,,,,,,,,
acc,1778672814.0,233.0,-0.613281,3.765625,-9.6875,,,,,,,,,,
acc,1778672814.0,233.0,-0.613281,3.957031,-9.953125,,,,,,,,,,
acc,1778672814.0,233.0,-0.496094,3.382812,-9.609375,,,,,,,,,,
acc,1778672814.0,233.0,-0.382812,3.0,-9.835938,,,,,,,,,,
acc,1778672814.0,233.0,-0.417969,3.269531,-9.691406,,,,,,,,,,
acc,1778672814.0,233.0,-0.574219,3.421875,-9.691406,,,,,,,,,,
acc,1778672814.0,233.0,-0.613281,3.574219,-9.878906,,,,,,,,,,
acc,1778672814.0,233.0,-0.6875,3.804688,-9.917969,,,,,,,,,,
acc,1778672814.0,233.0,-0.382812,3.421875,-9.996094,,,,,,,,,,
acc,1778672814.0,233.0,-0.382812,3.460938,-9.914062,,,,,,,,,,
acc,1778672814.0,233.0,-0.382812,3.269531,-9.914062,,,,,,,,,,
acc,1778672814.0,233.0,-0.265625,3.421875,-9.800781,,,,,,,,,,
acc,1778672814.0,233.0,-0.304688,3.765625,-9.914062,,,,,,,,,,
acc,1778672814.0,233.0,-0.304688,3.652344,-9.796875,,,,,,,,,,
acc,1778672814.0,233.0,-0.226562,3.691406,-9.996094,,,,,,,,,,
acc,1778672814.0,233.0,-0.226562,3.421875,-9.570312,,,,,,,,,,
acc,1778672814.0,233.0,-0.34375,3.574219,-9.839844,,,,,,,,,,
acc,1778672814.0,233.0,-0.535156,3.957031,-9.757812,,,,,,,,,,
acc,1778672814.0,233.0,-0.457031,3.765625,-10.261719,,,,,,,,,,
acc,1778672814.0,233.0,-0.535156,3.882812,-9.730469,,,,,,,,,,
acc,1778672814.0,233.0,-0.457031,3.957031,-10.109375,,,,,,,,,,
acc,1778672814.0,233.0,-0.496094,3.726562,-9.875,,,,,,,,,,
acc,1778672814.0,233.0,-0.226562,3.613281,-9.730469,,,,,,,,,,
acc,1778672814.0,233.0,-0.152344,4.148438,-10.035156,,,,,,,,,,
acc,1778672814.0,233.0,-0.265625,4.265625,-9.347656,,,,,,,,,,
acc,1778672814.0,233.0,-0.226562,3.957031,-9.800781,,,,,,,,,,
acc,1778672814.0,233.0,-0.113281,3.957031,-9.691406,,,,,,,,,,
acc,1778672814.0,233.0,-0.152344,3.804688,-9.269531,,,,,,,,,,
acc,1778672814.0,233.0,-0.191406,3.726562,-10.035156,,,,,,,,,,
acc,1778672814.0,233.0,-0.035156,3.957031,-9.730469,,,,,,,,,,
acc,1778672814.0,233.0,-0.265625,3.996094,-9.726562,,,,,,,,,,
acc,1778672814.0,233.0,-0.304688,3.574219,-10.074219,,,,,,,,,,
acc,1778672814.0,233.0,-0.152344,3.691406,-9.878906,,,,,,,,,,
acc,1778672814.0,233.0,-0.113281,3.460938,-9.574219,,,,,,,,,,
acc,1778672814.0,233.0,-0.191406,3.460938,-9.613281,,,,,,,,,,
acc,1778672814.0,233.0,-0.035156,4.113281,-9.609375,,,,,,,,,,
acc,1778672814.0,233.0,-0.074219,4.035156,-9.496094,,,,,,,,,,
acc,1778672814.0,233.0,-0.152344,3.957031,-9.347656,,,,,,,,,,
acc,1778672814.0,233.0,-0.113281,3.613281,-9.835938,,,,,,,,,,
acc,1778672814.0,233.0,-0.074219,3.765625,-9.414062,,,,,,,,,,
acc,1778672814.0,233.0,-0.304688,3.957031,-9.6875,,,,,,,,,,
acc,1778672814.0,233.0,-0.113281,3.613281,-9.992188,,,,,,,,,,
acc,1778672814.0,233.0,-0.035156,3.882812,-9.304688,,,,,,,,,,
acc,1778672814.0,233.0,-0.074219,3.84375,-9.957031,,,,,,,,,,
acc,1778672814.0,233.0,-0.074219,3.691406,-9.800781,,,,,,,,,,
acc,1778672814.0,233.0,-0.191406,3.765625,-9.414062,,,,,,,,,,
acc,1778672814.0,233.0,-0.382812,3.765625,-10.152344,,,,,,,,,,
acc,1778672814.0,233.0,-0.34375,3.652344,-9.800781,,,,,,,,,,
acc,1778672814.0,233.0,-0.226562,3.574219,-9.878906,,,,,,,,,,
acc,1778672814.0,233.0,-0.226562,3.535156,-9.992188,,,,,,,,,,
acc,1778672814.0,233.0,-0.191406,3.574219,-9.691406,,,,,,,,,,
acc,1778672814.0,233.0,-0.035156,3.84375,-10.03125,,,,,,,,,,
acc,1778672814.0,233.0,-0.191406,3.996094,-9.269531,,,,,,,,,,
acc,1778672814.0,233.0,-0.113281,3.921875,-10.035156,,,,,,,,,,
acc,1778672814.0,233.0,-0.152344,4.265625,-9.226562,,,,,,,,,,
acc,1778672814.0,233.0,-0.074219,4.265625,-9.757812,,,,,,,,,,
acc,1778672814.0,233.0,-0.074219,4.035156,-9.839844,,,,,,,,,,
acc,1778672814.0,233.0,-0.152344,3.652344,-9.492188,,,,,,,,,,
acc,1778672814.0,233.0,-0.113281,3.691406,-10.035156,,,,,,,,,,
acc,1778672814.0,233.0,-0.191406,3.84375,-9.535156,,,,,,,,,,
acc,1778672814.0,233.0,-0.191406,3.726562,-9.917969,,,,,,,,,,
acc,1778672815.0,234.0,-0.152344,3.921875,-10.113281,,,,,,,,,,
acc,1778672815.0,234.0,-0.035156,3.726562,-9.691406,,,,,,,,,,
acc,1778672815.0,234.0,-0.074219,3.652344,-10.070312,,,,,,,,,,
acc,1778672815.0,234.0,-0.152344,3.613281,-9.691406,,,,,,,,,,
acc,1778672815.0,234.0,-0.191406,3.921875,-9.992188,,,,,,,,,,
acc,1778672815.0,234.0,-0.191406,4.113281,-9.957031,,,,,,,,,,
acc,1778672815.0,234.0,-0.226562,3.765625,-9.839844,,,,,,,,,,
acc,1778672815.0,234.0,-0.265625,4.113281,-9.917969,,,,,,,,,,
acc,1778672815.0,234.0,-0.191406,3.726562,-9.996094,,,,,,,,,,
acc,1778672815.0,234.0,-0.191406,3.726562,-9.726562,,,,,,,,,,
acc,1778672815.0,234.0,-0.226562,3.996094,-10.03125,,,,,,,,,,
acc,1778672815.0,234.0,-0.34375,3.691406,-9.726562,,,,,,,,,,
acc,1778672815.0,234.0,-0.382812,3.921875,-9.996094,,,,,,,,,,
acc,1778672815.0,234.0,-0.382812,4.113281,-9.914062,,,,,,,,,,
acc,1778672815.0,234.0,-0.417969,4.074219,-9.839844,,,,,,,,,,
acc,1778672815.0,234.0,-0.417969,3.921875,-10.070312,,,,,,,,,,
acc,1778672815.0,234.0,-0.34375,3.804688,-9.957031,,,,,,,,,,
acc,1778672815.0,234.0,-0.457031,3.882812,-9.757812,,,,,,,,,,
acc,1778672815.0,234.0,-0.496094,3.765625,-10.296875,,,,,,,,,,
acc,1778672815.0,234.0,-0.226562,3.84375,-9.691406,,,,,,,,,,
acc,1778672815.0,234.0,-0.191406,3.84375,-9.796875,,,,,,,,,,
acc,1778672815.0,234.0,-0.382812,3.957031,-9.992188,,,,,,,,,,
acc,1778672815.0,234.0,-0.535156,4.074219,-9.996094,,,,,,,,,,
acc,1778672815.0,234.0,-0.457031,3.804688,-9.839844,,,,,,,,,,
acc,1778672815.0,234.0,-0.496094,3.804688,-10.152344,,,,,,,,,,
acc,1778672815.0,234.0,-0.417969,3.84375,-9.800781,,,,,,,,,,
acc,1778672815.0,234.0,-0.457031,3.921875,-10.035156,,,,,,,,,,
acc,1778672815.0,234.0,-0.457031,3.765625,-9.917969,,,,,,,,,,
acc,1778672815.0,234.0,-0.574219,3.574219,-9.648438,,,,,,,,,,
acc,1778672815.0,234.0,-0.6875,3.84375,-10.148438,,,,,,,,,,
acc,1778672815.0,234.0,-0.839844,3.921875,-9.726562,,,,,,,,,,
acc,1778672815.0,234.0,-0.574219,3.652344,-9.917969,,,,,,,,,,
acc,1778672815.0,234.0,-0.457031,3.5,-9.914062,,,,,,,,,,
acc,1778672815.0,234.0,-0.574219,3.5,-9.761719,,,,,,,,,,
acc,1778672815.0,234.0,-0.648438,3.5,-9.996094,,,,,,,,,,
acc,1778672815.0,234.0,-0.457031,3.34375,-10.148438,,,,,,,,,,
acc,1778672815.0,234.0,-0.457031,3.421875,-9.796875,,,,,,,,,,
acc,1778672815.0,234.0,-0.726562,3.34375,-10.148438,,,,,,,,,,
acc,1778672815.0,234.0,-0.765625,3.574219,-9.835938,,,,,,,,,,
acc,1778672815.0,234.0,-0.6875,3.613281,-9.757812,,,,,,,,,,
acc,1778672815.0,234.0,-0.34375,3.613281,-9.992188,,,,,,,,,,
acc,1778672815.0,234.0,-0.34375,3.726562,-9.648438,,,,,,,,,,
acc,1778672815.0,234.0,-0.574219,3.535156,-9.917969,,,,,,,,,,
acc,1778672815.0,234.0,-0.417969,3.726562,-9.875,,,,,,,,,,
acc,1778672815.0,234.0,-0.226562,3.84375,-9.757812,,,,,,,,,,
acc,1778672815.0,234.0,-0.191406,3.765625,-9.875,,,,,,,,,,
acc,1778672815.0,234.0,-0.191406,4.074219,-9.875,,,,,,,,,,
acc,1778672815.0,234.0,-0.191406,4.226562,-9.535156,,,,,,,,,,
acc,1778672815.0,234.0,-0.113281,3.996094,-9.609375,,,,,,,,,,
acc,1778672815.0,234.0,-0.074219,4.074219,-9.609375,,,,,,,,,,
acc,1778672815.0,234.0,-0.113281,4.113281,-9.609375,,,,,,,,,,
acc,1778672815.0,234.0,-0.191406,4.074219,-9.875,,,,,,,,,,
acc,1778672815.0,234.0,-0.265625,4.074219,-9.347656,,,,,,,,,,
acc,1778672815.0,234.0,-0.304688,4.417969,-10.113281,,,,,,,,,,
acc,1778672815.0,234.0,-0.226562,4.378906,-9.757812,,,,,,,,,,
acc,1778672815.0,234.0,-0.382812,4.378906,-9.53125,,,,,,,,,,
acc,1778672815.0,234.0,-0.265625,3.84375,-10.152344,,,,,,,,,,
acc,1778672815.0,234.0,-0.074219,3.996094,-9.34375,,,,,,,,,,
acc,1778672815.0,234.0,0.0,4.113281,-9.730469,,,,,,,,,,
acc,1778672815.0,234.0,-0.152344,3.84375,-9.453125,,,,,,,,,,
acc,1778672815.0,234.0,-0.265625,3.804688,-9.730469,,,,,,,,,,
acc,1778672815.0,234.0,-0.191406,3.691406,-9.914062,,,,,,,,,,
acc,1778672815.0,234.0,0.0,3.191406,-9.496094,,,,,,,,,,
acc,1778672815.0,234.0,-0.035156,3.382812,-9.648438,,,,,,,,,,
acc,1778672815.0,234.0,0.0,3.574219,-9.34375,,,,,,,,,,
acc,1778672815.0,234.0,0.117188,3.5,-9.414062,,,,,,,,,,
acc,1778672815.0,234.0,0.0,3.996094,-9.53125,,,,,,,,,,
acc,1778672815.0,234.0,-0.191406,3.84375,-9.308594,,,,,,,,,,
acc,1778672815.0,234.0,-0.113281,3.421875,-9.839844,,,,,,,,,,
acc,1778672815.0,234.0,-0.035156,3.691406,-9.570312,,,,,,,,,,
acc,1778672815.0,234.0,0.0,3.460938,-9.648438,,,,,,,,,,
acc,1778672815.0,234.0,-0.191406,3.382812,-9.570312,,,,,,,,,,
acc,1778672815.0,234.0,-0.265625,3.726562,-9.496094,,,,,,,,,,
acc,1778672815.0,234.0,-0.113281,3.382812,-9.648438,,,,,,,,,,
acc,1778672815.0,234.0,0.078125,3.804688,-9.226562,,,,,,,,,,
acc,1778672815.0,234.0,-0.152344,3.996094,-9.414062,,,,,,,,,,
acc,1778672815.0,234.0,-0.152344,3.691406,-9.652344,,,,,,,,,,
acc,1778672815.0,234.0,-0.152344,3.765625,-9.570312,,,,,,,,,,
acc,1778672815.0,234.0,-0.417969,4.035156,-9.691406,,,,,,,,,,
acc,1778672815.0,234.0,-0.265625,3.921875,-9.953125,,,,,,,,,,
acc,1778672815.0,234.0,-0.382812,3.804688,-9.839844,,,,,,,,,,
acc,1778672815.0,234.0,-0.417969,4.339844,-9.757812,,,,,,,,,,
acc,1778672815.0,234.0,-0.457031,3.957031,-9.835938,,,,,,,,,,
acc,1778672815.0,234.0,-0.382812,3.613281,-9.914062,,,,,,,,,,
acc,1778672815.0,234.0,-0.382812,3.996094,-9.53125,,,,,,,,,,
acc,1778672815.0,234.0,-0.417969,3.804688,-10.070312,,,,,,,,,,
acc,1778672815.0,234.0,-0.382812,3.957031,-9.648438,,,,,,,,,,
acc,1778672815.0,234.0,-0.496094,3.957031,-9.691406,,,,,,,,,,
acc,1778672815.0,234.0,-0.382812,3.996094,-9.992188,,,,,,,,,,
acc,1778672815.0,234.0,-0.226562,4.148438,-9.613281,,,,,,,,,,
acc,1778672815.0,234.0,-0.113281,3.996094,-9.730469,,,,,,,,,,
acc,1778672815.0,234.0,-0.191406,3.921875,-9.691406,,,,,,,,,,
acc,1778672815.0,234.0,-0.265625,3.726562,-9.6875,,,,,,,,,,
acc,1778672815.0,234.0,-0.304688,3.726562,-9.957031,,,,,,,,,,
acc,1778672815.0,234.0,-0.304688,3.691406,-9.835938,,,,,,,,,,
acc,1778672815.0,234.0,-0.304688,3.574219,-9.953125,,,,,,,,,,
acc,1778672815.0,234.0,-0.417969,3.382812,-9.800781,,,,,,,,,,
acc,1778672815.0,234.0,-0.226562,3.613281,-9.757812,,,,,,,,,,
acc,1778672815.0,234.0,-0.265625,3.574219,-9.574219,,,,,,,,,,
acc,1778672815.0,234.0,-0.34375,3.765625,-10.179688,,,,,,,,,,
acc,1778672815.0,234.0,-0.648438,3.957031,-9.457031,,,,,,,,,,
acc,1778672815.0,234.0,-0.417969,3.574219,-10.152344,,,,,,,,,,
acc,1778672815.0,234.0,-0.265625,3.5,-9.796875,,,,,,,,,,
acc,1778672815.0,234.0,-0.382812,3.574219,-9.417969,,,,,,,,,,
acc,1778672815.0,234.0,-0.304688,3.382812,-10.261719,,,,,,,,,,
acc,1778672815.0,234.0,-0.265625,3.230469,-9.414062,,,,,,,,,,
acc,1778672815.0,234.0,-0.496094,3.5,-9.914062,,,,,,,,,,
acc,1778672815.0,234.0,-0.496094,3.34375,-9.992188,,,,,,,,,,
acc,1778672815.0,234.0,-0.265625,3.957031,-9.652344,,,,,,,,,,
acc,1778672815.0,234.0,-0.113281,4.226562,-9.757812,,,,,,,,,,
acc,1778672815.0,234.0,-0.152344,3.882812,-9.757812,,,,,,,,,,
acc,1778672815.0,234.0,-0.417969,3.921875,-9.726562,,,,,,,,,,
acc,1778672815.0,234.0,-0.417969,3.652344,-10.109375,,,,,,,,,,
acc,1778672815.0,234.0,-0.226562,3.726562,-9.914062,,,,,,,,,,
acc,1778672815.0,234.0,-0.304688,3.460938,-9.726562,,,,,,,,,,
acc,1778672815.0,234.0,-0.152344,3.34375,-9.992188,,,,,,,,,,
acc,1778672815.0,234.0,-0.191406,4.148438,-9.648438,,,,,,,,,,
acc,1778672815.0,234.0,-0.226562,3.804688,-9.761719,,,,,,,,,,
acc,1778672815.0,234.0,-0.152344,3.84375,-10.109375,,,,,,,,,,
acc,1778672815.0,234.0,-0.074219,3.957031,-9.613281,,,,,,,,,,
acc,1778672815.0,234.0,-0.265625,3.921875,-9.953125,,,,,,,,,,
acc,1778672815.0,234.0,-0.152344,4.1875,-9.875,,,,,,,,,,
acc,1778672815.0,234.0,0.0,3.957031,-9.609375,,,,,,,,,,
acc,1778672815.0,234.0,-0.113281,3.921875,-9.917969,,,,,,,,,,
acc,1778672815.0,234.0,-0.265625,3.765625,-9.914062,,,,,,,,,,
acc,1778672815.0,234.0,-0.265625,3.84375,-9.917969,,,,,,,,,,
acc,1778672815.0,234.0,-0.152344,3.882812,-9.757812,,,,,,,,,,
acc,1778672816.0,235.0,0.039062,4.113281,-9.800781,,,,,,,,,,
acc,1778672816.0,235.0,0.0,4.339844,-10.03125,,,,,,,,,,
acc,1778672816.0,235.0,-0.035156,4.304688,-9.726562,,,,,,,,,,
acc,1778672816.0,235.0,0.039062,4.53125,-10.070312,,,,,,,,,,
acc,1778672816.0,235.0,-0.035156,4.226562,-9.609375,,,,,,,,,,
acc,1778672816.0,235.0,0.0,4.304688,-9.761719,,,,,,,,,,
acc,1778672816.0,235.0,-0.113281,4.148438,-9.652344,,,,,,,,,,
acc,1778672816.0,235.0,-0.191406,3.726562,-9.6875,,,,,,,,,,
acc,1778672816.0,235.0,0.039062,3.996094,-9.953125,,,,,,,,,,
acc,1778672816.0,235.0,-0.035156,4.074219,-9.308594,,,,,,,,,,
acc,1778672816.0,235.0,-0.152344,3.996094,-10.03125,,,,,,,,,,
acc,1778672816.0,235.0,0.0,3.804688,-9.6875,,,,,,,,,,
acc,1778672816.0,235.0,-0.074219,3.84375,-9.761719,,,,,,,,,,
acc,1778672816.0,235.0,-0.152344,3.574219,-9.996094,,,,,,,,,,
acc,1778672816.0,235.0,-0.226562,3.382812,-9.453125,,,,,,,,,,
acc,1778672816.0,235.0,-0.226562,3.574219,-10.296875,,,,,,,,,,
acc,1778672816.0,235.0,-0.152344,3.421875,-9.417969,,,,,,,,,,
acc,1778672816.0,235.0,-0.191406,3.804688,-10.148438,,,,,,,,,,
acc,1778672816.0,235.0,-0.304688,3.882812,-9.613281,,,,,,,,,,
acc,1778672816.0,235.0,-0.191406,3.84375,-9.726562,,,,,,,,,,
acc,1778672816.0,235.0,-0.304688,3.535156,-9.839844,,,,,,,,,,
acc,1778672816.0,235.0,-0.382812,3.34375,-9.53125,,,,,,,,,,
acc,1778672816.0,235.0,-0.34375,3.382812,-10.183594,,,,,,,,,,
acc,1778672816.0,235.0,-0.417969,3.613281,-9.414062,,,,,,,,,,
acc,1778672816.0,235.0,-0.457031,3.34375,-10.074219,,,,,,,,,,
acc,1778672816.0,235.0,-0.417969,3.382812,-9.800781,,,,,,,,,,
acc,1778672816.0,235.0,-0.496094,3.996094,-9.730469,,,,,,,,,,
acc,1778672816.0,235.0,-0.574219,3.421875,-9.992188,,,,,,,,,,
acc,1778672816.0,235.0,-0.457031,3.574219,-9.417969,,,,,,,,,,
acc,1778672816.0,235.0,-0.535156,3.921875,-10.070312,,,,,,,,,,
acc,1778672816.0,235.0,-0.496094,3.382812,-9.800781,,,,,,,,,,
acc,1778672816.0,235.0,-0.535156,3.382812,-9.835938,,,,,,,,,,
acc,1778672816.0,235.0,-0.613281,3.34375,-9.757812,,,,,,,,,,
acc,1778672816.0,235.0,-0.574219,2.925781,-9.761719,,,,,,,,,,
acc,1778672816.0,235.0,-0.417969,3.691406,-10.113281,,,,,,,,,,
acc,1778672816.0,235.0,-0.613281,3.882812,-9.453125,,,,,,,,,,
acc,1778672816.0,235.0,-0.648438,3.921875,-10.300781,,,,,,,,,,
acc,1778672816.0,235.0,-0.765625,4.417969,-9.761719,,,,,,,,,,
acc,1778672816.0,235.0,-0.6875,3.765625,-10.222656,,,,,,,,,,
acc,1778672816.0,235.0,-0.457031,3.691406,-9.761719,,,,,,,,,,
acc,1778672816.0,235.0,-0.574219,3.765625,-9.835938,,,,,,,,,,
acc,1778672816.0,235.0,-0.613281,3.269531,-10.03125,,,,,,,,,,
acc,1778672816.0,235.0,-0.417969,3.269531,-9.574219,,,,,,,,,,
acc,1778672816.0,235.0,-0.574219,3.726562,-9.957031,,,,,,,,,,
acc,1778672816.0,235.0,-0.417969,3.652344,-9.953125,,,,,,,,,,
acc,1778672816.0,235.0,-0.382812,3.996094,-9.835938,,,,,,,,,,
acc,1778672816.0,235.0,-0.457031,4.035156,-9.875,,,,,,,,,,
acc,1778672816.0,235.0,-0.382812,3.652344,-9.757812,,,,,,,,,,
acc,1778672816.0,235.0,-0.226562,3.882812,-9.835938,,,,,,,,,,
acc,1778672816.0,235.0,-0.265625,3.535156,-9.796875,,,,,,,,,,
acc,1778672816.0,235.0,-0.191406,3.460938,-10.070312,,,,,,,,,,
acc,1778672816.0,235.0,-0.226562,3.460938,-9.574219,,,,,,,,,,
acc,1778672816.0,235.0,-0.152344,3.996094,-9.53125,,,,,,,,,,
acc,1778672816.0,235.0,-0.226562,4.074219,-9.957031,,,,,,,,,,
acc,1778672816.0,235.0,-0.265625,3.957031,-9.917969,,,,,,,,,,
acc,1778672816.0,235.0,-0.113281,3.804688,-9.652344,,,,,,,,,,
acc,1778672816.0,235.0,-0.113281,3.882812,-9.691406,,,,,,,,,,
acc,1778672816.0,235.0,0.0,4.074219,-9.6875,,,,,,,,,,
acc,1778672816.0,235.0,-0.113281,3.996094,-9.800781,,,,,,,,,,
acc,1778672816.0,235.0,-0.035156,3.726562,-9.53125,,,,,,,,,,
acc,1778672816.0,235.0,-0.074219,3.957031,-9.761719,,,,,,,,,,
acc,1778672816.0,235.0,0.0,3.921875,-9.796875,,,,,,,,,,
acc,1778672816.0,235.0,0.0,3.726562,-9.492188,,,,,,,,,,
acc,1778672816.0,235.0,-0.074219,3.84375,-9.535156,,,,,,,,,,
acc,1778672816.0,235.0,-0.074219,3.882812,-9.839844,,,,,,,,,,
acc,1778672816.0,235.0,-0.074219,3.882812,-9.378906,,,,,,,,,,
acc,1778672816.0,235.0,-0.152344,3.613281,-9.757812,,,,,,,,,,
acc,1778672816.0,235.0,-0.152344,3.574219,-9.417969,,,,,,,,,,
acc,1778672816.0,235.0,0.0,3.765625,-9.917969,,,,,,,,,,
acc,1778672816.0,235.0,0.117188,3.613281,-9.609375,,,,,,,,,,
acc,1778672816.0,235.0,0.078125,3.652344,-9.609375,,,,,,,,,,
acc,1778672816.0,235.0,-0.113281,3.652344,-9.648438,,,,,,,,,,
acc,1778672816.0,235.0,-0.113281,3.691406,-9.796875,,,,,,,,,,
acc,1778672816.0,235.0,0.0,3.765625,-9.417969,,,,,,,,,,
acc,1778672816.0,235.0,-0.074219,3.421875,-9.800781,,,,,,,,,,
acc,1778672816.0,235.0,-0.152344,3.382812,-9.648438,,,,,,,,,,
acc,1778672816.0,235.0,-0.265625,3.421875,-9.375,,,,,,,,,,
acc,1778672816.0,235.0,-0.304688,3.34375,-10.070312,,,,,,,,,,
acc,1778672816.0,235.0,-0.382812,3.460938,-9.230469,,,,,,,,,,
acc,1778672816.0,235.0,-0.382812,3.574219,-10.035156,,,,,,,,,,
acc,1778672816.0,235.0,-0.34375,3.574219,-9.535156,,,,,,,,,,
acc,1778672816.0,235.0,-0.152344,3.726562,-9.800781,,,,,,,,,,
acc,1778672816.0,235.0,-0.113281,3.613281,-9.757812,,,,,,,,,,
acc,1778672816.0,235.0,-0.074219,3.535156,-9.878906,,,,,,,,,,
acc,1778672816.0,235.0,-0.457031,3.726562,-9.609375,,,,,,,,,,
acc,1778672816.0,235.0,-0.726562,3.84375,-9.800781,,,,,,,,,,
acc,1778672816.0,235.0,-0.34375,3.765625,-9.957031,,,,,,,,,,
acc,1778672816.0,235.0,-0.152344,3.804688,-9.652344,,,,,,,,,,
acc,1778672816.0,235.0,-0.34375,3.652344,-9.835938,,,,,,,,,,
acc,1778672816.0,235.0,-0.382812,3.84375,-9.875,,,,,,,,,,
acc,1778672816.0,235.0,-0.574219,3.882812,-9.839844,,,,,,,,,,
acc,1778672816.0,235.0,-0.457031,3.382812,-9.800781,,,,,,,,,,
acc,1778672816.0,235.0,-0.382812,4.148438,-9.839844,,,,,,,,,,
acc,1778672816.0,235.0,-0.382812,4.1875,-9.800781,,,,,,,,,,
acc,1778672816.0,235.0,-0.457031,3.921875,-9.6875,,,,,,,,,,
acc,1778672816.0,235.0,-0.457031,3.996094,-9.953125,,,,,,,,,,
acc,1778672816.0,235.0,-0.417969,3.84375,-9.875,,,,,,,,,,
acc,1778672816.0,235.0,-0.613281,3.882812,-9.835938,,,,,,,,,,
acc,1778672816.0,235.0,-0.535156,3.613281,-9.914062,,,,,,,,,,
acc,1778672816.0,235.0,-0.417969,3.574219,-9.613281,,,,,,,,,,
acc,1778672816.0,235.0,-0.191406,3.921875,-9.730469,,,,,,,,,,
acc,1778672816.0,235.0,-0.191406,4.035156,-9.839844,,,,,,,,,,
acc,1778672816.0,235.0,-0.304688,4.074219,-9.609375,,,,,,,,,,
acc,1778672816.0,235.0,-0.457031,4.378906,-10.074219,,,,,,,,,,
acc,1778672816.0,235.0,-0.457031,3.691406,-9.957031,,,,,,,,,,
acc,1778672816.0,235.0,-0.535156,3.613281,-9.800781,,,,,,,,,,
acc,1778672816.0,235.0,-0.496094,3.613281,-9.914062,,,,,,,,,,
acc,1778672816.0,235.0,-0.304688,3.804688,-9.992188,,,,,,,,,,
acc,1778672816.0,235.0,-0.265625,3.957031,-9.726562,,,,,,,,,,
acc,1778672816.0,235.0,-0.191406,3.765625,-10.109375,,,,,,,,,,
acc,1778672816.0,235.0,-0.304688,3.84375,-9.570312,,,,,,,,,,
acc,1778672816.0,235.0,-0.382812,3.996094,-9.730469,,,,,,,,,,
acc,1778672816.0,235.0,-0.304688,3.308594,-9.613281,,,,,,,,,,
acc,1778672816.0,235.0,-0.074219,3.230469,-9.648438,,,,,,,,,,
acc,1778672816.0,235.0,0.039062,3.5,-9.835938,,,,,,,,,,
acc,1778672816.0,235.0,-0.382812,3.921875,-10.113281,,,,,,,,,,
acc,1778672816.0,235.0,-0.265625,3.691406,-9.953125,,,,,,,,,,
acc,1778672816.0,235.0,-0.226562,3.460938,-9.953125,,,,,,,,,,
acc,1778672816.0,235.0,-0.152344,3.308594,-9.953125,,,,,,,,,,
acc,1778672816.0,235.0,-0.191406,3.535156,-9.613281,,,,,,,,,,
acc,1778672816.0,235.0,-0.152344,3.726562,-9.691406,,,,,,,,,,
acc,1778672816.0,235.0,-0.113281,4.265625,-9.6875,,,,,,,,,,
acc,1778672816.0,235.0,-0.304688,3.804688,-9.574219,,,,,,,,,,
acc,1778672816.0,235.0,-0.34375,3.535156,-9.914062,,,,,,,,,,
acc,1778672816.0,235.0,-0.417969,3.34375,-9.414062,,,,,,,,,,
acc,1778672817.0,236.0,-0.304688,3.152344,-10.035156,,,,,,,,,,
acc,1778672817.0,236.0,-0.152344,3.230469,-9.570312,,,,,,,,,,
acc,1778672817.0,236.0,-0.226562,3.460938,-9.835938,,,,,,,,,,
acc,1778672817.0,236.0,-0.226562,3.382812,-9.691406,,,,,,,,,,
acc,1778672817.0,236.0,-0.34375,3.574219,-9.652344,,,,,,,,,,
acc,1778672817.0,236.0,-0.304688,3.191406,-9.691406,,,,,,,,,,
acc,1778672817.0,236.0,0.0,3.269531,-9.691406,,,,,,,,,,
acc,1778672817.0,236.0,-0.035156,3.691406,-9.796875,,,,,,,,,,
acc,1778672817.0,236.0,-0.226562,3.921875,-9.878906,,,,,,,,,,
acc,1778672817.0,236.0,-0.226562,3.882812,-9.609375,,,,,,,,,,
acc,1778672817.0,236.0,-0.113281,3.996094,-9.992188,,,,,,,,,,
acc,1778672817.0,236.0,-0.152344,3.882812,-9.691406,,,,,,,,,,
acc,1778672817.0,236.0,-0.191406,3.269531,-9.613281,,,,,,,,,,
acc,1778672817.0,236.0,-0.191406,3.613281,-9.878906,,,,,,,,,,
acc,1778672817.0,236.0,-0.152344,3.5,-9.414062,,,,,,,,,,
acc,1778672817.0,236.0,-0.226562,3.804688,-9.726562,,,,,,,,,,
acc,1778672817.0,236.0,-0.265625,4.148438,-9.648438,,,,,,,,,,
acc,1778672817.0,236.0,-0.265625,4.113281,-9.613281,,,,,,,,,,
acc,1778672817.0,236.0,-0.34375,4.113281,-9.691406,,,,,,,,,,
acc,1778672817.0,236.0,-0.265625,3.765625,-9.757812,,,,,,,,,,
acc,1778672817.0,236.0,-0.304688,3.535156,-9.457031,,,,,,,,,,
acc,1778672817.0,236.0,-0.191406,3.535156,-9.917969,,,,,,,,,,
acc,1778672817.0,236.0,-0.191406,3.804688,-9.648438,,,,,,,,,,
acc,1778672817.0,236.0,-0.265625,4.035156,-9.796875,,,,,,,,,,
acc,1778672817.0,236.0,-0.304688,4.1875,-9.996094,,,,,,,,,,
acc,1778672817.0,236.0,-0.34375,4.074219,-9.457031,,,,,,,,,,
acc,1778672817.0,236.0,-0.191406,3.691406,-10.183594,,,,,,,,,,
acc,1778672817.0,236.0,-0.035156,3.535156,-9.414062,,,,,,,,,,
acc,1778672817.0,236.0,-0.152344,3.230469,-9.761719,,,,,,,,,,
acc,1778672817.0,236.0,-0.304688,3.308594,-10.070312,,,,,,,,,,
acc,1778672817.0,236.0,-0.113281,3.84375,-9.609375,,,,,,,,,,
acc,1778672817.0,236.0,-0.191406,3.691406,-10.183594,,,,,,,,,,
acc,1778672817.0,236.0,-0.191406,3.882812,-9.457031,,,,,,,,,,
acc,1778672817.0,236.0,-0.152344,3.804688,-9.726562,,,,,,,,,,
acc,1778672817.0,236.0,-0.074219,3.460938,-9.496094,,,,,,,,,,
acc,1778672817.0,236.0,0.117188,3.269531,-9.757812,,,,,,,,,,
acc,1778672817.0,236.0,-0.191406,3.421875,-9.730469,,,,,,,,,,
acc,1778672817.0,236.0,-0.417969,3.613281,-9.757812,,,,,,,,,,
acc,1778672817.0,236.0,-0.34375,3.652344,-9.835938,,,,,,,,,,
acc,1778672817.0,236.0,-0.152344,3.5,-9.648438,,,,,,,,,,
acc,1778672817.0,236.0,-0.113281,3.421875,-9.6875,,,,,,,,,,
acc,1778672817.0,236.0,-0.074219,3.882812,-10.222656,,,,,,,,,,
acc,1778672817.0,236.0,-0.34375,3.882812,-9.609375,,,,,,,,,,
acc,1778672817.0,236.0,-0.382812,3.84375,-10.074219,,,,,,,,,,
acc,1778672817.0,236.0,-0.226562,4.035156,-9.992188,,,,,,,,,,
acc,1778672817.0,236.0,-0.152344,3.921875,-9.996094,,,,,,,,,,
acc,1778672817.0,236.0,-0.382812,3.882812,-9.992188,,,,,,,,,,
acc,1778672817.0,236.0,-0.417969,3.765625,-9.957031,,,,,,,,,,
acc,1778672817.0,236.0,-0.34375,3.652344,-9.992188,,,,,,,,,,
acc,1778672817.0,236.0,-0.382812,3.652344,-9.53125,,,,,,,,,,
acc,1778672817.0,236.0,-0.265625,3.921875,-9.800781,,,,,,,,,,
acc,1778672817.0,236.0,-0.191406,4.074219,-9.730469,,,,,,,,,,
acc,1778672817.0,236.0,-0.226562,4.304688,-9.613281,,,,,,,,,,
acc,1778672817.0,236.0,-0.265625,3.804688,-9.265625,,,,,,,,,,
acc,1778672817.0,236.0,-0.265625,3.613281,-9.6875,,,,,,,,,,
acc,1778672817.0,236.0,-0.074219,3.996094,-10.035156,,,,,,,,,,
acc,1778672817.0,236.0,-0.074219,3.726562,-9.457031,,,,,,,,,,
acc,1778672817.0,236.0,-0.265625,4.074219,-10.109375,,,,,,,,,,
acc,1778672817.0,236.0,-0.496094,4.035156,-9.800781,,,,,,,,,,
acc,1778672817.0,236.0,-0.496094,3.652344,-10.03125,,,,,,,,,,
acc,1778672817.0,236.0,-0.496094,3.726562,-9.875,,,,,,,,,,
acc,1778672817.0,236.0,-0.34375,3.460938,-9.648438,,,,,,,,,,
acc,1778672817.0,236.0,-0.417969,3.117188,-9.875,,,,,,,,,,
acc,1778672817.0,236.0,-0.457031,3.191406,-9.496094,,,,,,,,,,
acc,1778672817.0,236.0,-0.457031,3.34375,-9.730469,,,,,,,,,,
acc,1778672817.0,236.0,-0.535156,3.765625,-9.878906,,,,,,,,,,
acc,1778672817.0,236.0,-0.574219,3.726562,-9.917969,,,,,,,,,,
acc,1778672817.0,236.0,-0.226562,3.84375,-9.691406,,,,,,,,,,
acc,1778672817.0,236.0,-0.226562,3.804688,-9.535156,,,,,,,,,,
acc,1778672817.0,236.0,-0.152344,3.460938,-9.953125,,,,,,,,,,
acc,1778672817.0,236.0,-0.226562,3.574219,-9.761719,,,,,,,,,,
acc,1778672817.0,236.0,-0.382812,3.726562,-9.648438,,,,,,,,,,
acc,1778672817.0,236.0,-0.226562,3.613281,-10.109375,,,,,,,,,,
acc,1778672817.0,236.0,-0.265625,4.035156,-9.417969,,,,,,,,,,
acc,1778672817.0,236.0,-0.457031,4.148438,-10.179688,,,,,,,,,,
acc,1778672817.0,236.0,-0.382812,3.882812,-10.109375,,,,,,,,,,
acc,1778672817.0,236.0,-0.34375,3.691406,-9.878906,,,,,,,,,,
acc,1778672817.0,236.0,-0.417969,3.574219,-9.957031,,,,,,,,,,
acc,1778672817.0,236.0,-0.34375,3.765625,-9.917969,,,,,,,,,,
acc,1778672817.0,236.0,-0.265625,3.613281,-9.496094,,,,,,,,,,
acc,1778672817.0,236.0,-0.191406,3.574219,-10.074219,,,,,,,,,,
acc,1778672817.0,236.0,-0.265625,3.574219,-9.109375,,,,,,,,,,
acc,1778672817.0,236.0,-0.265625,3.460938,-10.261719,,,,,,,,,,
acc,1778672817.0,236.0,-0.226562,3.535156,-9.800781,,,,,,,,,,
acc,1778672817.0,236.0,-0.382812,3.421875,-9.535156,,,,,,,,,,
acc,1778672817.0,236.0,-0.34375,3.726562,-10.375,,,,,,,,,,
acc,1778672817.0,236.0,-0.152344,3.421875,-9.1875,,,,,,,,,,
acc,1778672817.0,236.0,-0.113281,3.308594,-10.03125,,,,,,,,,,
acc,1778672817.0,236.0,-0.226562,3.152344,-9.875,,,,,,,,,,
acc,1778672817.0,236.0,-0.226562,3.460938,-9.609375,,,,,,,,,,
acc,1778672817.0,236.0,-0.34375,3.421875,-10.113281,,,,,,,,,,
acc,1778672817.0,236.0,-0.113281,3.230469,-9.796875,,,,,,,,,,
acc,1778672817.0,236.0,0.0,3.460938,-9.648438,,,,,,,,,,
acc,1778672817.0,236.0,-0.265625,3.382812,-9.457031,,,,,,,,,,
acc,1778672817.0,236.0,-0.113281,3.191406,-9.996094,,,,,,,,,,
acc,1778672817.0,236.0,-0.152344,3.382812,-9.53125,,,,,,,,,,
acc,1778672817.0,236.0,-0.191406,4.074219,-9.609375,,,,,,,,,,
acc,1778672817.0,236.0,-0.265625,3.84375,-9.652344,,,,,,,,,,
acc,1778672817.0,236.0,-0.34375,3.84375,-9.609375,,,,,,,,,,
acc,1778672817.0,236.0,-0.34375,4.035156,-9.835938,,,,,,,,,,
acc,1778672817.0,236.0,-0.382812,3.765625,-9.6875,,,,,,,,,,
acc,1778672817.0,236.0,-0.265625,3.957031,-9.652344,,,,,,,,,,
acc,1778672817.0,236.0,-0.191406,3.652344,-9.6875,,,,,,,,,,
acc,1778672817.0,236.0,-0.191406,3.691406,-9.757812,,,,,,,,,,
acc,1778672817.0,236.0,-0.304688,3.804688,-9.648438,,,,,,,,,,
acc,1778672817.0,236.0,-0.382812,3.84375,-9.914062,,,,,,,,,,
acc,1778672817.0,236.0,-0.304688,3.804688,-9.730469,,,,,,,,,,
acc,1778672817.0,236.0,-0.152344,3.574219,-9.796875,,,,,,,,,,
acc,1778672817.0,236.0,-0.304688,4.035156,-9.6875,,,,,,,,,,
acc,1778672817.0,236.0,-0.34375,4.148438,-9.457031,,,,,,,,,,
acc,1778672817.0,236.0,-0.34375,3.921875,-9.917969,,,,,,,,,,
acc,1778672817.0,236.0,-0.265625,3.574219,-9.453125,,,,,,,,,,
acc,1778672817.0,236.0,-0.304688,3.460938,-9.6875,,,,,,,,,,
acc,1778672817.0,236.0,-0.382812,3.535156,-9.730469,,,,,,,,,,
acc,1778672817.0,236.0,-0.304688,3.882812,-9.496094,,,,,,,,,,
acc,1778672817.0,236.0,-0.191406,4.1875,-9.652344,,,,,,,,,,
acc,1778672817.0,236.0,-0.191406,3.921875,-9.492188,,,,,,,,,,
acc,1778672817.0,236.0,-0.113281,3.574219,-9.496094,,,,,,,,,,
acc,1778672817.0,236.0,-0.191406,3.152344,-9.652344,,,,,,,,,,
acc,1778672817.0,236.0,-0.035156,3.152344,-9.800781,,,,,,,,,,
acc,1778672817.0,236.0,-0.035156,3.34375,-9.730469,,,,,,,,,,
acc,1778672817.0,236.0,-0.152344,3.535156,-9.992188,,,,,,,,,,
acc,1778672817.0,236.0,-0.304688,3.996094,-9.761719,,,,,,,,,,
acc,1778672817.0,236.0,-0.191406,3.574219,-9.875,,,,,,,,,,
acc,1778672817.0,236.0,-0.152344,3.574219,-9.570312,,,,,,,,,,
acc,1778672818.0,237.0,-0.304688,3.613281,-9.839844,,,,,,,,,,
acc,1778672818.0,237.0,-0.226562,3.804688,-10.179688,,,,,,,,,,
acc,1778672818.0,237.0,-0.152344,3.613281,-9.691406,,,,,,,,,,
acc,1778672818.0,237.0,-0.34375,3.765625,-10.261719,,,,,,,,,,
acc,1778672818.0,237.0,-0.304688,3.957031,-10.070312,,,,,,,,,,
acc,1778672818.0,237.0,-0.226562,3.613281,-9.757812,,,,,,,,,,
acc,1778672818.0,237.0,-0.191406,3.804688,-10.074219,,,,,,,,,,
acc,1778672818.0,237.0,-0.152344,3.691406,-9.796875,,,,,,,,,,
acc,1778672818.0,237.0,-0.035156,3.804688,-9.726562,,,,,,,,,,
acc,1778672818.0,237.0,0.0,3.765625,-9.535156,,,,,,,,,,
acc,1778672818.0,237.0,-0.035156,3.691406,-9.726562,,,,,,,,,,
acc,1778672818.0,237.0,-0.074219,3.613281,-9.6875,,,,,,,,,,
acc,1778672818.0,237.0,0.078125,3.460938,-9.800781,,,,,,,,,,
acc,1778672818.0,237.0,-0.226562,3.84375,-9.914062,,,,,,,,,,
acc,1778672818.0,237.0,0.0,3.5,-9.992188,,,,,,,,,,
acc,1778672818.0,237.0,0.039062,3.84375,-9.648438,,,,,,,,,,
acc,1778672818.0,237.0,-0.191406,3.84375,-10.035156,,,,,,,,,,
acc,1778672818.0,237.0,-0.074219,3.269531,-9.839844,,,,,,,,,,
acc,1778672818.0,237.0,-0.035156,3.5,-9.800781,,,,,,,,,,
acc,1778672818.0,237.0,-0.035156,3.421875,-9.917969,,,,,,,,,,
acc,1778672818.0,237.0,0.15625,3.652344,-9.53125,,,,,,,,,,
acc,1778672818.0,237.0,0.117188,3.882812,-9.757812,,,,,,,,,,
acc,1778672818.0,237.0,0.0,3.996094,-9.914062,,,,,,,,,,
acc,1778672818.0,237.0,-0.074219,4.035156,-9.761719,,,,,,,,,,
acc,1778672818.0,237.0,-0.113281,3.804688,-9.957031,,,,,,,,,,
acc,1778672818.0,237.0,-0.152344,3.574219,-9.6875,,,,,,,,,,
acc,1778672818.0,237.0,-0.191406,3.5,-9.957031,,,,,,,,,,
acc,1778672818.0,237.0,-0.074219,3.152344,-9.917969,,,,,,,,,,
acc,1778672818.0,237.0,-0.035156,3.5,-9.875,,,,,,,,,,
acc,1778672818.0,237.0,-0.34375,3.652344,-9.914062,,,,,,,,,,
acc,1778672818.0,237.0,-0.34375,3.804688,-10.222656,,,,,,,,,,
acc,1778672818.0,237.0,-0.34375,3.691406,-9.796875,,,,,,,,,,
acc,1778672818.0,237.0,-0.382812,3.613281,-9.992188,,,,,,,,,,
acc,1778672818.0,237.0,-0.265625,3.726562,-9.726562,,,,,,,,,,
acc,1778672818.0,237.0,-0.417969,3.652344,-9.875,,,,,,,,,,
acc,1778672818.0,237.0,-0.535156,3.882812,-9.757812,,,,,,,,,,
acc,1778672818.0,237.0,-0.496094,4.074219,-9.796875,,,,,,,,,,
acc,1778672818.0,237.0,-0.496094,4.035156,-9.953125,,,,,,,,,,
acc,1778672818.0,237.0,-0.535156,3.765625,-9.613281,,,,,,,,,,
acc,1778672818.0,237.0,-0.496094,3.691406,-9.996094,,,,,,,,,,
acc,1778672818.0,237.0,-0.457031,3.382812,-9.648438,,,,,,,,,,
acc,1778672818.0,237.0,-0.457031,3.5,-9.875,,,,,,,,,,
acc,1778672818.0,237.0,-0.535156,3.535156,-9.875,,,,,,,,,,
acc,1778672818.0,237.0,-0.574219,3.191406,-9.648438,,,,,,,,,,
acc,1778672818.0,237.0,-0.535156,3.460938,-9.730469,,,,,,,,,,
acc,1778672818.0,237.0,-0.574219,3.652344,-9.761719,,,,,,,,,,
acc,1778672818.0,237.0,-0.457031,3.535156,-9.730469,,,,,,,,,,
acc,1778672818.0,237.0,-0.574219,3.691406,-9.648438,,,,,,,,,,
acc,1778672818.0,237.0,-0.765625,3.765625,-9.914062,,,,,,,,,,
acc,1778672818.0,237.0,-0.613281,3.652344,-9.648438,,,,,,,,,,
acc,1778672818.0,237.0,-0.417969,3.691406,-10.035156,,,,,,,,,,
acc,1778672818.0,237.0,-0.382812,3.691406,-9.796875,,,,,,,,,,
acc,1778672818.0,237.0,-0.457031,3.535156,-9.953125,,,,,,,,,,
acc,1778672818.0,237.0,-0.496094,3.574219,-9.917969,,,,,,,,,,
acc,1778672818.0,237.0,-0.457031,3.957031,-10.109375,,,,,,,,,,
acc,1778672818.0,237.0,-0.417969,3.84375,-10.109375,,,,,,,,,,
acc,1778672818.0,237.0,-0.417969,4.035156,-9.914062,,,,,,,,,,
acc,1778672818.0,237.0,-0.496094,4.148438,-9.878906,,,,,,,,,,
acc,1778672818.0,237.0,-0.496094,3.882812,-9.992188,,,,,,,,,,
acc,1778672818.0,237.0,-0.265625,3.613281,-9.878906,,,,,,,,,,
acc,1778672818.0,237.0,-0.191406,3.652344,-9.917969,,,,,,,,,,
acc,1778672818.0,237.0,-0.265625,3.765625,-9.800781,,,,,,,,,,
acc,1778672818.0,237.0,-0.226562,3.726562,-9.953125,,,,,,,,,,
acc,1778672818.0,237.0,-0.074219,3.765625,-9.835938,,,,,,,,,,
acc,1778672818.0,237.0,-0.226562,3.882812,-9.914062,,,,,,,,,,
acc,1778672818.0,237.0,-0.304688,3.921875,-10.074219,,,,,,,,,,
acc,1778672818.0,237.0,-0.113281,3.652344,-9.730469,,,,,,,,,,
acc,1778672818.0,237.0,0.0,3.535156,-9.574219,,,,,,,,,,
acc,1778672818.0,237.0,0.117188,3.574219,-9.957031,,,,,,,,,,
acc,1778672818.0,237.0,-0.035156,3.765625,-9.613281,,,,,,,,,,
acc,1778672818.0,237.0,0.0,3.84375,-9.800781,,,,,,,,,,
acc,1778672818.0,237.0,-0.113281,3.804688,-9.652344,,,,,,,,,,
acc,1778672818.0,237.0,-0.035156,3.882812,-9.691406,,,,,,,,,,
acc,1778672818.0,237.0,-0.035156,4.074219,-9.570312,,,,,,,,,,
acc,1778672818.0,237.0,-0.035156,4.074219,-9.570312,,,,,,,,,,
acc,1778672818.0,237.0,-0.113281,3.957031,-9.800781,,,,,,,,,,
acc,1778672818.0,237.0,0.0,3.613281,-9.574219,,,,,,,,,,
acc,1778672818.0,237.0,0.039062,3.726562,-9.875,,,,,,,,,,
acc,1778672818.0,237.0,-0.113281,3.691406,-9.613281,,,,,,,,,,
acc,1778672818.0,237.0,0.039062,3.535156,-9.730469,,,,,,,,,,
acc,1778672818.0,237.0,0.230469,3.460938,-9.726562,,,,,,,,,,
acc,1778672818.0,237.0,0.078125,3.382812,-9.609375,,,,,,,,,,
acc,1778672818.0,237.0,-0.035156,3.269531,-9.914062,,,,,,,,,,
acc,1778672818.0,237.0,-0.152344,3.535156,-9.574219,,,,,,,,,,
acc,1778672818.0,237.0,-0.074219,3.691406,-9.648438,,,,,,,,,,
acc,1778672818.0,237.0,-0.113281,3.765625,-9.917969,,,,,,,,,,
acc,1778672818.0,237.0,-0.074219,4.035156,-9.308594,,,,,,,,,,
acc,1778672818.0,237.0,-0.152344,4.035156,-10.03125,,,,,,,,,,
acc,1778672818.0,237.0,-0.191406,3.613281,-9.6875,,,,,,,,,,
acc,1778672818.0,237.0,0.0,3.460938,-9.992188,,,,,,,,,,
acc,1778672818.0,237.0,-0.191406,3.34375,-9.796875,,,,,,,,,,
acc,1778672818.0,237.0,-0.304688,3.421875,-9.757812,,,,,,,,,,
acc,1778672818.0,237.0,-0.304688,4.113281,-9.996094,,,,,,,,,,
acc,1778672818.0,237.0,-0.304688,4.113281,-9.308594,,,,,,,,,,
acc,1778672818.0,237.0,-0.191406,3.882812,-9.996094,,,,,,,,,,
acc,1778672818.0,237.0,-0.226562,4.1875,-9.375,,,,,,,,,,
acc,1778672818.0,237.0,-0.265625,3.921875,-9.730469,,,,,,,,,,
acc,1778672818.0,237.0,-0.382812,3.921875,-9.878906,,,,,,,,,,
acc,1778672818.0,237.0,-0.574219,4.035156,-9.613281,,,,,,,,,,
acc,1778672818.0,237.0,-0.457031,3.84375,-10.257812,,,,,,,,,,
acc,1778672818.0,237.0,-0.535156,3.652344,-9.230469,,,,,,,,,,
acc,1778672818.0,237.0,-0.574219,3.726562,-10.035156,,,,,,,,,,
acc,1778672818.0,237.0,-0.457031,3.921875,-9.652344,,,,,,,,,,
acc,1778672818.0,237.0,-0.574219,3.921875,-9.609375,,,,,,,,,,
acc,1778672818.0,237.0,-0.6875,3.804688,-9.996094,,,,,,,,,,
acc,1778672818.0,237.0,-0.765625,3.691406,-9.691406,,,,,,,,,,
acc,1778672818.0,237.0,-0.496094,3.5,-10.074219,,,,,,,,,,
acc,1778672818.0,237.0,-0.457031,3.535156,-9.53125,,,,,,,,,,
acc,1778672818.0,237.0,-0.417969,3.691406,-9.839844,,,,,,,,,,
acc,1778672818.0,237.0,-0.382812,3.996094,-9.835938,,,,,,,,,,
acc,1778672818.0,237.0,-0.457031,4.035156,-9.375,,,,,,,,,,
acc,1778672818.0,237.0,-0.457031,3.84375,-9.992188,,,,,,,,,,
acc,1778672818.0,237.0,-0.457031,3.84375,-9.800781,,,,,,,,,,
acc,1778672818.0,237.0,-0.496094,3.804688,-9.652344,,,,,,,,,,
acc,1778672818.0,237.0,-0.496094,3.804688,-10.035156,,,,,,,,,,
acc,1778672818.0,237.0,-0.417969,3.535156,-9.835938,,,,,,,,,,
acc,1778672818.0,237.0,-0.382812,3.804688,-9.917969,,,,,,,,,,
acc,1778672818.0,237.0,-0.34375,3.84375,-9.875,,,,,,,,,,
acc,1778672818.0,237.0,-0.226562,3.460938,-10.109375,,,,,,,,,,
acc,1778672818.0,237.0,-0.152344,3.652344,-9.800781,,,,,,,,,,
acc,1778672818.0,237.0,-0.113281,3.84375,-10.109375,,,,,,,,,,
acc,1778672818.0,237.0,0.15625,3.921875,-9.761719,,,,,,,,,,
acc,1778672818.0,237.0,0.230469,4.304688,-9.992188,,,,,,,,,,
acc,1778672818.0,237.0,0.039062,4.148438,-9.957031,,,,,,,,,,
acc,1778672818.0,237.0,-0.035156,4.304688,-9.878906,,,,,,,,,,
acc,1778672818.0,237.0,-0.226562,4.226562,-9.800781,,,,,,,,,,
acc,1778672818.0,237.0,0.0,3.574219,-9.957031,,,,,,,,,,
acc,1778672819.0,238.0,-0.035156,3.34375,-9.757812,,,,,,,,,,
acc,1778672819.0,238.0,-0.074219,3.460938,-9.878906,,,,,,,,,,
acc,1778672819.0,238.0,-0.113281,3.691406,-9.917969,,,,,,,,,,
acc,1778672819.0,238.0,-0.074219,4.074219,-9.609375,,,,,,,,,,
acc,1778672819.0,238.0,-0.035156,4.148438,-10.152344,,,,,,,,,,
acc,1778672819.0,238.0,0.039062,3.882812,-9.800781,,,,,,,,,,
acc,1778672819.0,238.0,0.078125,3.652344,-9.648438,,,,,,,,,,
acc,1778672819.0,238.0,0.191406,3.5,-9.957031,,,,,,,,,,
acc,1778672819.0,238.0,0.421875,3.191406,-9.53125,,,,,,,,,,
acc,1778672819.0,238.0,0.421875,3.152344,-9.996094,,,,,,,,,,
acc,1778672819.0,238.0,0.117188,3.117188,-9.375,,,,,,,,,,
acc,1778672819.0,238.0,0.15625,3.308594,-9.992188,,,,,,,,,,
acc,1778672819.0,238.0,0.191406,3.460938,-9.535156,,,,,,,,,,
acc,1778672819.0,238.0,0.269531,3.535156,-9.835938,,,,,,,,,,
acc,1778672819.0,238.0,0.347656,3.765625,-9.757812,,,,,,,,,,
acc,1778672819.0,238.0,0.15625,3.84375,-9.757812,,,,,,,,,,
acc,1778672819.0,238.0,0.191406,3.84375,-9.957031,,,,,,,,,,
acc,1778672819.0,238.0,0.15625,3.921875,-9.6875,,,,,,,,,,
acc,1778672819.0,238.0,-0.035156,3.882812,-9.835938,,,,,,,,,,
acc,1778672819.0,238.0,0.191406,3.382812,-9.917969,,,,,,,,,,
acc,1778672819.0,238.0,0.382812,3.382812,-9.609375,,,,,,,,,,
acc,1778672819.0,238.0,0.347656,3.726562,-9.652344,,,,,,,,,,
acc,1778672819.0,238.0,0.347656,3.726562,-9.917969,,,,,,,,,,
acc,1778672819.0,238.0,0.308594,4.074219,-9.535156,,,,,,,,,,
acc,1778672819.0,238.0,0.308594,3.691406,-10.035156,,,,,,,,,,
acc,1778672819.0,238.0,0.117188,3.421875,-9.761719,,,,,,,,,,
acc,1778672819.0,238.0,-0.191406,3.726562,-9.996094,,,,,,,,,,
acc,1778672819.0,238.0,-0.382812,3.957031,-10.414062,,,,,,,,,,
acc,1778672819.0,238.0,-0.035156,3.921875,-9.878906,,,,,,,,,,
acc,1778672819.0,238.0,-0.113281,4.304688,-10.179688,,,,,,,,,,
acc,1778672819.0,238.0,-0.34375,4.148438,-9.996094,,,,,,,,,,
acc,1778672819.0,238.0,-0.382812,4.113281,-9.800781,,,,,,,,,,
acc,1778672819.0,238.0,-0.113281,3.84375,-9.730469,,,,,,,,,,
acc,1778672819.0,238.0,0.078125,3.421875,-9.535156,,,,,,,,,,
acc,1778672819.0,238.0,0.117188,3.613281,-9.691406,,,,,,,,,,
acc,1778672819.0,238.0,0.0,4.304688,-9.652344,,,,,,,,,,
acc,1778672819.0,238.0,-0.074219,4.304688,-9.609375,,,,,,,,,,
acc,1778672819.0,238.0,0.0,4.417969,-9.800781,,,,,,,,,,
acc,1778672819.0,238.0,0.039062,4.265625,-9.878906,,,,,,,,,,
acc,1778672819.0,238.0,0.191406,3.804688,-9.757812,,,,,,,,,,
acc,1778672819.0,238.0,0.117188,3.84375,-9.730469,,,,,,,,,,
acc,1778672819.0,238.0,0.269531,3.191406,-9.6875,,,,,,,,,,
acc,1778672819.0,238.0,0.347656,3.421875,-9.800781,,,,,,,,,,
acc,1778672819.0,238.0,0.269531,3.34375,-9.691406,,,,,,,,,,
acc,1778672819.0,238.0,0.15625,3.308594,-10.074219,,,,,,,,,,
acc,1778672819.0,238.0,0.15625,3.726562,-9.648438,,,,,,,,,,
acc,1778672819.0,238.0,0.269531,3.957031,-9.691406,,,,,,,,,,
acc,1778672819.0,238.0,0.460938,3.996094,-9.800781,,,,,,,,,,
acc,1778672819.0,238.0,0.730469,4.035156,-9.726562,,,,,,,,,,
acc,1778672819.0,238.0,0.652344,3.996094,-9.953125,,,,,,,,,,
acc,1778672819.0,238.0,0.539062,4.265625,-9.917969,,,,,,,,,,
acc,1778672819.0,238.0,0.652344,4.148438,-10.035156,,,,,,,,,,
acc,1778672819.0,238.0,0.804688,4.417969,-9.613281,,,,,,,,,,
acc,1778672819.0,238.0,0.921875,4.378906,-9.535156,,,,,,,,,,
acc,1778672819.0,238.0,1.074219,3.765625,-9.609375,,,,,,,,,,
acc,1778672819.0,238.0,1.113281,3.460938,-9.492188,,,,,,,,,,
acc,1778672819.0,238.0,1.113281,3.5,-9.757812,,,,,,,,,,
acc,1778672819.0,238.0,1.152344,3.34375,-9.648438,,,,,,,,,,
acc,1778672819.0,238.0,1.1875,3.613281,-9.730469,,,,,,,,,,
acc,1778672819.0,238.0,1.113281,3.691406,-9.652344,,,,,,,,,,
acc,1778672819.0,238.0,1.152344,3.84375,-9.648438,,,,,,,,,,
acc,1778672819.0,238.0,1.1875,4.226562,-9.609375,,,,,,,,,,
acc,1778672819.0,238.0,1.152344,4.035156,-9.414062,,,,,,,,,,
acc,1778672819.0,238.0,1.113281,3.957031,-9.609375,,,,,,,,,,
acc,1778672819.0,238.0,1.226562,3.765625,-9.269531,,,,,,,,,,
acc,1778672819.0,238.0,1.378906,3.269531,-9.414062,,,,,,,,,,
acc,1778672819.0,238.0,1.496094,3.0,-9.230469,,,,,,,,,,
acc,1778672819.0,238.0,1.496094,3.230469,-9.34375,,,,,,,,,,
acc,1778672819.0,238.0,1.457031,3.421875,-9.308594,,,,,,,,,,
acc,1778672819.0,238.0,1.535156,3.613281,-9.492188,,,,,,,,,,
acc,1778672819.0,238.0,1.378906,3.957031,-9.53125,,,,,,,,,,
acc,1778672819.0,238.0,1.304688,3.921875,-9.648438,,,,,,,,,,
acc,1778672819.0,238.0,1.417969,3.574219,-9.417969,,,,,,,,,,
acc,1778672819.0,238.0,1.378906,3.421875,-9.269531,,,,,,,,,,
acc,1778672819.0,238.0,1.496094,3.0,-9.574219,,,,,,,,,,
acc,1778672819.0,238.0,1.570312,3.0,-9.074219,,,,,,,,,,
acc,1778672819.0,238.0,1.648438,3.191406,-9.53125,,,,,,,,,,
acc,1778672819.0,238.0,1.570312,3.308594,-9.265625,,,,,,,,,,
acc,1778672819.0,238.0,1.570312,3.574219,-9.34375,,,,,,,,,,
acc,1778672819.0,238.0,1.378906,3.726562,-9.265625,,,,,,,,,,
acc,1778672819.0,238.0,1.265625,3.574219,-9.414062,,,,,,,,,,
acc,1778672819.0,238.0,1.378906,3.34375,-9.453125,,,,,,,,,,
acc,1778672819.0,238.0,1.34375,3.34375,-9.191406,,,,,,,,,,
acc,1778672819.0,238.0,1.226562,3.269531,-9.375,,,,,,,,,,
acc,1778672819.0,238.0,1.265625,3.308594,-9.761719,,,,,,,,,,
acc,1778672819.0,238.0,1.34375,3.308594,-9.347656,,,,,,,,,,
acc,1778672819.0,238.0,1.304688,3.613281,-9.839844,,,,,,,,,,
acc,1778672819.0,238.0,1.265625,3.613281,-9.613281,,,,,,,,,,
acc,1778672819.0,238.0,1.226562,3.5,-9.757812,,,,,,,,,,
acc,1778672819.0,238.0,1.34375,3.804688,-9.839844,,,,,,,,,,
acc,1778672819.0,238.0,1.34375,3.613281,-9.414062,,,,,,,,,,
acc,1778672819.0,238.0,1.34375,3.460938,-9.992188,,,,,,,,,,
acc,1778672819.0,238.0,1.304688,3.34375,-9.6875,,,,,,,,,,
acc,1778672819.0,238.0,1.226562,3.152344,-9.800781,,,,,,,,,,
acc,1778672819.0,238.0,1.152344,3.0,-10.257812,,,,,,,,,,
acc,1778672819.0,238.0,1.152344,3.191406,-9.839844,,,,,,,,,,
acc,1778672819.0,238.0,1.304688,3.382812,-10.535156,,,,,,,,,,
acc,1778672819.0,238.0,1.378906,3.191406,-9.570312,,,,,,,,,,
acc,1778672819.0,238.0,1.265625,2.925781,-10.070312,,,,,,,,,,
acc,1778672819.0,238.0,1.265625,2.886719,-9.953125,,,,,,,,,,
acc,1778672819.0,238.0,1.265625,3.230469,-9.800781,,,,,,,,,,
acc,1778672819.0,238.0,1.265625,3.230469,-10.183594,,,,,,,,,,
acc,1778672819.0,238.0,1.304688,2.925781,-9.878906,,,,,,,,,,
acc,1778672819.0,238.0,1.378906,2.886719,-10.222656,,,,,,,,,,
acc,1778672819.0,238.0,1.378906,3.117188,-9.953125,,,,,,,,,,
acc,1778672819.0,238.0,1.496094,3.152344,-10.109375,,,,,,,,,,
acc,1778672819.0,238.0,1.496094,3.191406,-10.179688,,,,,,,,,,
acc,1778672819.0,238.0,1.535156,3.0,-9.992188,,,,,,,,,,
acc,1778672819.0,238.0,1.34375,3.34375,-10.03125,,,,,,,,,,
acc,1778672819.0,238.0,1.34375,3.421875,-9.726562,,,,,,,,,,
acc,1778672819.0,238.0,1.265625,3.421875,-10.03125,,,,,,,,,,
acc,1778672819.0,238.0,1.152344,3.152344,-9.953125,,,,,,,,,,
acc,1778672819.0,238.0,0.996094,3.382812,-10.03125,,,,,,,,,,
acc,1778672819.0,238.0,0.996094,3.574219,-10.152344,,,,,,,,,,
acc,1778672819.0,238.0,1.265625,3.460938,-10.339844,,,,,,,,,,
acc,1778672819.0,238.0,1.226562,3.421875,-9.796875,,,,,,,,,,
acc,1778672819.0,238.0,1.113281,3.574219,-10.070312,,,,,,,,,,
acc,1778672819.0,238.0,1.226562,3.308594,-9.835938,,,,,,,,,,
acc,1778672819.0,238.0,1.265625,3.039062,-9.652344,,,,,,,,,,
acc,1778672819.0,238.0,1.1875,3.230469,-10.222656,,,,,,,,,,
acc,1778672819.0,238.0,1.226562,3.117188,-9.730469,,,,,,,,,,
acc,1778672819.0,238.0,1.226562,3.34375,-10.183594,,,,,,,,,,
acc,1778672819.0,238.0,1.265625,3.691406,-9.914062,,,,,,,,,,
acc,1778672819.0,238.0,1.074219,3.804688,-10.074219,,,,,,,,,,
acc,1778672819.0,238.0,1.113281,3.765625,-10.179688,,,,,,,,,,
acc,1778672819.0,238.0,1.1875,3.421875,-9.839844,,,,,,,,,,
acc,1778672819.0,238.0,1.1875,3.382812,-10.074219,,,,,,,,,,
acc,1778672820.0,239.0,1.265625,3.230469,-10.074219,,,,,,,,,,
acc,1778672820.0,239.0,1.152344,3.078125,-9.757812,,,,,,,,,,
acc,1778672820.0,239.0,1.152344,3.117188,-10.03125,,,,,,,,,,
acc,1778672820.0,239.0,1.417969,3.535156,-9.800781,,,,,,,,,,
acc,1778672820.0,239.0,1.226562,3.613281,-9.609375,,,,,,,,,,
acc,1778672820.0,239.0,1.226562,3.039062,-10.03125,,,,,,,,,,
acc,1778672820.0,239.0,1.265625,3.230469,-9.875,,,,,,,,,,
acc,1778672820.0,239.0,1.265625,3.34375,-9.796875,,,,,,,,,,
acc,1778672820.0,239.0,1.1875,3.269531,-9.953125,,,,,,,,,,
acc,1778672820.0,239.0,1.265625,3.34375,-9.761719,,,,,,,,,,
acc,1778672820.0,239.0,1.304688,3.269531,-9.726562,,,,,,,,,,
acc,1778672820.0,239.0,1.304688,3.34375,-9.996094,,,,,,,,,,
acc,1778672820.0,239.0,1.1875,3.230469,-9.652344,,,,,,,,,,
acc,1778672820.0,239.0,1.113281,3.152344,-10.03125,,,,,,,,,,
acc,1778672820.0,239.0,1.226562,3.382812,-9.953125,,,,,,,,,,
acc,1778672820.0,239.0,1.417969,3.613281,-9.953125,,,,,,,,,,
acc,1778672820.0,239.0,1.34375,3.535156,-9.835938,,,,,,,,,,
acc,1778672820.0,239.0,1.265625,3.382812,-10.070312,,,,,,,,,,
acc,1778672820.0,239.0,1.378906,3.460938,-9.835938,,,,,,,,,,
acc,1778672820.0,239.0,1.496094,3.574219,-9.957031,,,,,,,,,,
acc,1778672820.0,239.0,1.648438,3.34375,-9.726562,,,,,,,,,,
acc,1778672820.0,239.0,1.609375,3.382812,-9.652344,,,,,,,,,,
acc,1778672820.0,239.0,1.648438,3.269531,-9.652344,,,,,,,,,,
acc,1778672820.0,239.0,1.765625,3.726562,-9.796875,,,,,,,,,,
acc,1778672820.0,239.0,1.6875,3.882812,-9.691406,,,,,,,,,,
acc,1778672820.0,239.0,1.726562,3.191406,-9.878906,,,,,,,,,,
acc,1778672820.0,239.0,1.726562,3.078125,-9.800781,,,,,,,,,,
acc,1778672820.0,239.0,1.726562,3.34375,-9.609375,,,,,,,,,,
acc,1778672820.0,239.0,1.765625,2.847656,-9.800781,,,,,,,,,,
acc,1778672820.0,239.0,1.800781,2.578125,-9.496094,,,,,,,,,,
acc,1778672820.0,239.0,1.726562,2.808594,-9.800781,,,,,,,,,,
acc,1778672820.0,239.0,1.765625,3.117188,-9.761719,,,,,,,,,,
acc,1778672820.0,239.0,1.765625,3.117188,-9.761719,,,,,,,,,,
acc,1778672820.0,239.0,1.726562,2.808594,-9.691406,,,,,,,,,,
acc,1778672820.0,239.0,1.609375,2.386719,-9.875,,,,,,,,,,
acc,1778672820.0,239.0,1.765625,2.464844,-9.609375,,,,,,,,,,
acc,1778672820.0,239.0,1.609375,3.0,-9.570312,,,,,,,,,,
acc,1778672820.0,239.0,1.648438,2.695312,-9.691406,,,,,,,,,,
acc,1778672820.0,239.0,1.839844,2.695312,-9.652344,,,,,,,,,,
acc,1778672820.0,239.0,1.917969,3.039062,-9.230469,,,,,,,,,,
acc,1778672820.0,239.0,1.878906,3.0,-9.757812,,,,,,,,,,
acc,1778672820.0,239.0,1.839844,2.695312,-9.378906,,,,,,,,,,
acc,1778672820.0,239.0,1.957031,2.769531,-9.953125,,,,,,,,,,
acc,1778672820.0,239.0,1.878906,3.039062,-9.574219,,,,,,,,,,
acc,1778672820.0,239.0,2.03125,2.730469,-9.609375,,,,,,,,,,
acc,1778672820.0,239.0,2.109375,2.886719,-9.609375,,,,,,,,,,
acc,1778672820.0,239.0,2.070312,2.730469,-9.226562,,,,,,,,,,
acc,1778672820.0,239.0,1.957031,2.730469,-9.652344,,,,,,,,,,
acc,1778672820.0,239.0,1.957031,3.152344,-9.492188,,,,,,,,,,
acc,1778672820.0,239.0,1.992188,3.269531,-9.457031,,,,,,,,,,
acc,1778672820.0,239.0,1.917969,2.960938,-9.574219,,,,,,,,,,
acc,1778672820.0,239.0,2.070312,2.769531,-9.574219,,,,,,,,,,
acc,1778672820.0,239.0,2.03125,2.539062,-9.613281,,,,,,,,,,
acc,1778672820.0,239.0,1.878906,2.386719,-9.570312,,,,,,,,,,
acc,1778672820.0,239.0,1.800781,2.464844,-9.691406,,,,,,,,,,
acc,1778672820.0,239.0,1.839844,2.539062,-9.691406,,,,,,,,,,
acc,1778672820.0,239.0,2.070312,2.730469,-9.613281,,,,,,,,,,
acc,1778672820.0,239.0,1.992188,2.808594,-9.6875,,,,,,,,,,
acc,1778672820.0,239.0,1.878906,2.808594,-9.53125,,,,,,,,,,
acc,1778672820.0,239.0,1.878906,2.617188,-9.648438,,,,,,,,,,
acc,1778672820.0,239.0,2.070312,2.769531,-9.953125,,,,,,,,,,
acc,1778672820.0,239.0,2.070312,2.847656,-9.613281,,,,,,,,,,
acc,1778672820.0,239.0,1.992188,2.847656,-9.953125,,,,,,,,,,
acc,1778672820.0,239.0,1.957031,2.886719,-9.761719,,,,,,,,,,
acc,1778672820.0,239.0,2.03125,3.039062,-9.996094,,,,,,,,,,
acc,1778672820.0,239.0,2.109375,3.117188,-9.652344,,,,,,,,,,
acc,1778672820.0,239.0,1.957031,2.847656,-9.996094,,,,,,,,,,
acc,1778672820.0,239.0,1.917969,2.578125,-9.757812,,,,,,,,,,
acc,1778672820.0,239.0,1.800781,2.425781,-9.6875,,,,,,,,,,
acc,1778672820.0,239.0,1.878906,2.65625,-9.835938,,,,,,,,,,
acc,1778672820.0,239.0,2.109375,2.847656,-9.574219,,,,,,,,,,
acc,1778672820.0,239.0,2.03125,2.808594,-9.796875,,,,,,,,,,
acc,1778672820.0,239.0,1.992188,3.0,-9.535156,,,,,,,,,,
acc,1778672820.0,239.0,1.957031,2.925781,-9.953125,,,,,,,,,,
acc,1778672820.0,239.0,2.109375,2.695312,-9.691406,,,,,,,,,,
acc,1778672820.0,239.0,2.03125,2.386719,-9.648438,,,,,,,,,,
acc,1778672820.0,239.0,2.109375,2.003906,-10.03125,,,,,,,,,,
acc,1778672820.0,239.0,2.183594,2.730469,-9.191406,,,,,,,,,,
acc,1778672820.0,239.0,2.148438,3.117188,-9.652344,,,,,,,,,,
acc,1778672820.0,239.0,2.148438,3.152344,-9.652344,,,,,,,,,,
acc,1778672820.0,239.0,2.222656,3.269531,-9.53125,,,,,,,,,,
acc,1778672820.0,239.0,1.957031,3.191406,-9.6875,,,,,,,,,,
acc,1778672820.0,239.0,2.03125,3.308594,-9.878906,,,,,,,,,,
acc,1778672820.0,239.0,2.148438,3.117188,-9.6875,,,,,,,,,,
acc,1778672820.0,239.0,2.070312,2.769531,-9.800781,,,,,,,,,,
acc,1778672820.0,239.0,1.992188,2.3125,-9.992188,,,,,,,,,,
acc,1778672820.0,239.0,2.109375,2.464844,-9.757812,,,,,,,,,,
acc,1778672820.0,239.0,1.957031,2.539062,-9.574219,,,,,,,,,,
acc,1778672820.0,239.0,2.070312,2.3125,-9.957031,,,,,,,,,,
acc,1778672820.0,239.0,2.03125,2.347656,-9.757812,,,,,,,,,,
acc,1778672820.0,239.0,2.070312,2.386719,-9.917969,,,,,,,,,,
acc,1778672820.0,239.0,1.992188,2.617188,-9.726562,,,,,,,,,,
acc,1778672820.0,239.0,2.03125,2.847656,-9.953125,,,,,,,,,,
acc,1778672820.0,239.0,2.261719,2.539062,-9.609375,,,,,,,,,,
acc,1778672820.0,239.0,2.109375,2.730469,-9.757812,,,,,,,,,,
acc,1778672820.0,239.0,2.148438,2.386719,-9.914062,,,,,,,,,,
acc,1778672820.0,239.0,2.222656,2.347656,-9.496094,,,,,,,,,,
acc,1778672820.0,239.0,2.222656,2.617188,-9.835938,,,,,,,,,,
acc,1778672820.0,239.0,2.261719,2.234375,-9.800781,,,,,,,,,,
acc,1778672820.0,239.0,2.148438,2.273438,-9.652344,,,,,,,,,,
acc,1778672820.0,239.0,2.109375,2.386719,-9.800781,,,,,,,,,,
acc,1778672820.0,239.0,2.414062,1.851562,-9.648438,,,,,,,,,,
acc,1778672820.0,239.0,2.109375,2.15625,-10.070312,,,,,,,,,,
acc,1778672820.0,239.0,1.917969,2.15625,-9.800781,,,,,,,,,,
acc,1778672820.0,239.0,2.03125,2.617188,-10.070312,,,,,,,,,,
acc,1778672820.0,239.0,2.183594,2.847656,-9.757812,,,,,,,,,,
acc,1778672820.0,239.0,2.148438,2.617188,-9.6875,,,,,,,,,,
acc,1778672820.0,239.0,2.183594,2.578125,-9.761719,,,,,,,,,,
acc,1778672820.0,239.0,2.148438,2.195312,-9.691406,,,,,,,,,,
acc,1778672820.0,239.0,2.183594,1.929688,-9.878906,,,,,,,,,,
acc,1778672820.0,239.0,2.183594,2.15625,-9.726562,,,,,,,,,,
acc,1778672820.0,239.0,2.222656,2.003906,-9.957031,,,,,,,,,,
acc,1778672820.0,239.0,2.300781,1.699219,-9.652344,,,,,,,,,,
acc,1778672820.0,239.0,2.339844,1.773438,-9.730469,,,,,,,,,,
acc,1778672820.0,239.0,2.339844,1.851562,-9.878906,,,,,,,,,,
acc,1778672820.0,239.0,2.339844,2.082031,-9.570312,,,,,,,,,,
acc,1778672820.0,239.0,2.222656,1.964844,-9.652344,,,,,,,,,,
acc,1778672820.0,239.0,2.339844,2.121094,-9.957031,,,,,,,,,,
acc,1778672820.0,239.0,2.339844,1.929688,-9.492188,,,,,,,,,,
acc,1778672820.0,239.0,2.222656,2.082031,-9.917969,,,,,,,,,,
acc,1778672820.0,239.0,2.183594,2.425781,-9.917969,,,,,,,,,,
acc,1778672820.0,239.0,2.109375,2.503906,-9.953125,,,,,,,,,,
acc,1778672820.0,239.0,2.375,2.730469,-9.574219,,,,,,,,,,
acc,1778672820.0,239.0,2.261719,2.886719,-9.839844,,,,,,,,,,
acc,1778672820.0,239.0,2.183594,2.65625,-9.726562,,,,,,,,,,
acc,1778672820.0,239.0,2.339844,2.464844,-9.726562,,,,,,,,,,
acc,1778672820.0,239.0,2.375,2.425781,-9.652344,,,,,,,,,,
acc,1778672821.0,240.0,2.566406,1.929688,-9.730469,,,,,,,,,,
acc,1778672821.0,240.0,2.605469,1.660156,-9.6875,,,,,,,,,,
acc,1778672821.0,240.0,2.453125,2.042969,-9.609375,,,,,,,,,,
acc,1778672821.0,240.0,2.453125,2.082031,-9.648438,,,,,,,,,,
acc,1778672821.0,240.0,2.722656,1.46875,-9.796875,,,,,,,,,,
acc,1778672821.0,240.0,2.644531,1.699219,-9.761719,,,,,,,,,,
acc,1778672821.0,240.0,2.492188,2.121094,-9.730469,,,,,,,,,,
acc,1778672821.0,240.0,2.339844,1.929688,-9.835938,,,,,,,,,,
acc,1778672821.0,240.0,2.53125,2.003906,-9.835938,,,,,,,,,,
acc,1778672821.0,240.0,2.605469,1.851562,-9.613281,,,,,,,,,,
acc,1778672821.0,240.0,2.644531,1.851562,-9.800781,,,,,,,,,,
acc,1778672821.0,240.0,2.605469,2.082031,-9.652344,,,,,,,,,,
acc,1778672821.0,240.0,2.644531,2.121094,-9.691406,,,,,,,,,,
acc,1778672821.0,240.0,2.722656,1.964844,-9.726562,,,,,,,,,,
acc,1778672821.0,240.0,2.722656,1.964844,-9.839844,,,,,,,,,,
acc,1778672821.0,240.0,2.53125,1.964844,-9.648438,,,,,,,,,,
acc,1778672821.0,240.0,2.53125,2.195312,-9.835938,,,,,,,,,,
acc,1778672821.0,240.0,2.644531,1.8125,-9.492188,,,,,,,,,,
acc,1778672821.0,240.0,2.644531,1.660156,-9.648438,,,,,,,,,,
acc,1778672821.0,240.0,2.566406,1.660156,-9.796875,,,,,,,,,,
acc,1778672821.0,240.0,2.53125,1.851562,-9.574219,,,,,,,,,,
acc,1778672821.0,240.0,2.644531,1.660156,-9.914062,,,,,,,,,,
acc,1778672821.0,240.0,2.757812,1.660156,-9.648438,,,,,,,,,,
acc,1778672821.0,240.0,2.835938,1.890625,-9.917969,,,,,,,,,,
acc,1778672821.0,240.0,2.644531,1.582031,-9.691406,,,,,,,,,,
acc,1778672821.0,240.0,2.53125,1.929688,-9.457031,,,,,,,,,,
acc,1778672821.0,240.0,2.644531,2.082031,-9.953125,,,,,,,,,,
acc,1778672821.0,240.0,2.683594,2.082031,-9.375,,,,,,,,,,
acc,1778672821.0,240.0,2.722656,2.003906,-9.726562,,,,,,,,,,
acc,1778672821.0,240.0,2.722656,2.042969,-9.726562,,,,,,,,,,
acc,1778672821.0,240.0,2.644531,1.964844,-9.347656,,,,,,,,,,
acc,1778672821.0,240.0,2.605469,1.738281,-9.957031,,,,,,,,,,
acc,1778672821.0,240.0,2.53125,1.773438,-9.535156,,,,,,,,,,
acc,1778672821.0,240.0,2.683594,1.582031,-9.800781,,,,,,,,,,
acc,1778672821.0,240.0,2.796875,1.429688,-9.648438,,,,,,,,,,
acc,1778672821.0,240.0,2.796875,1.429688,-9.574219,,,,,,,,,,
acc,1778672821.0,240.0,2.757812,1.351562,-9.835938,,,,,,,,,,
acc,1778672821.0,240.0,2.605469,1.351562,-9.652344,,,,,,,,,,
acc,1778672821.0,240.0,2.605469,1.542969,-9.878906,,,,,,,,,,
acc,1778672821.0,240.0,2.757812,1.507812,-9.691406,,,,,,,,,,
acc,1778672821.0,240.0,2.722656,1.507812,-9.6875,,,,,,,,,,
acc,1778672821.0,240.0,2.683594,1.542969,-9.992188,,,,,,,,,,
acc,1778672821.0,240.0,2.566406,1.660156,-9.570312,,,,,,,,,,
acc,1778672821.0,240.0,2.53125,1.8125,-9.691406,,,,,,,,,,
acc,1778672821.0,240.0,2.683594,1.964844,-9.757812,,,,,,,,,,
acc,1778672821.0,240.0,2.757812,2.082031,-9.453125,,,,,,,,,,
acc,1778672821.0,240.0,2.757812,2.195312,-9.453125,,,,,,,,,,
acc,1778672821.0,240.0,2.796875,2.195312,-9.535156,,,,,,,,,,
acc,1778672821.0,240.0,2.722656,2.082031,-9.613281,,,,,,,,,,
acc,1778672821.0,240.0,2.566406,1.964844,-9.761719,,,,,,,,,,
acc,1778672821.0,240.0,2.796875,1.660156,-9.839844,,,,,,,,,,
acc,1778672821.0,240.0,2.875,1.699219,-9.570312,,,,,,,,,,
acc,1778672821.0,240.0,2.875,1.621094,-9.800781,,,,,,,,,,
acc,1778672821.0,240.0,2.953125,1.429688,-9.761719,,,,,,,,,,
acc,1778672821.0,240.0,2.835938,1.582031,-9.648438,,,,,,,,,,
acc,1778672821.0,240.0,2.835938,1.582031,-9.875,,,,,,,,,,
acc,1778672821.0,240.0,3.027344,1.660156,-9.691406,,,,,,,,,,
acc,1778672821.0,240.0,2.988281,1.542969,-9.757812,,,,,,,,,,
acc,1778672821.0,240.0,2.875,1.429688,-9.878906,,,,,,,,,,
acc,1778672821.0,240.0,2.914062,1.660156,-10.03125,,,,,,,,,,
acc,1778672821.0,240.0,2.835938,1.582031,-9.800781,,,,,,,,,,
acc,1778672821.0,240.0,2.875,1.542969,-9.875,,,,,,,,,,
acc,1778672821.0,240.0,3.027344,1.507812,-9.875,,,,,,,,,,
acc,1778672821.0,240.0,3.066406,1.507812,-9.6875,,,,,,,,,,
acc,1778672821.0,240.0,3.105469,1.773438,-9.730469,,,,,,,,,,
acc,1778672821.0,240.0,3.027344,1.738281,-9.835938,,,,,,,,,,
acc,1778672821.0,240.0,2.953125,1.46875,-9.914062,,,,,,,,,,
acc,1778672821.0,240.0,2.914062,1.507812,-9.835938,,,,,,,,,,
acc,1778672821.0,240.0,2.953125,1.46875,-9.914062,,,,,,,,,,
acc,1778672821.0,240.0,3.027344,1.46875,-9.691406,,,,,,,,,,
acc,1778672821.0,240.0,2.988281,1.507812,-10.03125,,,,,,,,,,
acc,1778672821.0,240.0,2.835938,1.46875,-9.730469,,,,,,,,,,
acc,1778672821.0,240.0,2.722656,1.582031,-9.796875,,,,,,,,,,
acc,1778672821.0,240.0,2.875,1.699219,-9.796875,,,,,,,,,,
acc,1778672821.0,240.0,2.988281,1.507812,-9.53125,,,,,,,,,,
acc,1778672821.0,240.0,2.875,1.660156,-9.914062,,,,,,,,,,
acc,1778672821.0,240.0,2.722656,1.507812,-9.917969,,,,,,,,,,
acc,1778672821.0,240.0,2.796875,1.507812,-10.035156,,,,,,,,,,
acc,1778672821.0,240.0,2.835938,1.773438,-9.996094,,,,,,,,,,
acc,1778672821.0,240.0,2.757812,1.773438,-9.917969,,,,,,,,,,
acc,1778672821.0,240.0,2.683594,1.621094,-9.953125,,,,,,,,,,
acc,1778672821.0,240.0,2.683594,1.621094,-9.875,,,,,,,,,,
acc,1778672821.0,240.0,2.835938,1.621094,-9.914062,,,,,,,,,,
acc,1778672821.0,240.0,3.144531,1.699219,-9.761719,,,,,,,,,,
acc,1778672821.0,240.0,3.027344,1.8125,-9.648438,,,,,,,,,,
acc,1778672821.0,240.0,2.914062,1.773438,-9.957031,,,,,,,,,,
acc,1778672821.0,240.0,2.835938,1.699219,-9.726562,,,,,,,,,,
acc,1778672821.0,240.0,3.179688,1.429688,-10.03125,,,,,,,,,,
acc,1778672821.0,240.0,3.257812,1.429688,-9.726562,,,,,,,,,,
acc,1778672821.0,240.0,3.144531,1.160156,-9.574219,,,,,,,,,,
acc,1778672821.0,240.0,3.21875,1.125,-9.53125,,,,,,,,,,
acc,1778672821.0,240.0,3.144531,1.199219,-9.726562,,,,,,,,,,
acc,1778672821.0,240.0,2.988281,1.316406,-9.652344,,,,,,,,,,
acc,1778672821.0,240.0,3.027344,1.316406,-9.839844,,,,,,,,,,
acc,1778672821.0,240.0,3.027344,1.277344,-9.835938,,,,,,,,,,
acc,1778672821.0,240.0,3.027344,1.199219,-9.839844,,,,,,,,,,
acc,1778672821.0,240.0,3.066406,1.160156,-9.761719,,,,,,,,,,
acc,1778672821.0,240.0,3.105469,1.238281,-9.613281,,,,,,,,,,
acc,1778672821.0,240.0,3.027344,1.351562,-9.730469,,,,,,,,,,
acc,1778672821.0,240.0,3.21875,1.238281,-9.574219,,,,,,,,,,
acc,1778672821.0,240.0,3.335938,1.316406,-9.839844,,,,,,,,,,
acc,1778672821.0,240.0,3.21875,1.390625,-9.496094,,,,,,,,,,
acc,1778672821.0,240.0,3.027344,1.351562,-9.757812,,,,,,,,,,
acc,1778672821.0,240.0,3.144531,1.277344,-9.757812,,,,,,,,,,
acc,1778672821.0,240.0,3.257812,1.429688,-9.570312,,,,,,,,,,
acc,1778672821.0,240.0,3.335938,1.390625,-9.6875,,,,,,,,,,
acc,1778672821.0,240.0,3.410156,1.160156,-9.609375,,,,,,,,,,
acc,1778672821.0,240.0,3.296875,0.777344,-9.6875,,,,,,,,,,
acc,1778672821.0,240.0,3.179688,0.894531,-9.726562,,,,,,,,,,
acc,1778672821.0,240.0,3.21875,1.007812,-9.414062,,,,,,,,,,
acc,1778672821.0,240.0,3.257812,1.199219,-9.6875,,,,,,,,,,
acc,1778672821.0,240.0,3.179688,1.046875,-9.574219,,,,,,,,,,
acc,1778672821.0,240.0,3.179688,1.351562,-9.457031,,,,,,,,,,
acc,1778672821.0,240.0,3.21875,1.429688,-9.613281,,,,,,,,,,
acc,1778672821.0,240.0,3.105469,1.199219,-9.492188,,,,,,,,,,
acc,1778672821.0,240.0,3.066406,1.351562,-9.878906,,,,,,,,,,
acc,1778672821.0,240.0,3.105469,1.199219,-9.800781,,,,,,,,,,
acc,1778672821.0,240.0,3.144531,0.933594,-9.53125,,,,,,,,,,
acc,1778672821.0,240.0,3.257812,1.085938,-9.800781,,,,,,,,,,
acc,1778672821.0,240.0,3.179688,1.390625,-9.757812,,,,,,,,,,
acc,1778672821.0,240.0,3.066406,1.277344,-9.652344,,,,,,,,,,
acc,1778672821.0,240.0,3.066406,1.199219,-9.875,,,,,,,,,,
acc,1778672821.0,240.0,3.179688,1.316406,-9.757812,,,,,,,,,,
acc,1778672821.0,240.0,3.257812,1.238281,-9.691406,,,,,,,,,,
acc,1778672821.0,240.0,3.296875,1.125,-9.917969,,,,,,,,,,
acc,1778672821.0,240.0,3.144531,1.085938,-9.609375,,,,,,,,,,
acc,1778672821.0,240.0,3.144531,1.238281,-9.914062,,,,,,,,,,
acc,1778672822.0,241.0,3.257812,1.160156,-9.757812,,,,,,,,,,
acc,1778672822.0,241.0,3.335938,1.046875,-9.761719,,,,,,,,,,
acc,1778672822.0,241.0,3.449219,1.199219,-9.875,,,,,,,,,,
acc,1778672822.0,241.0,3.410156,1.046875,-9.761719,,,,,,,,,,
acc,1778672822.0,241.0,3.105469,1.007812,-9.878906,,,,,,,,,,
acc,1778672822.0,241.0,2.988281,0.855469,-9.917969,,,,,,,,,,
acc,1778672822.0,241.0,3.21875,1.007812,-9.875,,,,,,,,,,
acc,1778672822.0,241.0,3.179688,1.085938,-9.6875,,,,,,,,,,
acc,1778672822.0,241.0,3.371094,0.855469,-9.761719,,,,,,,,,,
acc,1778672822.0,241.0,3.296875,1.125,-9.796875,,,,,,,,,,
acc,1778672822.0,241.0,3.144531,0.894531,-9.757812,,,,,,,,,,
acc,1778672822.0,241.0,3.179688,0.703125,-9.839844,,,,,,,,,,
acc,1778672822.0,241.0,3.21875,0.933594,-9.691406,,,,,,,,,,
acc,1778672822.0,241.0,3.144531,0.894531,-9.875,,,,,,,,,,
acc,1778672822.0,241.0,3.21875,1.046875,-9.917969,,,,,,,,,,
acc,1778672822.0,241.0,3.257812,1.085938,-9.757812,,,,,,,,,,
acc,1778672822.0,241.0,3.179688,0.703125,-9.6875,,,,,,,,,,
acc,1778672822.0,241.0,3.179688,0.894531,-9.957031,,,,,,,,,,
acc,1778672822.0,241.0,3.179688,0.855469,-9.835938,,,,,,,,,,
acc,1778672822.0,241.0,3.066406,0.816406,-9.648438,,,,,,,,,,
acc,1778672822.0,241.0,3.179688,0.777344,-9.839844,,,,,,,,,,
acc,1778672822.0,241.0,3.335938,0.816406,-9.570312,,,,,,,,,,
acc,1778672822.0,241.0,3.296875,0.742188,-9.6875,,,,,,,,,,
acc,1778672822.0,241.0,3.105469,0.816406,-9.800781,,,,,,,,,,
acc,1778672822.0,241.0,2.988281,0.96875,-9.609375,,,,,,,,,,
acc,1778672822.0,241.0,2.953125,0.816406,-9.726562,,,,,,,,,,
acc,1778672822.0,241.0,3.144531,0.894531,-9.691406,,,,,,,,,,
acc,1778672822.0,241.0,3.257812,1.125,-9.648438,,,,,,,,,,
acc,1778672822.0,241.0,3.179688,1.125,-9.6875,,,,,,,,,,
acc,1778672822.0,241.0,3.066406,0.933594,-9.652344,,,,,,,,,,
acc,1778672822.0,241.0,3.066406,0.742188,-9.570312,,,,,,,,,,
acc,1778672822.0,241.0,3.144531,0.742188,-9.691406,,,,,,,,,,
acc,1778672822.0,241.0,3.105469,0.550781,-9.6875,,,,,,,,,,
acc,1778672822.0,241.0,3.144531,0.664062,-9.648438,,,,,,,,,,
acc,1778672822.0,241.0,3.144531,0.742188,-9.730469,,,,,,,,,,
acc,1778672822.0,241.0,3.179688,0.894531,-9.613281,,,,,,,,,,
acc,1778672822.0,241.0,3.179688,0.96875,-9.726562,,,,,,,,,,
acc,1778672822.0,241.0,3.21875,0.585938,-9.574219,,,,,,,,,,
acc,1778672822.0,241.0,3.105469,0.511719,-9.730469,,,,,,,,,,
acc,1778672822.0,241.0,3.179688,0.625,-9.6875,,,,,,,,,,
acc,1778672822.0,241.0,3.21875,0.664062,-9.574219,,,,,,,,,,
acc,1778672822.0,241.0,3.105469,0.777344,-9.761719,,,,,,,,,,
acc,1778672822.0,241.0,3.144531,0.550781,-9.691406,,,,,,,,,,
acc,1778672822.0,241.0,3.144531,0.585938,-9.648438,,,,,,,,,,
acc,1778672822.0,241.0,3.179688,0.816406,-9.691406,,,,,,,,,,
acc,1778672822.0,241.0,3.21875,0.855469,-9.652344,,,,,,,,,,
acc,1778672822.0,241.0,3.21875,0.550781,-9.730469,,,,,,,,,,
acc,1778672822.0,241.0,3.296875,0.433594,-9.796875,,,,,,,,,,
acc,1778672822.0,241.0,3.21875,0.585938,-9.691406,,,,,,,,,,
acc,1778672822.0,241.0,3.179688,0.511719,-9.53125,,,,,,,,,,
acc,1778672822.0,241.0,3.21875,0.472656,-9.6875,,,,,,,,,,
acc,1778672822.0,241.0,3.21875,0.550781,-9.574219,,,,,,,,,,
acc,1778672822.0,241.0,3.296875,0.625,-9.652344,,,,,,,,,,
acc,1778672822.0,241.0,3.335938,0.777344,-9.757812,,,,,,,,,,
acc,1778672822.0,241.0,3.296875,0.777344,-9.652344,,,,,,,,,,
acc,1778672822.0,241.0,3.257812,0.472656,-9.6875,,,,,,,,,,
acc,1778672822.0,241.0,3.371094,0.742188,-9.914062,,,,,,,,,,
acc,1778672822.0,241.0,3.335938,0.816406,-9.535156,,,,,,,,,,
acc,1778672822.0,241.0,3.257812,0.703125,-9.835938,,,,,,,,,,
acc,1778672822.0,241.0,3.257812,0.664062,-9.757812,,,,,,,,,,
acc,1778672822.0,241.0,3.296875,0.511719,-9.53125,,,,,,,,,,
acc,1778672822.0,241.0,3.21875,0.511719,-9.917969,,,,,,,,,,
acc,1778672822.0,241.0,3.296875,0.933594,-9.726562,,,,,,,,,,
acc,1778672822.0,241.0,3.296875,0.777344,-9.726562,,,,,,,,,,
acc,1778672822.0,241.0,3.257812,0.394531,-9.757812,,,,,,,,,,
acc,1778672822.0,241.0,3.296875,0.585938,-9.761719,,,,,,,,,,
acc,1778672822.0,241.0,3.296875,0.550781,-9.726562,,,,,,,,,,
acc,1778672822.0,241.0,3.21875,0.472656,-9.796875,,,,,,,,,,
acc,1778672822.0,241.0,3.144531,0.320312,-9.6875,,,,,,,,,,
acc,1778672822.0,241.0,3.144531,0.355469,-9.878906,,,,,,,,,,
acc,1778672822.0,241.0,3.21875,0.511719,-9.726562,,,,,,,,,,
acc,1778672822.0,241.0,3.257812,0.433594,-9.730469,,,,,,,,,,
acc,1778672822.0,241.0,3.21875,0.320312,-9.761719,,,,,,,,,,
acc,1778672822.0,241.0,3.179688,0.355469,-9.835938,,,,,,,,,,
acc,1778672822.0,241.0,3.144531,0.394531,-9.757812,,,,,,,,,,
acc,1778672822.0,241.0,3.257812,0.472656,-9.652344,,,,,,,,,,
acc,1778672822.0,241.0,3.257812,0.320312,-9.726562,,,,,,,,,,
acc,1778672822.0,241.0,3.179688,0.355469,-9.648438,,,,,,,,,,
acc,1778672822.0,241.0,3.21875,0.585938,-9.691406,,,,,,,,,,
acc,1778672822.0,241.0,3.257812,0.511719,-9.570312,,,,,,,,,,
acc,1778672822.0,241.0,3.257812,0.433594,-9.574219,,,,,,,,,,
acc,1778672822.0,241.0,3.257812,0.511719,-9.6875,,,,,,,,,,
acc,1778672822.0,241.0,3.179688,0.585938,-9.652344,,,,,,,,,,
acc,1778672822.0,241.0,3.105469,0.511719,-9.609375,,,,,,,,,,
acc,1778672822.0,241.0,3.144531,0.320312,-9.796875,,,,,,,,,,
acc,1778672822.0,241.0,3.144531,0.355469,-9.726562,,,,,,,,,,
acc,1778672822.0,241.0,3.179688,0.550781,-9.652344,,,,,,,,,,
acc,1778672822.0,241.0,3.179688,0.550781,-9.613281,,,,,,,,,,
acc,1778672822.0,241.0,3.027344,0.472656,-9.6875,,,,,,,,,,
acc,1778672822.0,241.0,3.066406,0.511719,-9.757812,,,,,,,,,,
acc,1778672822.0,241.0,3.105469,0.585938,-9.652344,,,,,,,,,,
acc,1778672822.0,241.0,3.144531,0.511719,-9.726562,,,,,,,,,,
acc,1778672822.0,241.0,3.21875,0.511719,-9.6875,,,,,,,,,,
acc,1778672822.0,241.0,3.21875,0.585938,-9.648438,,,,,,,,,,
acc,1778672822.0,241.0,3.179688,0.550781,-9.726562,,,,,,,,,,
acc,1778672822.0,241.0,3.179688,0.355469,-9.691406,,,,,,,,,,
acc,1778672822.0,241.0,3.066406,0.433594,-9.726562,,,,,,,,,,
acc,1778672822.0,241.0,3.066406,0.433594,-9.761719,,,,,,,,,,
acc,1778672822.0,241.0,3.179688,0.472656,-9.609375,,,,,,,,,,
acc,1778672822.0,241.0,3.105469,0.742188,-9.652344,,,,,,,,,,
acc,1778672822.0,241.0,2.988281,0.664062,-9.691406,,,,,,,,,,
acc,1778672822.0,241.0,2.953125,0.394531,-9.691406,,,,,,,,,,
acc,1778672822.0,241.0,2.875,0.433594,-9.757812,,,,,,,,,,
acc,1778672822.0,241.0,2.953125,0.472656,-9.839844,,,,,,,,,,
acc,1778672822.0,241.0,3.027344,0.550781,-9.730469,,,,,,,,,,
acc,1778672822.0,241.0,2.988281,0.550781,-9.875,,,,,,,,,,
acc,1778672822.0,241.0,2.953125,0.433594,-9.730469,,,,,,,,,,
acc,1778672822.0,241.0,2.953125,0.472656,-9.652344,,,,,,,,,,
acc,1778672822.0,241.0,2.953125,0.433594,-9.757812,,,,,,,,,,
acc,1778672822.0,241.0,2.914062,0.433594,-9.648438,,,,,,,,,,
acc,1778672822.0,241.0,2.875,0.394531,-9.875,,,,,,,,,,
acc,1778672822.0,241.0,2.835938,0.433594,-9.800781,,,,,,,,,,
acc,1778672822.0,241.0,2.875,0.511719,-9.796875,,,,,,,,,,
acc,1778672822.0,241.0,2.914062,0.355469,-9.761719,,,,,,,,,,
acc,1778672822.0,241.0,2.914062,0.394531,-9.835938,,,,,,,,,,
acc,1778672822.0,241.0,2.914062,0.394531,-9.691406,,,,,,,,,,
acc,1778672822.0,241.0,2.914062,0.394531,-9.730469,,,,,,,,,,
acc,1778672822.0,241.0,2.835938,0.394531,-9.730469,,,,,,,,,,
acc,1778672822.0,241.0,2.835938,0.511719,-9.796875,,,,,,,,,,
acc,1778672822.0,241.0,2.835938,0.511719,-9.726562,,,,,,,,,,
acc,1778672822.0,241.0,2.835938,0.394531,-9.757812,,,,,,,,,,
acc,1778672822.0,241.0,2.835938,0.320312,-9.839844,,,,,,,,,,
acc,1778672822.0,241.0,2.953125,0.28125,-9.730469,,,,,,,,,,
acc,1778672822.0,241.0,2.988281,0.320312,-9.761719,,,,,,,,,,
acc,1778672822.0,241.0,2.988281,0.394531,-9.835938,,,,,,,,,,
acc,1778672822.0,241.0,2.953125,0.394531,-9.730469,,,,,,,,,,
acc,1778672822.0,241.0,2.914062,0.242188,-9.730469,,,,,,,,,,
acc,1778672822.0,241.0,2.914062,0.28125,-9.757812,,,,,,,,,,
acc,1778672823.0,242.0,2.988281,0.320312,-9.726562,,,,,,,,,,
acc,1778672823.0,242.0,2.988281,0.355469,-9.761719,,,,,,,,,,
acc,1778672823.0,242.0,2.953125,0.320312,-9.761719,,,,,,,,,,
acc,1778672823.0,242.0,2.953125,0.164062,-9.800781,,,,,,,,,,
acc,1778672823.0,242.0,2.988281,0.242188,-9.800781,,,,,,,,,,
acc,1778672823.0,242.0,3.027344,0.203125,-9.757812,,,,,,,,,,
acc,1778672823.0,242.0,3.066406,0.242188,-9.726562,,,,,,,,,,
acc,1778672823.0,242.0,3.027344,0.28125,-9.730469,,,,,,,,,,
acc,1778672823.0,242.0,2.988281,0.203125,-9.730469,,,,,,,,,,
acc,1778672823.0,242.0,3.027344,0.128906,-9.652344,,,,,,,,,,
acc,1778672823.0,242.0,2.988281,0.128906,-9.726562,,,,,,,,,,
acc,1778672823.0,242.0,2.953125,0.203125,-9.757812,,,,,,,,,,
acc,1778672823.0,242.0,2.988281,0.203125,-9.691406,,,,,,,,,,
acc,1778672823.0,242.0,2.988281,0.164062,-9.757812,,,,,,,,,,
acc,1778672823.0,242.0,3.027344,0.28125,-9.730469,,,,,,,,,,
acc,1778672823.0,242.0,2.988281,0.242188,-9.691406,,,,,,,,,,
acc,1778672823.0,242.0,2.914062,0.203125,-9.730469,,,,,,,,,,
acc,1778672823.0,242.0,2.875,0.28125,-9.691406,,,,,,,,,,
acc,1778672823.0,242.0,2.835938,0.242188,-9.691406,,,,,,,,,,
acc,1778672823.0,242.0,2.914062,0.242188,-9.691406,,,,,,,,,,
acc,1778672823.0,242.0,2.953125,0.203125,-9.691406,,,,,,,,,,
acc,1778672823.0,242.0,2.914062,0.128906,-9.6875,,,,,,,,,,
acc,1778672823.0,242.0,2.875,0.128906,-9.726562,,,,,,,,,,
acc,1778672823.0,242.0,2.835938,0.164062,-9.691406,,,,,,,,,,
acc,1778672823.0,242.0,2.875,0.164062,-9.730469,,,,,,,,,,
acc,1778672823.0,242.0,2.835938,0.242188,-9.691406,,,,,,,,,,
acc,1778672823.0,242.0,2.835938,0.28125,-9.730469,,,,,,,,,,
acc,1778672823.0,242.0,2.796875,0.28125,-9.570312,,,,,,,,,,
acc,1778672823.0,242.0,2.722656,0.242188,-9.726562,,,,,,,,,,
acc,1778672823.0,242.0,2.722656,0.28125,-9.652344,,,,,,,,,,
acc,1778672823.0,242.0,2.722656,0.203125,-9.652344,,,,,,,,,,
acc,1778672823.0,242.0,2.722656,0.164062,-9.726562,,,,,,,,,,
acc,1778672823.0,242.0,2.722656,0.203125,-9.6875,,,,,,,,,,
acc,1778672823.0,242.0,2.683594,0.203125,-9.691406,,,,,,,,,,
acc,1778672823.0,242.0,2.605469,0.242188,-9.761719,,,,,,,,,,
acc,1778672823.0,242.0,2.605469,0.28125,-9.726562,,,,,,,,,,
acc,1778672823.0,242.0,2.566406,0.28125,-9.726562,,,,,,,,,,
acc,1778672823.0,242.0,2.53125,0.28125,-9.730469,,,,,,,,,,
acc,1778672823.0,242.0,2.492188,0.320312,-9.761719,,,,,,,,,,
acc,1778672823.0,242.0,2.492188,0.28125,-9.730469,,,,,,,,,,
acc,1778672823.0,242.0,2.53125,0.242188,-9.730469,,,,,,,,,,
acc,1778672823.0,242.0,2.492188,0.242188,-9.757812,,,,,,,,,,
acc,1778672823.0,242.0,2.453125,0.28125,-9.730469,,,,,,,,,,
acc,1778672823.0,242.0,2.375,0.320312,-9.726562,,,,,,,,,,
acc,1778672823.0,242.0,2.339844,0.28125,-9.761719,,,,,,,,,,
acc,1778672823.0,242.0,2.339844,0.242188,-9.6875,,,,,,,,,,
acc,1778672823.0,242.0,2.339844,0.28125,-9.726562,,,,,,,,,,
acc,1778672823.0,242.0,2.300781,0.28125,-9.730469,,,,,,,,,,
acc,1778672823.0,242.0,2.261719,0.320312,-9.648438,,,,,,,,,,
acc,1778672823.0,242.0,2.183594,0.394531,-9.757812,,,,,,,,,,
acc,1778672823.0,242.0,2.183594,0.355469,-9.726562,,,,,,,,,,
acc,1778672823.0,242.0,2.109375,0.355469,-9.726562,,,,,,,,,,
acc,1778672823.0,242.0,2.109375,0.355469,-9.796875,,,,,,,,,,
acc,1778672823.0,242.0,2.109375,0.320312,-9.726562,,,,,,,,,,
acc,1778672823.0,242.0,2.070312,0.320312,-9.800781,,,,,,,,,,
acc,1778672823.0,242.0,2.070312,0.28125,-9.726562,,,,,,,,,,
acc,1778672823.0,242.0,2.070312,0.242188,-9.761719,,,,,,,,,,
acc,1778672823.0,242.0,1.992188,0.242188,-9.730469,,,,,,,,,,
acc,1778672823.0,242.0,1.957031,0.242188,-9.761719,,,,,,,,,,
acc,1778672823.0,242.0,1.917969,0.203125,-9.761719,,,,,,,,,,
acc,1778672823.0,242.0,1.839844,0.203125,-9.761719,,,,,,,,,,
acc,1778672823.0,242.0,1.839844,0.164062,-9.761719,,,,,,,,,,
acc,1778672823.0,242.0,1.839844,0.128906,-9.730469,,,,,,,,,,
acc,1778672823.0,242.0,1.800781,0.128906,-9.726562,,,,,,,,,,
acc,1778672823.0,242.0,1.726562,0.164062,-9.761719,,,,,,,,,,
acc,1778672823.0,242.0,1.726562,0.164062,-9.796875,,,,,,,,,,
acc,1778672823.0,242.0,1.726562,0.164062,-9.796875,,,,,,,,,,
acc,1778672823.0,242.0,1.6875,0.164062,-9.761719,,,,,,,,,,
acc,1778672823.0,242.0,1.6875,0.128906,-9.757812,,,,,,,,,,
acc,1778672823.0,242.0,1.609375,0.164062,-9.757812,,,,,,,,,,
acc,1778672823.0,242.0,1.570312,0.128906,-9.835938,,,,,,,,,,
acc,1778672823.0,242.0,1.535156,0.128906,-9.757812,,,,,,,,,,
acc,1778672823.0,242.0,1.496094,0.164062,-9.878906,,,,,,,,,,
acc,1778672823.0,242.0,1.457031,0.128906,-9.835938,,,,,,,,,,
acc,1778672823.0,242.0,1.457031,0.164062,-9.796875,,,,,,,,,,
acc,1778672823.0,242.0,1.378906,0.128906,-9.835938,,,,,,,,,,
acc,1778672823.0,242.0,1.378906,0.128906,-9.800781,,,,,,,,,,
acc,1778672823.0,242.0,1.34375,0.128906,-9.835938,,,,,,,,,,
acc,1778672823.0,242.0,1.34375,0.128906,-9.800781,,,,,,,,,,
acc,1778672823.0,242.0,1.304688,0.128906,-9.796875,,,,,,,,,,
acc,1778672823.0,242.0,1.304688,0.089844,-9.796875,,,,,,,,,,
acc,1778672823.0,242.0,1.265625,0.089844,-9.796875,,,,,,,,,,
acc,1778672823.0,242.0,1.265625,0.089844,-9.796875,,,,,,,,,,
acc,1778672823.0,242.0,1.1875,0.089844,-9.757812,,,,,,,,,,
acc,1778672823.0,242.0,1.113281,0.128906,-9.835938,,,,,,,,,,
acc,1778672823.0,242.0,1.113281,0.128906,-9.800781,,,,,,,,,,
acc,1778672823.0,242.0,1.152344,0.128906,-9.800781,,,,,,,,,,
acc,1778672823.0,242.0,1.113281,0.089844,-9.800781,,,,,,,,,,
acc,1778672823.0,242.0,1.152344,0.128906,-9.835938,,,,,,,,,,
acc,1778672823.0,242.0,1.074219,0.128906,-9.878906,,,,,,,,,,
acc,1778672823.0,242.0,1.035156,0.128906,-9.800781,,,,,,,,,,
acc,1778672823.0,242.0,0.960938,0.128906,-9.875,,,,,,,,,,
acc,1778672823.0,242.0,0.921875,0.128906,-9.839844,,,,,,,,,,
acc,1778672823.0,242.0,0.882812,0.164062,-9.839844,,,,,,,,,,
acc,1778672823.0,242.0,0.921875,0.203125,-9.757812,,,,,,,,,,
acc,1778672823.0,242.0,0.960938,0.203125,-9.839844,,,,,,,,,,
acc,1778672823.0,242.0,0.921875,0.203125,-9.800781,,,,,,,,,,
acc,1778672823.0,242.0,0.960938,0.164062,-9.796875,,,,,,,,,,
acc,1778672823.0,242.0,0.960938,0.203125,-9.796875,,,,,,,,,,
acc,1778672823.0,242.0,0.882812,0.164062,-9.839844,,,,,,,,,,
acc,1778672823.0,242.0,0.882812,0.164062,-9.878906,,,,,,,,,,
acc,1778672823.0,242.0,0.769531,0.242188,-9.796875,,,,,,,,,,
acc,1778672823.0,242.0,0.769531,0.242188,-9.839844,,,,,,,,,,
acc,1778672823.0,242.0,0.730469,0.203125,-9.800781,,,,,,,,,,
acc,1778672823.0,242.0,0.730469,0.242188,-9.835938,,,,,,,,,,
acc,1778672823.0,242.0,0.730469,0.242188,-9.800781,,,,,,,,,,
acc,1778672823.0,242.0,0.730469,0.203125,-9.800781,,,,,,,,,,
acc,1778672823.0,242.0,0.769531,0.203125,-9.796875,,,,,,,,,,
acc,1778672823.0,242.0,0.769531,0.203125,-9.839844,,,,,,,,,,
acc,1778672823.0,242.0,0.730469,0.164062,-9.800781,,,,,,,,,,
acc,1778672823.0,242.0,0.691406,0.203125,-9.800781,,,,,,,,,,
acc,1778672823.0,242.0,0.691406,0.203125,-9.835938,,,,,,,,,,
acc,1778672823.0,242.0,0.691406,0.203125,-9.757812,,,,,,,,,,
acc,1778672823.0,242.0,0.691406,0.203125,-9.757812,,,,,,,,,,
acc,1778672823.0,242.0,0.691406,0.203125,-9.730469,,,,,,,,,,
acc,1778672823.0,242.0,0.613281,0.164062,-9.726562,,,,,,,,,,
acc,1778672823.0,242.0,0.613281,0.164062,-9.796875,,,,,,,,,,
acc,1778672823.0,242.0,0.574219,0.128906,-9.761719,,,,,,,,,,
acc,1778672823.0,242.0,0.539062,0.128906,-9.800781,,,,,,,,,,
acc,1778672823.0,242.0,0.5,0.128906,-9.757812,,,,,,,,,,
acc,1778672823.0,242.0,0.382812,0.128906,-9.757812,,,,,,,,,,
acc,1778672824.0,243.0,0.308594,0.164062,-9.839844,,,,,,,,,,
acc,1778672824.0,243.0,0.230469,0.128906,-9.796875,,,,,,,,,,
acc,1778672824.0,243.0,0.191406,0.128906,-9.796875,,,,,,,,,,
acc,1778672824.0,243.0,0.117188,0.128906,-9.800781,,,,,,,,,,
acc,1778672824.0,243.0,0.078125,0.128906,-9.800781,,,,,,,,,,
acc,1778672824.0,243.0,0.039062,0.089844,-9.800781,,,,,,,,,,
acc,1778672824.0,243.0,0.0,0.128906,-9.835938,,,,,,,,,,
acc,1778672824.0,243.0,-0.074219,0.128906,-9.839844,,,,,,,,,,
acc,1778672824.0,243.0,-0.152344,0.128906,-9.835938,,,,,,,,,,
acc,1778672824.0,243.0,-0.265625,0.164062,-9.835938,,,,,,,,,,
acc,1778672824.0,243.0,-0.304688,0.203125,-9.835938,,,,,,,,,,
acc,1778672824.0,243.0,-0.382812,0.164062,-9.839844,,,,,,,,,,
acc,1778672824.0,243.0,-0.417969,0.164062,-9.839844,,,,,,,,,,
acc,1778672824.0,243.0,-0.457031,0.203125,-9.878906,,,,,,,,,,
acc,1778672824.0,243.0,-0.496094,0.164062,-9.878906,,,,,,,,,,
acc,1778672824.0,243.0,-0.535156,0.164062,-9.917969,,,,,,,,,,
acc,1778672824.0,243.0,-0.574219,0.203125,-9.875,,,,,,,,,,
acc,1778672824.0,243.0,-0.574219,0.164062,-9.914062,,,,,,,,,,
acc,1778672824.0,243.0,-0.648438,0.164062,-9.875,,,,,,,,,,
acc,1778672824.0,243.0,-0.648438,0.164062,-9.875,,,,,,,,,,
acc,1778672824.0,243.0,-0.6875,0.164062,-9.878906,,,,,,,,,,
acc,1778672824.0,243.0,-0.648438,0.164062,-9.875,,,,,,,,,,
acc,1778672824.0,243.0,-0.6875,0.164062,-9.878906,,,,,,,,,,
acc,1778672824.0,243.0,-0.648438,0.164062,-9.875,,,,,,,,,,
acc,1778672824.0,243.0,-0.613281,0.128906,-9.875,,,,,,,,,,
acc,1778672824.0,243.0,-0.574219,0.128906,-9.839844,,,,,,,,,,
acc,1778672824.0,243.0,-0.574219,0.164062,-9.875,,,,,,,,,,
acc,1778672824.0,243.0,-0.535156,0.164062,-9.839844,,,,,,,,,,
acc,1778672824.0,243.0,-0.496094,0.164062,-9.796875,,,,,,,,,,
acc,1778672824.0,243.0,-0.457031,0.164062,-9.796875,,,,,,,,,,
acc,1778672824.0,243.0,-0.417969,0.203125,-9.761719,,,,,,,,,,
acc,1778672824.0,243.0,-0.382812,0.164062,-9.761719,,,,,,,,,,
acc,1778672824.0,243.0,-0.34375,0.164062,-9.796875,,,,,,,,,,
acc,1778672824.0,243.0,-0.265625,0.164062,-9.835938,,,,,,,,,,
acc,1778672824.0,243.0,-0.191406,0.164062,-9.757812,,,,,,,,,,
acc,1778672824.0,243.0,-0.152344,0.164062,-9.761719,,,,,,,,,,
acc,1778672824.0,243.0,-0.113281,0.164062,-9.761719,,,,,,,,,,
acc,1778672824.0,243.0,-0.074219,0.164062,-9.730469,,,,,,,,,,
acc,1778672824.0,243.0,-0.035156,0.164062,-9.6875,,,,,,,,,,
acc,1778672824.0,243.0,0.0,0.164062,-9.6875,,,,,,,,,,
acc,1778672824.0,243.0,0.039062,0.203125,-9.6875,,,,,,,,,,
acc,1778672824.0,243.0,0.117188,0.164062,-9.6875,,,,,,,,,,
acc,1778672824.0,243.0,0.15625,0.164062,-9.6875,,,,,,,,,,
acc,1778672824.0,243.0,0.191406,0.164062,-9.691406,,,,,,,,,,
acc,1778672824.0,243.0,0.230469,0.164062,-9.691406,,,,,,,,,,
acc,1778672824.0,243.0,0.269531,0.128906,-9.730469,,,,,,,,,,
acc,1778672824.0,243.0,0.308594,0.164062,-9.6875,,,,,,,,,,
acc,1778672824.0,243.0,0.308594,0.164062,-9.6875,,,,,,,,,,
acc,1778672824.0,243.0,0.308594,0.164062,-9.726562,,,,,,,,,,
acc,1778672824.0,243.0,0.269531,0.203125,-9.6875,,,,,,,,,,
acc,1778672824.0,243.0,0.308594,0.164062,-9.6875,,,,,,,,,,
acc,1778672824.0,243.0,0.308594,0.203125,-9.6875,,,,,,,,,,
acc,1778672824.0,243.0,0.347656,0.164062,-9.730469,,,,,,,,,,
acc,1778672824.0,243.0,0.308594,0.164062,-9.761719,,,,,,,,,,
acc,1778672824.0,243.0,0.308594,0.128906,-9.757812,,,,,,,,,,
acc,1778672824.0,243.0,0.308594,0.128906,-9.757812,,,,,,,,,,
acc,1778672824.0,243.0,0.269531,0.164062,-9.761719,,,,,,,,,,
acc,1778672824.0,243.0,0.230469,0.164062,-9.757812,,,,,,,,,,
acc,1778672824.0,243.0,0.191406,0.128906,-9.796875,,,,,,,,,,
acc,1778672824.0,243.0,0.15625,0.128906,-9.800781,,,,,,,,,,
acc,1778672824.0,243.0,0.117188,0.164062,-9.796875,,,,,,,,,,
acc,1778672824.0,243.0,0.117188,0.164062,-9.839844,,,,,,,,,,
acc,1778672824.0,243.0,0.078125,0.128906,-9.800781,,,,,,,,,,
acc,1778672824.0,243.0,0.078125,0.089844,-9.835938,,,,,,,,,,
acc,1778672824.0,243.0,0.039062,0.128906,-9.875,,,,,,,,,,
acc,1778672824.0,243.0,-0.035156,0.128906,-9.835938,,,,,,,,,,
acc,1778672824.0,243.0,-0.074219,0.128906,-9.878906,,,,,,,,,,
acc,1778672824.0,243.0,-0.113281,0.128906,-9.875,,,,,,,,,,
acc,1778672824.0,243.0,-0.152344,0.164062,-9.839844,,,,,,,,,,
acc,1778672824.0,243.0,-0.152344,0.164062,-9.878906,,,,,,,,,,
acc,1778672824.0,243.0,-0.191406,0.164062,-9.835938,,,,,,,,,,
acc,1778672824.0,243.0,-0.226562,0.128906,-9.914062,,,,,,,,,,
acc,1778672824.0,243.0,-0.226562,0.089844,-9.914062,,,,,,,,,,
acc,1778672824.0,243.0,-0.265625,0.128906,-9.878906,,,,,,,,,,
acc,1778672824.0,243.0,-0.265625,0.128906,-9.957031,,,,,,,,,,
acc,1778672824.0,243.0,-0.265625,0.128906,-9.878906,,,,,,,,,,
acc,1778672824.0,243.0,-0.304688,0.164062,-9.914062,,,,,,,,,,
acc,1778672824.0,243.0,-0.304688,0.164062,-9.953125,,,,,,,,,,
acc,1778672824.0,243.0,-0.34375,0.203125,-9.878906,,,,,,,,,,
acc,1778672824.0,243.0,-0.304688,0.203125,-9.835938,,,,,,,,,,
acc,1778672824.0,243.0,-0.34375,0.164062,-9.878906,,,,,,,,,,
acc,1778672824.0,243.0,-0.34375,0.203125,-9.878906,,,,,,,,,,
acc,1778672824.0,243.0,-0.265625,0.203125,-9.835938,,,,,,,,,,
acc,1778672824.0,243.0,-0.265625,0.164062,-9.875,,,,,,,,,,
acc,1778672824.0,243.0,-0.226562,0.164062,-9.878906,,,,,,,,,,
acc,1778672824.0,243.0,-0.226562,0.164062,-9.878906,,,,,,,,,,
acc,1778672824.0,243.0,-0.226562,0.203125,-9.796875,,,,,,,,,,
acc,1778672824.0,243.0,-0.191406,0.242188,-9.800781,,,,,,,,,,
acc,1778672824.0,243.0,-0.191406,0.203125,-9.800781,,,,,,,,,,
acc,1778672824.0,243.0,-0.191406,0.203125,-9.800781,,,,,,,,,,
acc,1778672824.0,243.0,-0.152344,0.203125,-9.839844,,,,,,,,,,
acc,1778672824.0,243.0,-0.113281,0.203125,-9.761719,,,,,,,,,,
acc,1778672824.0,243.0,-0.074219,0.164062,-9.800781,,,,,,,,,,
acc,1778672824.0,243.0,-0.035156,0.164062,-9.796875,,,,,,,,,,
acc,1778672824.0,243.0,-0.035156,0.164062,-9.761719,,,,,,,,,,
acc,1778672824.0,243.0,-0.035156,0.128906,-9.757812,,,,,,,,,,
acc,1778672824.0,243.0,-0.035156,0.164062,-9.761719,,,,,,,,,,
acc,1778672824.0,243.0,0.0,0.164062,-9.796875,,,,,,,,,,
acc,1778672824.0,243.0,0.0,0.164062,-9.726562,,,,,,,,,,
acc,1778672824.0,243.0,0.039062,0.164062,-9.761719,,,,,,,,,,
acc,1778672824.0,243.0,0.078125,0.128906,-9.757812,,,,,,,,,,
acc,1778672824.0,243.0,0.078125,0.128906,-9.730469,,,,,,,,,,
acc,1778672824.0,243.0,0.117188,0.164062,-9.761719,,,,,,,,,,
acc,1778672824.0,243.0,0.078125,0.164062,-9.761719,,,,,,,,,,
acc,1778672824.0,243.0,0.117188,0.164062,-9.726562,,,,,,,,,,
acc,1778672824.0,243.0,0.117188,0.164062,-9.761719,,,,,,,,,,
acc,1778672824.0,243.0,0.078125,0.164062,-9.761719,,,,,,,,,,
acc,1778672824.0,243.0,0.078125,0.203125,-9.761719,,,,,,,,,,
acc,1778672824.0,243.0,0.078125,0.203125,-9.796875,,,,,,,,,,
acc,1778672824.0,243.0,0.078125,0.203125,-9.796875,,,,,,,,,,
acc,1778672824.0,243.0,0.117188,0.164062,-9.796875,,,,,,,,,,
acc,1778672824.0,243.0,0.078125,0.164062,-9.796875,,,,,,,,,,
acc,1778672824.0,243.0,0.078125,0.164062,-9.796875,,,,,,,,,,
acc,1778672824.0,243.0,0.0,0.164062,-9.796875,,,,,,,,,,
acc,1778672824.0,243.0,0.0,0.203125,-9.839844,,,,,,,,,,
acc,1778672824.0,243.0,-0.035156,0.203125,-9.796875,,,,,,,,,,
acc,1778672824.0,243.0,-0.035156,0.203125,-9.796875,,,,,,,,,,
acc,1778672824.0,243.0,0.0,0.164062,-9.796875,,,,,,,,,,
acc,1778672824.0,243.0,-0.035156,0.164062,-9.796875,,,,,,,,,,
acc,1778672824.0,243.0,-0.035156,0.128906,-9.875,,,,,,,,,,
acc,1778672824.0,243.0,-0.035156,0.164062,-9.796875,,,,,,,,,,
acc,1778672824.0,243.0,-0.074219,0.128906,-9.839844,,,,,,,,,,
acc,1778672824.0,243.0,-0.074219,0.128906,-9.878906,,,,,,,,,,
acc,1778672824.0,243.0,-0.074219,0.128906,-9.761719,,,,,,,,,,
acc,1778672824.0,243.0,-0.113281,0.164062,-9.839844,,,,,,,,,,
acc,1778672824.0,243.0,-0.152344,0.164062,-9.796875,,,,,,,,,,
acc,1778672825.0,244.0,-0.152344,0.164062,-9.796875,,,,,,,,,,
acc,1778672825.0,244.0,-0.152344,0.164062,-9.796875,,,,,,,,,,
acc,1778672825.0,244.0,-0.152344,0.164062,-9.878906,,,,,,,,,,
acc,1778672825.0,244.0,-0.152344,0.128906,-9.835938,,,,,,,,,,
acc,1778672825.0,244.0,-0.152344,0.128906,-9.800781,,,,,,,,,,
acc,1778672825.0,244.0,-0.152344,0.128906,-9.835938,,,,,,,,,,
acc,1778672825.0,244.0,-0.152344,0.164062,-9.796875,,,,,,,,,,
acc,1778672825.0,244.0,-0.152344,0.164062,-9.839844,,,,,,,,,,
acc,1778672825.0,244.0,-0.191406,0.164062,-9.800781,,,,,,,,,,
acc,1778672825.0,244.0,-0.191406,0.203125,-9.835938,,,,,,,,,,
acc,1778672825.0,244.0,-0.191406,0.164062,-9.800781,,,,,,,,,,
acc,1778672825.0,244.0,-0.152344,0.164062,-9.796875,,,,,,,,,,
acc,1778672825.0,244.0,-0.152344,0.128906,-9.800781,,,,,,,,,,
acc,1778672825.0,244.0,-0.113281,0.164062,-9.839844,,,,,,,,,,
acc,1778672825.0,244.0,-0.113281,0.128906,-9.835938,,,,,,,,,,
acc,1778672825.0,244.0,-0.113281,0.128906,-9.800781,,,,,,,,,,
acc,1778672825.0,244.0,-0.113281,0.164062,-9.839844,,,,,,,,,,
acc,1778672825.0,244.0,-0.113281,0.128906,-9.800781,,,,,,,,,,
acc,1778672825.0,244.0,-0.113281,0.128906,-9.800781,,,,,,,,,,
acc,1778672825.0,244.0,-0.074219,0.128906,-9.796875,,,,,,,,,,
acc,1778672825.0,244.0,-0.074219,0.164062,-9.800781,,,,,,,,,,
acc,1778672825.0,244.0,-0.035156,0.128906,-9.835938,,,,,,,,,,
acc,1778672825.0,244.0,-0.035156,0.128906,-9.800781,,,,,,,,,,
acc,1778672825.0,244.0,0.0,0.164062,-9.796875,,,,,,,,,,
acc,1778672825.0,244.0,-0.035156,0.164062,-9.796875,,,,,,,,,,
acc,1778672825.0,244.0,0.0,0.164062,-9.796875,,,,,,,,,,
acc,1778672825.0,244.0,-0.035156,0.164062,-9.796875,,,,,,,,,,
acc,1778672825.0,244.0,-0.035156,0.164062,-9.796875,,,,,,,,,,
acc,1778672825.0,244.0,-0.035156,0.203125,-9.796875,,,,,,,,,,
acc,1778672825.0,244.0,-0.035156,0.164062,-9.796875,,,,,,,,,,
acc,1778672825.0,244.0,0.0,0.203125,-9.796875,,,,,,,,,,
acc,1778672825.0,244.0,0.0,0.203125,-9.796875,,,,,,,,,,
acc,1778672825.0,244.0,0.039062,0.164062,-9.796875,,,,,,,,,,
acc,1778672825.0,244.0,0.039062,0.164062,-9.796875,,,,,,,,,,
acc,1778672825.0,244.0,0.0,0.164062,-9.796875,,,,,,,,,,
acc,1778672825.0,244.0,0.039062,0.203125,-9.761719,,,,,,,,,,
acc,1778672825.0,244.0,0.0,0.203125,-9.796875,,,,,,,,,,
acc,1778672825.0,244.0,0.0,0.203125,-9.796875,,,,,,,,,,
acc,1778672825.0,244.0,0.0,0.203125,-9.796875,,,,,,,,,,
acc,1778672825.0,244.0,0.0,0.164062,-9.839844,,,,,,,,,,
acc,1778672825.0,244.0,0.0,0.164062,-9.796875,,,,,,,,,,
acc,1778672825.0,244.0,0.0,0.164062,-9.796875,,,,,,,,,,
acc,1778672825.0,244.0,0.039062,0.164062,-9.796875,,,,,,,,,,
acc,1778672825.0,244.0,0.0,0.128906,-9.835938,,,,,,,,,,
acc,1778672825.0,244.0,0.0,0.164062,-9.839844,,,,,,,,,,
acc,1778672825.0,244.0,-0.035156,0.164062,-9.796875,,,,,,,,,,
acc,1778672825.0,244.0,-0.035156,0.164062,-9.796875,,,,,,,,,,
acc,1778672825.0,244.0,-0.074219,0.164062,-9.800781,,,,,,,,,,
acc,1778672825.0,244.0,-0.074219,0.128906,-9.796875,,,,,,,,,,
acc,1778672825.0,244.0,-0.035156,0.164062,-9.796875,,,,,,,,,,
acc,1778672825.0,244.0,-0.074219,0.128906,-9.796875,,,,,,,,,,
acc,1778672825.0,244.0,-0.074219,0.164062,-9.835938,,,,,,,,,,
acc,1778672825.0,244.0,-0.074219,0.164062,-9.835938,,,,,,,,,,
acc,1778672825.0,244.0,-0.113281,0.164062,-9.796875,,,,,,,,,,
acc,1778672825.0,244.0,-0.113281,0.164062,-9.796875,,,,,,,,,,
acc,1778672825.0,244.0,-0.152344,0.203125,-9.796875,,,,,,,,,,
acc,1778672825.0,244.0,-0.152344,0.164062,-9.796875,,,,,,,,,,
acc,1778672825.0,244.0,-0.113281,0.164062,-9.839844,,,,,,,,,,
acc,1778672825.0,244.0,-0.152344,0.164062,-9.796875,,,,,,,,,,
acc,1778672825.0,244.0,-0.113281,0.128906,-9.800781,,,,,,,,,,
acc,1778672825.0,244.0,-0.113281,0.128906,-9.835938,,,,,,,,,,
acc,1778672825.0,244.0,-0.113281,0.128906,-9.800781,,,,,,,,,,
acc,1778672825.0,244.0,-0.113281,0.164062,-9.796875,,,,,,,,,,
acc,1778672825.0,244.0,-0.113281,0.164062,-9.796875,,,,,,,,,,
acc,1778672825.0,244.0,-0.152344,0.164062,-9.796875,,,,,,,,,,
acc,1778672825.0,244.0,-0.113281,0.164062,-9.839844,,,,,,,,,,
acc,1778672825.0,244.0,-0.152344,0.164062,-9.796875,,,,,,,,,,
acc,1778672825.0,244.0,-0.074219,0.164062,-9.800781,,,,,,,,,,
acc,1778672825.0,244.0,-0.113281,0.128906,-9.800781,,,,,,,,,,
acc,1778672825.0,244.0,-0.074219,0.164062,-9.835938,,,,,,,,,,
acc,1778672825.0,244.0,-0.113281,0.164062,-9.839844,,,,,,,,,,
acc,1778672825.0,244.0,-0.113281,0.164062,-9.839844,,,,,,,,,,
acc,1778672825.0,244.0,-0.074219,0.164062,-9.800781,,,,,,,,,,
acc,1778672825.0,244.0,-0.074219,0.164062,-9.800781,,,,,,,,,,
acc,1778672825.0,244.0,-0.074219,0.164062,-9.800781,,,,,,,,,,
acc,1778672825.0,244.0,-0.074219,0.203125,-9.757812,,,,,,,,,,
acc,1778672825.0,244.0,-0.035156,0.203125,-9.796875,,,,,,,,,,
acc,1778672825.0,244.0,-0.035156,0.203125,-9.796875,,,,,,,,,,
acc,1778672825.0,244.0,0.0,0.164062,-9.796875,,,,,,,,,,
acc,1778672825.0,244.0,0.0,0.164062,-9.796875,,,,,,,,,,
acc,1778672825.0,244.0,0.0,0.203125,-9.796875,,,,,,,,,,
acc,1778672825.0,244.0,0.0,0.203125,-9.796875,,,,,,,,,,
acc,1778672825.0,244.0,0.0,0.203125,-9.796875,,,,,,,,,,
acc,1778672825.0,244.0,0.0,0.203125,-9.796875,,,,,,,,,,
acc,1778672825.0,244.0,0.0,0.203125,-9.761719,,,,,,,,,,
acc,1778672825.0,244.0,-0.035156,0.203125,-9.796875,,,,,,,,,,
acc,1778672825.0,244.0,0.0,0.164062,-9.796875,,,,,,,,,,
acc,1778672825.0,244.0,0.0,0.164062,-9.796875,,,,,,,,,,
acc,1778672825.0,244.0,0.0,0.128906,-9.800781,,,,,,,,,,
acc,1778672825.0,244.0,0.0,0.128906,-9.835938,,,,,,,,,,
acc,1778672825.0,244.0,-0.035156,0.164062,-9.796875,,,,,,,,,,
acc,1778672825.0,244.0,-0.035156,0.164062,-9.796875,,,,,,,,,,
acc,1778672825.0,244.0,-0.035156,0.164062,-9.796875,,,,,,,,,,
acc,1778672825.0,244.0,-0.035156,0.128906,-9.800781,,,,,,,,,,
acc,1778672825.0,244.0,-0.074219,0.128906,-9.796875,,,,,,,,,,
acc,1778672825.0,244.0,-0.035156,0.128906,-9.835938,,,,,,,,,,
acc,1778672825.0,244.0,-0.074219,0.128906,-9.796875,,,,,,,,,,
acc,1778672825.0,244.0,-0.074219,0.128906,-9.796875,,,,,,,,,,
acc,1778672825.0,244.0,-0.074219,0.128906,-9.796875,,,,,,,,,,
acc,1778672825.0,244.0,-0.074219,0.128906,-9.796875,,,,,,,,,,
acc,1778672825.0,244.0,-0.074219,0.128906,-9.796875,,,,,,,,,,
acc,1778672825.0,244.0,-0.074219,0.164062,-9.835938,,,,,,,,,,
acc,1778672825.0,244.0,-0.113281,0.164062,-9.839844,,,,,,,,,,
acc,1778672825.0,244.0,-0.113281,0.164062,-9.796875,,,,,,,,,,
acc,1778672825.0,244.0,-0.113281,0.164062,-9.761719,,,,,,,,,,
acc,1778672825.0,244.0,-0.113281,0.128906,-9.835938,,,,,,,,,,
acc,1778672825.0,244.0,-0.113281,0.128906,-9.800781,,,,,,,,,,
acc,1778672825.0,244.0,-0.074219,0.128906,-9.878906,,,,,,,,,,
acc,1778672825.0,244.0,-0.113281,0.128906,-9.835938,,,,,,,,,,
acc,1778672825.0,244.0,-0.074219,0.164062,-9.835938,,,,,,,,,,
acc,1778672825.0,244.0,-0.113281,0.164062,-9.796875,,,,,,,,,,
acc,1778672825.0,244.0,-0.074219,0.164062,-9.800781,,,,,,,,,,
acc,1778672825.0,244.0,-0.074219,0.164062,-9.800781,,,,,,,,,,
acc,1778672825.0,244.0,-0.074219,0.128906,-9.839844,,,,,,,,,,
acc,1778672825.0,244.0,-0.074219,0.128906,-9.839844,,,,,,,,,,
acc,1778672825.0,244.0,-0.074219,0.164062,-9.800781,,,,,,,,,,
acc,1778672825.0,244.0,-0.035156,0.164062,-9.796875,,,,,,,,,,
acc,1778672825.0,244.0,-0.074219,0.164062,-9.800781,,,,,,,,,,
acc,1778672825.0,244.0,-0.074219,0.164062,-9.757812,,,,,,,,,,
acc,1778672825.0,244.0,-0.074219,0.164062,-9.800781,,,,,,,,,,
acc,1778672825.0,244.0,-0.074219,0.203125,-9.800781,,,,,,,,,,
acc,1778672825.0,244.0,-0.074219,0.203125,-9.800781,,,,,,,,,,
acc,1778672825.0,244.0,-0.074219,0.203125,-9.757812,,,,,,,,,,
acc,1778672825.0,244.0,-0.035156,0.164062,-9.796875,,,,,,,,,,
acc,1778672826.0,245.0,-0.035156,0.203125,-9.796875,,,,,,,,,,
acc,1778672826.0,245.0,-0.035156,0.203125,-9.796875,,,,,,,,,,
acc,1778672826.0,245.0,-0.035156,0.164062,-9.796875,,,,,,,,,,
acc,1778672826.0,245.0,-0.035156,0.203125,-9.796875,,,,,,,,,,
acc,1778672826.0,245.0,-0.035156,0.203125,-9.796875,,,,,,,,,,
acc,1778672826.0,245.0,-0.074219,0.203125,-9.757812,,,,,,,,,,
acc,1778672826.0,245.0,-0.035156,0.203125,-9.796875,,,,,,,,,,
acc,1778672826.0,245.0,-0.035156,0.203125,-9.796875,,,,,,,,,,
acc,1778672826.0,245.0,-0.035156,0.203125,-9.796875,,,,,,,,,,
acc,1778672826.0,245.0,-0.035156,0.164062,-9.796875,,,,,,,,,,
acc,1778672826.0,245.0,0.0,0.164062,-9.761719,,,,,,,,,,
acc,1778672826.0,245.0,-0.035156,0.164062,-9.839844,,,,,,,,,,
acc,1778672826.0,245.0,-0.035156,0.164062,-9.796875,,,,,,,,,,
acc,1778672826.0,245.0,-0.035156,0.164062,-9.796875,,,,,,,,,,
acc,1778672826.0,245.0,-0.035156,0.164062,-9.796875,,,,,,,,,,
acc,1778672826.0,245.0,-0.074219,0.164062,-9.800781,,,,,,,,,,
acc,1778672826.0,245.0,-0.074219,0.164062,-9.835938,,,,,,,,,,
acc,1778672826.0,245.0,-0.035156,0.164062,-9.796875,,,,,,,,,,
acc,1778672826.0,245.0,-0.074219,0.164062,-9.835938,,,,,,,,,,
acc,1778672826.0,245.0,-0.074219,0.164062,-9.835938,,,,,,,,,,
acc,1778672826.0,245.0,-0.074219,0.164062,-9.835938,,,,,,,,,,
acc,1778672826.0,245.0,-0.074219,0.128906,-9.878906,,,,,,,,,,
acc,1778672826.0,245.0,-0.074219,0.164062,-9.835938,,,,,,,,,,
acc,1778672826.0,245.0,-0.074219,0.164062,-9.800781,,,,,,,,,,
acc,1778672826.0,245.0,-0.074219,0.164062,-9.800781,,,,,,,,,,
acc,1778672826.0,245.0,-0.074219,0.128906,-9.796875,,,,,,,,,,
acc,1778672826.0,245.0,-0.074219,0.164062,-9.835938,,,,,,,,,,
acc,1778672826.0,245.0,-0.074219,0.164062,-9.800781,,,,,,,,,,
acc,1778672826.0,245.0,-0.074219,0.128906,-9.796875,,,,,,,,,,
acc,1778672826.0,245.0,-0.074219,0.128906,-9.761719,,,,,,,,,,
acc,1778672826.0,245.0,-0.035156,0.128906,-9.800781,,,,,,,,,,
acc,1778672826.0,245.0,-0.074219,0.128906,-9.796875,,,,,,,,,,
acc,1778672826.0,245.0,-0.074219,0.128906,-9.796875,,,,,,,,,,
acc,1778672826.0,245.0,-0.074219,0.164062,-9.800781,,,,,,,,,,
acc,1778672826.0,245.0,-0.074219,0.164062,-9.800781,,,,,,,,,,
acc,1778672826.0,245.0,-0.074219,0.203125,-9.800781,,,,,,,,,,
acc,1778672826.0,245.0,-0.074219,0.164062,-9.757812,,,,,,,,,,
acc,1778672826.0,245.0,-0.074219,0.164062,-9.800781,,,,,,,,,,
acc,1778672826.0,245.0,-0.074219,0.164062,-9.800781,,,,,,,,,,
acc,1778672826.0,245.0,-0.074219,0.164062,-9.800781,,,,,,,,,,
acc,1778672826.0,245.0,-0.074219,0.164062,-9.835938,,,,,,,,,,
acc,1778672826.0,245.0,-0.074219,0.164062,-9.800781,,,,,,,,,,
acc,1778672826.0,245.0,-0.074219,0.203125,-9.800781,,,,,,,,,,
acc,1778672826.0,245.0,-0.074219,0.203125,-9.757812,,,,,,,,,,
acc,1778672826.0,245.0,-0.074219,0.203125,-9.800781,,,,,,,,,,
acc,1778672826.0,245.0,-0.074219,0.203125,-9.757812,,,,,,,,,,
acc,1778672826.0,245.0,-0.074219,0.164062,-9.800781,,,,,,,,,,
acc,1778672826.0,245.0,-0.035156,0.203125,-9.839844,,,,,,,,,,
acc,1778672826.0,245.0,-0.035156,0.128906,-9.835938,,,,,,,,,,
acc,1778672826.0,245.0,-0.035156,0.164062,-9.839844,,,,,,,,,,
acc,1778672826.0,245.0,-0.035156,0.164062,-9.796875,,,,,,,,,,
acc,1778672826.0,245.0,-0.035156,0.164062,-9.839844,,,,,,,,,,
acc,1778672826.0,245.0,-0.074219,0.164062,-9.800781,,,,,,,,,,
acc,1778672826.0,245.0,-0.074219,0.164062,-9.800781,,,,,,,,,,
acc,1778672826.0,245.0,-0.074219,0.164062,-9.800781,,,,,,,,,,
acc,1778672826.0,245.0,-0.074219,0.164062,-9.757812,,,,,,,,,,
acc,1778672826.0,245.0,-0.035156,0.128906,-9.835938,,,,,,,,,,
acc,1778672826.0,245.0,-0.035156,0.128906,-9.800781,,,,,,,,,,
acc,1778672826.0,245.0,-0.035156,0.164062,-9.839844,,,,,,,,,,
acc,1778672826.0,245.0,-0.035156,0.128906,-9.835938,,,,,,,,,,
acc,1778672826.0,245.0,-0.035156,0.128906,-9.835938,,,,,,,,,,
acc,1778672826.0,245.0,-0.074219,0.164062,-9.800781,,,,,,,,,,
acc,1778672826.0,245.0,-0.074219,0.164062,-9.800781,,,,,,,,,,
acc,1778672826.0,245.0,-0.074219,0.164062,-9.800781,,,,,,,,,,
acc,1778672826.0,245.0,-0.074219,0.164062,-9.800781,,,,,,,,,,
acc,1778672826.0,245.0,-0.074219,0.128906,-9.761719,,,,,,,,,,
acc,1778672826.0,245.0,-0.074219,0.164062,-9.757812,,,,,,,,,,
acc,1778672826.0,245.0,-0.035156,0.164062,-9.839844,,,,,,,,,,
acc,1778672826.0,245.0,-0.035156,0.128906,-9.800781,,,,,,,,,,
acc,1778672826.0,245.0,-0.074219,0.164062,-9.800781,,,,,,,,,,
acc,1778672826.0,245.0,-0.074219,0.164062,-9.800781,,,,,,,,,,
acc,1778672826.0,245.0,-0.074219,0.203125,-9.835938,,,,,,,,,,
acc,1778672826.0,245.0,-0.074219,0.164062,-9.800781,,,,,,,,,,
acc,1778672826.0,245.0,-0.074219,0.203125,-9.800781,,,,,,,,,,
acc,1778672826.0,245.0,-0.113281,0.164062,-9.761719,,,,,,,,,,
acc,1778672826.0,245.0,-0.074219,0.203125,-9.800781,,,,,,,,,,
acc,1778672826.0,245.0,-0.035156,0.164062,-9.796875,,,,,,,,,,
acc,1778672826.0,245.0,-0.074219,0.164062,-9.835938,,,,,,,,,,
acc,1778672826.0,245.0,-0.035156,0.128906,-9.800781,,,,,,,,,,
acc,1778672826.0,245.0,-0.074219,0.164062,-9.800781,,,,,,,,,,
acc,1778672826.0,245.0,-0.074219,0.164062,-9.800781,,,,,,,,,,
acc,1778672826.0,245.0,-0.074219,0.203125,-9.800781,,,,,,,,,,
acc,1778672826.0,245.0,-0.113281,0.203125,-9.796875,,,,,,,,,,
acc,1778672826.0,245.0,-0.074219,0.164062,-9.800781,,,,,,,,,,
acc,1778672826.0,245.0,-0.035156,0.164062,-9.839844,,,,,,,,,,
acc,1778672826.0,245.0,-0.074219,0.164062,-9.800781,,,,,,,,,,
acc,1778672826.0,245.0,-0.035156,0.128906,-9.800781,,,,,,,,,,
acc,1778672826.0,245.0,-0.035156,0.164062,-9.839844,,,,,,,,,,
acc,1778672826.0,245.0,-0.035156,0.128906,-9.800781,,,,,,,,,,
acc,1778672826.0,245.0,-0.035156,0.164062,-9.796875,,,,,,,,,,
acc,1778672826.0,245.0,-0.074219,0.164062,-9.800781,,,,,,,,,,
acc,1778672826.0,245.0,-0.074219,0.164062,-9.800781,,,,,,,,,,
acc,1778672826.0,245.0,-0.074219,0.164062,-9.800781,,,,,,,,,,
acc,1778672826.0,245.0,-0.074219,0.164062,-9.800781,,,,,,,,,,
acc,1778672826.0,245.0,-0.074219,0.164062,-9.800781,,,,,,,,,,
acc,1778672826.0,245.0,-0.035156,0.164062,-9.761719,,,,,,,,,,
acc,1778672826.0,245.0,-0.035156,0.164062,-9.796875,,,,,,,,,,
acc,1778672826.0,245.0,-0.035156,0.128906,-9.800781,,,,,,,,,,
acc,1778672826.0,245.0,-0.074219,0.128906,-9.839844,,,,,,,,,,
acc,1778672826.0,245.0,-0.074219,0.164062,-9.800781,,,,,,,,,,
acc,1778672826.0,245.0,-0.074219,0.164062,-9.800781,,,,,,,,,,
acc,1778672826.0,245.0,-0.074219,0.164062,-9.800781,,,,,,,,,,
acc,1778672826.0,245.0,-0.074219,0.164062,-9.800781,,,,,,,,,,
acc,1778672826.0,245.0,-0.074219,0.164062,-9.800781,,,,,,,,,,
acc,1778672826.0,245.0,-0.074219,0.128906,-9.839844,,,,,,,,,,
acc,1778672826.0,245.0,-0.035156,0.128906,-9.800781,,,,,,,,,,
acc,1778672826.0,245.0,-0.035156,0.128906,-9.800781,,,,,,,,,,
acc,1778672826.0,245.0,-0.035156,0.128906,-9.835938,,,,,,,,,,
acc,1778672826.0,245.0,-0.035156,0.164062,-9.796875,,,,,,,,,,
acc,1778672826.0,245.0,-0.074219,0.164062,-9.835938,,,,,,,,,,
acc,1778672826.0,245.0,-0.074219,0.164062,-9.835938,,,,,,,,,,
acc,1778672826.0,245.0,-0.074219,0.164062,-9.800781,,,,,,,,,,
acc,1778672826.0,245.0,-0.074219,0.164062,-9.800781,,,,,,,,,,
acc,1778672826.0,245.0,-0.074219,0.164062,-9.800781,,,,,,,,,,
acc,1778672826.0,245.0,-0.074219,0.164062,-9.800781,,,,,,,,,,
acc,1778672826.0,245.0,-0.035156,0.128906,-9.835938,,,,,,,,,,
acc,1778672826.0,245.0,-0.035156,0.164062,-9.796875,,,,,,,,,,
acc,1778672826.0,245.0,-0.074219,0.164062,-9.757812,,,,,,,,,,
acc,1778672826.0,245.0,-0.074219,0.164062,-9.800781,,,,,,,,,,
acc,1778672826.0,245.0,-0.074219,0.164062,-9.800781,,,,,,,,,,
acc,1778672826.0,245.0,-0.074219,0.164062,-9.800781,,,,,,,,,,
acc,1778672826.0,245.0,-0.074219,0.203125,-9.757812,,,,,,,,,,
acc,1778672826.0,245.0,-0.113281,0.164062,-9.839844,,,,,,,,,,
acc,1778672826.0,245.0,-0.035156,0.164062,-9.796875,,,,,,,,,,
acc,1778672826.0,245.0,-0.074219,0.164062,-9.800781,,,,,,,,,,
acc,1778672826.0,245.0,-0.035156,0.164062,-9.796875,,,,,,,,,,
acc,1778672827.0,246.0,-0.035156,0.164062,-9.796875,,,,,,,,,,
acc,1778672827.0,246.0,-0.074219,0.164062,-9.835938,,,,,,,,,,
acc,1778672827.0,246.0,-0.113281,0.164062,-9.839844,,,,,,,,,,
acc,1778672827.0,246.0,-0.074219,0.203125,-9.800781,,,,,,,,,,
acc,1778672827.0,246.0,-0.074219,0.203125,-9.800781,,,,,,,,,,
acc,1778672827.0,246.0,-0.074219,0.203125,-9.800781,,,,,,,,,,
acc,1778672827.0,246.0,-0.035156,0.164062,-9.796875,,,,,,,,,,
acc,1778672827.0,246.0,-0.074219,0.164062,-9.800781,,,,,,,,,,
acc,1778672827.0,246.0,-0.035156,0.164062,-9.839844,,,,,,,,,,
acc,1778672827.0,246.0,-0.074219,0.164062,-9.835938,,,,,,,,,,
acc,1778672827.0,246.0,-0.074219,0.164062,-9.835938,,,,,,,,,,
acc,1778672827.0,246.0,-0.074219,0.164062,-9.757812,,,,,,,,,,
acc,1778672827.0,246.0,-0.074219,0.164062,-9.800781,,,,,,,,,,
acc,1778672827.0,246.0,-0.074219,0.203125,-9.800781,,,,,,,,,,
acc,1778672827.0,246.0,-0.074219,0.164062,-9.800781,,,,,,,,,,
acc,1778672827.0,246.0,-0.074219,0.164062,-9.835938,,,,,,,,,,
acc,1778672827.0,246.0,-0.074219,0.164062,-9.835938,,,,,,,,,,
acc,1778672827.0,246.0,-0.074219,0.164062,-9.800781,,,,,,,,,,
acc,1778672827.0,246.0,-0.035156,0.164062,-9.796875,,,,,,,,,,
acc,1778672827.0,246.0,-0.074219,0.128906,-9.839844,,,,,,,,,,
acc,1778672827.0,246.0,-0.035156,0.164062,-9.796875,,,,,,,,,,
acc,1778672827.0,246.0,-0.074219,0.164062,-9.800781,,,,,,,,,,
acc,1778672827.0,246.0,-0.074219,0.164062,-9.800781,,,,,,,,,,
acc,1778672827.0,246.0,-0.074219,0.164062,-9.800781,,,,,,,,,,
acc,1778672827.0,246.0,-0.074219,0.164062,-9.800781,,,,,,,,,,
acc,1778672827.0,246.0,-0.074219,0.164062,-9.800781,,,,,,,,,,
acc,1778672827.0,246.0,-0.074219,0.128906,-9.796875,,,,,,,,,,
acc,1778672827.0,246.0,-0.035156,0.164062,-9.796875,,,,,,,,,,
acc,1778672827.0,246.0,-0.035156,0.128906,-9.800781,,,,,,,,,,
acc,1778672827.0,246.0,-0.074219,0.128906,-9.796875,,,,,,,,,,
acc,1778672827.0,246.0,-0.035156,0.164062,-9.761719,,,,,,,,,,
acc,1778672827.0,246.0,-0.074219,0.203125,-9.800781,,,,,,,,,,
acc,1778672827.0,246.0,-0.074219,0.164062,-9.757812,,,,,,,,,,
acc,1778672827.0,246.0,-0.074219,0.128906,-9.796875,,,,,,,,,,
acc,1778672827.0,246.0,-0.035156,0.164062,-9.796875,,,,,,,,,,
acc,1778672827.0,246.0,-0.035156,0.164062,-9.796875,,,,,,,,,,
acc,1778672827.0,246.0,-0.035156,0.128906,-9.835938,,,,,,,,,,
acc,1778672827.0,246.0,-0.074219,0.128906,-9.839844,,,,,,,,,,
acc,1778672827.0,246.0,-0.074219,0.164062,-9.800781,,,,,,,,,,
acc,1778672827.0,246.0,-0.035156,0.203125,-9.796875,,,,,,,,,,
acc,1778672827.0,246.0,-0.035156,0.164062,-9.839844,,,,,,,,,,
acc,1778672827.0,246.0,-0.074219,0.164062,-9.800781,,,,,,,,,,
acc,1778672827.0,246.0,-0.074219,0.164062,-9.800781,,,,,,,,,,
acc,1778672827.0,246.0,-0.074219,0.164062,-9.800781,,,,,,,,,,
acc,1778672827.0,246.0,-0.074219,0.164062,-9.800781,,,,,,,,,,
acc,1778672827.0,246.0,-0.074219,0.164062,-9.835938,,,,,,,,,,
acc,1778672827.0,246.0,-0.074219,0.164062,-9.835938,,,,,,,,,,
acc,1778672827.0,246.0,-0.035156,0.164062,-9.796875,,,,,,,,,,
acc,1778672827.0,246.0,-0.074219,0.164062,-9.800781,,,,,,,,,,
acc,1778672827.0,246.0,-0.074219,0.164062,-9.800781,,,,,,,,,,
acc,1778672827.0,246.0,-0.113281,0.203125,-9.796875,,,,,,,,,,
acc,1778672827.0,246.0,-0.074219,0.164062,-9.800781,,,,,,,,,,
acc,1778672827.0,246.0,-0.074219,0.164062,-9.800781,,,,,,,,,,
acc,1778672827.0,246.0,-0.074219,0.164062,-9.835938,,,,,,,,,,
acc,1778672827.0,246.0,-0.074219,0.164062,-9.800781,,,,,,,,,,
acc,1778672827.0,246.0,-0.035156,0.164062,-9.796875,,,,,,,,,,
acc,1778672827.0,246.0,-0.074219,0.164062,-9.800781,,,,,,,,,,
acc,1778672827.0,246.0,-0.074219,0.164062,-9.800781,,,,,,,,,,
acc,1778672827.0,246.0,-0.074219,0.164062,-9.835938,,,,,,,,,,
acc,1778672827.0,246.0,-0.074219,0.203125,-9.800781,,,,,,,,,,
acc,1778672827.0,246.0,-0.074219,0.164062,-9.800781,,,,,,,,,,
acc,1778672827.0,246.0,-0.074219,0.203125,-9.800781,,,,,,,,,,
acc,1778672827.0,246.0,-0.074219,0.164062,-9.800781,,,,,,,,,,
acc,1778672827.0,246.0,-0.035156,0.128906,-9.800781,,,,,,,,,,
acc,1778672827.0,246.0,-0.035156,0.164062,-9.839844,,,,,,,,,,
acc,1778672827.0,246.0,0.0,0.164062,-9.839844,,,,,,,,,,
acc,1778672827.0,246.0,-0.035156,0.164062,-9.796875,,,,,,,,,,
acc,1778672827.0,246.0,-0.074219,0.203125,-9.800781,,,,,,,,,,
acc,1778672827.0,246.0,-0.074219,0.203125,-9.800781,,,,,,,,,,
acc,1778672827.0,246.0,-0.074219,0.164062,-9.800781,,,,,,,,,,
acc,1778672827.0,246.0,-0.074219,0.164062,-9.800781,,,,,,,,,,
acc,1778672827.0,246.0,-0.074219,0.164062,-9.800781,,,,,,,,,,
acc,1778672827.0,246.0,-0.074219,0.203125,-9.835938,,,,,,,,,,
acc,1778672827.0,246.0,-0.074219,0.164062,-9.800781,,,,,,,,,,
acc,1778672827.0,246.0,-0.074219,0.128906,-9.796875,,,,,,,,,,
acc,1778672827.0,246.0,-0.074219,0.164062,-9.800781,,,,,,,,,,
acc,1778672827.0,246.0,-0.035156,0.164062,-9.839844,,,,,,,,,,
acc,1778672827.0,246.0,-0.074219,0.164062,-9.835938,,,,,,,,,,
acc,1778672827.0,246.0,-0.035156,0.164062,-9.839844,,,,,,,,,,
acc,1778672827.0,246.0,-0.074219,0.164062,-9.800781,,,,,,,,,,
acc,1778672827.0,246.0,-0.074219,0.164062,-9.800781,,,,,,,,,,
acc,1778672827.0,246.0,-0.074219,0.128906,-9.796875,,,,,,,,,,
acc,1778672827.0,246.0,-0.035156,0.164062,-9.796875,,,,,,,,,,
acc,1778672827.0,246.0,-0.074219,0.164062,-9.800781,,,,,,,,,,
acc,1778672827.0,246.0,-0.035156,0.128906,-9.835938,,,,,,,,,,
acc,1778672827.0,246.0,-0.035156,0.128906,-9.800781,,,,,,,,,,
acc,1778672827.0,246.0,-0.035156,0.164062,-9.796875,,,,,,,,,,
acc,1778672827.0,246.0,-0.074219,0.164062,-9.800781,,,,,,,,,,
acc,1778672827.0,246.0,-0.074219,0.164062,-9.800781,,,,,,,,,,
acc,1778672827.0,246.0,-0.074219,0.164062,-9.800781,,,,,,,,,,
acc,1778672827.0,246.0,-0.074219,0.164062,-9.800781,,,,,,,,,,
acc,1778672827.0,246.0,-0.074219,0.128906,-9.796875,,,,,,,,,,
acc,1778672827.0,246.0,-0.074219,0.164062,-9.800781,,,,,,,,,,
acc,1778672827.0,246.0,-0.035156,0.164062,-9.839844,,,,,,,,,,
acc,1778672827.0,246.0,-0.035156,0.164062,-9.839844,,,,,,,,,,
acc,1778672827.0,246.0,-0.035156,0.164062,-9.796875,,,,,,,,,,
acc,1778672827.0,246.0,-0.074219,0.164062,-9.835938,,,,,,,,,,
acc,1778672827.0,246.0,-0.113281,0.164062,-9.839844,,,,,,,,,,
acc,1778672827.0,246.0,-0.074219,0.164062,-9.835938,,,,,,,,,,
acc,1778672827.0,246.0,-0.074219,0.164062,-9.835938,,,,,,,,,,
acc,1778672827.0,246.0,-0.074219,0.164062,-9.800781,,,,,,,,,,
acc,1778672827.0,246.0,-0.074219,0.164062,-9.800781,,,,,,,,,,
acc,1778672827.0,246.0,-0.035156,0.128906,-9.835938,,,,,,,,,,
acc,1778672827.0,246.0,-0.074219,0.164062,-9.835938,,,,,,,,,,
acc,1778672827.0,246.0,-0.035156,0.164062,-9.839844,,,,,,,,,,
acc,1778672827.0,246.0,-0.035156,0.164062,-9.796875,,,,,,,,,,
acc,1778672827.0,246.0,-0.074219,0.164062,-9.800781,,,,,,,,,,
acc,1778672827.0,246.0,-0.074219,0.203125,-9.800781,,,,,,,,,,
acc,1778672827.0,246.0,-0.074219,0.164062,-9.800781,,,,,,,,,,
acc,1778672827.0,246.0,-0.074219,0.164062,-9.800781,,,,,,,,,,
acc,1778672827.0,246.0,-0.074219,0.164062,-9.835938,,,,,,,,,,
acc,1778672827.0,246.0,-0.035156,0.164062,-9.796875,,,,,,,,,,
acc,1778672827.0,246.0,-0.074219,0.164062,-9.800781,,,,,,,,,,
acc,1778672827.0,246.0,-0.035156,0.164062,-9.796875,,,,,,,,,,
acc,1778672827.0,246.0,-0.074219,0.164062,-9.757812,,,,,,,,,,
acc,1778672827.0,246.0,-0.074219,0.164062,-9.800781,,,,,,,,,,
acc,1778672827.0,246.0,-0.074219,0.164062,-9.800781,,,,,,,,,,
acc,1778672827.0,246.0,-0.074219,0.164062,-9.800781,,,,,,,,,,
acc,1778672827.0,246.0,-0.074219,0.164062,-9.800781,,,,,,,,,,
acc,1778672827.0,246.0,-0.035156,0.164062,-9.796875,,,,,,,,,,
acc,1778672827.0,246.0,-0.035156,0.128906,-9.800781,,,,,,,,,,
acc,1778672827.0,246.0,-0.035156,0.128906,-9.800781,,,,,,,,,,
acc,1778672827.0,246.0,-0.035156,0.164062,-9.796875,,,,,,,,,,
acc,1778672827.0,246.0,-0.035156,0.128906,-9.835938,,,,,,,,,,
acc,1778672827.0,246.0,-0.035156,0.164062,-9.796875,,,,,,,,,,
acc,1778672827.0,246.0,-0.074219,0.164062,-9.757812,,,,,,,,,,
acc,1778672827.0,246.0,-0.074219,0.164062,-9.800781,,,,,,,,,,
acc,1778672828.0,247.0,-0.074219,0.164062,-9.800781,,,,,,,,,,
acc,1778672828.0,247.0,-0.074219,0.164062,-9.800781,,,,,,,,,,
acc,1778672828.0,247.0,-0.074219,0.164062,-9.800781,,,,,,,,,,
acc,1778672828.0,247.0,-0.074219,0.164062,-9.800781,,,,,,,,,,
acc,1778672828.0,247.0,-0.074219,0.164062,-9.835938,,,,,,,,,,
acc,1778672828.0,247.0,-0.074219,0.128906,-9.796875,,,,,,,,,,
acc,1778672828.0,247.0,-0.074219,0.164062,-9.800781,,,,,,,,,,
acc,1778672828.0,247.0,-0.074219,0.164062,-9.835938,,,,,,,,,,
acc,1778672828.0,247.0,-0.074219,0.164062,-9.835938,,,,,,,,,,
acc,1778672828.0,247.0,-0.074219,0.164062,-9.800781,,,,,,,,,,
acc,1778672828.0,247.0,-0.074219,0.164062,-9.800781,,,,,,,,,,
acc,1778672828.0,247.0,-0.035156,0.128906,-9.800781,,,,,,,,,,
acc,1778672828.0,247.0,-0.035156,0.164062,-9.796875,,,,,,,,,,
acc,1778672828.0,247.0,-0.074219,0.164062,-9.800781,,,,,,,,,,
acc,1778672828.0,247.0,-0.035156,0.164062,-9.839844,,,,,,,,,,
acc,1778672828.0,247.0,-0.035156,0.164062,-9.796875,,,,,,,,,,
acc,1778672828.0,247.0,-0.035156,0.128906,-9.800781,,,,,,,,,,
acc,1778672828.0,247.0,-0.074219,0.203125,-9.800781,,,,,,,,,,
acc,1778672828.0,247.0,-0.074219,0.164062,-9.757812,,,,,,,,,,
acc,1778672828.0,247.0,-0.074219,0.164062,-9.835938,,,,,,,,,,
acc,1778672828.0,247.0,-0.035156,0.164062,-9.761719,,,,,,,,,,
acc,1778672828.0,247.0,-0.074219,0.164062,-9.800781,,,,,,,,,,
acc,1778672828.0,247.0,-0.035156,0.164062,-9.796875,,,,,,,,,,
acc,1778672828.0,247.0,-0.035156,0.164062,-9.796875,,,,,,,,,,
acc,1778672828.0,247.0,-0.035156,0.164062,-9.796875,,,,,,,,,,
acc,1778672828.0,247.0,-0.035156,0.164062,-9.796875,,,,,,,,,,
acc,1778672828.0,247.0,-0.074219,0.164062,-9.757812,,,,,,,,,,
acc,1778672828.0,247.0,-0.035156,0.203125,-9.796875,,,,,,,,,,
acc,1778672828.0,247.0,-0.074219,0.203125,-9.757812,,,,,,,,,,
acc,1778672828.0,247.0,-0.074219,0.203125,-9.800781,,,,,,,,,,
acc,1778672828.0,247.0,-0.074219,0.164062,-9.800781,,,,,,,,,,
acc,1778672828.0,247.0,-0.074219,0.164062,-9.800781,,,,,,,,,,
acc,1778672828.0,247.0,-0.035156,0.128906,-9.835938,,,,,,,,,,
acc,1778672828.0,247.0,-0.074219,0.164062,-9.835938,,,,,,,,,,
acc,1778672828.0,247.0,-0.074219,0.164062,-9.835938,,,,,,,,,,
acc,1778672828.0,247.0,-0.035156,0.164062,-9.796875,,,,,,,,,,
acc,1778672828.0,247.0,-0.074219,0.164062,-9.800781,,,,,,,,,,
acc,1778672828.0,247.0,-0.074219,0.164062,-9.800781,,,,,,,,,,
acc,1778672828.0,247.0,-0.074219,0.164062,-9.800781,,,,,,,,,,
acc,1778672828.0,247.0,-0.074219,0.164062,-9.835938,,,,,,,,,,
acc,1778672828.0,247.0,-0.113281,0.164062,-9.796875,,,,,,,,,,
acc,1778672828.0,247.0,-0.074219,0.164062,-9.800781,,,,,,,,,,
acc,1778672828.0,247.0,-0.074219,0.128906,-9.796875,,,,,,,,,,
acc,1778672828.0,247.0,-0.035156,0.128906,-9.835938,,,,,,,,,,
acc,1778672828.0,247.0,-0.035156,0.128906,-9.800781,,,,,,,,,,
acc,1778672828.0,247.0,-0.035156,0.128906,-9.835938,,,,,,,,,,
acc,1778672828.0,247.0,-0.074219,0.128906,-9.796875,,,,,,,,,,
acc,1778672828.0,247.0,-0.074219,0.164062,-9.800781,,,,,,,,,,
acc,1778672828.0,247.0,-0.074219,0.164062,-9.800781,,,,,,,,,,
acc,1778672828.0,247.0,-0.035156,0.164062,-9.796875,,,,,,,,,,
acc,1778672828.0,247.0,-0.035156,0.128906,-9.757812,,,,,,,,,,
acc,1778672828.0,247.0,-0.074219,0.128906,-9.796875,,,,,,,,,,
acc,1778672828.0,247.0,-0.035156,0.128906,-9.835938,,,,,,,,,,
acc,1778672828.0,247.0,-0.074219,0.164062,-9.800781,,,,,,,,,,
acc,1778672828.0,247.0,-0.074219,0.164062,-9.800781,,,,,,,,,,
acc,1778672828.0,247.0,-0.035156,0.164062,-9.796875,,,,,,,,,,
acc,1778672828.0,247.0,-0.074219,0.164062,-9.757812,,,,,,,,,,
acc,1778672828.0,247.0,-0.074219,0.164062,-9.800781,,,,,,,,,,
acc,1778672828.0,247.0,-0.074219,0.203125,-9.800781,,,,,,,,,,
acc,1778672828.0,247.0,-0.035156,0.164062,-9.796875,,,,,,,,,,
acc,1778672828.0,247.0,-0.074219,0.164062,-9.800781,,,,,,,,,,
acc,1778672828.0,247.0,-0.074219,0.164062,-9.835938,,,,,,,,,,
acc,1778672828.0,247.0,-0.035156,0.164062,-9.796875,,,,,,,,,,
acc,1778672828.0,247.0,-0.074219,0.164062,-9.800781,,,,,,,,,,
acc,1778672828.0,247.0,-0.074219,0.164062,-9.835938,,,,,,,,,,
acc,1778672828.0,247.0,-0.074219,0.203125,-9.800781,,,,,,,,,,
acc,1778672828.0,247.0,-0.074219,0.203125,-9.757812,,,,,,,,,,
acc,1778672828.0,247.0,-0.074219,0.164062,-9.800781,,,,,,,,,,
acc,1778672828.0,247.0,-0.074219,0.164062,-9.800781,,,,,,,,,,
acc,1778672828.0,247.0,-0.074219,0.164062,-9.835938,,,,,,,,,,
acc,1778672828.0,247.0,-0.074219,0.164062,-9.835938,,,,,,,,,,
acc,1778672828.0,247.0,-0.074219,0.164062,-9.835938,,,,,,,,,,
acc,1778672828.0,247.0,-0.074219,0.164062,-9.800781,,,,,,,,,,
acc,1778672828.0,247.0,-0.035156,0.203125,-9.839844,,,,,,,,,,
acc,1778672828.0,247.0,-0.035156,0.203125,-9.761719,,,,,,,,,,
acc,1778672828.0,247.0,-0.074219,0.203125,-9.800781,,,,,,,,,,
acc,1778672828.0,247.0,-0.074219,0.164062,-9.800781,,,,,,,,,,
acc,1778672828.0,247.0,-0.074219,0.203125,-9.800781,,,,,,,,,,
acc,1778672828.0,247.0,-0.074219,0.203125,-9.835938,,,,,,,,,,
acc,1778672828.0,247.0,-0.035156,0.164062,-9.796875,,,,,,,,,,
acc,1778672828.0,247.0,-0.035156,0.128906,-9.835938,,,,,,,,,,
acc,1778672828.0,247.0,-0.035156,0.128906,-9.835938,,,,,,,,,,
acc,1778672828.0,247.0,-0.074219,0.164062,-9.835938,,,,,,,,,,
acc,1778672828.0,247.0,-0.074219,0.164062,-9.800781,,,,,,,,,,
acc,1778672828.0,247.0,-0.074219,0.164062,-9.800781,,,,,,,,,,
acc,1778672828.0,247.0,-0.074219,0.164062,-9.800781,,,,,,,,,,
acc,1778672828.0,247.0,-0.074219,0.164062,-9.800781,,,,,,,,,,
acc,1778672828.0,247.0,-0.074219,0.128906,-9.796875,,,,,,,,,,
acc,1778672828.0,247.0,-0.074219,0.164062,-9.800781,,,,,,,,,,
acc,1778672828.0,247.0,-0.074219,0.164062,-9.835938,,,,,,,,,,
acc,1778672828.0,247.0,-0.074219,0.128906,-9.796875,,,,,,,,,,
acc,1778672828.0,247.0,-0.074219,0.164062,-9.835938,,,,,,,,,,
acc,1778672828.0,247.0,-0.074219,0.164062,-9.800781,,,,,,,,,,
acc,1778672828.0,247.0,-0.074219,0.164062,-9.800781,,,,,,,,,,
acc,1778672828.0,247.0,-0.113281,0.164062,-9.796875,,,,,,,,,,
acc,1778672828.0,247.0,-0.113281,0.164062,-9.796875,,,,,,,,,,
acc,1778672828.0,247.0,-0.074219,0.164062,-9.800781,,,,,,,,,,
acc,1778672828.0,247.0,-0.035156,0.128906,-9.757812,,,,,,,,,,
acc,1778672828.0,247.0,-0.035156,0.128906,-9.800781,,,,,,,,,,
acc,1778672828.0,247.0,-0.035156,0.128906,-9.800781,,,,,,,,,,
acc,1778672828.0,247.0,-0.074219,0.128906,-9.796875,,,,,,,,,,
acc,1778672828.0,247.0,-0.074219,0.164062,-9.835938,,,,,,,,,,
acc,1778672828.0,247.0,-0.113281,0.164062,-9.796875,,,,,,,,,,
acc,1778672828.0,247.0,-0.113281,0.164062,-9.761719,,,,,,,,,,
acc,1778672828.0,247.0,-0.074219,0.164062,-9.800781,,,,,,,,,,
acc,1778672828.0,247.0,-0.074219,0.164062,-9.757812,,,,,,,,,,
acc,1778672828.0,247.0,-0.074219,0.164062,-9.800781,,,,,,,,,,
acc,1778672828.0,247.0,-0.074219,0.164062,-9.800781,,,,,,,,,,
acc,1778672828.0,247.0,-0.035156,0.128906,-9.835938,,,,,,,,,,
acc,1778672828.0,247.0,-0.074219,0.164062,-9.835938,,,,,,,,,,
acc,1778672828.0,247.0,-0.074219,0.164062,-9.757812,,,,,,,,,,
acc,1778672828.0,247.0,-0.074219,0.164062,-9.800781,,,,,,,,,,
acc,1778672828.0,247.0,-0.074219,0.203125,-9.757812,,,,,,,,,,
acc,1778672828.0,247.0,-0.074219,0.203125,-9.800781,,,,,,,,,,
acc,1778672828.0,247.0,-0.074219,0.164062,-9.800781,,,,,,,,,,
acc,1778672828.0,247.0,-0.035156,0.164062,-9.796875,,,,,,,,,,
acc,1778672828.0,247.0,-0.035156,0.164062,-9.796875,,,,,,,,,,
acc,1778672828.0,247.0,-0.035156,0.164062,-9.796875,,,,,,,,,,
acc,1778672828.0,247.0,-0.035156,0.164062,-9.796875,,,,,,,,,,
acc,1778672828.0,247.0,-0.035156,0.164062,-9.796875,,,,,,,,,,
acc,1778672828.0,247.0,-0.035156,0.203125,-9.796875,,,,,,,,,,
acc,1778672828.0,247.0,-0.035156,0.164062,-9.839844,,,,,,,,,,
acc,1778672828.0,247.0,-0.035156,0.203125,-9.796875,,,,,,,,,,
acc,1778672828.0,247.0,-0.035156,0.164062,-9.761719,,,,,,,,,,
acc,1778672828.0,247.0,-0.074219,0.164062,-9.800781,,,,,,,,,,
acc,1778672829.0,248.0,-0.035156,0.164062,-9.796875,,,,,,,,,,
acc,1778672829.0,248.0,0.0,0.164062,-9.839844,,,,,,,,,,
acc,1778672829.0,248.0,0.0,0.164062,-9.839844,,,,,,,,,,
acc,1778672829.0,248.0,-0.035156,0.164062,-9.796875,,,,,,,,,,
acc,1778672829.0,248.0,0.0,0.164062,-9.796875,,,,,,,,,,
acc,1778672829.0,248.0,-0.035156,0.203125,-9.839844,,,,,,,,,,
acc,1778672829.0,248.0,-0.074219,0.164062,-9.800781,,,,,,,,,,
acc,1778672829.0,248.0,-0.035156,0.164062,-9.839844,,,,,,,,,,
acc,1778672829.0,248.0,-0.074219,0.164062,-9.800781,,,,,,,,,,
acc,1778672829.0,248.0,-0.035156,0.164062,-9.796875,,,,,,,,,,
acc,1778672829.0,248.0,-0.035156,0.128906,-9.835938,,,,,,,,,,
acc,1778672829.0,248.0,-0.035156,0.128906,-9.800781,,,,,,,,,,
acc,1778672829.0,248.0,-0.035156,0.164062,-9.796875,,,,,,,,,,
acc,1778672829.0,248.0,-0.074219,0.164062,-9.800781,,,,,,,,,,
acc,1778672829.0,248.0,-0.074219,0.164062,-9.835938,,,,,,,,,,
acc,1778672829.0,248.0,-0.113281,0.164062,-9.839844,,,,,,,,,,
acc,1778672829.0,248.0,-0.074219,0.164062,-9.800781,,,,,,,,,,
acc,1778672829.0,248.0,-0.074219,0.164062,-9.800781,,,,,,,,,,
acc,1778672829.0,248.0,-0.113281,0.128906,-9.800781,,,,,,,,,,
acc,1778672829.0,248.0,-0.074219,0.164062,-9.835938,,,,,,,,,,
acc,1778672829.0,248.0,-0.074219,0.128906,-9.796875,,,,,,,,,,
acc,1778672829.0,248.0,-0.074219,0.128906,-9.839844,,,,,,,,,,
acc,1778672829.0,248.0,-0.074219,0.164062,-9.800781,,,,,,,,,,
acc,1778672829.0,248.0,-0.113281,0.164062,-9.796875,,,,,,,,,,
acc,1778672829.0,248.0,-0.113281,0.164062,-9.796875,,,,,,,,,,
acc,1778672829.0,248.0,-0.113281,0.164062,-9.796875,,,,,,,,,,
acc,1778672829.0,248.0,-0.113281,0.128906,-9.757812,,,,,,,,,,
acc,1778672829.0,248.0,-0.074219,0.164062,-9.800781,,,,,,,,,,
acc,1778672829.0,248.0,-0.113281,0.164062,-9.796875,,,,,,,,,,
acc,1778672829.0,248.0,-0.074219,0.164062,-9.800781,,,,,,,,,,
acc,1778672829.0,248.0,-0.074219,0.128906,-9.839844,,,,,,,,,,
acc,1778672829.0,248.0,-0.074219,0.128906,-9.796875,,,,,,,,,,
acc,1778672829.0,248.0,-0.074219,0.164062,-9.800781,,,,,,,,,,
acc,1778672829.0,248.0,-0.074219,0.164062,-9.800781,,,,,,,,,,
acc,1778672829.0,248.0,-0.074219,0.164062,-9.800781,,,,,,,,,,
acc,1778672829.0,248.0,-0.074219,0.164062,-9.800781,,,,,,,,,,
acc,1778672829.0,248.0,-0.074219,0.164062,-9.757812,,,,,,,,,,
acc,1778672829.0,248.0,-0.074219,0.128906,-9.796875,,,,,,,,,,
acc,1778672829.0,248.0,-0.035156,0.128906,-9.757812,,,,,,,,,,
acc,1778672829.0,248.0,-0.035156,0.164062,-9.839844,,,,,,,,,,
acc,1778672829.0,248.0,-0.035156,0.164062,-9.839844,,,,,,,,,,
acc,1778672829.0,248.0,-0.074219,0.164062,-9.835938,,,,,,,,,,
acc,1778672829.0,248.0,-0.074219,0.203125,-9.800781,,,,,,,,,,
acc,1778672829.0,248.0,-0.074219,0.164062,-9.800781,,,,,,,,,,
acc,1778672829.0,248.0,-0.074219,0.164062,-9.800781,,,,,,,,,,
acc,1778672829.0,248.0,-0.074219,0.203125,-9.800781,,,,,,,,,,
acc,1778672829.0,248.0,-0.074219,0.203125,-9.800781,,,,,,,,,,
acc,1778672829.0,248.0,-0.035156,0.164062,-9.839844,,,,,,,,,,
acc,1778672829.0,248.0,-0.035156,0.128906,-9.800781,,,,,,,,,,
acc,1778672829.0,248.0,-0.035156,0.128906,-9.835938,,,,,,,,,,
acc,1778672829.0,248.0,-0.035156,0.128906,-9.800781,,,,,,,,,,
acc,1778672829.0,248.0,-0.035156,0.128906,-9.835938,,,,,,,,,,
acc,1778672829.0,248.0,-0.035156,0.164062,-9.796875,,,,,,,,,,
acc,1778672829.0,248.0,-0.035156,0.128906,-9.835938,,,,,,,,,,
acc,1778672829.0,248.0,-0.035156,0.164062,-9.796875,,,,,,,,,,
acc,1778672829.0,248.0,-0.074219,0.164062,-9.800781,,,,,,,,,,
acc,1778672829.0,248.0,-0.035156,0.128906,-9.757812,,,,,,,,,,
acc,1778672829.0,248.0,-0.035156,0.164062,-9.796875,,,,,,,,,,
acc,1778672829.0,248.0,0.0,0.128906,-9.835938,,,,,,,,,,
acc,1778672829.0,248.0,0.0,0.128906,-9.800781,,,,,,,,,,
acc,1778672829.0,248.0,-0.035156,0.164062,-9.796875,,,,,,,,,,
acc,1778672829.0,248.0,-0.035156,0.128906,-9.757812,,,,,,,,,,
acc,1778672829.0,248.0,-0.074219,0.203125,-9.800781,,,,,,,,,,
acc,1778672829.0,248.0,-0.074219,0.203125,-9.800781,,,,,,,,,,
acc,1778672829.0,248.0,-0.074219,0.164062,-9.800781,,,,,,,,,,
acc,1778672829.0,248.0,-0.035156,0.203125,-9.839844,,,,,,,,,,
acc,1778672829.0,248.0,-0.035156,0.164062,-9.796875,,,,,,,,,,
acc,1778672829.0,248.0,-0.035156,0.164062,-9.796875,,,,,,,,,,
acc,1778672829.0,248.0,-0.074219,0.164062,-9.800781,,,,,,,,,,
acc,1778672829.0,248.0,-0.074219,0.164062,-9.800781,,,,,,,,,,
acc,1778672829.0,248.0,-0.074219,0.164062,-9.800781,,,,,,,,,,
acc,1778672829.0,248.0,-0.113281,0.164062,-9.796875,,,,,,,,,,
acc,1778672829.0,248.0,-0.113281,0.203125,-9.839844,,,,,,,,,,
acc,1778672829.0,248.0,-0.074219,0.203125,-9.800781,,,,,,,,,,
acc,1778672829.0,248.0,-0.113281,0.203125,-9.796875,,,,,,,,,,
acc,1778672829.0,248.0,-0.113281,0.164062,-9.839844,,,,,,,,,,
acc,1778672829.0,248.0,-0.113281,0.164062,-9.839844,,,,,,,,,,
acc,1778672829.0,248.0,-0.074219,0.128906,-9.796875,,,,,,,,,,
acc,1778672829.0,248.0,-0.074219,0.242188,-9.835938,,,,,,,,,,
acc,1778672829.0,248.0,-0.113281,0.164062,-9.796875,,,,,,,,,,
acc,1778672829.0,248.0,-0.113281,0.164062,-9.796875,,,,,,,,,,
acc,1778672829.0,248.0,-0.074219,0.128906,-9.796875,,,,,,,,,,
acc,1778672829.0,248.0,-0.113281,0.164062,-9.796875,,,,,,,,,,
acc,1778672829.0,248.0,-0.113281,0.164062,-9.839844,,,,,,,,,,
acc,1778672829.0,248.0,-0.113281,0.164062,-9.796875,,,,,,,,,,
acc,1778672829.0,248.0,-0.074219,0.164062,-9.800781,,,,,,,,,,
acc,1778672829.0,248.0,-0.113281,0.164062,-9.878906,,,,,,,,,,
acc,1778672829.0,248.0,-0.074219,0.128906,-9.796875,,,,,,,,,,
acc,1778672829.0,248.0,-0.074219,0.128906,-9.839844,,,,,,,,,,
acc,1778672829.0,248.0,-0.035156,0.164062,-9.796875,,,,,,,,,,
acc,1778672829.0,248.0,-0.074219,0.164062,-9.800781,,,,,,,,,,
acc,1778672829.0,248.0,-0.074219,0.164062,-9.835938,,,,,,,,,,
acc,1778672829.0,248.0,-0.035156,0.128906,-9.800781,,,,,,,,,,
acc,1778672829.0,248.0,-0.035156,0.164062,-9.796875,,,,,,,,,,
acc,1778672829.0,248.0,-0.074219,0.128906,-9.839844,,,,,,,,,,
acc,1778672829.0,248.0,-0.035156,0.128906,-9.800781,,,,,,,,,,
acc,1778672829.0,248.0,-0.035156,0.164062,-9.839844,,,,,,,,,,
acc,1778672829.0,248.0,-0.035156,0.128906,-9.800781,,,,,,,,,,
acc,1778672829.0,248.0,-0.035156,0.128906,-9.800781,,,,,,,,,,
acc,1778672829.0,248.0,-0.035156,0.164062,-9.761719,,,,,,,,,,
acc,1778672829.0,248.0,-0.074219,0.164062,-9.800781,,,,,,,,,,
acc,1778672829.0,248.0,-0.035156,0.128906,-9.835938,,,,,,,,,,
acc,1778672829.0,248.0,-0.035156,0.128906,-9.800781,,,,,,,,,,
acc,1778672829.0,248.0,-0.035156,0.128906,-9.757812,,,,,,,,,,
acc,1778672829.0,248.0,-0.035156,0.128906,-9.800781,,,,,,,,,,
acc,1778672829.0,248.0,0.0,0.128906,-9.800781,,,,,,,,,,
acc,1778672829.0,248.0,-0.035156,0.128906,-9.800781,,,,,,,,,,
acc,1778672829.0,248.0,-0.035156,0.164062,-9.796875,,,,,,,,,,
acc,1778672829.0,248.0,-0.074219,0.164062,-9.800781,,,,,,,,,,
acc,1778672829.0,248.0,-0.074219,0.164062,-9.800781,,,,,,,,,,
acc,1778672829.0,248.0,-0.074219,0.164062,-9.800781,,,,,,,,,,
acc,1778672829.0,248.0,-0.113281,0.164062,-9.796875,,,,,,,,,,
acc,1778672829.0,248.0,-0.074219,0.164062,-9.800781,,,,,,,,,,
acc,1778672829.0,248.0,-0.074219,0.164062,-9.835938,,,,,,,,,,
acc,1778672829.0,248.0,-0.074219,0.164062,-9.800781,,,,,,,,,,
acc,1778672829.0,248.0,-0.074219,0.164062,-9.835938,,,,,,,,,,
acc,1778672829.0,248.0,-0.074219,0.203125,-9.800781,,,,,,,,,,
acc,1778672829.0,248.0,-0.113281,0.203125,-9.796875,,,,,,,,,,
acc,1778672829.0,248.0,-0.113281,0.203125,-9.796875,,,,,,,,,,
acc,1778672829.0,248.0,-0.113281,0.203125,-9.839844,,,,,,,,,,
acc,1778672829.0,248.0,-0.113281,0.164062,-9.839844,,,,,,,,,,
acc,1778672829.0,248.0,-0.113281,0.164062,-9.796875,,,,,,,,,,
acc,1778672829.0,248.0,-0.113281,0.164062,-9.839844,,,,,,,,,,
acc,1778672829.0,248.0,-0.035156,0.128906,-9.304688,,,,,,,,,,
gyro,1778672777.0,196.0,,,,0.0,0.0,0.0,,,,,,,
gyro,1778672777.0,196.0,,,,0.0,0.0,0.003906,,,,,,,
gyro,1778672777.0,196.0,,,,0.001953,-0.001953,0.001953,,,,,,,
gyro,1778672777.0,196.0,,,,0.0,0.003906,0.0,,,,,,,
gyro,1778672777.0,196.0,,,,-0.001953,0.0,0.0,,,,,,,
gyro,1778672777.0,196.0,,,,-0.001953,0.0,0.0,,,,,,,
gyro,1778672777.0,196.0,,,,0.0,0.0,0.001953,,,,,,,
gyro,1778672777.0,196.0,,,,-0.001953,0.0,0.0,,,,,,,
gyro,1778672777.0,196.0,,,,-0.001953,0.0,0.0,,,,,,,
gyro,1778672777.0,196.0,,,,0.001953,0.0,0.0,,,,,,,
gyro,1778672777.0,196.0,,,,-0.001953,-0.001953,-0.001953,,,,,,,
gyro,1778672777.0,196.0,,,,0.001953,0.0,0.001953,,,,,,,
gyro,1778672777.0,196.0,,,,-0.001953,-0.001953,0.0,,,,,,,
gyro,1778672777.0,196.0,,,,0.0,0.0,0.0,,,,,,,
gyro,1778672777.0,196.0,,,,0.001953,0.0,0.0,,,,,,,
gyro,1778672777.0,196.0,,,,0.0,-0.001953,0.001953,,,,,,,
gyro,1778672777.0,196.0,,,,0.001953,0.001953,0.0,,,,,,,
gyro,1778672777.0,196.0,,,,0.005859,0.0,0.001953,,,,,,,
gyro,1778672778.0,197.0,,,,0.001953,0.0,0.0,,,,,,,
gyro,1778672778.0,197.0,,,,0.0,0.0,0.001953,,,,,,,
gyro,1778672778.0,197.0,,,,-0.001953,0.001953,0.0,,,,,,,
gyro,1778672778.0,197.0,,,,0.0,0.001953,0.0,,,,,,,
gyro,1778672778.0,197.0,,,,-0.001953,0.0,0.0,,,,,,,
gyro,1778672778.0,197.0,,,,-0.001953,0.0,0.0,,,,,,,
gyro,1778672778.0,197.0,,,,0.0,0.0,0.0,,,,,,,
gyro,1778672778.0,197.0,,,,0.0,0.0,0.0,,,,,,,
gyro,1778672778.0,197.0,,,,0.001953,-0.001953,0.0,,,,,,,
gyro,1778672778.0,197.0,,,,0.0,0.0,0.001953,,,,,,,
gyro,1778672778.0,197.0,,,,0.0,0.0,-0.001953,,,,,,,
gyro,1778672778.0,197.0,,,,-0.001953,-0.001953,0.0,,,,,,,
gyro,1778672778.0,197.0,,,,-0.001953,-0.001953,0.001953,,,,,,,
gyro,1778672778.0,197.0,,,,0.001953,-0.001953,0.001953,,,,,,,
gyro,1778672778.0,197.0,,,,0.0,0.0,0.001953,,,,,,,
gyro,1778672778.0,197.0,,,,-0.003906,0.0,0.0,,,,,,,
gyro,1778672778.0,197.0,,,,0.0,0.0,0.001953,,,,,,,
gyro,1778672779.0,198.0,,,,0.0,-0.001953,0.001953,,,,,,,
gyro,1778672779.0,198.0,,,,0.0,0.0,0.001953,,,,,,,
gyro,1778672779.0,198.0,,,,0.0,0.0,0.001953,,,,,,,
gyro,1778672779.0,198.0,,,,0.001953,0.001953,0.003906,,,,,,,
gyro,1778672779.0,198.0,,,,0.001953,-0.001953,0.001953,,,,,,,
gyro,1778672779.0,198.0,,,,-0.005859,0.0,-0.001953,,,,,,,
gyro,1778672779.0,198.0,,,,-0.001953,-0.001953,0.001953,,,,,,,
gyro,1778672779.0,198.0,,,,-0.001953,-0.001953,0.0,,,,,,,
gyro,1778672779.0,198.0,,,,0.0,0.0,0.0,,,,,,,
gyro,1778672779.0,198.0,,,,0.001953,0.001953,0.001953,,,,,,,
gyro,1778672779.0,198.0,,,,-0.003906,0.0,0.0,,,,,,,
gyro,1778672779.0,198.0,,,,0.0,-0.001953,0.001953,,,,,,,
gyro,1778672779.0,198.0,,,,-0.001953,-0.001953,0.0,,,,,,,
gyro,1778672779.0,198.0,,,,-0.003906,0.0,0.001953,,,,,,,
gyro,1778672779.0,198.0,,,,0.001953,0.0,0.0,,,,,,,
gyro,1778672779.0,198.0,,,,-0.001953,0.001953,0.0,,,,,,,
gyro,1778672779.0,198.0,,,,0.0,0.0,0.0,,,,,,,
gyro,1778672780.0,199.0,,,,0.0,0.0,0.0,,,,,,,
gyro,1778672780.0,199.0,,,,0.001953,0.0,0.0,,,,,,,
gyro,1778672780.0,199.0,,,,-0.003906,0.0,-0.001953,,,,,,,
gyro,1778672780.0,199.0,,,,0.0,0.003906,0.0,,,,,,,
gyro,1778672780.0,199.0,,,,0.001953,0.0,0.0,,,,,,,
gyro,1778672780.0,199.0,,,,0.001953,-0.003906,-0.001953,,,,,,,
gyro,1778672780.0,199.0,,,,0.003906,-0.007812,-0.003906,,,,,,,
gyro,1778672780.0,199.0,,,,0.0,-0.011719,-0.003906,,,,,,,
gyro,1778672780.0,199.0,,,,0.0,-0.011719,-0.003906,,,,,,,
gyro,1778672780.0,199.0,,,,0.001953,-0.009766,-0.005859,,,,,,,
gyro,1778672780.0,199.0,,,,0.0,-0.007812,-0.009766,,,,,,,
gyro,1778672780.0,199.0,,,,0.0,-0.011719,-0.009766,,,,,,,
gyro,1778672780.0,199.0,,,,-0.001953,-0.009766,-0.011719,,,,,,,
gyro,1778672780.0,199.0,,,,-0.003906,-0.009766,-0.017578,,,,,,,
gyro,1778672780.0,199.0,,,,-0.001953,-0.009766,-0.019531,,,,,,,
gyro,1778672780.0,199.0,,,,-0.001953,-0.013672,-0.021484,,,,,,,
gyro,1778672780.0,199.0,,,,-0.001953,-0.013672,-0.025391,,,,,,,
gyro,1778672781.0,200.0,,,,-0.003906,-0.009766,-0.029297,,,,,,,
gyro,1778672781.0,200.0,,,,-0.003906,-0.007812,-0.03125,,,,,,,
gyro,1778672781.0,200.0,,,,-0.003906,-0.005859,-0.035156,,,,,,,
gyro,1778672781.0,200.0,,,,0.003906,0.0,-0.039062,,,,,,,
gyro,1778672781.0,200.0,,,,-0.001953,0.001953,-0.046875,,,,,,,
gyro,1778672781.0,200.0,,,,-0.007812,0.0,-0.046875,,,,,,,
gyro,1778672781.0,200.0,,,,0.0,-0.001953,-0.050781,,,,,,,
gyro,1778672781.0,200.0,,,,0.005859,0.0,-0.056641,,,,,,,
gyro,1778672781.0,200.0,,,,0.001953,0.0,-0.054688,,,,,,,
gyro,1778672781.0,200.0,,,,-0.003906,0.0,-0.064453,,,,,,,
gyro,1778672781.0,200.0,,,,-0.001953,0.001953,-0.064453,,,,,,,
gyro,1778672781.0,200.0,,,,-0.005859,0.0,-0.068359,,,,,,,
gyro,1778672781.0,200.0,,,,-0.001953,0.001953,-0.076172,,,,,,,
gyro,1778672781.0,200.0,,,,-0.003906,-0.001953,-0.080078,,,,,,,
gyro,1778672781.0,200.0,,,,-0.001953,-0.003906,-0.082031,,,,,,,
gyro,1778672781.0,200.0,,,,-0.005859,-0.003906,-0.085938,,,,,,,
gyro,1778672781.0,200.0,,,,-0.001953,-0.001953,-0.085938,,,,,,,
gyro,1778672781.0,200.0,,,,0.0,-0.003906,-0.089844,,,,,,,
gyro,1778672781.0,200.0,,,,-0.003906,-0.005859,-0.101562,,,,,,,
gyro,1778672782.0,201.0,,,,0.0,-0.001953,-0.113281,,,,,,,
gyro,1778672782.0,201.0,,,,0.003906,0.001953,-0.123047,,,,,,,
gyro,1778672782.0,201.0,,,,0.0,0.007812,-0.123047,,,,,,,
gyro,1778672782.0,201.0,,,,0.001953,0.009766,-0.123047,,,,,,,
gyro,1778672782.0,201.0,,,,0.005859,0.009766,-0.126953,,,,,,,
gyro,1778672782.0,201.0,,,,0.001953,0.011719,-0.128906,,,,,,,
gyro,1778672782.0,201.0,,,,-0.001953,0.013672,-0.134766,,,,,,,
gyro,1778672782.0,201.0,,,,-0.003906,0.009766,-0.138672,,,,,,,
gyro,1778672782.0,201.0,,,,-0.005859,0.005859,-0.142578,,,,,,,
gyro,1778672782.0,201.0,,,,-0.007812,0.003906,-0.144531,,,,,,,
gyro,1778672782.0,201.0,,,,-0.009766,-0.003906,-0.148438,,,,,,,
gyro,1778672782.0,201.0,,,,-0.007812,-0.001953,-0.148438,,,,,,,
gyro,1778672782.0,201.0,,,,-0.009766,0.003906,-0.154297,,,,,,,
gyro,1778672782.0,201.0,,,,-0.009766,0.007812,-0.158203,,,,,,,
gyro,1778672782.0,201.0,,,,-0.011719,0.003906,-0.164062,,,,,,,
gyro,1778672782.0,201.0,,,,-0.001953,0.001953,-0.164062,,,,,,,
gyro,1778672782.0,201.0,,,,0.0,0.001953,-0.169922,,,,,,,
gyro,1778672782.0,201.0,,,,0.001953,0.001953,-0.173828,,,,,,,
gyro,1778672783.0,202.0,,,,0.005859,0.007812,-0.177734,,,,,,,
gyro,1778672783.0,202.0,,,,0.001953,0.007812,-0.175781,,,,,,,
gyro,1778672783.0,202.0,,,,0.009766,0.001953,-0.179688,,,,,,,
gyro,1778672783.0,202.0,,,,0.009766,0.0,-0.185547,,,,,,,
gyro,1778672783.0,202.0,,,,0.009766,0.001953,-0.1875,,,,,,,
gyro,1778672783.0,202.0,,,,0.0,0.005859,-0.193359,,,,,,,
gyro,1778672783.0,202.0,,,,-0.009766,0.007812,-0.197266,,,,,,,
gyro,1778672783.0,202.0,,,,-0.011719,0.007812,-0.199219,,,,,,,
gyro,1778672783.0,202.0,,,,-0.015625,0.003906,-0.199219,,,,,,,
gyro,1778672783.0,202.0,,,,-0.015625,-0.005859,-0.201172,,,,,,,
gyro,1778672783.0,202.0,,,,-0.005859,-0.013672,-0.203125,,,,,,,
gyro,1778672783.0,202.0,,,,-0.007812,-0.021484,-0.210938,,,,,,,
gyro,1778672783.0,202.0,,,,0.001953,-0.015625,-0.208984,,,,,,,
gyro,1778672783.0,202.0,,,,-0.001953,-0.007812,-0.214844,,,,,,,
gyro,1778672783.0,202.0,,,,0.011719,0.003906,-0.212891,,,,,,,
gyro,1778672783.0,202.0,,,,0.005859,0.009766,-0.21875,,,,,,,
gyro,1778672783.0,202.0,,,,0.007812,0.015625,-0.216797,,,,,,,
gyro,1778672783.0,202.0,,,,-0.005859,0.021484,-0.222656,,,,,,,
gyro,1778672783.0,202.0,,,,-0.005859,0.025391,-0.224609,,,,,,,
gyro,1778672784.0,203.0,,,,-0.005859,0.021484,-0.228516,,,,,,,
gyro,1778672784.0,203.0,,,,-0.013672,0.011719,-0.234375,,,,,,,
gyro,1778672784.0,203.0,,,,-0.017578,0.003906,-0.236328,,,,,,,
gyro,1778672784.0,203.0,,,,0.003906,-0.003906,-0.242188,,,,,,,
gyro,1778672784.0,203.0,,,,0.019531,-0.013672,-0.240234,,,,,,,
gyro,1778672784.0,203.0,,,,0.005859,-0.011719,-0.236328,,,,,,,
gyro,1778672784.0,203.0,,,,-0.011719,-0.003906,-0.246094,,,,,,,
gyro,1778672784.0,203.0,,,,-0.009766,0.0,-0.244141,,,,,,,
gyro,1778672784.0,203.0,,,,-0.011719,0.003906,-0.248047,,,,,,,
gyro,1778672784.0,203.0,,,,0.001953,0.005859,-0.25,,,,,,,
gyro,1778672784.0,203.0,,,,0.017578,0.003906,-0.253906,,,,,,,
gyro,1778672784.0,203.0,,,,0.011719,0.011719,-0.253906,,,,,,,
gyro,1778672784.0,203.0,,,,0.001953,0.011719,-0.259766,,,,,,,
gyro,1778672784.0,203.0,,,,-0.001953,0.011719,-0.263672,,,,,,,
gyro,1778672784.0,203.0,,,,-0.003906,0.009766,-0.259766,,,,,,,
gyro,1778672784.0,203.0,,,,0.005859,0.013672,-0.257812,,,,,,,
gyro,1778672785.0,204.0,,,,-0.005859,0.017578,-0.259766,,,,,,,
gyro,1778672785.0,204.0,,,,-0.005859,0.015625,-0.265625,,,,,,,
gyro,1778672785.0,204.0,,,,-0.009766,0.013672,-0.269531,,,,,,,
gyro,1778672785.0,204.0,,,,-0.015625,0.017578,-0.269531,,,,,,,
gyro,1778672785.0,204.0,,,,-0.025391,0.019531,-0.269531,,,,,,,
gyro,1778672785.0,204.0,,,,-0.029297,0.013672,-0.265625,,,,,,,
gyro,1778672785.0,204.0,,,,-0.027344,0.001953,-0.267578,,,,,,,
gyro,1778672785.0,204.0,,,,-0.009766,-0.003906,-0.275391,,,,,,,
gyro,1778672785.0,204.0,,,,0.013672,0.0,-0.277344,,,,,,,
gyro,1778672785.0,204.0,,,,0.001953,-0.009766,-0.277344,,,,,,,
gyro,1778672785.0,204.0,,,,0.005859,-0.009766,-0.279297,,,,,,,
gyro,1778672785.0,204.0,,,,0.005859,-0.001953,-0.279297,,,,,,,
gyro,1778672785.0,204.0,,,,-0.001953,0.009766,-0.283203,,,,,,,
gyro,1778672785.0,204.0,,,,0.011719,0.013672,-0.283203,,,,,,,
gyro,1778672785.0,204.0,,,,0.003906,0.007812,-0.283203,,,,,,,
gyro,1778672785.0,204.0,,,,-0.003906,0.001953,-0.283203,,,,,,,
gyro,1778672785.0,204.0,,,,0.005859,0.0,-0.287109,,,,,,,
gyro,1778672785.0,204.0,,,,0.013672,0.001953,-0.287109,,,,,,,
gyro,1778672785.0,204.0,,,,0.007812,0.011719,-0.289062,,,,,,,
gyro,1778672785.0,204.0,,,,0.0,0.009766,-0.289062,,,,,,,
gyro,1778672786.0,205.0,,,,-0.003906,0.007812,-0.291016,,,,,,,
gyro,1778672786.0,205.0,,,,0.001953,0.007812,-0.292969,,,,,,,
gyro,1778672786.0,205.0,,,,0.0,0.011719,-0.292969,,,,,,,
gyro,1778672786.0,205.0,,,,-0.009766,0.001953,-0.294922,,,,,,,
gyro,1778672786.0,205.0,,,,-0.001953,0.005859,-0.300781,,,,,,,
gyro,1778672786.0,205.0,,,,0.003906,0.015625,-0.300781,,,,,,,
gyro,1778672786.0,205.0,,,,0.001953,0.013672,-0.302734,,,,,,,
gyro,1778672786.0,205.0,,,,0.001953,0.013672,-0.300781,,,,,,,
gyro,1778672786.0,205.0,,,,-0.005859,0.023438,-0.302734,,,,,,,
gyro,1778672786.0,205.0,,,,-0.009766,0.017578,-0.300781,,,,,,,
gyro,1778672786.0,205.0,,,,0.001953,0.013672,-0.304688,,,,,,,
gyro,1778672786.0,205.0,,,,0.005859,0.011719,-0.300781,,,,,,,
gyro,1778672786.0,205.0,,,,0.009766,0.009766,-0.302734,,,,,,,
gyro,1778672786.0,205.0,,,,0.005859,0.007812,-0.306641,,,,,,,
gyro,1778672786.0,205.0,,,,0.005859,0.015625,-0.308594,,,,,,,
gyro,1778672786.0,205.0,,,,0.001953,0.017578,-0.310547,,,,,,,
gyro,1778672787.0,206.0,,,,0.0,0.015625,-0.308594,,,,,,,
gyro,1778672787.0,206.0,,,,0.0,0.019531,-0.310547,,,,,,,
gyro,1778672787.0,206.0,,,,0.005859,0.015625,-0.3125,,,,,,,
gyro,1778672787.0,206.0,,,,0.019531,0.021484,-0.308594,,,,,,,
gyro,1778672787.0,206.0,,,,0.007812,0.021484,-0.308594,,,,,,,
gyro,1778672787.0,206.0,,,,0.007812,0.027344,-0.3125,,,,,,,
gyro,1778672787.0,206.0,,,,0.017578,0.023438,-0.306641,,,,,,,
gyro,1778672787.0,206.0,,,,0.019531,0.007812,-0.304688,,,,,,,
gyro,1778672787.0,206.0,,,,0.013672,-0.003906,-0.306641,,,,,,,
gyro,1778672787.0,206.0,,,,0.015625,-0.011719,-0.306641,,,,,,,
gyro,1778672787.0,206.0,,,,0.0,-0.013672,-0.3125,,,,,,,
gyro,1778672787.0,206.0,,,,0.001953,-0.007812,-0.310547,,,,,,,
gyro,1778672787.0,206.0,,,,-0.005859,-0.001953,-0.308594,,,,,,,
gyro,1778672787.0,206.0,,,,0.0,0.001953,-0.308594,,,,,,,
gyro,1778672787.0,206.0,,,,0.007812,0.001953,-0.3125,,,,,,,
gyro,1778672787.0,206.0,,,,0.009766,0.0,-0.310547,,,,,,,
gyro,1778672787.0,206.0,,,,0.011719,0.001953,-0.310547,,,,,,,
gyro,1778672787.0,206.0,,,,0.005859,0.009766,-0.3125,,,,,,,
gyro,1778672788.0,207.0,,,,-0.007812,0.011719,-0.308594,,,,,,,
gyro,1778672788.0,207.0,,,,0.009766,0.013672,-0.3125,,,,,,,
gyro,1778672788.0,207.0,,,,0.005859,0.013672,-0.3125,,,,,,,
gyro,1778672788.0,207.0,,,,0.001953,0.011719,-0.310547,,,,,,,
gyro,1778672788.0,207.0,,,,-0.009766,0.013672,-0.3125,,,,,,,
gyro,1778672788.0,207.0,,,,0.001953,0.013672,-0.3125,,,,,,,
gyro,1778672788.0,207.0,,,,0.0,0.011719,-0.3125,,,,,,,
gyro,1778672788.0,207.0,,,,0.0,0.009766,-0.314453,,,,,,,
gyro,1778672788.0,207.0,,,,-0.003906,0.011719,-0.314453,,,,,,,
gyro,1778672788.0,207.0,,,,-0.001953,0.013672,-0.3125,,,,,,,
gyro,1778672788.0,207.0,,,,-0.003906,0.011719,-0.3125,,,,,,,
gyro,1778672788.0,207.0,,,,0.001953,0.009766,-0.318359,,,,,,,
gyro,1778672788.0,207.0,,,,-0.001953,0.013672,-0.316406,,,,,,,
gyro,1778672788.0,207.0,,,,-0.005859,0.009766,-0.310547,,,,,,,
gyro,1778672788.0,207.0,,,,0.001953,0.007812,-0.314453,,,,,,,
gyro,1778672789.0,208.0,,,,0.021484,0.001953,-0.318359,,,,,,,
gyro,1778672789.0,208.0,,,,0.011719,0.007812,-0.3125,,,,,,,
gyro,1778672789.0,208.0,,,,-0.007812,0.011719,-0.3125,,,,,,,
gyro,1778672789.0,208.0,,,,0.007812,0.025391,-0.314453,,,,,,,
gyro,1778672789.0,208.0,,,,0.011719,0.025391,-0.316406,,,,,,,
gyro,1778672789.0,208.0,,,,0.001953,0.027344,-0.314453,,,,,,,
gyro,1778672789.0,208.0,,,,-0.009766,0.019531,-0.3125,,,,,,,
gyro,1778672789.0,208.0,,,,-0.007812,0.007812,-0.316406,,,,,,,
gyro,1778672789.0,208.0,,,,0.0,-0.001953,-0.318359,,,,,,,
gyro,1778672789.0,208.0,,,,0.0,-0.007812,-0.318359,,,,,,,
gyro,1778672789.0,208.0,,,,-0.013672,-0.005859,-0.316406,,,,,,,
gyro,1778672789.0,208.0,,,,-0.013672,0.001953,-0.316406,,,,,,,
gyro,1778672789.0,208.0,,,,-0.001953,0.001953,-0.314453,,,,,,,
gyro,1778672789.0,208.0,,,,0.0,0.003906,-0.314453,,,,,,,
gyro,1778672789.0,208.0,,,,-0.001953,0.001953,-0.314453,,,,,,,
gyro,1778672789.0,208.0,,,,-0.015625,0.003906,-0.314453,,,,,,,
gyro,1778672789.0,208.0,,,,0.009766,-0.003906,-0.318359,,,,,,,
gyro,1778672790.0,209.0,,,,0.011719,-0.003906,-0.316406,,,,,,,
gyro,1778672790.0,209.0,,,,0.009766,-0.001953,-0.316406,,,,,,,
gyro,1778672790.0,209.0,,,,0.0,0.001953,-0.318359,,,,,,,
gyro,1778672790.0,209.0,,,,0.0,0.005859,-0.316406,,,,,,,
gyro,1778672790.0,209.0,,,,0.003906,0.009766,-0.316406,,,,,,,
gyro,1778672790.0,209.0,,,,0.011719,0.015625,-0.314453,,,,,,,
gyro,1778672790.0,209.0,,,,0.001953,0.023438,-0.316406,,,,,,,
gyro,1778672790.0,209.0,,,,0.019531,0.025391,-0.3125,,,,,,,
gyro,1778672790.0,209.0,,,,0.019531,0.019531,-0.3125,,,,,,,
gyro,1778672790.0,209.0,,,,0.011719,0.017578,-0.316406,,,,,,,
gyro,1778672790.0,209.0,,,,0.0,0.017578,-0.316406,,,,,,,
gyro,1778672790.0,209.0,,,,-0.021484,0.015625,-0.316406,,,,,,,
gyro,1778672790.0,209.0,,,,0.013672,0.015625,-0.320312,,,,,,,
gyro,1778672790.0,209.0,,,,0.011719,-0.003906,-0.316406,,,,,,,
gyro,1778672790.0,209.0,,,,-0.003906,-0.007812,-0.320312,,,,,,,
gyro,1778672790.0,209.0,,,,0.001953,-0.003906,-0.320312,,,,,,,
gyro,1778672790.0,209.0,,,,0.011719,-0.001953,-0.320312,,,,,,,
gyro,1778672790.0,209.0,,,,0.011719,0.007812,-0.318359,,,,,,,
gyro,1778672791.0,210.0,,,,0.001953,0.013672,-0.316406,,,,,,,
gyro,1778672791.0,210.0,,,,0.03125,0.013672,-0.316406,,,,,,,
gyro,1778672791.0,210.0,,,,0.017578,0.013672,-0.318359,,,,,,,
gyro,1778672791.0,210.0,,,,0.019531,0.015625,-0.316406,,,,,,,
gyro,1778672791.0,210.0,,,,-0.011719,0.011719,-0.316406,,,,,,,
gyro,1778672791.0,210.0,,,,-0.001953,0.003906,-0.318359,,,,,,,
gyro,1778672791.0,210.0,,,,0.019531,0.011719,-0.318359,,,,,,,
gyro,1778672791.0,210.0,,,,0.003906,0.001953,-0.314453,,,,,,,
gyro,1778672791.0,210.0,,,,-0.029297,-0.007812,-0.318359,,,,,,,
gyro,1778672791.0,210.0,,,,-0.005859,-0.011719,-0.324219,,,,,,,
gyro,1778672791.0,210.0,,,,0.019531,-0.009766,-0.324219,,,,,,,
gyro,1778672791.0,210.0,,,,0.011719,-0.019531,-0.326172,,,,,,,
gyro,1778672791.0,210.0,,,,-0.001953,-0.015625,-0.326172,,,,,,,
gyro,1778672791.0,210.0,,,,-0.019531,-0.009766,-0.328125,,,,,,,
gyro,1778672791.0,210.0,,,,-0.023438,-0.007812,-0.326172,,,,,,,
gyro,1778672791.0,210.0,,,,-0.011719,0.0,-0.326172,,,,,,,
gyro,1778672791.0,210.0,,,,-0.011719,0.013672,-0.326172,,,,,,,
gyro,1778672791.0,210.0,,,,-0.003906,0.029297,-0.326172,,,,,,,
gyro,1778672792.0,211.0,,,,0.005859,0.03125,-0.328125,,,,,,,
gyro,1778672792.0,211.0,,,,0.027344,0.042969,-0.326172,,,,,,,
gyro,1778672792.0,211.0,,,,0.017578,0.033203,-0.328125,,,,,,,
gyro,1778672792.0,211.0,,,,0.011719,0.029297,-0.326172,,,,,,,
gyro,1778672792.0,211.0,,,,0.03125,0.021484,-0.324219,,,,,,,
gyro,1778672792.0,211.0,,,,0.041016,0.015625,-0.326172,,,,,,,
gyro,1778672792.0,211.0,,,,0.029297,0.009766,-0.328125,,,,,,,
gyro,1778672792.0,211.0,,,,-0.001953,0.001953,-0.328125,,,,,,,
gyro,1778672792.0,211.0,,,,0.019531,-0.003906,-0.324219,,,,,,,
gyro,1778672792.0,211.0,,,,0.025391,-0.001953,-0.326172,,,,,,,
gyro,1778672792.0,211.0,,,,0.021484,0.001953,-0.330078,,,,,,,
gyro,1778672792.0,211.0,,,,0.009766,0.0,-0.328125,,,,,,,
gyro,1778672792.0,211.0,,,,0.007812,0.001953,-0.328125,,,,,,,
gyro,1778672792.0,211.0,,,,0.009766,0.007812,-0.330078,,,,,,,
gyro,1778672792.0,211.0,,,,0.011719,0.007812,-0.328125,,,,,,,
gyro,1778672792.0,211.0,,,,0.009766,0.005859,-0.328125,,,,,,,
gyro,1778672792.0,211.0,,,,0.0,0.007812,-0.328125,,,,,,,
gyro,1778672793.0,212.0,,,,-0.003906,0.005859,-0.332031,,,,,,,
gyro,1778672793.0,212.0,,,,-0.003906,0.001953,-0.328125,,,,,,,
gyro,1778672793.0,212.0,,,,-0.003906,0.001953,-0.332031,,,,,,,
gyro,1778672793.0,212.0,,,,-0.005859,-0.001953,-0.332031,,,,,,,
gyro,1778672793.0,212.0,,,,-0.011719,0.001953,-0.330078,,,,,,,
gyro,1778672793.0,212.0,,,,-0.015625,0.003906,-0.330078,,,,,,,
gyro,1778672793.0,212.0,,,,-0.015625,0.011719,-0.332031,,,,,,,
gyro,1778672793.0,212.0,,,,-0.007812,0.015625,-0.333984,,,,,,,
gyro,1778672793.0,212.0,,,,-0.005859,0.009766,-0.330078,,,,,,,
gyro,1778672793.0,212.0,,,,-0.005859,0.003906,-0.330078,,,,,,,
gyro,1778672793.0,212.0,,,,-0.003906,0.003906,-0.330078,,,,,,,
gyro,1778672793.0,212.0,,,,0.0,0.003906,-0.332031,,,,,,,
gyro,1778672793.0,212.0,,,,0.009766,0.009766,-0.332031,,,,,,,
gyro,1778672793.0,212.0,,,,0.0,0.013672,-0.330078,,,,,,,
gyro,1778672793.0,212.0,,,,0.003906,0.017578,-0.332031,,,,,,,
gyro,1778672793.0,212.0,,,,0.007812,0.017578,-0.330078,,,,,,,
gyro,1778672793.0,212.0,,,,0.009766,0.015625,-0.332031,,,,,,,
gyro,1778672793.0,212.0,,,,0.007812,0.003906,-0.333984,,,,,,,
gyro,1778672794.0,213.0,,,,0.0,0.0,-0.332031,,,,,,,
gyro,1778672794.0,213.0,,,,0.0,0.001953,-0.332031,,,,,,,
gyro,1778672794.0,213.0,,,,0.011719,-0.003906,-0.333984,,,,,,,
gyro,1778672794.0,213.0,,,,0.001953,0.001953,-0.328125,,,,,,,
gyro,1778672794.0,213.0,,,,0.0,0.003906,-0.332031,,,,,,,
gyro,1778672794.0,213.0,,,,0.0,0.013672,-0.337891,,,,,,,
gyro,1778672794.0,213.0,,,,0.009766,0.009766,-0.335938,,,,,,,
gyro,1778672794.0,213.0,,,,0.017578,0.003906,-0.337891,,,,,,,
gyro,1778672794.0,213.0,,,,0.009766,0.005859,-0.337891,,,,,,,
gyro,1778672794.0,213.0,,,,0.009766,0.007812,-0.335938,,,,,,,
gyro,1778672794.0,213.0,,,,0.011719,0.001953,-0.335938,,,,,,,
gyro,1778672794.0,213.0,,,,-0.013672,0.005859,-0.337891,,,,,,,
gyro,1778672794.0,213.0,,,,-0.005859,0.009766,-0.337891,,,,,,,
gyro,1778672794.0,213.0,,,,-0.011719,0.013672,-0.332031,,,,,,,
gyro,1778672794.0,213.0,,,,0.001953,0.023438,-0.339844,,,,,,,
gyro,1778672794.0,213.0,,,,-0.005859,0.015625,-0.339844,,,,,,,
gyro,1778672794.0,213.0,,,,-0.009766,0.009766,-0.339844,,,,,,,
gyro,1778672795.0,214.0,,,,-0.005859,0.005859,-0.34375,,,,,,,
gyro,1778672795.0,214.0,,,,-0.005859,-0.005859,-0.341797,,,,,,,
gyro,1778672795.0,214.0,,,,-0.003906,-0.013672,-0.339844,,,,,,,
gyro,1778672795.0,214.0,,,,0.0,-0.013672,-0.339844,,,,,,,
gyro,1778672795.0,214.0,,,,0.009766,-0.007812,-0.333984,,,,,,,
gyro,1778672795.0,214.0,,,,0.019531,0.003906,-0.335938,,,,,,,
gyro,1778672795.0,214.0,,,,0.0,0.029297,-0.333984,,,,,,,
gyro,1778672795.0,214.0,,,,-0.003906,0.035156,-0.332031,,,,,,,
gyro,1778672795.0,214.0,,,,0.005859,0.029297,-0.337891,,,,,,,
gyro,1778672795.0,214.0,,,,0.007812,0.015625,-0.337891,,,,,,,
gyro,1778672795.0,214.0,,,,-0.003906,0.007812,-0.337891,,,,,,,
gyro,1778672795.0,214.0,,,,-0.003906,0.001953,-0.337891,,,,,,,
gyro,1778672795.0,214.0,,,,0.007812,0.001953,-0.337891,,,,,,,
gyro,1778672795.0,214.0,,,,0.015625,0.003906,-0.335938,,,,,,,
gyro,1778672795.0,214.0,,,,0.011719,0.009766,-0.332031,,,,,,,
gyro,1778672795.0,214.0,,,,0.009766,0.015625,-0.330078,,,,,,,
gyro,1778672795.0,214.0,,,,0.0,0.017578,-0.335938,,,,,,,
gyro,1778672795.0,214.0,,,,-0.007812,0.017578,-0.335938,,,,,,,
gyro,1778672796.0,215.0,,,,0.005859,0.013672,-0.333984,,,,,,,
gyro,1778672796.0,215.0,,,,0.025391,0.001953,-0.335938,,,,,,,
gyro,1778672796.0,215.0,,,,-0.001953,-0.005859,-0.337891,,,,,,,
gyro,1778672796.0,215.0,,,,0.001953,0.001953,-0.337891,,,,,,,
gyro,1778672796.0,215.0,,,,0.007812,0.013672,-0.335938,,,,,,,
gyro,1778672796.0,215.0,,,,0.0,0.023438,-0.333984,,,,,,,
gyro,1778672796.0,215.0,,,,-0.005859,0.03125,-0.333984,,,,,,,
gyro,1778672796.0,215.0,,,,-0.005859,0.027344,-0.333984,,,,,,,
gyro,1778672796.0,215.0,,,,0.007812,0.015625,-0.335938,,,,,,,
gyro,1778672796.0,215.0,,,,-0.001953,0.003906,-0.337891,,,,,,,
gyro,1778672796.0,215.0,,,,-0.009766,-0.007812,-0.332031,,,,,,,
gyro,1778672796.0,215.0,,,,-0.021484,-0.003906,-0.335938,,,,,,,
gyro,1778672796.0,215.0,,,,-0.015625,-0.001953,-0.337891,,,,,,,
gyro,1778672796.0,215.0,,,,-0.015625,-0.001953,-0.337891,,,,,,,
gyro,1778672796.0,215.0,,,,-0.015625,0.009766,-0.332031,,,,,,,
gyro,1778672796.0,215.0,,,,-0.011719,0.021484,-0.332031,,,,,,,
gyro,1778672796.0,215.0,,,,0.001953,0.017578,-0.335938,,,,,,,
gyro,1778672797.0,216.0,,,,0.007812,0.017578,-0.330078,,,,,,,
gyro,1778672797.0,216.0,,,,0.0,0.021484,-0.328125,,,,,,,
gyro,1778672797.0,216.0,,,,0.007812,0.023438,-0.328125,,,,,,,
gyro,1778672797.0,216.0,,,,0.013672,0.017578,-0.328125,,,,,,,
gyro,1778672797.0,216.0,,,,0.015625,0.013672,-0.326172,,,,,,,
gyro,1778672797.0,216.0,,,,0.017578,0.011719,-0.326172,,,,,,,
gyro,1778672797.0,216.0,,,,0.0,-0.009766,-0.326172,,,,,,,
gyro,1778672797.0,216.0,,,,0.013672,-0.011719,-0.328125,,,,,,,
gyro,1778672797.0,216.0,,,,0.015625,-0.001953,-0.330078,,,,,,,
gyro,1778672797.0,216.0,,,,0.013672,0.005859,-0.328125,,,,,,,
gyro,1778672797.0,216.0,,,,0.009766,0.015625,-0.330078,,,,,,,
gyro,1778672797.0,216.0,,,,0.009766,0.023438,-0.326172,,,,,,,
gyro,1778672797.0,216.0,,,,0.003906,0.029297,-0.328125,,,,,,,
gyro,1778672797.0,216.0,,,,0.007812,0.025391,-0.326172,,,,,,,
gyro,1778672797.0,216.0,,,,0.009766,0.021484,-0.326172,,,,,,,
gyro,1778672797.0,216.0,,,,0.013672,0.013672,-0.324219,,,,,,,
gyro,1778672797.0,216.0,,,,0.007812,0.013672,-0.320312,,,,,,,
gyro,1778672798.0,217.0,,,,0.009766,0.013672,-0.324219,,,,,,,
gyro,1778672798.0,217.0,,,,0.017578,0.019531,-0.320312,,,,,,,
gyro,1778672798.0,217.0,,,,0.005859,0.013672,-0.322266,,,,,,,
gyro,1778672798.0,217.0,,,,0.009766,0.009766,-0.324219,,,,,,,
gyro,1778672798.0,217.0,,,,0.001953,0.009766,-0.320312,,,,,,,
gyro,1778672798.0,217.0,,,,-0.001953,-0.005859,-0.326172,,,,,,,
gyro,1778672798.0,217.0,,,,-0.005859,0.0,-0.324219,,,,,,,
gyro,1778672798.0,217.0,,,,-0.011719,0.019531,-0.324219,,,,,,,
gyro,1778672798.0,217.0,,,,-0.011719,0.03125,-0.322266,,,,,,,
gyro,1778672798.0,217.0,,,,-0.017578,0.035156,-0.322266,,,,,,,
gyro,1778672798.0,217.0,,,,-0.003906,0.027344,-0.318359,,,,,,,
gyro,1778672798.0,217.0,,,,0.007812,-0.005859,-0.316406,,,,,,,
gyro,1778672798.0,217.0,,,,0.001953,-0.015625,-0.316406,,,,,,,
gyro,1778672798.0,217.0,,,,0.0,-0.013672,-0.316406,,,,,,,
gyro,1778672798.0,217.0,,,,0.007812,-0.001953,-0.320312,,,,,,,
gyro,1778672798.0,217.0,,,,0.005859,0.009766,-0.318359,,,,,,,
gyro,1778672799.0,218.0,,,,0.011719,0.025391,-0.316406,,,,,,,
gyro,1778672799.0,218.0,,,,0.001953,0.025391,-0.316406,,,,,,,
gyro,1778672799.0,218.0,,,,0.009766,0.021484,-0.316406,,,,,,,
gyro,1778672799.0,218.0,,,,0.013672,0.011719,-0.316406,,,,,,,
gyro,1778672799.0,218.0,,,,0.0,-0.007812,-0.318359,,,,,,,
gyro,1778672799.0,218.0,,,,0.0,-0.019531,-0.318359,,,,,,,
gyro,1778672799.0,218.0,,,,-0.005859,-0.025391,-0.318359,,,,,,,
gyro,1778672799.0,218.0,,,,-0.005859,-0.003906,-0.318359,,,,,,,
gyro,1778672799.0,218.0,,,,0.007812,0.021484,-0.314453,,,,,,,
gyro,1778672799.0,218.0,,,,-0.003906,0.035156,-0.316406,,,,,,,
gyro,1778672799.0,218.0,,,,0.001953,0.048828,-0.316406,,,,,,,
gyro,1778672799.0,218.0,,,,-0.003906,0.050781,-0.318359,,,,,,,
gyro,1778672799.0,218.0,,,,0.009766,0.048828,-0.318359,,,,,,,
gyro,1778672799.0,218.0,,,,0.017578,0.037109,-0.316406,,,,,,,
gyro,1778672799.0,218.0,,,,0.007812,0.0,-0.314453,,,,,,,
gyro,1778672799.0,218.0,,,,0.021484,-0.003906,-0.314453,,,,,,,
gyro,1778672799.0,218.0,,,,0.009766,-0.007812,-0.314453,,,,,,,
gyro,1778672799.0,218.0,,,,0.011719,-0.017578,-0.314453,,,,,,,
gyro,1778672799.0,218.0,,,,-0.001953,-0.029297,-0.314453,,,,,,,
gyro,1778672800.0,219.0,,,,-0.001953,-0.023438,-0.314453,,,,,,,
gyro,1778672800.0,219.0,,,,-0.001953,-0.017578,-0.318359,,,,,,,
gyro,1778672800.0,219.0,,,,0.0,-0.003906,-0.314453,,,,,,,
gyro,1778672800.0,219.0,,,,-0.005859,0.009766,-0.318359,,,,,,,
gyro,1778672800.0,219.0,,,,0.005859,0.029297,-0.316406,,,,,,,
gyro,1778672800.0,219.0,,,,0.003906,0.029297,-0.3125,,,,,,,
gyro,1778672800.0,219.0,,,,0.0,0.029297,-0.3125,,,,,,,
gyro,1778672800.0,219.0,,,,0.0,0.009766,-0.316406,,,,,,,
gyro,1778672800.0,219.0,,,,-0.001953,0.007812,-0.316406,,,,,,,
gyro,1778672800.0,219.0,,,,0.0,0.001953,-0.314453,,,,,,,
gyro,1778672800.0,219.0,,,,0.001953,-0.001953,-0.316406,,,,,,,
gyro,1778672800.0,219.0,,,,0.009766,-0.001953,-0.316406,,,,,,,
gyro,1778672800.0,219.0,,,,0.003906,-0.001953,-0.314453,,,,,,,
gyro,1778672800.0,219.0,,,,0.005859,0.003906,-0.314453,,,,,,,
gyro,1778672800.0,219.0,,,,0.001953,0.013672,-0.314453,,,,,,,
gyro,1778672800.0,219.0,,,,-0.005859,0.021484,-0.316406,,,,,,,
gyro,1778672800.0,219.0,,,,0.001953,0.027344,-0.314453,,,,,,,
gyro,1778672800.0,219.0,,,,-0.005859,0.03125,-0.3125,,,,,,,
gyro,1778672801.0,220.0,,,,0.0,0.021484,-0.3125,,,,,,,
gyro,1778672801.0,220.0,,,,0.005859,0.005859,-0.310547,,,,,,,
gyro,1778672801.0,220.0,,,,-0.005859,-0.009766,-0.318359,,,,,,,
gyro,1778672801.0,220.0,,,,-0.003906,-0.009766,-0.316406,,,,,,,
gyro,1778672801.0,220.0,,,,0.007812,0.001953,-0.3125,,,,,,,
gyro,1778672801.0,220.0,,,,0.005859,0.003906,-0.308594,,,,,,,
gyro,1778672801.0,220.0,,,,0.005859,0.005859,-0.3125,,,,,,,
gyro,1778672801.0,220.0,,,,0.011719,0.007812,-0.316406,,,,,,,
gyro,1778672801.0,220.0,,,,0.011719,0.009766,-0.3125,,,,,,,
gyro,1778672801.0,220.0,,,,0.011719,0.011719,-0.314453,,,,,,,
gyro,1778672801.0,220.0,,,,0.011719,0.009766,-0.314453,,,,,,,
gyro,1778672801.0,220.0,,,,0.013672,0.015625,-0.314453,,,,,,,
gyro,1778672801.0,220.0,,,,-0.003906,0.013672,-0.316406,,,,,,,
gyro,1778672801.0,220.0,,,,-0.005859,0.015625,-0.3125,,,,,,,
gyro,1778672801.0,220.0,,,,0.005859,0.023438,-0.310547,,,,,,,
gyro,1778672801.0,220.0,,,,0.017578,0.023438,-0.316406,,,,,,,
gyro,1778672801.0,220.0,,,,0.005859,0.013672,-0.3125,,,,,,,
gyro,1778672802.0,221.0,,,,-0.013672,0.007812,-0.314453,,,,,,,
gyro,1778672802.0,221.0,,,,-0.009766,0.0,-0.314453,,,,,,,
gyro,1778672802.0,221.0,,,,-0.003906,0.001953,-0.314453,,,,,,,
gyro,1778672802.0,221.0,,,,-0.003906,0.005859,-0.314453,,,,,,,
gyro,1778672802.0,221.0,,,,-0.007812,0.007812,-0.314453,,,,,,,
gyro,1778672802.0,221.0,,,,-0.005859,-0.001953,-0.3125,,,,,,,
gyro,1778672802.0,221.0,,,,0.005859,-0.001953,-0.3125,,,,,,,
gyro,1778672802.0,221.0,,,,0.013672,0.007812,-0.308594,,,,,,,
gyro,1778672802.0,221.0,,,,0.005859,0.005859,-0.3125,,,,,,,
gyro,1778672802.0,221.0,,,,0.001953,0.007812,-0.3125,,,,,,,
gyro,1778672802.0,221.0,,,,-0.001953,0.015625,-0.3125,,,,,,,
gyro,1778672802.0,221.0,,,,0.007812,0.021484,-0.3125,,,,,,,
gyro,1778672802.0,221.0,,,,-0.009766,0.009766,-0.310547,,,,,,,
gyro,1778672802.0,221.0,,,,-0.015625,0.009766,-0.3125,,,,,,,
gyro,1778672802.0,221.0,,,,-0.005859,0.005859,-0.314453,,,,,,,
gyro,1778672802.0,221.0,,,,0.001953,0.007812,-0.316406,,,,,,,
gyro,1778672802.0,221.0,,,,0.011719,0.005859,-0.318359,,,,,,,
gyro,1778672802.0,221.0,,,,0.001953,0.015625,-0.316406,,,,,,,
gyro,1778672802.0,221.0,,,,-0.003906,0.017578,-0.314453,,,,,,,
gyro,1778672803.0,222.0,,,,-0.003906,0.009766,-0.314453,,,,,,,
gyro,1778672803.0,222.0,,,,0.001953,0.001953,-0.314453,,,,,,,
gyro,1778672803.0,222.0,,,,0.017578,0.001953,-0.310547,,,,,,,
gyro,1778672803.0,222.0,,,,0.035156,0.003906,-0.310547,,,,,,,
gyro,1778672803.0,222.0,,,,0.027344,0.005859,-0.308594,,,,,,,
gyro,1778672803.0,222.0,,,,-0.003906,0.011719,-0.306641,,,,,,,
gyro,1778672803.0,222.0,,,,-0.001953,-0.003906,-0.310547,,,,,,,
gyro,1778672803.0,222.0,,,,0.0,-0.003906,-0.3125,,,,,,,
gyro,1778672803.0,222.0,,,,0.0,0.003906,-0.306641,,,,,,,
gyro,1778672803.0,222.0,,,,0.0,0.017578,-0.308594,,,,,,,
gyro,1778672803.0,222.0,,,,0.001953,0.029297,-0.308594,,,,,,,
gyro,1778672803.0,222.0,,,,0.003906,0.037109,-0.306641,,,,,,,
gyro,1778672803.0,222.0,,,,0.0,0.033203,-0.306641,,,,,,,
gyro,1778672803.0,222.0,,,,0.013672,0.021484,-0.300781,,,,,,,
gyro,1778672803.0,222.0,,,,0.009766,0.0,-0.300781,,,,,,,
gyro,1778672803.0,222.0,,,,0.011719,-0.027344,-0.300781,,,,,,,
gyro,1778672803.0,222.0,,,,0.015625,-0.03125,-0.300781,,,,,,,
gyro,1778672804.0,223.0,,,,0.019531,-0.015625,-0.302734,,,,,,,
gyro,1778672804.0,223.0,,,,0.019531,0.001953,-0.300781,,,,,,,
gyro,1778672804.0,223.0,,,,-0.003906,0.015625,-0.300781,,,,,,,
gyro,1778672804.0,223.0,,,,0.003906,0.025391,-0.304688,,,,,,,
gyro,1778672804.0,223.0,,,,0.009766,0.025391,-0.302734,,,,,,,
gyro,1778672804.0,223.0,,,,0.013672,0.019531,-0.304688,,,,,,,
gyro,1778672804.0,223.0,,,,0.009766,0.011719,-0.302734,,,,,,,
gyro,1778672804.0,223.0,,,,-0.001953,0.001953,-0.304688,,,,,,,
gyro,1778672804.0,223.0,,,,-0.005859,0.007812,-0.308594,,,,,,,
gyro,1778672804.0,223.0,,,,0.025391,0.009766,-0.306641,,,,,,,
gyro,1778672804.0,223.0,,,,0.023438,0.007812,-0.304688,,,,,,,
gyro,1778672804.0,223.0,,,,0.019531,0.007812,-0.304688,,,,,,,
gyro,1778672804.0,223.0,,,,0.005859,0.017578,-0.304688,,,,,,,
gyro,1778672804.0,223.0,,,,0.025391,0.021484,-0.314453,,,,,,,
gyro,1778672804.0,223.0,,,,0.019531,0.009766,-0.314453,,,,,,,
gyro,1778672804.0,223.0,,,,0.005859,0.0,-0.314453,,,,,,,
gyro,1778672804.0,223.0,,,,0.007812,-0.009766,-0.318359,,,,,,,
gyro,1778672805.0,224.0,,,,0.017578,-0.009766,-0.314453,,,,,,,
gyro,1778672805.0,224.0,,,,0.013672,-0.003906,-0.314453,,,,,,,
gyro,1778672805.0,224.0,,,,0.005859,0.003906,-0.318359,,,,,,,
gyro,1778672805.0,224.0,,,,0.0,0.003906,-0.318359,,,,,,,
gyro,1778672805.0,224.0,,,,-0.003906,0.011719,-0.320312,,,,,,,
gyro,1778672805.0,224.0,,,,0.0,0.017578,-0.316406,,,,,,,
gyro,1778672805.0,224.0,,,,0.005859,0.009766,-0.318359,,,,,,,
gyro,1778672805.0,224.0,,,,-0.005859,0.007812,-0.316406,,,,,,,
gyro,1778672805.0,224.0,,,,-0.013672,0.003906,-0.318359,,,,,,,
gyro,1778672805.0,224.0,,,,-0.001953,0.001953,-0.320312,,,,,,,
gyro,1778672805.0,224.0,,,,0.005859,0.005859,-0.318359,,,,,,,
gyro,1778672805.0,224.0,,,,0.011719,0.007812,-0.316406,,,,,,,
gyro,1778672805.0,224.0,,,,-0.001953,0.003906,-0.316406,,,,,,,
gyro,1778672805.0,224.0,,,,-0.003906,0.003906,-0.318359,,,,,,,
gyro,1778672805.0,224.0,,,,0.009766,0.007812,-0.316406,,,,,,,
gyro,1778672805.0,224.0,,,,0.013672,0.009766,-0.316406,,,,,,,
gyro,1778672805.0,224.0,,,,0.009766,0.007812,-0.316406,,,,,,,
gyro,1778672805.0,224.0,,,,0.017578,0.011719,-0.318359,,,,,,,
gyro,1778672805.0,224.0,,,,0.013672,0.011719,-0.316406,,,,,,,
gyro,1778672806.0,225.0,,,,0.009766,0.011719,-0.316406,,,,,,,
gyro,1778672806.0,225.0,,,,0.011719,0.003906,-0.314453,,,,,,,
gyro,1778672806.0,225.0,,,,0.017578,0.007812,-0.316406,,,,,,,
gyro,1778672806.0,225.0,,,,0.005859,0.011719,-0.314453,,,,,,,
gyro,1778672806.0,225.0,,,,0.0,0.003906,-0.316406,,,,,,,
gyro,1778672806.0,225.0,,,,-0.003906,0.001953,-0.318359,,,,,,,
gyro,1778672806.0,225.0,,,,0.001953,0.001953,-0.316406,,,,,,,
gyro,1778672806.0,225.0,,,,-0.003906,-0.001953,-0.316406,,,,,,,
gyro,1778672806.0,225.0,,,,-0.009766,-0.003906,-0.320312,,,,,,,
gyro,1778672806.0,225.0,,,,0.0,0.001953,-0.318359,,,,,,,
gyro,1778672806.0,225.0,,,,0.001953,0.001953,-0.316406,,,,,,,
gyro,1778672806.0,225.0,,,,0.0,0.009766,-0.318359,,,,,,,
gyro,1778672806.0,225.0,,,,-0.001953,0.011719,-0.316406,,,,,,,
gyro,1778672806.0,225.0,,,,0.007812,0.009766,-0.316406,,,,,,,
gyro,1778672806.0,225.0,,,,0.011719,0.011719,-0.316406,,,,,,,
gyro,1778672807.0,226.0,,,,0.001953,0.013672,-0.314453,,,,,,,
gyro,1778672807.0,226.0,,,,0.003906,0.011719,-0.316406,,,,,,,
gyro,1778672807.0,226.0,,,,-0.003906,0.007812,-0.314453,,,,,,,
gyro,1778672807.0,226.0,,,,0.001953,0.007812,-0.316406,,,,,,,
gyro,1778672807.0,226.0,,,,0.007812,0.0,-0.316406,,,,,,,
gyro,1778672807.0,226.0,,,,0.001953,-0.003906,-0.318359,,,,,,,
gyro,1778672807.0,226.0,,,,-0.015625,-0.001953,-0.316406,,,,,,,
gyro,1778672807.0,226.0,,,,-0.003906,0.001953,-0.316406,,,,,,,
gyro,1778672807.0,226.0,,,,-0.007812,0.005859,-0.314453,,,,,,,
gyro,1778672807.0,226.0,,,,-0.019531,0.011719,-0.314453,,,,,,,
gyro,1778672807.0,226.0,,,,-0.009766,0.013672,-0.316406,,,,,,,
gyro,1778672807.0,226.0,,,,-0.007812,0.015625,-0.318359,,,,,,,
gyro,1778672807.0,226.0,,,,-0.003906,0.015625,-0.318359,,,,,,,
gyro,1778672807.0,226.0,,,,-0.011719,0.011719,-0.316406,,,,,,,
gyro,1778672807.0,226.0,,,,-0.005859,0.013672,-0.316406,,,,,,,
gyro,1778672807.0,226.0,,,,-0.001953,0.003906,-0.316406,,,,,,,
gyro,1778672807.0,226.0,,,,0.007812,0.003906,-0.314453,,,,,,,
gyro,1778672808.0,227.0,,,,0.009766,0.011719,-0.316406,,,,,,,
gyro,1778672808.0,227.0,,,,-0.003906,0.009766,-0.316406,,,,,,,
gyro,1778672808.0,227.0,,,,-0.005859,-0.001953,-0.314453,,,,,,,
gyro,1778672808.0,227.0,,,,-0.009766,-0.001953,-0.314453,,,,,,,
gyro,1778672808.0,227.0,,,,-0.003906,0.001953,-0.316406,,,,,,,
gyro,1778672808.0,227.0,,,,0.001953,0.019531,-0.316406,,,,,,,
gyro,1778672808.0,227.0,,,,0.001953,0.017578,-0.314453,,,,,,,
gyro,1778672808.0,227.0,,,,-0.007812,0.023438,-0.3125,,,,,,,
gyro,1778672808.0,227.0,,,,0.001953,0.021484,-0.316406,,,,,,,
gyro,1778672808.0,227.0,,,,0.019531,0.017578,-0.314453,,,,,,,
gyro,1778672808.0,227.0,,,,0.017578,0.017578,-0.314453,,,,,,,
gyro,1778672808.0,227.0,,,,0.007812,0.021484,-0.314453,,,,,,,
gyro,1778672808.0,227.0,,,,0.011719,0.023438,-0.314453,,,,,,,
gyro,1778672808.0,227.0,,,,0.003906,0.019531,-0.314453,,,,,,,
gyro,1778672808.0,227.0,,,,0.019531,0.013672,-0.314453,,,,,,,
gyro,1778672808.0,227.0,,,,0.009766,0.007812,-0.314453,,,,,,,
gyro,1778672809.0,228.0,,,,0.001953,0.009766,-0.314453,,,,,,,
gyro,1778672809.0,228.0,,,,-0.001953,0.007812,-0.316406,,,,,,,
gyro,1778672809.0,228.0,,,,0.0,0.003906,-0.318359,,,,,,,
gyro,1778672809.0,228.0,,,,0.013672,0.001953,-0.318359,,,,,,,
gyro,1778672809.0,228.0,,,,0.001953,0.001953,-0.316406,,,,,,,
gyro,1778672809.0,228.0,,,,-0.007812,-0.003906,-0.318359,,,,,,,
gyro,1778672809.0,228.0,,,,-0.005859,0.003906,-0.316406,,,,,,,
gyro,1778672809.0,228.0,,,,0.003906,0.001953,-0.318359,,,,,,,
gyro,1778672809.0,228.0,,,,0.003906,-0.003906,-0.320312,,,,,,,
gyro,1778672809.0,228.0,,,,-0.013672,-0.013672,-0.320312,,,,,,,
gyro,1778672809.0,228.0,,,,-0.005859,-0.011719,-0.316406,,,,,,,
gyro,1778672809.0,228.0,,,,-0.005859,-0.001953,-0.320312,,,,,,,
gyro,1778672809.0,228.0,,,,-0.013672,0.007812,-0.320312,,,,,,,
gyro,1778672809.0,228.0,,,,-0.019531,0.019531,-0.320312,,,,,,,
gyro,1778672809.0,228.0,,,,-0.011719,0.033203,-0.322266,,,,,,,
gyro,1778672809.0,228.0,,,,-0.003906,0.033203,-0.320312,,,,,,,
gyro,1778672809.0,228.0,,,,-0.005859,0.021484,-0.318359,,,,,,,
gyro,1778672810.0,229.0,,,,-0.005859,0.013672,-0.322266,,,,,,,
gyro,1778672810.0,229.0,,,,0.001953,0.015625,-0.322266,,,,,,,
gyro,1778672810.0,229.0,,,,0.003906,0.013672,-0.322266,,,,,,,
gyro,1778672810.0,229.0,,,,0.013672,0.013672,-0.320312,,,,,,,
gyro,1778672810.0,229.0,,,,0.009766,0.011719,-0.318359,,,,,,,
gyro,1778672810.0,229.0,,,,0.011719,0.009766,-0.318359,,,,,,,
gyro,1778672810.0,229.0,,,,0.019531,-0.001953,-0.320312,,,,,,,
gyro,1778672810.0,229.0,,,,0.009766,-0.007812,-0.324219,,,,,,,
gyro,1778672810.0,229.0,,,,0.015625,-0.009766,-0.320312,,,,,,,
gyro,1778672810.0,229.0,,,,0.011719,-0.011719,-0.322266,,,,,,,
gyro,1778672810.0,229.0,,,,0.001953,-0.003906,-0.320312,,,,,,,
gyro,1778672810.0,229.0,,,,-0.003906,0.009766,-0.324219,,,,,,,
gyro,1778672810.0,229.0,,,,0.009766,0.025391,-0.316406,,,,,,,
gyro,1778672810.0,229.0,,,,0.007812,0.023438,-0.314453,,,,,,,
gyro,1778672810.0,229.0,,,,0.001953,0.025391,-0.318359,,,,,,,
gyro,1778672810.0,229.0,,,,0.009766,0.017578,-0.318359,,,,,,,
gyro,1778672810.0,229.0,,,,0.017578,0.009766,-0.320312,,,,,,,
gyro,1778672811.0,230.0,,,,-0.005859,0.001953,-0.320312,,,,,,,
gyro,1778672811.0,230.0,,,,0.007812,0.0,-0.318359,,,,,,,
gyro,1778672811.0,230.0,,,,0.017578,0.001953,-0.316406,,,,,,,
gyro,1778672811.0,230.0,,,,0.019531,0.009766,-0.316406,,,,,,,
gyro,1778672811.0,230.0,,,,0.019531,0.009766,-0.318359,,,,,,,
gyro,1778672811.0,230.0,,,,0.007812,0.009766,-0.316406,,,,,,,
gyro,1778672811.0,230.0,,,,0.013672,0.001953,-0.318359,,,,,,,
gyro,1778672811.0,230.0,,,,0.007812,0.0,-0.318359,,,,,,,
gyro,1778672811.0,230.0,,,,-0.003906,0.0,-0.318359,,,,,,,
gyro,1778672811.0,230.0,,,,-0.011719,0.007812,-0.320312,,,,,,,
gyro,1778672811.0,230.0,,,,0.0,0.003906,-0.324219,,,,,,,
gyro,1778672811.0,230.0,,,,0.007812,0.013672,-0.320312,,,,,,,
gyro,1778672811.0,230.0,,,,-0.011719,0.017578,-0.318359,,,,,,,
gyro,1778672811.0,230.0,,,,-0.005859,0.013672,-0.314453,,,,,,,
gyro,1778672811.0,230.0,,,,0.013672,0.017578,-0.316406,,,,,,,
gyro,1778672811.0,230.0,,,,0.013672,0.017578,-0.318359,,,,,,,
gyro,1778672811.0,230.0,,,,0.009766,0.011719,-0.314453,,,,,,,
gyro,1778672812.0,231.0,,,,-0.003906,0.011719,-0.3125,,,,,,,
gyro,1778672812.0,231.0,,,,-0.003906,0.013672,-0.3125,,,,,,,
gyro,1778672812.0,231.0,,,,0.007812,0.015625,-0.306641,,,,,,,
gyro,1778672812.0,231.0,,,,0.013672,0.015625,-0.308594,,,,,,,
gyro,1778672812.0,231.0,,,,0.003906,0.009766,-0.308594,,,,,,,
gyro,1778672812.0,231.0,,,,-0.003906,0.005859,-0.308594,,,,,,,
gyro,1778672812.0,231.0,,,,0.007812,0.007812,-0.308594,,,,,,,
gyro,1778672812.0,231.0,,,,0.009766,0.0,-0.3125,,,,,,,
gyro,1778672812.0,231.0,,,,-0.001953,0.003906,-0.3125,,,,,,,
gyro,1778672812.0,231.0,,,,0.007812,0.013672,-0.308594,,,,,,,
gyro,1778672812.0,231.0,,,,0.019531,0.011719,-0.3125,,,,,,,
gyro,1778672812.0,231.0,,,,0.021484,0.011719,-0.308594,,,,,,,
gyro,1778672812.0,231.0,,,,0.0,0.013672,-0.306641,,,,,,,
gyro,1778672812.0,231.0,,,,0.005859,0.013672,-0.306641,,,,,,,
gyro,1778672812.0,231.0,,,,0.009766,0.009766,-0.308594,,,,,,,
gyro,1778672812.0,231.0,,,,0.011719,0.013672,-0.3125,,,,,,,
gyro,1778672812.0,231.0,,,,0.005859,0.017578,-0.3125,,,,,,,
gyro,1778672812.0,231.0,,,,0.007812,0.013672,-0.3125,,,,,,,
gyro,1778672813.0,232.0,,,,0.015625,0.003906,-0.3125,,,,,,,
gyro,1778672813.0,232.0,,,,0.001953,0.0,-0.310547,,,,,,,
gyro,1778672813.0,232.0,,,,0.003906,0.003906,-0.306641,,,,,,,
gyro,1778672813.0,232.0,,,,0.021484,0.011719,-0.3125,,,,,,,
gyro,1778672813.0,232.0,,,,0.009766,0.009766,-0.310547,,,,,,,
gyro,1778672813.0,232.0,,,,-0.009766,0.011719,-0.308594,,,,,,,
gyro,1778672813.0,232.0,,,,-0.005859,0.013672,-0.308594,,,,,,,
gyro,1778672813.0,232.0,,,,-0.003906,0.009766,-0.310547,,,,,,,
gyro,1778672813.0,232.0,,,,-0.001953,0.003906,-0.310547,,,,,,,
gyro,1778672813.0,232.0,,,,0.001953,-0.001953,-0.308594,,,,,,,
gyro,1778672813.0,232.0,,,,-0.009766,-0.003906,-0.310547,,,,,,,
gyro,1778672813.0,232.0,,,,-0.013672,0.001953,-0.308594,,,,,,,
gyro,1778672813.0,232.0,,,,-0.001953,0.0,-0.308594,,,,,,,
gyro,1778672813.0,232.0,,,,0.003906,0.0,-0.310547,,,,,,,
gyro,1778672813.0,232.0,,,,0.021484,0.007812,-0.310547,,,,,,,
gyro,1778672813.0,232.0,,,,0.017578,0.007812,-0.308594,,,,,,,
gyro,1778672813.0,232.0,,,,0.019531,0.005859,-0.306641,,,,,,,
gyro,1778672813.0,232.0,,,,0.011719,0.001953,-0.308594,,,,,,,
gyro,1778672814.0,233.0,,,,0.023438,0.0,-0.308594,,,,,,,
gyro,1778672814.0,233.0,,,,0.013672,0.007812,-0.308594,,,,,,,
gyro,1778672814.0,233.0,,,,-0.001953,0.011719,-0.308594,,,,,,,
gyro,1778672814.0,233.0,,,,-0.009766,0.021484,-0.308594,,,,,,,
gyro,1778672814.0,233.0,,,,0.001953,0.015625,-0.3125,,,,,,,
gyro,1778672814.0,233.0,,,,0.007812,0.011719,-0.3125,,,,,,,
gyro,1778672814.0,233.0,,,,0.0,0.007812,-0.3125,,,,,,,
gyro,1778672814.0,233.0,,,,-0.013672,-0.001953,-0.308594,,,,,,,
gyro,1778672814.0,233.0,,,,-0.001953,-0.009766,-0.3125,,,,,,,
gyro,1778672814.0,233.0,,,,-0.007812,0.015625,-0.308594,,,,,,,
gyro,1778672814.0,233.0,,,,-0.013672,0.015625,-0.3125,,,,,,,
gyro,1778672814.0,233.0,,,,-0.003906,0.023438,-0.314453,,,,,,,
gyro,1778672814.0,233.0,,,,0.001953,0.017578,-0.314453,,,,,,,
gyro,1778672814.0,233.0,,,,-0.003906,0.015625,-0.318359,,,,,,,
gyro,1778672814.0,233.0,,,,0.0,0.005859,-0.316406,,,,,,,
gyro,1778672814.0,233.0,,,,0.0,0.0,-0.314453,,,,,,,
gyro,1778672815.0,234.0,,,,0.0,-0.007812,-0.316406,,,,,,,
gyro,1778672815.0,234.0,,,,-0.001953,-0.011719,-0.316406,,,,,,,
gyro,1778672815.0,234.0,,,,0.007812,-0.003906,-0.314453,,,,,,,
gyro,1778672815.0,234.0,,,,0.013672,0.0,-0.318359,,,,,,,
gyro,1778672815.0,234.0,,,,0.009766,0.009766,-0.314453,,,,,,,
gyro,1778672815.0,234.0,,,,-0.015625,0.029297,-0.314453,,,,,,,
gyro,1778672815.0,234.0,,,,0.013672,0.027344,-0.314453,,,,,,,
gyro,1778672815.0,234.0,,,,0.011719,0.021484,-0.3125,,,,,,,
gyro,1778672815.0,234.0,,,,0.001953,0.011719,-0.314453,,,,,,,
gyro,1778672815.0,234.0,,,,-0.003906,-0.001953,-0.314453,,,,,,,
gyro,1778672815.0,234.0,,,,0.001953,0.001953,-0.316406,,,,,,,
gyro,1778672815.0,234.0,,,,0.007812,0.007812,-0.316406,,,,,,,
gyro,1778672815.0,234.0,,,,0.0,0.009766,-0.314453,,,,,,,
gyro,1778672815.0,234.0,,,,-0.009766,0.017578,-0.316406,,,,,,,
gyro,1778672815.0,234.0,,,,0.001953,0.013672,-0.316406,,,,,,,
gyro,1778672816.0,235.0,,,,0.019531,-0.001953,-0.318359,,,,,,,
gyro,1778672816.0,235.0,,,,0.025391,-0.009766,-0.314453,,,,,,,
gyro,1778672816.0,235.0,,,,0.013672,-0.009766,-0.314453,,,,,,,
gyro,1778672816.0,235.0,,,,0.011719,-0.009766,-0.316406,,,,,,,
gyro,1778672816.0,235.0,,,,-0.001953,0.003906,-0.316406,,,,,,,
gyro,1778672816.0,235.0,,,,-0.005859,0.029297,-0.314453,,,,,,,
gyro,1778672816.0,235.0,,,,-0.009766,0.029297,-0.314453,,,,,,,
gyro,1778672816.0,235.0,,,,-0.003906,0.025391,-0.314453,,,,,,,
gyro,1778672816.0,235.0,,,,0.007812,0.011719,-0.316406,,,,,,,
gyro,1778672816.0,235.0,,,,0.001953,0.003906,-0.314453,,,,,,,
gyro,1778672816.0,235.0,,,,-0.005859,-0.005859,-0.316406,,,,,,,
gyro,1778672816.0,235.0,,,,-0.011719,-0.003906,-0.314453,,,,,,,
gyro,1778672816.0,235.0,,,,0.007812,0.009766,-0.306641,,,,,,,
gyro,1778672816.0,235.0,,,,0.005859,0.009766,-0.306641,,,,,,,
gyro,1778672816.0,235.0,,,,0.009766,0.015625,-0.302734,,,,,,,
gyro,1778672816.0,235.0,,,,0.005859,0.015625,-0.302734,,,,,,,
gyro,1778672817.0,236.0,,,,0.003906,0.011719,-0.306641,,,,,,,
gyro,1778672817.0,236.0,,,,-0.009766,0.013672,-0.308594,,,,,,,
gyro,1778672817.0,236.0,,,,0.0,0.007812,-0.306641,,,,,,,
gyro,1778672817.0,236.0,,,,0.007812,0.003906,-0.306641,,,,,,,
gyro,1778672817.0,236.0,,,,0.013672,0.009766,-0.304688,,,,,,,
gyro,1778672817.0,236.0,,,,0.001953,0.003906,-0.306641,,,,,,,
gyro,1778672817.0,236.0,,,,0.003906,0.0,-0.308594,,,,,,,
gyro,1778672817.0,236.0,,,,0.023438,0.001953,-0.3125,,,,,,,
gyro,1778672817.0,236.0,,,,0.011719,0.005859,-0.306641,,,,,,,
gyro,1778672817.0,236.0,,,,0.009766,0.013672,-0.306641,,,,,,,
gyro,1778672817.0,236.0,,,,0.013672,0.015625,-0.306641,,,,,,,
gyro,1778672817.0,236.0,,,,0.017578,0.015625,-0.308594,,,,,,,
gyro,1778672817.0,236.0,,,,0.0,0.015625,-0.306641,,,,,,,
gyro,1778672817.0,236.0,,,,-0.011719,0.013672,-0.308594,,,,,,,
gyro,1778672817.0,236.0,,,,0.001953,0.011719,-0.308594,,,,,,,
gyro,1778672817.0,236.0,,,,0.009766,0.017578,-0.310547,,,,,,,
gyro,1778672817.0,236.0,,,,0.005859,0.015625,-0.308594,,,,,,,
gyro,1778672817.0,236.0,,,,0.001953,0.013672,-0.3125,,,,,,,
gyro,1778672818.0,237.0,,,,0.0,0.011719,-0.306641,,,,,,,
gyro,1778672818.0,237.0,,,,0.005859,0.013672,-0.3125,,,,,,,
gyro,1778672818.0,237.0,,,,0.003906,0.001953,-0.308594,,,,,,,
gyro,1778672818.0,237.0,,,,-0.005859,-0.001953,-0.3125,,,,,,,
gyro,1778672818.0,237.0,,,,0.003906,-0.013672,-0.308594,,,,,,,
gyro,1778672818.0,237.0,,,,-0.005859,-0.015625,-0.310547,,,,,,,
gyro,1778672818.0,237.0,,,,0.007812,-0.005859,-0.310547,,,,,,,
gyro,1778672818.0,237.0,,,,-0.001953,0.001953,-0.3125,,,,,,,
gyro,1778672818.0,237.0,,,,-0.007812,0.019531,-0.308594,,,,,,,
gyro,1778672818.0,237.0,,,,-0.005859,0.027344,-0.308594,,,,,,,
gyro,1778672818.0,237.0,,,,0.001953,0.03125,-0.310547,,,,,,,
gyro,1778672818.0,237.0,,,,0.0,0.017578,-0.306641,,,,,,,
gyro,1778672818.0,237.0,,,,-0.001953,0.0,-0.314453,,,,,,,
gyro,1778672818.0,237.0,,,,0.0,-0.005859,-0.310547,,,,,,,
gyro,1778672818.0,237.0,,,,0.001953,0.013672,-0.308594,,,,,,,
gyro,1778672818.0,237.0,,,,0.007812,0.021484,-0.306641,,,,,,,
gyro,1778672818.0,237.0,,,,0.005859,0.023438,-0.306641,,,,,,,
gyro,1778672819.0,238.0,,,,0.013672,0.015625,-0.310547,,,,,,,
gyro,1778672819.0,238.0,,,,0.011719,0.011719,-0.306641,,,,,,,
gyro,1778672819.0,238.0,,,,-0.005859,-0.003906,-0.308594,,,,,,,
gyro,1778672819.0,238.0,,,,0.0,-0.015625,-0.3125,,,,,,,
gyro,1778672819.0,238.0,,,,-0.003906,-0.011719,-0.3125,,,,,,,
gyro,1778672819.0,238.0,,,,0.007812,0.009766,-0.314453,,,,,,,
gyro,1778672819.0,238.0,,,,0.013672,0.029297,-0.3125,,,,,,,
gyro,1778672819.0,238.0,,,,0.009766,0.044922,-0.314453,,,,,,,
gyro,1778672819.0,238.0,,,,0.013672,0.060547,-0.306641,,,,,,,
gyro,1778672819.0,238.0,,,,0.023438,0.052734,-0.302734,,,,,,,
gyro,1778672819.0,238.0,,,,0.023438,0.035156,-0.300781,,,,,,,
gyro,1778672819.0,238.0,,,,0.017578,-0.001953,-0.300781,,,,,,,
gyro,1778672819.0,238.0,,,,0.017578,-0.011719,-0.300781,,,,,,,
gyro,1778672819.0,238.0,,,,0.013672,-0.013672,-0.296875,,,,,,,
gyro,1778672819.0,238.0,,,,0.001953,-0.011719,-0.294922,,,,,,,
gyro,1778672819.0,238.0,,,,-0.011719,-0.021484,-0.296875,,,,,,,
gyro,1778672819.0,238.0,,,,-0.007812,-0.017578,-0.294922,,,,,,,
gyro,1778672819.0,238.0,,,,0.0,-0.013672,-0.292969,,,,,,,
gyro,1778672819.0,238.0,,,,0.003906,0.0,-0.291016,,,,,,,
gyro,1778672820.0,239.0,,,,0.0,0.009766,-0.287109,,,,,,,
gyro,1778672820.0,239.0,,,,0.001953,0.015625,-0.287109,,,,,,,
gyro,1778672820.0,239.0,,,,0.009766,0.029297,-0.28125,,,,,,,
gyro,1778672820.0,239.0,,,,0.021484,0.03125,-0.277344,,,,,,,
gyro,1778672820.0,239.0,,,,0.017578,0.025391,-0.275391,,,,,,,
gyro,1778672820.0,239.0,,,,0.007812,0.019531,-0.271484,,,,,,,
gyro,1778672820.0,239.0,,,,0.011719,0.015625,-0.269531,,,,,,,
gyro,1778672820.0,239.0,,,,0.005859,0.007812,-0.263672,,,,,,,
gyro,1778672820.0,239.0,,,,0.005859,0.003906,-0.259766,,,,,,,
gyro,1778672820.0,239.0,,,,0.007812,0.001953,-0.255859,,,,,,,
gyro,1778672820.0,239.0,,,,0.025391,0.0,-0.257812,,,,,,,
gyro,1778672820.0,239.0,,,,0.021484,0.003906,-0.253906,,,,,,,
gyro,1778672820.0,239.0,,,,0.019531,0.003906,-0.246094,,,,,,,
gyro,1778672820.0,239.0,,,,0.017578,0.011719,-0.246094,,,,,,,
gyro,1778672820.0,239.0,,,,0.011719,0.013672,-0.242188,,,,,,,
gyro,1778672820.0,239.0,,,,0.0,0.011719,-0.236328,,,,,,,
gyro,1778672821.0,240.0,,,,0.013672,0.017578,-0.224609,,,,,,,
gyro,1778672821.0,240.0,,,,0.007812,0.015625,-0.224609,,,,,,,
gyro,1778672821.0,240.0,,,,0.007812,0.009766,-0.21875,,,,,,,
gyro,1778672821.0,240.0,,,,0.001953,0.003906,-0.214844,,,,,,,
gyro,1778672821.0,240.0,,,,0.007812,0.001953,-0.208984,,,,,,,
gyro,1778672821.0,240.0,,,,-0.009766,0.001953,-0.207031,,,,,,,
gyro,1778672821.0,240.0,,,,0.009766,0.003906,-0.201172,,,,,,,
gyro,1778672821.0,240.0,,,,0.011719,0.0,-0.197266,,,,,,,
gyro,1778672821.0,240.0,,,,0.005859,0.0,-0.199219,,,,,,,
gyro,1778672821.0,240.0,,,,0.009766,-0.003906,-0.195312,,,,,,,
gyro,1778672821.0,240.0,,,,0.007812,-0.003906,-0.1875,,,,,,,
gyro,1778672821.0,240.0,,,,0.009766,0.001953,-0.181641,,,,,,,
gyro,1778672821.0,240.0,,,,0.013672,0.003906,-0.169922,,,,,,,
gyro,1778672821.0,240.0,,,,0.007812,0.005859,-0.162109,,,,,,,
gyro,1778672821.0,240.0,,,,0.019531,0.003906,-0.160156,,,,,,,
gyro,1778672821.0,240.0,,,,0.011719,-0.001953,-0.160156,,,,,,,
gyro,1778672821.0,240.0,,,,0.015625,-0.001953,-0.148438,,,,,,,
gyro,1778672821.0,240.0,,,,0.013672,0.0,-0.144531,,,,,,,
gyro,1778672822.0,241.0,,,,0.013672,-0.001953,-0.140625,,,,,,,
gyro,1778672822.0,241.0,,,,0.017578,0.001953,-0.138672,,,,,,,
gyro,1778672822.0,241.0,,,,0.009766,0.0,-0.126953,,,,,,,
gyro,1778672822.0,241.0,,,,0.011719,0.001953,-0.121094,,,,,,,
gyro,1778672822.0,241.0,,,,0.007812,0.003906,-0.115234,,,,,,,
gyro,1778672822.0,241.0,,,,0.007812,0.003906,-0.113281,,,,,,,
gyro,1778672822.0,241.0,,,,0.007812,0.005859,-0.105469,,,,,,,
gyro,1778672822.0,241.0,,,,0.001953,-0.001953,-0.099609,,,,,,,
gyro,1778672822.0,241.0,,,,0.007812,-0.001953,-0.091797,,,,,,,
gyro,1778672822.0,241.0,,,,0.001953,0.005859,-0.091797,,,,,,,
gyro,1778672822.0,241.0,,,,-0.001953,0.001953,-0.080078,,,,,,,
gyro,1778672822.0,241.0,,,,0.0,0.001953,-0.076172,,,,,,,
gyro,1778672822.0,241.0,,,,0.001953,-0.003906,-0.072266,,,,,,,
gyro,1778672822.0,241.0,,,,0.001953,-0.001953,-0.066406,,,,,,,
gyro,1778672822.0,241.0,,,,0.005859,-0.001953,-0.056641,,,,,,,
gyro,1778672822.0,241.0,,,,0.007812,0.0,-0.056641,,,,,,,
gyro,1778672823.0,242.0,,,,0.009766,-0.001953,-0.050781,,,,,,,
gyro,1778672823.0,242.0,,,,0.001953,-0.001953,-0.035156,,,,,,,
gyro,1778672823.0,242.0,,,,0.005859,-0.005859,-0.033203,,,,,,,
gyro,1778672823.0,242.0,,,,0.005859,-0.007812,-0.03125,,,,,,,
gyro,1778672823.0,242.0,,,,0.0,-0.009766,-0.025391,,,,,,,
gyro,1778672823.0,242.0,,,,0.001953,-0.011719,-0.025391,,,,,,,
gyro,1778672823.0,242.0,,,,0.011719,-0.013672,-0.021484,,,,,,,
gyro,1778672823.0,242.0,,,,0.009766,-0.011719,-0.013672,,,,,,,
gyro,1778672823.0,242.0,,,,0.003906,-0.009766,-0.011719,,,,,,,
gyro,1778672823.0,242.0,,,,0.003906,-0.009766,-0.009766,,,,,,,
gyro,1778672823.0,242.0,,,,0.003906,-0.011719,-0.009766,,,,,,,
gyro,1778672823.0,242.0,,,,0.001953,-0.007812,-0.007812,,,,,,,
gyro,1778672823.0,242.0,,,,0.0,-0.005859,-0.003906,,,,,,,
gyro,1778672823.0,242.0,,,,0.0,-0.003906,0.001953,,,,,,,
gyro,1778672823.0,242.0,,,,0.001953,-0.001953,0.001953,,,,,,,
gyro,1778672824.0,243.0,,,,0.001953,-0.011719,-0.001953,,,,,,,
gyro,1778672824.0,243.0,,,,0.001953,-0.015625,-0.001953,,,,,,,
gyro,1778672824.0,243.0,,,,-0.001953,-0.013672,-0.001953,,,,,,,
gyro,1778672824.0,243.0,,,,0.005859,-0.005859,0.001953,,,,,,,
gyro,1778672824.0,243.0,,,,0.0,0.0,0.001953,,,,,,,
gyro,1778672824.0,243.0,,,,0.001953,0.007812,0.0,,,,,,,
gyro,1778672824.0,243.0,,,,0.003906,0.007812,-0.001953,,,,,,,
gyro,1778672824.0,243.0,,,,0.001953,0.003906,0.003906,,,,,,,
gyro,1778672824.0,243.0,,,,-0.001953,-0.001953,0.001953,,,,,,,
gyro,1778672824.0,243.0,,,,-0.001953,-0.007812,0.0,,,,,,,
gyro,1778672824.0,243.0,,,,0.0,-0.001953,0.0,,,,,,,
gyro,1778672824.0,243.0,,,,0.003906,0.003906,0.001953,,,,,,,
gyro,1778672824.0,243.0,,,,-0.001953,0.003906,0.001953,,,,,,,
gyro,1778672824.0,243.0,,,,-0.001953,0.003906,0.0,,,,,,,
gyro,1778672824.0,243.0,,,,0.001953,0.0,0.0,,,,,,,
gyro,1778672824.0,243.0,,,,0.001953,-0.001953,0.0,,,,,,,
gyro,1778672824.0,243.0,,,,-0.001953,-0.001953,0.0,,,,,,,
gyro,1778672825.0,244.0,,,,0.001953,-0.001953,0.001953,,,,,,,
gyro,1778672825.0,244.0,,,,0.001953,-0.001953,0.001953,,,,,,,
gyro,1778672825.0,244.0,,,,-0.001953,0.0,0.0,,,,,,,
gyro,1778672825.0,244.0,,,,0.001953,0.001953,0.0,,,,,,,
gyro,1778672825.0,244.0,,,,-0.001953,0.0,0.0,,,,,,,
gyro,1778672825.0,244.0,,,,-0.001953,0.0,-0.001953,,,,,,,
gyro,1778672825.0,244.0,,,,0.0,-0.001953,0.0,,,,,,,
gyro,1778672825.0,244.0,,,,-0.001953,-0.001953,0.0,,,,,,,
gyro,1778672825.0,244.0,,,,0.001953,-0.001953,0.001953,,,,,,,
gyro,1778672825.0,244.0,,,,0.001953,0.0,0.0,,,,,,,
gyro,1778672825.0,244.0,,,,0.0,0.0,-0.001953,,,,,,,
gyro,1778672825.0,244.0,,,,0.0,0.0,0.001953,,,,,,,
gyro,1778672825.0,244.0,,,,0.001953,0.001953,0.0,,,,,,,
gyro,1778672825.0,244.0,,,,-0.001953,-0.003906,-0.003906,,,,,,,
gyro,1778672825.0,244.0,,,,-0.001953,0.0,-0.005859,,,,,,,
gyro,1778672825.0,244.0,,,,0.0,0.0,0.0,,,,,,,
gyro,1778672825.0,244.0,,,,0.0,0.0,0.0,,,,,,,
gyro,1778672826.0,245.0,,,,0.001953,0.0,0.0,,,,,,,
gyro,1778672826.0,245.0,,,,-0.003906,0.0,0.0,,,,,,,
gyro,1778672826.0,245.0,,,,0.001953,0.0,0.003906,,,,,,,
gyro,1778672826.0,245.0,,,,0.001953,0.001953,0.0,,,,,,,
gyro,1778672826.0,245.0,,,,-0.003906,0.001953,0.0,,,,,,,
gyro,1778672826.0,245.0,,,,0.001953,0.0,0.0,,,,,,,
gyro,1778672826.0,245.0,,,,0.003906,0.0,0.001953,,,,,,,
gyro,1778672826.0,245.0,,,,0.003906,0.0,0.001953,,,,,,,
gyro,1778672826.0,245.0,,,,0.001953,0.0,0.001953,,,,,,,
gyro,1778672826.0,245.0,,,,-0.001953,0.0,0.0,,,,,,,
gyro,1778672826.0,245.0,,,,0.0,0.0,0.0,,,,,,,
gyro,1778672826.0,245.0,,,,0.0,0.0,0.0,,,,,,,
gyro,1778672826.0,245.0,,,,-0.001953,0.0,0.001953,,,,,,,
gyro,1778672826.0,245.0,,,,0.001953,0.0,0.001953,,,,,,,
gyro,1778672826.0,245.0,,,,-0.001953,-0.001953,0.0,,,,,,,
gyro,1778672826.0,245.0,,,,0.001953,0.001953,0.0,,,,,,,
gyro,1778672826.0,245.0,,,,0.0,0.0,0.0,,,,,,,
gyro,1778672826.0,245.0,,,,-0.001953,0.001953,0.001953,,,,,,,
gyro,1778672826.0,245.0,,,,0.001953,0.0,-0.001953,,,,,,,
gyro,1778672827.0,246.0,,,,-0.001953,0.0,0.0,,,,,,,
gyro,1778672827.0,246.0,,,,-0.001953,0.0,0.0,,,,,,,
gyro,1778672827.0,246.0,,,,-0.001953,0.0,0.001953,,,,,,,
gyro,1778672827.0,246.0,,,,-0.001953,0.0,-0.001953,,,,,,,
gyro,1778672827.0,246.0,,,,0.0,0.0,-0.003906,,,,,,,
gyro,1778672827.0,246.0,,,,0.0,0.0,0.0,,,,,,,
gyro,1778672827.0,246.0,,,,0.001953,0.0,0.0,,,,,,,
gyro,1778672827.0,246.0,,,,0.001953,0.0,0.0,,,,,,,
gyro,1778672827.0,246.0,,,,0.0,0.001953,0.0,,,,,,,
gyro,1778672827.0,246.0,,,,-0.001953,0.0,0.0,,,,,,,
gyro,1778672827.0,246.0,,,,-0.001953,-0.001953,0.0,,,,,,,
gyro,1778672827.0,246.0,,,,0.0,-0.001953,0.0,,,,,,,
gyro,1778672827.0,246.0,,,,-0.001953,0.0,0.001953,,,,,,,
gyro,1778672827.0,246.0,,,,-0.001953,0.0,-0.001953,,,,,,,
gyro,1778672827.0,246.0,,,,0.001953,0.0,0.001953,,,,,,,
gyro,1778672827.0,246.0,,,,-0.003906,-0.001953,0.001953,,,,,,,
gyro,1778672827.0,246.0,,,,-0.003906,-0.001953,0.0,,,,,,,
gyro,1778672828.0,247.0,,,,-0.001953,0.0,0.0,,,,,,,
gyro,1778672828.0,247.0,,,,0.0,-0.001953,0.001953,,,,,,,
gyro,1778672828.0,247.0,,,,-0.001953,-0.001953,0.0,,,,,,,
gyro,1778672828.0,247.0,,,,-0.001953,0.001953,0.0,,,,,,,
gyro,1778672828.0,247.0,,,,0.0,-0.001953,0.0,,,,,,,
gyro,1778672828.0,247.0,,,,-0.001953,-0.001953,0.0,,,,,,,
gyro,1778672828.0,247.0,,,,0.0,0.001953,0.0,,,,,,,
gyro,1778672828.0,247.0,,,,-0.005859,0.0,-0.001953,,,,,,,
gyro,1778672828.0,247.0,,,,0.001953,0.001953,0.001953,,,,,,,
gyro,1778672828.0,247.0,,,,0.0,0.001953,0.001953,,,,,,,
gyro,1778672828.0,247.0,,,,0.0,0.001953,-0.003906,,,,,,,
gyro,1778672828.0,247.0,,,,0.001953,-0.001953,0.0,,,,,,,
gyro,1778672828.0,247.0,,,,-0.001953,-0.001953,0.001953,,,,,,,
gyro,1778672828.0,247.0,,,,0.0,0.0,0.001953,,,,,,,
gyro,1778672828.0,247.0,,,,0.0,0.001953,0.0,,,,,,,
gyro,1778672828.0,247.0,,,,0.003906,0.001953,0.001953,,,,,,,
gyro,1778672828.0,247.0,,,,-0.001953,0.0,0.0,,,,,,,
gyro,1778672829.0,248.0,,,,0.001953,0.001953,0.001953,,,,,,,
gyro,1778672829.0,248.0,,,,-0.001953,0.0,0.0,,,,,,,
gyro,1778672829.0,248.0,,,,0.001953,-0.003906,0.001953,,,,,,,
gyro,1778672829.0,248.0,,,,0.001953,-0.001953,0.001953,,,,,,,
gyro,1778672829.0,248.0,,,,0.0,-0.001953,0.0,,,,,,,
gyro,1778672829.0,248.0,,,,-0.001953,0.0,0.0,,,,,,,
gyro,1778672829.0,248.0,,,,-0.001953,0.0,0.0,,,,,,,
gyro,1778672829.0,248.0,,,,-0.001953,0.001953,0.0,,,,,,,
gyro,1778672829.0,248.0,,,,0.0,0.0,0.0,,,,,,,
gyro,1778672829.0,248.0,,,,0.001953,0.0,0.001953,,,,,,,
gyro,1778672829.0,248.0,,,,0.001953,-0.001953,0.0,,,,,,,
gyro,1778672829.0,248.0,,,,0.0,-0.001953,0.0,,,,,,,
gyro,1778672829.0,248.0,,,,0.001953,0.0,-0.001953,,,,,,,
gyro,1778672829.0,248.0,,,,-0.001953,-0.001953,0.0,,,,,,,
gyro,1778672829.0,248.0,,,,-0.001953,0.0,0.0,,,,,,,
gyro,1778672829.0,248.0,,,,0.001953,0.0,0.0,,,,,,,
gyro,1778672829.0,248.0,,,,0.0,0.0,0.001953,,,,,,,
gyro,1778672829.0,248.0,,,,0.001953,0.0,0.001953,,,,,,,
gps,1778672777.0,196.0,,,,,,,57.777508,11.913116,0.5,0.068524,8.0,2.845863724291394,49.259467693484325
gps,1778672778.0,197.0,,,,,,,57.777508,11.913115,0.3,0.048152,8.0,2.7865748966057375,49.259467693484325
gps,1778672779.0,198.0,,,,,,,57.777508,11.913115,0.1,0.053708,8.0,2.7865748966057375,49.259467693484325
gps,1778672780.0,199.0,,,,,,,57.777508,11.913115,0.1,0.057412,8.0,2.7865748966057375,49.259467693484325
gps,1778672781.0,200.0,,,,,,,57.777508,11.913113,0.0,0.664868,8.0,2.667997241517289,49.259467693484325
gps,1778672782.0,201.0,,,,,,,57.777489,11.913088,-0.1,6.844992,8.0,1.1857765517330792,47.146759147427495
gps,1778672783.0,202.0,,,,,,,57.777481,11.913035,0.1,14.54746,8.0,-1.9565313104208681,46.257197654053115
gps,1778672784.0,203.0,,,,,,,57.777458,11.912953,0.0,21.553576,8.0,-6.818215172724499,43.6997083613091
gps,1778672785.0,204.0,,,,,,,57.777416,11.912867,-0.1,27.348484,8.0,-11.917054345299317,39.0295105210936
gps,1778672786.0,205.0,,,,,,,57.777351,11.912789,0.4,32.124794,8.0,-16.54158289733176,31.80182338813409
gps,1778672787.0,206.0,,,,,,,57.777279,11.912736,1.1,34.323116,8.0,-19.68389075948571,23.79576994776467
gps,1778672788.0,207.0,,,,,,,57.77718,11.912732,1.5,34.606472,8.0,-19.921046069851183,12.78744646654939
gps,1778672789.0,208.0,,,,,,,57.7771,11.912783,1.6,36.352909,8.0,-16.89731586287997,3.8918315328055897
gps,1778672790.0,209.0,,,,,,,57.777027,11.912878,1.7,37.254829,8.0,-11.26487724198284,-4.225417093528305
gps,1778672791.0,210.0,,,,,,,57.776962,11.913013,1.6,38.738285,8.0,-3.2608855174309728,-11.45310422648782
gps,1778672792.0,211.0,,,,,,,57.776928,11.913177,2.0,38.708649,8.0,6.462482207082,-15.233740573328935
gps,1778672793.0,212.0,,,,,,,57.776928,11.913348,2.3,37.578934,8.0,16.60087172482884,-15.233740573328935
gps,1778672794.0,213.0,,,,,,,57.776962,11.913522,1.8,39.071644,8.0,26.917127725255497,-11.45310422648782
gps,1778672795.0,214.0,,,,,,,57.777012,11.913668,1.4,38.340103,8.0,35.57329655331242,-5.893344892897945
gps,1778672796.0,215.0,,,,,,,57.7771,11.913772,2.1,37.980816,8.0,41.739334622437575,3.8918315328055897
gps,1778672797.0,216.0,,,,,,,57.77718,11.91382,2.2,36.821465,8.0,44.585198346728966,12.78744646654939
gps,1778672798.0,217.0,,,,,,,57.777279,11.91381,2.3,37.699314,8.0,43.992310070909575,23.79576994776467
gps,1778672799.0,218.0,,,,,,,57.777367,11.913743,2.3,39.914303,8.0,40.01995862247647,33.5809463734682
gps,1778672800.0,219.0,,,,,,,57.777443,11.913631,2.5,39.597614,8.0,33.379609932431784,42.03178056052481
gps,1778672801.0,220.0,,,,,,,57.777489,11.913477,1.9,40.195808,8.0,24.249130483738206,47.146759147427495
gps,1778672802.0,221.0,,,,,,,57.777515,11.913291,1.5,39.217953,8.0,13.22140855221513,50.037834000894236
gps,1778672803.0,222.0,,,,,,,57.777508,11.913111,1.8,39.327221,8.0,2.549419586334552,49.259467693484325
gps,1778672804.0,223.0,,,,,,,57.777458,11.912939,1.5,39.743919,8.0,-7.648258759003657,43.6997083613091
gps,1778672805.0,224.0,,,,,,,57.777401,11.912801,1.2,39.660583,8.0,-15.830116966235341,37.361582720309315
gps,1778672806.0,225.0,,,,,,,57.777309,11.912704,1.0,37.843769,8.0,-21.581133242409496,27.131625547918592
gps,1778672807.0,226.0,,,,,,,57.777214,11.912671,1.6,40.331005,8.0,-23.537664552830364,16.568082813390504
gps,1778672808.0,227.0,,,,,,,57.777122,11.912683,1.6,37.671532,8.0,-22.826198621733944,6.338125639585135
gps,1778672809.0,228.0,,,,,,,57.777035,11.912756,0.9,39.025345,8.0,-18.49811420775263,-3.3358556001539252
gps,1778672810.0,229.0,,,,,,,57.776962,11.912874,1.1,37.895622,8.0,-11.502032552254024,-11.45310422648782
gps,1778672811.0,230.0,,,,,,,57.776928,11.913025,1.2,37.966,8.0,-2.549419586334552,-15.233740573328935
gps,1778672812.0,231.0,,,,,,,57.776905,11.913206,1.1,39.593906,8.0,8.181858207231684,-17.791229866072953
gps,1778672813.0,232.0,,,,,,,57.77692,11.913391,1.5,39.925419,8.0,19.150291311257682,-16.123302066703317
gps,1778672814.0,233.0,,,,,,,57.776962,11.913554,2.0,39.047565,8.0,28.814370208085,-11.45310422648782
gps,1778672815.0,234.0,,,,,,,57.777027,11.913691,2.1,38.549381,8.0,36.9369395878196,-4.225417093528305
gps,1778672816.0,235.0,,,,,,,57.777107,11.913775,1.6,37.86414,8.0,41.91720110521168,4.670197840215495
gps,1778672817.0,236.0,,,,,,,57.777199,11.91382,1.7,36.945545,8.0,44.585198346728966,14.900155014020866
gps,1778672818.0,237.0,,,,,,,57.777287,11.913798,0.9,38.201206,8.0,43.28084413981315,24.68533144113905
gps,1778672819.0,238.0,,,,,,,57.777378,11.913733,1.2,37.934517,8.0,39.4270703464685,34.8040934275653
gps,1778672820.0,239.0,,,,,,,57.777443,11.913615,1.0,37.558559,8.0,32.43098869096989,42.03178056052481
gps,1778672821.0,240.0,,,,,,,57.777489,11.913481,1.1,34.789818,8.0,24.486285794197972,47.146759147427495
gps,1778672822.0,241.0,,,,,,,57.777515,11.913369,1.6,24.65938,8.0,17.84593710424758,50.037834000894236
gps,1778672823.0,242.0,,,,,,,57.777515,11.9133,1.8,12.502851,8.0,13.755008000631735,50.037834000894236
gps,1778672824.0,243.0,,,,,,,57.777515,11.913275,1.3,1.826072,8.0,12.272787310847525,50.037834000894236
gps,1778672825.0,244.0,,,,,,,57.777515,11.913275,1.5,0.098156,8.0,12.272787310847525,50.037834000894236
gps,1778672826.0,245.0,,,,,,,57.777515,11.913275,1.4,0.235204,8.0,12.272787310847525,50.037834000894236
gps,1778672827.0,246.0,,,,,,,57.777515,11.913275,1.5,0.122232,8.0,12.272787310847525,50.037834000894236
gps,1778672828.0,247.0,,,,,,,57.777515,11.913273,1.3,0.020372,8.0,12.154209655759077,50.037834000894236
gps,1778672829.0,248.0,,,,,,,57.777515,11.913271,1.1,0.161124,8.0,12.035632000482051,50.037834000894236
