sensor,time,t,ax,ay,az,wx,wy,wz,lat,lon,alt,v_kmh,satellites,x,y
acc,1778672593.0,12.0,-0.074219,0.089844,-9.796875,,,,,,,,,,
acc,1778672593.0,12.0,-0.113281,0.089844,-9.835938,,,,,,,,,,
acc,1778672593.0,12.0,-0.113281,0.089844,-9.800781,,,,,,,,,,
acc,1778672593.0,12.0,-0.074219,0.050781,-9.800781,,,,,,,,,,
acc,1778672593.0,12.0,-0.074219,0.128906,-9.796875,,,,,,,,,,
acc,1778672593.0,12.0,-0.113281,0.089844,-9.800781,,,,,,,,,,
acc,1778672593.0,12.0,-0.113281,0.089844,-9.835938,,,,,,,,,,
acc,1778672593.0,12.0,-0.074219,0.089844,-9.796875,,,,,,,,,,
acc,1778672593.0,12.0,-0.113281,0.050781,-9.796875,,,,,,,,,,
acc,1778672593.0,12.0,-0.113281,0.089844,-9.800781,,,,,,,,,,
acc,1778672593.0,12.0,-0.074219,0.089844,-9.796875,,,,,,,,,,
acc,1778672593.0,12.0,-0.113281,0.089844,-9.757812,,,,,,,,,,
acc,1778672593.0,12.0,-0.113281,0.089844,-9.800781,,,,,,,,,,
acc,1778672593.0,12.0,-0.113281,0.050781,-9.796875,,,,,,,,,,
acc,1778672593.0,12.0,-0.113281,0.089844,-9.800781,,,,,,,,,,
acc,1778672593.0,12.0,-0.113281,0.089844,-9.800781,,,,,,,,,,
acc,1778672593.0,12.0,-0.152344,0.089844,-9.800781,,,,,,,,,,
acc,1778672593.0,12.0,-0.113281,0.050781,-9.796875,,,,,,,,,,
acc,1778672593.0,12.0,-0.074219,0.050781,-9.800781,,,,,,,,,,
acc,1778672593.0,12.0,-0.113281,0.089844,-9.800781,,,,,,,,,,
acc,1778672593.0,12.0,-0.113281,0.089844,-9.800781,,,,,,,,,,
acc,1778672593.0,12.0,-0.113281,0.089844,-9.800781,,,,,,,,,,
acc,1778672593.0,12.0,-0.113281,0.089844,-9.835938,,,,,,,,,,
acc,1778672593.0,12.0,-0.113281,0.089844,-9.757812,,,,,,,,,,
acc,1778672593.0,12.0,-0.113281,0.089844,-9.757812,,,,,,,,,,
acc,1778672593.0,12.0,-0.113281,0.089844,-9.800781,,,,,,,,,,
acc,1778672593.0,12.0,-0.074219,0.089844,-9.839844,,,,,,,,,,
acc,1778672593.0,12.0,-0.113281,0.050781,-9.839844,,,,,,,,,,
acc,1778672593.0,12.0,-0.074219,0.089844,-9.839844,,,,,,,,,,
acc,1778672593.0,12.0,-0.113281,0.089844,-9.800781,,,,,,,,,,
acc,1778672593.0,12.0,-0.113281,0.089844,-9.800781,,,,,,,,,,
acc,1778672593.0,12.0,-0.113281,0.089844,-9.800781,,,,,,,,,,
acc,1778672593.0,12.0,-0.113281,0.089844,-9.835938,,,,,,,,,,
acc,1778672593.0,12.0,-0.074219,0.089844,-9.796875,,,,,,,,,,
acc,1778672593.0,12.0,-0.113281,0.089844,-9.757812,,,,,,,,,,
acc,1778672593.0,12.0,-0.113281,0.089844,-9.800781,,,,,,,,,,
acc,1778672593.0,12.0,-0.035156,0.089844,-9.800781,,,,,,,,,,
acc,1778672593.0,12.0,-0.074219,0.089844,-9.796875,,,,,,,,,,
acc,1778672593.0,12.0,-0.074219,0.089844,-9.839844,,,,,,,,,,
acc,1778672593.0,12.0,-0.074219,0.128906,-9.839844,,,,,,,,,,
acc,1778672593.0,12.0,-0.113281,0.089844,-9.800781,,,,,,,,,,
acc,1778672593.0,12.0,-0.113281,0.089844,-9.800781,,,,,,,,,,
acc,1778672593.0,12.0,-0.074219,0.089844,-9.796875,,,,,,,,,,
acc,1778672593.0,12.0,-0.074219,0.089844,-9.761719,,,,,,,,,,
acc,1778672593.0,12.0,-0.074219,0.050781,-9.800781,,,,,,,,,,
acc,1778672593.0,12.0,-0.074219,0.089844,-9.839844,,,,,,,,,,
acc,1778672593.0,12.0,-0.074219,0.089844,-9.796875,,,,,,,,,,
acc,1778672593.0,12.0,-0.113281,0.050781,-9.796875,,,,,,,,,,
acc,1778672593.0,12.0,-0.113281,0.089844,-9.800781,,,,,,,,,,
acc,1778672593.0,12.0,-0.113281,0.089844,-9.757812,,,,,,,,,,
acc,1778672593.0,12.0,-0.113281,0.089844,-9.800781,,,,,,,,,,
acc,1778672593.0,12.0,-0.074219,0.089844,-9.796875,,,,,,,,,,
acc,1778672593.0,12.0,-0.113281,0.089844,-9.800781,,,,,,,,,,
acc,1778672593.0,12.0,-0.074219,0.050781,-9.800781,,,,,,,,,,
acc,1778672593.0,12.0,-0.074219,0.050781,-9.800781,,,,,,,,,,
acc,1778672593.0,12.0,-0.074219,0.050781,-9.800781,,,,,,,,,,
acc,1778672593.0,12.0,-0.113281,0.089844,-9.800781,,,,,,,,,,
acc,1778672593.0,12.0,-0.113281,0.089844,-9.800781,,,,,,,,,,
acc,1778672593.0,12.0,-0.113281,0.089844,-9.835938,,,,,,,,,,
acc,1778672593.0,12.0,-0.113281,0.089844,-9.835938,,,,,,,,,,
acc,1778672593.0,12.0,-0.113281,0.089844,-9.800781,,,,,,,,,,
acc,1778672593.0,12.0,-0.113281,0.089844,-9.800781,,,,,,,,,,
acc,1778672593.0,12.0,-0.113281,0.089844,-9.800781,,,,,,,,,,
acc,1778672593.0,12.0,-0.113281,0.050781,-9.839844,,,,,,,,,,
acc,1778672593.0,12.0,-0.074219,0.089844,-9.796875,,,,,,,,,,
acc,1778672593.0,12.0,-0.113281,0.050781,-9.796875,,,,,,,,,,
acc,1778672593.0,12.0,-0.074219,0.050781,-9.800781,,,,,,,,,,
acc,1778672593.0,12.0,-0.113281,0.089844,-9.800781,,,,,,,,,,
acc,1778672593.0,12.0,-0.113281,0.089844,-9.800781,,,,,,,,,,
acc,1778672593.0,12.0,-0.113281,0.089844,-9.800781,,,,,,,,,,
acc,1778672593.0,12.0,-0.113281,0.089844,-9.800781,,,,,,,,,,
acc,1778672593.0,12.0,-0.152344,0.089844,-9.835938,,,,,,,,,,
acc,1778672593.0,12.0,-0.113281,0.089844,-9.800781,,,,,,,,,,
acc,1778672593.0,12.0,-0.113281,0.089844,-9.800781,,,,,,,,,,
acc,1778672593.0,12.0,-0.074219,0.050781,-9.800781,,,,,,,,,,
acc,1778672593.0,12.0,-0.113281,0.089844,-9.835938,,,,,,,,,,
acc,1778672593.0,12.0,-0.074219,0.089844,-9.796875,,,,,,,,,,
acc,1778672593.0,12.0,-0.113281,0.089844,-9.800781,,,,,,,,,,
acc,1778672593.0,12.0,-0.113281,0.050781,-9.796875,,,,,,,,,,
acc,1778672593.0,12.0,-0.113281,0.089844,-9.757812,,,,,,,,,,
acc,1778672593.0,12.0,-0.113281,0.089844,-9.800781,,,,,,,,,,
acc,1778672593.0,12.0,-0.113281,0.089844,-9.800781,,,,,,,,,,
acc,1778672593.0,12.0,-0.113281,0.050781,-9.796875,,,,,,,,,,
acc,1778672593.0,12.0,-0.074219,0.050781,-9.835938,,,,,,,,,,
acc,1778672593.0,12.0,-0.074219,0.089844,-9.796875,,,,,,,,,,
acc,1778672593.0,12.0,-0.074219,0.089844,-9.796875,,,,,,,,,,
acc,1778672593.0,12.0,-0.074219,0.089844,-9.796875,,,,,,,,,,
acc,1778672593.0,12.0,-0.074219,0.089844,-9.796875,,,,,,,,,,
acc,1778672593.0,12.0,-0.074219,0.089844,-9.796875,,,,,,,,,,
acc,1778672593.0,12.0,-0.074219,0.128906,-9.761719,,,,,,,,,,
acc,1778672593.0,12.0,-0.113281,0.128906,-9.835938,,,,,,,,,,
acc,1778672593.0,12.0,-0.074219,0.089844,-9.796875,,,,,,,,,,
acc,1778672593.0,12.0,-0.074219,0.089844,-9.796875,,,,,,,,,,
acc,1778672593.0,12.0,-0.074219,0.089844,-9.796875,,,,,,,,,,
acc,1778672593.0,12.0,-0.074219,0.089844,-9.761719,,,,,,,,,,
acc,1778672593.0,12.0,-0.074219,0.089844,-9.796875,,,,,,,,,,
acc,1778672593.0,12.0,-0.074219,0.128906,-9.796875,,,,,,,,,,
acc,1778672593.0,12.0,-0.113281,0.128906,-9.800781,,,,,,,,,,
acc,1778672593.0,12.0,-0.113281,0.089844,-9.800781,,,,,,,,,,
acc,1778672593.0,12.0,-0.113281,0.128906,-9.757812,,,,,,,,,,
acc,1778672593.0,12.0,-0.113281,0.128906,-9.800781,,,,,,,,,,
acc,1778672593.0,12.0,-0.113281,0.128906,-9.800781,,,,,,,,,,
acc,1778672593.0,12.0,-0.074219,0.089844,-9.839844,,,,,,,,,,
acc,1778672593.0,12.0,-0.074219,0.089844,-9.796875,,,,,,,,,,
acc,1778672593.0,12.0,-0.113281,0.089844,-9.800781,,,,,,,,,,
acc,1778672593.0,12.0,-0.113281,0.089844,-9.835938,,,,,,,,,,
acc,1778672593.0,12.0,-0.113281,0.089844,-9.800781,,,,,,,,,,
acc,1778672593.0,12.0,-0.152344,0.089844,-9.757812,,,,,,,,,,
acc,1778672593.0,12.0,-0.113281,0.089844,-9.800781,,,,,,,,,,
acc,1778672593.0,12.0,-0.113281,0.089844,-9.800781,,,,,,,,,,
acc,1778672593.0,12.0,-0.113281,0.050781,-9.796875,,,,,,,,,,
acc,1778672593.0,12.0,-0.113281,0.050781,-9.839844,,,,,,,,,,
acc,1778672593.0,12.0,-0.113281,0.089844,-9.800781,,,,,,,,,,
acc,1778672593.0,12.0,-0.113281,0.089844,-9.800781,,,,,,,,,,
acc,1778672593.0,12.0,-0.113281,0.089844,-9.835938,,,,,,,,,,
acc,1778672593.0,12.0,-0.113281,0.089844,-9.800781,,,,,,,,,,
acc,1778672593.0,12.0,-0.113281,0.089844,-9.800781,,,,,,,,,,
acc,1778672593.0,12.0,-0.113281,0.050781,-9.796875,,,,,,,,,,
acc,1778672593.0,12.0,-0.113281,0.089844,-9.757812,,,,,,,,,,
acc,1778672593.0,12.0,-0.152344,0.089844,-9.757812,,,,,,,,,,
acc,1778672593.0,12.0,-0.113281,0.050781,-9.796875,,,,,,,,,,
acc,1778672593.0,12.0,-0.113281,0.089844,-9.835938,,,,,,,,,,
acc,1778672593.0,12.0,-0.113281,0.050781,-9.839844,,,,,,,,,,
acc,1778672593.0,12.0,-0.113281,0.089844,-9.800781,,,,,,,,,,
acc,1778672593.0,12.0,-0.074219,0.089844,-9.839844,,,,,,,,,,
acc,1778672593.0,12.0,-0.113281,0.050781,-9.839844,,,,,,,,,,
acc,1778672593.0,12.0,-0.074219,0.050781,-9.835938,,,,,,,,,,
acc,1778672593.0,12.0,-0.074219,0.050781,-9.835938,,,,,,,,,,
acc,1778672594.0,13.0,-0.074219,0.050781,-9.835938,,,,,,,,,,
acc,1778672594.0,13.0,-0.113281,0.089844,-9.800781,,,,,,,,,,
acc,1778672594.0,13.0,-0.074219,0.050781,-9.800781,,,,,,,,,,
acc,1778672594.0,13.0,-0.074219,0.011719,-9.796875,,,,,,,,,,
acc,1778672594.0,13.0,-0.074219,0.050781,-9.800781,,,,,,,,,,
acc,1778672594.0,13.0,-0.074219,0.050781,-9.800781,,,,,,,,,,
acc,1778672594.0,13.0,-0.074219,0.089844,-9.796875,,,,,,,,,,
acc,1778672594.0,13.0,-0.074219,0.089844,-9.796875,,,,,,,,,,
acc,1778672594.0,13.0,-0.074219,0.089844,-9.761719,,,,,,,,,,
acc,1778672594.0,13.0,-0.074219,0.089844,-9.761719,,,,,,,,,,
acc,1778672594.0,13.0,-0.113281,0.089844,-9.800781,,,,,,,,,,
acc,1778672594.0,13.0,-0.074219,0.089844,-9.796875,,,,,,,,,,
acc,1778672594.0,13.0,-0.074219,0.050781,-9.757812,,,,,,,,,,
acc,1778672594.0,13.0,-0.035156,0.089844,-9.800781,,,,,,,,,,
acc,1778672594.0,13.0,-0.074219,0.089844,-9.796875,,,,,,,,,,
acc,1778672594.0,13.0,-0.074219,0.089844,-9.796875,,,,,,,,,,
acc,1778672594.0,13.0,-0.113281,0.089844,-9.835938,,,,,,,,,,
acc,1778672594.0,13.0,-0.113281,0.128906,-9.800781,,,,,,,,,,
acc,1778672594.0,13.0,-0.113281,0.128906,-9.800781,,,,,,,,,,
acc,1778672594.0,13.0,-0.113281,0.128906,-9.835938,,,,,,,,,,
acc,1778672594.0,13.0,-0.113281,0.089844,-9.800781,,,,,,,,,,
acc,1778672594.0,13.0,-0.074219,0.089844,-9.796875,,,,,,,,,,
acc,1778672594.0,13.0,-0.074219,0.050781,-9.800781,,,,,,,,,,
acc,1778672594.0,13.0,-0.113281,0.050781,-9.839844,,,,,,,,,,
acc,1778672594.0,13.0,-0.113281,0.050781,-9.796875,,,,,,,,,,
acc,1778672594.0,13.0,-0.113281,0.050781,-9.839844,,,,,,,,,,
acc,1778672594.0,13.0,-0.113281,0.050781,-9.796875,,,,,,,,,,
acc,1778672594.0,13.0,-0.152344,0.089844,-9.800781,,,,,,,,,,
acc,1778672594.0,13.0,-0.113281,0.089844,-9.800781,,,,,,,,,,
acc,1778672594.0,13.0,-0.113281,0.089844,-9.800781,,,,,,,,,,
acc,1778672594.0,13.0,-0.113281,0.050781,-9.796875,,,,,,,,,,
acc,1778672594.0,13.0,-0.113281,0.089844,-9.800781,,,,,,,,,,
acc,1778672594.0,13.0,-0.113281,0.089844,-9.835938,,,,,,,,,,
acc,1778672594.0,13.0,-0.113281,0.089844,-9.835938,,,,,,,,,,
acc,1778672594.0,13.0,-0.113281,0.089844,-9.800781,,,,,,,,,,
acc,1778672594.0,13.0,-0.113281,0.089844,-9.800781,,,,,,,,,,
acc,1778672594.0,13.0,-0.113281,0.089844,-9.800781,,,,,,,,,,
acc,1778672594.0,13.0,-0.113281,0.128906,-9.800781,,,,,,,,,,
acc,1778672594.0,13.0,-0.152344,0.128906,-9.835938,,,,,,,,,,
acc,1778672594.0,13.0,-0.113281,0.128906,-9.800781,,,,,,,,,,
acc,1778672594.0,13.0,-0.113281,0.089844,-9.800781,,,,,,,,,,
acc,1778672594.0,13.0,-0.113281,0.128906,-9.800781,,,,,,,,,,
acc,1778672594.0,13.0,-0.074219,0.089844,-9.796875,,,,,,,,,,
acc,1778672594.0,13.0,-0.074219,0.089844,-9.839844,,,,,,,,,,
acc,1778672594.0,13.0,-0.113281,0.089844,-9.800781,,,,,,,,,,
acc,1778672594.0,13.0,-0.113281,0.089844,-9.835938,,,,,,,,,,
acc,1778672594.0,13.0,-0.113281,0.089844,-9.800781,,,,,,,,,,
acc,1778672594.0,13.0,-0.113281,0.089844,-9.757812,,,,,,,,,,
acc,1778672594.0,13.0,-0.074219,0.089844,-9.761719,,,,,,,,,,
acc,1778672594.0,13.0,-0.113281,0.089844,-9.757812,,,,,,,,,,
acc,1778672594.0,13.0,-0.074219,0.089844,-9.761719,,,,,,,,,,
acc,1778672594.0,13.0,-0.074219,0.089844,-9.839844,,,,,,,,,,
acc,1778672594.0,13.0,-0.035156,0.050781,-9.796875,,,,,,,,,,
acc,1778672594.0,13.0,-0.074219,0.089844,-9.796875,,,,,,,,,,
acc,1778672594.0,13.0,-0.074219,0.089844,-9.796875,,,,,,,,,,
acc,1778672594.0,13.0,-0.074219,0.089844,-9.796875,,,,,,,,,,
acc,1778672594.0,13.0,-0.074219,0.089844,-9.761719,,,,,,,,,,
acc,1778672594.0,13.0,-0.074219,0.089844,-9.796875,,,,,,,,,,
acc,1778672594.0,13.0,-0.074219,0.089844,-9.796875,,,,,,,,,,
acc,1778672594.0,13.0,-0.113281,0.089844,-9.800781,,,,,,,,,,
acc,1778672594.0,13.0,-0.074219,0.050781,-9.757812,,,,,,,,,,
acc,1778672594.0,13.0,-0.074219,0.050781,-9.800781,,,,,,,,,,
acc,1778672594.0,13.0,-0.074219,0.050781,-9.800781,,,,,,,,,,
acc,1778672594.0,13.0,-0.074219,0.089844,-9.796875,,,,,,,,,,
acc,1778672594.0,13.0,-0.074219,0.089844,-9.839844,,,,,,,,,,
acc,1778672594.0,13.0,-0.113281,0.128906,-9.800781,,,,,,,,,,
acc,1778672594.0,13.0,-0.113281,0.089844,-9.835938,,,,,,,,,,
acc,1778672594.0,13.0,-0.113281,0.089844,-9.800781,,,,,,,,,,
acc,1778672594.0,13.0,-0.113281,0.089844,-9.835938,,,,,,,,,,
acc,1778672594.0,13.0,-0.113281,0.089844,-9.835938,,,,,,,,,,
acc,1778672594.0,13.0,-0.074219,0.089844,-9.839844,,,,,,,,,,
acc,1778672594.0,13.0,-0.074219,0.050781,-9.835938,,,,,,,,,,
acc,1778672594.0,13.0,-0.113281,0.089844,-9.835938,,,,,,,,,,
acc,1778672594.0,13.0,-0.113281,0.050781,-9.796875,,,,,,,,,,
acc,1778672594.0,13.0,-0.113281,0.089844,-9.835938,,,,,,,,,,
acc,1778672594.0,13.0,-0.113281,0.089844,-9.800781,,,,,,,,,,
acc,1778672594.0,13.0,-0.074219,0.050781,-9.835938,,,,,,,,,,
acc,1778672594.0,13.0,-0.113281,0.089844,-9.800781,,,,,,,,,,
acc,1778672594.0,13.0,-0.113281,0.089844,-9.835938,,,,,,,,,,
acc,1778672594.0,13.0,-0.074219,0.089844,-9.796875,,,,,,,,,,
acc,1778672594.0,13.0,-0.074219,0.089844,-9.761719,,,,,,,,,,
acc,1778672594.0,13.0,-0.074219,0.050781,-9.835938,,,,,,,,,,
acc,1778672594.0,13.0,-0.113281,0.089844,-9.800781,,,,,,,,,,
acc,1778672594.0,13.0,-0.074219,0.089844,-9.839844,,,,,,,,,,
acc,1778672594.0,13.0,-0.113281,0.128906,-9.757812,,,,,,,,,,
acc,1778672594.0,13.0,-0.113281,0.089844,-9.835938,,,,,,,,,,
acc,1778672594.0,13.0,-0.113281,0.128906,-9.800781,,,,,,,,,,
acc,1778672594.0,13.0,-0.113281,0.089844,-9.800781,,,,,,,,,,
acc,1778672594.0,13.0,-0.113281,0.128906,-9.800781,,,,,,,,,,
acc,1778672594.0,13.0,-0.074219,0.050781,-9.800781,,,,,,,,,,
acc,1778672594.0,13.0,-0.113281,0.089844,-9.835938,,,,,,,,,,
acc,1778672594.0,13.0,-0.113281,0.050781,-9.796875,,,,,,,,,,
acc,1778672594.0,13.0,-0.113281,0.089844,-9.835938,,,,,,,,,,
acc,1778672594.0,13.0,-0.074219,0.050781,-9.800781,,,,,,,,,,
acc,1778672594.0,13.0,-0.113281,0.089844,-9.800781,,,,,,,,,,
acc,1778672594.0,13.0,-0.113281,0.050781,-9.761719,,,,,,,,,,
acc,1778672594.0,13.0,-0.113281,0.089844,-9.800781,,,,,,,,,,
acc,1778672594.0,13.0,-0.113281,0.050781,-9.796875,,,,,,,,,,
acc,1778672594.0,13.0,-0.113281,0.050781,-9.796875,,,,,,,,,,
acc,1778672594.0,13.0,-0.074219,0.050781,-9.800781,,,,,,,,,,
acc,1778672594.0,13.0,-0.074219,0.050781,-9.757812,,,,,,,,,,
acc,1778672594.0,13.0,-0.113281,0.050781,-9.796875,,,,,,,,,,
acc,1778672594.0,13.0,-0.113281,0.089844,-9.757812,,,,,,,,,,
acc,1778672594.0,13.0,-0.113281,0.089844,-9.800781,,,,,,,,,,
acc,1778672594.0,13.0,-0.152344,0.089844,-9.800781,,,,,,,,,,
acc,1778672594.0,13.0,-0.113281,0.089844,-9.800781,,,,,,,,,,
acc,1778672594.0,13.0,-0.113281,0.089844,-9.835938,,,,,,,,,,
acc,1778672594.0,13.0,-0.113281,0.089844,-9.800781,,,,,,,,,,
acc,1778672594.0,13.0,-0.113281,0.089844,-9.800781,,,,,,,,,,
acc,1778672594.0,13.0,-0.074219,0.089844,-9.796875,,,,,,,,,,
acc,1778672594.0,13.0,-0.113281,0.050781,-9.796875,,,,,,,,,,
acc,1778672594.0,13.0,-0.113281,0.089844,-9.800781,,,,,,,,,,
acc,1778672594.0,13.0,-0.113281,0.089844,-9.800781,,,,,,,,,,
acc,1778672594.0,13.0,-0.113281,0.089844,-9.757812,,,,,,,,,,
acc,1778672594.0,13.0,-0.113281,0.089844,-9.800781,,,,,,,,,,
acc,1778672594.0,13.0,-0.113281,0.089844,-9.835938,,,,,,,,,,
acc,1778672594.0,13.0,-0.113281,0.089844,-9.800781,,,,,,,,,,
acc,1778672594.0,13.0,-0.074219,0.089844,-9.796875,,,,,,,,,,
acc,1778672594.0,13.0,-0.113281,0.050781,-9.796875,,,,,,,,,,
acc,1778672594.0,13.0,-0.074219,0.089844,-9.761719,,,,,,,,,,
acc,1778672594.0,13.0,-0.074219,0.089844,-9.796875,,,,,,,,,,
acc,1778672594.0,13.0,-0.074219,0.089844,-9.796875,,,,,,,,,,
acc,1778672594.0,13.0,-0.113281,0.128906,-9.835938,,,,,,,,,,
acc,1778672594.0,13.0,-0.113281,0.128906,-9.800781,,,,,,,,,,
acc,1778672594.0,13.0,-0.113281,0.128906,-9.800781,,,,,,,,,,
acc,1778672594.0,13.0,-0.152344,0.128906,-9.800781,,,,,,,,,,
acc,1778672594.0,13.0,-0.113281,0.089844,-9.800781,,,,,,,,,,
acc,1778672594.0,13.0,-0.074219,0.089844,-9.796875,,,,,,,,,,
acc,1778672595.0,14.0,-0.074219,0.089844,-9.796875,,,,,,,,,,
acc,1778672595.0,14.0,-0.074219,0.089844,-9.761719,,,,,,,,,,
acc,1778672595.0,14.0,-0.074219,0.128906,-9.796875,,,,,,,,,,
acc,1778672595.0,14.0,-0.074219,0.089844,-9.796875,,,,,,,,,,
acc,1778672595.0,14.0,-0.074219,0.089844,-9.796875,,,,,,,,,,
acc,1778672595.0,14.0,-0.074219,0.089844,-9.761719,,,,,,,,,,
acc,1778672595.0,14.0,-0.113281,0.089844,-9.800781,,,,,,,,,,
acc,1778672595.0,14.0,-0.074219,0.089844,-9.796875,,,,,,,,,,
acc,1778672595.0,14.0,-0.074219,0.089844,-9.796875,,,,,,,,,,
acc,1778672595.0,14.0,-0.074219,0.089844,-9.796875,,,,,,,,,,
acc,1778672595.0,14.0,-0.074219,0.050781,-9.800781,,,,,,,,,,
acc,1778672595.0,14.0,-0.074219,0.089844,-9.796875,,,,,,,,,,
acc,1778672595.0,14.0,-0.074219,0.089844,-9.839844,,,,,,,,,,
acc,1778672595.0,14.0,-0.113281,0.089844,-9.800781,,,,,,,,,,
acc,1778672595.0,14.0,-0.113281,0.089844,-9.800781,,,,,,,,,,
acc,1778672595.0,14.0,-0.113281,0.089844,-9.800781,,,,,,,,,,
acc,1778672595.0,14.0,-0.113281,0.089844,-9.800781,,,,,,,,,,
acc,1778672595.0,14.0,-0.113281,0.089844,-9.800781,,,,,,,,,,
acc,1778672595.0,14.0,-0.113281,0.089844,-9.800781,,,,,,,,,,
acc,1778672595.0,14.0,-0.113281,0.050781,-9.839844,,,,,,,,,,
acc,1778672595.0,14.0,-0.113281,0.050781,-9.796875,,,,,,,,,,
acc,1778672595.0,14.0,-0.113281,0.050781,-9.796875,,,,,,,,,,
acc,1778672595.0,14.0,-0.113281,0.089844,-9.800781,,,,,,,,,,
acc,1778672595.0,14.0,-0.113281,0.050781,-9.796875,,,,,,,,,,
acc,1778672595.0,14.0,-0.152344,0.089844,-9.835938,,,,,,,,,,
acc,1778672595.0,14.0,-0.152344,0.050781,-9.796875,,,,,,,,,,
acc,1778672595.0,14.0,-0.113281,0.050781,-9.839844,,,,,,,,,,
acc,1778672595.0,14.0,-0.113281,0.089844,-9.800781,,,,,,,,,,
acc,1778672595.0,14.0,-0.113281,0.050781,-9.796875,,,,,,,,,,
acc,1778672595.0,14.0,-0.113281,0.050781,-9.796875,,,,,,,,,,
acc,1778672595.0,14.0,-0.074219,0.050781,-9.800781,,,,,,,,,,
acc,1778672595.0,14.0,-0.074219,0.089844,-9.796875,,,,,,,,,,
acc,1778672595.0,14.0,-0.113281,0.089844,-9.835938,,,,,,,,,,
acc,1778672595.0,14.0,-0.113281,0.089844,-9.800781,,,,,,,,,,
acc,1778672595.0,14.0,-0.113281,0.089844,-9.800781,,,,,,,,,,
acc,1778672595.0,14.0,-0.113281,0.089844,-9.800781,,,,,,,,,,
acc,1778672595.0,14.0,-0.074219,0.089844,-9.796875,,,,,,,,,,
acc,1778672595.0,14.0,-0.113281,0.089844,-9.800781,,,,,,,,,,
acc,1778672595.0,14.0,-0.113281,0.089844,-9.835938,,,,,,,,,,
acc,1778672595.0,14.0,-0.074219,0.089844,-9.839844,,,,,,,,,,
acc,1778672595.0,14.0,-0.074219,0.089844,-9.796875,,,,,,,,,,
acc,1778672595.0,14.0,-0.074219,0.089844,-9.796875,,,,,,,,,,
acc,1778672595.0,14.0,-0.074219,0.128906,-9.839844,,,,,,,,,,
acc,1778672595.0,14.0,-0.074219,0.089844,-9.796875,,,,,,,,,,
acc,1778672595.0,14.0,-0.113281,0.128906,-9.800781,,,,,,,,,,
acc,1778672595.0,14.0,-0.074219,0.089844,-9.796875,,,,,,,,,,
acc,1778672595.0,14.0,-0.074219,0.089844,-9.796875,,,,,,,,,,
acc,1778672595.0,14.0,-0.074219,0.089844,-9.796875,,,,,,,,,,
acc,1778672595.0,14.0,-0.074219,0.089844,-9.796875,,,,,,,,,,
acc,1778672595.0,14.0,-0.074219,0.089844,-9.796875,,,,,,,,,,
acc,1778672595.0,14.0,-0.074219,0.089844,-9.796875,,,,,,,,,,
acc,1778672595.0,14.0,-0.074219,0.089844,-9.796875,,,,,,,,,,
acc,1778672595.0,14.0,-0.074219,0.089844,-9.796875,,,,,,,,,,
acc,1778672595.0,14.0,-0.113281,0.089844,-9.800781,,,,,,,,,,
acc,1778672595.0,14.0,-0.113281,0.089844,-9.800781,,,,,,,,,,
acc,1778672595.0,14.0,-0.113281,0.089844,-9.800781,,,,,,,,,,
acc,1778672595.0,14.0,-0.113281,0.089844,-9.800781,,,,,,,,,,
acc,1778672595.0,14.0,-0.113281,0.089844,-9.800781,,,,,,,,,,
acc,1778672595.0,14.0,-0.074219,0.089844,-9.796875,,,,,,,,,,
acc,1778672595.0,14.0,-0.074219,0.089844,-9.796875,,,,,,,,,,
acc,1778672595.0,14.0,-0.113281,0.089844,-9.800781,,,,,,,,,,
acc,1778672595.0,14.0,-0.113281,0.089844,-9.800781,,,,,,,,,,
acc,1778672595.0,14.0,-0.113281,0.089844,-9.757812,,,,,,,,,,
acc,1778672595.0,14.0,-0.113281,0.089844,-9.800781,,,,,,,,,,
acc,1778672595.0,14.0,-0.113281,0.089844,-9.800781,,,,,,,,,,
acc,1778672595.0,14.0,-0.152344,0.089844,-9.800781,,,,,,,,,,
acc,1778672595.0,14.0,-0.113281,0.089844,-9.835938,,,,,,,,,,
acc,1778672595.0,14.0,-0.074219,0.050781,-9.800781,,,,,,,,,,
acc,1778672595.0,14.0,-0.113281,0.050781,-9.796875,,,,,,,,,,
acc,1778672595.0,14.0,-0.113281,0.050781,-9.796875,,,,,,,,,,
acc,1778672595.0,14.0,-0.113281,0.089844,-9.800781,,,,,,,,,,
acc,1778672595.0,14.0,-0.113281,0.089844,-9.835938,,,,,,,,,,
acc,1778672595.0,14.0,-0.113281,0.089844,-9.800781,,,,,,,,,,
acc,1778672595.0,14.0,-0.152344,0.050781,-9.839844,,,,,,,,,,
acc,1778672595.0,14.0,-0.113281,0.089844,-9.800781,,,,,,,,,,
acc,1778672595.0,14.0,-0.113281,0.089844,-9.800781,,,,,,,,,,
acc,1778672595.0,14.0,-0.113281,0.089844,-9.800781,,,,,,,,,,
acc,1778672595.0,14.0,-0.074219,0.050781,-9.835938,,,,,,,,,,
acc,1778672595.0,14.0,-0.074219,0.089844,-9.839844,,,,,,,,,,
acc,1778672595.0,14.0,-0.074219,0.089844,-9.796875,,,,,,,,,,
acc,1778672595.0,14.0,-0.113281,0.089844,-9.757812,,,,,,,,,,
acc,1778672595.0,14.0,-0.113281,0.089844,-9.800781,,,,,,,,,,
acc,1778672595.0,14.0,-0.113281,0.089844,-9.800781,,,,,,,,,,
acc,1778672595.0,14.0,-0.113281,0.089844,-9.835938,,,,,,,,,,
acc,1778672595.0,14.0,-0.074219,0.089844,-9.796875,,,,,,,,,,
acc,1778672595.0,14.0,-0.113281,0.089844,-9.757812,,,,,,,,,,
acc,1778672595.0,14.0,-0.074219,0.089844,-9.761719,,,,,,,,,,
acc,1778672595.0,14.0,-0.113281,0.089844,-9.757812,,,,,,,,,,
acc,1778672595.0,14.0,-0.074219,0.089844,-9.796875,,,,,,,,,,
acc,1778672595.0,14.0,-0.074219,0.089844,-9.796875,,,,,,,,,,
acc,1778672595.0,14.0,-0.074219,0.089844,-9.796875,,,,,,,,,,
acc,1778672595.0,14.0,-0.074219,0.089844,-9.796875,,,,,,,,,,
acc,1778672595.0,14.0,-0.074219,0.089844,-9.761719,,,,,,,,,,
acc,1778672595.0,14.0,-0.113281,0.089844,-9.800781,,,,,,,,,,
acc,1778672595.0,14.0,-0.074219,0.089844,-9.796875,,,,,,,,,,
acc,1778672595.0,14.0,-0.074219,0.089844,-9.761719,,,,,,,,,,
acc,1778672595.0,14.0,-0.074219,0.089844,-9.796875,,,,,,,,,,
acc,1778672595.0,14.0,-0.074219,0.089844,-9.796875,,,,,,,,,,
acc,1778672595.0,14.0,-0.113281,0.089844,-9.835938,,,,,,,,,,
acc,1778672595.0,14.0,-0.074219,0.089844,-9.796875,,,,,,,,,,
acc,1778672595.0,14.0,-0.074219,0.089844,-9.796875,,,,,,,,,,
acc,1778672595.0,14.0,-0.113281,0.089844,-9.757812,,,,,,,,,,
acc,1778672595.0,14.0,-0.113281,0.089844,-9.835938,,,,,,,,,,
acc,1778672595.0,14.0,-0.113281,0.089844,-9.800781,,,,,,,,,,
acc,1778672595.0,14.0,-0.113281,0.089844,-9.800781,,,,,,,,,,
acc,1778672595.0,14.0,-0.113281,0.089844,-9.800781,,,,,,,,,,
acc,1778672595.0,14.0,-0.113281,0.089844,-9.800781,,,,,,,,,,
acc,1778672595.0,14.0,-0.113281,0.089844,-9.800781,,,,,,,,,,
acc,1778672595.0,14.0,-0.113281,0.089844,-9.800781,,,,,,,,,,
acc,1778672595.0,14.0,-0.113281,0.089844,-9.835938,,,,,,,,,,
acc,1778672595.0,14.0,-0.152344,0.089844,-9.800781,,,,,,,,,,
acc,1778672595.0,14.0,-0.113281,0.089844,-9.800781,,,,,,,,,,
acc,1778672595.0,14.0,-0.113281,0.089844,-9.800781,,,,,,,,,,
acc,1778672595.0,14.0,-0.152344,0.089844,-9.800781,,,,,,,,,,
acc,1778672595.0,14.0,-0.152344,0.089844,-9.800781,,,,,,,,,,
acc,1778672595.0,14.0,-0.152344,0.050781,-9.796875,,,,,,,,,,
acc,1778672595.0,14.0,-0.152344,0.089844,-9.835938,,,,,,,,,,
acc,1778672595.0,14.0,-0.152344,0.050781,-9.796875,,,,,,,,,,
acc,1778672595.0,14.0,-0.152344,0.089844,-9.800781,,,,,,,,,,
acc,1778672595.0,14.0,-0.152344,0.050781,-9.796875,,,,,,,,,,
acc,1778672595.0,14.0,-0.152344,0.089844,-9.800781,,,,,,,,,,
acc,1778672595.0,14.0,-0.191406,0.089844,-9.796875,,,,,,,,,,
acc,1778672595.0,14.0,-0.191406,0.089844,-9.796875,,,,,,,,,,
acc,1778672595.0,14.0,-0.191406,0.089844,-9.761719,,,,,,,,,,
acc,1778672595.0,14.0,-0.191406,0.089844,-9.761719,,,,,,,,,,
acc,1778672595.0,14.0,-0.191406,0.089844,-9.796875,,,,,,,,,,
acc,1778672595.0,14.0,-0.226562,0.089844,-9.757812,,,,,,,,,,
acc,1778672595.0,14.0,-0.226562,0.089844,-9.800781,,,,,,,,,,
acc,1778672595.0,14.0,-0.226562,0.089844,-9.757812,,,,,,,,,,
acc,1778672596.0,15.0,-0.226562,0.089844,-9.757812,,,,,,,,,,
acc,1778672596.0,15.0,-0.265625,0.089844,-9.761719,,,,,,,,,,
acc,1778672596.0,15.0,-0.265625,0.128906,-9.761719,,,,,,,,,,
acc,1778672596.0,15.0,-0.265625,0.128906,-9.761719,,,,,,,,,,
acc,1778672596.0,15.0,-0.265625,0.089844,-9.761719,,,,,,,,,,
acc,1778672596.0,15.0,-0.265625,0.128906,-9.796875,,,,,,,,,,
acc,1778672596.0,15.0,-0.265625,0.128906,-9.796875,,,,,,,,,,
acc,1778672596.0,15.0,-0.265625,0.089844,-9.796875,,,,,,,,,,
acc,1778672596.0,15.0,-0.304688,0.128906,-9.796875,,,,,,,,,,
acc,1778672596.0,15.0,-0.34375,0.089844,-9.757812,,,,,,,,,,
acc,1778672596.0,15.0,-0.304688,0.089844,-9.796875,,,,,,,,,,
acc,1778672596.0,15.0,-0.34375,0.128906,-9.800781,,,,,,,,,,
acc,1778672596.0,15.0,-0.34375,0.089844,-9.800781,,,,,,,,,,
acc,1778672596.0,15.0,-0.34375,0.089844,-9.800781,,,,,,,,,,
acc,1778672596.0,15.0,-0.382812,0.050781,-9.796875,,,,,,,,,,
acc,1778672596.0,15.0,-0.382812,0.050781,-9.796875,,,,,,,,,,
acc,1778672596.0,15.0,-0.382812,0.050781,-9.796875,,,,,,,,,,
acc,1778672596.0,15.0,-0.382812,0.050781,-9.839844,,,,,,,,,,
acc,1778672596.0,15.0,-0.382812,0.050781,-9.796875,,,,,,,,,,
acc,1778672596.0,15.0,-0.382812,0.050781,-9.796875,,,,,,,,,,
acc,1778672596.0,15.0,-0.382812,0.050781,-9.796875,,,,,,,,,,
acc,1778672596.0,15.0,-0.417969,0.089844,-9.835938,,,,,,,,,,
acc,1778672596.0,15.0,-0.417969,0.050781,-9.796875,,,,,,,,,,
acc,1778672596.0,15.0,-0.417969,0.050781,-9.761719,,,,,,,,,,
acc,1778672596.0,15.0,-0.417969,0.050781,-9.796875,,,,,,,,,,
acc,1778672596.0,15.0,-0.417969,0.050781,-9.796875,,,,,,,,,,
acc,1778672596.0,15.0,-0.417969,0.050781,-9.839844,,,,,,,,,,
acc,1778672596.0,15.0,-0.457031,0.050781,-9.796875,,,,,,,,,,
acc,1778672596.0,15.0,-0.457031,0.050781,-9.796875,,,,,,,,,,
acc,1778672596.0,15.0,-0.496094,0.050781,-9.796875,,,,,,,,,,
acc,1778672596.0,15.0,-0.457031,0.050781,-9.796875,,,,,,,,,,
acc,1778672596.0,15.0,-0.496094,0.050781,-9.796875,,,,,,,,,,
acc,1778672596.0,15.0,-0.496094,0.050781,-9.839844,,,,,,,,,,
acc,1778672596.0,15.0,-0.496094,0.050781,-9.796875,,,,,,,,,,
acc,1778672596.0,15.0,-0.496094,0.050781,-9.839844,,,,,,,,,,
acc,1778672596.0,15.0,-0.496094,0.011719,-9.835938,,,,,,,,,,
acc,1778672596.0,15.0,-0.496094,0.011719,-9.800781,,,,,,,,,,
acc,1778672596.0,15.0,-0.535156,0.011719,-9.800781,,,,,,,,,,
acc,1778672596.0,15.0,-0.535156,0.050781,-9.839844,,,,,,,,,,
acc,1778672596.0,15.0,-0.574219,0.089844,-9.839844,,,,,,,,,,
acc,1778672596.0,15.0,-0.574219,0.050781,-9.835938,,,,,,,,,,
acc,1778672596.0,15.0,-0.574219,0.050781,-9.800781,,,,,,,,,,
acc,1778672596.0,15.0,-0.535156,0.050781,-9.796875,,,,,,,,,,
acc,1778672596.0,15.0,-0.574219,0.050781,-9.800781,,,,,,,,,,
acc,1778672596.0,15.0,-0.574219,0.050781,-9.875,,,,,,,,,,
acc,1778672596.0,15.0,-0.574219,0.050781,-9.800781,,,,,,,,,,
acc,1778672596.0,15.0,-0.574219,0.089844,-9.796875,,,,,,,,,,
acc,1778672596.0,15.0,-0.613281,0.050781,-9.796875,,,,,,,,,,
acc,1778672596.0,15.0,-0.613281,0.050781,-9.761719,,,,,,,,,,
acc,1778672596.0,15.0,-0.648438,0.050781,-9.800781,,,,,,,,,,
acc,1778672596.0,15.0,-0.648438,0.050781,-9.835938,,,,,,,,,,
acc,1778672596.0,15.0,-0.6875,0.089844,-9.835938,,,,,,,,,,
acc,1778672596.0,15.0,-0.648438,0.089844,-9.796875,,,,,,,,,,
acc,1778672596.0,15.0,-0.648438,0.050781,-9.800781,,,,,,,,,,
acc,1778672596.0,15.0,-0.613281,0.089844,-9.800781,,,,,,,,,,
acc,1778672596.0,15.0,-0.613281,0.089844,-9.835938,,,,,,,,,,
acc,1778672596.0,15.0,-0.648438,0.050781,-9.835938,,,,,,,,,,
acc,1778672596.0,15.0,-0.6875,0.089844,-9.835938,,,,,,,,,,
acc,1778672596.0,15.0,-0.6875,0.089844,-9.835938,,,,,,,,,,
acc,1778672596.0,15.0,-0.6875,0.089844,-9.800781,,,,,,,,,,
acc,1778672596.0,15.0,-0.6875,0.089844,-9.800781,,,,,,,,,,
acc,1778672596.0,15.0,-0.6875,0.128906,-9.800781,,,,,,,,,,
acc,1778672596.0,15.0,-0.726562,0.089844,-9.800781,,,,,,,,,,
acc,1778672596.0,15.0,-0.726562,0.089844,-9.835938,,,,,,,,,,
acc,1778672596.0,15.0,-0.726562,0.050781,-9.839844,,,,,,,,,,
acc,1778672596.0,15.0,-0.726562,0.089844,-9.835938,,,,,,,,,,
acc,1778672596.0,15.0,-0.765625,0.089844,-9.839844,,,,,,,,,,
acc,1778672596.0,15.0,-0.765625,0.089844,-9.796875,,,,,,,,,,
acc,1778672596.0,15.0,-0.765625,0.089844,-9.839844,,,,,,,,,,
acc,1778672596.0,15.0,-0.804688,0.089844,-9.796875,,,,,,,,,,
acc,1778672596.0,15.0,-0.804688,0.089844,-9.796875,,,,,,,,,,
acc,1778672596.0,15.0,-0.804688,0.089844,-9.839844,,,,,,,,,,
acc,1778672596.0,15.0,-0.804688,0.089844,-9.796875,,,,,,,,,,
acc,1778672596.0,15.0,-0.804688,0.089844,-9.839844,,,,,,,,,,
acc,1778672596.0,15.0,-0.804688,0.089844,-9.796875,,,,,,,,,,
acc,1778672596.0,15.0,-0.839844,0.089844,-9.800781,,,,,,,,,,
acc,1778672596.0,15.0,-0.878906,0.050781,-9.839844,,,,,,,,,,
acc,1778672596.0,15.0,-0.878906,0.089844,-9.800781,,,,,,,,,,
acc,1778672596.0,15.0,-0.878906,0.089844,-9.800781,,,,,,,,,,
acc,1778672596.0,15.0,-0.878906,0.089844,-9.800781,,,,,,,,,,
acc,1778672596.0,15.0,-0.917969,0.050781,-9.796875,,,,,,,,,,
acc,1778672596.0,15.0,-0.917969,0.050781,-9.796875,,,,,,,,,,
acc,1778672596.0,15.0,-0.917969,0.050781,-9.839844,,,,,,,,,,
acc,1778672596.0,15.0,-0.917969,0.050781,-9.796875,,,,,,,,,,
acc,1778672596.0,15.0,-0.917969,0.050781,-9.839844,,,,,,,,,,
acc,1778672596.0,15.0,-0.917969,0.011719,-9.800781,,,,,,,,,,
acc,1778672596.0,15.0,-0.957031,0.011719,-9.800781,,,,,,,,,,
acc,1778672596.0,15.0,-0.957031,0.050781,-9.761719,,,,,,,,,,
acc,1778672596.0,15.0,-0.996094,0.050781,-9.796875,,,,,,,,,,
acc,1778672596.0,15.0,-0.996094,0.050781,-9.796875,,,,,,,,,,
acc,1778672596.0,15.0,-1.03125,0.050781,-9.800781,,,,,,,,,,
acc,1778672596.0,15.0,-1.03125,0.050781,-9.800781,,,,,,,,,,
acc,1778672596.0,15.0,-1.070312,0.050781,-9.796875,,,,,,,,,,
acc,1778672596.0,15.0,-1.070312,0.050781,-9.796875,,,,,,,,,,
acc,1778672596.0,15.0,-1.070312,0.050781,-9.796875,,,,,,,,,,
acc,1778672596.0,15.0,-1.070312,0.050781,-9.839844,,,,,,,,,,
acc,1778672596.0,15.0,-1.109375,0.050781,-9.835938,,,,,,,,,,
acc,1778672596.0,15.0,-1.148438,0.050781,-9.800781,,,,,,,,,,
acc,1778672596.0,15.0,-1.148438,0.089844,-9.796875,,,,,,,,,,
acc,1778672596.0,15.0,-1.1875,0.089844,-9.800781,,,,,,,,,,
acc,1778672596.0,15.0,-1.222656,0.089844,-9.835938,,,,,,,,,,
acc,1778672596.0,15.0,-1.222656,0.089844,-9.757812,,,,,,,,,,
acc,1778672596.0,15.0,-1.261719,0.089844,-9.835938,,,,,,,,,,
acc,1778672596.0,15.0,-1.222656,0.089844,-9.835938,,,,,,,,,,
acc,1778672596.0,15.0,-1.222656,0.050781,-9.796875,,,,,,,,,,
acc,1778672596.0,15.0,-1.300781,0.089844,-9.796875,,,,,,,,,,
acc,1778672596.0,15.0,-1.300781,0.089844,-9.761719,,,,,,,,,,
acc,1778672596.0,15.0,-1.300781,0.089844,-9.796875,,,,,,,,,,
acc,1778672596.0,15.0,-1.339844,0.089844,-9.800781,,,,,,,,,,
acc,1778672596.0,15.0,-1.339844,0.128906,-9.800781,,,,,,,,,,
acc,1778672596.0,15.0,-1.378906,0.089844,-9.835938,,,,,,,,,,
acc,1778672596.0,15.0,-1.378906,0.089844,-9.800781,,,,,,,,,,
acc,1778672596.0,15.0,-1.339844,0.089844,-9.800781,,,,,,,,,,
acc,1778672596.0,15.0,-1.378906,0.089844,-9.835938,,,,,,,,,,
acc,1778672596.0,15.0,-1.414062,0.089844,-9.796875,,,,,,,,,,
acc,1778672596.0,15.0,-1.453125,0.089844,-9.796875,,,,,,,,,,
acc,1778672596.0,15.0,-1.453125,0.089844,-9.839844,,,,,,,,,,
acc,1778672596.0,15.0,-1.492188,0.050781,-9.800781,,,,,,,,,,
acc,1778672596.0,15.0,-1.492188,0.050781,-9.835938,,,,,,,,,,
acc,1778672596.0,15.0,-1.570312,0.050781,-9.796875,,,,,,,,,,
acc,1778672596.0,15.0,-1.53125,0.011719,-9.796875,,,,,,,,,,
acc,1778672596.0,15.0,-1.570312,0.050781,-9.761719,,,,,,,,,,
acc,1778672596.0,15.0,-1.570312,0.050781,-9.839844,,,,,,,,,,
acc,1778672596.0,15.0,-1.570312,0.050781,-9.796875,,,,,,,,,,
acc,1778672596.0,15.0,-1.53125,0.089844,-9.839844,,,,,,,,,,
acc,1778672596.0,15.0,-1.53125,0.050781,-9.800781,,,,,,,,,,
acc,1778672596.0,15.0,-1.570312,0.050781,-9.839844,,,,,,,,,,
acc,1778672596.0,15.0,-1.644531,0.050781,-9.835938,,,,,,,,,,
acc,1778672597.0,16.0,-1.683594,0.050781,-9.800781,,,,,,,,,,
acc,1778672597.0,16.0,-1.683594,0.050781,-9.800781,,,,,,,,,,
acc,1778672597.0,16.0,-1.683594,0.089844,-9.796875,,,,,,,,,,
acc,1778672597.0,16.0,-1.683594,0.128906,-9.839844,,,,,,,,,,
acc,1778672597.0,16.0,-1.683594,0.128906,-9.796875,,,,,,,,,,
acc,1778672597.0,16.0,-1.683594,0.128906,-9.796875,,,,,,,,,,
acc,1778672597.0,16.0,-1.722656,0.089844,-9.800781,,,,,,,,,,
acc,1778672597.0,16.0,-1.800781,0.089844,-9.796875,,,,,,,,,,
acc,1778672597.0,16.0,-1.800781,0.089844,-9.839844,,,,,,,,,,
acc,1778672597.0,16.0,-1.761719,0.050781,-9.761719,,,,,,,,,,
acc,1778672597.0,16.0,-1.761719,0.089844,-9.835938,,,,,,,,,,
acc,1778672597.0,16.0,-1.761719,0.050781,-9.761719,,,,,,,,,,
acc,1778672597.0,16.0,-1.800781,0.050781,-9.800781,,,,,,,,,,
acc,1778672597.0,16.0,-1.800781,0.011719,-9.839844,,,,,,,,,,
acc,1778672597.0,16.0,-1.800781,0.011719,-9.796875,,,,,,,,,,
acc,1778672597.0,16.0,-1.835938,0.089844,-9.839844,,,,,,,,,,
acc,1778672597.0,16.0,-1.875,0.089844,-9.839844,,,,,,,,,,
acc,1778672597.0,16.0,-1.914062,0.128906,-9.839844,,,,,,,,,,
acc,1778672597.0,16.0,-1.914062,0.128906,-9.878906,,,,,,,,,,
acc,1778672597.0,16.0,-1.953125,0.128906,-9.796875,,,,,,,,,,
acc,1778672597.0,16.0,-1.953125,0.089844,-9.839844,,,,,,,,,,
acc,1778672597.0,16.0,-1.953125,0.128906,-9.796875,,,,,,,,,,
acc,1778672597.0,16.0,-1.953125,0.089844,-9.839844,,,,,,,,,,
acc,1778672597.0,16.0,-1.953125,0.089844,-9.839844,,,,,,,,,,
acc,1778672597.0,16.0,-1.953125,0.089844,-9.839844,,,,,,,,,,
acc,1778672597.0,16.0,-1.914062,0.011719,-9.878906,,,,,,,,,,
acc,1778672597.0,16.0,-1.953125,0.011719,-9.839844,,,,,,,,,,
acc,1778672597.0,16.0,-1.953125,0.011719,-9.796875,,,,,,,,,,
acc,1778672597.0,16.0,-1.953125,0.089844,-9.839844,,,,,,,,,,
acc,1778672597.0,16.0,-1.992188,0.128906,-9.878906,,,,,,,,,,
acc,1778672597.0,16.0,-1.992188,0.164062,-9.835938,,,,,,,,,,
acc,1778672597.0,16.0,-1.992188,0.128906,-9.878906,,,,,,,,,,
acc,1778672597.0,16.0,-1.992188,0.164062,-9.875,,,,,,,,,,
acc,1778672597.0,16.0,-1.992188,0.203125,-9.875,,,,,,,,,,
acc,1778672597.0,16.0,-2.027344,0.164062,-9.875,,,,,,,,,,
acc,1778672597.0,16.0,-2.027344,0.128906,-9.878906,,,,,,,,,,
acc,1778672597.0,16.0,-2.066406,0.128906,-9.800781,,,,,,,,,,
acc,1778672597.0,16.0,-2.066406,0.089844,-9.800781,,,,,,,,,,
acc,1778672597.0,16.0,-2.027344,0.050781,-9.875,,,,,,,,,,
acc,1778672597.0,16.0,-1.992188,0.128906,-9.796875,,,,,,,,,,
acc,1778672597.0,16.0,-2.027344,0.011719,-9.796875,,,,,,,,,,
acc,1778672597.0,16.0,-1.992188,0.050781,-9.875,,,,,,,,,,
acc,1778672597.0,16.0,-1.953125,0.089844,-9.839844,,,,,,,,,,
acc,1778672597.0,16.0,-1.992188,0.089844,-9.796875,,,,,,,,,,
acc,1778672597.0,16.0,-1.992188,0.089844,-9.839844,,,,,,,,,,
acc,1778672597.0,16.0,-2.027344,0.089844,-9.839844,,,,,,,,,,
acc,1778672597.0,16.0,-1.992188,0.128906,-9.917969,,,,,,,,,,
acc,1778672597.0,16.0,-1.992188,0.242188,-9.800781,,,,,,,,,,
acc,1778672597.0,16.0,-2.027344,0.242188,-9.875,,,,,,,,,,
acc,1778672597.0,16.0,-2.027344,0.203125,-9.835938,,,,,,,,,,
acc,1778672597.0,16.0,-2.027344,0.203125,-9.800781,,,,,,,,,,
acc,1778672597.0,16.0,-2.027344,0.128906,-9.839844,,,,,,,,,,
acc,1778672597.0,16.0,-1.992188,0.089844,-9.839844,,,,,,,,,,
acc,1778672597.0,16.0,-1.992188,0.128906,-9.839844,,,,,,,,,,
acc,1778672597.0,16.0,-1.953125,0.242188,-9.835938,,,,,,,,,,
acc,1778672597.0,16.0,-1.992188,0.164062,-9.800781,,,,,,,,,,
acc,1778672597.0,16.0,-2.027344,0.128906,-9.878906,,,,,,,,,,
acc,1778672597.0,16.0,-2.027344,0.128906,-9.839844,,,,,,,,,,
acc,1778672597.0,16.0,-2.027344,0.128906,-9.839844,,,,,,,,,,
acc,1778672597.0,16.0,-1.992188,0.203125,-9.875,,,,,,,,,,
acc,1778672597.0,16.0,-1.953125,0.128906,-9.796875,,,,,,,,,,
acc,1778672597.0,16.0,-1.992188,0.089844,-9.839844,,,,,,,,,,
acc,1778672597.0,16.0,-1.992188,0.089844,-9.796875,,,,,,,,,,
acc,1778672597.0,16.0,-1.953125,0.050781,-9.835938,,,,,,,,,,
acc,1778672597.0,16.0,-1.992188,0.089844,-9.839844,,,,,,,,,,
acc,1778672597.0,16.0,-1.953125,0.128906,-9.917969,,,,,,,,,,
acc,1778672597.0,16.0,-1.992188,0.128906,-9.839844,,,,,,,,,,
acc,1778672597.0,16.0,-1.992188,0.089844,-9.839844,,,,,,,,,,
acc,1778672597.0,16.0,-1.992188,0.050781,-9.835938,,,,,,,,,,
acc,1778672597.0,16.0,-1.992188,0.011719,-9.796875,,,,,,,,,,
acc,1778672597.0,16.0,-1.953125,-0.027344,-9.800781,,,,,,,,,,
acc,1778672597.0,16.0,-1.914062,0.050781,-9.757812,,,,,,,,,,
acc,1778672597.0,16.0,-1.953125,0.089844,-9.761719,,,,,,,,,,
acc,1778672597.0,16.0,-1.953125,0.050781,-9.800781,,,,,,,,,,
acc,1778672597.0,16.0,-2.027344,0.128906,-9.761719,,,,,,,,,,
acc,1778672597.0,16.0,-2.066406,0.203125,-9.878906,,,,,,,,,,
acc,1778672597.0,16.0,-2.027344,0.164062,-9.757812,,,,,,,,,,
acc,1778672597.0,16.0,-1.992188,0.164062,-9.800781,,,,,,,,,,
acc,1778672597.0,16.0,-1.992188,0.050781,-9.757812,,,,,,,,,,
acc,1778672597.0,16.0,-2.027344,0.011719,-9.761719,,,,,,,,,,
acc,1778672597.0,16.0,-1.992188,0.089844,-9.796875,,,,,,,,,,
acc,1778672597.0,16.0,-1.953125,0.089844,-9.761719,,,,,,,,,,
acc,1778672597.0,16.0,-1.953125,0.050781,-9.800781,,,,,,,,,,
acc,1778672597.0,16.0,-2.027344,0.089844,-9.796875,,,,,,,,,,
acc,1778672597.0,16.0,-2.027344,0.089844,-9.839844,,,,,,,,,,
acc,1778672597.0,16.0,-2.027344,0.164062,-9.757812,,,,,,,,,,
acc,1778672597.0,16.0,-1.992188,0.164062,-9.800781,,,,,,,,,,
acc,1778672597.0,16.0,-1.953125,0.164062,-9.800781,,,,,,,,,,
acc,1778672597.0,16.0,-2.027344,0.203125,-9.835938,,,,,,,,,,
acc,1778672597.0,16.0,-2.027344,0.203125,-9.835938,,,,,,,,,,
acc,1778672597.0,16.0,-2.066406,0.128906,-9.875,,,,,,,,,,
acc,1778672597.0,16.0,-2.027344,0.128906,-9.917969,,,,,,,,,,
acc,1778672597.0,16.0,-1.992188,0.203125,-9.914062,,,,,,,,,,
acc,1778672597.0,16.0,-2.027344,0.203125,-9.835938,,,,,,,,,,
acc,1778672597.0,16.0,-2.027344,0.28125,-9.914062,,,,,,,,,,
acc,1778672597.0,16.0,-2.066406,0.28125,-9.796875,,,,,,,,,,
acc,1778672597.0,16.0,-2.066406,0.28125,-9.878906,,,,,,,,,,
acc,1778672597.0,16.0,-2.066406,0.164062,-9.839844,,,,,,,,,,
acc,1778672597.0,16.0,-2.066406,0.203125,-9.839844,,,,,,,,,,
acc,1778672597.0,16.0,-2.027344,0.28125,-9.835938,,,,,,,,,,
acc,1778672597.0,16.0,-2.027344,0.242188,-9.875,,,,,,,,,,
acc,1778672597.0,16.0,-2.105469,0.242188,-9.839844,,,,,,,,,,
acc,1778672597.0,16.0,-2.105469,0.203125,-9.878906,,,,,,,,,,
acc,1778672597.0,16.0,-2.027344,0.050781,-9.835938,,,,,,,,,,
acc,1778672597.0,16.0,-1.992188,0.089844,-9.839844,,,,,,,,,,
acc,1778672597.0,16.0,-1.992188,0.164062,-9.800781,,,,,,,,,,
acc,1778672597.0,16.0,-2.066406,0.203125,-9.839844,,,,,,,,,,
acc,1778672597.0,16.0,-2.105469,0.203125,-9.878906,,,,,,,,,,
acc,1778672597.0,16.0,-2.066406,0.203125,-9.839844,,,,,,,,,,
acc,1778672597.0,16.0,-1.914062,0.164062,-9.800781,,,,,,,,,,
acc,1778672597.0,16.0,-1.953125,0.128906,-9.761719,,,,,,,,,,
acc,1778672597.0,16.0,-1.992188,0.128906,-9.796875,,,,,,,,,,
acc,1778672597.0,16.0,-2.066406,0.242188,-9.878906,,,,,,,,,,
acc,1778672597.0,16.0,-2.027344,0.355469,-9.839844,,,,,,,,,,
acc,1778672597.0,16.0,-1.992188,0.394531,-9.835938,,,,,,,,,,
acc,1778672597.0,16.0,-1.992188,0.355469,-9.839844,,,,,,,,,,
acc,1778672597.0,16.0,-2.027344,0.203125,-9.835938,,,,,,,,,,
acc,1778672597.0,16.0,-2.066406,0.164062,-9.726562,,,,,,,,,,
acc,1778672597.0,16.0,-2.066406,0.203125,-9.796875,,,,,,,,,,
acc,1778672597.0,16.0,-1.992188,0.242188,-9.800781,,,,,,,,,,
acc,1778672597.0,16.0,-2.027344,0.242188,-9.875,,,,,,,,,,
acc,1778672597.0,16.0,-2.066406,0.242188,-9.796875,,,,,,,,,,
acc,1778672597.0,16.0,-2.105469,0.28125,-9.878906,,,,,,,,,,
acc,1778672597.0,16.0,-2.066406,0.203125,-9.796875,,,,,,,,,,
acc,1778672597.0,16.0,-2.066406,0.203125,-9.839844,,,,,,,,,,
acc,1778672597.0,16.0,-2.066406,0.203125,-9.878906,,,,,,,,,,
acc,1778672597.0,16.0,-2.105469,0.203125,-9.796875,,,,,,,,,,
acc,1778672597.0,16.0,-2.105469,0.28125,-9.839844,,,,,,,,,,
acc,1778672597.0,16.0,-2.105469,0.242188,-9.796875,,,,,,,,,,
acc,1778672597.0,16.0,-2.066406,0.242188,-9.839844,,,,,,,,,,
acc,1778672597.0,16.0,-2.066406,0.28125,-9.878906,,,,,,,,,,
acc,1778672598.0,17.0,-2.066406,0.242188,-9.839844,,,,,,,,,,
acc,1778672598.0,17.0,-2.105469,0.203125,-9.796875,,,,,,,,,,
acc,1778672598.0,17.0,-2.105469,0.320312,-9.835938,,,,,,,,,,
acc,1778672598.0,17.0,-2.105469,0.355469,-9.800781,,,,,,,,,,
acc,1778672598.0,17.0,-2.183594,0.28125,-9.757812,,,,,,,,,,
acc,1778672598.0,17.0,-2.144531,0.355469,-9.839844,,,,,,,,,,
acc,1778672598.0,17.0,-2.183594,0.355469,-9.796875,,,,,,,,,,
acc,1778672598.0,17.0,-2.183594,0.355469,-9.761719,,,,,,,,,,
acc,1778672598.0,17.0,-2.183594,0.28125,-9.835938,,,,,,,,,,
acc,1778672598.0,17.0,-2.144531,0.355469,-9.878906,,,,,,,,,,
acc,1778672598.0,17.0,-2.105469,0.320312,-9.800781,,,,,,,,,,
acc,1778672598.0,17.0,-2.144531,0.242188,-9.835938,,,,,,,,,,
acc,1778672598.0,17.0,-2.105469,0.242188,-9.878906,,,,,,,,,,
acc,1778672598.0,17.0,-2.105469,0.242188,-9.839844,,,,,,,,,,
acc,1778672598.0,17.0,-2.144531,0.242188,-9.730469,,,,,,,,,,
acc,1778672598.0,17.0,-2.105469,0.203125,-9.878906,,,,,,,,,,
acc,1778672598.0,17.0,-2.066406,0.164062,-9.796875,,,,,,,,,,
acc,1778672598.0,17.0,-2.066406,0.089844,-9.757812,,,,,,,,,,
acc,1778672598.0,17.0,-2.066406,0.128906,-9.875,,,,,,,,,,
acc,1778672598.0,17.0,-2.105469,0.242188,-9.796875,,,,,,,,,,
acc,1778672598.0,17.0,-2.027344,0.320312,-9.761719,,,,,,,,,,
acc,1778672598.0,17.0,-2.027344,0.394531,-9.757812,,,,,,,,,,
acc,1778672598.0,17.0,-2.105469,0.511719,-9.757812,,,,,,,,,,
acc,1778672598.0,17.0,-2.066406,0.664062,-9.878906,,,,,,,,,,
acc,1778672598.0,17.0,-2.027344,0.511719,-9.796875,,,,,,,,,,
acc,1778672598.0,17.0,-2.066406,0.511719,-9.800781,,,,,,,,,,
acc,1778672598.0,17.0,-2.066406,0.550781,-9.957031,,,,,,,,,,
acc,1778672598.0,17.0,-2.027344,0.433594,-9.835938,,,,,,,,,,
acc,1778672598.0,17.0,-2.027344,0.472656,-9.796875,,,,,,,,,,
acc,1778672598.0,17.0,-2.105469,0.28125,-9.917969,,,,,,,,,,
acc,1778672598.0,17.0,-2.144531,0.242188,-9.835938,,,,,,,,,,
acc,1778672598.0,17.0,-2.105469,0.164062,-9.917969,,,,,,,,,,
acc,1778672598.0,17.0,-2.066406,0.203125,-9.878906,,,,,,,,,,
acc,1778672598.0,17.0,-2.066406,0.28125,-9.761719,,,,,,,,,,
acc,1778672598.0,17.0,-2.105469,0.320312,-9.953125,,,,,,,,,,
acc,1778672598.0,17.0,-2.105469,0.355469,-9.914062,,,,,,,,,,
acc,1778672598.0,17.0,-2.183594,0.433594,-9.757812,,,,,,,,,,
acc,1778672598.0,17.0,-2.183594,0.355469,-9.996094,,,,,,,,,,
acc,1778672598.0,17.0,-2.144531,0.28125,-9.875,,,,,,,,,,
acc,1778672598.0,17.0,-2.21875,0.320312,-9.878906,,,,,,,,,,
acc,1778672598.0,17.0,-2.183594,0.355469,-9.917969,,,,,,,,,,
acc,1778672598.0,17.0,-2.183594,0.433594,-9.875,,,,,,,,,,
acc,1778672598.0,17.0,-2.257812,0.472656,-9.839844,,,,,,,,,,
acc,1778672598.0,17.0,-2.144531,0.320312,-9.839844,,,,,,,,,,
acc,1778672598.0,17.0,-2.144531,0.355469,-9.917969,,,,,,,,,,
acc,1778672598.0,17.0,-2.21875,0.355469,-9.839844,,,,,,,,,,
acc,1778672598.0,17.0,-2.183594,0.242188,-9.800781,,,,,,,,,,
acc,1778672598.0,17.0,-2.257812,0.28125,-9.835938,,,,,,,,,,
acc,1778672598.0,17.0,-2.257812,0.355469,-9.917969,,,,,,,,,,
acc,1778672598.0,17.0,-2.105469,0.28125,-9.796875,,,,,,,,,,
acc,1778672598.0,17.0,-2.183594,0.242188,-9.800781,,,,,,,,,,
acc,1778672598.0,17.0,-2.144531,0.242188,-9.800781,,,,,,,,,,
acc,1778672598.0,17.0,-2.144531,0.242188,-9.730469,,,,,,,,,,
acc,1778672598.0,17.0,-2.21875,0.28125,-9.730469,,,,,,,,,,
acc,1778672598.0,17.0,-2.183594,0.355469,-9.839844,,,,,,,,,,
acc,1778672598.0,17.0,-2.105469,0.394531,-9.726562,,,,,,,,,,
acc,1778672598.0,17.0,-2.066406,0.320312,-9.875,,,,,,,,,,
acc,1778672598.0,17.0,-2.144531,0.320312,-9.6875,,,,,,,,,,
acc,1778672598.0,17.0,-2.183594,0.433594,-9.875,,,,,,,,,,
acc,1778672598.0,17.0,-2.105469,0.433594,-9.839844,,,,,,,,,,
acc,1778672598.0,17.0,-2.066406,0.511719,-9.730469,,,,,,,,,,
acc,1778672598.0,17.0,-2.066406,0.585938,-9.796875,,,,,,,,,,
acc,1778672598.0,17.0,-2.105469,0.550781,-9.726562,,,,,,,,,,
acc,1778672598.0,17.0,-2.183594,0.550781,-9.757812,,,,,,,,,,
acc,1778672598.0,17.0,-2.105469,0.585938,-9.796875,,,,,,,,,,
acc,1778672598.0,17.0,-2.066406,0.585938,-9.6875,,,,,,,,,,
acc,1778672598.0,17.0,-2.144531,0.585938,-9.730469,,,,,,,,,,
acc,1778672598.0,17.0,-2.105469,0.394531,-9.6875,,,,,,,,,,
acc,1778672598.0,17.0,-2.144531,0.355469,-9.6875,,,,,,,,,,
acc,1778672598.0,17.0,-2.257812,0.433594,-9.757812,,,,,,,,,,
acc,1778672598.0,17.0,-2.183594,0.550781,-9.835938,,,,,,,,,,
acc,1778672598.0,17.0,-2.066406,0.585938,-9.796875,,,,,,,,,,
acc,1778672598.0,17.0,-2.105469,0.585938,-9.761719,,,,,,,,,,
acc,1778672598.0,17.0,-2.105469,0.664062,-9.839844,,,,,,,,,,
acc,1778672598.0,17.0,-2.144531,0.550781,-9.757812,,,,,,,,,,
acc,1778672598.0,17.0,-2.21875,0.550781,-9.800781,,,,,,,,,,
acc,1778672598.0,17.0,-2.144531,0.625,-9.835938,,,,,,,,,,
acc,1778672598.0,17.0,-2.144531,0.511719,-9.726562,,,,,,,,,,
acc,1778672598.0,17.0,-2.066406,0.472656,-9.800781,,,,,,,,,,
acc,1778672598.0,17.0,-2.027344,0.472656,-9.761719,,,,,,,,,,
acc,1778672598.0,17.0,-2.144531,0.394531,-9.800781,,,,,,,,,,
acc,1778672598.0,17.0,-2.21875,0.355469,-9.878906,,,,,,,,,,
acc,1778672598.0,17.0,-2.144531,0.394531,-9.835938,,,,,,,,,,
acc,1778672598.0,17.0,-2.21875,0.394531,-9.875,,,,,,,,,,
acc,1778672598.0,17.0,-2.257812,0.433594,-9.914062,,,,,,,,,,
acc,1778672598.0,17.0,-2.183594,0.511719,-9.878906,,,,,,,,,,
acc,1778672598.0,17.0,-2.183594,0.433594,-9.800781,,,,,,,,,,
acc,1778672598.0,17.0,-2.144531,0.511719,-9.996094,,,,,,,,,,
acc,1778672598.0,17.0,-2.144531,0.511719,-9.878906,,,,,,,,,,
acc,1778672598.0,17.0,-2.21875,0.472656,-9.796875,,,,,,,,,,
acc,1778672598.0,17.0,-2.21875,0.511719,-9.917969,,,,,,,,,,
acc,1778672598.0,17.0,-2.144531,0.433594,-9.800781,,,,,,,,,,
acc,1778672598.0,17.0,-2.183594,0.511719,-9.796875,,,,,,,,,,
acc,1778672598.0,17.0,-2.144531,0.664062,-9.914062,,,,,,,,,,
acc,1778672598.0,17.0,-2.066406,0.742188,-9.917969,,,,,,,,,,
acc,1778672598.0,17.0,-2.066406,0.625,-9.878906,,,,,,,,,,
acc,1778672598.0,17.0,-2.144531,0.625,-9.835938,,,,,,,,,,
acc,1778672598.0,17.0,-2.183594,0.664062,-9.953125,,,,,,,,,,
acc,1778672598.0,17.0,-2.105469,0.664062,-9.796875,,,,,,,,,,
acc,1778672598.0,17.0,-2.144531,0.855469,-9.878906,,,,,,,,,,
acc,1778672598.0,17.0,-2.105469,0.816406,-9.800781,,,,,,,,,,
acc,1778672598.0,17.0,-2.144531,0.585938,-9.875,,,,,,,,,,
acc,1778672598.0,17.0,-2.105469,0.664062,-9.839844,,,,,,,,,,
acc,1778672598.0,17.0,-2.066406,0.703125,-9.839844,,,,,,,,,,
acc,1778672598.0,17.0,-2.105469,0.742188,-9.796875,,,,,,,,,,
acc,1778672598.0,17.0,-2.144531,0.585938,-9.953125,,,,,,,,,,
acc,1778672598.0,17.0,-2.144531,0.664062,-9.875,,,,,,,,,,
acc,1778672598.0,17.0,-2.105469,0.742188,-9.917969,,,,,,,,,,
acc,1778672598.0,17.0,-1.992188,0.742188,-9.953125,,,,,,,,,,
acc,1778672598.0,17.0,-1.992188,0.664062,-9.800781,,,,,,,,,,
acc,1778672598.0,17.0,-2.144531,0.664062,-9.914062,,,,,,,,,,
acc,1778672598.0,17.0,-2.21875,0.625,-9.953125,,,,,,,,,,
acc,1778672598.0,17.0,-2.144531,0.703125,-9.800781,,,,,,,,,,
acc,1778672598.0,17.0,-2.027344,0.742188,-9.992188,,,,,,,,,,
acc,1778672598.0,17.0,-1.953125,0.585938,-9.914062,,,,,,,,,,
acc,1778672598.0,17.0,-2.027344,0.816406,-9.761719,,,,,,,,,,
acc,1778672598.0,17.0,-2.105469,0.703125,-9.917969,,,,,,,,,,
acc,1778672598.0,17.0,-2.105469,0.433594,-9.839844,,,,,,,,,,
acc,1778672598.0,17.0,-1.992188,0.550781,-9.875,,,,,,,,,,
acc,1778672598.0,17.0,-1.992188,0.550781,-9.800781,,,,,,,,,,
acc,1778672598.0,17.0,-1.914062,0.433594,-9.648438,,,,,,,,,,
acc,1778672598.0,17.0,-1.992188,0.394531,-9.691406,,,,,,,,,,
acc,1778672598.0,17.0,-2.066406,0.355469,-9.875,,,,,,,,,,
acc,1778672598.0,17.0,-1.992188,0.472656,-9.839844,,,,,,,,,,
acc,1778672598.0,17.0,-1.992188,0.550781,-9.914062,,,,,,,,,,
acc,1778672598.0,17.0,-1.992188,0.625,-9.835938,,,,,,,,,,
acc,1778672598.0,17.0,-2.105469,0.664062,-9.917969,,,,,,,,,,
acc,1778672598.0,17.0,-2.183594,0.625,-9.914062,,,,,,,,,,
acc,1778672598.0,17.0,-2.21875,0.550781,-9.914062,,,,,,,,,,
acc,1778672599.0,18.0,-2.183594,0.894531,-9.914062,,,,,,,,,,
acc,1778672599.0,18.0,-2.183594,0.664062,-9.800781,,,,,,,,,,
acc,1778672599.0,18.0,-2.21875,0.625,-9.730469,,,,,,,,,,
acc,1778672599.0,18.0,-2.183594,1.007812,-9.730469,,,,,,,,,,
acc,1778672599.0,18.0,-2.105469,0.855469,-9.757812,,,,,,,,,,
acc,1778672599.0,18.0,-2.105469,0.664062,-9.726562,,,,,,,,,,
acc,1778672599.0,18.0,-2.066406,0.472656,-9.992188,,,,,,,,,,
acc,1778672599.0,18.0,-2.105469,0.550781,-9.796875,,,,,,,,,,
acc,1778672599.0,18.0,-2.105469,0.777344,-9.878906,,,,,,,,,,
acc,1778672599.0,18.0,-2.066406,0.625,-9.839844,,,,,,,,,,
acc,1778672599.0,18.0,-2.027344,0.472656,-9.726562,,,,,,,,,,
acc,1778672599.0,18.0,-2.066406,0.625,-9.726562,,,,,,,,,,
acc,1778672599.0,18.0,-2.027344,0.777344,-9.730469,,,,,,,,,,
acc,1778672599.0,18.0,-1.914062,0.816406,-9.6875,,,,,,,,,,
acc,1778672599.0,18.0,-2.066406,0.703125,-9.761719,,,,,,,,,,
acc,1778672599.0,18.0,-2.066406,0.664062,-9.917969,,,,,,,,,,
acc,1778672599.0,18.0,-1.953125,0.855469,-9.726562,,,,,,,,,,
acc,1778672599.0,18.0,-1.953125,0.664062,-9.730469,,,,,,,,,,
acc,1778672599.0,18.0,-1.914062,0.816406,-9.878906,,,,,,,,,,
acc,1778672599.0,18.0,-1.953125,0.777344,-9.648438,,,,,,,,,,
acc,1778672599.0,18.0,-2.027344,0.742188,-9.800781,,,,,,,,,,
acc,1778672599.0,18.0,-1.914062,0.894531,-9.835938,,,,,,,,,,
acc,1778672599.0,18.0,-1.953125,0.816406,-9.652344,,,,,,,,,,
acc,1778672599.0,18.0,-1.953125,0.777344,-9.914062,,,,,,,,,,
acc,1778672599.0,18.0,-1.953125,0.894531,-9.730469,,,,,,,,,,
acc,1778672599.0,18.0,-1.953125,1.046875,-9.839844,,,,,,,,,,
acc,1778672599.0,18.0,-1.914062,1.085938,-9.730469,,,,,,,,,,
acc,1778672599.0,18.0,-1.875,1.125,-9.875,,,,,,,,,,
acc,1778672599.0,18.0,-1.953125,0.96875,-9.757812,,,,,,,,,,
acc,1778672599.0,18.0,-2.105469,1.046875,-9.730469,,,,,,,,,,
acc,1778672599.0,18.0,-1.953125,1.046875,-9.917969,,,,,,,,,,
acc,1778672599.0,18.0,-1.992188,0.894531,-9.730469,,,,,,,,,,
acc,1778672599.0,18.0,-1.992188,0.96875,-9.953125,,,,,,,,,,
acc,1778672599.0,18.0,-1.992188,0.894531,-9.800781,,,,,,,,,,
acc,1778672599.0,18.0,-1.992188,0.664062,-9.800781,,,,,,,,,,
acc,1778672599.0,18.0,-1.914062,0.777344,-9.875,,,,,,,,,,
acc,1778672599.0,18.0,-1.992188,0.703125,-9.800781,,,,,,,,,,
acc,1778672599.0,18.0,-2.105469,0.625,-9.878906,,,,,,,,,,
acc,1778672599.0,18.0,-2.183594,0.894531,-9.757812,,,,,,,,,,
acc,1778672599.0,18.0,-2.066406,0.855469,-9.835938,,,,,,,,,,
acc,1778672599.0,18.0,-1.914062,1.007812,-9.914062,,,,,,,,,,
acc,1778672599.0,18.0,-2.027344,0.855469,-9.796875,,,,,,,,,,
acc,1778672599.0,18.0,-2.144531,0.933594,-9.992188,,,,,,,,,,
acc,1778672599.0,18.0,-2.105469,1.277344,-9.839844,,,,,,,,,,
acc,1778672599.0,18.0,-2.066406,1.277344,-9.652344,,,,,,,,,,
acc,1778672599.0,18.0,-1.992188,1.238281,-9.953125,,,,,,,,,,
acc,1778672599.0,18.0,-2.066406,1.277344,-9.726562,,,,,,,,,,
acc,1778672599.0,18.0,-2.144531,1.390625,-9.917969,,,,,,,,,,
acc,1778672599.0,18.0,-2.027344,1.007812,-9.914062,,,,,,,,,,
acc,1778672599.0,18.0,-1.914062,0.742188,-9.914062,,,,,,,,,,
acc,1778672599.0,18.0,-2.105469,0.703125,-9.726562,,,,,,,,,,
acc,1778672599.0,18.0,-2.105469,0.472656,-9.992188,,,,,,,,,,
acc,1778672599.0,18.0,-1.992188,0.703125,-9.835938,,,,,,,,,,
acc,1778672599.0,18.0,-1.914062,0.855469,-9.957031,,,,,,,,,,
acc,1778672599.0,18.0,-1.914062,0.933594,-9.914062,,,,,,,,,,
acc,1778672599.0,18.0,-2.066406,1.125,-9.957031,,,,,,,,,,
acc,1778672599.0,18.0,-2.144531,1.199219,-9.957031,,,,,,,,,,
acc,1778672599.0,18.0,-2.105469,0.96875,-9.839844,,,,,,,,,,
acc,1778672599.0,18.0,-2.027344,0.664062,-9.914062,,,,,,,,,,
acc,1778672599.0,18.0,-1.953125,0.703125,-9.875,,,,,,,,,,
acc,1778672599.0,18.0,-2.066406,0.816406,-9.757812,,,,,,,,,,
acc,1778672599.0,18.0,-2.066406,0.933594,-9.996094,,,,,,,,,,
acc,1778672599.0,18.0,-1.953125,1.085938,-9.953125,,,,,,,,,,
acc,1778672599.0,18.0,-2.027344,1.007812,-9.875,,,,,,,,,,
acc,1778672599.0,18.0,-2.105469,0.933594,-10.035156,,,,,,,,,,
acc,1778672599.0,18.0,-2.144531,1.046875,-9.6875,,,,,,,,,,
acc,1778672599.0,18.0,-2.105469,1.160156,-9.839844,,,,,,,,,,
acc,1778672599.0,18.0,-1.914062,0.933594,-9.757812,,,,,,,,,,
acc,1778672599.0,18.0,-1.835938,0.96875,-9.835938,,,,,,,,,,
acc,1778672599.0,18.0,-1.875,1.046875,-9.761719,,,,,,,,,,
acc,1778672599.0,18.0,-1.953125,1.046875,-9.761719,,,,,,,,,,
acc,1778672599.0,18.0,-2.027344,1.007812,-9.730469,,,,,,,,,,
acc,1778672599.0,18.0,-1.953125,1.046875,-9.761719,,,,,,,,,,
acc,1778672599.0,18.0,-1.992188,1.007812,-9.835938,,,,,,,,,,
acc,1778672599.0,18.0,-2.105469,1.238281,-9.878906,,,,,,,,,,
acc,1778672599.0,18.0,-2.105469,1.125,-9.761719,,,,,,,,,,
acc,1778672599.0,18.0,-2.027344,1.007812,-9.730469,,,,,,,,,,
acc,1778672599.0,18.0,-1.992188,1.007812,-9.609375,,,,,,,,,,
acc,1778672599.0,18.0,-1.914062,1.160156,-9.691406,,,,,,,,,,
acc,1778672599.0,18.0,-1.953125,1.125,-9.609375,,,,,,,,,,
acc,1778672599.0,18.0,-1.953125,1.160156,-9.835938,,,,,,,,,,
acc,1778672599.0,18.0,-1.914062,1.199219,-9.796875,,,,,,,,,,
acc,1778672599.0,18.0,-1.835938,1.238281,-9.835938,,,,,,,,,,
acc,1778672599.0,18.0,-1.875,1.351562,-9.835938,,,,,,,,,,
acc,1778672599.0,18.0,-1.992188,1.160156,-9.835938,,,,,,,,,,
acc,1778672599.0,18.0,-2.066406,1.199219,-9.800781,,,,,,,,,,
acc,1778672599.0,18.0,-2.027344,1.316406,-9.839844,,,,,,,,,,
acc,1778672599.0,18.0,-1.875,1.390625,-9.6875,,,,,,,,,,
acc,1778672599.0,18.0,-1.953125,1.316406,-9.796875,,,,,,,,,,
acc,1778672599.0,18.0,-1.914062,1.390625,-9.839844,,,,,,,,,,
acc,1778672599.0,18.0,-1.953125,1.238281,-9.875,,,,,,,,,,
acc,1778672599.0,18.0,-2.066406,1.007812,-9.6875,,,,,,,,,,
acc,1778672599.0,18.0,-2.027344,1.085938,-10.074219,,,,,,,,,,
acc,1778672599.0,18.0,-1.875,1.046875,-9.796875,,,,,,,,,,
acc,1778672599.0,18.0,-1.800781,1.199219,-9.761719,,,,,,,,,,
acc,1778672599.0,18.0,-1.875,1.429688,-9.917969,,,,,,,,,,
acc,1778672599.0,18.0,-1.875,1.351562,-9.875,,,,,,,,,,
acc,1778672599.0,18.0,-1.835938,1.429688,-9.761719,,,,,,,,,,
acc,1778672599.0,18.0,-1.953125,1.507812,-9.875,,,,,,,,,,
acc,1778672599.0,18.0,-1.992188,1.46875,-9.953125,,,,,,,,,,
acc,1778672599.0,18.0,-2.027344,1.46875,-9.800781,,,,,,,,,,
acc,1778672599.0,18.0,-1.761719,1.429688,-9.953125,,,,,,,,,,
acc,1778672599.0,18.0,-1.722656,1.351562,-9.726562,,,,,,,,,,
acc,1778672599.0,18.0,-1.914062,1.390625,-9.957031,,,,,,,,,,
acc,1778672599.0,18.0,-1.992188,1.277344,-9.914062,,,,,,,,,,
acc,1778672599.0,18.0,-2.105469,1.125,-9.6875,,,,,,,,,,
acc,1778672599.0,18.0,-1.914062,1.085938,-10.148438,,,,,,,,,,
acc,1778672599.0,18.0,-1.722656,1.007812,-9.6875,,,,,,,,,,
acc,1778672599.0,18.0,-1.835938,0.933594,-9.953125,,,,,,,,,,
acc,1778672599.0,18.0,-1.875,0.894531,-10.03125,,,,,,,,,,
acc,1778672599.0,18.0,-1.914062,0.933594,-9.875,,,,,,,,,,
acc,1778672599.0,18.0,-1.875,1.125,-10.21875,,,,,,,,,,
acc,1778672599.0,18.0,-1.992188,1.277344,-9.800781,,,,,,,,,,
acc,1778672599.0,18.0,-1.992188,1.351562,-9.953125,,,,,,,,,,
acc,1778672599.0,18.0,-1.800781,1.390625,-9.917969,,,,,,,,,,
acc,1778672599.0,18.0,-1.722656,1.390625,-9.730469,,,,,,,,,,
acc,1778672599.0,18.0,-1.835938,1.429688,-9.839844,,,,,,,,,,
acc,1778672599.0,18.0,-1.875,1.390625,-9.796875,,,,,,,,,,
acc,1778672599.0,18.0,-1.953125,1.238281,-9.757812,,,,,,,,,,
acc,1778672599.0,18.0,-1.875,1.160156,-10.074219,,,,,,,,,,
acc,1778672599.0,18.0,-1.644531,1.238281,-9.953125,,,,,,,,,,
acc,1778672599.0,18.0,-1.875,1.351562,-9.875,,,,,,,,,,
acc,1778672599.0,18.0,-2.144531,1.429688,-10.070312,,,,,,,,,,
acc,1778672599.0,18.0,-2.144531,1.507812,-9.800781,,,,,,,,,,
acc,1778672599.0,18.0,-2.066406,1.542969,-9.839844,,,,,,,,,,
acc,1778672599.0,18.0,-1.875,1.429688,-9.796875,,,,,,,,,,
acc,1778672599.0,18.0,-1.953125,1.390625,-9.6875,,,,,,,,,,
acc,1778672599.0,18.0,-1.835938,1.238281,-9.835938,,,,,,,,,,
acc,1778672600.0,19.0,-1.800781,1.199219,-9.917969,,,,,,,,,,
acc,1778672600.0,19.0,-1.835938,1.085938,-9.914062,,,,,,,,,,
acc,1778672600.0,19.0,-1.914062,1.160156,-9.835938,,,,,,,,,,
acc,1778672600.0,19.0,-1.835938,1.429688,-9.796875,,,,,,,,,,
acc,1778672600.0,19.0,-1.761719,1.46875,-9.652344,,,,,,,,,,
acc,1778672600.0,19.0,-1.761719,1.621094,-9.761719,,,,,,,,,,
acc,1778672600.0,19.0,-1.914062,1.8125,-9.953125,,,,,,,,,,
acc,1778672600.0,19.0,-2.027344,1.699219,-9.839844,,,,,,,,,,
acc,1778672600.0,19.0,-1.953125,1.46875,-9.757812,,,,,,,,,,
acc,1778672600.0,19.0,-1.914062,1.429688,-9.613281,,,,,,,,,,
acc,1778672600.0,19.0,-1.914062,1.507812,-9.835938,,,,,,,,,,
acc,1778672600.0,19.0,-1.835938,1.8125,-9.609375,,,,,,,,,,
acc,1778672600.0,19.0,-1.835938,1.890625,-9.652344,,,,,,,,,,
acc,1778672600.0,19.0,-1.800781,1.929688,-9.796875,,,,,,,,,,
acc,1778672600.0,19.0,-1.875,2.042969,-9.609375,,,,,,,,,,
acc,1778672600.0,19.0,-1.914062,1.964844,-10.109375,,,,,,,,,,
acc,1778672600.0,19.0,-1.875,1.738281,-9.691406,,,,,,,,,,
acc,1778672600.0,19.0,-2.066406,1.507812,-9.796875,,,,,,,,,,
acc,1778672600.0,19.0,-2.105469,1.582031,-10.152344,,,,,,,,,,
acc,1778672600.0,19.0,-1.953125,1.621094,-9.492188,,,,,,,,,,
acc,1778672600.0,19.0,-1.722656,2.042969,-9.996094,,,,,,,,,,
acc,1778672600.0,19.0,-1.722656,2.003906,-9.496094,,,,,,,,,,
acc,1778672600.0,19.0,-1.875,1.964844,-9.835938,,,,,,,,,,
acc,1778672600.0,19.0,-1.914062,1.851562,-9.800781,,,,,,,,,,
acc,1778672600.0,19.0,-1.605469,1.8125,-9.761719,,,,,,,,,,
acc,1778672600.0,19.0,-1.644531,1.890625,-9.726562,,,,,,,,,,
acc,1778672600.0,19.0,-1.683594,1.660156,-9.757812,,,,,,,,,,
acc,1778672600.0,19.0,-1.835938,1.621094,-9.835938,,,,,,,,,,
acc,1778672600.0,19.0,-1.761719,1.542969,-9.996094,,,,,,,,,,
acc,1778672600.0,19.0,-1.683594,1.542969,-9.914062,,,,,,,,,,
acc,1778672600.0,19.0,-1.835938,1.582031,-9.835938,,,,,,,,,,
acc,1778672600.0,19.0,-1.835938,1.46875,-10.183594,,,,,,,,,,
acc,1778672600.0,19.0,-1.644531,1.507812,-9.835938,,,,,,,,,,
acc,1778672600.0,19.0,-1.605469,1.507812,-9.957031,,,,,,,,,,
acc,1778672600.0,19.0,-1.683594,1.429688,-9.917969,,,,,,,,,,
acc,1778672600.0,19.0,-1.835938,1.429688,-9.996094,,,,,,,,,,
acc,1778672600.0,19.0,-1.761719,1.429688,-9.875,,,,,,,,,,
acc,1778672600.0,19.0,-1.644531,1.316406,-9.796875,,,,,,,,,,
acc,1778672600.0,19.0,-1.570312,1.238281,-9.957031,,,,,,,,,,
acc,1778672600.0,19.0,-1.644531,1.277344,-9.800781,,,,,,,,,,
acc,1778672600.0,19.0,-1.800781,1.316406,-10.070312,,,,,,,,,,
acc,1778672600.0,19.0,-1.800781,1.429688,-9.917969,,,,,,,,,,
acc,1778672600.0,19.0,-1.683594,1.390625,-10.070312,,,,,,,,,,
acc,1778672600.0,19.0,-1.683594,1.429688,-9.957031,,,,,,,,,,
acc,1778672600.0,19.0,-1.683594,1.507812,-9.835938,,,,,,,,,,
acc,1778672600.0,19.0,-1.761719,1.46875,-10.152344,,,,,,,,,,
acc,1778672600.0,19.0,-1.683594,1.699219,-9.796875,,,,,,,,,,
acc,1778672600.0,19.0,-1.683594,1.582031,-10.074219,,,,,,,,,,
acc,1778672600.0,19.0,-1.605469,1.46875,-9.878906,,,,,,,,,,
acc,1778672600.0,19.0,-1.605469,1.429688,-9.835938,,,,,,,,,,
acc,1778672600.0,19.0,-1.570312,1.429688,-10.21875,,,,,,,,,,
acc,1778672600.0,19.0,-1.53125,1.46875,-9.53125,,,,,,,,,,
acc,1778672600.0,19.0,-1.605469,1.542969,-10.035156,,,,,,,,,,
acc,1778672600.0,19.0,-1.53125,1.582031,-9.914062,,,,,,,,,,
acc,1778672600.0,19.0,-1.414062,1.621094,-9.691406,,,,,,,,,,
acc,1778672600.0,19.0,-1.492188,1.621094,-9.835938,,,,,,,,,,
acc,1778672600.0,19.0,-1.453125,1.582031,-9.757812,,,,,,,,,,
acc,1778672600.0,19.0,-1.53125,1.738281,-9.835938,,,,,,,,,,
acc,1778672600.0,19.0,-1.53125,1.621094,-9.875,,,,,,,,,,
acc,1778672600.0,19.0,-1.414062,1.621094,-9.914062,,,,,,,,,,
acc,1778672600.0,19.0,-1.492188,1.507812,-10.03125,,,,,,,,,,
acc,1778672600.0,19.0,-1.683594,1.429688,-10.070312,,,,,,,,,,
acc,1778672600.0,19.0,-1.761719,1.390625,-10.074219,,,,,,,,,,
acc,1778672600.0,19.0,-1.761719,1.507812,-9.917969,,,,,,,,,,
acc,1778672600.0,19.0,-1.644531,1.621094,-9.648438,,,,,,,,,,
acc,1778672600.0,19.0,-1.53125,1.699219,-9.761719,,,,,,,,,,
acc,1778672600.0,19.0,-1.453125,2.082031,-9.574219,,,,,,,,,,
acc,1778672600.0,19.0,-1.644531,2.082031,-9.648438,,,,,,,,,,
acc,1778672600.0,19.0,-1.722656,2.082031,-9.796875,,,,,,,,,,
acc,1778672600.0,19.0,-1.644531,2.082031,-9.730469,,,,,,,,,,
acc,1778672600.0,19.0,-1.53125,1.738281,-9.800781,,,,,,,,,,
acc,1778672600.0,19.0,-1.414062,1.621094,-9.609375,,,,,,,,,,
acc,1778672600.0,19.0,-1.414062,1.316406,-9.570312,,,,,,,,,,
acc,1778672600.0,19.0,-1.53125,1.316406,-9.726562,,,,,,,,,,
acc,1778672600.0,19.0,-1.492188,1.582031,-9.757812,,,,,,,,,,
acc,1778672600.0,19.0,-1.492188,1.738281,-9.835938,,,,,,,,,,
acc,1778672600.0,19.0,-1.53125,2.121094,-9.648438,,,,,,,,,,
acc,1778672600.0,19.0,-1.761719,2.273438,-9.875,,,,,,,,,,
acc,1778672600.0,19.0,-1.761719,2.003906,-9.761719,,,,,,,,,,
acc,1778672600.0,19.0,-1.722656,1.851562,-9.652344,,,,,,,,,,
acc,1778672600.0,19.0,-1.605469,1.738281,-9.917969,,,,,,,,,,
acc,1778672600.0,19.0,-1.53125,1.621094,-9.53125,,,,,,,,,,
acc,1778672600.0,19.0,-1.644531,1.699219,-9.726562,,,,,,,,,,
acc,1778672600.0,19.0,-1.644531,1.542969,-9.730469,,,,,,,,,,
acc,1778672600.0,19.0,-1.570312,1.582031,-9.761719,,,,,,,,,,
acc,1778672600.0,19.0,-1.683594,1.773438,-9.957031,,,,,,,,,,
acc,1778672600.0,19.0,-1.800781,1.582031,-9.574219,,,,,,,,,,
acc,1778672600.0,19.0,-1.683594,1.46875,-9.835938,,,,,,,,,,
acc,1778672600.0,19.0,-1.453125,1.46875,-9.53125,,,,,,,,,,
acc,1778672600.0,19.0,-1.453125,1.429688,-9.6875,,,,,,,,,,
acc,1778672600.0,19.0,-1.570312,1.429688,-9.914062,,,,,,,,,,
acc,1778672600.0,19.0,-1.722656,1.351562,-9.613281,,,,,,,,,,
acc,1778672600.0,19.0,-1.644531,1.351562,-9.875,,,,,,,,,,
acc,1778672600.0,19.0,-1.378906,1.316406,-9.757812,,,,,,,,,,
acc,1778672600.0,19.0,-1.414062,1.429688,-9.6875,,,,,,,,,,
acc,1778672600.0,19.0,-1.683594,1.46875,-9.757812,,,,,,,,,,
acc,1778672600.0,19.0,-1.644531,1.46875,-9.914062,,,,,,,,,,
acc,1778672600.0,19.0,-1.53125,1.46875,-9.730469,,,,,,,,,,
acc,1778672600.0,19.0,-1.605469,1.542969,-9.839844,,,,,,,,,,
acc,1778672600.0,19.0,-1.570312,1.851562,-10.035156,,,,,,,,,,
acc,1778672600.0,19.0,-1.605469,2.042969,-9.652344,,,,,,,,,,
acc,1778672600.0,19.0,-1.605469,1.851562,-9.996094,,,,,,,,,,
acc,1778672600.0,19.0,-1.492188,1.542969,-9.730469,,,,,,,,,,
acc,1778672600.0,19.0,-1.683594,1.773438,-9.839844,,,,,,,,,,
acc,1778672600.0,19.0,-1.605469,1.507812,-9.996094,,,,,,,,,,
acc,1778672600.0,19.0,-1.378906,1.46875,-9.761719,,,,,,,,,,
acc,1778672600.0,19.0,-1.453125,1.46875,-9.953125,,,,,,,,,,
acc,1778672600.0,19.0,-1.53125,1.390625,-10.070312,,,,,,,,,,
acc,1778672600.0,19.0,-1.453125,1.390625,-10.035156,,,,,,,,,,
acc,1778672600.0,19.0,-1.378906,1.46875,-9.957031,,,,,,,,,,
acc,1778672600.0,19.0,-1.492188,1.542969,-10.074219,,,,,,,,,,
acc,1778672600.0,19.0,-1.722656,1.851562,-9.996094,,,,,,,,,,
acc,1778672600.0,19.0,-1.644531,2.003906,-9.953125,,,,,,,,,,
acc,1778672600.0,19.0,-1.644531,1.660156,-9.800781,,,,,,,,,,
acc,1778672600.0,19.0,-1.570312,1.542969,-9.878906,,,,,,,,,,
acc,1778672600.0,19.0,-1.414062,1.390625,-9.796875,,,,,,,,,,
acc,1778672600.0,19.0,-1.453125,1.316406,-9.878906,,,,,,,,,,
acc,1778672600.0,19.0,-1.605469,1.542969,-9.878906,,,,,,,,,,
acc,1778672600.0,19.0,-1.605469,1.738281,-9.957031,,,,,,,,,,
acc,1778672600.0,19.0,-1.53125,2.234375,-9.878906,,,,,,,,,,
acc,1778672600.0,19.0,-1.570312,2.15625,-9.835938,,,,,,,,,,
acc,1778672600.0,19.0,-1.53125,1.929688,-9.996094,,,,,,,,,,
acc,1778672600.0,19.0,-1.53125,1.929688,-9.878906,,,,,,,,,,
acc,1778672600.0,19.0,-1.570312,1.851562,-9.839844,,,,,,,,,,
acc,1778672600.0,19.0,-1.644531,1.738281,-10.109375,,,,,,,,,,
acc,1778672600.0,19.0,-1.644531,1.46875,-10.03125,,,,,,,,,,
acc,1778672600.0,19.0,-1.492188,1.507812,-9.757812,,,,,,,,,,
acc,1778672600.0,19.0,-1.53125,1.890625,-10.070312,,,,,,,,,,
acc,1778672601.0,20.0,-1.570312,2.195312,-9.839844,,,,,,,,,,
acc,1778672601.0,20.0,-1.644531,2.234375,-9.839844,,,,,,,,,,
acc,1778672601.0,20.0,-1.570312,2.195312,-9.6875,,,,,,,,,,
acc,1778672601.0,20.0,-1.53125,2.121094,-9.835938,,,,,,,,,,
acc,1778672601.0,20.0,-1.492188,2.386719,-9.648438,,,,,,,,,,
acc,1778672601.0,20.0,-1.492188,2.386719,-9.800781,,,,,,,,,,
acc,1778672601.0,20.0,-1.492188,2.121094,-9.875,,,,,,,,,,
acc,1778672601.0,20.0,-1.570312,2.042969,-9.570312,,,,,,,,,,
acc,1778672601.0,20.0,-1.570312,2.003906,-9.917969,,,,,,,,,,
acc,1778672601.0,20.0,-1.53125,2.042969,-9.800781,,,,,,,,,,
acc,1778672601.0,20.0,-1.644531,2.386719,-9.574219,,,,,,,,,,
acc,1778672601.0,20.0,-1.570312,2.425781,-9.835938,,,,,,,,,,
acc,1778672601.0,20.0,-1.453125,2.3125,-9.914062,,,,,,,,,,
acc,1778672601.0,20.0,-1.761719,2.3125,-9.726562,,,,,,,,,,
acc,1778672601.0,20.0,-1.835938,2.15625,-10.339844,,,,,,,,,,
acc,1778672601.0,20.0,-1.644531,2.082031,-9.757812,,,,,,,,,,
acc,1778672601.0,20.0,-1.605469,1.890625,-9.953125,,,,,,,,,,
acc,1778672601.0,20.0,-1.570312,2.042969,-9.878906,,,,,,,,,,
acc,1778672601.0,20.0,-1.605469,2.3125,-9.570312,,,,,,,,,,
acc,1778672601.0,20.0,-1.605469,2.503906,-9.957031,,,,,,,,,,
acc,1778672601.0,20.0,-1.378906,2.3125,-9.839844,,,,,,,,,,
acc,1778672601.0,20.0,-1.492188,2.273438,-9.652344,,,,,,,,,,
acc,1778672601.0,20.0,-1.722656,2.386719,-9.652344,,,,,,,,,,
acc,1778672601.0,20.0,-1.644531,1.851562,-9.757812,,,,,,,,,,
acc,1778672601.0,20.0,-1.378906,1.8125,-9.761719,,,,,,,,,,
acc,1778672601.0,20.0,-1.339844,1.738281,-9.6875,,,,,,,,,,
acc,1778672601.0,20.0,-1.492188,1.507812,-9.730469,,,,,,,,,,
acc,1778672601.0,20.0,-1.835938,1.699219,-9.761719,,,,,,,,,,
acc,1778672601.0,20.0,-1.914062,1.738281,-10.148438,,,,,,,,,,
acc,1778672601.0,20.0,-1.605469,1.738281,-9.957031,,,,,,,,,,
acc,1778672601.0,20.0,-1.53125,2.042969,-10.21875,,,,,,,,,,
acc,1778672601.0,20.0,-1.722656,1.8125,-10.070312,,,,,,,,,,
acc,1778672601.0,20.0,-1.835938,1.699219,-9.726562,,,,,,,,,,
acc,1778672601.0,20.0,-1.722656,2.347656,-10.035156,,,,,,,,,,
acc,1778672601.0,20.0,-1.453125,2.425781,-9.761719,,,,,,,,,,
acc,1778672601.0,20.0,-1.453125,2.464844,-9.691406,,,,,,,,,,
acc,1778672601.0,20.0,-1.605469,2.121094,-9.957031,,,,,,,,,,
acc,1778672601.0,20.0,-1.644531,2.121094,-9.691406,,,,,,,,,,
acc,1778672601.0,20.0,-1.761719,2.15625,-9.992188,,,,,,,,,,
acc,1778672601.0,20.0,-1.722656,2.3125,-9.957031,,,,,,,,,,
acc,1778672601.0,20.0,-1.570312,2.15625,-9.875,,,,,,,,,,
acc,1778672601.0,20.0,-1.53125,1.964844,-9.757812,,,,,,,,,,
acc,1778672601.0,20.0,-1.453125,2.195312,-9.800781,,,,,,,,,,
acc,1778672601.0,20.0,-1.605469,1.964844,-9.570312,,,,,,,,,,
acc,1778672601.0,20.0,-1.644531,2.042969,-9.914062,,,,,,,,,,
acc,1778672601.0,20.0,-1.492188,1.929688,-10.035156,,,,,,,,,,
acc,1778672601.0,20.0,-1.492188,2.042969,-9.835938,,,,,,,,,,
acc,1778672601.0,20.0,-1.644531,2.386719,-9.875,,,,,,,,,,
acc,1778672601.0,20.0,-1.605469,2.347656,-10.035156,,,,,,,,,,
acc,1778672601.0,20.0,-1.644531,2.386719,-9.691406,,,,,,,,,,
acc,1778672601.0,20.0,-1.644531,2.503906,-10.109375,,,,,,,,,,
acc,1778672601.0,20.0,-1.414062,2.195312,-9.914062,,,,,,,,,,
acc,1778672601.0,20.0,-1.492188,2.808594,-9.570312,,,,,,,,,,
acc,1778672601.0,20.0,-1.492188,2.695312,-9.992188,,,,,,,,,,
acc,1778672601.0,20.0,-1.453125,2.578125,-9.570312,,,,,,,,,,
acc,1778672601.0,20.0,-1.492188,2.730469,-9.992188,,,,,,,,,,
acc,1778672601.0,20.0,-1.644531,2.539062,-9.796875,,,,,,,,,,
acc,1778672601.0,20.0,-1.644531,2.234375,-9.761719,,,,,,,,,,
acc,1778672601.0,20.0,-1.53125,2.386719,-9.953125,,,,,,,,,,
acc,1778672601.0,20.0,-1.570312,2.539062,-9.347656,,,,,,,,,,
acc,1778672601.0,20.0,-1.492188,2.347656,-9.757812,,,,,,,,,,
acc,1778672601.0,20.0,-1.300781,2.503906,-9.875,,,,,,,,,,
acc,1778672601.0,20.0,-1.339844,2.539062,-9.648438,,,,,,,,,,
acc,1778672601.0,20.0,-1.300781,2.3125,-10.109375,,,,,,,,,,
acc,1778672601.0,20.0,-1.222656,2.273438,-9.875,,,,,,,,,,
acc,1778672601.0,20.0,-1.492188,2.464844,-10.03125,,,,,,,,,,
acc,1778672601.0,20.0,-1.722656,2.234375,-10.21875,,,,,,,,,,
acc,1778672601.0,20.0,-1.53125,2.15625,-9.878906,,,,,,,,,,
acc,1778672601.0,20.0,-1.570312,2.121094,-9.796875,,,,,,,,,,
acc,1778672601.0,20.0,-1.605469,1.929688,-9.875,,,,,,,,,,
acc,1778672601.0,20.0,-1.414062,2.15625,-9.796875,,,,,,,,,,
acc,1778672601.0,20.0,-1.453125,2.082031,-9.757812,,,,,,,,,,
acc,1778672601.0,20.0,-1.605469,1.929688,-9.691406,,,,,,,,,,
acc,1778672601.0,20.0,-1.414062,2.15625,-10.070312,,,,,,,,,,
acc,1778672601.0,20.0,-1.222656,2.195312,-9.535156,,,,,,,,,,
acc,1778672601.0,20.0,-1.339844,2.121094,-9.839844,,,,,,,,,,
acc,1778672601.0,20.0,-1.261719,2.195312,-9.957031,,,,,,,,,,
acc,1778672601.0,20.0,-1.414062,2.425781,-9.652344,,,,,,,,,,
acc,1778672601.0,20.0,-1.53125,2.464844,-10.074219,,,,,,,,,,
acc,1778672601.0,20.0,-1.378906,2.503906,-9.917969,,,,,,,,,,
acc,1778672601.0,20.0,-1.492188,2.503906,-9.992188,,,,,,,,,,
acc,1778672601.0,20.0,-1.53125,2.617188,-9.496094,,,,,,,,,,
acc,1778672601.0,20.0,-1.492188,2.425781,-10.152344,,,,,,,,,,
acc,1778672601.0,20.0,-1.414062,2.15625,-9.613281,,,,,,,,,,
acc,1778672601.0,20.0,-1.414062,2.273438,-9.6875,,,,,,,,,,
acc,1778672601.0,20.0,-1.492188,2.347656,-9.757812,,,,,,,,,,
acc,1778672601.0,20.0,-1.261719,2.386719,-9.726562,,,,,,,,,,
acc,1778672601.0,20.0,-1.261719,2.539062,-9.691406,,,,,,,,,,
acc,1778672601.0,20.0,-1.414062,2.617188,-9.878906,,,,,,,,,,
acc,1778672601.0,20.0,-1.453125,2.578125,-9.957031,,,,,,,,,,
acc,1778672601.0,20.0,-1.339844,2.464844,-9.761719,,,,,,,,,,
acc,1778672601.0,20.0,-1.109375,2.425781,-9.878906,,,,,,,,,,
acc,1778672601.0,20.0,-1.222656,2.578125,-9.757812,,,,,,,,,,
acc,1778672601.0,20.0,-1.453125,2.617188,-9.726562,,,,,,,,,,
acc,1778672601.0,20.0,-1.453125,2.769531,-9.839844,,,,,,,,,,
acc,1778672601.0,20.0,-1.222656,2.960938,-9.757812,,,,,,,,,,
acc,1778672601.0,20.0,-1.1875,2.847656,-9.496094,,,,,,,,,,
acc,1778672601.0,20.0,-1.261719,2.808594,-10.03125,,,,,,,,,,
acc,1778672601.0,20.0,-1.300781,2.617188,-9.496094,,,,,,,,,,
acc,1778672601.0,20.0,-1.300781,2.464844,-9.992188,,,,,,,,,,
acc,1778672601.0,20.0,-1.222656,2.195312,-9.535156,,,,,,,,,,
acc,1778672601.0,20.0,-1.222656,2.234375,-9.835938,,,,,,,,,,
acc,1778672601.0,20.0,-1.300781,2.003906,-9.574219,,,,,,,,,,
acc,1778672601.0,20.0,-1.378906,2.042969,-9.726562,,,,,,,,,,
acc,1778672601.0,20.0,-1.453125,2.234375,-9.878906,,,,,,,,,,
acc,1778672601.0,20.0,-1.339844,2.082031,-9.839844,,,,,,,,,,
acc,1778672601.0,20.0,-1.453125,2.234375,-9.917969,,,,,,,,,,
acc,1778672601.0,20.0,-1.453125,2.347656,-10.074219,,,,,,,,,,
acc,1778672601.0,20.0,-1.414062,2.578125,-10.113281,,,,,,,,,,
acc,1778672601.0,20.0,-1.453125,2.464844,-9.648438,,,,,,,,,,
acc,1778672601.0,20.0,-1.339844,2.273438,-10.03125,,,,,,,,,,
acc,1778672601.0,20.0,-1.148438,2.3125,-9.691406,,,,,,,,,,
acc,1778672601.0,20.0,-1.1875,2.464844,-9.570312,,,,,,,,,,
acc,1778672601.0,20.0,-1.222656,2.65625,-9.800781,,,,,,,,,,
acc,1778672601.0,20.0,-1.339844,2.769531,-9.757812,,,,,,,,,,
acc,1778672601.0,20.0,-1.414062,2.695312,-9.757812,,,,,,,,,,
acc,1778672601.0,20.0,-1.1875,2.730469,-10.152344,,,,,,,,,,
acc,1778672601.0,20.0,-1.261719,2.578125,-9.609375,,,,,,,,,,
acc,1778672601.0,20.0,-1.378906,2.695312,-9.917969,,,,,,,,,,
acc,1778672601.0,20.0,-1.261719,2.960938,-9.992188,,,,,,,,,,
acc,1778672601.0,20.0,-1.109375,2.886719,-9.574219,,,,,,,,,,
acc,1778672601.0,20.0,-1.261719,2.960938,-9.953125,,,,,,,,,,
acc,1778672601.0,20.0,-1.261719,2.847656,-9.878906,,,,,,,,,,
acc,1778672601.0,20.0,-1.222656,2.425781,-9.835938,,,,,,,,,,
acc,1778672601.0,20.0,-1.109375,2.386719,-9.574219,,,,,,,,,,
acc,1778672602.0,21.0,-1.1875,2.386719,-9.417969,,,,,,,,,,
acc,1778672602.0,21.0,-1.300781,2.042969,-9.730469,,,,,,,,,,
acc,1778672602.0,21.0,-1.261719,2.386719,-9.496094,,,,,,,,,,
acc,1778672602.0,21.0,-1.1875,2.386719,-9.761719,,,,,,,,,,
acc,1778672602.0,21.0,-1.070312,2.695312,-9.917969,,,,,,,,,,
acc,1778672602.0,21.0,-1.300781,2.925781,-9.496094,,,,,,,,,,
acc,1778672602.0,21.0,-1.414062,2.808594,-10.035156,,,,,,,,,,
acc,1778672602.0,21.0,-1.148438,2.847656,-9.757812,,,,,,,,,,
acc,1778672602.0,21.0,-1.148438,2.769531,-9.726562,,,,,,,,,,
acc,1778672602.0,21.0,-1.1875,2.808594,-9.835938,,,,,,,,,,
acc,1778672602.0,21.0,-1.1875,2.464844,-9.726562,,,,,,,,,,
acc,1778672602.0,21.0,-1.339844,2.539062,-9.609375,,,,,,,,,,
acc,1778672602.0,21.0,-1.414062,2.539062,-9.878906,,,,,,,,,,
acc,1778672602.0,21.0,-1.339844,2.578125,-9.800781,,,,,,,,,,
acc,1778672602.0,21.0,-1.339844,2.65625,-9.835938,,,,,,,,,,
acc,1778672602.0,21.0,-1.222656,2.695312,-9.839844,,,,,,,,,,
acc,1778672602.0,21.0,-1.300781,3.0,-9.839844,,,,,,,,,,
acc,1778672602.0,21.0,-1.378906,2.464844,-9.761719,,,,,,,,,,
acc,1778672602.0,21.0,-1.300781,2.15625,-9.957031,,,,,,,,,,
acc,1778672602.0,21.0,-1.300781,2.15625,-9.613281,,,,,,,,,,
acc,1778672602.0,21.0,-1.148438,2.042969,-9.757812,,,,,,,,,,
acc,1778672602.0,21.0,-1.109375,2.3125,-9.609375,,,,,,,,,,
acc,1778672602.0,21.0,-1.109375,2.695312,-9.914062,,,,,,,,,,
acc,1778672602.0,21.0,-1.070312,3.117188,-9.800781,,,,,,,,,,
acc,1778672602.0,21.0,-1.109375,3.34375,-9.878906,,,,,,,,,,
acc,1778672602.0,21.0,-1.222656,3.039062,-10.074219,,,,,,,,,,
acc,1778672602.0,21.0,-1.148438,3.117188,-9.839844,,,,,,,,,,
acc,1778672602.0,21.0,-1.148438,3.230469,-9.800781,,,,,,,,,,
acc,1778672602.0,21.0,-1.1875,3.0,-9.914062,,,,,,,,,,
acc,1778672602.0,21.0,-1.070312,2.886719,-9.878906,,,,,,,,,,
acc,1778672602.0,21.0,-1.03125,2.769531,-9.839844,,,,,,,,,,
acc,1778672602.0,21.0,-1.261719,2.695312,-9.761719,,,,,,,,,,
acc,1778672602.0,21.0,-1.1875,2.769531,-9.875,,,,,,,,,,
acc,1778672602.0,21.0,-0.996094,2.960938,-9.914062,,,,,,,,,,
acc,1778672602.0,21.0,-1.222656,3.0,-9.609375,,,,,,,,,,
acc,1778672602.0,21.0,-1.1875,3.117188,-10.148438,,,,,,,,,,
acc,1778672602.0,21.0,-1.222656,3.152344,-9.609375,,,,,,,,,,
acc,1778672602.0,21.0,-1.148438,3.117188,-9.839844,,,,,,,,,,
acc,1778672602.0,21.0,-1.148438,3.0,-9.996094,,,,,,,,,,
acc,1778672602.0,21.0,-1.378906,2.617188,-9.492188,,,,,,,,,,
acc,1778672602.0,21.0,-1.378906,2.578125,-9.757812,,,,,,,,,,
acc,1778672602.0,21.0,-1.03125,2.695312,-9.875,,,,,,,,,,
acc,1778672602.0,21.0,-0.839844,2.886719,-9.417969,,,,,,,,,,
acc,1778672602.0,21.0,-1.070312,2.925781,-9.691406,,,,,,,,,,
acc,1778672602.0,21.0,-1.070312,2.960938,-9.691406,,,,,,,,,,
acc,1778672602.0,21.0,-1.070312,3.382812,-9.730469,,,,,,,,,,
acc,1778672602.0,21.0,-1.109375,3.308594,-9.957031,,,,,,,,,,
acc,1778672602.0,21.0,-1.1875,3.078125,-9.648438,,,,,,,,,,
acc,1778672602.0,21.0,-1.300781,3.191406,-10.21875,,,,,,,,,,
acc,1778672602.0,21.0,-1.300781,3.152344,-9.570312,,,,,,,,,,
acc,1778672602.0,21.0,-1.1875,3.0,-9.875,,,,,,,,,,
acc,1778672602.0,21.0,-1.148438,2.960938,-9.957031,,,,,,,,,,
acc,1778672602.0,21.0,-1.148438,2.847656,-9.492188,,,,,,,,,,
acc,1778672602.0,21.0,-1.222656,2.886719,-9.796875,,,,,,,,,,
acc,1778672602.0,21.0,-1.222656,2.925781,-9.648438,,,,,,,,,,
acc,1778672602.0,21.0,-1.222656,2.886719,-9.957031,,,,,,,,,,
acc,1778672602.0,21.0,-1.300781,2.925781,-9.761719,,,,,,,,,,
acc,1778672602.0,21.0,-1.148438,2.886719,-9.953125,,,,,,,,,,
acc,1778672602.0,21.0,-1.261719,2.808594,-9.574219,,,,,,,,,,
acc,1778672602.0,21.0,-1.300781,2.960938,-9.726562,,,,,,,,,,
acc,1778672602.0,21.0,-1.222656,2.503906,-9.726562,,,,,,,,,,
acc,1778672602.0,21.0,-1.339844,2.847656,-9.761719,,,,,,,,,,
acc,1778672602.0,21.0,-1.378906,3.152344,-9.835938,,,,,,,,,,
acc,1778672602.0,21.0,-1.453125,3.152344,-9.917969,,,,,,,,,,
acc,1778672602.0,21.0,-1.492188,2.925781,-9.917969,,,,,,,,,,
acc,1778672602.0,21.0,-1.53125,2.925781,-9.917969,,,,,,,,,,
acc,1778672602.0,21.0,-1.261719,2.539062,-9.757812,,,,,,,,,,
acc,1778672602.0,21.0,-1.1875,2.273438,-9.648438,,,,,,,,,,
acc,1778672602.0,21.0,-1.222656,2.925781,-9.875,,,,,,,,,,
acc,1778672602.0,21.0,-1.109375,3.308594,-9.457031,,,,,,,,,,
acc,1778672602.0,21.0,-1.222656,2.886719,-9.761719,,,,,,,,,,
acc,1778672602.0,21.0,-1.261719,3.117188,-9.953125,,,,,,,,,,
acc,1778672602.0,21.0,-1.339844,3.078125,-10.03125,,,,,,,,,,
acc,1778672602.0,21.0,-1.148438,3.0,-9.761719,,,,,,,,,,
acc,1778672602.0,21.0,-0.957031,2.695312,-9.6875,,,,,,,,,,
acc,1778672602.0,21.0,-0.878906,2.886719,-9.957031,,,,,,,,,,
acc,1778672602.0,21.0,-1.109375,3.117188,-9.417969,,,,,,,,,,
acc,1778672602.0,21.0,-1.070312,2.847656,-9.878906,,,,,,,,,,
acc,1778672602.0,21.0,-0.957031,2.578125,-9.914062,,,,,,,,,,
acc,1778672602.0,21.0,-1.03125,2.539062,-9.761719,,,,,,,,,,
acc,1778672602.0,21.0,-1.261719,2.886719,-10.070312,,,,,,,,,,
acc,1778672602.0,21.0,-1.1875,3.308594,-9.835938,,,,,,,,,,
acc,1778672602.0,21.0,-1.070312,3.382812,-9.992188,,,,,,,,,,
acc,1778672602.0,21.0,-1.261719,3.5,-10.074219,,,,,,,,,,
acc,1778672602.0,21.0,-1.300781,3.382812,-9.839844,,,,,,,,,,
acc,1778672602.0,21.0,-1.378906,3.460938,-9.953125,,,,,,,,,,
acc,1778672602.0,21.0,-1.261719,3.34375,-10.074219,,,,,,,,,,
acc,1778672602.0,21.0,-1.070312,3.230469,-9.613281,,,,,,,,,,
acc,1778672602.0,21.0,-1.1875,3.078125,-9.875,,,,,,,,,,
acc,1778672602.0,21.0,-1.300781,3.460938,-9.761719,,,,,,,,,,
acc,1778672602.0,21.0,-1.339844,3.34375,-9.800781,,,,,,,,,,
acc,1778672602.0,21.0,-1.148438,3.0,-9.878906,,,,,,,,,,
acc,1778672602.0,21.0,-1.03125,3.152344,-9.613281,,,,,,,,,,
acc,1778672602.0,21.0,-1.109375,2.730469,-9.800781,,,,,,,,,,
acc,1778672602.0,21.0,-1.222656,2.925781,-9.648438,,,,,,,,,,
acc,1778672602.0,21.0,-1.148438,2.65625,-9.796875,,,,,,,,,,
acc,1778672602.0,21.0,-1.109375,2.464844,-9.53125,,,,,,,,,,
acc,1778672602.0,21.0,-1.261719,2.960938,-9.609375,,,,,,,,,,
acc,1778672602.0,21.0,-1.300781,3.0,-9.6875,,,,,,,,,,
acc,1778672602.0,21.0,-1.222656,2.65625,-9.375,,,,,,,,,,
acc,1778672602.0,21.0,-1.070312,2.769531,-9.648438,,,,,,,,,,
acc,1778672602.0,21.0,-1.1875,2.925781,-9.648438,,,,,,,,,,
acc,1778672602.0,21.0,-1.222656,2.695312,-9.308594,,,,,,,,,,
acc,1778672602.0,21.0,-1.109375,2.886719,-9.835938,,,,,,,,,,
acc,1778672602.0,21.0,-0.878906,2.808594,-9.414062,,,,,,,,,,
acc,1778672602.0,21.0,-0.878906,2.730469,-9.417969,,,,,,,,,,
acc,1778672602.0,21.0,-1.070312,3.078125,-9.953125,,,,,,,,,,
acc,1778672602.0,21.0,-1.222656,2.769531,-9.304688,,,,,,,,,,
acc,1778672602.0,21.0,-1.222656,2.617188,-9.800781,,,,,,,,,,
acc,1778672602.0,21.0,-1.1875,3.0,-9.757812,,,,,,,,,,
acc,1778672602.0,21.0,-1.261719,3.078125,-9.53125,,,,,,,,,,
acc,1778672602.0,21.0,-1.339844,3.421875,-10.035156,,,,,,,,,,
acc,1778672602.0,21.0,-1.1875,3.574219,-9.652344,,,,,,,,,,
acc,1778672602.0,21.0,-1.109375,3.652344,-9.570312,,,,,,,,,,
acc,1778672602.0,21.0,-1.148438,3.421875,-9.914062,,,,,,,,,,
acc,1778672602.0,21.0,-1.03125,3.269531,-9.796875,,,,,,,,,,
acc,1778672602.0,21.0,-1.148438,3.269531,-9.878906,,,,,,,,,,
acc,1778672602.0,21.0,-1.148438,3.269531,-10.070312,,,,,,,,,,
acc,1778672602.0,21.0,-1.148438,3.269531,-9.796875,,,,,,,,,,
acc,1778672602.0,21.0,-1.109375,3.0,-10.035156,,,,,,,,,,
acc,1778672602.0,21.0,-0.917969,3.078125,-10.148438,,,,,,,,,,
acc,1778672602.0,21.0,-0.957031,3.191406,-9.535156,,,,,,,,,,
acc,1778672602.0,21.0,-1.03125,3.308594,-10.070312,,,,,,,,,,
acc,1778672602.0,21.0,-0.957031,3.191406,-9.796875,,,,,,,,,,
acc,1778672602.0,21.0,-0.804688,3.117188,-9.613281,,,,,,,,,,
acc,1778672602.0,21.0,-0.804688,3.191406,-9.800781,,,,,,,,,,
acc,1778672602.0,21.0,-0.804688,2.847656,-9.574219,,,,,,,,,,
acc,1778672602.0,21.0,-0.804688,2.886719,-9.800781,,,,,,,,,,
acc,1778672603.0,22.0,-0.804688,3.308594,-9.726562,,,,,,,,,,
acc,1778672603.0,22.0,-0.804688,3.039062,-9.613281,,,,,,,,,,
acc,1778672603.0,22.0,-0.726562,3.039062,-9.835938,,,,,,,,,,
acc,1778672603.0,22.0,-0.613281,3.117188,-9.492188,,,,,,,,,,
acc,1778672603.0,22.0,-0.6875,3.117188,-9.914062,,,,,,,,,,
acc,1778672603.0,22.0,-0.6875,3.230469,-9.570312,,,,,,,,,,
acc,1778672603.0,22.0,-0.765625,3.269531,-9.652344,,,,,,,,,,
acc,1778672603.0,22.0,-0.804688,3.308594,-9.6875,,,,,,,,,,
acc,1778672603.0,22.0,-0.496094,3.191406,-9.613281,,,,,,,,,,
acc,1778672603.0,22.0,-0.496094,3.230469,-9.496094,,,,,,,,,,
acc,1778672603.0,22.0,-0.6875,3.308594,-9.453125,,,,,,,,,,
acc,1778672603.0,22.0,-0.648438,3.535156,-9.761719,,,,,,,,,,
acc,1778672603.0,22.0,-0.574219,3.34375,-9.457031,,,,,,,,,,
acc,1778672603.0,22.0,-0.6875,3.34375,-9.609375,,,,,,,,,,
acc,1778672603.0,22.0,-0.6875,3.421875,-9.917969,,,,,,,,,,
acc,1778672603.0,22.0,-0.535156,3.382812,-9.835938,,,,,,,,,,
acc,1778672603.0,22.0,-0.6875,3.421875,-9.726562,,,,,,,,,,
acc,1778672603.0,22.0,-0.765625,3.5,-9.761719,,,,,,,,,,
acc,1778672603.0,22.0,-0.726562,3.421875,-9.996094,,,,,,,,,,
acc,1778672603.0,22.0,-0.6875,3.191406,-9.457031,,,,,,,,,,
acc,1778672603.0,22.0,-0.574219,3.230469,-9.691406,,,,,,,,,,
acc,1778672603.0,22.0,-0.648438,3.5,-9.6875,,,,,,,,,,
acc,1778672603.0,22.0,-0.648438,3.421875,-9.691406,,,,,,,,,,
acc,1778672603.0,22.0,-0.648438,3.269531,-9.839844,,,,,,,,,,
acc,1778672603.0,22.0,-0.648438,3.535156,-9.6875,,,,,,,,,,
acc,1778672603.0,22.0,-0.804688,3.269531,-9.570312,,,,,,,,,,
acc,1778672603.0,22.0,-0.613281,3.308594,-9.835938,,,,,,,,,,
acc,1778672603.0,22.0,-0.574219,3.308594,-9.496094,,,,,,,,,,
acc,1778672603.0,22.0,-0.6875,3.0,-9.835938,,,,,,,,,,
acc,1778672603.0,22.0,-0.648438,3.34375,-9.796875,,,,,,,,,,
acc,1778672603.0,22.0,-0.726562,3.613281,-9.757812,,,,,,,,,,
acc,1778672603.0,22.0,-0.613281,3.382812,-9.730469,,,,,,,,,,
acc,1778672603.0,22.0,-0.613281,3.421875,-9.6875,,,,,,,,,,
acc,1778672603.0,22.0,-0.6875,3.230469,-9.761719,,,,,,,,,,
acc,1778672603.0,22.0,-0.726562,3.382812,-9.609375,,,,,,,,,,
acc,1778672603.0,22.0,-0.726562,3.535156,-9.914062,,,,,,,,,,
acc,1778672603.0,22.0,-0.648438,3.5,-9.6875,,,,,,,,,,
acc,1778672603.0,22.0,-0.726562,3.574219,-9.796875,,,,,,,,,,
acc,1778672603.0,22.0,-0.726562,3.460938,-9.609375,,,,,,,,,,
acc,1778672603.0,22.0,-0.496094,3.230469,-9.761719,,,,,,,,,,
acc,1778672603.0,22.0,-0.457031,3.152344,-9.875,,,,,,,,,,
acc,1778672603.0,22.0,-0.726562,3.269531,-10.21875,,,,,,,,,,
acc,1778672603.0,22.0,-0.726562,3.230469,-10.035156,,,,,,,,,,
acc,1778672603.0,22.0,-0.726562,3.460938,-9.757812,,,,,,,,,,
acc,1778672603.0,22.0,-0.613281,2.960938,-9.800781,,,,,,,,,,
acc,1778672603.0,22.0,-0.535156,3.191406,-9.652344,,,,,,,,,,
acc,1778672603.0,22.0,-0.496094,3.5,-9.757812,,,,,,,,,,
acc,1778672603.0,22.0,-0.496094,3.613281,-9.914062,,,,,,,,,,
acc,1778672603.0,22.0,-0.574219,3.804688,-9.691406,,,,,,,,,,
acc,1778672603.0,22.0,-0.765625,4.035156,-10.261719,,,,,,,,,,
acc,1778672603.0,22.0,-0.613281,3.613281,-9.835938,,,,,,,,,,
acc,1778672603.0,22.0,-0.535156,3.804688,-10.179688,,,,,,,,,,
acc,1778672603.0,22.0,-0.574219,3.574219,-9.800781,,,,,,,,,,
acc,1778672603.0,22.0,-0.6875,3.0,-10.074219,,,,,,,,,,
acc,1778672603.0,22.0,-0.765625,3.382812,-10.070312,,,,,,,,,,
acc,1778672603.0,22.0,-0.6875,3.421875,-9.878906,,,,,,,,,,
acc,1778672603.0,22.0,-0.726562,3.152344,-9.800781,,,,,,,,,,
acc,1778672603.0,22.0,-0.726562,3.421875,-10.113281,,,,,,,,,,
acc,1778672603.0,22.0,-0.574219,3.613281,-9.613281,,,,,,,,,,
acc,1778672603.0,22.0,-0.535156,3.382812,-9.691406,,,,,,,,,,
acc,1778672603.0,22.0,-0.648438,3.191406,-9.953125,,,,,,,,,,
acc,1778672603.0,22.0,-0.6875,3.117188,-9.914062,,,,,,,,,,
acc,1778672603.0,22.0,-0.804688,3.117188,-10.070312,,,,,,,,,,
acc,1778672603.0,22.0,-0.765625,3.382812,-9.796875,,,,,,,,,,
acc,1778672603.0,22.0,-0.765625,3.308594,-9.917969,,,,,,,,,,
acc,1778672603.0,22.0,-0.613281,3.230469,-9.6875,,,,,,,,,,
acc,1778672603.0,22.0,-0.457031,3.652344,-9.914062,,,,,,,,,,
acc,1778672603.0,22.0,-0.574219,3.574219,-9.757812,,,,,,,,,,
acc,1778672603.0,22.0,-0.535156,3.34375,-9.835938,,,,,,,,,,
acc,1778672603.0,22.0,-0.574219,3.230469,-9.875,,,,,,,,,,
acc,1778672603.0,22.0,-0.574219,3.421875,-9.835938,,,,,,,,,,
acc,1778672603.0,22.0,-0.613281,3.34375,-9.730469,,,,,,,,,,
acc,1778672603.0,22.0,-0.648438,3.5,-9.652344,,,,,,,,,,
acc,1778672603.0,22.0,-0.613281,3.691406,-10.152344,,,,,,,,,,
acc,1778672603.0,22.0,-0.648438,3.535156,-9.796875,,,,,,,,,,
acc,1778672603.0,22.0,-0.765625,3.5,-9.957031,,,,,,,,,,
acc,1778672603.0,22.0,-0.726562,3.765625,-10.179688,,,,,,,,,,
acc,1778672603.0,22.0,-0.613281,3.652344,-9.914062,,,,,,,,,,
acc,1778672603.0,22.0,-0.648438,3.652344,-10.070312,,,,,,,,,,
acc,1778672603.0,22.0,-0.648438,3.882812,-10.152344,,,,,,,,,,
acc,1778672603.0,22.0,-0.726562,3.574219,-9.839844,,,,,,,,,,
acc,1778672603.0,22.0,-0.726562,3.882812,-10.148438,,,,,,,,,,
acc,1778672603.0,22.0,-0.648438,4.074219,-9.835938,,,,,,,,,,
acc,1778672603.0,22.0,-0.574219,3.84375,-10.035156,,,,,,,,,,
acc,1778672603.0,22.0,-0.574219,3.765625,-9.800781,,,,,,,,,,
acc,1778672603.0,22.0,-0.648438,3.726562,-10.113281,,,,,,,,,,
acc,1778672603.0,22.0,-0.613281,3.535156,-9.992188,,,,,,,,,,
acc,1778672603.0,22.0,-0.535156,3.574219,-9.957031,,,,,,,,,,
acc,1778672603.0,22.0,-0.574219,3.691406,-9.992188,,,,,,,,,,
acc,1778672603.0,22.0,-0.726562,3.574219,-9.878906,,,,,,,,,,
acc,1778672603.0,22.0,-0.648438,3.652344,-10.035156,,,,,,,,,,
acc,1778672603.0,22.0,-0.6875,3.882812,-9.835938,,,,,,,,,,
acc,1778672603.0,22.0,-0.648438,3.804688,-9.914062,,,,,,,,,,
acc,1778672603.0,22.0,-0.6875,3.421875,-9.878906,,,,,,,,,,
acc,1778672603.0,22.0,-0.726562,3.308594,-9.992188,,,,,,,,,,
acc,1778672603.0,22.0,-0.726562,3.382812,-9.914062,,,,,,,,,,
acc,1778672603.0,22.0,-0.574219,3.535156,-9.878906,,,,,,,,,,
acc,1778672603.0,22.0,-0.574219,3.691406,-9.648438,,,,,,,,,,
acc,1778672603.0,22.0,-0.574219,3.726562,-9.957031,,,,,,,,,,
acc,1778672603.0,22.0,-0.648438,3.5,-9.535156,,,,,,,,,,
acc,1778672603.0,22.0,-0.613281,3.460938,-10.074219,,,,,,,,,,
acc,1778672603.0,22.0,-0.6875,3.152344,-9.609375,,,,,,,,,,
acc,1778672603.0,22.0,-0.613281,3.5,-9.757812,,,,,,,,,,
acc,1778672603.0,22.0,-0.726562,3.535156,-9.914062,,,,,,,,,,
acc,1778672603.0,22.0,-0.839844,3.382812,-10.109375,,,,,,,,,,
acc,1778672603.0,22.0,-0.878906,3.535156,-9.800781,,,,,,,,,,
acc,1778672603.0,22.0,-0.917969,3.5,-10.300781,,,,,,,,,,
acc,1778672603.0,22.0,-0.804688,3.191406,-9.757812,,,,,,,,,,
acc,1778672603.0,22.0,-0.878906,3.382812,-10.21875,,,,,,,,,,
acc,1778672603.0,22.0,-0.917969,3.613281,-9.691406,,,,,,,,,,
acc,1778672603.0,22.0,-0.765625,3.726562,-9.761719,,,,,,,,,,
acc,1778672603.0,22.0,-0.765625,3.5,-9.957031,,,,,,,,,,
acc,1778672603.0,22.0,-0.804688,3.230469,-9.609375,,,,,,,,,,
acc,1778672603.0,22.0,-0.957031,3.574219,-9.917969,,,,,,,,,,
acc,1778672603.0,22.0,-0.957031,3.5,-9.757812,,,,,,,,,,
acc,1778672603.0,22.0,-0.839844,3.691406,-9.957031,,,,,,,,,,
acc,1778672603.0,22.0,-0.878906,3.996094,-9.953125,,,,,,,,,,
acc,1778672603.0,22.0,-0.917969,3.957031,-9.757812,,,,,,,,,,
acc,1778672603.0,22.0,-0.878906,3.765625,-9.6875,,,,,,,,,,
acc,1778672603.0,22.0,-0.765625,3.765625,-9.835938,,,,,,,,,,
acc,1778672603.0,22.0,-0.613281,3.765625,-9.613281,,,,,,,,,,
acc,1778672603.0,22.0,-0.765625,3.957031,-9.957031,,,,,,,,,,
acc,1778672603.0,22.0,-0.917969,3.652344,-9.800781,,,,,,,,,,
acc,1778672603.0,22.0,-0.917969,3.460938,-9.800781,,,,,,,,,,
acc,1778672604.0,23.0,-0.765625,3.574219,-9.835938,,,,,,,,,,
acc,1778672604.0,23.0,-0.726562,3.382812,-9.648438,,,,,,,,,,
acc,1778672604.0,23.0,-0.6875,3.84375,-9.800781,,,,,,,,,,
acc,1778672604.0,23.0,-0.765625,3.921875,-9.574219,,,,,,,,,,
acc,1778672604.0,23.0,-0.648438,3.726562,-9.878906,,,,,,,,,,
acc,1778672604.0,23.0,-0.648438,3.652344,-9.496094,,,,,,,,,,
acc,1778672604.0,23.0,-0.6875,3.691406,-9.761719,,,,,,,,,,
acc,1778672604.0,23.0,-0.804688,3.882812,-9.917969,,,,,,,,,,
acc,1778672604.0,23.0,-0.878906,3.691406,-9.652344,,,,,,,,,,
acc,1778672604.0,23.0,-0.878906,3.652344,-9.875,,,,,,,,,,
acc,1778672604.0,23.0,-0.804688,3.765625,-10.074219,,,,,,,,,,
acc,1778672604.0,23.0,-0.804688,3.574219,-9.914062,,,,,,,,,,
acc,1778672604.0,23.0,-0.878906,3.34375,-10.109375,,,,,,,,,,
acc,1778672604.0,23.0,-0.878906,3.460938,-9.875,,,,,,,,,,
acc,1778672604.0,23.0,-0.839844,3.613281,-9.648438,,,,,,,,,,
acc,1778672604.0,23.0,-0.726562,3.460938,-9.953125,,,,,,,,,,
acc,1778672604.0,23.0,-0.648438,3.152344,-9.308594,,,,,,,,,,
acc,1778672604.0,23.0,-0.6875,3.421875,-9.878906,,,,,,,,,,
acc,1778672604.0,23.0,-0.804688,3.308594,-9.570312,,,,,,,,,,
acc,1778672604.0,23.0,-0.765625,3.152344,-9.878906,,,,,,,,,,
acc,1778672604.0,23.0,-0.839844,3.460938,-9.453125,,,,,,,,,,
acc,1778672604.0,23.0,-0.878906,3.535156,-9.992188,,,,,,,,,,
acc,1778672604.0,23.0,-0.726562,3.34375,-9.757812,,,,,,,,,,
acc,1778672604.0,23.0,-0.6875,3.269531,-9.574219,,,,,,,,,,
acc,1778672604.0,23.0,-0.648438,3.382812,-9.839844,,,,,,,,,,
acc,1778672604.0,23.0,-0.574219,3.308594,-9.457031,,,,,,,,,,
acc,1778672604.0,23.0,-0.613281,3.5,-9.730469,,,,,,,,,,
acc,1778672604.0,23.0,-0.6875,3.691406,-9.570312,,,,,,,,,,
acc,1778672604.0,23.0,-0.535156,3.652344,-9.730469,,,,,,,,,,
acc,1778672604.0,23.0,-0.535156,3.613281,-9.53125,,,,,,,,,,
acc,1778672604.0,23.0,-0.574219,3.34375,-9.535156,,,,,,,,,,
acc,1778672604.0,23.0,-0.574219,3.308594,-9.796875,,,,,,,,,,
acc,1778672604.0,23.0,-0.417969,3.574219,-9.761719,,,,,,,,,,
acc,1778672604.0,23.0,-0.496094,3.613281,-9.453125,,,,,,,,,,
acc,1778672604.0,23.0,-0.574219,3.726562,-9.839844,,,,,,,,,,
acc,1778672604.0,23.0,-0.457031,3.804688,-9.761719,,,,,,,,,,
acc,1778672604.0,23.0,-0.382812,3.308594,-9.453125,,,,,,,,,,
acc,1778672604.0,23.0,-0.457031,3.460938,-9.914062,,,,,,,,,,
acc,1778672604.0,23.0,-0.382812,3.652344,-9.730469,,,,,,,,,,
acc,1778672604.0,23.0,-0.417969,3.996094,-9.757812,,,,,,,,,,
acc,1778672604.0,23.0,-0.726562,3.921875,-9.796875,,,,,,,,,,
acc,1778672604.0,23.0,-0.726562,4.035156,-9.992188,,,,,,,,,,
acc,1778672604.0,23.0,-0.839844,4.1875,-9.835938,,,,,,,,,,
acc,1778672604.0,23.0,-0.648438,3.765625,-9.730469,,,,,,,,,,
acc,1778672604.0,23.0,-0.535156,3.726562,-9.492188,,,,,,,,,,
acc,1778672604.0,23.0,-0.6875,3.996094,-9.574219,,,,,,,,,,
acc,1778672604.0,23.0,-0.957031,4.226562,-9.757812,,,,,,,,,,
acc,1778672604.0,23.0,-0.804688,4.339844,-9.496094,,,,,,,,,,
acc,1778672604.0,23.0,-0.726562,4.148438,-10.113281,,,,,,,,,,
acc,1778672604.0,23.0,-0.726562,4.113281,-9.414062,,,,,,,,,,
acc,1778672604.0,23.0,-0.917969,4.265625,-9.796875,,,,,,,,,,
acc,1778672604.0,23.0,-0.765625,3.921875,-9.574219,,,,,,,,,,
acc,1778672604.0,23.0,-0.839844,4.1875,-9.609375,,,,,,,,,,
acc,1778672604.0,23.0,-0.804688,4.1875,-9.878906,,,,,,,,,,
acc,1778672604.0,23.0,-0.765625,4.074219,-9.304688,,,,,,,,,,
acc,1778672604.0,23.0,-0.917969,4.226562,-9.691406,,,,,,,,,,
acc,1778672604.0,23.0,-0.6875,3.882812,-9.609375,,,,,,,,,,
acc,1778672604.0,23.0,-0.613281,3.882812,-9.148438,,,,,,,,,,
acc,1778672604.0,23.0,-0.765625,4.035156,-9.6875,,,,,,,,,,
acc,1778672604.0,23.0,-0.726562,4.113281,-9.730469,,,,,,,,,,
acc,1778672604.0,23.0,-0.726562,3.996094,-9.347656,,,,,,,,,,
acc,1778672604.0,23.0,-0.535156,3.996094,-9.757812,,,,,,,,,,
acc,1778672604.0,23.0,-0.457031,4.035156,-9.757812,,,,,,,,,,
acc,1778672604.0,23.0,-0.648438,3.957031,-9.535156,,,,,,,,,,
acc,1778672604.0,23.0,-0.613281,4.074219,-9.726562,,,,,,,,,,
acc,1778672604.0,23.0,-0.613281,3.882812,-9.609375,,,,,,,,,,
acc,1778672604.0,23.0,-0.648438,3.574219,-9.757812,,,,,,,,,,
acc,1778672604.0,23.0,-0.535156,3.691406,-9.6875,,,,,,,,,,
acc,1778672604.0,23.0,-0.648438,3.882812,-9.796875,,,,,,,,,,
acc,1778672604.0,23.0,-0.648438,3.765625,-10.148438,,,,,,,,,,
acc,1778672604.0,23.0,-0.6875,3.613281,-10.074219,,,,,,,,,,
acc,1778672604.0,23.0,-0.804688,3.613281,-9.878906,,,,,,,,,,
acc,1778672604.0,23.0,-0.613281,3.460938,-10.148438,,,,,,,,,,
acc,1778672604.0,23.0,-0.417969,3.382812,-9.835938,,,,,,,,,,
acc,1778672604.0,23.0,-0.574219,3.421875,-9.914062,,,,,,,,,,
acc,1778672604.0,23.0,-0.574219,3.460938,-10.179688,,,,,,,,,,
acc,1778672604.0,23.0,-0.535156,3.613281,-9.875,,,,,,,,,,
acc,1778672604.0,23.0,-0.496094,3.804688,-9.996094,,,,,,,,,,
acc,1778672604.0,23.0,-0.417969,3.5,-10.109375,,,,,,,,,,
acc,1778672604.0,23.0,-0.496094,3.574219,-9.957031,,,,,,,,,,
acc,1778672604.0,23.0,-0.496094,3.882812,-9.992188,,,,,,,,,,
acc,1778672604.0,23.0,-0.304688,3.882812,-9.917969,,,,,,,,,,
acc,1778672604.0,23.0,-0.34375,3.804688,-9.613281,,,,,,,,,,
acc,1778672604.0,23.0,-0.417969,3.921875,-10.035156,,,,,,,,,,
acc,1778672604.0,23.0,-0.417969,3.613281,-9.609375,,,,,,,,,,
acc,1778672604.0,23.0,-0.265625,3.574219,-9.730469,,,,,,,,,,
acc,1778672604.0,23.0,-0.265625,3.535156,-9.917969,,,,,,,,,,
acc,1778672604.0,23.0,-0.417969,3.460938,-9.574219,,,,,,,,,,
acc,1778672604.0,23.0,-0.417969,3.726562,-9.835938,,,,,,,,,,
acc,1778672604.0,23.0,-0.265625,3.726562,-9.6875,,,,,,,,,,
acc,1778672604.0,23.0,-0.074219,3.957031,-9.726562,,,,,,,,,,
acc,1778672604.0,23.0,-0.226562,4.304688,-9.570312,,,,,,,,,,
acc,1778672604.0,23.0,-0.191406,4.074219,-9.609375,,,,,,,,,,
acc,1778672604.0,23.0,-0.191406,4.074219,-9.648438,,,,,,,,,,
acc,1778672604.0,23.0,-0.113281,4.113281,-10.03125,,,,,,,,,,
acc,1778672604.0,23.0,-0.152344,4.148438,-9.878906,,,,,,,,,,
acc,1778672604.0,23.0,-0.152344,4.339844,-9.875,,,,,,,,,,
acc,1778672604.0,23.0,-0.152344,3.996094,-9.835938,,,,,,,,,,
acc,1778672604.0,23.0,-0.074219,3.726562,-9.917969,,,,,,,,,,
acc,1778672604.0,23.0,-0.265625,4.035156,-9.796875,,,,,,,,,,
acc,1778672604.0,23.0,-0.496094,4.035156,-9.953125,,,,,,,,,,
acc,1778672604.0,23.0,-0.382812,3.882812,-9.992188,,,,,,,,,,
acc,1778672604.0,23.0,-0.265625,3.726562,-9.6875,,,,,,,,,,
acc,1778672604.0,23.0,-0.191406,3.691406,-9.992188,,,,,,,,,,
acc,1778672604.0,23.0,-0.226562,3.691406,-9.878906,,,,,,,,,,
acc,1778672604.0,23.0,-0.417969,3.804688,-9.957031,,,,,,,,,,
acc,1778672604.0,23.0,-0.457031,3.765625,-9.839844,,,,,,,,,,
acc,1778672604.0,23.0,-0.34375,3.652344,-10.03125,,,,,,,,,,
acc,1778672604.0,23.0,-0.382812,3.765625,-9.878906,,,,,,,,,,
acc,1778672604.0,23.0,-0.496094,3.804688,-9.839844,,,,,,,,,,
acc,1778672604.0,23.0,-0.496094,3.765625,-9.996094,,,,,,,,,,
acc,1778672604.0,23.0,-0.457031,3.921875,-9.917969,,,,,,,,,,
acc,1778672604.0,23.0,-0.496094,3.726562,-9.953125,,,,,,,,,,
acc,1778672604.0,23.0,-0.535156,3.652344,-10.074219,,,,,,,,,,
acc,1778672604.0,23.0,-0.574219,3.765625,-9.992188,,,,,,,,,,
acc,1778672604.0,23.0,-0.613281,3.804688,-9.796875,,,,,,,,,,
acc,1778672604.0,23.0,-0.457031,3.726562,-10.074219,,,,,,,,,,
acc,1778672604.0,23.0,-0.34375,3.996094,-9.757812,,,,,,,,,,
acc,1778672604.0,23.0,-0.457031,4.074219,-9.761719,,,,,,,,,,
acc,1778672604.0,23.0,-0.535156,3.726562,-9.800781,,,,,,,,,,
acc,1778672604.0,23.0,-0.34375,3.726562,-9.835938,,,,,,,,,,
acc,1778672604.0,23.0,-0.304688,3.535156,-9.496094,,,,,,,,,,
acc,1778672604.0,23.0,-0.34375,3.34375,-9.835938,,,,,,,,,,
acc,1778672604.0,23.0,-0.226562,3.460938,-9.730469,,,,,,,,,,
acc,1778672604.0,23.0,-0.226562,3.382812,-9.648438,,,,,,,,,,
acc,1778672604.0,23.0,0.039062,3.613281,-10.074219,,,,,,,,,,
acc,1778672604.0,23.0,-0.035156,3.460938,-9.648438,,,,,,,,,,
acc,1778672604.0,23.0,-0.304688,3.191406,-9.875,,,,,,,,,,
acc,1778672605.0,24.0,-0.34375,3.191406,-10.070312,,,,,,,,,,
acc,1778672605.0,24.0,-0.265625,3.039062,-10.035156,,,,,,,,,,
acc,1778672605.0,24.0,-0.382812,3.117188,-9.875,,,,,,,,,,
acc,1778672605.0,24.0,-0.417969,3.117188,-10.21875,,,,,,,,,,
acc,1778672605.0,24.0,-0.417969,3.421875,-9.878906,,,,,,,,,,
acc,1778672605.0,24.0,-0.382812,3.613281,-9.835938,,,,,,,,,,
acc,1778672605.0,24.0,-0.304688,3.613281,-10.035156,,,,,,,,,,
acc,1778672605.0,24.0,-0.382812,3.726562,-9.648438,,,,,,,,,,
acc,1778672605.0,24.0,-0.535156,3.957031,-9.914062,,,,,,,,,,
acc,1778672605.0,24.0,-0.34375,3.726562,-9.730469,,,,,,,,,,
acc,1778672605.0,24.0,-0.226562,3.765625,-9.613281,,,,,,,,,,
acc,1778672605.0,24.0,-0.191406,3.691406,-9.992188,,,,,,,,,,
acc,1778672605.0,24.0,-0.265625,3.5,-9.726562,,,,,,,,,,
acc,1778672605.0,24.0,-0.304688,3.421875,-9.800781,,,,,,,,,,
acc,1778672605.0,24.0,-0.304688,3.804688,-9.992188,,,,,,,,,,
acc,1778672605.0,24.0,-0.265625,4.074219,-9.691406,,,,,,,,,,
acc,1778672605.0,24.0,-0.417969,4.074219,-9.457031,,,,,,,,,,
acc,1778672605.0,24.0,-0.34375,4.457031,-9.914062,,,,,,,,,,
acc,1778672605.0,24.0,-0.304688,4.1875,-9.269531,,,,,,,,,,
acc,1778672605.0,24.0,-0.34375,4.148438,-9.839844,,,,,,,,,,
acc,1778672605.0,24.0,-0.457031,4.148438,-9.496094,,,,,,,,,,
acc,1778672605.0,24.0,-0.382812,4.074219,-9.570312,,,,,,,,,,
acc,1778672605.0,24.0,-0.265625,4.035156,-9.535156,,,,,,,,,,
acc,1778672605.0,24.0,-0.34375,4.417969,-9.347656,,,,,,,,,,
acc,1778672605.0,24.0,-0.34375,4.570312,-9.800781,,,,,,,,,,
acc,1778672605.0,24.0,-0.226562,4.1875,-9.453125,,,,,,,,,,
acc,1778672605.0,24.0,-0.113281,4.074219,-9.613281,,,,,,,,,,
acc,1778672605.0,24.0,-0.035156,3.804688,-9.726562,,,,,,,,,,
acc,1778672605.0,24.0,-0.074219,3.191406,-9.414062,,,,,,,,,,
acc,1778672605.0,24.0,-0.152344,3.039062,-9.800781,,,,,,,,,,
acc,1778672605.0,24.0,-0.34375,3.0,-9.453125,,,,,,,,,,
acc,1778672605.0,24.0,-0.417969,3.652344,-9.757812,,,,,,,,,,
acc,1778672605.0,24.0,-0.613281,3.882812,-9.992188,,,,,,,,,,
acc,1778672605.0,24.0,-0.535156,3.882812,-9.835938,,,,,,,,,,
acc,1778672605.0,24.0,-0.417969,3.460938,-9.757812,,,,,,,,,,
acc,1778672605.0,24.0,-0.613281,3.039062,-9.875,,,,,,,,,,
acc,1778672605.0,24.0,-0.648438,2.960938,-9.957031,,,,,,,,,,
acc,1778672605.0,24.0,-0.34375,3.0,-9.875,,,,,,,,,,
acc,1778672605.0,24.0,-0.496094,3.230469,-9.761719,,,,,,,,,,
acc,1778672605.0,24.0,-0.535156,3.574219,-10.179688,,,,,,,,,,
acc,1778672605.0,24.0,-0.496094,3.574219,-9.839844,,,,,,,,,,
acc,1778672605.0,24.0,-0.417969,3.957031,-9.800781,,,,,,,,,,
acc,1778672605.0,24.0,-0.382812,4.1875,-9.875,,,,,,,,,,
acc,1778672605.0,24.0,-0.304688,4.226562,-9.613281,,,,,,,,,,
acc,1778672605.0,24.0,-0.265625,4.226562,-9.839844,,,,,,,,,,
acc,1778672605.0,24.0,-0.074219,3.691406,-9.648438,,,,,,,,,,
acc,1778672605.0,24.0,0.0,3.84375,-9.757812,,,,,,,,,,
acc,1778672605.0,24.0,-0.265625,3.765625,-9.800781,,,,,,,,,,
acc,1778672605.0,24.0,-0.265625,3.691406,-10.183594,,,,,,,,,,
acc,1778672605.0,24.0,-0.34375,3.882812,-9.875,,,,,,,,,,
acc,1778672605.0,24.0,-0.417969,3.957031,-9.992188,,,,,,,,,,
acc,1778672605.0,24.0,-0.574219,4.570312,-9.839844,,,,,,,,,,
acc,1778672605.0,24.0,-0.417969,5.109375,-9.457031,,,,,,,,,,
acc,1778672605.0,24.0,-0.265625,5.070312,-9.761719,,,,,,,,,,
acc,1778672605.0,24.0,-0.113281,4.878906,-9.414062,,,,,,,,,,
acc,1778672605.0,24.0,-0.226562,4.226562,-9.574219,,,,,,,,,,
acc,1778672605.0,24.0,-0.074219,3.84375,-9.726562,,,,,,,,,,
acc,1778672605.0,24.0,-0.074219,3.765625,-9.53125,,,,,,,,,,
acc,1778672605.0,24.0,-0.074219,3.804688,-9.648438,,,,,,,,,,
acc,1778672605.0,24.0,-0.074219,4.035156,-9.613281,,,,,,,,,,
acc,1778672605.0,24.0,-0.074219,3.882812,-9.996094,,,,,,,,,,
acc,1778672605.0,24.0,-0.152344,3.957031,-9.492188,,,,,,,,,,
acc,1778672605.0,24.0,-0.113281,3.691406,-9.839844,,,,,,,,,,
acc,1778672605.0,24.0,-0.191406,2.925781,-10.222656,,,,,,,,,,
acc,1778672605.0,24.0,-0.265625,2.769531,-9.878906,,,,,,,,,,
acc,1778672605.0,24.0,-0.304688,3.039062,-10.605469,,,,,,,,,,
acc,1778672605.0,24.0,-0.226562,2.503906,-9.878906,,,,,,,,,,
acc,1778672605.0,24.0,0.039062,3.230469,-9.878906,,,,,,,,,,
acc,1778672605.0,24.0,0.230469,3.921875,-9.875,,,,,,,,,,
acc,1778672605.0,24.0,0.230469,3.996094,-9.570312,,,,,,,,,,
acc,1778672605.0,24.0,0.0,3.34375,-9.835938,,,,,,,,,,
acc,1778672605.0,24.0,-0.113281,2.925781,-9.875,,,,,,,,,,
acc,1778672605.0,24.0,-0.035156,3.382812,-10.074219,,,,,,,,,,
acc,1778672605.0,24.0,-0.191406,3.269531,-9.796875,,,,,,,,,,
acc,1778672605.0,24.0,-0.035156,3.84375,-9.875,,,,,,,,,,
acc,1778672605.0,24.0,-0.113281,4.1875,-9.835938,,,,,,,,,,
acc,1778672605.0,24.0,-0.265625,3.5,-9.957031,,,,,,,,,,
acc,1778672605.0,24.0,-0.34375,4.074219,-9.761719,,,,,,,,,,
acc,1778672605.0,24.0,-0.265625,3.804688,-10.148438,,,,,,,,,,
acc,1778672605.0,24.0,-0.304688,3.765625,-9.835938,,,,,,,,,,
acc,1778672605.0,24.0,-0.417969,3.882812,-10.074219,,,,,,,,,,
acc,1778672605.0,24.0,-0.417969,3.535156,-10.21875,,,,,,,,,,
acc,1778672605.0,24.0,-0.457031,3.421875,-9.839844,,,,,,,,,,
acc,1778672605.0,24.0,-0.496094,3.230469,-10.179688,,,,,,,,,,
acc,1778672605.0,24.0,-0.535156,3.535156,-9.757812,,,,,,,,,,
acc,1778672605.0,24.0,-0.648438,3.5,-9.917969,,,,,,,,,,
acc,1778672605.0,24.0,-0.574219,3.652344,-9.957031,,,,,,,,,,
acc,1778672605.0,24.0,-0.535156,4.304688,-9.570312,,,,,,,,,,
acc,1778672605.0,24.0,-0.457031,4.339844,-9.914062,,,,,,,,,,
acc,1778672605.0,24.0,-0.417969,4.339844,-9.53125,,,,,,,,,,
acc,1778672605.0,24.0,-0.382812,3.921875,-9.652344,,,,,,,,,,
acc,1778672605.0,24.0,-0.417969,3.765625,-9.796875,,,,,,,,,,
acc,1778672605.0,24.0,-0.574219,3.726562,-9.761719,,,,,,,,,,
acc,1778672605.0,24.0,-0.457031,3.34375,-10.21875,,,,,,,,,,
acc,1778672605.0,24.0,-0.574219,3.308594,-9.570312,,,,,,,,,,
acc,1778672605.0,24.0,-0.726562,3.34375,-10.335938,,,,,,,,,,
acc,1778672605.0,24.0,-0.6875,3.5,-9.914062,,,,,,,,,,
acc,1778672605.0,24.0,-0.613281,3.804688,-9.457031,,,,,,,,,,
acc,1778672605.0,24.0,-0.457031,3.726562,-10.375,,,,,,,,,,
acc,1778672605.0,24.0,-0.457031,3.308594,-9.347656,,,,,,,,,,
acc,1778672605.0,24.0,-0.574219,3.460938,-9.917969,,,,,,,,,,
acc,1778672605.0,24.0,-0.535156,3.5,-10.183594,,,,,,,,,,
acc,1778672605.0,24.0,-0.382812,3.269531,-9.875,,,,,,,,,,
acc,1778672605.0,24.0,-0.496094,3.535156,-10.03125,,,,,,,,,,
acc,1778672605.0,24.0,-0.574219,3.5,-10.179688,,,,,,,,,,
acc,1778672605.0,24.0,-0.574219,3.726562,-10.035156,,,,,,,,,,
acc,1778672605.0,24.0,-0.496094,3.804688,-10.113281,,,,,,,,,,
acc,1778672605.0,24.0,-0.457031,3.84375,-10.21875,,,,,,,,,,
acc,1778672605.0,24.0,-0.574219,3.652344,-10.152344,,,,,,,,,,
acc,1778672605.0,24.0,-0.496094,4.035156,-9.835938,,,,,,,,,,
acc,1778672605.0,24.0,-0.457031,3.996094,-10.074219,,,,,,,,,,
acc,1778672605.0,24.0,-0.457031,4.148438,-9.613281,,,,,,,,,,
acc,1778672605.0,24.0,-0.457031,4.226562,-9.953125,,,,,,,,,,
acc,1778672605.0,24.0,-0.496094,3.921875,-9.996094,,,,,,,,,,
acc,1778672605.0,24.0,-0.304688,4.1875,-9.839844,,,,,,,,,,
acc,1778672605.0,24.0,-0.34375,3.84375,-9.953125,,,,,,,,,,
acc,1778672605.0,24.0,-0.457031,3.652344,-9.730469,,,,,,,,,,
acc,1778672605.0,24.0,-0.265625,3.535156,-9.878906,,,,,,,,,,
acc,1778672605.0,24.0,0.0,3.117188,-9.414062,,,,,,,,,,
acc,1778672605.0,24.0,0.0,3.5,-9.875,,,,,,,,,,
acc,1778672605.0,24.0,-0.152344,3.574219,-9.535156,,,,,,,,,,
acc,1778672605.0,24.0,-0.191406,3.613281,-9.839844,,,,,,,,,,
acc,1778672605.0,24.0,-0.074219,4.148438,-9.609375,,,,,,,,,,
acc,1778672605.0,24.0,-0.226562,4.1875,-9.574219,,,,,,,,,,
acc,1778672605.0,24.0,-0.34375,4.339844,-9.492188,,,,,,,,,,
acc,1778672605.0,24.0,-0.457031,4.378906,-9.648438,,,,,,,,,,
acc,1778672605.0,24.0,-0.496094,3.957031,-9.414062,,,,,,,,,,
acc,1778672605.0,24.0,-0.34375,3.574219,-9.6875,,,,,,,,,,
acc,1778672606.0,25.0,-0.382812,3.34375,-9.691406,,,,,,,,,,
acc,1778672606.0,25.0,-0.496094,3.613281,-9.691406,,,,,,,,,,
acc,1778672606.0,25.0,-0.574219,3.726562,-9.570312,,,,,,,,,,
acc,1778672606.0,25.0,-0.191406,3.574219,-9.875,,,,,,,,,,
acc,1778672606.0,25.0,0.0,3.882812,-9.414062,,,,,,,,,,
acc,1778672606.0,25.0,-0.226562,3.882812,-9.730469,,,,,,,,,,
acc,1778672606.0,25.0,-0.265625,3.765625,-9.730469,,,,,,,,,,
acc,1778672606.0,25.0,-0.457031,3.882812,-9.414062,,,,,,,,,,
acc,1778672606.0,25.0,-0.726562,4.265625,-9.570312,,,,,,,,,,
acc,1778672606.0,25.0,-0.726562,4.722656,-9.691406,,,,,,,,,,
acc,1778672606.0,25.0,-0.6875,4.878906,-9.375,,,,,,,,,,
acc,1778672606.0,25.0,-0.6875,4.761719,-9.230469,,,,,,,,,,
acc,1778672606.0,25.0,-0.726562,4.878906,-9.304688,,,,,,,,,,
acc,1778672606.0,25.0,-0.726562,5.261719,-9.375,,,,,,,,,,
acc,1778672606.0,25.0,-0.648438,5.300781,-9.148438,,,,,,,,,,
acc,1778672606.0,25.0,-0.457031,4.878906,-9.609375,,,,,,,,,,
acc,1778672606.0,25.0,-0.34375,4.339844,-9.453125,,,,,,,,,,
acc,1778672606.0,25.0,-0.152344,4.035156,-9.691406,,,,,,,,,,
acc,1778672606.0,25.0,-0.226562,3.535156,-9.648438,,,,,,,,,,
acc,1778672606.0,25.0,-0.304688,3.691406,-9.835938,,,,,,,,,,
acc,1778672606.0,25.0,-0.265625,3.765625,-9.914062,,,,,,,,,,
acc,1778672606.0,25.0,-0.265625,3.613281,-9.535156,,,,,,,,,,
acc,1778672606.0,25.0,-0.382812,4.304688,-9.613281,,,,,,,,,,
acc,1778672606.0,25.0,-0.226562,3.996094,-9.414062,,,,,,,,,,
acc,1778672606.0,25.0,-0.34375,3.921875,-9.570312,,,,,,,,,,
acc,1778672606.0,25.0,-0.382812,3.613281,-9.800781,,,,,,,,,,
acc,1778672606.0,25.0,-0.265625,3.308594,-9.761719,,,,,,,,,,
acc,1778672606.0,25.0,-0.265625,3.421875,-9.914062,,,,,,,,,,
acc,1778672606.0,25.0,-0.34375,3.460938,-9.875,,,,,,,,,,
acc,1778672606.0,25.0,-0.304688,3.382812,-9.917969,,,,,,,,,,
acc,1778672606.0,25.0,-0.113281,3.957031,-9.835938,,,,,,,,,,
acc,1778672606.0,25.0,-0.074219,4.304688,-9.453125,,,,,,,,,,
acc,1778672606.0,25.0,0.078125,4.839844,-9.375,,,,,,,,,,
acc,1778672606.0,25.0,0.039062,4.800781,-9.34375,,,,,,,,,,
acc,1778672606.0,25.0,-0.113281,4.074219,-9.417969,,,,,,,,,,
acc,1778672606.0,25.0,-0.074219,3.84375,-9.726562,,,,,,,,,,
acc,1778672606.0,25.0,-0.074219,3.765625,-9.609375,,,,,,,,,,
acc,1778672606.0,25.0,-0.226562,3.613281,-9.609375,,,,,,,,,,
acc,1778672606.0,25.0,-0.191406,3.804688,-9.492188,,,,,,,,,,
acc,1778672606.0,25.0,-0.191406,4.226562,-9.570312,,,,,,,,,,
acc,1778672606.0,25.0,-0.113281,3.996094,-9.691406,,,,,,,,,,
acc,1778672606.0,25.0,-0.226562,3.804688,-9.570312,,,,,,,,,,
acc,1778672606.0,25.0,-0.34375,3.691406,-9.726562,,,,,,,,,,
acc,1778672606.0,25.0,-0.304688,3.726562,-9.6875,,,,,,,,,,
acc,1778672606.0,25.0,-0.113281,4.074219,-9.34375,,,,,,,,,,
acc,1778672606.0,25.0,0.117188,4.265625,-9.308594,,,,,,,,,,
acc,1778672606.0,25.0,0.117188,4.609375,-8.925781,,,,,,,,,,
acc,1778672606.0,25.0,0.039062,4.226562,-9.109375,,,,,,,,,,
acc,1778672606.0,25.0,0.039062,4.074219,-9.269531,,,,,,,,,,
acc,1778672606.0,25.0,0.0,4.417969,-9.191406,,,,,,,,,,
acc,1778672606.0,25.0,-0.191406,4.148438,-9.492188,,,,,,,,,,
acc,1778672606.0,25.0,-0.074219,3.996094,-9.957031,,,,,,,,,,
acc,1778672606.0,25.0,-0.113281,3.5,-9.230469,,,,,,,,,,
acc,1778672606.0,25.0,-0.265625,3.382812,-10.070312,,,,,,,,,,
acc,1778672606.0,25.0,-0.34375,3.230469,-10.152344,,,,,,,,,,
acc,1778672606.0,25.0,-0.34375,3.152344,-9.800781,,,,,,,,,,
acc,1778672606.0,25.0,-0.496094,3.078125,-10.257812,,,,,,,,,,
acc,1778672606.0,25.0,-0.265625,3.117188,-9.917969,,,,,,,,,,
acc,1778672606.0,25.0,-0.226562,3.34375,-9.875,,,,,,,,,,
acc,1778672606.0,25.0,-0.34375,3.117188,-9.648438,,,,,,,,,,
acc,1778672606.0,25.0,-0.191406,3.460938,-10.070312,,,,,,,,,,
acc,1778672606.0,25.0,-0.191406,3.460938,-9.726562,,,,,,,,,,
acc,1778672606.0,25.0,-0.265625,3.421875,-10.109375,,,,,,,,,,
acc,1778672606.0,25.0,-0.34375,3.84375,-9.835938,,,,,,,,,,
acc,1778672606.0,25.0,-0.191406,3.882812,-9.957031,,,,,,,,,,
acc,1778672606.0,25.0,-0.191406,3.613281,-9.996094,,,,,,,,,,
acc,1778672606.0,25.0,-0.34375,3.574219,-9.796875,,,,,,,,,,
acc,1778672606.0,25.0,-0.417969,3.460938,-9.992188,,,,,,,,,,
acc,1778672606.0,25.0,-0.417969,3.460938,-10.03125,,,,,,,,,,
acc,1778672606.0,25.0,-0.382812,3.652344,-9.800781,,,,,,,,,,
acc,1778672606.0,25.0,-0.226562,3.804688,-10.179688,,,,,,,,,,
acc,1778672606.0,25.0,-0.226562,3.613281,-9.800781,,,,,,,,,,
acc,1778672606.0,25.0,-0.304688,3.421875,-9.914062,,,,,,,,,,
acc,1778672606.0,25.0,-0.226562,3.230469,-10.113281,,,,,,,,,,
acc,1778672606.0,25.0,-0.113281,3.117188,-9.730469,,,,,,,,,,
acc,1778672606.0,25.0,-0.457031,3.726562,-9.800781,,,,,,,,,,
acc,1778672606.0,25.0,-0.382812,3.613281,-10.109375,,,,,,,,,,
acc,1778672606.0,25.0,-0.304688,3.84375,-9.957031,,,,,,,,,,
acc,1778672606.0,25.0,-0.34375,4.035156,-9.691406,,,,,,,,,,
acc,1778672606.0,25.0,-0.226562,3.84375,-10.183594,,,,,,,,,,
acc,1778672606.0,25.0,-0.113281,3.613281,-9.730469,,,,,,,,,,
acc,1778672606.0,25.0,-0.265625,3.5,-9.726562,,,,,,,,,,
acc,1778672606.0,25.0,-0.152344,3.078125,-10.03125,,,,,,,,,,
acc,1778672606.0,25.0,-0.152344,3.117188,-9.609375,,,,,,,,,,
acc,1778672606.0,25.0,-0.382812,3.308594,-10.183594,,,,,,,,,,
acc,1778672606.0,25.0,-0.34375,3.078125,-9.914062,,,,,,,,,,
acc,1778672606.0,25.0,-0.265625,3.460938,-10.035156,,,,,,,,,,
acc,1778672606.0,25.0,-0.191406,3.652344,-9.957031,,,,,,,,,,
acc,1778672606.0,25.0,-0.152344,3.574219,-9.878906,,,,,,,,,,
acc,1778672606.0,25.0,-0.265625,3.765625,-9.800781,,,,,,,,,,
acc,1778672606.0,25.0,-0.265625,3.535156,-10.070312,,,,,,,,,,
acc,1778672606.0,25.0,-0.152344,3.34375,-9.730469,,,,,,,,,,
acc,1778672606.0,25.0,-0.265625,3.421875,-9.835938,,,,,,,,,,
acc,1778672606.0,25.0,-0.226562,3.382812,-9.992188,,,,,,,,,,
acc,1778672606.0,25.0,-0.152344,3.308594,-9.800781,,,,,,,,,,
acc,1778672606.0,25.0,-0.226562,3.535156,-9.757812,,,,,,,,,,
acc,1778672606.0,25.0,-0.382812,3.5,-9.835938,,,,,,,,,,
acc,1778672606.0,25.0,-0.417969,3.804688,-10.070312,,,,,,,,,,
acc,1778672606.0,25.0,-0.34375,4.1875,-9.730469,,,,,,,,,,
acc,1778672606.0,25.0,-0.417969,3.882812,-9.914062,,,,,,,,,,
acc,1778672606.0,25.0,-0.304688,3.652344,-9.457031,,,,,,,,,,
acc,1778672606.0,25.0,-0.152344,3.308594,-9.953125,,,,,,,,,,
acc,1778672606.0,25.0,-0.226562,3.078125,-9.609375,,,,,,,,,,
acc,1778672606.0,25.0,-0.34375,3.269531,-9.953125,,,,,,,,,,
acc,1778672606.0,25.0,-0.457031,3.5,-9.835938,,,,,,,,,,
acc,1778672606.0,25.0,-0.304688,3.691406,-9.992188,,,,,,,,,,
acc,1778672606.0,25.0,-0.226562,3.84375,-9.914062,,,,,,,,,,
acc,1778672606.0,25.0,-0.265625,3.726562,-9.652344,,,,,,,,,,
acc,1778672606.0,25.0,-0.382812,3.765625,-9.878906,,,,,,,,,,
acc,1778672606.0,25.0,-0.382812,3.574219,-9.570312,,,,,,,,,,
acc,1778672606.0,25.0,-0.304688,3.613281,-9.6875,,,,,,,,,,
acc,1778672606.0,25.0,-0.265625,3.804688,-9.800781,,,,,,,,,,
acc,1778672606.0,25.0,-0.382812,3.535156,-9.53125,,,,,,,,,,
acc,1778672606.0,25.0,-0.382812,3.765625,-9.796875,,,,,,,,,,
acc,1778672606.0,25.0,-0.265625,3.765625,-9.757812,,,,,,,,,,
acc,1778672606.0,25.0,-0.152344,3.726562,-9.875,,,,,,,,,,
acc,1778672606.0,25.0,-0.226562,3.765625,-9.839844,,,,,,,,,,
acc,1778672606.0,25.0,-0.226562,3.726562,-9.914062,,,,,,,,,,
acc,1778672606.0,25.0,-0.074219,3.5,-9.917969,,,,,,,,,,
acc,1778672606.0,25.0,0.039062,3.382812,-9.757812,,,,,,,,,,
acc,1778672606.0,25.0,0.0,3.574219,-9.761719,,,,,,,,,,
acc,1778672606.0,25.0,-0.265625,3.726562,-9.917969,,,,,,,,,,
acc,1778672606.0,25.0,-0.457031,3.382812,-9.757812,,,,,,,,,,
acc,1778672606.0,25.0,-0.34375,3.574219,-10.035156,,,,,,,,,,
acc,1778672606.0,25.0,-0.191406,3.5,-9.917969,,,,,,,,,,
acc,1778672606.0,25.0,-0.191406,3.804688,-9.953125,,,,,,,,,,
acc,1778672606.0,25.0,-0.226562,3.84375,-9.648438,,,,,,,,,,
acc,1778672606.0,25.0,-0.265625,3.726562,-9.996094,,,,,,,,,,
acc,1778672606.0,25.0,-0.304688,3.957031,-9.726562,,,,,,,,,,
acc,1778672607.0,26.0,-0.34375,3.84375,-9.730469,,,,,,,,,,
acc,1778672607.0,26.0,-0.304688,3.535156,-10.035156,,,,,,,,,,
acc,1778672607.0,26.0,-0.265625,3.191406,-9.648438,,,,,,,,,,
acc,1778672607.0,26.0,-0.191406,3.34375,-9.996094,,,,,,,,,,
acc,1778672607.0,26.0,-0.226562,3.5,-9.757812,,,,,,,,,,
acc,1778672607.0,26.0,-0.304688,3.382812,-9.796875,,,,,,,,,,
acc,1778672607.0,26.0,-0.226562,3.535156,-10.03125,,,,,,,,,,
acc,1778672607.0,26.0,-0.152344,3.765625,-9.652344,,,,,,,,,,
acc,1778672607.0,26.0,-0.191406,3.882812,-9.878906,,,,,,,,,,
acc,1778672607.0,26.0,-0.34375,3.613281,-9.953125,,,,,,,,,,
acc,1778672607.0,26.0,-0.457031,3.5,-10.03125,,,,,,,,,,
acc,1778672607.0,26.0,-0.613281,3.535156,-9.648438,,,,,,,,,,
acc,1778672607.0,26.0,-0.457031,3.421875,-9.957031,,,,,,,,,,
acc,1778672607.0,26.0,-0.226562,3.535156,-9.835938,,,,,,,,,,
acc,1778672607.0,26.0,-0.304688,3.84375,-9.417969,,,,,,,,,,
acc,1778672607.0,26.0,-0.382812,3.765625,-9.957031,,,,,,,,,,
acc,1778672607.0,26.0,-0.191406,3.574219,-9.691406,,,,,,,,,,
acc,1778672607.0,26.0,-0.304688,3.691406,-9.691406,,,,,,,,,,
acc,1778672607.0,26.0,-0.304688,3.613281,-9.796875,,,,,,,,,,
acc,1778672607.0,26.0,-0.113281,3.535156,-9.574219,,,,,,,,,,
acc,1778672607.0,26.0,-0.191406,3.691406,-9.757812,,,,,,,,,,
acc,1778672607.0,26.0,-0.382812,3.765625,-9.761719,,,,,,,,,,
acc,1778672607.0,26.0,-0.417969,3.921875,-9.996094,,,,,,,,,,
acc,1778672607.0,26.0,-0.34375,3.957031,-10.109375,,,,,,,,,,
acc,1778672607.0,26.0,-0.34375,3.921875,-9.957031,,,,,,,,,,
acc,1778672607.0,26.0,-0.34375,3.882812,-9.953125,,,,,,,,,,
acc,1778672607.0,26.0,-0.304688,3.996094,-9.917969,,,,,,,,,,
acc,1778672607.0,26.0,-0.304688,4.1875,-9.761719,,,,,,,,,,
acc,1778672607.0,26.0,-0.34375,4.148438,-9.839844,,,,,,,,,,
acc,1778672607.0,26.0,-0.191406,3.460938,-9.726562,,,,,,,,,,
acc,1778672607.0,26.0,-0.265625,3.308594,-9.917969,,,,,,,,,,
acc,1778672607.0,26.0,-0.382812,3.726562,-10.03125,,,,,,,,,,
acc,1778672607.0,26.0,-0.417969,3.804688,-9.917969,,,,,,,,,,
acc,1778672607.0,26.0,-0.265625,3.613281,-9.957031,,,,,,,,,,
acc,1778672607.0,26.0,-0.265625,4.035156,-9.996094,,,,,,,,,,
acc,1778672607.0,26.0,-0.191406,3.652344,-9.796875,,,,,,,,,,
acc,1778672607.0,26.0,-0.152344,3.535156,-9.914062,,,,,,,,,,
acc,1778672607.0,26.0,-0.304688,3.726562,-9.726562,,,,,,,,,,
acc,1778672607.0,26.0,-0.304688,3.574219,-9.492188,,,,,,,,,,
acc,1778672607.0,26.0,-0.191406,3.691406,-10.148438,,,,,,,,,,
acc,1778672607.0,26.0,-0.382812,3.535156,-9.375,,,,,,,,,,
acc,1778672607.0,26.0,-0.496094,3.535156,-10.109375,,,,,,,,,,
acc,1778672607.0,26.0,-0.382812,3.882812,-9.835938,,,,,,,,,,
acc,1778672607.0,26.0,-0.304688,4.417969,-10.035156,,,,,,,,,,
acc,1778672607.0,26.0,-0.382812,3.691406,-9.726562,,,,,,,,,,
acc,1778672607.0,26.0,-0.34375,3.882812,-9.953125,,,,,,,,,,
acc,1778672607.0,26.0,-0.265625,3.652344,-9.613281,,,,,,,,,,
acc,1778672607.0,26.0,-0.113281,3.078125,-9.648438,,,,,,,,,,
acc,1778672607.0,26.0,-0.113281,3.882812,-9.414062,,,,,,,,,,
acc,1778672607.0,26.0,-0.152344,3.652344,-9.800781,,,,,,,,,,
acc,1778672607.0,26.0,-0.191406,3.726562,-9.6875,,,,,,,,,,
acc,1778672607.0,26.0,-0.382812,4.226562,-9.53125,,,,,,,,,,
acc,1778672607.0,26.0,-0.417969,3.765625,-10.261719,,,,,,,,,,
acc,1778672607.0,26.0,-0.304688,3.652344,-9.457031,,,,,,,,,,
acc,1778672607.0,26.0,-0.265625,3.84375,-9.917969,,,,,,,,,,
acc,1778672607.0,26.0,-0.226562,3.84375,-9.875,,,,,,,,,,
acc,1778672607.0,26.0,-0.265625,3.882812,-9.535156,,,,,,,,,,
acc,1778672607.0,26.0,-0.417969,3.804688,-9.761719,,,,,,,,,,
acc,1778672607.0,26.0,-0.382812,3.882812,-9.914062,,,,,,,,,,
acc,1778672607.0,26.0,-0.304688,3.691406,-9.800781,,,,,,,,,,
acc,1778672607.0,26.0,-0.34375,3.421875,-9.839844,,,,,,,,,,
acc,1778672607.0,26.0,-0.226562,3.613281,-9.992188,,,,,,,,,,
acc,1778672607.0,26.0,-0.457031,3.691406,-9.917969,,,,,,,,,,
acc,1778672607.0,26.0,-0.265625,3.574219,-9.800781,,,,,,,,,,
acc,1778672607.0,26.0,-0.265625,3.765625,-9.992188,,,,,,,,,,
acc,1778672607.0,26.0,-0.304688,3.535156,-9.417969,,,,,,,,,,
acc,1778672607.0,26.0,-0.34375,3.574219,-10.152344,,,,,,,,,,
acc,1778672607.0,26.0,-0.382812,3.804688,-9.726562,,,,,,,,,,
acc,1778672607.0,26.0,-0.417969,3.613281,-9.875,,,,,,,,,,
acc,1778672607.0,26.0,-0.34375,3.804688,-10.035156,,,,,,,,,,
acc,1778672607.0,26.0,-0.535156,3.726562,-9.953125,,,,,,,,,,
acc,1778672607.0,26.0,-0.535156,3.574219,-9.917969,,,,,,,,,,
acc,1778672607.0,26.0,-0.382812,3.269531,-9.757812,,,,,,,,,,
acc,1778672607.0,26.0,-0.417969,3.613281,-9.691406,,,,,,,,,,
acc,1778672607.0,26.0,-0.417969,3.691406,-9.796875,,,,,,,,,,
acc,1778672607.0,26.0,-0.34375,3.5,-9.574219,,,,,,,,,,
acc,1778672607.0,26.0,-0.34375,3.5,-9.53125,,,,,,,,,,
acc,1778672607.0,26.0,-0.34375,3.613281,-9.757812,,,,,,,,,,
acc,1778672607.0,26.0,-0.34375,3.804688,-9.652344,,,,,,,,,,
acc,1778672607.0,26.0,-0.457031,4.113281,-9.835938,,,,,,,,,,
acc,1778672607.0,26.0,-0.535156,3.613281,-9.648438,,,,,,,,,,
acc,1778672607.0,26.0,-0.226562,3.269531,-9.914062,,,,,,,,,,
acc,1778672607.0,26.0,-0.152344,3.152344,-9.574219,,,,,,,,,,
acc,1778672607.0,26.0,-0.304688,3.460938,-9.726562,,,,,,,,,,
acc,1778672607.0,26.0,-0.457031,3.882812,-9.835938,,,,,,,,,,
acc,1778672607.0,26.0,-0.226562,3.613281,-9.953125,,,,,,,,,,
acc,1778672607.0,26.0,-0.226562,3.957031,-9.492188,,,,,,,,,,
acc,1778672607.0,26.0,-0.226562,3.691406,-10.035156,,,,,,,,,,
acc,1778672607.0,26.0,-0.074219,3.460938,-9.761719,,,,,,,,,,
acc,1778672607.0,26.0,-0.152344,3.726562,-9.265625,,,,,,,,,,
acc,1778672607.0,26.0,-0.304688,3.574219,-10.414062,,,,,,,,,,
acc,1778672607.0,26.0,-0.191406,3.5,-9.613281,,,,,,,,,,
acc,1778672607.0,26.0,-0.304688,3.308594,-9.839844,,,,,,,,,,
acc,1778672607.0,26.0,-0.304688,3.382812,-9.957031,,,,,,,,,,
acc,1778672607.0,26.0,-0.191406,3.382812,-9.761719,,,,,,,,,,
acc,1778672607.0,26.0,-0.152344,3.535156,-9.875,,,,,,,,,,
acc,1778672607.0,26.0,-0.382812,3.921875,-9.839844,,,,,,,,,,
acc,1778672607.0,26.0,-0.496094,3.921875,-9.761719,,,,,,,,,,
acc,1778672607.0,26.0,-0.34375,3.726562,-9.992188,,,,,,,,,,
acc,1778672607.0,26.0,-0.191406,3.84375,-9.652344,,,,,,,,,,
acc,1778672607.0,26.0,-0.265625,3.765625,-9.875,,,,,,,,,,
acc,1778672607.0,26.0,-0.34375,3.726562,-9.691406,,,,,,,,,,
acc,1778672607.0,26.0,-0.34375,3.5,-9.730469,,,,,,,,,,
acc,1778672607.0,26.0,-0.265625,3.34375,-9.796875,,,,,,,,,,
acc,1778672607.0,26.0,-0.191406,3.613281,-9.570312,,,,,,,,,,
acc,1778672607.0,26.0,-0.191406,3.574219,-9.953125,,,,,,,,,,
acc,1778672607.0,26.0,-0.074219,3.765625,-9.574219,,,,,,,,,,
acc,1778672607.0,26.0,-0.226562,3.613281,-9.691406,,,,,,,,,,
acc,1778672607.0,26.0,-0.152344,3.535156,-9.992188,,,,,,,,,,
acc,1778672607.0,26.0,-0.113281,3.421875,-9.570312,,,,,,,,,,
acc,1778672607.0,26.0,-0.34375,3.882812,-9.574219,,,,,,,,,,
acc,1778672607.0,26.0,-0.226562,3.765625,-9.839844,,,,,,,,,,
acc,1778672607.0,26.0,-0.113281,3.921875,-9.34375,,,,,,,,,,
acc,1778672607.0,26.0,-0.113281,3.957031,-9.757812,,,,,,,,,,
acc,1778672607.0,26.0,-0.113281,3.996094,-9.492188,,,,,,,,,,
acc,1778672607.0,26.0,0.0,3.957031,-9.835938,,,,,,,,,,
acc,1778672607.0,26.0,-0.191406,3.84375,-9.535156,,,,,,,,,,
acc,1778672607.0,26.0,-0.152344,3.882812,-9.992188,,,,,,,,,,
acc,1778672607.0,26.0,-0.152344,3.84375,-9.53125,,,,,,,,,,
acc,1778672607.0,26.0,-0.226562,3.726562,-9.875,,,,,,,,,,
acc,1778672607.0,26.0,-0.382812,3.574219,-9.796875,,,,,,,,,,
acc,1778672607.0,26.0,-0.34375,3.382812,-9.800781,,,,,,,,,,
acc,1778672607.0,26.0,-0.417969,3.726562,-9.835938,,,,,,,,,,
acc,1778672607.0,26.0,-0.34375,3.574219,-9.996094,,,,,,,,,,
acc,1778672607.0,26.0,-0.304688,3.574219,-9.875,,,,,,,,,,
acc,1778672607.0,26.0,-0.34375,3.765625,-9.761719,,,,,,,,,,
acc,1778672607.0,26.0,-0.382812,3.765625,-10.152344,,,,,,,,,,
acc,1778672607.0,26.0,-0.457031,3.882812,-9.730469,,,,,,,,,,
acc,1778672608.0,27.0,-0.382812,3.804688,-9.878906,,,,,,,,,,
acc,1778672608.0,27.0,-0.226562,3.652344,-9.875,,,,,,,,,,
acc,1778672608.0,27.0,-0.382812,3.460938,-9.492188,,,,,,,,,,
acc,1778672608.0,27.0,-0.417969,3.308594,-9.757812,,,,,,,,,,
acc,1778672608.0,27.0,-0.265625,3.691406,-9.691406,,,,,,,,,,
acc,1778672608.0,27.0,-0.265625,3.765625,-9.648438,,,,,,,,,,
acc,1778672608.0,27.0,-0.34375,3.726562,-9.574219,,,,,,,,,,
acc,1778672608.0,27.0,-0.191406,3.574219,-9.992188,,,,,,,,,,
acc,1778672608.0,27.0,-0.191406,3.5,-9.457031,,,,,,,,,,
acc,1778672608.0,27.0,-0.265625,3.613281,-9.957031,,,,,,,,,,
acc,1778672608.0,27.0,-0.304688,3.382812,-9.917969,,,,,,,,,,
acc,1778672608.0,27.0,-0.265625,3.957031,-9.496094,,,,,,,,,,
acc,1778672608.0,27.0,-0.226562,3.882812,-10.109375,,,,,,,,,,
acc,1778672608.0,27.0,-0.191406,3.957031,-9.34375,,,,,,,,,,
acc,1778672608.0,27.0,-0.265625,4.035156,-9.957031,,,,,,,,,,
acc,1778672608.0,27.0,-0.304688,4.113281,-9.957031,,,,,,,,,,
acc,1778672608.0,27.0,-0.34375,3.652344,-10.074219,,,,,,,,,,
acc,1778672608.0,27.0,-0.191406,3.84375,-9.6875,,,,,,,,,,
acc,1778672608.0,27.0,-0.152344,3.84375,-9.875,,,,,,,,,,
acc,1778672608.0,27.0,-0.304688,4.1875,-9.652344,,,,,,,,,,
acc,1778672608.0,27.0,-0.457031,3.921875,-9.652344,,,,,,,,,,
acc,1778672608.0,27.0,-0.304688,4.304688,-10.335938,,,,,,,,,,
acc,1778672608.0,27.0,-0.226562,4.074219,-9.796875,,,,,,,,,,
acc,1778672608.0,27.0,-0.226562,3.613281,-10.109375,,,,,,,,,,
acc,1778672608.0,27.0,-0.417969,3.882812,-9.835938,,,,,,,,,,
acc,1778672608.0,27.0,-0.457031,3.691406,-9.957031,,,,,,,,,,
acc,1778672608.0,27.0,-0.382812,3.574219,-9.957031,,,,,,,,,,
acc,1778672608.0,27.0,-0.304688,3.230469,-9.574219,,,,,,,,,,
acc,1778672608.0,27.0,-0.417969,3.308594,-9.992188,,,,,,,,,,
acc,1778672608.0,27.0,-0.535156,3.230469,-9.457031,,,,,,,,,,
acc,1778672608.0,27.0,-0.417969,3.421875,-9.726562,,,,,,,,,,
acc,1778672608.0,27.0,-0.417969,3.804688,-9.996094,,,,,,,,,,
acc,1778672608.0,27.0,-0.457031,3.382812,-9.53125,,,,,,,,,,
acc,1778672608.0,27.0,-0.34375,3.652344,-9.992188,,,,,,,,,,
acc,1778672608.0,27.0,-0.304688,3.652344,-9.761719,,,,,,,,,,
acc,1778672608.0,27.0,-0.074219,3.613281,-9.796875,,,,,,,,,,
acc,1778672608.0,27.0,-0.113281,3.5,-9.730469,,,,,,,,,,
acc,1778672608.0,27.0,-0.191406,3.535156,-9.535156,,,,,,,,,,
acc,1778672608.0,27.0,-0.226562,3.535156,-9.730469,,,,,,,,,,
acc,1778672608.0,27.0,-0.113281,3.460938,-9.914062,,,,,,,,,,
acc,1778672608.0,27.0,0.0,3.691406,-9.496094,,,,,,,,,,
acc,1778672608.0,27.0,-0.191406,3.691406,-9.914062,,,,,,,,,,
acc,1778672608.0,27.0,-0.191406,3.382812,-9.761719,,,,,,,,,,
acc,1778672608.0,27.0,-0.113281,3.535156,-9.53125,,,,,,,,,,
acc,1778672608.0,27.0,-0.265625,3.5,-9.652344,,,,,,,,,,
acc,1778672608.0,27.0,-0.152344,3.5,-9.835938,,,,,,,,,,
acc,1778672608.0,27.0,-0.074219,3.84375,-9.761719,,,,,,,,,,
acc,1778672608.0,27.0,-0.191406,3.921875,-9.835938,,,,,,,,,,
acc,1778672608.0,27.0,-0.152344,3.652344,-10.109375,,,,,,,,,,
acc,1778672608.0,27.0,-0.265625,3.804688,-9.953125,,,,,,,,,,
acc,1778672608.0,27.0,-0.34375,4.113281,-10.148438,,,,,,,,,,
acc,1778672608.0,27.0,-0.382812,3.574219,-9.796875,,,,,,,,,,
acc,1778672608.0,27.0,-0.152344,3.5,-9.992188,,,,,,,,,,
acc,1778672608.0,27.0,-0.226562,3.382812,-9.835938,,,,,,,,,,
acc,1778672608.0,27.0,-0.191406,3.460938,-9.726562,,,,,,,,,,
acc,1778672608.0,27.0,-0.226562,3.574219,-10.035156,,,,,,,,,,
acc,1778672608.0,27.0,-0.226562,3.574219,-9.496094,,,,,,,,,,
acc,1778672608.0,27.0,-0.191406,3.921875,-9.875,,,,,,,,,,
acc,1778672608.0,27.0,-0.226562,3.996094,-10.109375,,,,,,,,,,
acc,1778672608.0,27.0,-0.457031,3.765625,-9.839844,,,,,,,,,,
acc,1778672608.0,27.0,-0.304688,3.460938,-9.957031,,,,,,,,,,
acc,1778672608.0,27.0,-0.191406,3.308594,-10.070312,,,,,,,,,,
acc,1778672608.0,27.0,-0.191406,3.269531,-9.570312,,,,,,,,,,
acc,1778672608.0,27.0,-0.152344,3.117188,-10.074219,,,,,,,,,,
acc,1778672608.0,27.0,-0.152344,3.34375,-9.347656,,,,,,,,,,
acc,1778672608.0,27.0,-0.152344,3.460938,-10.109375,,,,,,,,,,
acc,1778672608.0,27.0,-0.191406,3.460938,-9.226562,,,,,,,,,,
acc,1778672608.0,27.0,-0.035156,3.613281,-9.914062,,,,,,,,,,
acc,1778672608.0,27.0,-0.113281,3.921875,-9.6875,,,,,,,,,,
acc,1778672608.0,27.0,-0.34375,3.84375,-9.492188,,,,,,,,,,
acc,1778672608.0,27.0,-0.417969,3.726562,-10.148438,,,,,,,,,,
acc,1778672608.0,27.0,-0.34375,3.652344,-9.691406,,,,,,,,,,
acc,1778672608.0,27.0,-0.535156,3.613281,-9.730469,,,,,,,,,,
acc,1778672608.0,27.0,-0.34375,3.882812,-10.074219,,,,,,,,,,
acc,1778672608.0,27.0,-0.34375,3.882812,-9.574219,,,,,,,,,,
acc,1778672608.0,27.0,-0.417969,3.691406,-10.152344,,,,,,,,,,
acc,1778672608.0,27.0,-0.417969,3.535156,-9.953125,,,,,,,,,,
acc,1778672608.0,27.0,-0.417969,3.574219,-10.035156,,,,,,,,,,
acc,1778672608.0,27.0,-0.726562,3.84375,-9.914062,,,,,,,,,,
acc,1778672608.0,27.0,-0.457031,3.535156,-10.03125,,,,,,,,,,
acc,1778672608.0,27.0,-0.152344,3.691406,-9.878906,,,,,,,,,,
acc,1778672608.0,27.0,-0.226562,4.035156,-9.453125,,,,,,,,,,
acc,1778672608.0,27.0,-0.382812,4.113281,-10.21875,,,,,,,,,,
acc,1778672608.0,27.0,-0.265625,4.035156,-9.996094,,,,,,,,,,
acc,1778672608.0,27.0,-0.457031,3.574219,-9.761719,,,,,,,,,,
acc,1778672608.0,27.0,-0.457031,3.34375,-10.335938,,,,,,,,,,
acc,1778672608.0,27.0,-0.382812,3.5,-9.757812,,,,,,,,,,
acc,1778672608.0,27.0,-0.417969,3.34375,-9.914062,,,,,,,,,,
acc,1778672608.0,27.0,-0.382812,3.613281,-9.875,,,,,,,,,,
acc,1778672608.0,27.0,-0.382812,3.652344,-9.835938,,,,,,,,,,
acc,1778672608.0,27.0,-0.648438,3.269531,-9.652344,,,,,,,,,,
acc,1778672608.0,27.0,-0.726562,3.726562,-9.835938,,,,,,,,,,
acc,1778672608.0,27.0,-0.535156,3.921875,-10.035156,,,,,,,,,,
acc,1778672608.0,27.0,-0.226562,3.613281,-9.800781,,,,,,,,,,
acc,1778672608.0,27.0,-0.304688,3.726562,-9.726562,,,,,,,,,,
acc,1778672608.0,27.0,-0.382812,3.882812,-9.953125,,,,,,,,,,
acc,1778672608.0,27.0,-0.382812,3.957031,-9.574219,,,,,,,,,,
acc,1778672608.0,27.0,-0.382812,3.691406,-10.261719,,,,,,,,,,
acc,1778672608.0,27.0,-0.382812,3.726562,-9.800781,,,,,,,,,,
acc,1778672608.0,27.0,-0.613281,3.652344,-9.691406,,,,,,,,,,
acc,1778672608.0,27.0,-0.457031,3.613281,-9.800781,,,,,,,,,,
acc,1778672608.0,27.0,-0.265625,3.308594,-9.6875,,,,,,,,,,
acc,1778672608.0,27.0,-0.304688,3.652344,-9.796875,,,,,,,,,,
acc,1778672608.0,27.0,-0.382812,3.34375,-9.875,,,,,,,,,,
acc,1778672608.0,27.0,-0.457031,3.765625,-9.796875,,,,,,,,,,
acc,1778672608.0,27.0,-0.34375,3.921875,-9.6875,,,,,,,,,,
acc,1778672608.0,27.0,-0.191406,4.074219,-9.53125,,,,,,,,,,
acc,1778672608.0,27.0,-0.074219,4.339844,-9.839844,,,,,,,,,,
acc,1778672608.0,27.0,-0.152344,4.035156,-9.574219,,,,,,,,,,
acc,1778672608.0,27.0,-0.265625,4.113281,-9.761719,,,,,,,,,,
acc,1778672608.0,27.0,-0.226562,3.921875,-9.6875,,,,,,,,,,
acc,1778672608.0,27.0,-0.304688,3.574219,-10.109375,,,,,,,,,,
acc,1778672608.0,27.0,-0.152344,3.382812,-9.609375,,,,,,,,,,
acc,1778672608.0,27.0,-0.226562,3.382812,-10.074219,,,,,,,,,,
acc,1778672608.0,27.0,-0.265625,3.652344,-9.726562,,,,,,,,,,
acc,1778672608.0,27.0,-0.226562,4.074219,-9.570312,,,,,,,,,,
acc,1778672608.0,27.0,-0.265625,3.804688,-9.757812,,,,,,,,,,
acc,1778672608.0,27.0,-0.265625,4.1875,-9.839844,,,,,,,,,,
acc,1778672608.0,27.0,-0.304688,3.921875,-10.109375,,,,,,,,,,
acc,1778672608.0,27.0,-0.304688,3.652344,-9.761719,,,,,,,,,,
acc,1778672608.0,27.0,-0.226562,3.882812,-10.074219,,,,,,,,,,
acc,1778672608.0,27.0,-0.191406,3.5,-9.957031,,,,,,,,,,
acc,1778672608.0,27.0,-0.035156,3.691406,-9.796875,,,,,,,,,,
acc,1778672608.0,27.0,0.039062,3.765625,-10.070312,,,,,,,,,,
acc,1778672608.0,27.0,-0.035156,3.84375,-9.375,,,,,,,,,,
acc,1778672608.0,27.0,-0.074219,3.882812,-9.878906,,,,,,,,,,
acc,1778672609.0,28.0,-0.074219,3.921875,-9.648438,,,,,,,,,,
acc,1778672609.0,28.0,0.0,4.148438,-9.417969,,,,,,,,,,
acc,1778672609.0,28.0,-0.035156,4.035156,-9.875,,,,,,,,,,
acc,1778672609.0,28.0,-0.113281,4.035156,-9.609375,,,,,,,,,,
acc,1778672609.0,28.0,-0.265625,4.265625,-9.835938,,,,,,,,,,
acc,1778672609.0,28.0,-0.304688,3.921875,-9.914062,,,,,,,,,,
acc,1778672609.0,28.0,-0.417969,4.148438,-9.917969,,,,,,,,,,
acc,1778672609.0,28.0,-0.382812,4.074219,-9.796875,,,,,,,,,,
acc,1778672609.0,28.0,-0.265625,3.921875,-9.53125,,,,,,,,,,
acc,1778672609.0,28.0,-0.191406,3.765625,-9.53125,,,,,,,,,,
acc,1778672609.0,28.0,-0.34375,3.652344,-9.453125,,,,,,,,,,
acc,1778672609.0,28.0,-0.304688,3.535156,-9.570312,,,,,,,,,,
acc,1778672609.0,28.0,-0.574219,3.460938,-9.796875,,,,,,,,,,
acc,1778672609.0,28.0,-0.6875,3.691406,-9.761719,,,,,,,,,,
acc,1778672609.0,28.0,-0.535156,3.957031,-9.953125,,,,,,,,,,
acc,1778672609.0,28.0,-0.457031,3.882812,-9.757812,,,,,,,,,,
acc,1778672609.0,28.0,-0.574219,3.921875,-9.800781,,,,,,,,,,
acc,1778672609.0,28.0,-0.574219,4.226562,-9.761719,,,,,,,,,,
acc,1778672609.0,28.0,-0.34375,3.613281,-9.875,,,,,,,,,,
acc,1778672609.0,28.0,-0.265625,3.230469,-9.53125,,,,,,,,,,
acc,1778672609.0,28.0,-0.417969,3.382812,-10.03125,,,,,,,,,,
acc,1778672609.0,28.0,-0.496094,3.460938,-9.609375,,,,,,,,,,
acc,1778672609.0,28.0,-0.535156,3.613281,-9.875,,,,,,,,,,
acc,1778672609.0,28.0,-0.496094,3.5,-9.691406,,,,,,,,,,
acc,1778672609.0,28.0,-0.457031,3.765625,-9.726562,,,,,,,,,,
acc,1778672609.0,28.0,-0.496094,3.921875,-9.839844,,,,,,,,,,
acc,1778672609.0,28.0,-0.613281,3.921875,-9.417969,,,,,,,,,,
acc,1778672609.0,28.0,-0.648438,3.882812,-9.761719,,,,,,,,,,
acc,1778672609.0,28.0,-0.535156,4.113281,-9.992188,,,,,,,,,,
acc,1778672609.0,28.0,-0.382812,4.417969,-9.914062,,,,,,,,,,
acc,1778672609.0,28.0,-0.457031,4.1875,-9.757812,,,,,,,,,,
acc,1778672609.0,28.0,-0.574219,3.957031,-9.996094,,,,,,,,,,
acc,1778672609.0,28.0,-0.574219,4.148438,-9.835938,,,,,,,,,,
acc,1778672609.0,28.0,-0.457031,3.84375,-9.953125,,,,,,,,,,
acc,1778672609.0,28.0,-0.496094,3.652344,-9.835938,,,,,,,,,,
acc,1778672609.0,28.0,-0.535156,3.921875,-9.957031,,,,,,,,,,
acc,1778672609.0,28.0,-0.226562,3.765625,-10.113281,,,,,,,,,,
acc,1778672609.0,28.0,-0.304688,3.726562,-9.417969,,,,,,,,,,
acc,1778672609.0,28.0,-0.34375,3.882812,-10.183594,,,,,,,,,,
acc,1778672609.0,28.0,-0.382812,3.921875,-9.878906,,,,,,,,,,
acc,1778672609.0,28.0,-0.304688,3.882812,-9.796875,,,,,,,,,,
acc,1778672609.0,28.0,-0.304688,3.691406,-9.800781,,,,,,,,,,
acc,1778672609.0,28.0,-0.226562,3.5,-9.800781,,,,,,,,,,
acc,1778672609.0,28.0,-0.304688,3.804688,-9.574219,,,,,,,,,,
acc,1778672609.0,28.0,-0.34375,3.996094,-9.914062,,,,,,,,,,
acc,1778672609.0,28.0,-0.226562,3.957031,-9.453125,,,,,,,,,,
acc,1778672609.0,28.0,-0.304688,3.921875,-9.800781,,,,,,,,,,
acc,1778672609.0,28.0,-0.382812,3.765625,-9.496094,,,,,,,,,,
acc,1778672609.0,28.0,-0.304688,3.652344,-9.761719,,,,,,,,,,
acc,1778672609.0,28.0,-0.265625,3.652344,-9.378906,,,,,,,,,,
acc,1778672609.0,28.0,-0.226562,3.804688,-9.6875,,,,,,,,,,
acc,1778672609.0,28.0,-0.152344,4.378906,-9.757812,,,,,,,,,,
acc,1778672609.0,28.0,-0.34375,3.882812,-9.453125,,,,,,,,,,
acc,1778672609.0,28.0,-0.265625,3.691406,-9.992188,,,,,,,,,,
acc,1778672609.0,28.0,-0.113281,3.535156,-9.609375,,,,,,,,,,
acc,1778672609.0,28.0,-0.074219,3.308594,-9.796875,,,,,,,,,,
acc,1778672609.0,28.0,-0.035156,3.230469,-10.070312,,,,,,,,,,
acc,1778672609.0,28.0,-0.035156,3.152344,-9.53125,,,,,,,,,,
acc,1778672609.0,28.0,-0.226562,3.613281,-9.992188,,,,,,,,,,
acc,1778672609.0,28.0,-0.34375,3.996094,-9.53125,,,,,,,,,,
acc,1778672609.0,28.0,-0.265625,3.726562,-9.796875,,,,,,,,,,
acc,1778672609.0,28.0,0.039062,3.765625,-9.726562,,,,,,,,,,
acc,1778672609.0,28.0,-0.113281,3.84375,-9.230469,,,,,,,,,,
acc,1778672609.0,28.0,-0.152344,3.804688,-10.179688,,,,,,,,,,
acc,1778672609.0,28.0,0.039062,4.113281,-9.53125,,,,,,,,,,
acc,1778672609.0,28.0,-0.113281,3.882812,-9.800781,,,,,,,,,,
acc,1778672609.0,28.0,-0.265625,3.765625,-10.300781,,,,,,,,,,
acc,1778672609.0,28.0,-0.304688,3.34375,-9.496094,,,,,,,,,,
acc,1778672609.0,28.0,-0.457031,3.0,-10.03125,,,,,,,,,,
acc,1778672609.0,28.0,-0.265625,3.117188,-9.652344,,,,,,,,,,
acc,1778672609.0,28.0,-0.226562,2.960938,-9.691406,,,,,,,,,,
acc,1778672609.0,28.0,-0.535156,3.652344,-9.835938,,,,,,,,,,
acc,1778672609.0,28.0,-0.613281,4.074219,-9.796875,,,,,,,,,,
acc,1778672609.0,28.0,-0.382812,3.996094,-9.914062,,,,,,,,,,
acc,1778672609.0,28.0,-0.382812,3.921875,-9.796875,,,,,,,,,,
acc,1778672609.0,28.0,-0.382812,3.691406,-10.035156,,,,,,,,,,
acc,1778672609.0,28.0,-0.457031,3.574219,-9.796875,,,,,,,,,,
acc,1778672609.0,28.0,-0.535156,3.726562,-9.691406,,,,,,,,,,
acc,1778672609.0,28.0,-0.574219,3.957031,-10.113281,,,,,,,,,,
acc,1778672609.0,28.0,-0.574219,3.996094,-9.613281,,,,,,,,,,
acc,1778672609.0,28.0,-0.496094,3.996094,-9.53125,,,,,,,,,,
acc,1778672609.0,28.0,-0.382812,4.265625,-9.570312,,,,,,,,,,
acc,1778672609.0,28.0,-0.265625,4.226562,-9.34375,,,,,,,,,,
acc,1778672609.0,28.0,-0.34375,4.148438,-9.417969,,,,,,,,,,
acc,1778672609.0,28.0,-0.496094,4.265625,-9.417969,,,,,,,,,,
acc,1778672609.0,28.0,-0.34375,4.417969,-9.800781,,,,,,,,,,
acc,1778672609.0,28.0,-0.34375,4.148438,-9.496094,,,,,,,,,,
acc,1778672609.0,28.0,-0.304688,4.1875,-9.496094,,,,,,,,,,
acc,1778672609.0,28.0,-0.417969,3.996094,-9.953125,,,,,,,,,,
acc,1778672609.0,28.0,-0.535156,3.574219,-9.496094,,,,,,,,,,
acc,1778672609.0,28.0,-0.496094,4.035156,-9.992188,,,,,,,,,,
acc,1778672609.0,28.0,-0.382812,4.339844,-9.730469,,,,,,,,,,
acc,1778672609.0,28.0,-0.496094,4.339844,-9.800781,,,,,,,,,,
acc,1778672609.0,28.0,-0.574219,4.148438,-9.835938,,,,,,,,,,
acc,1778672609.0,28.0,-0.417969,4.148438,-9.535156,,,,,,,,,,
acc,1778672609.0,28.0,-0.382812,3.921875,-9.996094,,,,,,,,,,
acc,1778672609.0,28.0,-0.226562,3.996094,-9.800781,,,,,,,,,,
acc,1778672609.0,28.0,-0.34375,3.882812,-9.414062,,,,,,,,,,
acc,1778672609.0,28.0,-0.417969,3.726562,-10.148438,,,,,,,,,,
acc,1778672609.0,28.0,-0.574219,4.339844,-10.113281,,,,,,,,,,
acc,1778672609.0,28.0,-0.535156,3.921875,-10.113281,,,,,,,,,,
acc,1778672609.0,28.0,-0.34375,3.5,-9.835938,,,,,,,,,,
acc,1778672609.0,28.0,-0.152344,3.84375,-9.875,,,,,,,,,,
acc,1778672609.0,28.0,-0.113281,3.613281,-9.609375,,,,,,,,,,
acc,1778672609.0,28.0,-0.035156,3.691406,-9.917969,,,,,,,,,,
acc,1778672609.0,28.0,-0.34375,4.074219,-9.378906,,,,,,,,,,
acc,1778672609.0,28.0,-0.34375,3.921875,-10.457031,,,,,,,,,,
acc,1778672609.0,28.0,-0.113281,3.996094,-9.230469,,,,,,,,,,
acc,1778672609.0,28.0,-0.074219,4.1875,-10.070312,,,,,,,,,,
acc,1778672609.0,28.0,-0.035156,3.957031,-9.691406,,,,,,,,,,
acc,1778672609.0,28.0,-0.191406,3.765625,-9.691406,,,,,,,,,,
acc,1778672609.0,28.0,-0.113281,3.921875,-9.917969,,,,,,,,,,
acc,1778672609.0,28.0,-0.035156,3.574219,-9.839844,,,,,,,,,,
acc,1778672609.0,28.0,-0.074219,3.421875,-9.574219,,,,,,,,,,
acc,1778672609.0,28.0,-0.152344,3.804688,-9.726562,,,,,,,,,,
acc,1778672609.0,28.0,-0.152344,4.148438,-9.652344,,,,,,,,,,
acc,1778672609.0,28.0,-0.113281,4.226562,-9.53125,,,,,,,,,,
acc,1778672609.0,28.0,-0.074219,4.226562,-9.796875,,,,,,,,,,
acc,1778672609.0,28.0,-0.226562,4.148438,-9.308594,,,,,,,,,,
acc,1778672609.0,28.0,-0.265625,4.035156,-9.996094,,,,,,,,,,
acc,1778672609.0,28.0,-0.152344,3.84375,-9.53125,,,,,,,,,,
acc,1778672609.0,28.0,-0.035156,3.460938,-9.914062,,,,,,,,,,
acc,1778672609.0,28.0,-0.191406,3.691406,-9.730469,,,,,,,,,,
acc,1778672609.0,28.0,-0.34375,3.382812,-9.453125,,,,,,,,,,
acc,1778672609.0,28.0,-0.226562,3.574219,-10.070312,,,,,,,,,,
acc,1778672609.0,28.0,-0.113281,3.613281,-9.492188,,,,,,,,,,
acc,1778672609.0,28.0,-0.34375,3.84375,-9.914062,,,,,,,,,,
acc,1778672609.0,28.0,-0.648438,4.113281,-9.652344,,,,,,,,,,
acc,1778672610.0,29.0,-0.535156,3.84375,-9.648438,,,,,,,,,,
acc,1778672610.0,29.0,-0.226562,3.613281,-9.757812,,,,,,,,,,
acc,1778672610.0,29.0,-0.191406,3.957031,-9.652344,,,,,,,,,,
acc,1778672610.0,29.0,-0.265625,3.804688,-9.757812,,,,,,,,,,
acc,1778672610.0,29.0,-0.535156,3.804688,-9.957031,,,,,,,,,,
acc,1778672610.0,29.0,-0.535156,4.074219,-9.6875,,,,,,,,,,
acc,1778672610.0,29.0,-0.382812,3.882812,-9.992188,,,,,,,,,,
acc,1778672610.0,29.0,-0.34375,4.035156,-9.800781,,,,,,,,,,
acc,1778672610.0,29.0,-0.457031,3.84375,-9.574219,,,,,,,,,,
acc,1778672610.0,29.0,-0.417969,3.921875,-9.796875,,,,,,,,,,
acc,1778672610.0,29.0,-0.382812,4.113281,-9.453125,,,,,,,,,,
acc,1778672610.0,29.0,-0.457031,3.996094,-10.453125,,,,,,,,,,
acc,1778672610.0,29.0,-0.535156,4.148438,-9.417969,,,,,,,,,,
acc,1778672610.0,29.0,-0.457031,3.996094,-10.300781,,,,,,,,,,
acc,1778672610.0,29.0,-0.417969,3.613281,-9.609375,,,,,,,,,,
acc,1778672610.0,29.0,-0.304688,3.652344,-9.878906,,,,,,,,,,
acc,1778672610.0,29.0,-0.34375,3.726562,-10.03125,,,,,,,,,,
acc,1778672610.0,29.0,-0.613281,4.1875,-9.800781,,,,,,,,,,
acc,1778672610.0,29.0,-0.613281,4.074219,-9.996094,,,,,,,,,,
acc,1778672610.0,29.0,-0.34375,3.765625,-9.796875,,,,,,,,,,
acc,1778672610.0,29.0,-0.191406,3.957031,-9.839844,,,,,,,,,,
acc,1778672610.0,29.0,-0.34375,4.113281,-9.691406,,,,,,,,,,
acc,1778672610.0,29.0,-0.457031,4.074219,-10.035156,,,,,,,,,,
acc,1778672610.0,29.0,-0.304688,3.957031,-9.726562,,,,,,,,,,
acc,1778672610.0,29.0,-0.304688,4.148438,-9.835938,,,,,,,,,,
acc,1778672610.0,29.0,-0.304688,4.035156,-9.878906,,,,,,,,,,
acc,1778672610.0,29.0,-0.304688,3.996094,-9.839844,,,,,,,,,,
acc,1778672610.0,29.0,-0.265625,3.5,-9.726562,,,,,,,,,,
acc,1778672610.0,29.0,-0.191406,3.34375,-10.113281,,,,,,,,,,
acc,1778672610.0,29.0,-0.304688,3.613281,-9.917969,,,,,,,,,,
acc,1778672610.0,29.0,-0.417969,3.613281,-9.835938,,,,,,,,,,
acc,1778672610.0,29.0,-0.265625,3.691406,-9.992188,,,,,,,,,,
acc,1778672610.0,29.0,-0.226562,3.921875,-9.796875,,,,,,,,,,
acc,1778672610.0,29.0,-0.265625,3.84375,-9.878906,,,,,,,,,,
acc,1778672610.0,29.0,-0.304688,3.957031,-9.613281,,,,,,,,,,
acc,1778672610.0,29.0,-0.382812,3.882812,-10.148438,,,,,,,,,,
acc,1778672610.0,29.0,-0.191406,3.921875,-9.492188,,,,,,,,,,
acc,1778672610.0,29.0,-0.152344,3.84375,-9.835938,,,,,,,,,,
acc,1778672610.0,29.0,-0.191406,3.84375,-9.761719,,,,,,,,,,
acc,1778672610.0,29.0,-0.304688,3.84375,-9.726562,,,,,,,,,,
acc,1778672610.0,29.0,-0.265625,3.84375,-9.917969,,,,,,,,,,
acc,1778672610.0,29.0,-0.304688,3.921875,-9.875,,,,,,,,,,
acc,1778672610.0,29.0,-0.304688,4.148438,-9.730469,,,,,,,,,,
acc,1778672610.0,29.0,-0.304688,4.035156,-9.570312,,,,,,,,,,
acc,1778672610.0,29.0,-0.34375,4.148438,-9.613281,,,,,,,,,,
acc,1778672610.0,29.0,-0.265625,4.148438,-9.730469,,,,,,,,,,
acc,1778672610.0,29.0,-0.457031,3.84375,-9.574219,,,,,,,,,,
acc,1778672610.0,29.0,-0.457031,4.265625,-9.839844,,,,,,,,,,
acc,1778672610.0,29.0,-0.304688,3.765625,-9.691406,,,,,,,,,,
acc,1778672610.0,29.0,-0.265625,3.996094,-9.417969,,,,,,,,,,
acc,1778672610.0,29.0,-0.34375,3.84375,-9.757812,,,,,,,,,,
acc,1778672610.0,29.0,-0.382812,3.765625,-9.613281,,,,,,,,,,
acc,1778672610.0,29.0,-0.417969,3.804688,-9.957031,,,,,,,,,,
acc,1778672610.0,29.0,-0.304688,3.382812,-9.839844,,,,,,,,,,
acc,1778672610.0,29.0,-0.382812,3.726562,-9.609375,,,,,,,,,,
acc,1778672610.0,29.0,-0.417969,3.652344,-10.074219,,,,,,,,,,
acc,1778672610.0,29.0,-0.152344,3.460938,-9.414062,,,,,,,,,,
acc,1778672610.0,29.0,-0.191406,4.113281,-9.570312,,,,,,,,,,
acc,1778672610.0,29.0,-0.382812,3.921875,-9.917969,,,,,,,,,,
acc,1778672610.0,29.0,-0.417969,3.804688,-9.570312,,,,,,,,,,
acc,1778672610.0,29.0,-0.265625,4.113281,-10.113281,,,,,,,,,,
acc,1778672610.0,29.0,-0.265625,3.691406,-9.875,,,,,,,,,,
acc,1778672610.0,29.0,-0.304688,3.957031,-10.113281,,,,,,,,,,
acc,1778672610.0,29.0,-0.34375,3.921875,-9.957031,,,,,,,,,,
acc,1778672610.0,29.0,-0.382812,3.84375,-9.835938,,,,,,,,,,
acc,1778672610.0,29.0,-0.265625,3.765625,-9.800781,,,,,,,,,,
acc,1778672610.0,29.0,-0.304688,3.921875,-9.835938,,,,,,,,,,
acc,1778672610.0,29.0,-0.34375,3.84375,-9.648438,,,,,,,,,,
acc,1778672610.0,29.0,-0.152344,4.035156,-10.03125,,,,,,,,,,
acc,1778672610.0,29.0,-0.152344,4.1875,-9.53125,,,,,,,,,,
acc,1778672610.0,29.0,-0.265625,4.074219,-10.074219,,,,,,,,,,
acc,1778672610.0,29.0,-0.417969,3.84375,-9.800781,,,,,,,,,,
acc,1778672610.0,29.0,-0.574219,3.691406,-9.609375,,,,,,,,,,
acc,1778672610.0,29.0,-0.382812,3.726562,-10.21875,,,,,,,,,,
acc,1778672610.0,29.0,-0.074219,3.613281,-9.496094,,,,,,,,,,
acc,1778672610.0,29.0,-0.265625,4.113281,-9.726562,,,,,,,,,,
acc,1778672610.0,29.0,-0.496094,4.378906,-9.875,,,,,,,,,,
acc,1778672610.0,29.0,-0.265625,4.113281,-9.652344,,,,,,,,,,
acc,1778672610.0,29.0,-0.152344,4.148438,-9.6875,,,,,,,,,,
acc,1778672610.0,29.0,-0.191406,3.804688,-9.53125,,,,,,,,,,
acc,1778672610.0,29.0,-0.226562,3.574219,-9.957031,,,,,,,,,,
acc,1778672610.0,29.0,-0.304688,3.421875,-9.414062,,,,,,,,,,
acc,1778672610.0,29.0,-0.457031,3.5,-9.691406,,,,,,,,,,
acc,1778672610.0,29.0,-0.382812,3.613281,-9.835938,,,,,,,,,,
acc,1778672610.0,29.0,-0.496094,3.691406,-9.613281,,,,,,,,,,
acc,1778672610.0,29.0,-0.535156,3.804688,-9.878906,,,,,,,,,,
acc,1778672610.0,29.0,-0.382812,3.804688,-9.34375,,,,,,,,,,
acc,1778672610.0,29.0,-0.226562,4.226562,-9.914062,,,,,,,,,,
acc,1778672610.0,29.0,-0.304688,3.691406,-9.453125,,,,,,,,,,
acc,1778672610.0,29.0,-0.417969,3.078125,-9.730469,,,,,,,,,,
acc,1778672610.0,29.0,-0.535156,3.84375,-9.800781,,,,,,,,,,
acc,1778672610.0,29.0,-0.535156,3.691406,-10.070312,,,,,,,,,,
acc,1778672610.0,29.0,-0.457031,3.613281,-9.757812,,,,,,,,,,
acc,1778672610.0,29.0,-0.535156,3.765625,-9.917969,,,,,,,,,,
acc,1778672610.0,29.0,-0.496094,3.691406,-10.035156,,,,,,,,,,
acc,1778672610.0,29.0,-0.304688,3.613281,-9.34375,,,,,,,,,,
acc,1778672610.0,29.0,-0.304688,4.035156,-10.261719,,,,,,,,,,
acc,1778672610.0,29.0,-0.34375,3.652344,-9.574219,,,,,,,,,,
acc,1778672610.0,29.0,-0.382812,3.574219,-9.996094,,,,,,,,,,
acc,1778672610.0,29.0,-0.417969,4.074219,-9.839844,,,,,,,,,,
acc,1778672610.0,29.0,-0.226562,3.84375,-9.875,,,,,,,,,,
acc,1778672610.0,29.0,-0.152344,3.921875,-9.570312,,,,,,,,,,
acc,1778672610.0,29.0,-0.304688,3.84375,-9.613281,,,,,,,,,,
acc,1778672610.0,29.0,-0.496094,3.921875,-9.957031,,,,,,,,,,
acc,1778672610.0,29.0,-0.382812,3.921875,-9.6875,,,,,,,,,,
acc,1778672610.0,29.0,-0.34375,4.035156,-10.109375,,,,,,,,,,
acc,1778672610.0,29.0,-0.152344,3.804688,-9.839844,,,,,,,,,,
acc,1778672610.0,29.0,-0.304688,3.726562,-9.570312,,,,,,,,,,
acc,1778672610.0,29.0,-0.34375,4.074219,-9.839844,,,,,,,,,,
acc,1778672610.0,29.0,-0.035156,3.535156,-9.992188,,,,,,,,,,
acc,1778672610.0,29.0,-0.074219,4.035156,-9.726562,,,,,,,,,,
acc,1778672610.0,29.0,-0.457031,3.726562,-9.835938,,,,,,,,,,
acc,1778672610.0,29.0,-0.648438,3.652344,-9.957031,,,,,,,,,,
acc,1778672610.0,29.0,-0.417969,3.691406,-9.796875,,,,,,,,,,
acc,1778672610.0,29.0,-0.113281,3.308594,-9.914062,,,,,,,,,,
acc,1778672610.0,29.0,-0.191406,3.726562,-9.6875,,,,,,,,,,
acc,1778672610.0,29.0,-0.457031,3.382812,-9.648438,,,,,,,,,,
acc,1778672610.0,29.0,-0.304688,3.535156,-9.996094,,,,,,,,,,
acc,1778672610.0,29.0,-0.191406,4.035156,-9.761719,,,,,,,,,,
acc,1778672610.0,29.0,-0.152344,3.613281,-9.914062,,,,,,,,,,
acc,1778672610.0,29.0,-0.226562,3.613281,-9.53125,,,,,,,,,,
acc,1778672610.0,29.0,-0.265625,3.996094,-9.996094,,,,,,,,,,
acc,1778672610.0,29.0,-0.34375,3.613281,-9.230469,,,,,,,,,,
acc,1778672610.0,29.0,-0.226562,3.726562,-9.914062,,,,,,,,,,
acc,1778672610.0,29.0,-0.265625,3.691406,-9.691406,,,,,,,,,,
acc,1778672611.0,30.0,-0.226562,3.804688,-9.878906,,,,,,,,,,
acc,1778672611.0,30.0,-0.074219,3.765625,-9.453125,,,,,,,,,,
acc,1778672611.0,30.0,-0.152344,3.5,-9.609375,,,,,,,,,,
acc,1778672611.0,30.0,-0.417969,3.5,-9.835938,,,,,,,,,,
acc,1778672611.0,30.0,-0.382812,3.652344,-9.757812,,,,,,,,,,
acc,1778672611.0,30.0,-0.382812,3.535156,-9.757812,,,,,,,,,,
acc,1778672611.0,30.0,-0.496094,3.726562,-9.757812,,,,,,,,,,
acc,1778672611.0,30.0,-0.457031,4.304688,-9.796875,,,,,,,,,,
acc,1778672611.0,30.0,-0.382812,4.1875,-9.730469,,,,,,,,,,
acc,1778672611.0,30.0,-0.535156,3.996094,-9.648438,,,,,,,,,,
acc,1778672611.0,30.0,-0.417969,3.84375,-10.03125,,,,,,,,,,
acc,1778672611.0,30.0,-0.304688,3.804688,-9.414062,,,,,,,,,,
acc,1778672611.0,30.0,-0.265625,3.804688,-9.800781,,,,,,,,,,
acc,1778672611.0,30.0,-0.417969,3.765625,-9.839844,,,,,,,,,,
acc,1778672611.0,30.0,-0.382812,3.882812,-9.414062,,,,,,,,,,
acc,1778672611.0,30.0,-0.574219,4.417969,-10.070312,,,,,,,,,,
acc,1778672611.0,30.0,-0.417969,4.265625,-9.6875,,,,,,,,,,
acc,1778672611.0,30.0,-0.382812,3.804688,-9.761719,,,,,,,,,,
acc,1778672611.0,30.0,-0.304688,3.882812,-9.726562,,,,,,,,,,
acc,1778672611.0,30.0,-0.265625,4.074219,-9.730469,,,,,,,,,,
acc,1778672611.0,30.0,-0.152344,3.84375,-9.992188,,,,,,,,,,
acc,1778672611.0,30.0,-0.226562,3.574219,-9.417969,,,,,,,,,,
acc,1778672611.0,30.0,-0.191406,4.304688,-10.335938,,,,,,,,,,
acc,1778672611.0,30.0,-0.417969,4.148438,-9.570312,,,,,,,,,,
acc,1778672611.0,30.0,-0.34375,4.035156,-10.074219,,,,,,,,,,
acc,1778672611.0,30.0,-0.226562,4.609375,-9.796875,,,,,,,,,,
acc,1778672611.0,30.0,-0.226562,4.53125,-9.917969,,,,,,,,,,
acc,1778672611.0,30.0,-0.265625,4.609375,-9.875,,,,,,,,,,
acc,1778672611.0,30.0,-0.34375,4.226562,-9.691406,,,,,,,,,,
acc,1778672611.0,30.0,-0.304688,3.652344,-10.222656,,,,,,,,,,
acc,1778672611.0,30.0,-0.304688,3.613281,-9.570312,,,,,,,,,,
acc,1778672611.0,30.0,-0.304688,3.613281,-9.839844,,,,,,,,,,
acc,1778672611.0,30.0,-0.304688,3.691406,-9.730469,,,,,,,,,,
acc,1778672611.0,30.0,-0.457031,3.957031,-9.492188,,,,,,,,,,
acc,1778672611.0,30.0,-0.382812,4.035156,-10.148438,,,,,,,,,,
acc,1778672611.0,30.0,-0.34375,3.882812,-9.453125,,,,,,,,,,
acc,1778672611.0,30.0,-0.457031,3.726562,-9.875,,,,,,,,,,
acc,1778672611.0,30.0,-0.574219,3.804688,-9.914062,,,,,,,,,,
acc,1778672611.0,30.0,-0.457031,3.460938,-9.574219,,,,,,,,,,
acc,1778672611.0,30.0,-0.226562,3.421875,-9.996094,,,,,,,,,,
acc,1778672611.0,30.0,-0.226562,3.726562,-9.375,,,,,,,,,,
acc,1778672611.0,30.0,-0.382812,3.84375,-9.691406,,,,,,,,,,
acc,1778672611.0,30.0,-0.417969,4.113281,-9.648438,,,,,,,,,,
acc,1778672611.0,30.0,-0.304688,4.074219,-9.53125,,,,,,,,,,
acc,1778672611.0,30.0,-0.457031,4.035156,-9.648438,,,,,,,,,,
acc,1778672611.0,30.0,-0.417969,3.84375,-9.691406,,,,,,,,,,
acc,1778672611.0,30.0,-0.34375,3.691406,-9.761719,,,,,,,,,,
acc,1778672611.0,30.0,-0.417969,3.691406,-9.570312,,,,,,,,,,
acc,1778672611.0,30.0,-0.34375,3.726562,-9.800781,,,,,,,,,,
acc,1778672611.0,30.0,-0.226562,3.691406,-9.761719,,,,,,,,,,
acc,1778672611.0,30.0,-0.304688,3.996094,-9.613281,,,,,,,,,,
acc,1778672611.0,30.0,-0.304688,3.921875,-9.609375,,,,,,,,,,
acc,1778672611.0,30.0,-0.304688,4.035156,-9.726562,,,,,,,,,,
acc,1778672611.0,30.0,-0.417969,4.1875,-9.648438,,,,,,,,,,
acc,1778672611.0,30.0,-0.34375,3.882812,-9.757812,,,,,,,,,,
acc,1778672611.0,30.0,-0.417969,4.148438,-9.839844,,,,,,,,,,
acc,1778672611.0,30.0,-0.496094,3.996094,-9.609375,,,,,,,,,,
acc,1778672611.0,30.0,-0.457031,3.921875,-9.957031,,,,,,,,,,
acc,1778672611.0,30.0,-0.34375,3.957031,-9.53125,,,,,,,,,,
acc,1778672611.0,30.0,-0.265625,4.035156,-10.179688,,,,,,,,,,
acc,1778672611.0,30.0,-0.304688,4.035156,-9.457031,,,,,,,,,,
acc,1778672611.0,30.0,-0.382812,4.304688,-9.957031,,,,,,,,,,
acc,1778672611.0,30.0,-0.265625,4.265625,-9.691406,,,,,,,,,,
acc,1778672611.0,30.0,-0.226562,4.035156,-9.835938,,,,,,,,,,
acc,1778672611.0,30.0,-0.226562,3.882812,-9.875,,,,,,,,,,
acc,1778672611.0,30.0,-0.304688,3.613281,-9.457031,,,,,,,,,,
acc,1778672611.0,30.0,-0.226562,3.535156,-10.148438,,,,,,,,,,
acc,1778672611.0,30.0,-0.152344,3.882812,-9.453125,,,,,,,,,,
acc,1778672611.0,30.0,-0.152344,3.691406,-9.796875,,,,,,,,,,
acc,1778672611.0,30.0,-0.191406,3.765625,-9.492188,,,,,,,,,,
acc,1778672611.0,30.0,-0.113281,3.691406,-9.613281,,,,,,,,,,
acc,1778672611.0,30.0,-0.035156,3.652344,-9.730469,,,,,,,,,,
acc,1778672611.0,30.0,-0.113281,3.613281,-9.53125,,,,,,,,,,
acc,1778672611.0,30.0,-0.074219,3.421875,-9.875,,,,,,,,,,
acc,1778672611.0,30.0,-0.226562,3.421875,-9.613281,,,,,,,,,,
acc,1778672611.0,30.0,-0.113281,3.34375,-9.992188,,,,,,,,,,
acc,1778672611.0,30.0,-0.074219,3.308594,-9.839844,,,,,,,,,,
acc,1778672611.0,30.0,-0.074219,3.726562,-9.613281,,,,,,,,,,
acc,1778672611.0,30.0,-0.152344,3.726562,-10.074219,,,,,,,,,,
acc,1778672611.0,30.0,-0.074219,3.726562,-9.6875,,,,,,,,,,
acc,1778672611.0,30.0,-0.226562,3.996094,-9.953125,,,,,,,,,,
acc,1778672611.0,30.0,-0.382812,3.882812,-9.375,,,,,,,,,,
acc,1778672611.0,30.0,-0.382812,3.613281,-9.730469,,,,,,,,,,
acc,1778672611.0,30.0,-0.382812,3.882812,-9.453125,,,,,,,,,,
acc,1778672611.0,30.0,-0.457031,3.535156,-9.730469,,,,,,,,,,
acc,1778672611.0,30.0,-0.574219,3.308594,-9.652344,,,,,,,,,,
acc,1778672611.0,30.0,-0.382812,3.691406,-9.796875,,,,,,,,,,
acc,1778672611.0,30.0,-0.304688,3.574219,-9.730469,,,,,,,,,,
acc,1778672611.0,30.0,-0.191406,4.148438,-9.53125,,,,,,,,,,
acc,1778672611.0,30.0,-0.265625,4.1875,-9.726562,,,,,,,,,,
acc,1778672611.0,30.0,-0.113281,3.804688,-9.570312,,,,,,,,,,
acc,1778672611.0,30.0,-0.226562,3.921875,-9.761719,,,,,,,,,,
acc,1778672611.0,30.0,-0.457031,3.535156,-9.375,,,,,,,,,,
acc,1778672611.0,30.0,-0.304688,3.421875,-10.148438,,,,,,,,,,
acc,1778672611.0,30.0,-0.496094,3.84375,-9.230469,,,,,,,,,,
acc,1778672611.0,30.0,-0.535156,3.5,-10.03125,,,,,,,,,,
acc,1778672611.0,30.0,-0.382812,3.269531,-9.304688,,,,,,,,,,
acc,1778672611.0,30.0,-0.417969,3.882812,-9.609375,,,,,,,,,,
acc,1778672611.0,30.0,-0.382812,3.460938,-10.074219,,,,,,,,,,
acc,1778672611.0,30.0,-0.152344,3.191406,-9.34375,,,,,,,,,,
acc,1778672611.0,30.0,-0.382812,3.34375,-10.074219,,,,,,,,,,
acc,1778672611.0,30.0,-0.496094,3.269531,-9.914062,,,,,,,,,,
acc,1778672611.0,30.0,-0.382812,3.535156,-9.609375,,,,,,,,,,
acc,1778672611.0,30.0,-0.265625,3.613281,-10.296875,,,,,,,,,,
acc,1778672611.0,30.0,-0.226562,3.5,-9.375,,,,,,,,,,
acc,1778672611.0,30.0,-0.226562,3.652344,-9.914062,,,,,,,,,,
acc,1778672611.0,30.0,-0.304688,3.574219,-9.992188,,,,,,,,,,
acc,1778672611.0,30.0,-0.226562,3.535156,-10.03125,,,,,,,,,,
acc,1778672611.0,30.0,-0.265625,3.574219,-10.109375,,,,,,,,,,
acc,1778672611.0,30.0,-0.382812,3.613281,-9.875,,,,,,,,,,
acc,1778672611.0,30.0,-0.265625,3.726562,-10.152344,,,,,,,,,,
acc,1778672611.0,30.0,-0.113281,3.535156,-9.835938,,,,,,,,,,
acc,1778672611.0,30.0,-0.113281,3.804688,-9.996094,,,,,,,,,,
acc,1778672611.0,30.0,-0.457031,3.765625,-10.113281,,,,,,,,,,
acc,1778672611.0,30.0,-0.304688,3.765625,-9.875,,,,,,,,,,
acc,1778672611.0,30.0,-0.035156,3.691406,-9.957031,,,,,,,,,,
acc,1778672611.0,30.0,0.0,3.574219,-9.6875,,,,,,,,,,
acc,1778672611.0,30.0,-0.152344,3.652344,-9.609375,,,,,,,,,,
acc,1778672611.0,30.0,-0.226562,3.882812,-9.574219,,,,,,,,,,
acc,1778672611.0,30.0,-0.074219,3.882812,-9.652344,,,,,,,,,,
acc,1778672611.0,30.0,0.0,3.652344,-9.347656,,,,,,,,,,
acc,1778672611.0,30.0,0.0,4.339844,-9.835938,,,,,,,,,,
acc,1778672611.0,30.0,-0.035156,4.265625,-9.613281,,,,,,,,,,
acc,1778672611.0,30.0,-0.113281,4.378906,-9.757812,,,,,,,,,,
acc,1778672611.0,30.0,-0.113281,4.648438,-10.261719,,,,,,,,,,
acc,1778672611.0,30.0,-0.113281,4.496094,-9.875,,,,,,,,,,
acc,1778672611.0,30.0,0.0,4.113281,-9.914062,,,,,,,,,,
acc,1778672611.0,30.0,0.078125,3.921875,-9.726562,,,,,,,,,,
acc,1778672612.0,31.0,-0.035156,4.113281,-9.648438,,,,,,,,,,
acc,1778672612.0,31.0,0.0,3.957031,-9.875,,,,,,,,,,
acc,1778672612.0,31.0,-0.035156,4.265625,-9.570312,,,,,,,,,,
acc,1778672612.0,31.0,-0.152344,4.53125,-9.6875,,,,,,,,,,
acc,1778672612.0,31.0,-0.074219,4.265625,-9.953125,,,,,,,,,,
acc,1778672612.0,31.0,0.0,4.378906,-9.53125,,,,,,,,,,
acc,1778672612.0,31.0,-0.152344,4.378906,-9.835938,,,,,,,,,,
acc,1778672612.0,31.0,-0.265625,3.460938,-9.761719,,,,,,,,,,
acc,1778672612.0,31.0,-0.191406,3.957031,-9.796875,,,,,,,,,,
acc,1778672612.0,31.0,-0.34375,3.921875,-10.113281,,,,,,,,,,
acc,1778672612.0,31.0,-0.265625,3.726562,-9.761719,,,,,,,,,,
acc,1778672612.0,31.0,-0.265625,4.378906,-9.996094,,,,,,,,,,
acc,1778672612.0,31.0,-0.382812,3.957031,-9.914062,,,,,,,,,,
acc,1778672612.0,31.0,-0.417969,4.1875,-9.992188,,,,,,,,,,
acc,1778672612.0,31.0,-0.496094,3.84375,-9.800781,,,,,,,,,,
acc,1778672612.0,31.0,-0.382812,3.535156,-10.03125,,,,,,,,,,
acc,1778672612.0,31.0,-0.417969,3.5,-9.992188,,,,,,,,,,
acc,1778672612.0,31.0,-0.574219,3.535156,-9.996094,,,,,,,,,,
acc,1778672612.0,31.0,-0.574219,3.34375,-10.035156,,,,,,,,,,
acc,1778672612.0,31.0,-0.574219,3.269531,-9.839844,,,,,,,,,,
acc,1778672612.0,31.0,-0.535156,3.191406,-10.179688,,,,,,,,,,
acc,1778672612.0,31.0,-0.574219,2.925781,-9.535156,,,,,,,,,,
acc,1778672612.0,31.0,-0.535156,3.191406,-9.996094,,,,,,,,,,
acc,1778672612.0,31.0,-0.417969,3.230469,-9.917969,,,,,,,,,,
acc,1778672612.0,31.0,-0.496094,3.34375,-9.53125,,,,,,,,,,
acc,1778672612.0,31.0,-0.574219,3.382812,-9.996094,,,,,,,,,,
acc,1778672612.0,31.0,-0.417969,3.382812,-9.914062,,,,,,,,,,
acc,1778672612.0,31.0,-0.34375,3.613281,-9.53125,,,,,,,,,,
acc,1778672612.0,31.0,-0.496094,3.535156,-9.992188,,,,,,,,,,
acc,1778672612.0,31.0,-0.457031,3.957031,-9.875,,,,,,,,,,
acc,1778672612.0,31.0,-0.804688,3.460938,-10.035156,,,,,,,,,,
acc,1778672612.0,31.0,-0.613281,3.34375,-10.148438,,,,,,,,,,
acc,1778672612.0,31.0,-0.6875,4.265625,-10.152344,,,,,,,,,,
acc,1778672612.0,31.0,-0.574219,3.691406,-9.800781,,,,,,,,,,
acc,1778672612.0,31.0,-0.34375,3.574219,-10.378906,,,,,,,,,,
acc,1778672612.0,31.0,-0.496094,4.378906,-9.53125,,,,,,,,,,
acc,1778672612.0,31.0,-0.613281,4.226562,-10.375,,,,,,,,,,
acc,1778672612.0,31.0,-0.304688,4.457031,-9.957031,,,,,,,,,,
acc,1778672612.0,31.0,-0.457031,4.570312,-9.574219,,,,,,,,,,
acc,1778672612.0,31.0,-0.574219,4.226562,-10.417969,,,,,,,,,,
acc,1778672612.0,31.0,-0.304688,4.035156,-9.417969,,,,,,,,,,
acc,1778672612.0,31.0,-0.265625,3.691406,-9.992188,,,,,,,,,,
acc,1778672612.0,31.0,-0.304688,3.84375,-9.726562,,,,,,,,,,
acc,1778672612.0,31.0,-0.34375,4.1875,-9.835938,,,,,,,,,,
acc,1778672612.0,31.0,-0.417969,4.722656,-9.875,,,,,,,,,,
acc,1778672612.0,31.0,-0.304688,4.378906,-9.6875,,,,,,,,,,
acc,1778672612.0,31.0,-0.265625,4.035156,-9.996094,,,,,,,,,,
acc,1778672612.0,31.0,-0.304688,4.1875,-9.761719,,,,,,,,,,
acc,1778672612.0,31.0,-0.226562,3.652344,-9.730469,,,,,,,,,,
acc,1778672612.0,31.0,-0.226562,3.460938,-9.609375,,,,,,,,,,
acc,1778672612.0,31.0,-0.152344,3.269531,-9.492188,,,,,,,,,,
acc,1778672612.0,31.0,-0.152344,3.117188,-9.574219,,,,,,,,,,
acc,1778672612.0,31.0,-0.113281,3.804688,-9.457031,,,,,,,,,,
acc,1778672612.0,31.0,-0.265625,3.726562,-9.613281,,,,,,,,,,
acc,1778672612.0,31.0,-0.304688,3.921875,-9.574219,,,,,,,,,,
acc,1778672612.0,31.0,-0.152344,4.1875,-9.648438,,,,,,,,,,
acc,1778672612.0,31.0,-0.113281,3.84375,-9.609375,,,,,,,,,,
acc,1778672612.0,31.0,-0.152344,3.804688,-9.613281,,,,,,,,,,
acc,1778672612.0,31.0,-0.265625,3.804688,-9.691406,,,,,,,,,,
acc,1778672612.0,31.0,-0.152344,3.765625,-9.535156,,,,,,,,,,
acc,1778672612.0,31.0,-0.191406,3.957031,-9.761719,,,,,,,,,,
acc,1778672612.0,31.0,-0.34375,3.921875,-9.496094,,,,,,,,,,
acc,1778672612.0,31.0,-0.265625,4.226562,-9.796875,,,,,,,,,,
acc,1778672612.0,31.0,-0.191406,4.035156,-9.570312,,,,,,,,,,
acc,1778672612.0,31.0,-0.191406,3.921875,-9.691406,,,,,,,,,,
acc,1778672612.0,31.0,-0.226562,3.882812,-9.835938,,,,,,,,,,
acc,1778672612.0,31.0,-0.152344,3.882812,-9.691406,,,,,,,,,,
acc,1778672612.0,31.0,-0.152344,3.765625,-9.613281,,,,,,,,,,
acc,1778672612.0,31.0,-0.304688,3.921875,-9.53125,,,,,,,,,,
acc,1778672612.0,31.0,-0.265625,3.957031,-9.996094,,,,,,,,,,
acc,1778672612.0,31.0,-0.191406,3.882812,-9.613281,,,,,,,,,,
acc,1778672612.0,31.0,-0.191406,3.996094,-9.652344,,,,,,,,,,
acc,1778672612.0,31.0,-0.265625,3.574219,-9.992188,,,,,,,,,,
acc,1778672612.0,31.0,-0.226562,3.691406,-9.613281,,,,,,,,,,
acc,1778672612.0,31.0,-0.304688,3.765625,-9.835938,,,,,,,,,,
acc,1778672612.0,31.0,-0.191406,3.421875,-9.835938,,,,,,,,,,
acc,1778672612.0,31.0,-0.191406,3.613281,-9.496094,,,,,,,,,,
acc,1778672612.0,31.0,-0.304688,3.652344,-9.917969,,,,,,,,,,
acc,1778672612.0,31.0,-0.34375,3.652344,-9.730469,,,,,,,,,,
acc,1778672612.0,31.0,-0.265625,3.84375,-9.496094,,,,,,,,,,
acc,1778672612.0,31.0,-0.226562,3.804688,-9.726562,,,,,,,,,,
acc,1778672612.0,31.0,-0.265625,3.804688,-9.414062,,,,,,,,,,
acc,1778672612.0,31.0,-0.191406,3.691406,-9.757812,,,,,,,,,,
acc,1778672612.0,31.0,-0.152344,3.308594,-9.648438,,,,,,,,,,
acc,1778672612.0,31.0,-0.226562,3.269531,-9.648438,,,,,,,,,,
acc,1778672612.0,31.0,-0.382812,3.382812,-9.953125,,,,,,,,,,
acc,1778672612.0,31.0,-0.417969,3.691406,-9.726562,,,,,,,,,,
acc,1778672612.0,31.0,-0.457031,3.613281,-10.109375,,,,,,,,,,
acc,1778672612.0,31.0,-0.34375,3.765625,-9.496094,,,,,,,,,,
acc,1778672612.0,31.0,-0.34375,4.339844,-9.800781,,,,,,,,,,
acc,1778672612.0,31.0,-0.574219,4.378906,-9.457031,,,,,,,,,,
acc,1778672612.0,31.0,-0.457031,3.921875,-9.996094,,,,,,,,,,
acc,1778672612.0,31.0,-0.34375,4.035156,-9.574219,,,,,,,,,,
acc,1778672612.0,31.0,-0.417969,3.84375,-9.53125,,,,,,,,,,
acc,1778672612.0,31.0,-0.496094,3.574219,-9.996094,,,,,,,,,,
acc,1778672612.0,31.0,-0.417969,3.574219,-9.726562,,,,,,,,,,
acc,1778672612.0,31.0,-0.496094,3.882812,-9.648438,,,,,,,,,,
acc,1778672612.0,31.0,-0.304688,4.035156,-10.179688,,,,,,,,,,
acc,1778672612.0,31.0,-0.265625,4.648438,-9.574219,,,,,,,,,,
acc,1778672612.0,31.0,-0.417969,4.648438,-9.761719,,,,,,,,,,
acc,1778672612.0,31.0,-0.035156,4.53125,-10.070312,,,,,,,,,,
acc,1778672612.0,31.0,-0.113281,5.144531,-9.652344,,,,,,,,,,
acc,1778672612.0,31.0,-0.191406,4.722656,-9.996094,,,,,,,,,,
acc,1778672612.0,31.0,-0.191406,4.570312,-9.761719,,,,,,,,,,
acc,1778672612.0,31.0,-0.382812,3.84375,-9.875,,,,,,,,,,
acc,1778672612.0,31.0,-0.226562,3.535156,-9.914062,,,,,,,,,,
acc,1778672612.0,31.0,-0.226562,3.765625,-9.761719,,,,,,,,,,
acc,1778672612.0,31.0,-0.34375,4.074219,-9.917969,,,,,,,,,,
acc,1778672612.0,31.0,-0.226562,3.765625,-9.957031,,,,,,,,,,
acc,1778672612.0,31.0,-0.152344,3.957031,-9.53125,,,,,,,,,,
acc,1778672612.0,31.0,-0.152344,3.652344,-10.148438,,,,,,,,,,
acc,1778672612.0,31.0,-0.113281,3.34375,-10.03125,,,,,,,,,,
acc,1778672612.0,31.0,-0.226562,3.382812,-9.574219,,,,,,,,,,
acc,1778672612.0,31.0,-0.226562,3.039062,-10.148438,,,,,,,,,,
acc,1778672612.0,31.0,-0.226562,3.117188,-9.875,,,,,,,,,,
acc,1778672612.0,31.0,-0.226562,3.34375,-9.800781,,,,,,,,,,
acc,1778672612.0,31.0,-0.226562,3.34375,-9.875,,,,,,,,,,
acc,1778672612.0,31.0,-0.304688,3.5,-9.878906,,,,,,,,,,
acc,1778672612.0,31.0,-0.304688,3.421875,-9.953125,,,,,,,,,,
acc,1778672612.0,31.0,-0.035156,3.574219,-9.957031,,,,,,,,,,
acc,1778672612.0,31.0,-0.152344,3.957031,-9.914062,,,,,,,,,,
acc,1778672612.0,31.0,-0.152344,3.957031,-9.992188,,,,,,,,,,
acc,1778672612.0,31.0,-0.074219,4.339844,-9.957031,,,,,,,,,,
acc,1778672612.0,31.0,-0.191406,4.457031,-9.839844,,,,,,,,,,
acc,1778672612.0,31.0,-0.113281,4.074219,-9.917969,,,,,,,,,,
acc,1778672612.0,31.0,-0.113281,3.726562,-9.453125,,,,,,,,,,
acc,1778672612.0,31.0,-0.265625,3.691406,-9.914062,,,,,,,,,,
acc,1778672613.0,32.0,-0.226562,3.84375,-9.648438,,,,,,,,,,
acc,1778672613.0,32.0,-0.191406,3.535156,-9.652344,,,,,,,,,,
acc,1778672613.0,32.0,-0.113281,3.882812,-9.691406,,,,,,,,,,
acc,1778672613.0,32.0,-0.152344,3.996094,-9.800781,,,,,,,,,,
acc,1778672613.0,32.0,-0.265625,3.996094,-9.878906,,,,,,,,,,
acc,1778672613.0,32.0,-0.457031,4.378906,-9.835938,,,,,,,,,,
acc,1778672613.0,32.0,-0.648438,4.304688,-10.109375,,,,,,,,,,
acc,1778672613.0,32.0,-0.6875,4.265625,-9.996094,,,,,,,,,,
acc,1778672613.0,32.0,-0.765625,4.304688,-9.875,,,,,,,,,,
acc,1778672613.0,32.0,-0.765625,4.496094,-9.839844,,,,,,,,,,
acc,1778672613.0,32.0,-0.6875,4.417969,-9.800781,,,,,,,,,,
acc,1778672613.0,32.0,-0.417969,4.035156,-9.265625,,,,,,,,,,
acc,1778672613.0,32.0,-0.382812,3.804688,-9.6875,,,,,,,,,,
acc,1778672613.0,32.0,-0.417969,3.652344,-9.414062,,,,,,,,,,
acc,1778672613.0,32.0,-0.765625,3.804688,-9.691406,,,,,,,,,,
acc,1778672613.0,32.0,-0.917969,3.765625,-9.6875,,,,,,,,,,
acc,1778672613.0,32.0,-0.804688,3.613281,-9.839844,,,,,,,,,,
acc,1778672613.0,32.0,-0.6875,3.613281,-9.800781,,,,,,,,,,
acc,1778672613.0,32.0,-0.765625,3.765625,-9.609375,,,,,,,,,,
acc,1778672613.0,32.0,-0.765625,3.652344,-9.726562,,,,,,,,,,
acc,1778672613.0,32.0,-0.574219,3.765625,-9.730469,,,,,,,,,,
acc,1778672613.0,32.0,-0.613281,4.1875,-9.648438,,,,,,,,,,
acc,1778672613.0,32.0,-0.648438,4.074219,-9.992188,,,,,,,,,,
acc,1778672613.0,32.0,-0.535156,4.1875,-9.691406,,,,,,,,,,
acc,1778672613.0,32.0,-0.574219,4.226562,-9.726562,,,,,,,,,,
acc,1778672613.0,32.0,-0.574219,3.726562,-9.652344,,,,,,,,,,
acc,1778672613.0,32.0,-0.613281,3.117188,-9.648438,,,,,,,,,,
acc,1778672613.0,32.0,-0.613281,3.535156,-9.875,,,,,,,,,,
acc,1778672613.0,32.0,-0.613281,3.882812,-9.914062,,,,,,,,,,
acc,1778672613.0,32.0,-0.457031,3.996094,-9.953125,,,,,,,,,,
acc,1778672613.0,32.0,-0.457031,4.417969,-9.875,,,,,,,,,,
acc,1778672613.0,32.0,-0.382812,4.304688,-9.878906,,,,,,,,,,
acc,1778672613.0,32.0,-0.226562,3.613281,-9.574219,,,,,,,,,,
acc,1778672613.0,32.0,0.0,3.5,-9.914062,,,,,,,,,,
acc,1778672613.0,32.0,-0.191406,3.691406,-9.53125,,,,,,,,,,
acc,1778672613.0,32.0,-0.304688,3.84375,-9.878906,,,,,,,,,,
acc,1778672613.0,32.0,-0.265625,3.765625,-9.800781,,,,,,,,,,
acc,1778672613.0,32.0,-0.152344,3.882812,-9.800781,,,,,,,,,,
acc,1778672613.0,32.0,-0.226562,4.035156,-9.875,,,,,,,,,,
acc,1778672613.0,32.0,-0.226562,4.148438,-9.761719,,,,,,,,,,
acc,1778672613.0,32.0,-0.113281,3.691406,-9.726562,,,,,,,,,,
acc,1778672613.0,32.0,-0.113281,3.308594,-9.414062,,,,,,,,,,
acc,1778672613.0,32.0,-0.035156,2.960938,-9.53125,,,,,,,,,,
acc,1778672613.0,32.0,0.039062,2.808594,-9.347656,,,,,,,,,,
acc,1778672613.0,32.0,0.078125,3.230469,-9.496094,,,,,,,,,,
acc,1778672613.0,32.0,0.0,3.652344,-9.304688,,,,,,,,,,
acc,1778672613.0,32.0,-0.035156,3.84375,-9.574219,,,,,,,,,,
acc,1778672613.0,32.0,-0.152344,3.613281,-9.53125,,,,,,,,,,
acc,1778672613.0,32.0,0.0,3.34375,-9.453125,,,,,,,,,,
acc,1778672613.0,32.0,0.117188,3.078125,-9.109375,,,,,,,,,,
acc,1778672613.0,32.0,0.308594,2.539062,-9.191406,,,,,,,,,,
acc,1778672613.0,32.0,0.382812,2.925781,-9.148438,,,,,,,,,,
acc,1778672613.0,32.0,0.15625,3.34375,-9.074219,,,,,,,,,,
acc,1778672613.0,32.0,0.0,3.804688,-9.535156,,,,,,,,,,
acc,1778672613.0,32.0,-0.035156,3.996094,-9.53125,,,,,,,,,,
acc,1778672613.0,32.0,-0.074219,4.035156,-9.796875,,,,,,,,,,
acc,1778672613.0,32.0,-0.074219,4.609375,-9.574219,,,,,,,,,,
acc,1778672613.0,32.0,-0.152344,4.304688,-9.761719,,,,,,,,,,
acc,1778672613.0,32.0,-0.152344,4.1875,-9.800781,,,,,,,,,,
acc,1778672613.0,32.0,-0.035156,4.113281,-9.609375,,,,,,,,,,
acc,1778672613.0,32.0,0.269531,3.574219,-9.613281,,,,,,,,,,
acc,1778672613.0,32.0,0.347656,3.039062,-9.1875,,,,,,,,,,
acc,1778672613.0,32.0,0.230469,3.0,-9.496094,,,,,,,,,,
acc,1778672613.0,32.0,0.0,3.460938,-9.53125,,,,,,,,,,
acc,1778672613.0,32.0,-0.035156,3.652344,-9.691406,,,,,,,,,,
acc,1778672613.0,32.0,-0.152344,3.765625,-9.996094,,,,,,,,,,
acc,1778672613.0,32.0,-0.191406,4.074219,-9.835938,,,,,,,,,,
acc,1778672613.0,32.0,-0.152344,3.882812,-10.148438,,,,,,,,,,
acc,1778672613.0,32.0,-0.035156,3.84375,-9.953125,,,,,,,,,,
acc,1778672613.0,32.0,-0.191406,3.957031,-9.761719,,,,,,,,,,
acc,1778672613.0,32.0,-0.191406,3.726562,-10.296875,,,,,,,,,,
acc,1778672613.0,32.0,-0.226562,3.691406,-9.917969,,,,,,,,,,
acc,1778672613.0,32.0,-0.304688,3.535156,-10.113281,,,,,,,,,,
acc,1778672613.0,32.0,-0.304688,3.613281,-10.152344,,,,,,,,,,
acc,1778672613.0,32.0,-0.265625,3.804688,-9.953125,,,,,,,,,,
acc,1778672613.0,32.0,-0.34375,3.882812,-9.875,,,,,,,,,,
acc,1778672613.0,32.0,-0.074219,3.613281,-10.070312,,,,,,,,,,
acc,1778672613.0,32.0,-0.113281,3.574219,-9.726562,,,,,,,,,,
acc,1778672613.0,32.0,-0.113281,3.957031,-9.757812,,,,,,,,,,
acc,1778672613.0,32.0,-0.074219,4.113281,-10.070312,,,,,,,,,,
acc,1778672613.0,32.0,-0.035156,4.074219,-9.796875,,,,,,,,,,
acc,1778672613.0,32.0,-0.113281,3.921875,-10.035156,,,,,,,,,,
acc,1778672613.0,32.0,-0.074219,3.804688,-10.109375,,,,,,,,,,
acc,1778672613.0,32.0,-0.265625,4.074219,-10.109375,,,,,,,,,,
acc,1778672613.0,32.0,-0.265625,3.882812,-10.035156,,,,,,,,,,
acc,1778672613.0,32.0,0.0,3.957031,-9.992188,,,,,,,,,,
acc,1778672613.0,32.0,-0.113281,3.957031,-9.914062,,,,,,,,,,
acc,1778672613.0,32.0,-0.265625,4.113281,-9.917969,,,,,,,,,,
acc,1778672613.0,32.0,-0.304688,4.148438,-9.953125,,,,,,,,,,
acc,1778672613.0,32.0,-0.382812,4.1875,-9.992188,,,,,,,,,,
acc,1778672613.0,32.0,-0.382812,4.304688,-9.957031,,,,,,,,,,
acc,1778672613.0,32.0,-0.304688,4.148438,-10.074219,,,,,,,,,,
acc,1778672613.0,32.0,-0.382812,4.1875,-9.992188,,,,,,,,,,
acc,1778672613.0,32.0,-0.382812,3.84375,-10.109375,,,,,,,,,,
acc,1778672613.0,32.0,-0.304688,4.074219,-10.257812,,,,,,,,,,
acc,1778672613.0,32.0,-0.304688,3.882812,-9.878906,,,,,,,,,,
acc,1778672613.0,32.0,-0.417969,3.84375,-10.300781,,,,,,,,,,
acc,1778672613.0,32.0,-0.496094,3.84375,-9.875,,,,,,,,,,
acc,1778672613.0,32.0,-0.574219,3.726562,-10.113281,,,,,,,,,,
acc,1778672613.0,32.0,-0.648438,3.382812,-10.070312,,,,,,,,,,
acc,1778672613.0,32.0,-0.648438,3.691406,-9.875,,,,,,,,,,
acc,1778672613.0,32.0,-0.613281,3.652344,-10.183594,,,,,,,,,,
acc,1778672613.0,32.0,-0.613281,3.613281,-9.914062,,,,,,,,,,
acc,1778672613.0,32.0,-0.726562,4.113281,-10.148438,,,,,,,,,,
acc,1778672613.0,32.0,-0.804688,3.882812,-9.917969,,,,,,,,,,
acc,1778672613.0,32.0,-0.6875,3.957031,-10.183594,,,,,,,,,,
acc,1778672613.0,32.0,-0.613281,3.5,-9.800781,,,,,,,,,,
acc,1778672613.0,32.0,-0.574219,3.460938,-10.152344,,,,,,,,,,
acc,1778672613.0,32.0,-0.726562,3.535156,-9.648438,,,,,,,,,,
acc,1778672613.0,32.0,-0.839844,3.613281,-9.992188,,,,,,,,,,
acc,1778672613.0,32.0,-0.765625,3.957031,-9.996094,,,,,,,,,,
acc,1778672613.0,32.0,-0.726562,3.921875,-9.878906,,,,,,,,,,
acc,1778672613.0,32.0,-0.726562,4.035156,-10.03125,,,,,,,,,,
acc,1778672613.0,32.0,-0.726562,4.074219,-9.796875,,,,,,,,,,
acc,1778672613.0,32.0,-0.726562,4.265625,-10.152344,,,,,,,,,,
acc,1778672613.0,32.0,-0.648438,4.226562,-9.796875,,,,,,,,,,
acc,1778672613.0,32.0,-0.613281,3.957031,-9.992188,,,,,,,,,,
acc,1778672613.0,32.0,-0.726562,4.457031,-9.992188,,,,,,,,,,
acc,1778672613.0,32.0,-0.765625,4.1875,-9.917969,,,,,,,,,,
acc,1778672613.0,32.0,-0.574219,3.996094,-9.957031,,,,,,,,,,
acc,1778672613.0,32.0,-0.457031,3.996094,-9.574219,,,,,,,,,,
acc,1778672613.0,32.0,-0.417969,3.921875,-10.261719,,,,,,,,,,
acc,1778672613.0,32.0,-0.304688,3.957031,-9.226562,,,,,,,,,,
acc,1778672613.0,32.0,-0.417969,4.457031,-10.03125,,,,,,,,,,
acc,1778672613.0,32.0,-0.34375,4.496094,-9.835938,,,,,,,,,,
acc,1778672613.0,32.0,-0.34375,4.417969,-9.453125,,,,,,,,,,
acc,1778672613.0,32.0,-0.457031,4.839844,-10.03125,,,,,,,,,,
acc,1778672613.0,32.0,-0.265625,3.921875,-9.730469,,,,,,,,,,
acc,1778672613.0,32.0,-0.226562,3.804688,-9.761719,,,,,,,,,,
acc,1778672614.0,33.0,-0.34375,3.84375,-9.800781,,,,,,,,,,
acc,1778672614.0,33.0,-0.382812,3.613281,-9.835938,,,,,,,,,,
acc,1778672614.0,33.0,-0.417969,3.535156,-9.800781,,,,,,,,,,
acc,1778672614.0,33.0,-0.265625,3.152344,-9.761719,,,,,,,,,,
acc,1778672614.0,33.0,-0.265625,2.730469,-9.414062,,,,,,,,,,
acc,1778672614.0,33.0,-0.265625,3.308594,-9.457031,,,,,,,,,,
acc,1778672614.0,33.0,-0.113281,3.34375,-9.492188,,,,,,,,,,
acc,1778672614.0,33.0,-0.152344,3.574219,-9.34375,,,,,,,,,,
acc,1778672614.0,33.0,-0.191406,3.882812,-9.878906,,,,,,,,,,
acc,1778672614.0,33.0,-0.152344,3.957031,-9.148438,,,,,,,,,,
acc,1778672614.0,33.0,-0.074219,3.574219,-9.757812,,,,,,,,,,
acc,1778672614.0,33.0,0.0,3.726562,-9.347656,,,,,,,,,,
acc,1778672614.0,33.0,-0.035156,3.574219,-9.535156,,,,,,,,,,
acc,1778672614.0,33.0,0.039062,3.382812,-9.648438,,,,,,,,,,
acc,1778672614.0,33.0,0.0,3.765625,-9.035156,,,,,,,,,,
acc,1778672614.0,33.0,-0.035156,3.726562,-9.609375,,,,,,,,,,
acc,1778672614.0,33.0,0.0,4.1875,-9.230469,,,,,,,,,,
acc,1778672614.0,33.0,0.0,4.113281,-9.375,,,,,,,,,,
acc,1778672614.0,33.0,0.0,3.957031,-9.574219,,,,,,,,,,
acc,1778672614.0,33.0,-0.074219,3.691406,-9.191406,,,,,,,,,,
acc,1778672614.0,33.0,-0.113281,3.691406,-9.652344,,,,,,,,,,
acc,1778672614.0,33.0,-0.035156,3.535156,-9.375,,,,,,,,,,
acc,1778672614.0,33.0,-0.113281,3.921875,-9.613281,,,,,,,,,,
acc,1778672614.0,33.0,-0.226562,4.265625,-9.613281,,,,,,,,,,
acc,1778672614.0,33.0,-0.191406,4.148438,-9.304688,,,,,,,,,,
acc,1778672614.0,33.0,-0.152344,4.265625,-9.308594,,,,,,,,,,
acc,1778672614.0,33.0,-0.152344,4.1875,-9.691406,,,,,,,,,,
acc,1778672614.0,33.0,-0.152344,4.113281,-9.574219,,,,,,,,,,
acc,1778672614.0,33.0,-0.304688,3.882812,-9.613281,,,,,,,,,,
acc,1778672614.0,33.0,-0.304688,3.652344,-9.957031,,,,,,,,,,
acc,1778672614.0,33.0,-0.34375,3.652344,-9.414062,,,,,,,,,,
acc,1778672614.0,33.0,-0.457031,3.957031,-9.953125,,,,,,,,,,
acc,1778672614.0,33.0,-0.226562,3.84375,-9.53125,,,,,,,,,,
acc,1778672614.0,33.0,-0.304688,3.652344,-9.613281,,,,,,,,,,
acc,1778672614.0,33.0,-0.382812,3.84375,-9.648438,,,,,,,,,,
acc,1778672614.0,33.0,-0.191406,4.074219,-9.691406,,,,,,,,,,
acc,1778672614.0,33.0,-0.152344,4.148438,-9.535156,,,,,,,,,,
acc,1778672614.0,33.0,-0.382812,4.074219,-9.496094,,,,,,,,,,
acc,1778672614.0,33.0,-0.035156,3.882812,-10.257812,,,,,,,,,,
acc,1778672614.0,33.0,0.078125,4.457031,-9.492188,,,,,,,,,,
acc,1778672614.0,33.0,-0.265625,4.148438,-9.53125,,,,,,,,,,
acc,1778672614.0,33.0,-0.226562,4.148438,-10.070312,,,,,,,,,,
acc,1778672614.0,33.0,-0.113281,4.800781,-9.796875,,,,,,,,,,
acc,1778672614.0,33.0,-0.152344,4.417969,-9.730469,,,,,,,,,,
acc,1778672614.0,33.0,-0.113281,4.074219,-9.839844,,,,,,,,,,
acc,1778672614.0,33.0,-0.304688,4.265625,-9.53125,,,,,,,,,,
acc,1778672614.0,33.0,-0.304688,3.460938,-10.179688,,,,,,,,,,
acc,1778672614.0,33.0,0.0,3.421875,-9.796875,,,,,,,,,,
acc,1778672614.0,33.0,-0.226562,3.804688,-9.878906,,,,,,,,,,
acc,1778672614.0,33.0,-0.496094,3.691406,-10.378906,,,,,,,,,,
acc,1778672614.0,33.0,-0.496094,4.113281,-9.453125,,,,,,,,,,
acc,1778672614.0,33.0,-0.457031,4.265625,-10.179688,,,,,,,,,,
acc,1778672614.0,33.0,-0.265625,4.074219,-9.492188,,,,,,,,,,
acc,1778672614.0,33.0,-0.382812,3.996094,-9.757812,,,,,,,,,,
acc,1778672614.0,33.0,-0.574219,3.804688,-9.953125,,,,,,,,,,
acc,1778672614.0,33.0,-0.496094,3.574219,-9.6875,,,,,,,,,,
acc,1778672614.0,33.0,-0.496094,3.269531,-9.914062,,,,,,,,,,
acc,1778672614.0,33.0,-0.457031,3.652344,-9.992188,,,,,,,,,,
acc,1778672614.0,33.0,-0.382812,3.84375,-10.183594,,,,,,,,,,
acc,1778672614.0,33.0,-0.535156,4.113281,-9.757812,,,,,,,,,,
acc,1778672614.0,33.0,-0.535156,4.1875,-9.953125,,,,,,,,,,
acc,1778672614.0,33.0,-0.382812,4.339844,-9.800781,,,,,,,,,,
acc,1778672614.0,33.0,-0.457031,4.113281,-9.574219,,,,,,,,,,
acc,1778672614.0,33.0,-0.417969,3.460938,-10.03125,,,,,,,,,,
acc,1778672614.0,33.0,-0.496094,3.382812,-9.347656,,,,,,,,,,
acc,1778672614.0,33.0,-0.6875,3.84375,-10.03125,,,,,,,,,,
acc,1778672614.0,33.0,-0.496094,3.269531,-9.800781,,,,,,,,,,
acc,1778672614.0,33.0,-0.417969,3.535156,-9.609375,,,,,,,,,,
acc,1778672614.0,33.0,-0.574219,3.613281,-10.035156,,,,,,,,,,
acc,1778672614.0,33.0,-0.574219,3.996094,-9.652344,,,,,,,,,,
acc,1778672614.0,33.0,-0.535156,4.457031,-9.648438,,,,,,,,,,
acc,1778672614.0,33.0,-0.496094,4.1875,-9.992188,,,,,,,,,,
acc,1778672614.0,33.0,-0.574219,4.378906,-9.761719,,,,,,,,,,
acc,1778672614.0,33.0,-0.613281,4.6875,-9.914062,,,,,,,,,,
acc,1778672614.0,33.0,-0.457031,4.6875,-9.992188,,,,,,,,,,
acc,1778672614.0,33.0,-0.265625,4.339844,-9.613281,,,,,,,,,,
acc,1778672614.0,33.0,-0.304688,4.265625,-10.074219,,,,,,,,,,
acc,1778672614.0,33.0,-0.417969,4.148438,-9.796875,,,,,,,,,,
acc,1778672614.0,33.0,-0.535156,3.882812,-10.109375,,,,,,,,,,
acc,1778672614.0,33.0,-0.226562,3.382812,-9.835938,,,,,,,,,,
acc,1778672614.0,33.0,-0.152344,3.269531,-10.03125,,,,,,,,,,
acc,1778672614.0,33.0,-0.226562,3.574219,-9.761719,,,,,,,,,,
acc,1778672614.0,33.0,-0.304688,3.84375,-9.839844,,,,,,,,,,
acc,1778672614.0,33.0,-0.226562,3.574219,-9.957031,,,,,,,,,,
acc,1778672614.0,33.0,-0.152344,3.84375,-9.730469,,,,,,,,,,
acc,1778672614.0,33.0,-0.113281,4.074219,-9.796875,,,,,,,,,,
acc,1778672614.0,33.0,-0.265625,4.148438,-9.648438,,,,,,,,,,
acc,1778672614.0,33.0,-0.152344,3.996094,-9.730469,,,,,,,,,,
acc,1778672614.0,33.0,0.078125,3.957031,-9.914062,,,,,,,,,,
acc,1778672614.0,33.0,0.078125,3.84375,-9.230469,,,,,,,,,,
acc,1778672614.0,33.0,0.039062,3.691406,-9.761719,,,,,,,,,,
acc,1778672614.0,33.0,0.117188,3.957031,-9.648438,,,,,,,,,,
acc,1778672614.0,33.0,0.0,4.226562,-9.609375,,,,,,,,,,
acc,1778672614.0,33.0,-0.113281,3.996094,-9.835938,,,,,,,,,,
acc,1778672614.0,33.0,0.039062,4.226562,-9.730469,,,,,,,,,,
acc,1778672614.0,33.0,-0.074219,4.304688,-9.691406,,,,,,,,,,
acc,1778672614.0,33.0,0.0,3.882812,-9.691406,,,,,,,,,,
acc,1778672614.0,33.0,0.269531,3.804688,-9.652344,,,,,,,,,,
acc,1778672614.0,33.0,0.078125,3.726562,-9.453125,,,,,,,,,,
acc,1778672614.0,33.0,-0.113281,3.34375,-9.53125,,,,,,,,,,
acc,1778672614.0,33.0,0.039062,3.34375,-9.691406,,,,,,,,,,
acc,1778672614.0,33.0,0.0,3.574219,-9.535156,,,,,,,,,,
acc,1778672614.0,33.0,-0.152344,3.460938,-9.609375,,,,,,,,,,
acc,1778672614.0,33.0,-0.074219,3.5,-9.570312,,,,,,,,,,
acc,1778672614.0,33.0,-0.152344,3.84375,-9.609375,,,,,,,,,,
acc,1778672614.0,33.0,-0.265625,3.726562,-9.726562,,,,,,,,,,
acc,1778672614.0,33.0,-0.34375,3.921875,-9.535156,,,,,,,,,,
acc,1778672614.0,33.0,-0.382812,3.921875,-9.535156,,,,,,,,,,
acc,1778672614.0,33.0,-0.417969,3.996094,-9.730469,,,,,,,,,,
acc,1778672614.0,33.0,-0.34375,3.996094,-9.265625,,,,,,,,,,
acc,1778672614.0,33.0,-0.304688,4.074219,-9.914062,,,,,,,,,,
acc,1778672614.0,33.0,-0.535156,4.113281,-9.453125,,,,,,,,,,
acc,1778672614.0,33.0,-0.535156,3.996094,-9.992188,,,,,,,,,,
acc,1778672614.0,33.0,-0.265625,3.996094,-9.996094,,,,,,,,,,
acc,1778672614.0,33.0,-0.265625,3.691406,-9.800781,,,,,,,,,,
acc,1778672614.0,33.0,-0.304688,3.921875,-9.914062,,,,,,,,,,
acc,1778672614.0,33.0,-0.265625,3.691406,-9.914062,,,,,,,,,,
acc,1778672614.0,33.0,-0.304688,3.921875,-9.757812,,,,,,,,,,
acc,1778672614.0,33.0,-0.265625,4.113281,-10.152344,,,,,,,,,,
acc,1778672614.0,33.0,-0.226562,3.882812,-9.757812,,,,,,,,,,
acc,1778672614.0,33.0,-0.417969,4.339844,-10.109375,,,,,,,,,,
acc,1778672614.0,33.0,-0.535156,3.996094,-9.730469,,,,,,,,,,
acc,1778672614.0,33.0,-0.265625,4.035156,-9.726562,,,,,,,,,,
acc,1778672614.0,33.0,-0.152344,4.761719,-9.992188,,,,,,,,,,
acc,1778672614.0,33.0,-0.265625,4.265625,-9.875,,,,,,,,,,
acc,1778672614.0,33.0,-0.496094,4.53125,-9.917969,,,,,,,,,,
acc,1778672615.0,34.0,-0.765625,4.339844,-10.070312,,,,,,,,,,
acc,1778672615.0,34.0,-0.535156,4.074219,-9.878906,,,,,,,,,,
acc,1778672615.0,34.0,-0.382812,4.496094,-10.109375,,,,,,,,,,
acc,1778672615.0,34.0,-0.382812,4.6875,-10.183594,,,,,,,,,,
acc,1778672615.0,34.0,-0.34375,4.6875,-9.757812,,,,,,,,,,
acc,1778672615.0,34.0,-0.265625,4.265625,-9.953125,,,,,,,,,,
acc,1778672615.0,34.0,-0.304688,4.148438,-10.074219,,,,,,,,,,
acc,1778672615.0,34.0,-0.382812,4.265625,-10.035156,,,,,,,,,,
acc,1778672615.0,34.0,-0.382812,3.765625,-9.996094,,,,,,,,,,
acc,1778672615.0,34.0,-0.417969,3.996094,-9.992188,,,,,,,,,,
acc,1778672615.0,34.0,-0.417969,3.882812,-9.800781,,,,,,,,,,
acc,1778672615.0,34.0,-0.304688,3.996094,-9.957031,,,,,,,,,,
acc,1778672615.0,34.0,-0.191406,4.1875,-9.34375,,,,,,,,,,
acc,1778672615.0,34.0,-0.34375,4.113281,-10.257812,,,,,,,,,,
acc,1778672615.0,34.0,-0.226562,3.535156,-9.492188,,,,,,,,,,
acc,1778672615.0,34.0,-0.226562,3.613281,-9.914062,,,,,,,,,,
acc,1778672615.0,34.0,-0.34375,3.652344,-9.800781,,,,,,,,,,
acc,1778672615.0,34.0,-0.304688,3.574219,-9.757812,,,,,,,,,,
acc,1778672615.0,34.0,-0.304688,3.996094,-9.839844,,,,,,,,,,
acc,1778672615.0,34.0,-0.304688,4.339844,-9.496094,,,,,,,,,,
acc,1778672615.0,34.0,-0.382812,4.304688,-9.878906,,,,,,,,,,
acc,1778672615.0,34.0,-0.191406,4.265625,-9.609375,,,,,,,,,,
acc,1778672615.0,34.0,-0.226562,4.074219,-9.726562,,,,,,,,,,
acc,1778672615.0,34.0,-0.304688,4.304688,-9.835938,,,,,,,,,,
acc,1778672615.0,34.0,-0.191406,3.921875,-9.992188,,,,,,,,,,
acc,1778672615.0,34.0,-0.265625,3.691406,-9.914062,,,,,,,,,,
acc,1778672615.0,34.0,-0.152344,3.765625,-9.996094,,,,,,,,,,
acc,1778672615.0,34.0,-0.191406,3.84375,-10.152344,,,,,,,,,,
acc,1778672615.0,34.0,-0.304688,3.691406,-9.691406,,,,,,,,,,
acc,1778672615.0,34.0,-0.226562,3.882812,-10.414062,,,,,,,,,,
acc,1778672615.0,34.0,-0.226562,4.304688,-9.726562,,,,,,,,,,
acc,1778672615.0,34.0,-0.265625,3.996094,-9.761719,,,,,,,,,,
acc,1778672615.0,34.0,-0.113281,4.265625,-10.152344,,,,,,,,,,
acc,1778672615.0,34.0,-0.382812,4.074219,-9.34375,,,,,,,,,,
acc,1778672615.0,34.0,-0.304688,3.613281,-10.339844,,,,,,,,,,
acc,1778672615.0,34.0,-0.34375,3.691406,-9.1875,,,,,,,,,,
acc,1778672615.0,34.0,-0.34375,4.074219,-10.152344,,,,,,,,,,
acc,1778672615.0,34.0,-0.34375,3.804688,-9.496094,,,,,,,,,,
acc,1778672615.0,34.0,-0.265625,3.804688,-9.730469,,,,,,,,,,
acc,1778672615.0,34.0,-0.34375,3.957031,-9.875,,,,,,,,,,
acc,1778672615.0,34.0,-0.613281,3.84375,-9.375,,,,,,,,,,
acc,1778672615.0,34.0,-0.417969,3.535156,-10.53125,,,,,,,,,,
acc,1778672615.0,34.0,-0.613281,3.5,-9.265625,,,,,,,,,,
acc,1778672615.0,34.0,-0.648438,3.535156,-9.996094,,,,,,,,,,
acc,1778672615.0,34.0,-0.496094,3.84375,-9.730469,,,,,,,,,,
acc,1778672615.0,34.0,-0.417969,3.804688,-9.378906,,,,,,,,,,
acc,1778672615.0,34.0,-0.417969,3.84375,-9.730469,,,,,,,,,,
acc,1778672615.0,34.0,-0.457031,3.882812,-9.800781,,,,,,,,,,
acc,1778672615.0,34.0,-0.382812,4.035156,-9.835938,,,,,,,,,,
acc,1778672615.0,34.0,-0.417969,3.726562,-9.492188,,,,,,,,,,
acc,1778672615.0,34.0,-0.457031,3.726562,-9.992188,,,,,,,,,,
acc,1778672615.0,34.0,-0.417969,3.5,-9.691406,,,,,,,,,,
acc,1778672615.0,34.0,-0.382812,3.34375,-9.414062,,,,,,,,,,
acc,1778672615.0,34.0,-0.496094,3.613281,-9.757812,,,,,,,,,,
acc,1778672615.0,34.0,-0.496094,3.691406,-9.378906,,,,,,,,,,
acc,1778672615.0,34.0,-0.496094,3.765625,-9.570312,,,,,,,,,,
acc,1778672615.0,34.0,-0.382812,3.574219,-9.535156,,,,,,,,,,
acc,1778672615.0,34.0,-0.382812,3.652344,-9.691406,,,,,,,,,,
acc,1778672615.0,34.0,-0.535156,3.882812,-9.757812,,,,,,,,,,
acc,1778672615.0,34.0,-0.726562,4.113281,-9.453125,,,,,,,,,,
acc,1778672615.0,34.0,-0.648438,4.265625,-9.953125,,,,,,,,,,
acc,1778672615.0,34.0,-0.457031,4.226562,-9.648438,,,,,,,,,,
acc,1778672615.0,34.0,-0.382812,3.882812,-9.609375,,,,,,,,,,
acc,1778672615.0,34.0,-0.496094,4.074219,-9.957031,,,,,,,,,,
acc,1778672615.0,34.0,-0.535156,4.1875,-9.453125,,,,,,,,,,
acc,1778672615.0,34.0,-0.457031,3.882812,-10.257812,,,,,,,,,,
acc,1778672615.0,34.0,-0.191406,4.035156,-9.308594,,,,,,,,,,
acc,1778672615.0,34.0,-0.304688,4.378906,-10.261719,,,,,,,,,,
acc,1778672615.0,34.0,-0.265625,4.457031,-9.457031,,,,,,,,,,
acc,1778672615.0,34.0,-0.074219,3.957031,-9.878906,,,,,,,,,,
acc,1778672615.0,34.0,0.0,3.996094,-9.574219,,,,,,,,,,
acc,1778672615.0,34.0,0.0,3.957031,-9.875,,,,,,,,,,
acc,1778672615.0,34.0,0.078125,4.113281,-9.835938,,,,,,,,,,
acc,1778672615.0,34.0,-0.074219,4.148438,-9.574219,,,,,,,,,,
acc,1778672615.0,34.0,-0.074219,4.035156,-10.035156,,,,,,,,,,
acc,1778672615.0,34.0,0.117188,3.84375,-9.53125,,,,,,,,,,
acc,1778672615.0,34.0,0.191406,3.957031,-9.878906,,,,,,,,,,
acc,1778672615.0,34.0,-0.074219,4.570312,-9.726562,,,,,,,,,,
acc,1778672615.0,34.0,0.0,4.113281,-9.691406,,,,,,,,,,
acc,1778672615.0,34.0,0.039062,4.035156,-9.691406,,,,,,,,,,
acc,1778672615.0,34.0,0.039062,4.339844,-9.414062,,,,,,,,,,
acc,1778672615.0,34.0,0.039062,4.1875,-9.914062,,,,,,,,,,
acc,1778672615.0,34.0,-0.074219,4.457031,-9.6875,,,,,,,,,,
acc,1778672615.0,34.0,-0.226562,4.378906,-9.914062,,,,,,,,,,
acc,1778672615.0,34.0,-0.265625,4.035156,-10.152344,,,,,,,,,,
acc,1778672615.0,34.0,-0.152344,4.265625,-9.457031,,,,,,,,,,
acc,1778672615.0,34.0,-0.152344,3.921875,-9.839844,,,,,,,,,,
acc,1778672615.0,34.0,-0.152344,3.5,-9.453125,,,,,,,,,,
acc,1778672615.0,34.0,0.0,3.535156,-9.492188,,,,,,,,,,
acc,1778672615.0,34.0,-0.074219,3.574219,-9.574219,,,,,,,,,,
acc,1778672615.0,34.0,-0.113281,3.421875,-9.457031,,,,,,,,,,
acc,1778672615.0,34.0,-0.113281,3.34375,-9.730469,,,,,,,,,,
acc,1778672615.0,34.0,-0.152344,3.382812,-9.730469,,,,,,,,,,
acc,1778672615.0,34.0,-0.113281,3.308594,-9.691406,,,,,,,,,,
acc,1778672615.0,34.0,-0.265625,3.34375,-9.652344,,,,,,,,,,
acc,1778672615.0,34.0,-0.382812,3.574219,-9.535156,,,,,,,,,,
acc,1778672615.0,34.0,-0.34375,3.574219,-9.613281,,,,,,,,,,
acc,1778672615.0,34.0,-0.34375,3.652344,-9.453125,,,,,,,,,,
acc,1778672615.0,34.0,-0.34375,3.84375,-9.492188,,,,,,,,,,
acc,1778672615.0,34.0,-0.417969,3.84375,-9.691406,,,,,,,,,,
acc,1778672615.0,34.0,-0.457031,3.765625,-9.457031,,,,,,,,,,
acc,1778672615.0,34.0,-0.648438,3.652344,-9.839844,,,,,,,,,,
acc,1778672615.0,34.0,-0.6875,3.535156,-9.800781,,,,,,,,,,
acc,1778672615.0,34.0,-0.726562,3.765625,-9.6875,,,,,,,,,,
acc,1778672615.0,34.0,-0.648438,3.882812,-9.957031,,,,,,,,,,
acc,1778672615.0,34.0,-0.535156,3.957031,-9.800781,,,,,,,,,,
acc,1778672615.0,34.0,-0.6875,4.113281,-9.691406,,,,,,,,,,
acc,1778672615.0,34.0,-0.804688,4.148438,-9.992188,,,,,,,,,,
acc,1778672615.0,34.0,-0.726562,4.378906,-9.757812,,,,,,,,,,
acc,1778672615.0,34.0,-0.726562,4.148438,-9.796875,,,,,,,,,,
acc,1778672615.0,34.0,-0.6875,3.765625,-10.070312,,,,,,,,,,
acc,1778672615.0,34.0,-0.535156,3.921875,-9.796875,,,,,,,,,,
acc,1778672615.0,34.0,-0.496094,3.996094,-9.691406,,,,,,,,,,
acc,1778672615.0,34.0,-0.304688,4.074219,-10.109375,,,,,,,,,,
acc,1778672615.0,34.0,-0.304688,4.304688,-9.691406,,,,,,,,,,
acc,1778672615.0,34.0,-0.417969,4.457031,-9.875,,,,,,,,,,
acc,1778672615.0,34.0,-0.34375,4.1875,-9.835938,,,,,,,,,,
acc,1778672615.0,34.0,-0.035156,4.035156,-9.875,,,,,,,,,,
acc,1778672615.0,34.0,-0.074219,4.035156,-9.996094,,,,,,,,,,
acc,1778672615.0,34.0,-0.113281,3.84375,-9.648438,,,,,,,,,,
acc,1778672615.0,34.0,-0.035156,4.113281,-10.21875,,,,,,,,,,
acc,1778672615.0,34.0,0.078125,4.1875,-9.453125,,,,,,,,,,
acc,1778672615.0,34.0,0.0,4.417969,-10.03125,,,,,,,,,,
acc,1778672615.0,34.0,0.0,4.609375,-9.878906,,,,,,,,,,
acc,1778672615.0,34.0,0.0,4.457031,-9.648438,,,,,,,,,,
acc,1778672615.0,34.0,0.0,4.570312,-10.183594,,,,,,,,,,
acc,1778672615.0,34.0,0.117188,4.074219,-9.652344,,,,,,,,,,
acc,1778672615.0,34.0,0.078125,3.652344,-9.953125,,,,,,,,,,
acc,1778672616.0,35.0,0.0,3.726562,-9.800781,,,,,,,,,,
acc,1778672616.0,35.0,0.078125,3.652344,-9.800781,,,,,,,,,,
acc,1778672616.0,35.0,0.15625,3.726562,-9.914062,,,,,,,,,,
acc,1778672616.0,35.0,0.039062,3.921875,-9.726562,,,,,,,,,,
acc,1778672616.0,35.0,-0.074219,3.921875,-9.992188,,,,,,,,,,
acc,1778672616.0,35.0,-0.074219,3.84375,-9.535156,,,,,,,,,,
acc,1778672616.0,35.0,-0.152344,3.921875,-9.652344,,,,,,,,,,
acc,1778672616.0,35.0,-0.152344,3.5,-9.875,,,,,,,,,,
acc,1778672616.0,35.0,-0.113281,3.5,-9.574219,,,,,,,,,,
acc,1778672616.0,35.0,-0.226562,3.574219,-9.6875,,,,,,,,,,
acc,1778672616.0,35.0,-0.152344,3.652344,-9.609375,,,,,,,,,,
acc,1778672616.0,35.0,-0.074219,4.035156,-9.535156,,,,,,,,,,
acc,1778672616.0,35.0,-0.152344,3.882812,-9.53125,,,,,,,,,,
acc,1778672616.0,35.0,-0.304688,3.957031,-9.570312,,,,,,,,,,
acc,1778672616.0,35.0,-0.304688,3.882812,-9.6875,,,,,,,,,,
acc,1778672616.0,35.0,-0.226562,3.5,-9.492188,,,,,,,,,,
acc,1778672616.0,35.0,-0.152344,3.574219,-9.535156,,,,,,,,,,
acc,1778672616.0,35.0,-0.226562,3.765625,-9.570312,,,,,,,,,,
acc,1778672616.0,35.0,-0.34375,3.996094,-9.53125,,,,,,,,,,
acc,1778672616.0,35.0,-0.304688,3.957031,-9.6875,,,,,,,,,,
acc,1778672616.0,35.0,-0.382812,4.035156,-9.730469,,,,,,,,,,
acc,1778672616.0,35.0,-0.457031,3.84375,-9.730469,,,,,,,,,,
acc,1778672616.0,35.0,-0.382812,3.613281,-9.914062,,,,,,,,,,
acc,1778672616.0,35.0,-0.496094,3.652344,-9.730469,,,,,,,,,,
acc,1778672616.0,35.0,-0.535156,3.574219,-10.035156,,,,,,,,,,
acc,1778672616.0,35.0,-0.496094,3.921875,-9.957031,,,,,,,,,,
acc,1778672616.0,35.0,-0.648438,4.113281,-9.957031,,,,,,,,,,
acc,1778672616.0,35.0,-0.648438,3.996094,-10.179688,,,,,,,,,,
acc,1778672616.0,35.0,-0.535156,4.417969,-9.992188,,,,,,,,,,
acc,1778672616.0,35.0,-0.535156,4.339844,-10.148438,,,,,,,,,,
acc,1778672616.0,35.0,-0.535156,4.113281,-10.148438,,,,,,,,,,
acc,1778672616.0,35.0,-0.574219,4.074219,-9.992188,,,,,,,,,,
acc,1778672616.0,35.0,-0.457031,4.074219,-9.996094,,,,,,,,,,
acc,1778672616.0,35.0,-0.535156,4.113281,-9.953125,,,,,,,,,,
acc,1778672616.0,35.0,-0.496094,4.148438,-10.222656,,,,,,,,,,
acc,1778672616.0,35.0,-0.574219,4.496094,-9.917969,,,,,,,,,,
acc,1778672616.0,35.0,-0.574219,4.417969,-10.113281,,,,,,,,,,
acc,1778672616.0,35.0,-0.265625,4.265625,-10.375,,,,,,,,,,
acc,1778672616.0,35.0,-0.265625,4.609375,-9.609375,,,,,,,,,,
acc,1778672616.0,35.0,-0.382812,4.339844,-9.875,,,,,,,,,,
acc,1778672616.0,35.0,-0.191406,4.113281,-9.917969,,,,,,,,,,
acc,1778672616.0,35.0,-0.152344,4.148438,-9.535156,,,,,,,,,,
acc,1778672616.0,35.0,-0.265625,4.1875,-10.113281,,,,,,,,,,
acc,1778672616.0,35.0,-0.226562,3.957031,-9.53125,,,,,,,,,,
acc,1778672616.0,35.0,-0.191406,3.957031,-9.839844,,,,,,,,,,
acc,1778672616.0,35.0,-0.34375,4.074219,-9.417969,,,,,,,,,,
acc,1778672616.0,35.0,-0.304688,3.652344,-9.839844,,,,,,,,,,
acc,1778672616.0,35.0,-0.191406,3.691406,-9.757812,,,,,,,,,,
acc,1778672616.0,35.0,-0.34375,3.613281,-9.574219,,,,,,,,,,
acc,1778672616.0,35.0,-0.417969,3.308594,-9.835938,,,,,,,,,,
acc,1778672616.0,35.0,-0.304688,3.421875,-9.492188,,,,,,,,,,
acc,1778672616.0,35.0,-0.226562,3.613281,-9.609375,,,,,,,,,,
acc,1778672616.0,35.0,-0.265625,3.804688,-9.609375,,,,,,,,,,
acc,1778672616.0,35.0,-0.382812,3.652344,-9.347656,,,,,,,,,,
acc,1778672616.0,35.0,-0.457031,3.804688,-9.6875,,,,,,,,,,
acc,1778672616.0,35.0,-0.191406,3.613281,-9.496094,,,,,,,,,,
acc,1778672616.0,35.0,-0.191406,3.613281,-9.378906,,,,,,,,,,
acc,1778672616.0,35.0,-0.265625,3.574219,-9.757812,,,,,,,,,,
acc,1778672616.0,35.0,-0.226562,3.574219,-9.652344,,,,,,,,,,
acc,1778672616.0,35.0,-0.226562,3.804688,-9.652344,,,,,,,,,,
acc,1778672616.0,35.0,-0.191406,3.613281,-9.726562,,,,,,,,,,
acc,1778672616.0,35.0,-0.074219,3.765625,-9.691406,,,,,,,,,,
acc,1778672616.0,35.0,-0.113281,4.113281,-9.691406,,,,,,,,,,
acc,1778672616.0,35.0,-0.113281,3.882812,-9.835938,,,,,,,,,,
acc,1778672616.0,35.0,-0.152344,3.921875,-9.6875,,,,,,,,,,
acc,1778672616.0,35.0,-0.226562,4.1875,-9.875,,,,,,,,,,
acc,1778672616.0,35.0,-0.226562,4.035156,-9.691406,,,,,,,,,,
acc,1778672616.0,35.0,-0.34375,4.148438,-9.726562,,,,,,,,,,
acc,1778672616.0,35.0,-0.265625,4.113281,-9.652344,,,,,,,,,,
acc,1778672616.0,35.0,-0.265625,4.570312,-9.839844,,,,,,,,,,
acc,1778672616.0,35.0,-0.304688,4.417969,-9.652344,,,,,,,,,,
acc,1778672616.0,35.0,-0.304688,4.378906,-9.6875,,,,,,,,,,
acc,1778672616.0,35.0,-0.304688,4.457031,-9.957031,,,,,,,,,,
acc,1778672616.0,35.0,-0.34375,4.113281,-9.730469,,,,,,,,,,
acc,1778672616.0,35.0,-0.34375,4.304688,-9.996094,,,,,,,,,,
acc,1778672616.0,35.0,-0.382812,4.378906,-9.757812,,,,,,,,,,
acc,1778672616.0,35.0,-0.34375,3.996094,-9.875,,,,,,,,,,
acc,1778672616.0,35.0,-0.226562,3.765625,-9.726562,,,,,,,,,,
acc,1778672616.0,35.0,-0.34375,3.996094,-9.691406,,,,,,,,,,
acc,1778672616.0,35.0,-0.34375,3.613281,-9.875,,,,,,,,,,
acc,1778672616.0,35.0,-0.226562,3.726562,-9.375,,,,,,,,,,
acc,1778672616.0,35.0,-0.34375,3.996094,-9.800781,,,,,,,,,,
acc,1778672616.0,35.0,-0.226562,4.304688,-9.613281,,,,,,,,,,
acc,1778672616.0,35.0,-0.113281,4.148438,-9.652344,,,,,,,,,,
acc,1778672616.0,35.0,-0.074219,4.113281,-9.496094,,,,,,,,,,
acc,1778672616.0,35.0,-0.152344,4.226562,-9.800781,,,,,,,,,,
acc,1778672616.0,35.0,-0.191406,4.148438,-9.875,,,,,,,,,,
acc,1778672616.0,35.0,-0.265625,3.765625,-9.492188,,,,,,,,,,
acc,1778672616.0,35.0,-0.265625,3.882812,-9.796875,,,,,,,,,,
acc,1778672616.0,35.0,-0.152344,3.996094,-9.757812,,,,,,,,,,
acc,1778672616.0,35.0,-0.113281,3.574219,-9.570312,,,,,,,,,,
acc,1778672616.0,35.0,-0.074219,3.882812,-10.152344,,,,,,,,,,
acc,1778672616.0,35.0,-0.226562,4.035156,-9.574219,,,,,,,,,,
acc,1778672616.0,35.0,-0.382812,3.726562,-10.109375,,,,,,,,,,
acc,1778672616.0,35.0,-0.457031,3.84375,-9.953125,,,,,,,,,,
acc,1778672616.0,35.0,-0.417969,3.882812,-9.835938,,,,,,,,,,
acc,1778672616.0,35.0,-0.457031,3.804688,-10.261719,,,,,,,,,,
acc,1778672616.0,35.0,-0.417969,3.726562,-9.453125,,,,,,,,,,
acc,1778672616.0,35.0,-0.417969,3.957031,-10.109375,,,,,,,,,,
acc,1778672616.0,35.0,-0.226562,3.652344,-10.03125,,,,,,,,,,
acc,1778672616.0,35.0,-0.265625,3.652344,-9.535156,,,,,,,,,,
acc,1778672616.0,35.0,-0.417969,3.804688,-10.070312,,,,,,,,,,
acc,1778672616.0,35.0,-0.382812,3.996094,-9.757812,,,,,,,,,,
acc,1778672616.0,35.0,-0.304688,3.84375,-9.839844,,,,,,,,,,
acc,1778672616.0,35.0,-0.382812,3.921875,-9.652344,,,,,,,,,,
acc,1778672616.0,35.0,-0.265625,4.1875,-9.996094,,,,,,,,,,
acc,1778672616.0,35.0,-0.226562,4.035156,-9.574219,,,,,,,,,,
acc,1778672616.0,35.0,-0.304688,4.035156,-9.796875,,,,,,,,,,
acc,1778672616.0,35.0,-0.226562,4.1875,-9.730469,,,,,,,,,,
acc,1778672616.0,35.0,-0.34375,4.457031,-9.414062,,,,,,,,,,
acc,1778672616.0,35.0,-0.34375,4.1875,-9.800781,,,,,,,,,,
acc,1778672616.0,35.0,-0.34375,4.113281,-9.414062,,,,,,,,,,
acc,1778672616.0,35.0,-0.417969,4.304688,-9.726562,,,,,,,,,,
acc,1778672616.0,35.0,-0.417969,4.304688,-9.496094,,,,,,,,,,
acc,1778672616.0,35.0,-0.417969,4.1875,-9.53125,,,,,,,,,,
acc,1778672616.0,35.0,-0.382812,4.1875,-9.691406,,,,,,,,,,
acc,1778672616.0,35.0,-0.382812,4.265625,-9.378906,,,,,,,,,,
acc,1778672616.0,35.0,-0.382812,4.457031,-9.800781,,,,,,,,,,
acc,1778672616.0,35.0,-0.304688,4.496094,-9.570312,,,,,,,,,,
acc,1778672616.0,35.0,-0.265625,4.570312,-9.796875,,,,,,,,,,
acc,1778672616.0,35.0,-0.304688,4.378906,-9.917969,,,,,,,,,,
acc,1778672616.0,35.0,-0.304688,4.035156,-9.726562,,,,,,,,,,
acc,1778672616.0,35.0,-0.265625,3.957031,-9.839844,,,,,,,,,,
acc,1778672616.0,35.0,-0.152344,3.882812,-9.691406,,,,,,,,,,
acc,1778672616.0,35.0,-0.152344,3.765625,-9.796875,,,,,,,,,,
acc,1778672616.0,35.0,-0.074219,3.765625,-9.953125,,,,,,,,,,
acc,1778672616.0,35.0,-0.226562,3.574219,-9.535156,,,,,,,,,,
acc,1778672616.0,35.0,-0.265625,3.882812,-10.296875,,,,,,,,,,
acc,1778672616.0,35.0,-0.304688,3.765625,-9.800781,,,,,,,,,,
acc,1778672617.0,36.0,-0.191406,3.765625,-9.875,,,,,,,,,,
acc,1778672617.0,36.0,-0.152344,3.691406,-9.878906,,,,,,,,,,
acc,1778672617.0,36.0,-0.074219,3.84375,-9.6875,,,,,,,,,,
acc,1778672617.0,36.0,-0.074219,4.035156,-9.6875,,,,,,,,,,
acc,1778672617.0,36.0,0.0,4.074219,-9.878906,,,,,,,,,,
acc,1778672617.0,36.0,-0.152344,3.804688,-9.652344,,,,,,,,,,
acc,1778672617.0,36.0,-0.191406,3.34375,-9.917969,,,,,,,,,,
acc,1778672617.0,36.0,-0.191406,3.652344,-9.917969,,,,,,,,,,
acc,1778672617.0,36.0,-0.226562,3.691406,-9.726562,,,,,,,,,,
acc,1778672617.0,36.0,-0.191406,3.84375,-9.726562,,,,,,,,,,
acc,1778672617.0,36.0,-0.074219,4.1875,-9.878906,,,,,,,,,,
acc,1778672617.0,36.0,-0.226562,4.035156,-9.609375,,,,,,,,,,
acc,1778672617.0,36.0,-0.265625,3.996094,-10.113281,,,,,,,,,,
acc,1778672617.0,36.0,-0.226562,3.882812,-9.757812,,,,,,,,,,
acc,1778672617.0,36.0,-0.265625,3.726562,-9.957031,,,,,,,,,,
acc,1778672617.0,36.0,-0.074219,3.652344,-9.726562,,,,,,,,,,
acc,1778672617.0,36.0,-0.035156,3.613281,-9.648438,,,,,,,,,,
acc,1778672617.0,36.0,-0.152344,3.574219,-9.796875,,,,,,,,,,
acc,1778672617.0,36.0,-0.152344,3.804688,-9.378906,,,,,,,,,,
acc,1778672617.0,36.0,-0.191406,4.113281,-9.6875,,,,,,,,,,
acc,1778672617.0,36.0,-0.152344,3.996094,-9.609375,,,,,,,,,,
acc,1778672617.0,36.0,-0.191406,3.691406,-9.453125,,,,,,,,,,
acc,1778672617.0,36.0,-0.265625,4.148438,-9.730469,,,,,,,,,,
acc,1778672617.0,36.0,-0.34375,4.074219,-9.796875,,,,,,,,,,
acc,1778672617.0,36.0,-0.457031,4.074219,-9.761719,,,,,,,,,,
acc,1778672617.0,36.0,-0.574219,4.304688,-9.953125,,,,,,,,,,
acc,1778672617.0,36.0,-0.496094,3.882812,-9.757812,,,,,,,,,,
acc,1778672617.0,36.0,-0.34375,3.996094,-10.03125,,,,,,,,,,
acc,1778672617.0,36.0,-0.304688,3.921875,-9.492188,,,,,,,,,,
acc,1778672617.0,36.0,-0.304688,3.765625,-10.300781,,,,,,,,,,
acc,1778672617.0,36.0,-0.496094,3.691406,-9.652344,,,,,,,,,,
acc,1778672617.0,36.0,-0.496094,3.957031,-9.914062,,,,,,,,,,
acc,1778672617.0,36.0,-0.457031,4.1875,-10.074219,,,,,,,,,,
acc,1778672617.0,36.0,-0.191406,4.074219,-9.730469,,,,,,,,,,
acc,1778672617.0,36.0,-0.34375,4.417969,-9.953125,,,,,,,,,,
acc,1778672617.0,36.0,-0.382812,4.417969,-9.648438,,,,,,,,,,
acc,1778672617.0,36.0,-0.457031,4.457031,-9.800781,,,,,,,,,,
acc,1778672617.0,36.0,-0.417969,4.570312,-9.875,,,,,,,,,,
acc,1778672617.0,36.0,-0.496094,4.417969,-9.609375,,,,,,,,,,
acc,1778672617.0,36.0,-0.457031,4.074219,-9.957031,,,,,,,,,,
acc,1778672617.0,36.0,-0.574219,4.035156,-9.613281,,,,,,,,,,
acc,1778672617.0,36.0,-0.574219,4.226562,-9.917969,,,,,,,,,,
acc,1778672617.0,36.0,-0.648438,4.226562,-9.761719,,,,,,,,,,
acc,1778672617.0,36.0,-0.648438,4.417969,-9.6875,,,,,,,,,,
acc,1778672617.0,36.0,-0.613281,4.496094,-10.03125,,,,,,,,,,
acc,1778672617.0,36.0,-0.457031,4.304688,-9.417969,,,,,,,,,,
acc,1778672617.0,36.0,-0.496094,4.265625,-9.996094,,,,,,,,,,
acc,1778672617.0,36.0,-0.535156,4.226562,-9.691406,,,,,,,,,,
acc,1778672617.0,36.0,-0.535156,3.882812,-9.730469,,,,,,,,,,
acc,1778672617.0,36.0,-0.417969,3.382812,-9.953125,,,,,,,,,,
acc,1778672617.0,36.0,-0.34375,3.535156,-9.757812,,,,,,,,,,
acc,1778672617.0,36.0,-0.417969,3.726562,-9.875,,,,,,,,,,
acc,1778672617.0,36.0,-0.574219,3.652344,-9.839844,,,,,,,,,,
acc,1778672617.0,36.0,-0.34375,4.035156,-9.835938,,,,,,,,,,
acc,1778672617.0,36.0,-0.34375,4.417969,-9.691406,,,,,,,,,,
acc,1778672617.0,36.0,-0.265625,4.265625,-9.648438,,,,,,,,,,
acc,1778672617.0,36.0,-0.226562,4.265625,-9.761719,,,,,,,,,,
acc,1778672617.0,36.0,-0.34375,3.996094,-9.492188,,,,,,,,,,
acc,1778672617.0,36.0,-0.34375,3.765625,-9.996094,,,,,,,,,,
acc,1778672617.0,36.0,-0.457031,3.996094,-9.375,,,,,,,,,,
acc,1778672617.0,36.0,-0.34375,4.148438,-9.761719,,,,,,,,,,
acc,1778672617.0,36.0,-0.191406,4.265625,-9.492188,,,,,,,,,,
acc,1778672617.0,36.0,-0.035156,4.304688,-9.496094,,,,,,,,,,
acc,1778672617.0,36.0,-0.035156,4.074219,-9.761719,,,,,,,,,,
acc,1778672617.0,36.0,-0.113281,3.84375,-9.574219,,,,,,,,,,
acc,1778672617.0,36.0,0.0,3.921875,-9.878906,,,,,,,,,,
acc,1778672617.0,36.0,0.117188,3.804688,-9.613281,,,,,,,,,,
acc,1778672617.0,36.0,0.230469,3.804688,-9.875,,,,,,,,,,
acc,1778672617.0,36.0,0.078125,4.226562,-9.953125,,,,,,,,,,
acc,1778672617.0,36.0,-0.035156,4.074219,-9.726562,,,,,,,,,,
acc,1778672617.0,36.0,-0.113281,4.113281,-10.03125,,,,,,,,,,
acc,1778672617.0,36.0,-0.191406,4.1875,-9.796875,,,,,,,,,,
acc,1778672617.0,36.0,-0.074219,3.765625,-9.953125,,,,,,,,,,
acc,1778672617.0,36.0,0.15625,3.84375,-9.574219,,,,,,,,,,
acc,1778672617.0,36.0,0.308594,3.996094,-9.691406,,,,,,,,,,
acc,1778672617.0,36.0,0.347656,4.074219,-9.757812,,,,,,,,,,
acc,1778672617.0,36.0,0.347656,3.957031,-9.457031,,,,,,,,,,
acc,1778672617.0,36.0,0.308594,4.074219,-9.917969,,,,,,,,,,
acc,1778672617.0,36.0,0.347656,3.882812,-9.726562,,,,,,,,,,
acc,1778672617.0,36.0,0.382812,4.074219,-9.570312,,,,,,,,,,
acc,1778672617.0,36.0,0.308594,3.996094,-9.800781,,,,,,,,,,
acc,1778672617.0,36.0,0.15625,4.035156,-9.757812,,,,,,,,,,
acc,1778672617.0,36.0,0.039062,4.304688,-9.796875,,,,,,,,,,
acc,1778672617.0,36.0,0.191406,4.074219,-9.835938,,,,,,,,,,
acc,1778672617.0,36.0,0.230469,4.074219,-9.691406,,,,,,,,,,
acc,1778672617.0,36.0,0.078125,3.921875,-9.878906,,,,,,,,,,
acc,1778672617.0,36.0,-0.113281,4.035156,-9.875,,,,,,,,,,
acc,1778672617.0,36.0,-0.191406,4.304688,-9.914062,,,,,,,,,,
acc,1778672617.0,36.0,-0.226562,4.226562,-9.730469,,,,,,,,,,
acc,1778672617.0,36.0,-0.152344,4.226562,-9.757812,,,,,,,,,,
acc,1778672617.0,36.0,-0.191406,4.148438,-9.648438,,,,,,,,,,
acc,1778672617.0,36.0,-0.382812,3.765625,-9.535156,,,,,,,,,,
acc,1778672617.0,36.0,-0.457031,4.035156,-9.992188,,,,,,,,,,
acc,1778672617.0,36.0,-0.496094,4.035156,-9.453125,,,,,,,,,,
acc,1778672617.0,36.0,-0.417969,3.957031,-9.800781,,,,,,,,,,
acc,1778672617.0,36.0,-0.34375,4.1875,-9.691406,,,,,,,,,,
acc,1778672617.0,36.0,-0.535156,3.921875,-9.34375,,,,,,,,,,
acc,1778672617.0,36.0,-0.726562,3.84375,-10.257812,,,,,,,,,,
acc,1778672617.0,36.0,-0.726562,3.882812,-9.691406,,,,,,,,,,
acc,1778672617.0,36.0,-0.765625,3.535156,-10.179688,,,,,,,,,,
acc,1778672617.0,36.0,-0.765625,3.460938,-10.378906,,,,,,,,,,
acc,1778672617.0,36.0,-0.765625,3.382812,-9.957031,,,,,,,,,,
acc,1778672617.0,36.0,-0.765625,2.960938,-10.152344,,,,,,,,,,
acc,1778672617.0,36.0,-0.765625,3.34375,-10.152344,,,,,,,,,,
acc,1778672617.0,36.0,-0.765625,3.726562,-9.957031,,,,,,,,,,
acc,1778672617.0,36.0,-0.957031,3.921875,-9.917969,,,,,,,,,,
acc,1778672617.0,36.0,-0.878906,3.804688,-10.035156,,,,,,,,,,
acc,1778672617.0,36.0,-0.726562,3.765625,-10.152344,,,,,,,,,,
acc,1778672617.0,36.0,-0.878906,3.652344,-10.03125,,,,,,,,,,
acc,1778672617.0,36.0,-0.839844,3.996094,-10.53125,,,,,,,,,,
acc,1778672617.0,36.0,-0.878906,3.84375,-10.183594,,,,,,,,,,
acc,1778672617.0,36.0,-0.6875,3.460938,-10.183594,,,,,,,,,,
acc,1778672617.0,36.0,-0.496094,3.804688,-10.296875,,,,,,,,,,
acc,1778672617.0,36.0,-0.417969,3.882812,-10.074219,,,,,,,,,,
acc,1778672617.0,36.0,-0.496094,3.882812,-10.21875,,,,,,,,,,
acc,1778672617.0,36.0,-0.535156,3.996094,-10.183594,,,,,,,,,,
acc,1778672617.0,36.0,-0.613281,3.726562,-10.21875,,,,,,,,,,
acc,1778672617.0,36.0,-0.574219,3.957031,-10.152344,,,,,,,,,,
acc,1778672617.0,36.0,-0.535156,4.378906,-10.414062,,,,,,,,,,
acc,1778672617.0,36.0,-0.457031,4.609375,-9.839844,,,,,,,,,,
acc,1778672617.0,36.0,-0.457031,4.570312,-10.148438,,,,,,,,,,
acc,1778672617.0,36.0,-0.382812,4.496094,-10.074219,,,,,,,,,,
acc,1778672617.0,36.0,-0.382812,4.339844,-9.875,,,,,,,,,,
acc,1778672617.0,36.0,-0.304688,4.378906,-9.996094,,,,,,,,,,
acc,1778672617.0,36.0,-0.417969,4.226562,-9.835938,,,,,,,,,,
acc,1778672617.0,36.0,-0.535156,3.957031,-9.835938,,,,,,,,,,
acc,1778672618.0,37.0,-0.535156,4.148438,-9.726562,,,,,,,,,,
acc,1778672618.0,37.0,-0.304688,4.035156,-9.652344,,,,,,,,,,
acc,1778672618.0,37.0,-0.226562,4.304688,-9.652344,,,,,,,,,,
acc,1778672618.0,37.0,-0.191406,4.113281,-9.496094,,,,,,,,,,
acc,1778672618.0,37.0,-0.265625,4.113281,-9.496094,,,,,,,,,,
acc,1778672618.0,37.0,-0.304688,4.1875,-9.570312,,,,,,,,,,
acc,1778672618.0,37.0,-0.191406,3.882812,-9.535156,,,,,,,,,,
acc,1778672618.0,37.0,-0.152344,3.882812,-9.414062,,,,,,,,,,
acc,1778672618.0,37.0,-0.191406,3.421875,-9.53125,,,,,,,,,,
acc,1778672618.0,37.0,-0.226562,3.613281,-9.453125,,,,,,,,,,
acc,1778672618.0,37.0,-0.191406,3.535156,-9.535156,,,,,,,,,,
acc,1778672618.0,37.0,-0.191406,3.34375,-9.652344,,,,,,,,,,
acc,1778672618.0,37.0,-0.226562,3.460938,-9.414062,,,,,,,,,,
acc,1778672618.0,37.0,-0.113281,3.726562,-9.691406,,,,,,,,,,
acc,1778672618.0,37.0,-0.035156,3.5,-9.347656,,,,,,,,,,
acc,1778672618.0,37.0,0.117188,3.574219,-9.417969,,,,,,,,,,
acc,1778672618.0,37.0,-0.035156,3.421875,-9.269531,,,,,,,,,,
acc,1778672618.0,37.0,-0.152344,3.535156,-9.875,,,,,,,,,,
acc,1778672618.0,37.0,-0.265625,3.460938,-9.496094,,,,,,,,,,
acc,1778672618.0,37.0,-0.265625,3.613281,-9.796875,,,,,,,,,,
acc,1778672618.0,37.0,-0.226562,3.765625,-9.839844,,,,,,,,,,
acc,1778672618.0,37.0,-0.226562,3.84375,-9.414062,,,,,,,,,,
acc,1778672618.0,37.0,-0.382812,4.148438,-9.917969,,,,,,,,,,
acc,1778672618.0,37.0,-0.265625,4.148438,-9.875,,,,,,,,,,
acc,1778672618.0,37.0,-0.34375,3.996094,-9.574219,,,,,,,,,,
acc,1778672618.0,37.0,-0.304688,3.804688,-9.992188,,,,,,,,,,
acc,1778672618.0,37.0,-0.152344,3.84375,-9.574219,,,,,,,,,,
acc,1778672618.0,37.0,-0.035156,3.921875,-9.839844,,,,,,,,,,
acc,1778672618.0,37.0,-0.074219,4.113281,-9.996094,,,,,,,,,,
acc,1778672618.0,37.0,-0.265625,4.035156,-9.761719,,,,,,,,,,
acc,1778672618.0,37.0,-0.34375,4.304688,-9.917969,,,,,,,,,,
acc,1778672618.0,37.0,-0.34375,4.496094,-9.492188,,,,,,,,,,
acc,1778672618.0,37.0,-0.113281,3.996094,-9.414062,,,,,,,,,,
acc,1778672618.0,37.0,-0.226562,3.957031,-9.492188,,,,,,,,,,
acc,1778672618.0,37.0,-0.382812,4.226562,-9.648438,,,,,,,,,,
acc,1778672618.0,37.0,-0.34375,4.148438,-9.457031,,,,,,,,,,
acc,1778672618.0,37.0,-0.152344,4.457031,-9.800781,,,,,,,,,,
acc,1778672618.0,37.0,-0.265625,4.570312,-9.613281,,,,,,,,,,
acc,1778672618.0,37.0,-0.304688,4.609375,-9.691406,,,,,,,,,,
acc,1778672618.0,37.0,-0.191406,4.609375,-9.492188,,,,,,,,,,
acc,1778672618.0,37.0,-0.113281,4.304688,-9.570312,,,,,,,,,,
acc,1778672618.0,37.0,-0.113281,4.378906,-9.691406,,,,,,,,,,
acc,1778672618.0,37.0,-0.191406,4.265625,-9.492188,,,,,,,,,,
acc,1778672618.0,37.0,-0.382812,4.1875,-9.648438,,,,,,,,,,
acc,1778672618.0,37.0,-0.457031,4.074219,-9.570312,,,,,,,,,,
acc,1778672618.0,37.0,-0.226562,3.882812,-9.914062,,,,,,,,,,
acc,1778672618.0,37.0,-0.265625,3.804688,-9.453125,,,,,,,,,,
acc,1778672618.0,37.0,-0.535156,3.957031,-9.875,,,,,,,,,,
acc,1778672618.0,37.0,-0.535156,3.882812,-9.875,,,,,,,,,,
acc,1778672618.0,37.0,-0.457031,3.957031,-9.414062,,,,,,,,,,
acc,1778672618.0,37.0,-0.496094,3.996094,-10.21875,,,,,,,,,,
acc,1778672618.0,37.0,-0.417969,3.84375,-9.492188,,,,,,,,,,
acc,1778672618.0,37.0,-0.417969,3.804688,-10.035156,,,,,,,,,,
acc,1778672618.0,37.0,-0.34375,3.84375,-9.800781,,,,,,,,,,
acc,1778672618.0,37.0,-0.265625,3.804688,-9.757812,,,,,,,,,,
acc,1778672618.0,37.0,-0.304688,3.921875,-10.21875,,,,,,,,,,
acc,1778672618.0,37.0,-0.574219,3.957031,-9.417969,,,,,,,,,,
acc,1778672618.0,37.0,-0.496094,4.074219,-10.339844,,,,,,,,,,
acc,1778672618.0,37.0,-0.265625,4.074219,-9.757812,,,,,,,,,,
acc,1778672618.0,37.0,-0.265625,4.035156,-9.652344,,,,,,,,,,
acc,1778672618.0,37.0,-0.457031,4.1875,-10.375,,,,,,,,,,
acc,1778672618.0,37.0,-0.496094,4.339844,-9.757812,,,,,,,,,,
acc,1778672618.0,37.0,-0.648438,3.957031,-10.070312,,,,,,,,,,
acc,1778672618.0,37.0,-0.6875,3.691406,-9.957031,,,,,,,,,,
acc,1778672618.0,37.0,-0.574219,3.921875,-9.953125,,,,,,,,,,
acc,1778672618.0,37.0,-0.457031,3.882812,-9.875,,,,,,,,,,
acc,1778672618.0,37.0,-0.34375,4.148438,-9.457031,,,,,,,,,,
acc,1778672618.0,37.0,-0.34375,4.035156,-10.03125,,,,,,,,,,
acc,1778672618.0,37.0,-0.265625,4.035156,-9.613281,,,,,,,,,,
acc,1778672618.0,37.0,-0.265625,4.074219,-9.574219,,,,,,,,,,
acc,1778672618.0,37.0,-0.191406,3.996094,-9.996094,,,,,,,,,,
acc,1778672618.0,37.0,-0.152344,4.035156,-9.835938,,,,,,,,,,
acc,1778672618.0,37.0,-0.191406,4.074219,-9.691406,,,,,,,,,,
acc,1778672618.0,37.0,-0.304688,4.074219,-9.914062,,,,,,,,,,
acc,1778672618.0,37.0,-0.417969,3.996094,-9.953125,,,,,,,,,,
acc,1778672618.0,37.0,-0.382812,3.882812,-9.800781,,,,,,,,,,
acc,1778672618.0,37.0,-0.34375,4.148438,-9.761719,,,,,,,,,,
acc,1778672618.0,37.0,-0.417969,4.148438,-9.6875,,,,,,,,,,
acc,1778672618.0,37.0,-0.34375,3.804688,-9.378906,,,,,,,,,,
acc,1778672618.0,37.0,-0.074219,4.035156,-9.6875,,,,,,,,,,
acc,1778672618.0,37.0,0.078125,3.882812,-9.375,,,,,,,,,,
acc,1778672618.0,37.0,-0.074219,4.035156,-9.652344,,,,,,,,,,
acc,1778672618.0,37.0,-0.191406,3.957031,-9.535156,,,,,,,,,,
acc,1778672618.0,37.0,-0.113281,3.613281,-9.648438,,,,,,,,,,
acc,1778672618.0,37.0,0.039062,3.574219,-9.796875,,,,,,,,,,
acc,1778672618.0,37.0,0.0,3.613281,-9.53125,,,,,,,,,,
acc,1778672618.0,37.0,-0.152344,3.84375,-10.109375,,,,,,,,,,
acc,1778672618.0,37.0,-0.304688,3.804688,-9.453125,,,,,,,,,,
acc,1778672618.0,37.0,-0.152344,3.84375,-9.914062,,,,,,,,,,
acc,1778672618.0,37.0,-0.265625,3.921875,-9.691406,,,,,,,,,,
acc,1778672618.0,37.0,-0.34375,3.691406,-9.652344,,,,,,,,,,
acc,1778672618.0,37.0,-0.34375,3.765625,-9.652344,,,,,,,,,,
acc,1778672618.0,37.0,-0.152344,3.574219,-9.652344,,,,,,,,,,
acc,1778672618.0,37.0,-0.265625,3.535156,-9.796875,,,,,,,,,,
acc,1778672618.0,37.0,-0.382812,4.074219,-9.613281,,,,,,,,,,
acc,1778672618.0,37.0,-0.417969,3.726562,-10.074219,,,,,,,,,,
acc,1778672618.0,37.0,-0.34375,3.5,-9.609375,,,,,,,,,,
acc,1778672618.0,37.0,-0.304688,3.382812,-9.308594,,,,,,,,,,
acc,1778672618.0,37.0,-0.113281,3.308594,-9.648438,,,,,,,,,,
acc,1778672618.0,37.0,-0.074219,3.574219,-9.265625,,,,,,,,,,
acc,1778672618.0,37.0,-0.074219,3.804688,-9.492188,,,,,,,,,,
acc,1778672618.0,37.0,-0.191406,3.765625,-9.835938,,,,,,,,,,
acc,1778672618.0,37.0,-0.226562,3.921875,-9.613281,,,,,,,,,,
acc,1778672618.0,37.0,-0.304688,3.996094,-9.761719,,,,,,,,,,
acc,1778672618.0,37.0,-0.226562,3.726562,-10.03125,,,,,,,,,,
acc,1778672618.0,37.0,-0.265625,3.535156,-9.652344,,,,,,,,,,
acc,1778672618.0,37.0,-0.226562,3.421875,-9.878906,,,,,,,,,,
acc,1778672618.0,37.0,-0.113281,3.691406,-9.878906,,,,,,,,,,
acc,1778672618.0,37.0,-0.113281,3.34375,-9.53125,,,,,,,,,,
acc,1778672618.0,37.0,-0.113281,3.460938,-9.875,,,,,,,,,,
acc,1778672618.0,37.0,0.0,3.535156,-9.835938,,,,,,,,,,
acc,1778672618.0,37.0,-0.035156,3.421875,-9.726562,,,,,,,,,,
acc,1778672618.0,37.0,-0.035156,3.691406,-10.035156,,,,,,,,,,
acc,1778672618.0,37.0,-0.191406,3.957031,-9.796875,,,,,,,,,,
acc,1778672618.0,37.0,-0.34375,4.035156,-9.992188,,,,,,,,,,
acc,1778672618.0,37.0,-0.382812,3.84375,-10.109375,,,,,,,,,,
acc,1778672618.0,37.0,-0.265625,3.652344,-9.6875,,,,,,,,,,
acc,1778672618.0,37.0,-0.417969,3.117188,-9.914062,,,,,,,,,,
acc,1778672618.0,37.0,-0.265625,3.230469,-9.875,,,,,,,,,,
acc,1778672618.0,37.0,-0.226562,3.652344,-9.757812,,,,,,,,,,
acc,1778672618.0,37.0,-0.417969,3.882812,-10.148438,,,,,,,,,,
acc,1778672618.0,37.0,-0.382812,3.882812,-9.992188,,,,,,,,,,
acc,1778672618.0,37.0,-0.417969,3.84375,-9.691406,,,,,,,,,,
acc,1778672618.0,37.0,-0.457031,3.726562,-10.074219,,,,,,,,,,
acc,1778672618.0,37.0,-0.304688,3.726562,-9.726562,,,,,,,,,,
acc,1778672619.0,38.0,-0.304688,3.804688,-9.757812,,,,,,,,,,
acc,1778672619.0,38.0,-0.304688,3.996094,-9.570312,,,,,,,,,,
acc,1778672619.0,38.0,-0.265625,4.339844,-9.839844,,,,,,,,,,
acc,1778672619.0,38.0,-0.226562,4.074219,-9.570312,,,,,,,,,,
acc,1778672619.0,38.0,-0.265625,4.148438,-9.800781,,,,,,,,,,
acc,1778672619.0,38.0,-0.265625,3.957031,-9.839844,,,,,,,,,,
acc,1778672619.0,38.0,-0.152344,3.726562,-9.800781,,,,,,,,,,
acc,1778672619.0,38.0,-0.152344,3.691406,-9.726562,,,,,,,,,,
acc,1778672619.0,38.0,-0.265625,3.574219,-9.53125,,,,,,,,,,
acc,1778672619.0,38.0,-0.304688,3.957031,-9.957031,,,,,,,,,,
acc,1778672619.0,38.0,-0.382812,4.265625,-9.570312,,,,,,,,,,
acc,1778672619.0,38.0,-0.417969,3.84375,-9.730469,,,,,,,,,,
acc,1778672619.0,38.0,-0.457031,3.957031,-9.800781,,,,,,,,,,
acc,1778672619.0,38.0,-0.304688,3.535156,-9.996094,,,,,,,,,,
acc,1778672619.0,38.0,-0.265625,3.460938,-9.726562,,,,,,,,,,
acc,1778672619.0,38.0,-0.496094,3.535156,-9.835938,,,,,,,,,,
acc,1778672619.0,38.0,-0.535156,3.613281,-10.03125,,,,,,,,,,
acc,1778672619.0,38.0,-0.496094,3.804688,-9.839844,,,,,,,,,,
acc,1778672619.0,38.0,-0.34375,4.113281,-10.183594,,,,,,,,,,
acc,1778672619.0,38.0,-0.417969,3.726562,-9.800781,,,,,,,,,,
acc,1778672619.0,38.0,-0.34375,3.726562,-10.074219,,,,,,,,,,
acc,1778672619.0,38.0,-0.382812,3.921875,-10.179688,,,,,,,,,,
acc,1778672619.0,38.0,-0.34375,3.652344,-10.074219,,,,,,,,,,
acc,1778672619.0,38.0,-0.304688,3.574219,-9.53125,,,,,,,,,,
acc,1778672619.0,38.0,-0.265625,3.765625,-9.914062,,,,,,,,,,
acc,1778672619.0,38.0,0.039062,3.5,-9.730469,,,,,,,,,,
acc,1778672619.0,38.0,0.039062,3.765625,-9.652344,,,,,,,,,,
acc,1778672619.0,38.0,-0.191406,3.921875,-9.992188,,,,,,,,,,
acc,1778672619.0,38.0,-0.34375,3.726562,-9.609375,,,,,,,,,,
acc,1778672619.0,38.0,-0.265625,4.226562,-9.996094,,,,,,,,,,
acc,1778672619.0,38.0,-0.074219,4.339844,-9.796875,,,,,,,,,,
acc,1778672619.0,38.0,0.078125,3.957031,-9.757812,,,,,,,,,,
acc,1778672619.0,38.0,-0.152344,3.957031,-9.835938,,,,,,,,,,
acc,1778672619.0,38.0,-0.304688,3.957031,-9.6875,,,,,,,,,,
acc,1778672619.0,38.0,-0.226562,3.84375,-9.875,,,,,,,,,,
acc,1778672619.0,38.0,-0.113281,4.265625,-9.917969,,,,,,,,,,
acc,1778672619.0,38.0,-0.226562,4.339844,-9.691406,,,,,,,,,,
acc,1778672619.0,38.0,-0.34375,4.304688,-9.917969,,,,,,,,,,
acc,1778672619.0,38.0,-0.226562,4.339844,-9.609375,,,,,,,,,,
acc,1778672619.0,38.0,-0.191406,4.378906,-9.761719,,,,,,,,,,
acc,1778672619.0,38.0,-0.191406,3.996094,-9.796875,,,,,,,,,,
acc,1778672619.0,38.0,-0.382812,3.652344,-9.730469,,,,,,,,,,
acc,1778672619.0,38.0,-0.382812,3.34375,-9.914062,,,,,,,,,,
acc,1778672619.0,38.0,-0.265625,3.269531,-9.535156,,,,,,,,,,
acc,1778672619.0,38.0,-0.113281,3.117188,-9.953125,,,,,,,,,,
acc,1778672619.0,38.0,-0.035156,3.535156,-9.609375,,,,,,,,,,
acc,1778672619.0,38.0,-0.265625,3.765625,-9.609375,,,,,,,,,,
acc,1778672619.0,38.0,-0.304688,3.84375,-10.035156,,,,,,,,,,
acc,1778672619.0,38.0,-0.074219,3.84375,-9.726562,,,,,,,,,,
acc,1778672619.0,38.0,-0.152344,3.5,-9.800781,,,,,,,,,,
acc,1778672619.0,38.0,-0.226562,3.34375,-9.691406,,,,,,,,,,
acc,1778672619.0,38.0,-0.265625,3.421875,-9.875,,,,,,,,,,
acc,1778672619.0,38.0,-0.265625,3.691406,-9.730469,,,,,,,,,,
acc,1778672619.0,38.0,-0.226562,3.726562,-9.757812,,,,,,,,,,
acc,1778672619.0,38.0,-0.34375,3.882812,-9.757812,,,,,,,,,,
acc,1778672619.0,38.0,-0.382812,3.921875,-9.796875,,,,,,,,,,
acc,1778672619.0,38.0,-0.382812,3.574219,-9.761719,,,,,,,,,,
acc,1778672619.0,38.0,-0.382812,3.421875,-9.761719,,,,,,,,,,
acc,1778672619.0,38.0,-0.304688,3.84375,-9.796875,,,,,,,,,,
acc,1778672619.0,38.0,-0.304688,3.957031,-9.878906,,,,,,,,,,
acc,1778672619.0,38.0,-0.304688,3.765625,-10.074219,,,,,,,,,,
acc,1778672619.0,38.0,-0.265625,4.1875,-9.535156,,,,,,,,,,
acc,1778672619.0,38.0,-0.457031,4.148438,-10.339844,,,,,,,,,,
acc,1778672619.0,38.0,-0.382812,4.265625,-9.652344,,,,,,,,,,
acc,1778672619.0,38.0,-0.34375,4.339844,-9.757812,,,,,,,,,,
acc,1778672619.0,38.0,-0.34375,4.074219,-9.726562,,,,,,,,,,
acc,1778672619.0,38.0,-0.34375,4.339844,-9.691406,,,,,,,,,,
acc,1778672619.0,38.0,-0.457031,4.339844,-9.757812,,,,,,,,,,
acc,1778672619.0,38.0,-0.34375,4.339844,-9.835938,,,,,,,,,,
acc,1778672619.0,38.0,-0.382812,4.304688,-9.726562,,,,,,,,,,
acc,1778672619.0,38.0,-0.382812,4.074219,-9.878906,,,,,,,,,,
acc,1778672619.0,38.0,-0.34375,4.035156,-9.609375,,,,,,,,,,
acc,1778672619.0,38.0,-0.265625,3.882812,-10.035156,,,,,,,,,,
acc,1778672619.0,38.0,-0.152344,3.5,-9.691406,,,,,,,,,,
acc,1778672619.0,38.0,-0.226562,3.34375,-9.757812,,,,,,,,,,
acc,1778672619.0,38.0,-0.265625,3.691406,-9.953125,,,,,,,,,,
acc,1778672619.0,38.0,-0.191406,3.613281,-9.457031,,,,,,,,,,
acc,1778672619.0,38.0,-0.191406,4.113281,-9.570312,,,,,,,,,,
acc,1778672619.0,38.0,-0.226562,4.265625,-9.917969,,,,,,,,,,
acc,1778672619.0,38.0,-0.226562,3.882812,-9.835938,,,,,,,,,,
acc,1778672619.0,38.0,-0.382812,3.882812,-9.691406,,,,,,,,,,
acc,1778672619.0,38.0,-0.417969,3.882812,-10.21875,,,,,,,,,,
acc,1778672619.0,38.0,-0.382812,3.957031,-10.109375,,,,,,,,,,
acc,1778672619.0,38.0,-0.304688,3.996094,-9.535156,,,,,,,,,,
acc,1778672619.0,38.0,-0.457031,4.304688,-10.070312,,,,,,,,,,
acc,1778672619.0,38.0,-0.191406,3.957031,-9.613281,,,,,,,,,,
acc,1778672619.0,38.0,-0.265625,3.996094,-9.613281,,,,,,,,,,
acc,1778672619.0,38.0,-0.34375,4.113281,-9.875,,,,,,,,,,
acc,1778672619.0,38.0,-0.34375,3.613281,-9.574219,,,,,,,,,,
acc,1778672619.0,38.0,-0.265625,3.804688,-9.800781,,,,,,,,,,
acc,1778672619.0,38.0,-0.265625,3.652344,-9.878906,,,,,,,,,,
acc,1778672619.0,38.0,-0.152344,3.652344,-9.53125,,,,,,,,,,
acc,1778672619.0,38.0,-0.34375,3.765625,-9.652344,,,,,,,,,,
acc,1778672619.0,38.0,-0.074219,3.652344,-10.035156,,,,,,,,,,
acc,1778672619.0,38.0,-0.34375,4.457031,-9.574219,,,,,,,,,,
acc,1778672619.0,38.0,-0.496094,4.226562,-10.375,,,,,,,,,,
acc,1778672619.0,38.0,-0.382812,3.84375,-9.414062,,,,,,,,,,
acc,1778672619.0,38.0,-0.457031,3.921875,-9.878906,,,,,,,,,,
acc,1778672619.0,38.0,-0.265625,3.726562,-9.878906,,,,,,,,,,
acc,1778672619.0,38.0,-0.191406,3.34375,-9.417969,,,,,,,,,,
acc,1778672619.0,38.0,-0.152344,3.691406,-9.957031,,,,,,,,,,
acc,1778672619.0,38.0,-0.191406,3.691406,-9.453125,,,,,,,,,,
acc,1778672619.0,38.0,-0.152344,3.691406,-9.726562,,,,,,,,,,
acc,1778672619.0,38.0,-0.191406,3.882812,-9.726562,,,,,,,,,,
acc,1778672619.0,38.0,-0.304688,3.5,-9.570312,,,,,,,,,,
acc,1778672619.0,38.0,-0.226562,3.84375,-9.875,,,,,,,,,,
acc,1778672619.0,38.0,-0.074219,3.726562,-9.535156,,,,,,,,,,
acc,1778672619.0,38.0,-0.152344,3.269531,-9.574219,,,,,,,,,,
acc,1778672619.0,38.0,-0.34375,3.34375,-9.757812,,,,,,,,,,
acc,1778672619.0,38.0,-0.34375,3.117188,-9.730469,,,,,,,,,,
acc,1778672619.0,38.0,-0.191406,3.0,-9.761719,,,,,,,,,,
acc,1778672619.0,38.0,-0.113281,3.460938,-10.074219,,,,,,,,,,
acc,1778672619.0,38.0,-0.304688,4.1875,-9.535156,,,,,,,,,,
acc,1778672619.0,38.0,-0.457031,4.304688,-10.035156,,,,,,,,,,
acc,1778672619.0,38.0,-0.382812,4.417969,-9.574219,,,,,,,,,,
acc,1778672619.0,38.0,-0.113281,4.1875,-9.730469,,,,,,,,,,
acc,1778672619.0,38.0,-0.035156,3.996094,-9.648438,,,,,,,,,,
acc,1778672619.0,38.0,-0.304688,3.996094,-9.839844,,,,,,,,,,
acc,1778672619.0,38.0,-0.457031,3.804688,-9.726562,,,,,,,,,,
acc,1778672619.0,38.0,-0.304688,3.84375,-9.761719,,,,,,,,,,
acc,1778672619.0,38.0,0.078125,3.921875,-9.996094,,,,,,,,,,
acc,1778672619.0,38.0,-0.074219,4.035156,-9.457031,,,,,,,,,,
acc,1778672619.0,38.0,-0.191406,3.726562,-9.726562,,,,,,,,,,
acc,1778672619.0,38.0,-0.191406,3.765625,-9.730469,,,,,,,,,,
acc,1778672619.0,38.0,-0.226562,3.652344,-9.648438,,,,,,,,,,
acc,1778672619.0,38.0,-0.265625,3.421875,-9.875,,,,,,,,,,
acc,1778672619.0,38.0,-0.34375,3.726562,-9.992188,,,,,,,,,,
acc,1778672620.0,39.0,-0.382812,3.652344,-9.730469,,,,,,,,,,
acc,1778672620.0,39.0,-0.34375,3.613281,-9.800781,,,,,,,,,,
acc,1778672620.0,39.0,-0.113281,3.421875,-10.070312,,,,,,,,,,
acc,1778672620.0,39.0,-0.304688,3.652344,-9.570312,,,,,,,,,,
acc,1778672620.0,39.0,-0.34375,3.691406,-10.035156,,,,,,,,,,
acc,1778672620.0,39.0,-0.113281,3.382812,-9.648438,,,,,,,,,,
acc,1778672620.0,39.0,0.039062,3.652344,-9.492188,,,,,,,,,,
acc,1778672620.0,39.0,0.0,3.804688,-9.957031,,,,,,,,,,
acc,1778672620.0,39.0,-0.191406,3.652344,-9.652344,,,,,,,,,,
acc,1778672620.0,39.0,-0.191406,3.613281,-9.878906,,,,,,,,,,
acc,1778672620.0,39.0,-0.191406,3.191406,-10.03125,,,,,,,,,,
acc,1778672620.0,39.0,-0.265625,3.613281,-9.957031,,,,,,,,,,
acc,1778672620.0,39.0,-0.34375,3.996094,-9.992188,,,,,,,,,,
acc,1778672620.0,39.0,-0.304688,4.035156,-9.6875,,,,,,,,,,
acc,1778672620.0,39.0,-0.152344,3.804688,-9.917969,,,,,,,,,,
acc,1778672620.0,39.0,-0.152344,3.726562,-9.648438,,,,,,,,,,
acc,1778672620.0,39.0,-0.113281,3.5,-9.648438,,,,,,,,,,
acc,1778672620.0,39.0,-0.226562,3.613281,-9.375,,,,,,,,,,
acc,1778672620.0,39.0,-0.34375,3.191406,-10.296875,,,,,,,,,,
acc,1778672620.0,39.0,-0.304688,3.5,-9.839844,,,,,,,,,,
acc,1778672620.0,39.0,-0.265625,3.804688,-9.757812,,,,,,,,,,
acc,1778672620.0,39.0,-0.265625,3.921875,-9.992188,,,,,,,,,,
acc,1778672620.0,39.0,-0.035156,4.035156,-9.648438,,,,,,,,,,
acc,1778672620.0,39.0,-0.035156,3.921875,-9.726562,,,,,,,,,,
acc,1778672620.0,39.0,-0.074219,3.921875,-9.992188,,,,,,,,,,
acc,1778672620.0,39.0,-0.226562,3.613281,-9.492188,,,,,,,,,,
acc,1778672620.0,39.0,-0.304688,3.421875,-10.074219,,,,,,,,,,
acc,1778672620.0,39.0,-0.152344,3.5,-9.757812,,,,,,,,,,
acc,1778672620.0,39.0,-0.113281,3.574219,-10.152344,,,,,,,,,,
acc,1778672620.0,39.0,-0.226562,3.421875,-9.6875,,,,,,,,,,
acc,1778672620.0,39.0,-0.265625,3.613281,-9.917969,,,,,,,,,,
acc,1778672620.0,39.0,-0.191406,3.691406,-9.800781,,,,,,,,,,
acc,1778672620.0,39.0,-0.226562,3.726562,-9.609375,,,,,,,,,,
acc,1778672620.0,39.0,-0.34375,3.921875,-9.839844,,,,,,,,,,
acc,1778672620.0,39.0,-0.304688,3.765625,-9.691406,,,,,,,,,,
acc,1778672620.0,39.0,-0.152344,3.574219,-10.035156,,,,,,,,,,
acc,1778672620.0,39.0,-0.265625,3.34375,-9.613281,,,,,,,,,,
acc,1778672620.0,39.0,-0.382812,3.152344,-10.03125,,,,,,,,,,
acc,1778672620.0,39.0,-0.382812,3.613281,-10.148438,,,,,,,,,,
acc,1778672620.0,39.0,-0.417969,3.574219,-9.917969,,,,,,,,,,
acc,1778672620.0,39.0,-0.417969,3.957031,-9.875,,,,,,,,,,
acc,1778672620.0,39.0,-0.382812,4.226562,-9.953125,,,,,,,,,,
acc,1778672620.0,39.0,-0.265625,4.457031,-9.878906,,,,,,,,,,
acc,1778672620.0,39.0,-0.34375,4.148438,-9.652344,,,,,,,,,,
acc,1778672620.0,39.0,-0.457031,3.804688,-9.996094,,,,,,,,,,
acc,1778672620.0,39.0,-0.417969,3.691406,-9.761719,,,,,,,,,,
acc,1778672620.0,39.0,-0.34375,3.382812,-9.730469,,,,,,,,,,
acc,1778672620.0,39.0,-0.226562,3.882812,-9.691406,,,,,,,,,,
acc,1778672620.0,39.0,-0.113281,4.1875,-9.953125,,,,,,,,,,
acc,1778672620.0,39.0,-0.304688,4.226562,-9.613281,,,,,,,,,,
acc,1778672620.0,39.0,-0.34375,4.265625,-10.113281,,,,,,,,,,
acc,1778672620.0,39.0,-0.304688,3.882812,-9.652344,,,,,,,,,,
acc,1778672620.0,39.0,-0.265625,3.882812,-9.652344,,,,,,,,,,
acc,1778672620.0,39.0,-0.226562,3.726562,-9.992188,,,,,,,,,,
acc,1778672620.0,39.0,-0.191406,3.691406,-9.574219,,,,,,,,,,
acc,1778672620.0,39.0,-0.304688,3.652344,-9.878906,,,,,,,,,,
acc,1778672620.0,39.0,-0.382812,3.765625,-9.996094,,,,,,,,,,
acc,1778672620.0,39.0,-0.382812,3.613281,-9.648438,,,,,,,,,,
acc,1778672620.0,39.0,-0.304688,3.535156,-10.070312,,,,,,,,,,
acc,1778672620.0,39.0,-0.191406,3.765625,-10.03125,,,,,,,,,,
acc,1778672620.0,39.0,-0.226562,3.5,-9.953125,,,,,,,,,,
acc,1778672620.0,39.0,-0.417969,3.613281,-10.109375,,,,,,,,,,
acc,1778672620.0,39.0,-0.34375,3.574219,-10.179688,,,,,,,,,,
acc,1778672620.0,39.0,-0.152344,3.460938,-9.875,,,,,,,,,,
acc,1778672620.0,39.0,-0.191406,3.5,-9.839844,,,,,,,,,,
acc,1778672620.0,39.0,-0.226562,3.535156,-9.800781,,,,,,,,,,
acc,1778672620.0,39.0,-0.382812,3.84375,-9.835938,,,,,,,,,,
acc,1778672620.0,39.0,-0.457031,3.84375,-9.953125,,,,,,,,,,
acc,1778672620.0,39.0,-0.34375,3.804688,-9.839844,,,,,,,,,,
acc,1778672620.0,39.0,-0.304688,3.535156,-9.6875,,,,,,,,,,
acc,1778672620.0,39.0,-0.191406,3.382812,-9.917969,,,,,,,,,,
acc,1778672620.0,39.0,-0.191406,3.765625,-9.730469,,,,,,,,,,
acc,1778672620.0,39.0,-0.226562,3.5,-9.914062,,,,,,,,,,
acc,1778672620.0,39.0,-0.457031,3.613281,-9.648438,,,,,,,,,,
acc,1778672620.0,39.0,-0.496094,3.921875,-9.726562,,,,,,,,,,
acc,1778672620.0,39.0,-0.382812,4.035156,-9.914062,,,,,,,,,,
acc,1778672620.0,39.0,-0.265625,4.265625,-9.609375,,,,,,,,,,
acc,1778672620.0,39.0,-0.304688,4.113281,-9.652344,,,,,,,,,,
acc,1778672620.0,39.0,-0.304688,3.882812,-9.652344,,,,,,,,,,
acc,1778672620.0,39.0,-0.191406,3.84375,-9.761719,,,,,,,,,,
acc,1778672620.0,39.0,-0.191406,3.5,-9.570312,,,,,,,,,,
acc,1778672620.0,39.0,-0.226562,3.382812,-9.691406,,,,,,,,,,
acc,1778672620.0,39.0,-0.226562,4.074219,-9.957031,,,,,,,,,,
acc,1778672620.0,39.0,-0.382812,4.035156,-9.574219,,,,,,,,,,
acc,1778672620.0,39.0,-0.457031,3.84375,-9.835938,,,,,,,,,,
acc,1778672620.0,39.0,-0.304688,4.074219,-9.953125,,,,,,,,,,
acc,1778672620.0,39.0,-0.265625,4.035156,-9.839844,,,,,,,,,,
acc,1778672620.0,39.0,-0.304688,3.957031,-9.726562,,,,,,,,,,
acc,1778672620.0,39.0,-0.191406,3.957031,-9.570312,,,,,,,,,,
acc,1778672620.0,39.0,-0.226562,3.765625,-9.839844,,,,,,,,,,
acc,1778672620.0,39.0,-0.191406,3.574219,-9.730469,,,,,,,,,,
acc,1778672620.0,39.0,-0.265625,3.574219,-9.875,,,,,,,,,,
acc,1778672620.0,39.0,-0.304688,3.574219,-9.730469,,,,,,,,,,
acc,1778672620.0,39.0,-0.226562,3.613281,-9.800781,,,,,,,,,,
acc,1778672620.0,39.0,-0.074219,3.460938,-9.996094,,,,,,,,,,
acc,1778672620.0,39.0,-0.152344,3.574219,-9.761719,,,,,,,,,,
acc,1778672620.0,39.0,-0.574219,3.804688,-9.875,,,,,,,,,,
acc,1778672620.0,39.0,-0.574219,3.765625,-10.109375,,,,,,,,,,
acc,1778672620.0,39.0,-0.191406,3.882812,-9.726562,,,,,,,,,,
acc,1778672620.0,39.0,-0.152344,3.84375,-9.835938,,,,,,,,,,
acc,1778672620.0,39.0,0.0,3.460938,-9.757812,,,,,,,,,,
acc,1778672620.0,39.0,-0.035156,3.308594,-9.609375,,,,,,,,,,
acc,1778672620.0,39.0,-0.34375,3.230469,-9.652344,,,,,,,,,,
acc,1778672620.0,39.0,-0.113281,3.191406,-9.917969,,,,,,,,,,
acc,1778672620.0,39.0,-0.074219,3.421875,-9.953125,,,,,,,,,,
acc,1778672620.0,39.0,-0.191406,3.152344,-9.726562,,,,,,,,,,
acc,1778672620.0,39.0,-0.152344,3.421875,-9.6875,,,,,,,,,,
acc,1778672620.0,39.0,-0.074219,3.5,-9.796875,,,,,,,,,,
acc,1778672620.0,39.0,0.078125,3.613281,-9.609375,,,,,,,,,,
acc,1778672620.0,39.0,0.039062,3.921875,-9.613281,,,,,,,,,,
acc,1778672620.0,39.0,0.0,3.574219,-9.570312,,,,,,,,,,
acc,1778672620.0,39.0,-0.035156,3.765625,-9.796875,,,,,,,,,,
acc,1778672620.0,39.0,-0.035156,3.804688,-9.457031,,,,,,,,,,
acc,1778672620.0,39.0,-0.074219,3.882812,-10.070312,,,,,,,,,,
acc,1778672620.0,39.0,-0.304688,3.957031,-9.496094,,,,,,,,,,
acc,1778672620.0,39.0,-0.496094,4.074219,-10.113281,,,,,,,,,,
acc,1778672620.0,39.0,-0.535156,4.035156,-9.609375,,,,,,,,,,
acc,1778672620.0,39.0,-0.34375,3.804688,-9.761719,,,,,,,,,,
acc,1778672620.0,39.0,-0.191406,3.957031,-9.839844,,,,,,,,,,
acc,1778672620.0,39.0,-0.113281,3.996094,-9.730469,,,,,,,,,,
acc,1778672620.0,39.0,-0.152344,3.804688,-9.878906,,,,,,,,,,
acc,1778672620.0,39.0,-0.304688,3.84375,-9.6875,,,,,,,,,,
acc,1778672620.0,39.0,-0.304688,3.726562,-9.996094,,,,,,,,,,
acc,1778672620.0,39.0,-0.191406,3.269531,-9.917969,,,,,,,,,,
acc,1778672620.0,39.0,-0.226562,2.925781,-9.53125,,,,,,,,,,
acc,1778672620.0,39.0,-0.34375,3.308594,-10.183594,,,,,,,,,,
acc,1778672620.0,39.0,-0.191406,3.460938,-9.652344,,,,,,,,,,
acc,1778672620.0,39.0,-0.265625,3.957031,-9.652344,,,,,,,,,,
acc,1778672620.0,39.0,-0.417969,3.957031,-9.835938,,,,,,,,,,
acc,1778672621.0,40.0,-0.34375,3.765625,-10.113281,,,,,,,,,,
acc,1778672621.0,40.0,-0.304688,3.574219,-9.648438,,,,,,,,,,
acc,1778672621.0,40.0,-0.34375,3.308594,-10.109375,,,,,,,,,,
acc,1778672621.0,40.0,-0.226562,3.34375,-9.800781,,,,,,,,,,
acc,1778672621.0,40.0,-0.34375,3.726562,-9.691406,,,,,,,,,,
acc,1778672621.0,40.0,-0.265625,3.882812,-9.796875,,,,,,,,,,
acc,1778672621.0,40.0,-0.152344,3.691406,-9.796875,,,,,,,,,,
acc,1778672621.0,40.0,-0.265625,3.726562,-9.726562,,,,,,,,,,
acc,1778672621.0,40.0,-0.304688,3.691406,-9.875,,,,,,,,,,
acc,1778672621.0,40.0,-0.265625,3.421875,-10.074219,,,,,,,,,,
acc,1778672621.0,40.0,-0.265625,3.0,-9.726562,,,,,,,,,,
acc,1778672621.0,40.0,-0.152344,3.152344,-10.109375,,,,,,,,,,
acc,1778672621.0,40.0,-0.191406,3.34375,-9.6875,,,,,,,,,,
acc,1778672621.0,40.0,-0.265625,3.691406,-10.109375,,,,,,,,,,
acc,1778672621.0,40.0,-0.457031,3.84375,-10.148438,,,,,,,,,,
acc,1778672621.0,40.0,-0.535156,3.882812,-9.609375,,,,,,,,,,
acc,1778672621.0,40.0,-0.535156,4.226562,-10.335938,,,,,,,,,,
acc,1778672621.0,40.0,-0.382812,4.148438,-9.996094,,,,,,,,,,
acc,1778672621.0,40.0,-0.457031,4.265625,-9.878906,,,,,,,,,,
acc,1778672621.0,40.0,-0.417969,4.1875,-10.03125,,,,,,,,,,
acc,1778672621.0,40.0,-0.34375,4.035156,-9.648438,,,,,,,,,,
acc,1778672621.0,40.0,-0.265625,3.691406,-9.730469,,,,,,,,,,
acc,1778672621.0,40.0,-0.226562,3.726562,-9.648438,,,,,,,,,,
acc,1778672621.0,40.0,-0.191406,3.804688,-9.800781,,,,,,,,,,
acc,1778672621.0,40.0,-0.074219,3.691406,-9.574219,,,,,,,,,,
acc,1778672621.0,40.0,-0.113281,3.613281,-10.109375,,,,,,,,,,
acc,1778672621.0,40.0,-0.152344,3.34375,-9.914062,,,,,,,,,,
acc,1778672621.0,40.0,-0.304688,3.765625,-10.03125,,,,,,,,,,
acc,1778672621.0,40.0,-0.417969,3.996094,-9.835938,,,,,,,,,,
acc,1778672621.0,40.0,-0.191406,4.1875,-9.996094,,,,,,,,,,
acc,1778672621.0,40.0,-0.113281,4.074219,-9.652344,,,,,,,,,,
acc,1778672621.0,40.0,-0.226562,3.957031,-9.875,,,,,,,,,,
acc,1778672621.0,40.0,-0.417969,3.765625,-9.6875,,,,,,,,,,
acc,1778672621.0,40.0,-0.34375,3.765625,-9.761719,,,,,,,,,,
acc,1778672621.0,40.0,-0.304688,4.074219,-9.730469,,,,,,,,,,
acc,1778672621.0,40.0,-0.265625,3.84375,-9.570312,,,,,,,,,,
acc,1778672621.0,40.0,-0.226562,3.765625,-9.457031,,,,,,,,,,
acc,1778672621.0,40.0,-0.113281,4.074219,-9.957031,,,,,,,,,,
acc,1778672621.0,40.0,-0.035156,4.074219,-9.535156,,,,,,,,,,
acc,1778672621.0,40.0,-0.265625,3.996094,-9.839844,,,,,,,,,,
acc,1778672621.0,40.0,-0.304688,4.035156,-10.113281,,,,,,,,,,
acc,1778672621.0,40.0,-0.191406,3.804688,-9.730469,,,,,,,,,,
acc,1778672621.0,40.0,-0.265625,3.765625,-9.875,,,,,,,,,,
acc,1778672621.0,40.0,-0.417969,3.996094,-9.453125,,,,,,,,,,
acc,1778672621.0,40.0,-0.613281,3.996094,-9.648438,,,,,,,,,,
acc,1778672621.0,40.0,-0.574219,4.609375,-9.953125,,,,,,,,,,
acc,1778672621.0,40.0,-0.535156,4.570312,-9.53125,,,,,,,,,,
acc,1778672621.0,40.0,-0.496094,3.957031,-9.914062,,,,,,,,,,
acc,1778672621.0,40.0,-0.457031,3.84375,-9.875,,,,,,,,,,
acc,1778672621.0,40.0,-0.382812,3.460938,-9.730469,,,,,,,,,,
acc,1778672621.0,40.0,-0.34375,3.5,-9.835938,,,,,,,,,,
acc,1778672621.0,40.0,-0.34375,3.804688,-9.726562,,,,,,,,,,
acc,1778672621.0,40.0,-0.417969,4.1875,-9.574219,,,,,,,,,,
acc,1778672621.0,40.0,-0.535156,4.648438,-9.652344,,,,,,,,,,
acc,1778672621.0,40.0,-0.304688,4.113281,-9.378906,,,,,,,,,,
acc,1778672621.0,40.0,-0.265625,3.921875,-9.730469,,,,,,,,,,
acc,1778672621.0,40.0,-0.191406,3.921875,-9.574219,,,,,,,,,,
acc,1778672621.0,40.0,-0.265625,3.726562,-9.535156,,,,,,,,,,
acc,1778672621.0,40.0,-0.226562,3.84375,-9.648438,,,,,,,,,,
acc,1778672621.0,40.0,-0.191406,3.804688,-9.730469,,,,,,,,,,
acc,1778672621.0,40.0,-0.191406,3.5,-9.839844,,,,,,,,,,
acc,1778672621.0,40.0,-0.382812,3.882812,-9.730469,,,,,,,,,,
acc,1778672621.0,40.0,-0.535156,3.765625,-10.070312,,,,,,,,,,
acc,1778672621.0,40.0,-0.304688,3.957031,-9.917969,,,,,,,,,,
acc,1778672621.0,40.0,-0.074219,4.417969,-9.878906,,,,,,,,,,
acc,1778672621.0,40.0,-0.113281,4.378906,-9.648438,,,,,,,,,,
acc,1778672621.0,40.0,-0.152344,3.921875,-9.496094,,,,,,,,,,
acc,1778672621.0,40.0,0.0,3.652344,-9.730469,,,,,,,,,,
acc,1778672621.0,40.0,0.117188,3.5,-9.453125,,,,,,,,,,
acc,1778672621.0,40.0,0.039062,3.308594,-9.609375,,,,,,,,,,
acc,1778672621.0,40.0,-0.304688,3.726562,-9.957031,,,,,,,,,,
acc,1778672621.0,40.0,-0.382812,3.652344,-9.609375,,,,,,,,,,
acc,1778672621.0,40.0,-0.226562,3.613281,-10.074219,,,,,,,,,,
acc,1778672621.0,40.0,-0.265625,4.148438,-9.914062,,,,,,,,,,
acc,1778672621.0,40.0,-0.304688,3.804688,-9.992188,,,,,,,,,,
acc,1778672621.0,40.0,-0.382812,3.804688,-9.761719,,,,,,,,,,
acc,1778672621.0,40.0,-0.191406,3.652344,-9.917969,,,,,,,,,,
acc,1778672621.0,40.0,0.078125,3.460938,-9.875,,,,,,,,,,
acc,1778672621.0,40.0,-0.035156,3.804688,-9.34375,,,,,,,,,,
acc,1778672621.0,40.0,-0.304688,3.996094,-9.878906,,,,,,,,,,
acc,1778672621.0,40.0,-0.265625,4.226562,-9.613281,,,,,,,,,,
acc,1778672621.0,40.0,-0.113281,4.113281,-9.414062,,,,,,,,,,
acc,1778672621.0,40.0,-0.074219,4.304688,-9.914062,,,,,,,,,,
acc,1778672621.0,40.0,-0.113281,4.074219,-9.34375,,,,,,,,,,
acc,1778672621.0,40.0,-0.074219,3.996094,-9.996094,,,,,,,,,,
acc,1778672621.0,40.0,0.039062,3.691406,-9.726562,,,,,,,,,,
acc,1778672621.0,40.0,-0.113281,3.765625,-9.878906,,,,,,,,,,
acc,1778672621.0,40.0,-0.265625,4.035156,-9.761719,,,,,,,,,,
acc,1778672621.0,40.0,-0.265625,3.765625,-9.648438,,,,,,,,,,
acc,1778672621.0,40.0,-0.191406,4.035156,-9.378906,,,,,,,,,,
acc,1778672621.0,40.0,-0.074219,3.574219,-9.414062,,,,,,,,,,
acc,1778672621.0,40.0,-0.074219,3.726562,-9.839844,,,,,,,,,,
acc,1778672621.0,40.0,-0.226562,3.535156,-9.648438,,,,,,,,,,
acc,1778672621.0,40.0,-0.382812,3.574219,-9.957031,,,,,,,,,,
acc,1778672621.0,40.0,-0.417969,3.882812,-9.992188,,,,,,,,,,
acc,1778672621.0,40.0,-0.382812,3.996094,-9.375,,,,,,,,,,
acc,1778672621.0,40.0,-0.265625,4.035156,-9.996094,,,,,,,,,,
acc,1778672621.0,40.0,-0.265625,3.882812,-9.417969,,,,,,,,,,
acc,1778672621.0,40.0,-0.34375,3.921875,-9.957031,,,,,,,,,,
acc,1778672621.0,40.0,-0.417969,3.921875,-9.957031,,,,,,,,,,
acc,1778672621.0,40.0,-0.535156,3.921875,-9.957031,,,,,,,,,,
acc,1778672621.0,40.0,-0.613281,3.804688,-9.917969,,,,,,,,,,
acc,1778672621.0,40.0,-0.496094,3.882812,-9.835938,,,,,,,,,,
acc,1778672621.0,40.0,-0.417969,3.84375,-9.757812,,,,,,,,,,
acc,1778672621.0,40.0,-0.34375,3.5,-9.730469,,,,,,,,,,
acc,1778672621.0,40.0,-0.417969,3.613281,-9.375,,,,,,,,,,
acc,1778672621.0,40.0,-0.34375,3.652344,-9.914062,,,,,,,,,,
acc,1778672621.0,40.0,-0.226562,3.574219,-9.726562,,,,,,,,,,
acc,1778672621.0,40.0,-0.265625,4.226562,-9.917969,,,,,,,,,,
acc,1778672621.0,40.0,-0.457031,4.035156,-9.835938,,,,,,,,,,
acc,1778672621.0,40.0,-0.34375,4.417969,-9.953125,,,,,,,,,,
acc,1778672621.0,40.0,-0.265625,4.53125,-9.800781,,,,,,,,,,
acc,1778672621.0,40.0,-0.113281,4.074219,-9.726562,,,,,,,,,,
acc,1778672621.0,40.0,0.039062,4.304688,-9.761719,,,,,,,,,,
acc,1778672621.0,40.0,-0.304688,4.265625,-9.574219,,,,,,,,,,
acc,1778672621.0,40.0,-0.304688,4.074219,-10.03125,,,,,,,,,,
acc,1778672621.0,40.0,-0.152344,4.1875,-9.492188,,,,,,,,,,
acc,1778672621.0,40.0,-0.074219,4.53125,-10.109375,,,,,,,,,,
acc,1778672621.0,40.0,-0.191406,4.148438,-9.691406,,,,,,,,,,
acc,1778672621.0,40.0,-0.226562,4.417969,-9.757812,,,,,,,,,,
acc,1778672621.0,40.0,-0.226562,4.6875,-10.03125,,,,,,,,,,
acc,1778672621.0,40.0,-0.304688,4.304688,-9.492188,,,,,,,,,,
acc,1778672621.0,40.0,-0.34375,3.996094,-10.03125,,,,,,,,,,
acc,1778672621.0,40.0,-0.191406,3.804688,-9.648438,,,,,,,,,,
acc,1778672621.0,40.0,-0.074219,3.726562,-9.6875,,,,,,,,,,
acc,1778672621.0,40.0,-0.035156,4.074219,-9.6875,,,,,,,,,,
acc,1778672621.0,40.0,-0.113281,4.265625,-9.917969,,,,,,,,,,
acc,1778672621.0,40.0,-0.191406,4.265625,-9.800781,,,,,,,,,,
acc,1778672621.0,40.0,-0.457031,4.304688,-9.996094,,,,,,,,,,
acc,1778672622.0,41.0,-0.265625,4.035156,-9.917969,,,,,,,,,,
acc,1778672622.0,41.0,-0.191406,4.304688,-9.875,,,,,,,,,,
acc,1778672622.0,41.0,-0.304688,3.804688,-9.691406,,,,,,,,,,
acc,1778672622.0,41.0,-0.304688,3.84375,-9.839844,,,,,,,,,,
acc,1778672622.0,41.0,-0.113281,3.84375,-9.730469,,,,,,,,,,
acc,1778672622.0,41.0,-0.152344,3.691406,-9.652344,,,,,,,,,,
acc,1778672622.0,41.0,-0.304688,3.957031,-10.035156,,,,,,,,,,
acc,1778672622.0,41.0,-0.34375,3.957031,-9.574219,,,,,,,,,,
acc,1778672622.0,41.0,-0.304688,4.035156,-9.839844,,,,,,,,,,
acc,1778672622.0,41.0,-0.265625,3.535156,-9.417969,,,,,,,,,,
acc,1778672622.0,41.0,-0.152344,3.691406,-9.535156,,,,,,,,,,
acc,1778672622.0,41.0,-0.382812,3.613281,-9.453125,,,,,,,,,,
acc,1778672622.0,41.0,-0.382812,3.765625,-9.6875,,,,,,,,,,
acc,1778672622.0,41.0,-0.382812,3.882812,-9.53125,,,,,,,,,,
acc,1778672622.0,41.0,-0.34375,3.804688,-9.878906,,,,,,,,,,
acc,1778672622.0,41.0,-0.382812,4.035156,-9.730469,,,,,,,,,,
acc,1778672622.0,41.0,-0.457031,4.265625,-9.957031,,,,,,,,,,
acc,1778672622.0,41.0,-0.304688,4.148438,-9.691406,,,,,,,,,,
acc,1778672622.0,41.0,-0.191406,4.074219,-9.609375,,,,,,,,,,
acc,1778672622.0,41.0,-0.265625,3.882812,-9.726562,,,,,,,,,,
acc,1778672622.0,41.0,-0.457031,3.921875,-9.417969,,,,,,,,,,
acc,1778672622.0,41.0,-0.535156,4.1875,-9.875,,,,,,,,,,
acc,1778672622.0,41.0,-0.226562,4.339844,-9.648438,,,,,,,,,,
acc,1778672622.0,41.0,-0.191406,4.304688,-9.757812,,,,,,,,,,
acc,1778672622.0,41.0,-0.191406,4.265625,-9.757812,,,,,,,,,,
acc,1778672622.0,41.0,-0.191406,4.265625,-9.800781,,,,,,,,,,
acc,1778672622.0,41.0,-0.152344,3.882812,-9.757812,,,,,,,,,,
acc,1778672622.0,41.0,-0.265625,3.726562,-9.457031,,,,,,,,,,
acc,1778672622.0,41.0,-0.382812,3.726562,-9.992188,,,,,,,,,,
acc,1778672622.0,41.0,-0.34375,3.765625,-9.796875,,,,,,,,,,
acc,1778672622.0,41.0,-0.382812,3.882812,-9.691406,,,,,,,,,,
acc,1778672622.0,41.0,-0.382812,3.957031,-9.800781,,,,,,,,,,
acc,1778672622.0,41.0,-0.34375,4.113281,-9.953125,,,,,,,,,,
acc,1778672622.0,41.0,-0.496094,4.1875,-9.800781,,,,,,,,,,
acc,1778672622.0,41.0,-0.382812,3.921875,-9.957031,,,,,,,,,,
acc,1778672622.0,41.0,-0.304688,3.882812,-9.726562,,,,,,,,,,
acc,1778672622.0,41.0,-0.191406,3.804688,-9.835938,,,,,,,,,,
acc,1778672622.0,41.0,-0.152344,3.765625,-9.570312,,,,,,,,,,
acc,1778672622.0,41.0,-0.191406,3.921875,-9.757812,,,,,,,,,,
acc,1778672622.0,41.0,-0.382812,3.84375,-9.914062,,,,,,,,,,
acc,1778672622.0,41.0,-0.226562,3.996094,-9.757812,,,,,,,,,,
acc,1778672622.0,41.0,-0.226562,3.957031,-9.648438,,,,,,,,,,
acc,1778672622.0,41.0,-0.152344,4.035156,-9.757812,,,,,,,,,,
acc,1778672622.0,41.0,-0.152344,3.613281,-9.492188,,,,,,,,,,
acc,1778672622.0,41.0,-0.074219,3.652344,-9.570312,,,,,,,,,,
acc,1778672622.0,41.0,-0.035156,3.765625,-9.726562,,,,,,,,,,
acc,1778672622.0,41.0,-0.191406,3.421875,-9.347656,,,,,,,,,,
acc,1778672622.0,41.0,-0.152344,3.5,-9.574219,,,,,,,,,,
acc,1778672622.0,41.0,-0.152344,3.574219,-9.34375,,,,,,,,,,
acc,1778672622.0,41.0,-0.191406,3.574219,-9.757812,,,,,,,,,,
acc,1778672622.0,41.0,-0.226562,3.84375,-9.414062,,,,,,,,,,
acc,1778672622.0,41.0,-0.382812,3.957031,-9.691406,,,,,,,,,,
acc,1778672622.0,41.0,-0.265625,4.113281,-9.6875,,,,,,,,,,
acc,1778672622.0,41.0,-0.191406,4.1875,-9.570312,,,,,,,,,,
acc,1778672622.0,41.0,-0.265625,4.035156,-9.761719,,,,,,,,,,
acc,1778672622.0,41.0,-0.304688,4.035156,-9.6875,,,,,,,,,,
acc,1778672622.0,41.0,-0.417969,4.148438,-9.535156,,,,,,,,,,
acc,1778672622.0,41.0,-0.34375,4.265625,-9.726562,,,,,,,,,,
acc,1778672622.0,41.0,-0.417969,4.339844,-9.914062,,,,,,,,,,
acc,1778672622.0,41.0,-0.457031,4.265625,-9.726562,,,,,,,,,,
acc,1778672622.0,41.0,-0.34375,3.996094,-9.914062,,,,,,,,,,
acc,1778672622.0,41.0,-0.113281,3.84375,-9.648438,,,,,,,,,,
acc,1778672622.0,41.0,-0.113281,3.726562,-9.691406,,,,,,,,,,
acc,1778672622.0,41.0,-0.191406,3.957031,-9.535156,,,,,,,,,,
acc,1778672622.0,41.0,-0.191406,4.148438,-9.875,,,,,,,,,,
acc,1778672622.0,41.0,-0.152344,4.035156,-9.53125,,,,,,,,,,
acc,1778672622.0,41.0,-0.191406,4.074219,-9.757812,,,,,,,,,,
acc,1778672622.0,41.0,-0.304688,3.882812,-9.726562,,,,,,,,,,
acc,1778672622.0,41.0,-0.226562,3.535156,-9.648438,,,,,,,,,,
acc,1778672622.0,41.0,-0.113281,3.726562,-9.53125,,,,,,,,,,
acc,1778672622.0,41.0,0.0,3.804688,-9.917969,,,,,,,,,,
acc,1778672622.0,41.0,-0.191406,3.460938,-9.417969,,,,,,,,,,
acc,1778672622.0,41.0,-0.226562,3.421875,-10.113281,,,,,,,,,,
acc,1778672622.0,41.0,-0.304688,3.535156,-9.652344,,,,,,,,,,
acc,1778672622.0,41.0,-0.152344,3.574219,-9.917969,,,,,,,,,,
acc,1778672622.0,41.0,-0.191406,3.652344,-9.652344,,,,,,,,,,
acc,1778672622.0,41.0,-0.074219,3.726562,-9.6875,,,,,,,,,,
acc,1778672622.0,41.0,-0.226562,3.996094,-9.609375,,,,,,,,,,
acc,1778672622.0,41.0,-0.34375,3.921875,-9.457031,,,,,,,,,,
acc,1778672622.0,41.0,-0.304688,3.921875,-9.648438,,,,,,,,,,
acc,1778672622.0,41.0,-0.191406,3.804688,-9.492188,,,,,,,,,,
acc,1778672622.0,41.0,-0.226562,4.148438,-9.652344,,,,,,,,,,
acc,1778672622.0,41.0,-0.191406,3.804688,-9.453125,,,,,,,,,,
acc,1778672622.0,41.0,0.0,3.84375,-9.574219,,,,,,,,,,
acc,1778672622.0,41.0,-0.074219,3.765625,-9.691406,,,,,,,,,,
acc,1778672622.0,41.0,-0.074219,3.535156,-9.917969,,,,,,,,,,
acc,1778672622.0,41.0,-0.113281,4.226562,-9.757812,,,,,,,,,,
acc,1778672622.0,41.0,-0.304688,4.570312,-9.796875,,,,,,,,,,
acc,1778672622.0,41.0,-0.34375,4.53125,-9.796875,,,,,,,,,,
acc,1778672622.0,41.0,-0.226562,4.265625,-9.6875,,,,,,,,,,
acc,1778672622.0,41.0,-0.074219,4.1875,-9.6875,,,,,,,,,,
acc,1778672622.0,41.0,-0.113281,3.921875,-9.496094,,,,,,,,,,
acc,1778672622.0,41.0,-0.113281,3.652344,-9.609375,,,,,,,,,,
acc,1778672622.0,41.0,-0.074219,3.957031,-9.652344,,,,,,,,,,
acc,1778672622.0,41.0,-0.226562,4.074219,-9.378906,,,,,,,,,,
acc,1778672622.0,41.0,-0.191406,4.074219,-10.109375,,,,,,,,,,
acc,1778672622.0,41.0,-0.113281,4.113281,-9.609375,,,,,,,,,,
acc,1778672622.0,41.0,-0.191406,3.921875,-9.800781,,,,,,,,,,
acc,1778672622.0,41.0,-0.113281,4.074219,-9.996094,,,,,,,,,,
acc,1778672622.0,41.0,-0.074219,3.882812,-9.457031,,,,,,,,,,
acc,1778672622.0,41.0,-0.035156,3.726562,-10.183594,,,,,,,,,,
acc,1778672622.0,41.0,-0.113281,3.921875,-9.378906,,,,,,,,,,
acc,1778672622.0,41.0,-0.113281,3.957031,-10.03125,,,,,,,,,,
acc,1778672622.0,41.0,-0.113281,3.765625,-9.457031,,,,,,,,,,
acc,1778672622.0,41.0,-0.035156,3.921875,-9.761719,,,,,,,,,,
acc,1778672622.0,41.0,-0.074219,3.882812,-9.917969,,,,,,,,,,
acc,1778672622.0,41.0,-0.191406,4.148438,-9.453125,,,,,,,,,,
acc,1778672622.0,41.0,-0.382812,4.074219,-9.957031,,,,,,,,,,
acc,1778672622.0,41.0,-0.152344,3.996094,-9.648438,,,,,,,,,,
acc,1778672622.0,41.0,-0.226562,4.035156,-9.730469,,,,,,,,,,
acc,1778672622.0,41.0,-0.34375,3.613281,-9.914062,,,,,,,,,,
acc,1778672622.0,41.0,-0.34375,3.691406,-9.726562,,,,,,,,,,
acc,1778672622.0,41.0,-0.152344,3.613281,-9.914062,,,,,,,,,,
acc,1778672622.0,41.0,-0.113281,3.574219,-9.917969,,,,,,,,,,
acc,1778672622.0,41.0,-0.304688,3.652344,-9.6875,,,,,,,,,,
acc,1778672622.0,41.0,-0.074219,4.074219,-9.835938,,,,,,,,,,
acc,1778672622.0,41.0,-0.113281,4.035156,-9.574219,,,,,,,,,,
acc,1778672622.0,41.0,-0.035156,3.804688,-9.839844,,,,,,,,,,
acc,1778672622.0,41.0,-0.226562,4.074219,-9.917969,,,,,,,,,,
acc,1778672622.0,41.0,-0.382812,3.726562,-9.757812,,,,,,,,,,
acc,1778672622.0,41.0,-0.304688,3.882812,-10.296875,,,,,,,,,,
acc,1778672622.0,41.0,-0.265625,4.035156,-9.726562,,,,,,,,,,
acc,1778672622.0,41.0,-0.152344,4.113281,-10.257812,,,,,,,,,,
acc,1778672622.0,41.0,-0.191406,4.304688,-9.691406,,,,,,,,,,
acc,1778672622.0,41.0,-0.191406,4.113281,-9.957031,,,,,,,,,,
acc,1778672622.0,41.0,-0.113281,4.1875,-9.609375,,,,,,,,,,
acc,1778672623.0,42.0,0.0,4.226562,-9.800781,,,,,,,,,,
acc,1778672623.0,42.0,-0.191406,4.1875,-9.6875,,,,,,,,,,
acc,1778672623.0,42.0,-0.191406,4.035156,-9.613281,,,,,,,,,,
acc,1778672623.0,42.0,-0.152344,4.226562,-9.953125,,,,,,,,,,
acc,1778672623.0,42.0,-0.265625,3.957031,-9.6875,,,,,,,,,,
acc,1778672623.0,42.0,-0.265625,3.613281,-10.152344,,,,,,,,,,
acc,1778672623.0,42.0,-0.304688,3.574219,-9.730469,,,,,,,,,,
acc,1778672623.0,42.0,-0.265625,3.535156,-9.996094,,,,,,,,,,
acc,1778672623.0,42.0,-0.226562,3.613281,-9.691406,,,,,,,,,,
acc,1778672623.0,42.0,-0.226562,3.726562,-9.875,,,,,,,,,,
acc,1778672623.0,42.0,-0.265625,4.378906,-9.878906,,,,,,,,,,
acc,1778672623.0,42.0,-0.265625,4.1875,-9.878906,,,,,,,,,,
acc,1778672623.0,42.0,-0.304688,4.035156,-9.726562,,,,,,,,,,
acc,1778672623.0,42.0,-0.265625,4.148438,-10.109375,,,,,,,,,,
acc,1778672623.0,42.0,0.039062,4.035156,-9.914062,,,,,,,,,,
acc,1778672623.0,42.0,0.0,4.113281,-10.03125,,,,,,,,,,
acc,1778672623.0,42.0,-0.074219,3.804688,-9.992188,,,,,,,,,,
acc,1778672623.0,42.0,-0.074219,4.035156,-10.113281,,,,,,,,,,
acc,1778672623.0,42.0,-0.035156,3.996094,-9.730469,,,,,,,,,,
acc,1778672623.0,42.0,-0.074219,4.113281,-9.6875,,,,,,,,,,
acc,1778672623.0,42.0,0.0,4.226562,-9.992188,,,,,,,,,,
acc,1778672623.0,42.0,-0.074219,4.304688,-9.730469,,,,,,,,,,
acc,1778672623.0,42.0,-0.304688,4.339844,-9.761719,,,,,,,,,,
acc,1778672623.0,42.0,-0.152344,4.226562,-10.300781,,,,,,,,,,
acc,1778672623.0,42.0,-0.113281,4.074219,-9.652344,,,,,,,,,,
acc,1778672623.0,42.0,-0.226562,3.957031,-10.21875,,,,,,,,,,
acc,1778672623.0,42.0,-0.074219,4.226562,-9.996094,,,,,,,,,,
acc,1778672623.0,42.0,0.0,3.996094,-9.800781,,,,,,,,,,
acc,1778672623.0,42.0,-0.074219,3.84375,-10.035156,,,,,,,,,,
acc,1778672623.0,42.0,0.0,4.035156,-10.148438,,,,,,,,,,
acc,1778672623.0,42.0,-0.113281,3.921875,-9.570312,,,,,,,,,,
acc,1778672623.0,42.0,-0.035156,4.265625,-10.378906,,,,,,,,,,
acc,1778672623.0,42.0,-0.152344,3.882812,-9.53125,,,,,,,,,,
acc,1778672623.0,42.0,-0.226562,3.84375,-10.183594,,,,,,,,,,
acc,1778672623.0,42.0,-0.265625,3.957031,-10.070312,,,,,,,,,,
acc,1778672623.0,42.0,-0.191406,3.535156,-9.957031,,,,,,,,,,
acc,1778672623.0,42.0,-0.226562,4.148438,-10.152344,,,,,,,,,,
acc,1778672623.0,42.0,-0.265625,4.035156,-9.570312,,,,,,,,,,
acc,1778672623.0,42.0,-0.304688,4.035156,-9.996094,,,,,,,,,,
acc,1778672623.0,42.0,-0.226562,3.882812,-9.453125,,,,,,,,,,
acc,1778672623.0,42.0,-0.152344,3.535156,-9.757812,,,,,,,,,,
acc,1778672623.0,42.0,-0.34375,3.535156,-9.453125,,,,,,,,,,
acc,1778672623.0,42.0,-0.417969,3.152344,-9.992188,,,,,,,,,,
acc,1778672623.0,42.0,-0.265625,3.152344,-9.917969,,,,,,,,,,
acc,1778672623.0,42.0,-0.417969,3.421875,-9.613281,,,,,,,,,,
acc,1778672623.0,42.0,-0.648438,3.574219,-10.492188,,,,,,,,,,
acc,1778672623.0,42.0,-0.574219,3.996094,-9.496094,,,,,,,,,,
acc,1778672623.0,42.0,-0.648438,3.921875,-10.109375,,,,,,,,,,
acc,1778672623.0,42.0,-0.304688,3.957031,-9.761719,,,,,,,,,,
acc,1778672623.0,42.0,-0.382812,4.035156,-9.648438,,,,,,,,,,
acc,1778672623.0,42.0,-0.496094,4.074219,-10.113281,,,,,,,,,,
acc,1778672623.0,42.0,-0.417969,3.921875,-10.035156,,,,,,,,,,
acc,1778672623.0,42.0,-0.496094,3.652344,-10.148438,,,,,,,,,,
acc,1778672623.0,42.0,-0.613281,4.035156,-10.109375,,,,,,,,,,
acc,1778672623.0,42.0,-0.648438,4.265625,-10.074219,,,,,,,,,,
acc,1778672623.0,42.0,-0.574219,4.304688,-9.914062,,,,,,,,,,
acc,1778672623.0,42.0,-0.574219,4.1875,-9.796875,,,,,,,,,,
acc,1778672623.0,42.0,-0.417969,3.957031,-9.757812,,,,,,,,,,
acc,1778672623.0,42.0,-0.496094,3.726562,-9.835938,,,,,,,,,,
acc,1778672623.0,42.0,-0.6875,3.921875,-9.613281,,,,,,,,,,
acc,1778672623.0,42.0,-0.613281,4.035156,-10.257812,,,,,,,,,,
acc,1778672623.0,42.0,-0.574219,4.074219,-9.609375,,,,,,,,,,
acc,1778672623.0,42.0,-0.6875,4.035156,-10.183594,,,,,,,,,,
acc,1778672623.0,42.0,-0.613281,4.265625,-9.957031,,,,,,,,,,
acc,1778672623.0,42.0,-0.613281,3.921875,-9.613281,,,,,,,,,,
acc,1778672623.0,42.0,-0.726562,3.765625,-10.179688,,,,,,,,,,
acc,1778672623.0,42.0,-0.457031,3.535156,-9.53125,,,,,,,,,,
acc,1778672623.0,42.0,-0.304688,3.765625,-9.835938,,,,,,,,,,
acc,1778672623.0,42.0,-0.304688,3.921875,-9.730469,,,,,,,,,,
acc,1778672623.0,42.0,-0.457031,3.957031,-9.691406,,,,,,,,,,
acc,1778672623.0,42.0,-0.496094,3.804688,-10.113281,,,,,,,,,,
acc,1778672623.0,42.0,-0.496094,3.84375,-9.609375,,,,,,,,,,
acc,1778672623.0,42.0,-0.574219,3.765625,-10.109375,,,,,,,,,,
acc,1778672623.0,42.0,-0.457031,3.535156,-9.609375,,,,,,,,,,
acc,1778672623.0,42.0,-0.265625,3.726562,-9.839844,,,,,,,,,,
acc,1778672623.0,42.0,-0.226562,3.652344,-9.53125,,,,,,,,,,
acc,1778672623.0,42.0,-0.265625,3.535156,-9.796875,,,,,,,,,,
acc,1778672623.0,42.0,-0.417969,3.882812,-9.574219,,,,,,,,,,
acc,1778672623.0,42.0,-0.382812,3.996094,-9.347656,,,,,,,,,,
acc,1778672623.0,42.0,-0.152344,3.957031,-9.875,,,,,,,,,,
acc,1778672623.0,42.0,0.039062,3.84375,-9.265625,,,,,,,,,,
acc,1778672623.0,42.0,-0.191406,3.84375,-9.726562,,,,,,,,,,
acc,1778672623.0,42.0,-0.265625,4.265625,-9.914062,,,,,,,,,,
acc,1778672623.0,42.0,-0.152344,4.609375,-9.308594,,,,,,,,,,
acc,1778672623.0,42.0,-0.226562,4.648438,-9.6875,,,,,,,,,,
acc,1778672623.0,42.0,-0.226562,4.339844,-9.691406,,,,,,,,,,
acc,1778672623.0,42.0,-0.226562,3.996094,-9.492188,,,,,,,,,,
acc,1778672623.0,42.0,-0.152344,3.882812,-9.757812,,,,,,,,,,
acc,1778672623.0,42.0,-0.191406,4.035156,-9.570312,,,,,,,,,,
acc,1778672623.0,42.0,-0.226562,3.882812,-9.609375,,,,,,,,,,
acc,1778672623.0,42.0,-0.191406,4.226562,-9.417969,,,,,,,,,,
acc,1778672623.0,42.0,-0.074219,4.1875,-9.457031,,,,,,,,,,
acc,1778672623.0,42.0,0.117188,3.921875,-9.652344,,,,,,,,,,
acc,1778672623.0,42.0,0.191406,4.074219,-9.453125,,,,,,,,,,
acc,1778672623.0,42.0,-0.035156,3.84375,-9.574219,,,,,,,,,,
acc,1778672623.0,42.0,0.0,3.765625,-9.726562,,,,,,,,,,
acc,1778672623.0,42.0,0.078125,3.882812,-9.265625,,,,,,,,,,
acc,1778672623.0,42.0,0.191406,3.84375,-9.761719,,,,,,,,,,
acc,1778672623.0,42.0,0.078125,3.921875,-9.378906,,,,,,,,,,
acc,1778672623.0,42.0,-0.074219,3.34375,-9.378906,,,,,,,,,,
acc,1778672623.0,42.0,-0.265625,3.078125,-9.957031,,,,,,,,,,
acc,1778672623.0,42.0,-0.035156,3.152344,-9.148438,,,,,,,,,,
acc,1778672623.0,42.0,-0.113281,3.230469,-10.113281,,,,,,,,,,
acc,1778672623.0,42.0,-0.265625,3.691406,-9.453125,,,,,,,,,,
acc,1778672623.0,42.0,-0.417969,3.652344,-9.800781,,,,,,,,,,
acc,1778672623.0,42.0,-0.152344,3.726562,-9.648438,,,,,,,,,,
acc,1778672623.0,42.0,-0.035156,3.691406,-9.269531,,,,,,,,,,
acc,1778672623.0,42.0,-0.035156,3.804688,-9.6875,,,,,,,,,,
acc,1778672623.0,42.0,-0.265625,4.113281,-9.34375,,,,,,,,,,
acc,1778672623.0,42.0,-0.304688,3.804688,-9.53125,,,,,,,,,,
acc,1778672623.0,42.0,-0.265625,4.1875,-9.652344,,,,,,,,,,
acc,1778672623.0,42.0,-0.34375,4.113281,-9.492188,,,,,,,,,,
acc,1778672623.0,42.0,-0.191406,4.035156,-9.796875,,,,,,,,,,
acc,1778672623.0,42.0,-0.265625,4.6875,-9.34375,,,,,,,,,,
acc,1778672623.0,42.0,-0.304688,4.609375,-9.53125,,,,,,,,,,
acc,1778672623.0,42.0,-0.265625,4.6875,-9.761719,,,,,,,,,,
acc,1778672623.0,42.0,-0.304688,4.761719,-9.378906,,,,,,,,,,
acc,1778672623.0,42.0,-0.417969,4.609375,-9.878906,,,,,,,,,,
acc,1778672623.0,42.0,-0.382812,4.1875,-9.648438,,,,,,,,,,
acc,1778672623.0,42.0,-0.265625,4.113281,-9.726562,,,,,,,,,,
acc,1778672623.0,42.0,-0.152344,4.304688,-9.457031,,,,,,,,,,
acc,1778672623.0,42.0,-0.074219,3.804688,-9.414062,,,,,,,,,,
acc,1778672623.0,42.0,-0.226562,4.1875,-9.730469,,,,,,,,,,
acc,1778672623.0,42.0,-0.34375,4.496094,-9.492188,,,,,,,,,,
acc,1778672623.0,42.0,-0.34375,4.226562,-9.691406,,,,,,,,,,
acc,1778672623.0,42.0,-0.34375,4.609375,-9.839844,,,,,,,,,,
acc,1778672623.0,42.0,-0.265625,4.339844,-9.6875,,,,,,,,,,
acc,1778672623.0,42.0,-0.226562,4.113281,-9.875,,,,,,,,,,
acc,1778672623.0,42.0,-0.152344,3.921875,-9.839844,,,,,,,,,,
acc,1778672624.0,43.0,-0.152344,3.921875,-9.996094,,,,,,,,,,
acc,1778672624.0,43.0,-0.191406,4.113281,-9.878906,,,,,,,,,,
acc,1778672624.0,43.0,-0.304688,3.804688,-10.03125,,,,,,,,,,
acc,1778672624.0,43.0,-0.113281,4.074219,-10.261719,,,,,,,,,,
acc,1778672624.0,43.0,0.0,3.765625,-9.652344,,,,,,,,,,
acc,1778672624.0,43.0,0.039062,3.460938,-10.03125,,,,,,,,,,
acc,1778672624.0,43.0,-0.074219,3.691406,-9.574219,,,,,,,,,,
acc,1778672624.0,43.0,-0.152344,3.460938,-9.757812,,,,,,,,,,
acc,1778672624.0,43.0,-0.035156,3.308594,-10.109375,,,,,,,,,,
acc,1778672624.0,43.0,0.039062,3.691406,-9.761719,,,,,,,,,,
acc,1778672624.0,43.0,-0.035156,3.84375,-10.183594,,,,,,,,,,
acc,1778672624.0,43.0,-0.191406,3.613281,-9.796875,,,,,,,,,,
acc,1778672624.0,43.0,-0.113281,3.84375,-10.21875,,,,,,,,,,
acc,1778672624.0,43.0,-0.035156,3.996094,-9.757812,,,,,,,,,,
acc,1778672624.0,43.0,0.078125,3.957031,-9.875,,,,,,,,,,
acc,1778672624.0,43.0,-0.074219,4.53125,-9.875,,,,,,,,,,
acc,1778672624.0,43.0,-0.074219,4.265625,-9.574219,,,,,,,,,,
acc,1778672624.0,43.0,-0.113281,3.84375,-9.835938,,,,,,,,,,
acc,1778672624.0,43.0,-0.152344,3.84375,-9.914062,,,,,,,,,,
acc,1778672624.0,43.0,-0.191406,3.921875,-9.914062,,,,,,,,,,
acc,1778672624.0,43.0,-0.265625,4.035156,-9.839844,,,,,,,,,,
acc,1778672624.0,43.0,-0.34375,4.113281,-9.835938,,,,,,,,,,
acc,1778672624.0,43.0,-0.191406,4.148438,-9.691406,,,,,,,,,,
acc,1778672624.0,43.0,0.039062,4.226562,-9.835938,,,,,,,,,,
acc,1778672624.0,43.0,0.039062,4.074219,-9.570312,,,,,,,,,,
acc,1778672624.0,43.0,-0.152344,3.765625,-9.761719,,,,,,,,,,
acc,1778672624.0,43.0,-0.265625,4.035156,-9.917969,,,,,,,,,,
acc,1778672624.0,43.0,-0.113281,3.921875,-9.957031,,,,,,,,,,
acc,1778672624.0,43.0,0.078125,3.574219,-9.957031,,,,,,,,,,
acc,1778672624.0,43.0,0.0,3.957031,-9.757812,,,,,,,,,,
acc,1778672624.0,43.0,-0.226562,3.84375,-9.875,,,,,,,,,,
acc,1778672624.0,43.0,-0.265625,4.074219,-9.953125,,,,,,,,,,
acc,1778672624.0,43.0,-0.265625,4.074219,-9.875,,,,,,,,,,
acc,1778672624.0,43.0,-0.265625,3.652344,-10.035156,,,,,,,,,,
acc,1778672624.0,43.0,-0.457031,3.921875,-9.761719,,,,,,,,,,
acc,1778672624.0,43.0,-0.613281,3.765625,-9.878906,,,,,,,,,,
acc,1778672624.0,43.0,-0.535156,3.613281,-10.183594,,,,,,,,,,
acc,1778672624.0,43.0,-0.457031,3.691406,-9.878906,,,,,,,,,,
acc,1778672624.0,43.0,-0.613281,3.726562,-10.109375,,,,,,,,,,
acc,1778672624.0,43.0,-0.726562,3.652344,-10.03125,,,,,,,,,,
acc,1778672624.0,43.0,-0.535156,3.460938,-9.648438,,,,,,,,,,
acc,1778672624.0,43.0,-0.417969,3.460938,-9.992188,,,,,,,,,,
acc,1778672624.0,43.0,-0.417969,3.5,-9.757812,,,,,,,,,,
acc,1778672624.0,43.0,-0.613281,3.460938,-9.914062,,,,,,,,,,
acc,1778672624.0,43.0,-0.6875,3.460938,-9.800781,,,,,,,,,,
acc,1778672624.0,43.0,-0.6875,3.613281,-10.109375,,,,,,,,,,
acc,1778672624.0,43.0,-0.613281,3.5,-9.914062,,,,,,,,,,
acc,1778672624.0,43.0,-0.613281,3.574219,-9.957031,,,,,,,,,,
acc,1778672624.0,43.0,-0.574219,3.765625,-10.21875,,,,,,,,,,
acc,1778672624.0,43.0,-0.574219,3.765625,-9.835938,,,,,,,,,,
acc,1778672624.0,43.0,-0.382812,3.765625,-9.6875,,,,,,,,,,
acc,1778672624.0,43.0,-0.417969,3.996094,-9.757812,,,,,,,,,,
acc,1778672624.0,43.0,-0.382812,3.84375,-9.757812,,,,,,,,,,
acc,1778672624.0,43.0,-0.152344,3.804688,-9.796875,,,,,,,,,,
acc,1778672624.0,43.0,-0.152344,4.148438,-9.6875,,,,,,,,,,
acc,1778672624.0,43.0,-0.226562,4.035156,-9.914062,,,,,,,,,,
acc,1778672624.0,43.0,-0.265625,3.882812,-9.761719,,,,,,,,,,
acc,1778672624.0,43.0,-0.074219,3.765625,-9.914062,,,,,,,,,,
acc,1778672624.0,43.0,-0.226562,3.574219,-9.957031,,,,,,,,,,
acc,1778672624.0,43.0,-0.304688,3.34375,-9.6875,,,,,,,,,,
acc,1778672624.0,43.0,-0.265625,3.0,-10.035156,,,,,,,,,,
acc,1778672624.0,43.0,-0.226562,3.117188,-9.914062,,,,,,,,,,
acc,1778672624.0,43.0,-0.265625,3.191406,-9.875,,,,,,,,,,
acc,1778672624.0,43.0,-0.382812,3.421875,-10.152344,,,,,,,,,,
acc,1778672624.0,43.0,-0.304688,3.308594,-9.839844,,,,,,,,,,
acc,1778672624.0,43.0,-0.34375,3.269531,-10.03125,,,,,,,,,,
acc,1778672624.0,43.0,-0.226562,3.421875,-9.917969,,,,,,,,,,
acc,1778672624.0,43.0,-0.226562,3.269531,-9.835938,,,,,,,,,,
acc,1778672624.0,43.0,-0.265625,3.652344,-9.917969,,,,,,,,,,
acc,1778672624.0,43.0,-0.035156,3.765625,-9.496094,,,,,,,,,,
acc,1778672624.0,43.0,0.0,3.5,-9.875,,,,,,,,,,
acc,1778672624.0,43.0,-0.191406,3.382812,-9.308594,,,,,,,,,,
acc,1778672624.0,43.0,-0.191406,3.460938,-9.917969,,,,,,,,,,
acc,1778672624.0,43.0,-0.113281,3.152344,-9.574219,,,,,,,,,,
acc,1778672624.0,43.0,-0.035156,3.269531,-9.691406,,,,,,,,,,
acc,1778672624.0,43.0,-0.113281,3.421875,-9.535156,,,,,,,,,,
acc,1778672624.0,43.0,-0.265625,3.5,-9.570312,,,,,,,,,,
acc,1778672624.0,43.0,-0.152344,3.765625,-9.6875,,,,,,,,,,
acc,1778672624.0,43.0,0.078125,3.382812,-9.574219,,,,,,,,,,
acc,1778672624.0,43.0,-0.074219,3.957031,-9.652344,,,,,,,,,,
acc,1778672624.0,43.0,-0.191406,4.148438,-9.492188,,,,,,,,,,
acc,1778672624.0,43.0,-0.152344,3.957031,-9.492188,,,,,,,,,,
acc,1778672624.0,43.0,-0.035156,4.113281,-9.574219,,,,,,,,,,
acc,1778672624.0,43.0,-0.152344,4.113281,-9.53125,,,,,,,,,,
acc,1778672624.0,43.0,-0.191406,4.074219,-9.574219,,,,,,,,,,
acc,1778672624.0,43.0,-0.304688,4.457031,-9.652344,,,,,,,,,,
acc,1778672624.0,43.0,-0.226562,4.148438,-9.796875,,,,,,,,,,
acc,1778672624.0,43.0,-0.152344,4.148438,-9.652344,,,,,,,,,,
acc,1778672624.0,43.0,-0.152344,4.417969,-9.953125,,,,,,,,,,
acc,1778672624.0,43.0,-0.304688,4.339844,-9.839844,,,,,,,,,,
acc,1778672624.0,43.0,-0.382812,4.417969,-9.835938,,,,,,,,,,
acc,1778672624.0,43.0,-0.417969,4.113281,-9.914062,,,,,,,,,,
acc,1778672624.0,43.0,-0.226562,3.535156,-9.953125,,,,,,,,,,
acc,1778672624.0,43.0,-0.113281,3.117188,-9.375,,,,,,,,,,
acc,1778672624.0,43.0,-0.113281,2.925781,-9.800781,,,,,,,,,,
acc,1778672624.0,43.0,-0.226562,3.0,-9.574219,,,,,,,,,,
acc,1778672624.0,43.0,-0.382812,3.652344,-9.691406,,,,,,,,,,
acc,1778672624.0,43.0,-0.417969,3.726562,-9.992188,,,,,,,,,,
acc,1778672624.0,43.0,-0.457031,3.308594,-9.757812,,,,,,,,,,
acc,1778672624.0,43.0,-0.535156,3.691406,-9.878906,,,,,,,,,,
acc,1778672624.0,43.0,-0.304688,3.34375,-9.6875,,,,,,,,,,
acc,1778672624.0,43.0,-0.191406,3.269531,-9.652344,,,,,,,,,,
acc,1778672624.0,43.0,-0.34375,3.691406,-9.652344,,,,,,,,,,
acc,1778672624.0,43.0,-0.417969,4.035156,-9.953125,,,,,,,,,,
acc,1778672624.0,43.0,-0.382812,4.226562,-9.730469,,,,,,,,,,
acc,1778672624.0,43.0,-0.34375,3.996094,-9.800781,,,,,,,,,,
acc,1778672624.0,43.0,-0.113281,3.726562,-10.03125,,,,,,,,,,
acc,1778672624.0,43.0,-0.152344,3.382812,-9.53125,,,,,,,,,,
acc,1778672624.0,43.0,-0.152344,3.308594,-9.875,,,,,,,,,,
acc,1778672624.0,43.0,-0.074219,3.382812,-9.796875,,,,,,,,,,
acc,1778672624.0,43.0,-0.152344,3.382812,-9.730469,,,,,,,,,,
acc,1778672624.0,43.0,-0.265625,3.726562,-9.652344,,,,,,,,,,
acc,1778672624.0,43.0,-0.191406,4.074219,-9.953125,,,,,,,,,,
acc,1778672624.0,43.0,-0.074219,3.765625,-9.691406,,,,,,,,,,
acc,1778672624.0,43.0,-0.035156,3.765625,-9.996094,,,,,,,,,,
acc,1778672624.0,43.0,-0.074219,3.882812,-9.957031,,,,,,,,,,
acc,1778672624.0,43.0,-0.113281,3.691406,-9.996094,,,,,,,,,,
acc,1778672624.0,43.0,-0.113281,3.84375,-9.835938,,,,,,,,,,
acc,1778672624.0,43.0,-0.074219,3.996094,-10.113281,,,,,,,,,,
acc,1778672624.0,43.0,-0.113281,3.804688,-9.761719,,,,,,,,,,
acc,1778672624.0,43.0,-0.226562,3.84375,-9.609375,,,,,,,,,,
acc,1778672624.0,43.0,-0.265625,3.84375,-10.113281,,,,,,,,,,
acc,1778672624.0,43.0,-0.191406,3.84375,-9.535156,,,,,,,,,,
acc,1778672624.0,43.0,-0.152344,3.652344,-10.03125,,,,,,,,,,
acc,1778672624.0,43.0,-0.113281,3.535156,-10.03125,,,,,,,,,,
acc,1778672624.0,43.0,-0.113281,3.460938,-9.730469,,,,,,,,,,
acc,1778672624.0,43.0,-0.035156,3.691406,-10.222656,,,,,,,,,,
acc,1778672624.0,43.0,-0.113281,3.882812,-9.730469,,,,,,,,,,
acc,1778672625.0,44.0,0.039062,3.574219,-9.996094,,,,,,,,,,
acc,1778672625.0,44.0,-0.074219,3.535156,-9.878906,,,,,,,,,,
acc,1778672625.0,44.0,-0.191406,3.308594,-9.917969,,,,,,,,,,
acc,1778672625.0,44.0,-0.304688,3.230469,-9.875,,,,,,,,,,
acc,1778672625.0,44.0,-0.265625,3.34375,-9.761719,,,,,,,,,,
acc,1778672625.0,44.0,-0.113281,3.574219,-9.996094,,,,,,,,,,
acc,1778672625.0,44.0,0.0,3.652344,-9.492188,,,,,,,,,,
acc,1778672625.0,44.0,-0.035156,3.691406,-9.6875,,,,,,,,,,
acc,1778672625.0,44.0,-0.113281,3.613281,-9.691406,,,,,,,,,,
acc,1778672625.0,44.0,-0.074219,3.652344,-9.957031,,,,,,,,,,
acc,1778672625.0,44.0,-0.191406,3.613281,-9.761719,,,,,,,,,,
acc,1778672625.0,44.0,-0.382812,3.957031,-10.074219,,,,,,,,,,
acc,1778672625.0,44.0,-0.496094,4.074219,-9.652344,,,,,,,,,,
acc,1778672625.0,44.0,-0.304688,3.804688,-9.992188,,,,,,,,,,
acc,1778672625.0,44.0,-0.074219,3.726562,-9.652344,,,,,,,,,,
acc,1778672625.0,44.0,-0.265625,3.726562,-9.761719,,,,,,,,,,
acc,1778672625.0,44.0,-0.496094,3.460938,-10.074219,,,,,,,,,,
acc,1778672625.0,44.0,-0.417969,3.613281,-9.953125,,,,,,,,,,
acc,1778672625.0,44.0,-0.34375,3.574219,-10.152344,,,,,,,,,,
acc,1778672625.0,44.0,-0.382812,3.726562,-9.648438,,,,,,,,,,
acc,1778672625.0,44.0,-0.457031,4.074219,-10.261719,,,,,,,,,,
acc,1778672625.0,44.0,-0.457031,4.265625,-9.726562,,,,,,,,,,
acc,1778672625.0,44.0,-0.574219,4.304688,-9.800781,,,,,,,,,,
acc,1778672625.0,44.0,-0.574219,3.691406,-10.148438,,,,,,,,,,
acc,1778672625.0,44.0,-0.535156,3.691406,-10.070312,,,,,,,,,,
acc,1778672625.0,44.0,-0.496094,3.535156,-9.757812,,,,,,,,,,
acc,1778672625.0,44.0,-0.417969,3.460938,-10.257812,,,,,,,,,,
acc,1778672625.0,44.0,-0.34375,3.726562,-9.492188,,,,,,,,,,
acc,1778672625.0,44.0,-0.382812,3.84375,-9.800781,,,,,,,,,,
acc,1778672625.0,44.0,-0.496094,4.148438,-9.878906,,,,,,,,,,
acc,1778672625.0,44.0,-0.496094,3.921875,-9.726562,,,,,,,,,,
acc,1778672625.0,44.0,-0.574219,3.921875,-10.183594,,,,,,,,,,
acc,1778672625.0,44.0,-0.496094,3.652344,-9.835938,,,,,,,,,,
acc,1778672625.0,44.0,-0.535156,3.421875,-10.296875,,,,,,,,,,
acc,1778672625.0,44.0,-0.574219,3.691406,-9.953125,,,,,,,,,,
acc,1778672625.0,44.0,-0.382812,4.074219,-9.957031,,,,,,,,,,
acc,1778672625.0,44.0,-0.382812,4.035156,-9.757812,,,,,,,,,,
acc,1778672625.0,44.0,-0.382812,3.996094,-9.730469,,,,,,,,,,
acc,1778672625.0,44.0,-0.304688,4.148438,-9.730469,,,,,,,,,,
acc,1778672625.0,44.0,-0.34375,4.035156,-9.453125,,,,,,,,,,
acc,1778672625.0,44.0,-0.382812,3.996094,-9.992188,,,,,,,,,,
acc,1778672625.0,44.0,-0.34375,4.378906,-9.757812,,,,,,,,,,
acc,1778672625.0,44.0,-0.34375,4.074219,-9.6875,,,,,,,,,,
acc,1778672625.0,44.0,-0.382812,3.691406,-9.996094,,,,,,,,,,
acc,1778672625.0,44.0,-0.304688,3.84375,-9.839844,,,,,,,,,,
acc,1778672625.0,44.0,-0.304688,3.726562,-9.957031,,,,,,,,,,
acc,1778672625.0,44.0,-0.382812,4.035156,-10.148438,,,,,,,,,,
acc,1778672625.0,44.0,-0.34375,4.113281,-9.691406,,,,,,,,,,
acc,1778672625.0,44.0,-0.152344,4.1875,-9.875,,,,,,,,,,
acc,1778672625.0,44.0,-0.152344,4.304688,-9.652344,,,,,,,,,,
acc,1778672625.0,44.0,-0.191406,3.882812,-9.613281,,,,,,,,,,
acc,1778672625.0,44.0,-0.226562,3.535156,-9.835938,,,,,,,,,,
acc,1778672625.0,44.0,-0.382812,3.765625,-9.6875,,,,,,,,,,
acc,1778672625.0,44.0,-0.457031,3.726562,-9.691406,,,,,,,,,,
acc,1778672625.0,44.0,-0.226562,4.035156,-9.835938,,,,,,,,,,
acc,1778672625.0,44.0,-0.191406,4.113281,-9.496094,,,,,,,,,,
acc,1778672625.0,44.0,-0.191406,3.765625,-9.730469,,,,,,,,,,
acc,1778672625.0,44.0,-0.304688,3.921875,-9.453125,,,,,,,,,,
acc,1778672625.0,44.0,-0.265625,3.535156,-9.796875,,,,,,,,,,
acc,1778672625.0,44.0,-0.226562,3.652344,-9.691406,,,,,,,,,,
acc,1778672625.0,44.0,-0.226562,3.957031,-9.691406,,,,,,,,,,
acc,1778672625.0,44.0,-0.113281,3.691406,-9.796875,,,,,,,,,,
acc,1778672625.0,44.0,-0.074219,3.574219,-9.574219,,,,,,,,,,
acc,1778672625.0,44.0,0.0,3.652344,-9.730469,,,,,,,,,,
acc,1778672625.0,44.0,0.0,3.84375,-9.648438,,,,,,,,,,
acc,1778672625.0,44.0,-0.074219,3.84375,-9.378906,,,,,,,,,,
acc,1778672625.0,44.0,-0.152344,3.765625,-9.570312,,,,,,,,,,
acc,1778672625.0,44.0,-0.113281,3.804688,-9.535156,,,,,,,,,,
acc,1778672625.0,44.0,-0.113281,3.765625,-9.226562,,,,,,,,,,
acc,1778672625.0,44.0,-0.152344,3.574219,-9.796875,,,,,,,,,,
acc,1778672625.0,44.0,-0.304688,3.574219,-9.730469,,,,,,,,,,
acc,1778672625.0,44.0,-0.457031,3.652344,-9.574219,,,,,,,,,,
acc,1778672625.0,44.0,-0.496094,3.957031,-9.914062,,,,,,,,,,
acc,1778672625.0,44.0,-0.417969,3.921875,-9.457031,,,,,,,,,,
acc,1778672625.0,44.0,-0.34375,3.921875,-9.761719,,,,,,,,,,
acc,1778672625.0,44.0,-0.34375,3.996094,-9.730469,,,,,,,,,,
acc,1778672625.0,44.0,-0.382812,3.957031,-9.492188,,,,,,,,,,
acc,1778672625.0,44.0,-0.496094,4.113281,-9.730469,,,,,,,,,,
acc,1778672625.0,44.0,-0.382812,4.113281,-9.609375,,,,,,,,,,
acc,1778672625.0,44.0,-0.265625,3.882812,-9.796875,,,,,,,,,,
acc,1778672625.0,44.0,-0.304688,3.460938,-9.6875,,,,,,,,,,
acc,1778672625.0,44.0,-0.265625,3.613281,-9.457031,,,,,,,,,,
acc,1778672625.0,44.0,-0.265625,3.84375,-9.761719,,,,,,,,,,
acc,1778672625.0,44.0,-0.304688,3.652344,-9.570312,,,,,,,,,,
acc,1778672625.0,44.0,-0.191406,3.691406,-9.800781,,,,,,,,,,
acc,1778672625.0,44.0,-0.191406,3.613281,-9.839844,,,,,,,,,,
acc,1778672625.0,44.0,-0.226562,3.652344,-9.53125,,,,,,,,,,
acc,1778672625.0,44.0,-0.226562,3.269531,-9.914062,,,,,,,,,,
acc,1778672625.0,44.0,-0.226562,3.460938,-9.757812,,,,,,,,,,
acc,1778672625.0,44.0,-0.265625,3.5,-9.496094,,,,,,,,,,
acc,1778672625.0,44.0,-0.265625,3.574219,-9.953125,,,,,,,,,,
acc,1778672625.0,44.0,-0.074219,3.882812,-9.570312,,,,,,,,,,
acc,1778672625.0,44.0,0.0,3.84375,-9.691406,,,,,,,,,,
acc,1778672625.0,44.0,-0.113281,3.691406,-9.535156,,,,,,,,,,
acc,1778672625.0,44.0,-0.152344,3.921875,-9.6875,,,,,,,,,,
acc,1778672625.0,44.0,-0.226562,3.921875,-9.6875,,,,,,,,,,
acc,1778672625.0,44.0,-0.226562,4.074219,-9.839844,,,,,,,,,,
acc,1778672625.0,44.0,-0.191406,4.074219,-9.992188,,,,,,,,,,
acc,1778672625.0,44.0,-0.191406,3.726562,-9.613281,,,,,,,,,,
acc,1778672625.0,44.0,-0.226562,3.804688,-10.113281,,,,,,,,,,
acc,1778672625.0,44.0,-0.34375,3.613281,-9.914062,,,,,,,,,,
acc,1778672625.0,44.0,-0.34375,3.574219,-9.917969,,,,,,,,,,
acc,1778672625.0,44.0,-0.226562,4.035156,-9.914062,,,,,,,,,,
acc,1778672625.0,44.0,-0.226562,4.304688,-9.761719,,,,,,,,,,
acc,1778672625.0,44.0,-0.191406,4.378906,-9.726562,,,,,,,,,,
acc,1778672625.0,44.0,-0.265625,4.496094,-9.652344,,,,,,,,,,
acc,1778672625.0,44.0,-0.304688,4.339844,-9.839844,,,,,,,,,,
acc,1778672625.0,44.0,-0.226562,3.613281,-9.757812,,,,,,,,,,
acc,1778672625.0,44.0,-0.417969,3.804688,-9.570312,,,,,,,,,,
acc,1778672625.0,44.0,-0.34375,3.765625,-9.878906,,,,,,,,,,
acc,1778672625.0,44.0,-0.191406,3.765625,-9.730469,,,,,,,,,,
acc,1778672625.0,44.0,-0.074219,4.417969,-9.378906,,,,,,,,,,
acc,1778672625.0,44.0,-0.191406,4.226562,-10.035156,,,,,,,,,,
acc,1778672625.0,44.0,-0.226562,4.304688,-9.34375,,,,,,,,,,
acc,1778672625.0,44.0,-0.035156,3.382812,-9.53125,,,,,,,,,,
acc,1778672625.0,44.0,0.039062,3.84375,-9.800781,,,,,,,,,,
acc,1778672625.0,44.0,-0.152344,3.574219,-9.957031,,,,,,,,,,
acc,1778672625.0,44.0,-0.417969,3.5,-9.53125,,,,,,,,,,
acc,1778672625.0,44.0,-0.304688,3.726562,-10.070312,,,,,,,,,,
acc,1778672625.0,44.0,-0.113281,3.957031,-9.648438,,,,,,,,,,
acc,1778672625.0,44.0,-0.035156,3.726562,-9.800781,,,,,,,,,,
acc,1778672625.0,44.0,-0.191406,3.804688,-9.757812,,,,,,,,,,
acc,1778672625.0,44.0,-0.265625,3.921875,-9.609375,,,,,,,,,,
acc,1778672625.0,44.0,-0.226562,3.421875,-9.878906,,,,,,,,,,
acc,1778672625.0,44.0,-0.226562,3.34375,-9.648438,,,,,,,,,,
acc,1778672625.0,44.0,-0.191406,3.5,-10.113281,,,,,,,,,,
acc,1778672625.0,44.0,-0.191406,3.535156,-9.726562,,,,,,,,,,
acc,1778672626.0,45.0,-0.417969,3.84375,-9.730469,,,,,,,,,,
acc,1778672626.0,45.0,-0.34375,4.074219,-10.296875,,,,,,,,,,
acc,1778672626.0,45.0,-0.382812,3.882812,-9.453125,,,,,,,,,,
acc,1778672626.0,45.0,-0.382812,3.957031,-10.109375,,,,,,,,,,
acc,1778672626.0,45.0,-0.457031,3.726562,-9.730469,,,,,,,,,,
acc,1778672626.0,45.0,-0.304688,3.613281,-9.726562,,,,,,,,,,
acc,1778672626.0,45.0,-0.382812,3.691406,-10.113281,,,,,,,,,,
acc,1778672626.0,45.0,-0.382812,3.421875,-9.535156,,,,,,,,,,
acc,1778672626.0,45.0,-0.382812,3.691406,-9.957031,,,,,,,,,,
acc,1778672626.0,45.0,-0.304688,3.84375,-9.839844,,,,,,,,,,
acc,1778672626.0,45.0,-0.226562,4.035156,-9.914062,,,,,,,,,,
acc,1778672626.0,45.0,-0.152344,3.882812,-9.757812,,,,,,,,,,
acc,1778672626.0,45.0,-0.191406,3.613281,-9.878906,,,,,,,,,,
acc,1778672626.0,45.0,-0.152344,3.613281,-9.492188,,,,,,,,,,
acc,1778672626.0,45.0,-0.113281,3.460938,-9.757812,,,,,,,,,,
acc,1778672626.0,45.0,0.039062,3.269531,-9.730469,,,,,,,,,,
acc,1778672626.0,45.0,-0.191406,3.726562,-9.496094,,,,,,,,,,
acc,1778672626.0,45.0,-0.382812,3.804688,-10.035156,,,,,,,,,,
acc,1778672626.0,45.0,-0.152344,3.535156,-9.730469,,,,,,,,,,
acc,1778672626.0,45.0,-0.074219,3.652344,-9.957031,,,,,,,,,,
acc,1778672626.0,45.0,-0.191406,3.34375,-9.6875,,,,,,,,,,
acc,1778672626.0,45.0,-0.191406,3.421875,-9.648438,,,,,,,,,,
acc,1778672626.0,45.0,-0.226562,4.035156,-9.875,,,,,,,,,,
acc,1778672626.0,45.0,-0.191406,3.652344,-9.6875,,,,,,,,,,
acc,1778672626.0,45.0,-0.304688,3.765625,-9.800781,,,,,,,,,,
acc,1778672626.0,45.0,-0.265625,3.882812,-9.917969,,,,,,,,,,
acc,1778672626.0,45.0,-0.382812,3.613281,-9.691406,,,,,,,,,,
acc,1778672626.0,45.0,-0.226562,3.765625,-9.917969,,,,,,,,,,
acc,1778672626.0,45.0,-0.226562,3.765625,-10.035156,,,,,,,,,,
acc,1778672626.0,45.0,-0.226562,3.726562,-9.835938,,,,,,,,,,
acc,1778672626.0,45.0,-0.382812,3.804688,-9.917969,,,,,,,,,,
acc,1778672626.0,45.0,-0.34375,3.613281,-10.03125,,,,,,,,,,
acc,1778672626.0,45.0,-0.226562,3.460938,-9.800781,,,,,,,,,,
acc,1778672626.0,45.0,-0.226562,3.535156,-9.835938,,,,,,,,,,
acc,1778672626.0,45.0,-0.265625,3.382812,-9.796875,,,,,,,,,,
acc,1778672626.0,45.0,-0.265625,3.078125,-9.6875,,,,,,,,,,
acc,1778672626.0,45.0,-0.265625,3.308594,-9.996094,,,,,,,,,,
acc,1778672626.0,45.0,-0.304688,3.84375,-9.761719,,,,,,,,,,
acc,1778672626.0,45.0,-0.417969,3.996094,-9.800781,,,,,,,,,,
acc,1778672626.0,45.0,-0.265625,3.921875,-9.757812,,,,,,,,,,
acc,1778672626.0,45.0,-0.152344,3.804688,-9.761719,,,,,,,,,,
acc,1778672626.0,45.0,-0.226562,3.535156,-9.835938,,,,,,,,,,
acc,1778672626.0,45.0,-0.34375,3.726562,-9.304688,,,,,,,,,,
acc,1778672626.0,45.0,-0.34375,3.691406,-10.070312,,,,,,,,,,
acc,1778672626.0,45.0,-0.304688,3.726562,-9.570312,,,,,,,,,,
acc,1778672626.0,45.0,-0.265625,3.613281,-9.6875,,,,,,,,,,
acc,1778672626.0,45.0,-0.34375,3.574219,-9.796875,,,,,,,,,,
acc,1778672626.0,45.0,-0.304688,3.5,-9.839844,,,,,,,,,,
acc,1778672626.0,45.0,-0.265625,2.925781,-9.796875,,,,,,,,,,
acc,1778672626.0,45.0,-0.226562,3.460938,-9.914062,,,,,,,,,,
acc,1778672626.0,45.0,-0.34375,3.804688,-9.652344,,,,,,,,,,
acc,1778672626.0,45.0,-0.304688,3.84375,-9.878906,,,,,,,,,,
acc,1778672626.0,45.0,-0.113281,3.804688,-9.535156,,,,,,,,,,
acc,1778672626.0,45.0,-0.113281,3.613281,-9.757812,,,,,,,,,,
acc,1778672626.0,45.0,-0.265625,3.804688,-9.992188,,,,,,,,,,
acc,1778672626.0,45.0,-0.34375,3.535156,-9.992188,,,,,,,,,,
acc,1778672626.0,45.0,-0.265625,3.460938,-9.917969,,,,,,,,,,
acc,1778672626.0,45.0,-0.191406,3.5,-9.917969,,,,,,,,,,
acc,1778672626.0,45.0,-0.265625,3.269531,-9.796875,,,,,,,,,,
acc,1778672626.0,45.0,-0.265625,3.691406,-9.875,,,,,,,,,,
acc,1778672626.0,45.0,-0.152344,3.652344,-9.914062,,,,,,,,,,
acc,1778672626.0,45.0,-0.191406,3.804688,-9.453125,,,,,,,,,,
acc,1778672626.0,45.0,-0.226562,3.804688,-10.070312,,,,,,,,,,
acc,1778672626.0,45.0,-0.34375,3.726562,-9.800781,,,,,,,,,,
acc,1778672626.0,45.0,-0.417969,3.765625,-9.652344,,,,,,,,,,
acc,1778672626.0,45.0,-0.226562,3.613281,-10.148438,,,,,,,,,,
acc,1778672626.0,45.0,-0.152344,3.460938,-9.609375,,,,,,,,,,
acc,1778672626.0,45.0,-0.304688,3.652344,-9.761719,,,,,,,,,,
acc,1778672626.0,45.0,-0.226562,3.421875,-10.070312,,,,,,,,,,
acc,1778672626.0,45.0,-0.226562,3.5,-9.347656,,,,,,,,,,
acc,1778672626.0,45.0,-0.152344,3.921875,-10.035156,,,,,,,,,,
acc,1778672626.0,45.0,-0.152344,3.691406,-9.496094,,,,,,,,,,
acc,1778672626.0,45.0,-0.191406,3.460938,-9.796875,,,,,,,,,,
acc,1778672626.0,45.0,-0.113281,3.765625,-10.113281,,,,,,,,,,
acc,1778672626.0,45.0,-0.191406,3.882812,-9.535156,,,,,,,,,,
acc,1778672626.0,45.0,-0.304688,3.535156,-10.113281,,,,,,,,,,
acc,1778672626.0,45.0,-0.191406,3.726562,-9.457031,,,,,,,,,,
acc,1778672626.0,45.0,-0.191406,3.996094,-9.761719,,,,,,,,,,
acc,1778672626.0,45.0,-0.152344,3.84375,-9.914062,,,,,,,,,,
acc,1778672626.0,45.0,-0.152344,3.84375,-9.304688,,,,,,,,,,
acc,1778672626.0,45.0,-0.152344,3.921875,-9.957031,,,,,,,,,,
acc,1778672626.0,45.0,-0.226562,3.726562,-9.109375,,,,,,,,,,
acc,1778672626.0,45.0,-0.226562,3.726562,-10.183594,,,,,,,,,,
acc,1778672626.0,45.0,-0.226562,3.765625,-9.226562,,,,,,,,,,
acc,1778672626.0,45.0,-0.152344,3.804688,-10.113281,,,,,,,,,,
acc,1778672626.0,45.0,-0.226562,3.726562,-9.875,,,,,,,,,,
acc,1778672626.0,45.0,-0.152344,3.613281,-9.800781,,,,,,,,,,
acc,1778672626.0,45.0,-0.113281,3.574219,-10.035156,,,,,,,,,,
acc,1778672626.0,45.0,-0.226562,3.191406,-9.878906,,,,,,,,,,
acc,1778672626.0,45.0,-0.265625,3.535156,-10.035156,,,,,,,,,,
acc,1778672626.0,45.0,-0.226562,3.574219,-9.796875,,,,,,,,,,
acc,1778672626.0,45.0,-0.304688,3.535156,-9.917969,,,,,,,,,,
acc,1778672626.0,45.0,-0.113281,3.84375,-9.800781,,,,,,,,,,
acc,1778672626.0,45.0,-0.191406,3.535156,-9.917969,,,,,,,,,,
acc,1778672626.0,45.0,-0.226562,3.535156,-9.914062,,,,,,,,,,
acc,1778672626.0,45.0,-0.417969,3.34375,-9.730469,,,,,,,,,,
acc,1778672626.0,45.0,-0.265625,3.308594,-10.179688,,,,,,,,,,
acc,1778672626.0,45.0,-0.304688,3.957031,-9.378906,,,,,,,,,,
acc,1778672626.0,45.0,-0.417969,3.652344,-10.257812,,,,,,,,,,
acc,1778672626.0,45.0,-0.304688,3.574219,-9.414062,,,,,,,,,,
acc,1778672626.0,45.0,-0.304688,4.1875,-9.726562,,,,,,,,,,
acc,1778672626.0,45.0,-0.265625,3.84375,-10.113281,,,,,,,,,,
acc,1778672626.0,45.0,-0.226562,3.996094,-9.230469,,,,,,,,,,
acc,1778672626.0,45.0,-0.304688,4.074219,-10.183594,,,,,,,,,,
acc,1778672626.0,45.0,-0.265625,3.957031,-9.652344,,,,,,,,,,
acc,1778672626.0,45.0,-0.304688,4.113281,-9.917969,,,,,,,,,,
acc,1778672626.0,45.0,-0.34375,4.074219,-10.035156,,,,,,,,,,
acc,1778672626.0,45.0,-0.304688,4.1875,-9.6875,,,,,,,,,,
acc,1778672626.0,45.0,-0.34375,4.074219,-9.996094,,,,,,,,,,
acc,1778672626.0,45.0,-0.226562,3.652344,-9.835938,,,,,,,,,,
acc,1778672626.0,45.0,-0.34375,3.726562,-9.609375,,,,,,,,,,
acc,1778672626.0,45.0,-0.417969,3.652344,-10.148438,,,,,,,,,,
acc,1778672626.0,45.0,-0.382812,3.957031,-9.574219,,,,,,,,,,
acc,1778672626.0,45.0,-0.226562,3.84375,-9.914062,,,,,,,,,,
acc,1778672626.0,45.0,-0.226562,3.613281,-9.835938,,,,,,,,,,
acc,1778672626.0,45.0,-0.226562,3.421875,-9.996094,,,,,,,,,,
acc,1778672626.0,45.0,-0.191406,3.308594,-9.996094,,,,,,,,,,
acc,1778672626.0,45.0,-0.265625,3.308594,-9.652344,,,,,,,,,,
acc,1778672626.0,45.0,-0.382812,3.5,-10.148438,,,,,,,,,,
acc,1778672626.0,45.0,-0.265625,3.613281,-9.878906,,,,,,,,,,
acc,1778672626.0,45.0,-0.226562,3.765625,-9.917969,,,,,,,,,,
acc,1778672626.0,45.0,-0.265625,3.726562,-10.152344,,,,,,,,,,
acc,1778672626.0,45.0,-0.304688,3.652344,-9.839844,,,,,,,,,,
acc,1778672626.0,45.0,-0.382812,3.84375,-9.992188,,,,,,,,,,
acc,1778672626.0,45.0,-0.265625,3.691406,-10.109375,,,,,,,,,,
acc,1778672626.0,45.0,-0.265625,3.804688,-9.453125,,,,,,,,,,
acc,1778672626.0,45.0,-0.226562,3.613281,-10.257812,,,,,,,,,,
acc,1778672626.0,45.0,-0.152344,3.726562,-9.53125,,,,,,,,,,
acc,1778672627.0,46.0,-0.265625,3.921875,-10.074219,,,,,,,,,,
acc,1778672627.0,46.0,-0.265625,3.5,-9.957031,,,,,,,,,,
acc,1778672627.0,46.0,-0.191406,3.921875,-9.730469,,,,,,,,,,
acc,1778672627.0,46.0,-0.191406,3.84375,-9.761719,,,,,,,,,,
acc,1778672627.0,46.0,-0.113281,3.691406,-9.761719,,,,,,,,,,
acc,1778672627.0,46.0,-0.226562,4.074219,-9.570312,,,,,,,,,,
acc,1778672627.0,46.0,-0.382812,4.148438,-9.726562,,,,,,,,,,
acc,1778672627.0,46.0,-0.265625,3.765625,-9.875,,,,,,,,,,
acc,1778672627.0,46.0,-0.226562,4.1875,-9.492188,,,,,,,,,,
acc,1778672627.0,46.0,-0.382812,4.304688,-9.796875,,,,,,,,,,
acc,1778672627.0,46.0,-0.382812,4.265625,-9.878906,,,,,,,,,,
acc,1778672627.0,46.0,-0.496094,4.304688,-9.457031,,,,,,,,,,
acc,1778672627.0,46.0,-0.457031,4.148438,-10.035156,,,,,,,,,,
acc,1778672627.0,46.0,-0.304688,3.957031,-9.570312,,,,,,,,,,
acc,1778672627.0,46.0,-0.382812,3.921875,-9.761719,,,,,,,,,,
acc,1778672627.0,46.0,-0.417969,3.84375,-9.691406,,,,,,,,,,
acc,1778672627.0,46.0,-0.226562,3.574219,-9.6875,,,,,,,,,,
acc,1778672627.0,46.0,-0.265625,3.652344,-9.917969,,,,,,,,,,
acc,1778672627.0,46.0,-0.34375,3.726562,-9.492188,,,,,,,,,,
acc,1778672627.0,46.0,-0.382812,3.5,-9.914062,,,,,,,,,,
acc,1778672627.0,46.0,-0.417969,3.382812,-9.800781,,,,,,,,,,
acc,1778672627.0,46.0,-0.417969,3.382812,-9.757812,,,,,,,,,,
acc,1778672627.0,46.0,-0.34375,3.5,-9.875,,,,,,,,,,
acc,1778672627.0,46.0,-0.382812,3.652344,-9.800781,,,,,,,,,,
acc,1778672627.0,46.0,-0.382812,3.574219,-9.878906,,,,,,,,,,
acc,1778672627.0,46.0,-0.34375,3.574219,-9.726562,,,,,,,,,,
acc,1778672627.0,46.0,-0.226562,3.691406,-9.917969,,,,,,,,,,
acc,1778672627.0,46.0,-0.226562,3.996094,-9.875,,,,,,,,,,
acc,1778672627.0,46.0,-0.304688,4.074219,-9.835938,,,,,,,,,,
acc,1778672627.0,46.0,-0.304688,3.765625,-9.875,,,,,,,,,,
acc,1778672627.0,46.0,-0.304688,3.726562,-9.796875,,,,,,,,,,
acc,1778672627.0,46.0,-0.226562,3.765625,-9.761719,,,,,,,,,,
acc,1778672627.0,46.0,-0.113281,3.382812,-9.835938,,,,,,,,,,
acc,1778672627.0,46.0,-0.265625,3.84375,-9.613281,,,,,,,,,,
acc,1778672627.0,46.0,-0.535156,3.921875,-9.878906,,,,,,,,,,
acc,1778672627.0,46.0,-0.34375,3.957031,-9.800781,,,,,,,,,,
acc,1778672627.0,46.0,-0.191406,4.265625,-9.800781,,,,,,,,,,
acc,1778672627.0,46.0,-0.34375,4.304688,-9.796875,,,,,,,,,,
acc,1778672627.0,46.0,-0.457031,3.996094,-9.53125,,,,,,,,,,
acc,1778672627.0,46.0,-0.265625,3.726562,-9.878906,,,,,,,,,,
acc,1778672627.0,46.0,-0.265625,3.804688,-9.375,,,,,,,,,,
acc,1778672627.0,46.0,-0.191406,3.535156,-10.035156,,,,,,,,,,
acc,1778672627.0,46.0,-0.226562,3.84375,-9.609375,,,,,,,,,,
acc,1778672627.0,46.0,-0.191406,3.726562,-9.996094,,,,,,,,,,
acc,1778672627.0,46.0,-0.226562,3.535156,-9.648438,,,,,,,,,,
acc,1778672627.0,46.0,-0.113281,3.726562,-10.03125,,,,,,,,,,
acc,1778672627.0,46.0,-0.152344,3.535156,-9.609375,,,,,,,,,,
acc,1778672627.0,46.0,-0.226562,3.921875,-9.726562,,,,,,,,,,
acc,1778672627.0,46.0,-0.113281,3.921875,-9.917969,,,,,,,,,,
acc,1778672627.0,46.0,0.078125,3.691406,-9.652344,,,,,,,,,,
acc,1778672627.0,46.0,-0.074219,3.84375,-9.652344,,,,,,,,,,
acc,1778672627.0,46.0,-0.226562,3.921875,-9.917969,,,,,,,,,,
acc,1778672627.0,46.0,-0.152344,3.613281,-9.835938,,,,,,,,,,
acc,1778672627.0,46.0,0.0,3.996094,-9.648438,,,,,,,,,,
acc,1778672627.0,46.0,-0.113281,3.882812,-9.875,,,,,,,,,,
acc,1778672627.0,46.0,-0.152344,3.460938,-9.730469,,,,,,,,,,
acc,1778672627.0,46.0,-0.191406,3.34375,-9.457031,,,,,,,,,,
acc,1778672627.0,46.0,-0.074219,3.382812,-10.035156,,,,,,,,,,
acc,1778672627.0,46.0,-0.113281,3.460938,-9.375,,,,,,,,,,
acc,1778672627.0,46.0,-0.152344,3.804688,-10.035156,,,,,,,,,,
acc,1778672627.0,46.0,-0.035156,3.996094,-9.800781,,,,,,,,,,
acc,1778672627.0,46.0,-0.113281,3.921875,-9.796875,,,,,,,,,,
acc,1778672627.0,46.0,-0.191406,3.882812,-9.796875,,,,,,,,,,
acc,1778672627.0,46.0,-0.191406,3.804688,-9.757812,,,,,,,,,,
acc,1778672627.0,46.0,-0.496094,3.691406,-9.726562,,,,,,,,,,
acc,1778672627.0,46.0,-0.574219,3.308594,-9.796875,,,,,,,,,,
acc,1778672627.0,46.0,-0.417969,3.421875,-9.957031,,,,,,,,,,
acc,1778672627.0,46.0,-0.417969,3.804688,-9.613281,,,,,,,,,,
acc,1778672627.0,46.0,-0.535156,3.84375,-9.800781,,,,,,,,,,
acc,1778672627.0,46.0,-0.226562,3.804688,-9.726562,,,,,,,,,,
acc,1778672627.0,46.0,-0.191406,3.921875,-9.304688,,,,,,,,,,
acc,1778672627.0,46.0,-0.035156,4.074219,-10.035156,,,,,,,,,,
acc,1778672627.0,46.0,-0.113281,4.113281,-9.414062,,,,,,,,,,
acc,1778672627.0,46.0,-0.382812,4.074219,-9.6875,,,,,,,,,,
acc,1778672627.0,46.0,-0.417969,3.957031,-10.074219,,,,,,,,,,
acc,1778672627.0,46.0,-0.382812,3.84375,-9.609375,,,,,,,,,,
acc,1778672627.0,46.0,-0.265625,3.765625,-9.800781,,,,,,,,,,
acc,1778672627.0,46.0,-0.265625,3.460938,-9.726562,,,,,,,,,,
acc,1778672627.0,46.0,-0.191406,3.5,-9.6875,,,,,,,,,,
acc,1778672627.0,46.0,-0.304688,3.613281,-9.6875,,,,,,,,,,
acc,1778672627.0,46.0,-0.226562,3.382812,-10.074219,,,,,,,,,,
acc,1778672627.0,46.0,-0.191406,3.804688,-9.800781,,,,,,,,,,
acc,1778672627.0,46.0,-0.226562,3.652344,-10.074219,,,,,,,,,,
acc,1778672627.0,46.0,-0.265625,3.691406,-9.875,,,,,,,,,,
acc,1778672627.0,46.0,-0.265625,3.882812,-9.878906,,,,,,,,,,
acc,1778672627.0,46.0,-0.265625,3.5,-10.070312,,,,,,,,,,
acc,1778672627.0,46.0,-0.304688,3.535156,-9.6875,,,,,,,,,,
acc,1778672627.0,46.0,-0.34375,3.921875,-10.035156,,,,,,,,,,
acc,1778672627.0,46.0,-0.265625,3.613281,-9.839844,,,,,,,,,,
acc,1778672627.0,46.0,-0.191406,3.5,-9.570312,,,,,,,,,,
acc,1778672627.0,46.0,-0.265625,3.726562,-10.179688,,,,,,,,,,
acc,1778672627.0,46.0,-0.304688,3.535156,-9.613281,,,,,,,,,,
acc,1778672627.0,46.0,-0.417969,3.882812,-9.730469,,,,,,,,,,
acc,1778672627.0,46.0,-0.34375,3.5,-10.257812,,,,,,,,,,
acc,1778672627.0,46.0,-0.382812,3.765625,-9.570312,,,,,,,,,,
acc,1778672627.0,46.0,-0.535156,3.84375,-10.148438,,,,,,,,,,
acc,1778672627.0,46.0,-0.535156,3.726562,-10.074219,,,,,,,,,,
acc,1778672627.0,46.0,-0.574219,3.957031,-9.839844,,,,,,,,,,
acc,1778672627.0,46.0,-0.417969,3.5,-10.109375,,,,,,,,,,
acc,1778672627.0,46.0,-0.191406,3.269531,-9.34375,,,,,,,,,,
acc,1778672627.0,46.0,-0.191406,3.34375,-9.878906,,,,,,,,,,
acc,1778672627.0,46.0,-0.113281,3.269531,-9.730469,,,,,,,,,,
acc,1778672627.0,46.0,-0.191406,3.921875,-9.414062,,,,,,,,,,
acc,1778672627.0,46.0,-0.265625,3.957031,-9.957031,,,,,,,,,,
acc,1778672627.0,46.0,-0.34375,4.113281,-9.757812,,,,,,,,,,
acc,1778672627.0,46.0,-0.304688,4.304688,-9.914062,,,,,,,,,,
acc,1778672627.0,46.0,-0.226562,3.613281,-9.691406,,,,,,,,,,
acc,1778672627.0,46.0,-0.152344,3.574219,-9.917969,,,,,,,,,,
acc,1778672627.0,46.0,-0.226562,3.382812,-9.648438,,,,,,,,,,
acc,1778672627.0,46.0,-0.265625,3.460938,-9.839844,,,,,,,,,,
acc,1778672627.0,46.0,-0.113281,3.765625,-9.796875,,,,,,,,,,
acc,1778672627.0,46.0,-0.191406,4.035156,-9.496094,,,,,,,,,,
acc,1778672627.0,46.0,-0.34375,4.339844,-9.953125,,,,,,,,,,
acc,1778672627.0,46.0,-0.382812,4.265625,-9.6875,,,,,,,,,,
acc,1778672627.0,46.0,-0.191406,3.882812,-10.070312,,,,,,,,,,
acc,1778672627.0,46.0,-0.34375,3.421875,-9.839844,,,,,,,,,,
acc,1778672627.0,46.0,-0.226562,3.421875,-10.339844,,,,,,,,,,
acc,1778672627.0,46.0,-0.226562,3.613281,-9.800781,,,,,,,,,,
acc,1778672627.0,46.0,-0.34375,3.574219,-10.070312,,,,,,,,,,
acc,1778672627.0,46.0,-0.34375,3.574219,-9.839844,,,,,,,,,,
acc,1778672627.0,46.0,-0.304688,3.652344,-9.839844,,,,,,,,,,
acc,1778672627.0,46.0,-0.34375,3.765625,-9.726562,,,,,,,,,,
acc,1778672627.0,46.0,-0.34375,3.652344,-9.800781,,,,,,,,,,
acc,1778672627.0,46.0,-0.304688,3.804688,-9.53125,,,,,,,,,,
acc,1778672627.0,46.0,-0.304688,3.804688,-9.914062,,,,,,,,,,
acc,1778672627.0,46.0,-0.152344,3.726562,-9.835938,,,,,,,,,,
acc,1778672627.0,46.0,-0.191406,3.84375,-9.996094,,,,,,,,,,
acc,1778672628.0,47.0,-0.265625,3.691406,-9.800781,,,,,,,,,,
acc,1778672628.0,47.0,-0.191406,3.34375,-9.878906,,,,,,,,,,
acc,1778672628.0,47.0,-0.074219,3.421875,-9.835938,,,,,,,,,,
acc,1778672628.0,47.0,-0.074219,3.691406,-9.574219,,,,,,,,,,
acc,1778672628.0,47.0,-0.191406,3.652344,-9.726562,,,,,,,,,,
acc,1778672628.0,47.0,-0.457031,3.921875,-9.613281,,,,,,,,,,
acc,1778672628.0,47.0,-0.457031,3.957031,-10.109375,,,,,,,,,,
acc,1778672628.0,47.0,-0.304688,3.421875,-9.347656,,,,,,,,,,
acc,1778672628.0,47.0,-0.113281,3.34375,-10.21875,,,,,,,,,,
acc,1778672628.0,47.0,-0.226562,3.039062,-9.414062,,,,,,,,,,
acc,1778672628.0,47.0,-0.34375,3.5,-9.730469,,,,,,,,,,
acc,1778672628.0,47.0,-0.382812,3.5,-9.730469,,,,,,,,,,
acc,1778672628.0,47.0,-0.382812,3.691406,-9.535156,,,,,,,,,,
acc,1778672628.0,47.0,-0.304688,3.652344,-9.726562,,,,,,,,,,
acc,1778672628.0,47.0,-0.226562,3.308594,-9.648438,,,,,,,,,,
acc,1778672628.0,47.0,-0.265625,3.421875,-9.730469,,,,,,,,,,
acc,1778672628.0,47.0,-0.417969,3.230469,-9.796875,,,,,,,,,,
acc,1778672628.0,47.0,-0.304688,3.535156,-10.152344,,,,,,,,,,
acc,1778672628.0,47.0,-0.304688,3.921875,-9.800781,,,,,,,,,,
acc,1778672628.0,47.0,-0.535156,3.765625,-9.6875,,,,,,,,,,
acc,1778672628.0,47.0,-0.226562,3.921875,-9.726562,,,,,,,,,,
acc,1778672628.0,47.0,0.0,4.035156,-9.835938,,,,,,,,,,
acc,1778672628.0,47.0,-0.226562,3.765625,-9.796875,,,,,,,,,,
acc,1778672628.0,47.0,-0.496094,3.460938,-9.800781,,,,,,,,,,
acc,1778672628.0,47.0,-0.457031,3.230469,-10.035156,,,,,,,,,,
acc,1778672628.0,47.0,-0.265625,3.230469,-9.914062,,,,,,,,,,
acc,1778672628.0,47.0,-0.152344,3.421875,-9.796875,,,,,,,,,,
acc,1778672628.0,47.0,-0.191406,3.804688,-9.800781,,,,,,,,,,
acc,1778672628.0,47.0,-0.457031,4.148438,-9.613281,,,,,,,,,,
acc,1778672628.0,47.0,-0.34375,3.691406,-9.761719,,,,,,,,,,
acc,1778672628.0,47.0,-0.226562,3.382812,-9.730469,,,,,,,,,,
acc,1778672628.0,47.0,-0.304688,3.765625,-9.757812,,,,,,,,,,
acc,1778672628.0,47.0,-0.417969,4.035156,-9.648438,,,,,,,,,,
acc,1778672628.0,47.0,-0.417969,4.113281,-9.757812,,,,,,,,,,
acc,1778672628.0,47.0,-0.34375,3.996094,-9.757812,,,,,,,,,,
acc,1778672628.0,47.0,-0.304688,3.996094,-10.113281,,,,,,,,,,
acc,1778672628.0,47.0,-0.382812,3.996094,-9.914062,,,,,,,,,,
acc,1778672628.0,47.0,-0.304688,3.613281,-9.996094,,,,,,,,,,
acc,1778672628.0,47.0,-0.265625,3.726562,-9.652344,,,,,,,,,,
acc,1778672628.0,47.0,-0.152344,3.535156,-10.074219,,,,,,,,,,
acc,1778672628.0,47.0,-0.265625,3.882812,-9.570312,,,,,,,,,,
acc,1778672628.0,47.0,-0.457031,4.113281,-9.648438,,,,,,,,,,
acc,1778672628.0,47.0,-0.417969,3.691406,-9.917969,,,,,,,,,,
acc,1778672628.0,47.0,-0.382812,3.804688,-9.34375,,,,,,,,,,
acc,1778672628.0,47.0,-0.382812,3.613281,-9.875,,,,,,,,,,
acc,1778672628.0,47.0,-0.191406,3.765625,-10.03125,,,,,,,,,,
acc,1778672628.0,47.0,-0.191406,3.804688,-9.453125,,,,,,,,,,
acc,1778672628.0,47.0,-0.191406,3.574219,-10.03125,,,,,,,,,,
acc,1778672628.0,47.0,-0.152344,3.691406,-9.496094,,,,,,,,,,
acc,1778672628.0,47.0,-0.035156,3.535156,-9.835938,,,,,,,,,,
acc,1778672628.0,47.0,-0.035156,3.421875,-9.761719,,,,,,,,,,
acc,1778672628.0,47.0,-0.113281,3.421875,-9.570312,,,,,,,,,,
acc,1778672628.0,47.0,-0.34375,3.882812,-9.992188,,,,,,,,,,
acc,1778672628.0,47.0,-0.304688,4.074219,-9.800781,,,,,,,,,,
acc,1778672628.0,47.0,-0.152344,3.804688,-9.796875,,,,,,,,,,
acc,1778672628.0,47.0,-0.191406,3.996094,-9.957031,,,,,,,,,,
acc,1778672628.0,47.0,-0.34375,3.957031,-9.691406,,,,,,,,,,
acc,1778672628.0,47.0,-0.457031,3.726562,-9.953125,,,,,,,,,,
acc,1778672628.0,47.0,-0.152344,3.691406,-9.839844,,,,,,,,,,
acc,1778672628.0,47.0,-0.113281,3.613281,-9.800781,,,,,,,,,,
acc,1778672628.0,47.0,-0.265625,3.535156,-9.996094,,,,,,,,,,
acc,1778672628.0,47.0,-0.152344,3.882812,-9.757812,,,,,,,,,,
acc,1778672628.0,47.0,-0.035156,4.035156,-9.953125,,,,,,,,,,
acc,1778672628.0,47.0,-0.074219,4.265625,-9.953125,,,,,,,,,,
acc,1778672628.0,47.0,-0.113281,4.226562,-9.757812,,,,,,,,,,
acc,1778672628.0,47.0,-0.113281,4.074219,-10.113281,,,,,,,,,,
acc,1778672628.0,47.0,0.0,3.84375,-9.691406,,,,,,,,,,
acc,1778672628.0,47.0,0.039062,3.535156,-9.691406,,,,,,,,,,
acc,1778672628.0,47.0,-0.035156,3.957031,-9.953125,,,,,,,,,,
acc,1778672628.0,47.0,-0.152344,4.339844,-9.609375,,,,,,,,,,
acc,1778672628.0,47.0,-0.265625,4.1875,-10.035156,,,,,,,,,,
acc,1778672628.0,47.0,-0.191406,4.457031,-9.996094,,,,,,,,,,
acc,1778672628.0,47.0,-0.152344,4.339844,-9.730469,,,,,,,,,,
acc,1778672628.0,47.0,-0.191406,4.074219,-9.992188,,,,,,,,,,
acc,1778672628.0,47.0,-0.265625,3.957031,-9.652344,,,,,,,,,,
acc,1778672628.0,47.0,-0.304688,3.996094,-9.878906,,,,,,,,,,
acc,1778672628.0,47.0,-0.226562,3.921875,-9.878906,,,,,,,,,,
acc,1778672628.0,47.0,-0.304688,3.882812,-9.652344,,,,,,,,,,
acc,1778672628.0,47.0,-0.304688,4.226562,-9.378906,,,,,,,,,,
acc,1778672628.0,47.0,-0.074219,4.035156,-9.6875,,,,,,,,,,
acc,1778672628.0,47.0,-0.074219,4.035156,-9.457031,,,,,,,,,,
acc,1778672628.0,47.0,-0.457031,4.1875,-9.757812,,,,,,,,,,
acc,1778672628.0,47.0,-0.648438,3.996094,-9.957031,,,,,,,,,,
acc,1778672628.0,47.0,-0.457031,4.074219,-9.917969,,,,,,,,,,
acc,1778672628.0,47.0,-0.417969,3.652344,-9.875,,,,,,,,,,
acc,1778672628.0,47.0,-0.382812,3.613281,-10.03125,,,,,,,,,,
acc,1778672628.0,47.0,-0.382812,3.691406,-9.6875,,,,,,,,,,
acc,1778672628.0,47.0,-0.417969,3.804688,-9.996094,,,,,,,,,,
acc,1778672628.0,47.0,-0.417969,3.996094,-9.609375,,,,,,,,,,
acc,1778672628.0,47.0,-0.417969,3.84375,-9.914062,,,,,,,,,,
acc,1778672628.0,47.0,-0.457031,4.1875,-9.757812,,,,,,,,,,
acc,1778672628.0,47.0,-0.34375,3.996094,-9.730469,,,,,,,,,,
acc,1778672628.0,47.0,-0.226562,4.148438,-10.070312,,,,,,,,,,
acc,1778672628.0,47.0,-0.382812,4.496094,-9.453125,,,,,,,,,,
acc,1778672628.0,47.0,-0.496094,4.074219,-10.339844,,,,,,,,,,
acc,1778672628.0,47.0,-0.648438,3.804688,-9.414062,,,,,,,,,,
acc,1778672628.0,47.0,-0.648438,3.613281,-9.957031,,,,,,,,,,
acc,1778672628.0,47.0,-0.613281,3.5,-10.074219,,,,,,,,,,
acc,1778672628.0,47.0,-0.613281,3.574219,-9.535156,,,,,,,,,,
acc,1778672628.0,47.0,-0.613281,3.269531,-10.335938,,,,,,,,,,
acc,1778672628.0,47.0,-0.613281,3.230469,-9.570312,,,,,,,,,,
acc,1778672628.0,47.0,-0.804688,3.574219,-9.875,,,,,,,,,,
acc,1778672628.0,47.0,-0.574219,3.726562,-10.296875,,,,,,,,,,
acc,1778672628.0,47.0,-0.574219,3.882812,-9.378906,,,,,,,,,,
acc,1778672628.0,47.0,-0.6875,3.726562,-10.148438,,,,,,,,,,
acc,1778672628.0,47.0,-0.6875,3.691406,-9.761719,,,,,,,,,,
acc,1778672628.0,47.0,-0.574219,3.5,-9.839844,,,,,,,,,,
acc,1778672628.0,47.0,-0.535156,3.117188,-9.835938,,,,,,,,,,
acc,1778672628.0,47.0,-0.457031,3.191406,-9.761719,,,,,,,,,,
acc,1778672628.0,47.0,-0.457031,3.957031,-9.914062,,,,,,,,,,
acc,1778672628.0,47.0,-0.496094,3.882812,-9.648438,,,,,,,,,,
acc,1778672628.0,47.0,-0.304688,3.84375,-9.6875,,,,,,,,,,
acc,1778672628.0,47.0,-0.191406,4.074219,-9.914062,,,,,,,,,,
acc,1778672628.0,47.0,-0.191406,4.035156,-9.417969,,,,,,,,,,
acc,1778672628.0,47.0,-0.265625,4.074219,-9.953125,,,,,,,,,,
acc,1778672628.0,47.0,-0.226562,3.996094,-9.757812,,,,,,,,,,
acc,1778672628.0,47.0,-0.191406,3.882812,-9.613281,,,,,,,,,,
acc,1778672628.0,47.0,-0.152344,4.265625,-9.878906,,,,,,,,,,
acc,1778672628.0,47.0,-0.074219,4.1875,-9.839844,,,,,,,,,,
acc,1778672628.0,47.0,-0.152344,4.148438,-9.457031,,,,,,,,,,
acc,1778672628.0,47.0,-0.074219,4.378906,-9.839844,,,,,,,,,,
acc,1778672628.0,47.0,-0.074219,3.996094,-9.613281,,,,,,,,,,
acc,1778672628.0,47.0,-0.226562,3.921875,-9.613281,,,,,,,,,,
acc,1778672628.0,47.0,-0.191406,3.804688,-10.257812,,,,,,,,,,
acc,1778672628.0,47.0,-0.226562,4.074219,-9.761719,,,,,,,,,,
acc,1778672628.0,47.0,-0.265625,4.304688,-9.609375,,,,,,,,,,
acc,1778672628.0,47.0,-0.113281,4.417969,-10.257812,,,,,,,,,,
acc,1778672628.0,47.0,0.0,4.339844,-9.414062,,,,,,,,,,
acc,1778672629.0,48.0,-0.265625,4.035156,-9.917969,,,,,,,,,,
acc,1778672629.0,48.0,-0.34375,3.921875,-9.652344,,,,,,,,,,
acc,1778672629.0,48.0,-0.191406,3.613281,-9.496094,,,,,,,,,,
acc,1778672629.0,48.0,0.0,3.34375,-9.648438,,,,,,,,,,
acc,1778672629.0,48.0,0.117188,3.230469,-9.035156,,,,,,,,,,
acc,1778672629.0,48.0,-0.074219,3.652344,-9.726562,,,,,,,,,,
acc,1778672629.0,48.0,-0.152344,3.152344,-9.414062,,,,,,,,,,
acc,1778672629.0,48.0,-0.035156,3.191406,-9.796875,,,,,,,,,,
acc,1778672629.0,48.0,-0.113281,3.574219,-9.917969,,,,,,,,,,
acc,1778672629.0,48.0,-0.113281,3.5,-9.648438,,,,,,,,,,
acc,1778672629.0,48.0,-0.304688,3.996094,-9.613281,,,,,,,,,,
acc,1778672629.0,48.0,-0.265625,4.226562,-9.34375,,,,,,,,,,
acc,1778672629.0,48.0,0.039062,3.882812,-9.574219,,,,,,,,,,
acc,1778672629.0,48.0,-0.035156,3.996094,-9.191406,,,,,,,,,,
acc,1778672629.0,48.0,-0.226562,4.035156,-9.609375,,,,,,,,,,
acc,1778672629.0,48.0,-0.152344,3.957031,-9.757812,,,,,,,,,,
acc,1778672629.0,48.0,-0.226562,3.804688,-9.570312,,,,,,,,,,
acc,1778672629.0,48.0,-0.191406,3.882812,-10.035156,,,,,,,,,,
acc,1778672629.0,48.0,-0.382812,3.957031,-9.730469,,,,,,,,,,
acc,1778672629.0,48.0,-0.382812,4.226562,-9.691406,,,,,,,,,,
acc,1778672629.0,48.0,-0.457031,3.804688,-10.113281,,,,,,,,,,
acc,1778672629.0,48.0,-0.265625,3.882812,-9.652344,,,,,,,,,,
acc,1778672629.0,48.0,-0.417969,4.570312,-9.800781,,,,,,,,,,
acc,1778672629.0,48.0,-0.496094,4.265625,-9.957031,,,,,,,,,,
acc,1778672629.0,48.0,-0.457031,4.457031,-9.53125,,,,,,,,,,
acc,1778672629.0,48.0,-0.496094,4.496094,-10.074219,,,,,,,,,,
acc,1778672629.0,48.0,-0.417969,4.1875,-9.757812,,,,,,,,,,
acc,1778672629.0,48.0,-0.457031,4.265625,-9.613281,,,,,,,,,,
acc,1778672629.0,48.0,-0.496094,4.226562,-10.03125,,,,,,,,,,
acc,1778672629.0,48.0,-0.265625,3.996094,-9.378906,,,,,,,,,,
acc,1778672629.0,48.0,-0.265625,3.996094,-9.957031,,,,,,,,,,
acc,1778672629.0,48.0,-0.304688,4.148438,-9.730469,,,,,,,,,,
acc,1778672629.0,48.0,-0.417969,4.035156,-9.730469,,,,,,,,,,
acc,1778672629.0,48.0,-0.535156,4.113281,-9.835938,,,,,,,,,,
acc,1778672629.0,48.0,-0.457031,3.652344,-9.800781,,,,,,,,,,
acc,1778672629.0,48.0,-0.191406,3.460938,-9.570312,,,,,,,,,,
acc,1778672629.0,48.0,-0.265625,3.421875,-9.757812,,,,,,,,,,
acc,1778672629.0,48.0,-0.417969,3.5,-9.875,,,,,,,,,,
acc,1778672629.0,48.0,-0.417969,3.652344,-9.414062,,,,,,,,,,
acc,1778672629.0,48.0,-0.382812,3.804688,-9.957031,,,,,,,,,,
acc,1778672629.0,48.0,-0.34375,3.765625,-9.613281,,,,,,,,,,
acc,1778672629.0,48.0,-0.34375,3.652344,-9.730469,,,,,,,,,,
acc,1778672629.0,48.0,-0.382812,3.421875,-9.796875,,,,,,,,,,
acc,1778672629.0,48.0,-0.34375,3.117188,-9.914062,,,,,,,,,,
acc,1778672629.0,48.0,-0.417969,3.726562,-9.953125,,,,,,,,,,
acc,1778672629.0,48.0,-0.535156,3.535156,-9.875,,,,,,,,,,
acc,1778672629.0,48.0,-0.304688,3.652344,-10.070312,,,,,,,,,,
acc,1778672629.0,48.0,-0.226562,4.1875,-9.574219,,,,,,,,,,
acc,1778672629.0,48.0,-0.304688,3.996094,-9.839844,,,,,,,,,,
acc,1778672629.0,48.0,-0.226562,4.148438,-9.917969,,,,,,,,,,
acc,1778672629.0,48.0,-0.304688,3.996094,-9.652344,,,,,,,,,,
acc,1778672629.0,48.0,-0.265625,3.804688,-10.148438,,,,,,,,,,
acc,1778672629.0,48.0,-0.34375,3.613281,-9.609375,,,,,,,,,,
acc,1778672629.0,48.0,-0.191406,3.574219,-9.953125,,,,,,,,,,
acc,1778672629.0,48.0,-0.152344,3.574219,-9.796875,,,,,,,,,,
acc,1778672629.0,48.0,-0.152344,3.535156,-9.53125,,,,,,,,,,
acc,1778672629.0,48.0,-0.226562,4.074219,-9.996094,,,,,,,,,,
acc,1778672629.0,48.0,-0.226562,3.921875,-9.496094,,,,,,,,,,
acc,1778672629.0,48.0,-0.191406,4.113281,-10.035156,,,,,,,,,,
acc,1778672629.0,48.0,-0.152344,4.304688,-9.613281,,,,,,,,,,
acc,1778672629.0,48.0,-0.191406,4.148438,-9.914062,,,,,,,,,,
acc,1778672629.0,48.0,-0.152344,3.996094,-9.730469,,,,,,,,,,
acc,1778672629.0,48.0,0.039062,3.84375,-9.691406,,,,,,,,,,
acc,1778672629.0,48.0,-0.074219,4.113281,-10.152344,,,,,,,,,,
acc,1778672629.0,48.0,-0.226562,3.882812,-9.148438,,,,,,,,,,
acc,1778672629.0,48.0,-0.191406,4.074219,-10.300781,,,,,,,,,,
acc,1778672629.0,48.0,0.078125,4.148438,-9.6875,,,,,,,,,,
acc,1778672629.0,48.0,0.0,4.457031,-9.609375,,,,,,,,,,
acc,1778672629.0,48.0,-0.074219,4.6875,-10.261719,,,,,,,,,,
acc,1778672629.0,48.0,-0.074219,4.570312,-9.308594,,,,,,,,,,
acc,1778672629.0,48.0,0.0,4.378906,-9.914062,,,,,,,,,,
acc,1778672629.0,48.0,0.230469,4.113281,-9.761719,,,,,,,,,,
acc,1778672629.0,48.0,0.0,3.996094,-9.375,,,,,,,,,,
acc,1778672629.0,48.0,-0.152344,3.726562,-9.992188,,,,,,,,,,
acc,1778672629.0,48.0,-0.152344,3.882812,-9.757812,,,,,,,,,,
acc,1778672629.0,48.0,0.0,3.84375,-9.730469,,,,,,,,,,
acc,1778672629.0,48.0,-0.035156,3.996094,-9.757812,,,,,,,,,,
acc,1778672629.0,48.0,-0.113281,4.113281,-9.730469,,,,,,,,,,
acc,1778672629.0,48.0,-0.265625,3.882812,-10.035156,,,,,,,,,,
acc,1778672629.0,48.0,-0.265625,3.574219,-9.492188,,,,,,,,,,
acc,1778672629.0,48.0,-0.265625,3.691406,-10.21875,,,,,,,,,,
acc,1778672629.0,48.0,-0.382812,4.035156,-9.730469,,,,,,,,,,
acc,1778672629.0,48.0,-0.417969,4.113281,-9.835938,,,,,,,,,,
acc,1778672629.0,48.0,-0.226562,3.804688,-9.957031,,,,,,,,,,
acc,1778672629.0,48.0,-0.265625,3.957031,-9.761719,,,,,,,,,,
acc,1778672629.0,48.0,-0.496094,3.652344,-9.757812,,,,,,,,,,
acc,1778672629.0,48.0,-0.457031,3.535156,-9.835938,,,,,,,,,,
acc,1778672629.0,48.0,-0.34375,3.535156,-9.53125,,,,,,,,,,
acc,1778672629.0,48.0,-0.34375,3.460938,-9.953125,,,,,,,,,,
acc,1778672629.0,48.0,-0.382812,3.765625,-9.496094,,,,,,,,,,
acc,1778672629.0,48.0,-0.457031,3.613281,-10.03125,,,,,,,,,,
acc,1778672629.0,48.0,-0.496094,3.726562,-9.992188,,,,,,,,,,
acc,1778672629.0,48.0,-0.535156,3.574219,-9.113281,,,,,,,,,,
acc,1778672629.0,48.0,-0.574219,3.574219,-10.414062,,,,,,,,,,
acc,1778672629.0,48.0,-0.382812,3.613281,-9.453125,,,,,,,,,,
acc,1778672629.0,48.0,-0.304688,3.269531,-9.6875,,,,,,,,,,
acc,1778672629.0,48.0,-0.496094,3.652344,-9.953125,,,,,,,,,,
acc,1778672629.0,48.0,-0.804688,4.035156,-9.6875,,,,,,,,,,
acc,1778672629.0,48.0,-0.726562,3.460938,-10.074219,,,,,,,,,,
acc,1778672629.0,48.0,-0.535156,3.5,-9.730469,,,,,,,,,,
acc,1778672629.0,48.0,-0.457031,3.804688,-10.070312,,,,,,,,,,
acc,1778672629.0,48.0,-0.574219,3.882812,-9.6875,,,,,,,,,,
acc,1778672629.0,48.0,-0.648438,3.882812,-10.113281,,,,,,,,,,
acc,1778672629.0,48.0,-0.574219,3.996094,-10.296875,,,,,,,,,,
acc,1778672629.0,48.0,-0.535156,3.882812,-9.800781,,,,,,,,,,
acc,1778672629.0,48.0,-0.726562,3.996094,-10.109375,,,,,,,,,,
acc,1778672629.0,48.0,-0.648438,3.84375,-9.878906,,,,,,,,,,
acc,1778672629.0,48.0,-0.496094,3.652344,-9.835938,,,,,,,,,,
acc,1778672629.0,48.0,-0.417969,3.652344,-9.953125,,,,,,,,,,
acc,1778672629.0,48.0,-0.574219,3.691406,-9.730469,,,,,,,,,,
acc,1778672629.0,48.0,-0.535156,4.074219,-10.261719,,,,,,,,,,
acc,1778672629.0,48.0,-0.574219,3.921875,-9.609375,,,,,,,,,,
acc,1778672629.0,48.0,-0.382812,3.996094,-10.03125,,,,,,,,,,
acc,1778672629.0,48.0,-0.304688,3.996094,-9.839844,,,,,,,,,,
acc,1778672629.0,48.0,-0.304688,3.652344,-9.726562,,,,,,,,,,
acc,1778672629.0,48.0,-0.417969,3.691406,-9.726562,,,,,,,,,,
acc,1778672629.0,48.0,-0.226562,3.613281,-9.875,,,,,,,,,,
acc,1778672629.0,48.0,-0.113281,3.84375,-9.730469,,,,,,,,,,
acc,1778672629.0,48.0,-0.191406,4.457031,-9.6875,,,,,,,,,,
acc,1778672629.0,48.0,-0.226562,4.148438,-9.839844,,,,,,,,,,
acc,1778672629.0,48.0,-0.191406,3.996094,-9.570312,,,,,,,,,,
acc,1778672629.0,48.0,-0.191406,4.226562,-10.070312,,,,,,,,,,
acc,1778672629.0,48.0,-0.113281,3.460938,-9.574219,,,,,,,,,,
acc,1778672629.0,48.0,0.0,4.265625,-9.726562,,,,,,,,,,
acc,1778672629.0,48.0,-0.074219,4.265625,-9.648438,,,,,,,,,,
acc,1778672629.0,48.0,0.039062,4.113281,-9.648438,,,,,,,,,,
acc,1778672629.0,48.0,0.039062,4.609375,-9.613281,,,,,,,,,,
acc,1778672629.0,48.0,-0.074219,3.804688,-9.609375,,,,,,,,,,
acc,1778672629.0,48.0,0.039062,3.726562,-9.691406,,,,,,,,,,
acc,1778672630.0,49.0,-0.074219,3.652344,-9.378906,,,,,,,,,,
acc,1778672630.0,49.0,-0.113281,3.421875,-9.957031,,,,,,,,,,
acc,1778672630.0,49.0,-0.074219,3.652344,-9.496094,,,,,,,,,,
acc,1778672630.0,49.0,-0.035156,3.652344,-9.730469,,,,,,,,,,
acc,1778672630.0,49.0,-0.074219,3.804688,-9.574219,,,,,,,,,,
acc,1778672630.0,49.0,-0.035156,3.882812,-9.992188,,,,,,,,,,
acc,1778672630.0,49.0,0.039062,3.921875,-9.957031,,,,,,,,,,
acc,1778672630.0,49.0,-0.152344,3.84375,-9.609375,,,,,,,,,,
acc,1778672630.0,49.0,-0.074219,3.84375,-9.761719,,,,,,,,,,
acc,1778672630.0,49.0,-0.113281,3.726562,-9.574219,,,,,,,,,,
acc,1778672630.0,49.0,-0.113281,3.34375,-9.800781,,,,,,,,,,
acc,1778672630.0,49.0,-0.113281,3.535156,-9.648438,,,,,,,,,,
acc,1778672630.0,49.0,-0.265625,3.691406,-9.304688,,,,,,,,,,
acc,1778672630.0,49.0,-0.265625,3.5,-10.035156,,,,,,,,,,
acc,1778672630.0,49.0,-0.191406,3.574219,-9.191406,,,,,,,,,,
acc,1778672630.0,49.0,-0.417969,3.765625,-9.726562,,,,,,,,,,
acc,1778672630.0,49.0,-0.535156,3.652344,-9.800781,,,,,,,,,,
acc,1778672630.0,49.0,-0.191406,3.765625,-9.757812,,,,,,,,,,
acc,1778672630.0,49.0,-0.113281,3.804688,-9.496094,,,,,,,,,,
acc,1778672630.0,49.0,-0.113281,3.691406,-9.996094,,,,,,,,,,
acc,1778672630.0,49.0,-0.34375,4.074219,-9.570312,,,,,,,,,,
acc,1778672630.0,49.0,-0.535156,4.074219,-9.652344,,,,,,,,,,
acc,1778672630.0,49.0,-0.382812,4.304688,-9.878906,,,,,,,,,,
acc,1778672630.0,49.0,-0.191406,4.148438,-9.574219,,,,,,,,,,
acc,1778672630.0,49.0,-0.265625,3.882812,-9.878906,,,,,,,,,,
acc,1778672630.0,49.0,-0.265625,3.882812,-9.652344,,,,,,,,,,
acc,1778672630.0,49.0,-0.417969,3.804688,-9.761719,,,,,,,,,,
acc,1778672630.0,49.0,-0.417969,3.652344,-9.914062,,,,,,,,,,
acc,1778672630.0,49.0,-0.34375,4.113281,-9.730469,,,,,,,,,,
acc,1778672630.0,49.0,-0.496094,4.304688,-9.957031,,,,,,,,,,
acc,1778672630.0,49.0,-0.496094,4.265625,-9.839844,,,,,,,,,,
acc,1778672630.0,49.0,-0.496094,4.339844,-10.03125,,,,,,,,,,
acc,1778672630.0,49.0,-0.457031,3.996094,-9.757812,,,,,,,,,,
acc,1778672630.0,49.0,-0.613281,4.265625,-9.917969,,,,,,,,,,
acc,1778672630.0,49.0,-0.535156,3.84375,-9.800781,,,,,,,,,,
acc,1778672630.0,49.0,-0.457031,3.921875,-9.839844,,,,,,,,,,
acc,1778672630.0,49.0,-0.417969,3.84375,-9.648438,,,,,,,,,,
acc,1778672630.0,49.0,-0.304688,3.84375,-9.917969,,,,,,,,,,
acc,1778672630.0,49.0,-0.417969,4.457031,-9.691406,,,,,,,,,,
acc,1778672630.0,49.0,-0.613281,3.921875,-9.957031,,,,,,,,,,
acc,1778672630.0,49.0,-0.382812,3.957031,-9.992188,,,,,,,,,,
acc,1778672630.0,49.0,-0.496094,4.339844,-9.691406,,,,,,,,,,
acc,1778672630.0,49.0,-0.574219,4.226562,-10.152344,,,,,,,,,,
acc,1778672630.0,49.0,-0.574219,4.074219,-9.800781,,,,,,,,,,
acc,1778672630.0,49.0,-0.34375,4.496094,-9.992188,,,,,,,,,,
acc,1778672630.0,49.0,-0.226562,3.996094,-9.648438,,,,,,,,,,
acc,1778672630.0,49.0,-0.152344,3.765625,-9.917969,,,,,,,,,,
acc,1778672630.0,49.0,-0.265625,3.765625,-9.609375,,,,,,,,,,
acc,1778672630.0,49.0,-0.265625,3.882812,-9.878906,,,,,,,,,,
acc,1778672630.0,49.0,0.039062,3.726562,-9.691406,,,,,,,,,,
acc,1778672630.0,49.0,-0.035156,3.921875,-9.761719,,,,,,,,,,
acc,1778672630.0,49.0,-0.113281,3.996094,-9.730469,,,,,,,,,,
acc,1778672630.0,49.0,-0.34375,4.417969,-9.800781,,,,,,,,,,
acc,1778672630.0,49.0,-0.417969,3.996094,-9.953125,,,,,,,,,,
acc,1778672630.0,49.0,-0.265625,4.113281,-10.113281,,,,,,,,,,
acc,1778672630.0,49.0,-0.035156,4.113281,-9.648438,,,,,,,,,,
acc,1778672630.0,49.0,-0.035156,3.765625,-9.761719,,,,,,,,,,
acc,1778672630.0,49.0,-0.074219,3.921875,-9.691406,,,,,,,,,,
acc,1778672630.0,49.0,-0.152344,4.113281,-9.609375,,,,,,,,,,
acc,1778672630.0,49.0,-0.152344,3.726562,-10.148438,,,,,,,,,,
acc,1778672630.0,49.0,-0.382812,3.0,-9.730469,,,,,,,,,,
acc,1778672630.0,49.0,-0.574219,3.5,-10.296875,,,,,,,,,,
acc,1778672630.0,49.0,-0.574219,3.691406,-9.609375,,,,,,,,,,
acc,1778672630.0,49.0,-0.34375,3.574219,-9.796875,,,,,,,,,,
acc,1778672630.0,49.0,-0.191406,3.957031,-9.6875,,,,,,,,,,
acc,1778672630.0,49.0,-0.226562,4.113281,-9.53125,,,,,,,,,,
acc,1778672630.0,49.0,-0.535156,3.613281,-9.648438,,,,,,,,,,
acc,1778672630.0,49.0,-0.382812,3.5,-9.730469,,,,,,,,,,
acc,1778672630.0,49.0,-0.113281,3.804688,-9.917969,,,,,,,,,,
acc,1778672630.0,49.0,-0.191406,3.691406,-9.453125,,,,,,,,,,
acc,1778672630.0,49.0,-0.34375,3.765625,-9.6875,,,,,,,,,,
acc,1778672630.0,49.0,-0.226562,3.882812,-9.800781,,,,,,,,,,
acc,1778672630.0,49.0,-0.304688,3.765625,-9.453125,,,,,,,,,,
acc,1778672630.0,49.0,-0.304688,4.035156,-9.796875,,,,,,,,,,
acc,1778672630.0,49.0,-0.265625,4.148438,-9.757812,,,,,,,,,,
acc,1778672630.0,49.0,-0.191406,3.804688,-9.492188,,,,,,,,,,
acc,1778672630.0,49.0,-0.191406,3.84375,-9.996094,,,,,,,,,,
acc,1778672630.0,49.0,0.078125,3.996094,-9.304688,,,,,,,,,,
acc,1778672630.0,49.0,-0.074219,4.074219,-9.730469,,,,,,,,,,
acc,1778672630.0,49.0,-0.191406,3.996094,-9.761719,,,,,,,,,,
acc,1778672630.0,49.0,-0.382812,4.265625,-9.535156,,,,,,,,,,
acc,1778672630.0,49.0,-0.265625,4.265625,-9.757812,,,,,,,,,,
acc,1778672630.0,49.0,-0.191406,3.957031,-9.796875,,,,,,,,,,
acc,1778672630.0,49.0,-0.226562,3.691406,-9.652344,,,,,,,,,,
acc,1778672630.0,49.0,-0.265625,3.765625,-9.835938,,,,,,,,,,
acc,1778672630.0,49.0,-0.191406,3.804688,-9.757812,,,,,,,,,,
acc,1778672630.0,49.0,-0.265625,3.921875,-9.875,,,,,,,,,,
acc,1778672630.0,49.0,-0.226562,4.113281,-9.875,,,,,,,,,,
acc,1778672630.0,49.0,-0.265625,4.074219,-9.953125,,,,,,,,,,
acc,1778672630.0,49.0,-0.417969,3.765625,-9.652344,,,,,,,,,,
acc,1778672630.0,49.0,-0.226562,4.035156,-9.992188,,,,,,,,,,
acc,1778672630.0,49.0,-0.382812,4.074219,-9.917969,,,,,,,,,,
acc,1778672630.0,49.0,-0.34375,3.34375,-9.875,,,,,,,,,,
acc,1778672630.0,49.0,-0.265625,3.574219,-9.691406,,,,,,,,,,
acc,1778672630.0,49.0,-0.34375,3.613281,-9.691406,,,,,,,,,,
acc,1778672630.0,49.0,-0.191406,3.613281,-10.113281,,,,,,,,,,
acc,1778672630.0,49.0,-0.113281,3.921875,-9.457031,,,,,,,,,,
acc,1778672630.0,49.0,-0.191406,3.574219,-9.574219,,,,,,,,,,
acc,1778672630.0,49.0,-0.191406,3.269531,-9.839844,,,,,,,,,,
acc,1778672630.0,49.0,0.0,3.84375,-9.265625,,,,,,,,,,
acc,1778672630.0,49.0,0.039062,3.652344,-10.03125,,,,,,,,,,
acc,1778672630.0,49.0,-0.035156,3.460938,-9.414062,,,,,,,,,,
acc,1778672630.0,49.0,-0.035156,3.691406,-9.796875,,,,,,,,,,
acc,1778672630.0,49.0,0.0,3.652344,-10.183594,,,,,,,,,,
acc,1778672630.0,49.0,0.039062,3.535156,-9.800781,,,,,,,,,,
acc,1778672630.0,49.0,-0.074219,3.765625,-10.109375,,,,,,,,,,
acc,1778672630.0,49.0,-0.382812,4.035156,-9.835938,,,,,,,,,,
acc,1778672630.0,49.0,-0.304688,4.035156,-9.878906,,,,,,,,,,
acc,1778672630.0,49.0,-0.226562,4.148438,-9.652344,,,,,,,,,,
acc,1778672630.0,49.0,-0.226562,4.074219,-9.6875,,,,,,,,,,
acc,1778672630.0,49.0,-0.496094,4.035156,-9.757812,,,,,,,,,,
acc,1778672630.0,49.0,-0.496094,4.035156,-9.757812,,,,,,,,,,
acc,1778672630.0,49.0,-0.304688,4.304688,-9.914062,,,,,,,,,,
acc,1778672630.0,49.0,-0.304688,4.074219,-10.03125,,,,,,,,,,
acc,1778672630.0,49.0,-0.496094,3.996094,-9.691406,,,,,,,,,,
acc,1778672630.0,49.0,-0.613281,4.226562,-9.992188,,,,,,,,,,
acc,1778672630.0,49.0,-0.535156,3.996094,-9.574219,,,,,,,,,,
acc,1778672630.0,49.0,-0.304688,3.957031,-9.957031,,,,,,,,,,
acc,1778672630.0,49.0,-0.304688,3.996094,-9.726562,,,,,,,,,,
acc,1778672630.0,49.0,-0.535156,4.035156,-9.574219,,,,,,,,,,
acc,1778672630.0,49.0,-0.417969,4.1875,-10.335938,,,,,,,,,,
acc,1778672630.0,49.0,-0.382812,4.1875,-9.691406,,,,,,,,,,
acc,1778672630.0,49.0,-0.457031,3.921875,-9.878906,,,,,,,,,,
acc,1778672630.0,49.0,-0.496094,3.996094,-10.183594,,,,,,,,,,
acc,1778672630.0,49.0,-0.457031,3.84375,-9.414062,,,,,,,,,,
acc,1778672630.0,49.0,-0.496094,3.574219,-9.917969,,,,,,,,,,
acc,1778672630.0,49.0,-0.417969,3.84375,-9.53125,,,,,,,,,,
acc,1778672631.0,50.0,-0.417969,3.996094,-9.953125,,,,,,,,,,
acc,1778672631.0,50.0,-0.34375,3.921875,-9.613281,,,,,,,,,,
acc,1778672631.0,50.0,-0.34375,4.148438,-9.761719,,,,,,,,,,
acc,1778672631.0,50.0,-0.304688,4.1875,-9.839844,,,,,,,,,,
acc,1778672631.0,50.0,-0.152344,4.035156,-9.648438,,,,,,,,,,
acc,1778672631.0,50.0,-0.152344,3.804688,-9.917969,,,,,,,,,,
acc,1778672631.0,50.0,-0.191406,3.882812,-9.761719,,,,,,,,,,
acc,1778672631.0,50.0,-0.34375,3.804688,-9.878906,,,,,,,,,,
acc,1778672631.0,50.0,-0.417969,3.691406,-9.878906,,,,,,,,,,
acc,1778672631.0,50.0,-0.382812,3.84375,-9.757812,,,,,,,,,,
acc,1778672631.0,50.0,-0.457031,3.882812,-9.914062,,,,,,,,,,
acc,1778672631.0,50.0,-0.382812,3.996094,-9.875,,,,,,,,,,
acc,1778672631.0,50.0,-0.34375,4.113281,-10.21875,,,,,,,,,,
acc,1778672631.0,50.0,-0.457031,3.882812,-9.953125,,,,,,,,,,
acc,1778672631.0,50.0,-0.535156,3.84375,-10.074219,,,,,,,,,,
acc,1778672631.0,50.0,-0.457031,3.613281,-9.800781,,,,,,,,,,
acc,1778672631.0,50.0,-0.265625,3.460938,-9.726562,,,,,,,,,,
acc,1778672631.0,50.0,-0.152344,3.535156,-9.914062,,,,,,,,,,
acc,1778672631.0,50.0,-0.152344,3.613281,-9.757812,,,,,,,,,,
acc,1778672631.0,50.0,-0.191406,3.921875,-9.730469,,,,,,,,,,
acc,1778672631.0,50.0,-0.226562,4.035156,-9.835938,,,,,,,,,,
acc,1778672631.0,50.0,-0.265625,3.84375,-9.6875,,,,,,,,,,
acc,1778672631.0,50.0,-0.34375,3.804688,-9.839844,,,,,,,,,,
acc,1778672631.0,50.0,-0.265625,3.726562,-9.761719,,,,,,,,,,
acc,1778672631.0,50.0,-0.226562,3.574219,-9.570312,,,,,,,,,,
acc,1778672631.0,50.0,-0.152344,3.691406,-9.796875,,,,,,,,,,
acc,1778672631.0,50.0,-0.226562,3.726562,-9.53125,,,,,,,,,,
acc,1778672631.0,50.0,-0.304688,3.765625,-9.730469,,,,,,,,,,
acc,1778672631.0,50.0,-0.304688,3.882812,-9.761719,,,,,,,,,,
acc,1778672631.0,50.0,-0.226562,3.613281,-9.609375,,,,,,,,,,
acc,1778672631.0,50.0,-0.074219,3.765625,-9.800781,,,,,,,,,,
acc,1778672631.0,50.0,-0.035156,3.460938,-9.574219,,,,,,,,,,
acc,1778672631.0,50.0,-0.074219,3.269531,-9.457031,,,,,,,,,,
acc,1778672631.0,50.0,0.0,3.269531,-9.414062,,,,,,,,,,
acc,1778672631.0,50.0,0.039062,3.269531,-9.691406,,,,,,,,,,
acc,1778672631.0,50.0,-0.152344,3.804688,-9.226562,,,,,,,,,,
acc,1778672631.0,50.0,-0.304688,4.148438,-9.875,,,,,,,,,,
acc,1778672631.0,50.0,-0.34375,4.378906,-9.648438,,,,,,,,,,
acc,1778672631.0,50.0,-0.496094,4.496094,-9.53125,,,,,,,,,,
acc,1778672631.0,50.0,-0.457031,4.496094,-9.835938,,,,,,,,,,
acc,1778672631.0,50.0,-0.304688,4.417969,-9.613281,,,,,,,,,,
acc,1778672631.0,50.0,-0.382812,4.265625,-9.726562,,,,,,,,,,
acc,1778672631.0,50.0,-0.265625,3.996094,-9.6875,,,,,,,,,,
acc,1778672631.0,50.0,-0.191406,3.804688,-9.648438,,,,,,,,,,
acc,1778672631.0,50.0,-0.152344,3.84375,-9.800781,,,,,,,,,,
acc,1778672631.0,50.0,-0.074219,3.5,-9.417969,,,,,,,,,,
acc,1778672631.0,50.0,-0.113281,3.652344,-9.648438,,,,,,,,,,
acc,1778672631.0,50.0,-0.304688,3.613281,-9.535156,,,,,,,,,,
acc,1778672631.0,50.0,-0.457031,3.996094,-9.53125,,,,,,,,,,
acc,1778672631.0,50.0,-0.417969,4.035156,-9.914062,,,,,,,,,,
acc,1778672631.0,50.0,-0.496094,3.84375,-9.53125,,,,,,,,,,
acc,1778672631.0,50.0,-0.304688,4.035156,-9.917969,,,,,,,,,,
acc,1778672631.0,50.0,-0.382812,3.882812,-9.691406,,,,,,,,,,
acc,1778672631.0,50.0,-0.34375,3.921875,-9.6875,,,,,,,,,,
acc,1778672631.0,50.0,-0.265625,3.804688,-9.835938,,,,,,,,,,
acc,1778672631.0,50.0,-0.265625,3.882812,-9.652344,,,,,,,,,,
acc,1778672631.0,50.0,-0.34375,3.804688,-9.917969,,,,,,,,,,
acc,1778672631.0,50.0,-0.152344,3.84375,-9.492188,,,,,,,,,,
acc,1778672631.0,50.0,-0.074219,4.035156,-9.726562,,,,,,,,,,
acc,1778672631.0,50.0,-0.035156,3.691406,-9.652344,,,,,,,,,,
acc,1778672631.0,50.0,-0.074219,4.113281,-9.613281,,,,,,,,,,
acc,1778672631.0,50.0,-0.152344,3.882812,-10.03125,,,,,,,,,,
acc,1778672631.0,50.0,-0.113281,3.382812,-9.609375,,,,,,,,,,
acc,1778672631.0,50.0,-0.113281,3.882812,-9.800781,,,,,,,,,,
acc,1778672631.0,50.0,-0.113281,3.269531,-9.800781,,,,,,,,,,
acc,1778672631.0,50.0,-0.035156,3.382812,-9.800781,,,,,,,,,,
acc,1778672631.0,50.0,-0.113281,3.613281,-9.730469,,,,,,,,,,
acc,1778672631.0,50.0,-0.226562,3.613281,-10.183594,,,,,,,,,,
acc,1778672631.0,50.0,-0.457031,3.921875,-9.652344,,,,,,,,,,
acc,1778672631.0,50.0,-0.382812,3.957031,-9.800781,,,,,,,,,,
acc,1778672631.0,50.0,-0.226562,4.113281,-9.574219,,,,,,,,,,
acc,1778672631.0,50.0,-0.34375,3.804688,-9.6875,,,,,,,,,,
acc,1778672631.0,50.0,-0.226562,3.84375,-9.609375,,,,,,,,,,
acc,1778672631.0,50.0,-0.113281,3.921875,-9.652344,,,,,,,,,,
acc,1778672631.0,50.0,-0.152344,3.535156,-9.574219,,,,,,,,,,
acc,1778672631.0,50.0,-0.152344,4.074219,-9.6875,,,,,,,,,,
acc,1778672631.0,50.0,-0.191406,4.035156,-9.996094,,,,,,,,,,
acc,1778672631.0,50.0,-0.074219,3.5,-9.917969,,,,,,,,,,
acc,1778672631.0,50.0,-0.113281,3.652344,-10.03125,,,,,,,,,,
acc,1778672631.0,50.0,-0.152344,3.535156,-10.148438,,,,,,,,,,
acc,1778672631.0,50.0,-0.113281,3.5,-9.800781,,,,,,,,,,
acc,1778672631.0,50.0,0.078125,3.5,-9.992188,,,,,,,,,,
acc,1778672631.0,50.0,0.191406,3.535156,-9.496094,,,,,,,,,,
acc,1778672631.0,50.0,0.117188,3.882812,-9.835938,,,,,,,,,,
acc,1778672631.0,50.0,0.078125,3.765625,-9.726562,,,,,,,,,,
acc,1778672631.0,50.0,0.039062,3.882812,-9.648438,,,,,,,,,,
acc,1778672631.0,50.0,0.078125,3.652344,-10.03125,,,,,,,,,,
acc,1778672631.0,50.0,0.039062,3.804688,-9.535156,,,,,,,,,,
acc,1778672631.0,50.0,0.0,4.113281,-9.992188,,,,,,,,,,
acc,1778672631.0,50.0,0.0,3.804688,-9.839844,,,,,,,,,,
acc,1778672631.0,50.0,0.039062,3.957031,-9.800781,,,,,,,,,,
acc,1778672631.0,50.0,-0.074219,3.996094,-10.179688,,,,,,,,,,
acc,1778672631.0,50.0,-0.152344,3.574219,-9.6875,,,,,,,,,,
acc,1778672631.0,50.0,-0.152344,3.882812,-10.300781,,,,,,,,,,
acc,1778672631.0,50.0,-0.152344,3.921875,-10.070312,,,,,,,,,,
acc,1778672631.0,50.0,-0.113281,3.535156,-9.875,,,,,,,,,,
acc,1778672631.0,50.0,-0.226562,3.691406,-9.796875,,,,,,,,,,
acc,1778672631.0,50.0,-0.34375,3.574219,-9.917969,,,,,,,,,,
acc,1778672631.0,50.0,-0.535156,3.574219,-9.957031,,,,,,,,,,
acc,1778672631.0,50.0,-0.457031,3.765625,-9.957031,,,,,,,,,,
acc,1778672631.0,50.0,-0.496094,3.882812,-9.835938,,,,,,,,,,
acc,1778672631.0,50.0,-0.648438,3.804688,-10.074219,,,,,,,,,,
acc,1778672631.0,50.0,-0.496094,3.957031,-9.730469,,,,,,,,,,
acc,1778672631.0,50.0,-0.417969,3.957031,-9.757812,,,,,,,,,,
acc,1778672631.0,50.0,-0.457031,4.074219,-10.035156,,,,,,,,,,
acc,1778672631.0,50.0,-0.574219,4.226562,-9.457031,,,,,,,,,,
acc,1778672631.0,50.0,-0.535156,3.804688,-9.957031,,,,,,,,,,
acc,1778672631.0,50.0,-0.382812,3.652344,-9.691406,,,,,,,,,,
acc,1778672631.0,50.0,-0.613281,3.574219,-9.496094,,,,,,,,,,
acc,1778672631.0,50.0,-0.648438,3.460938,-10.070312,,,,,,,,,,
acc,1778672631.0,50.0,-0.613281,3.84375,-9.53125,,,,,,,,,,
acc,1778672631.0,50.0,-0.765625,3.804688,-9.953125,,,,,,,,,,
acc,1778672631.0,50.0,-0.6875,4.226562,-9.953125,,,,,,,,,,
acc,1778672631.0,50.0,-0.6875,4.226562,-9.800781,,,,,,,,,,
acc,1778672631.0,50.0,-0.726562,3.652344,-9.800781,,,,,,,,,,
acc,1778672631.0,50.0,-0.613281,3.804688,-9.917969,,,,,,,,,,
acc,1778672631.0,50.0,-0.648438,3.882812,-10.035156,,,,,,,,,,
acc,1778672631.0,50.0,-0.6875,3.726562,-9.757812,,,,,,,,,,
acc,1778672631.0,50.0,-0.535156,3.691406,-10.152344,,,,,,,,,,
acc,1778672631.0,50.0,-0.496094,3.652344,-9.914062,,,,,,,,,,
acc,1778672631.0,50.0,-0.535156,3.421875,-9.957031,,,,,,,,,,
acc,1778672631.0,50.0,-0.574219,3.765625,-10.148438,,,,,,,,,,
acc,1778672631.0,50.0,-0.417969,3.652344,-9.953125,,,,,,,,,,
acc,1778672631.0,50.0,-0.304688,3.652344,-10.070312,,,,,,,,,,
acc,1778672631.0,50.0,-0.382812,3.765625,-9.726562,,,,,,,,,,
acc,1778672631.0,50.0,-0.417969,4.035156,-10.03125,,,,,,,,,,
acc,1778672631.0,50.0,-0.34375,3.996094,-9.730469,,,,,,,,,,
acc,1778672632.0,51.0,-0.265625,3.726562,-10.179688,,,,,,,,,,
acc,1778672632.0,51.0,-0.304688,3.691406,-9.835938,,,,,,,,,,
acc,1778672632.0,51.0,-0.382812,3.574219,-9.917969,,,,,,,,,,
acc,1778672632.0,51.0,-0.265625,3.535156,-10.222656,,,,,,,,,,
acc,1778672632.0,51.0,-0.191406,3.691406,-9.800781,,,,,,,,,,
acc,1778672632.0,51.0,-0.226562,3.652344,-9.800781,,,,,,,,,,
acc,1778672632.0,51.0,-0.226562,3.882812,-9.992188,,,,,,,,,,
acc,1778672632.0,51.0,-0.226562,4.074219,-9.457031,,,,,,,,,,
acc,1778672632.0,51.0,-0.113281,4.035156,-9.730469,,,,,,,,,,
acc,1778672632.0,51.0,0.0,4.304688,-9.652344,,,,,,,,,,
acc,1778672632.0,51.0,0.0,4.265625,-9.652344,,,,,,,,,,
acc,1778672632.0,51.0,0.039062,4.226562,-9.875,,,,,,,,,,
acc,1778672632.0,51.0,0.039062,4.226562,-9.492188,,,,,,,,,,
acc,1778672632.0,51.0,0.117188,3.921875,-9.796875,,,,,,,,,,
acc,1778672632.0,51.0,0.039062,3.804688,-9.308594,,,,,,,,,,
acc,1778672632.0,51.0,0.191406,3.804688,-9.757812,,,,,,,,,,
acc,1778672632.0,51.0,0.191406,3.613281,-9.226562,,,,,,,,,,
acc,1778672632.0,51.0,0.269531,4.035156,-9.53125,,,,,,,,,,
acc,1778672632.0,51.0,0.347656,3.921875,-9.453125,,,,,,,,,,
acc,1778672632.0,51.0,0.308594,3.996094,-9.375,,,,,,,,,,
acc,1778672632.0,51.0,0.230469,3.996094,-9.496094,,,,,,,,,,
acc,1778672632.0,51.0,0.347656,3.726562,-9.796875,,,,,,,,,,
acc,1778672632.0,51.0,0.347656,3.921875,-9.265625,,,,,,,,,,
acc,1778672632.0,51.0,0.347656,3.921875,-9.757812,,,,,,,,,,
acc,1778672632.0,51.0,0.5,3.882812,-9.609375,,,,,,,,,,
acc,1778672632.0,51.0,0.347656,3.84375,-9.417969,,,,,,,,,,
acc,1778672632.0,51.0,0.15625,3.882812,-9.757812,,,,,,,,,,
acc,1778672632.0,51.0,0.0,3.804688,-9.496094,,,,,,,,,,
acc,1778672632.0,51.0,0.078125,3.535156,-10.109375,,,,,,,,,,
acc,1778672632.0,51.0,0.117188,3.421875,-9.34375,,,,,,,,,,
acc,1778672632.0,51.0,0.039062,3.5,-9.914062,,,,,,,,,,
acc,1778672632.0,51.0,-0.035156,3.804688,-9.957031,,,,,,,,,,
acc,1778672632.0,51.0,-0.035156,3.652344,-9.609375,,,,,,,,,,
acc,1778672632.0,51.0,-0.035156,3.535156,-10.03125,,,,,,,,,,
acc,1778672632.0,51.0,-0.035156,4.074219,-9.652344,,,,,,,,,,
acc,1778672632.0,51.0,0.078125,3.652344,-10.109375,,,,,,,,,,
acc,1778672632.0,51.0,0.15625,3.882812,-9.691406,,,,,,,,,,
acc,1778672632.0,51.0,0.0,4.1875,-10.109375,,,,,,,,,,
acc,1778672632.0,51.0,-0.113281,3.804688,-9.761719,,,,,,,,,,
acc,1778672632.0,51.0,-0.035156,3.84375,-9.800781,,,,,,,,,,
acc,1778672632.0,51.0,-0.113281,3.882812,-9.691406,,,,,,,,,,
acc,1778672632.0,51.0,-0.074219,3.882812,-9.839844,,,,,,,,,,
acc,1778672632.0,51.0,0.0,3.996094,-9.648438,,,,,,,,,,
acc,1778672632.0,51.0,-0.152344,4.265625,-9.613281,,,,,,,,,,
acc,1778672632.0,51.0,-0.191406,4.113281,-9.917969,,,,,,,,,,
acc,1778672632.0,51.0,0.0,3.765625,-9.613281,,,,,,,,,,
acc,1778672632.0,51.0,0.039062,3.921875,-9.796875,,,,,,,,,,
acc,1778672632.0,51.0,-0.074219,4.074219,-9.730469,,,,,,,,,,
acc,1778672632.0,51.0,0.039062,3.765625,-9.917969,,,,,,,,,,
acc,1778672632.0,51.0,0.191406,4.035156,-9.378906,,,,,,,,,,
acc,1778672632.0,51.0,0.15625,3.726562,-9.992188,,,,,,,,,,
acc,1778672632.0,51.0,0.269531,3.765625,-9.726562,,,,,,,,,,
acc,1778672632.0,51.0,0.039062,4.148438,-9.570312,,,,,,,,,,
acc,1778672632.0,51.0,0.078125,3.652344,-10.074219,,,,,,,,,,
acc,1778672632.0,51.0,0.078125,3.765625,-9.652344,,,,,,,,,,
acc,1778672632.0,51.0,0.078125,3.765625,-9.796875,,,,,,,,,,
acc,1778672632.0,51.0,0.230469,3.804688,-10.03125,,,,,,,,,,
acc,1778672632.0,51.0,0.347656,3.882812,-9.796875,,,,,,,,,,
acc,1778672632.0,51.0,0.308594,3.691406,-9.996094,,,,,,,,,,
acc,1778672632.0,51.0,0.421875,3.652344,-9.839844,,,,,,,,,,
acc,1778672632.0,51.0,0.421875,3.460938,-10.035156,,,,,,,,,,
acc,1778672632.0,51.0,0.460938,3.117188,-10.257812,,,,,,,,,,
acc,1778672632.0,51.0,0.691406,3.117188,-9.957031,,,,,,,,,,
acc,1778672632.0,51.0,0.769531,3.613281,-10.109375,,,,,,,,,,
acc,1778672632.0,51.0,0.613281,3.84375,-9.835938,,,,,,,,,,
acc,1778672632.0,51.0,0.5,4.226562,-9.800781,,,,,,,,,,
acc,1778672632.0,51.0,0.539062,4.339844,-10.03125,,,,,,,,,,
acc,1778672632.0,51.0,0.421875,3.765625,-9.835938,,,,,,,,,,
acc,1778672632.0,51.0,0.5,3.691406,-9.957031,,,,,,,,,,
acc,1778672632.0,51.0,0.613281,3.652344,-9.992188,,,,,,,,,,
acc,1778672632.0,51.0,0.691406,4.074219,-9.609375,,,,,,,,,,
acc,1778672632.0,51.0,0.730469,3.921875,-10.109375,,,,,,,,,,
acc,1778672632.0,51.0,0.730469,3.84375,-9.378906,,,,,,,,,,
acc,1778672632.0,51.0,0.804688,3.957031,-10.035156,,,,,,,,,,
acc,1778672632.0,51.0,0.921875,3.84375,-9.570312,,,,,,,,,,
acc,1778672632.0,51.0,0.960938,3.574219,-9.570312,,,,,,,,,,
acc,1778672632.0,51.0,0.84375,3.34375,-9.914062,,,,,,,,,,
acc,1778672632.0,51.0,0.921875,3.269531,-9.613281,,,,,,,,,,
acc,1778672632.0,51.0,0.84375,3.421875,-9.570312,,,,,,,,,,
acc,1778672632.0,51.0,0.769531,3.5,-9.730469,,,,,,,,,,
acc,1778672632.0,51.0,0.921875,3.191406,-9.730469,,,,,,,,,,
acc,1778672632.0,51.0,0.960938,2.925781,-9.800781,,,,,,,,,,
acc,1778672632.0,51.0,1.035156,3.230469,-9.535156,,,,,,,,,,
acc,1778672632.0,51.0,0.996094,3.460938,-9.800781,,,,,,,,,,
acc,1778672632.0,51.0,0.960938,3.308594,-9.800781,,,,,,,,,,
acc,1778672632.0,51.0,0.996094,3.726562,-9.691406,,,,,,,,,,
acc,1778672632.0,51.0,0.921875,3.691406,-9.800781,,,,,,,,,,
acc,1778672632.0,51.0,0.84375,3.191406,-9.535156,,,,,,,,,,
acc,1778672632.0,51.0,0.804688,3.34375,-9.652344,,,,,,,,,,
acc,1778672632.0,51.0,0.921875,3.269531,-9.761719,,,,,,,,,,
acc,1778672632.0,51.0,1.035156,3.039062,-9.574219,,,,,,,,,,
acc,1778672632.0,51.0,0.804688,3.230469,-9.757812,,,,,,,,,,
acc,1778672632.0,51.0,0.691406,3.269531,-9.761719,,,,,,,,,,
acc,1778672632.0,51.0,0.652344,3.613281,-9.835938,,,,,,,,,,
acc,1778672632.0,51.0,0.730469,3.039062,-9.996094,,,,,,,,,,
acc,1778672632.0,51.0,0.539062,3.230469,-9.957031,,,,,,,,,,
acc,1778672632.0,51.0,0.460938,3.460938,-10.414062,,,,,,,,,,
acc,1778672632.0,51.0,0.347656,3.308594,-10.113281,,,,,,,,,,
acc,1778672632.0,51.0,0.269531,3.652344,-10.257812,,,,,,,,,,
acc,1778672632.0,51.0,0.382812,3.804688,-10.113281,,,,,,,,,,
acc,1778672632.0,51.0,0.460938,3.460938,-9.414062,,,,,,,,,,
acc,1778672632.0,51.0,0.769531,3.765625,-9.917969,,,,,,,,,,
acc,1778672632.0,51.0,0.652344,3.308594,-9.375,,,,,,,,,,
acc,1778672632.0,51.0,0.539062,3.765625,-9.652344,,,,,,,,,,
acc,1778672632.0,51.0,0.308594,4.304688,-9.761719,,,,,,,,,,
acc,1778672632.0,51.0,0.382812,4.1875,-9.835938,,,,,,,,,,
acc,1778672632.0,51.0,0.574219,4.1875,-9.6875,,,,,,,,,,
acc,1778672632.0,51.0,0.730469,3.996094,-9.761719,,,,,,,,,,
acc,1778672632.0,51.0,0.804688,3.691406,-9.453125,,,,,,,,,,
acc,1778672632.0,51.0,0.84375,3.34375,-9.609375,,,,,,,,,,
acc,1778672632.0,51.0,0.84375,3.039062,-9.835938,,,,,,,,,,
acc,1778672632.0,51.0,0.921875,2.808594,-9.535156,,,,,,,,,,
acc,1778672632.0,51.0,0.84375,2.617188,-10.109375,,,,,,,,,,
acc,1778672632.0,51.0,0.804688,2.578125,-9.6875,,,,,,,,,,
acc,1778672632.0,51.0,0.804688,3.0,-9.917969,,,,,,,,,,
acc,1778672632.0,51.0,0.769531,3.269531,-9.609375,,,,,,,,,,
acc,1778672632.0,51.0,0.730469,3.535156,-9.613281,,,,,,,,,,
acc,1778672632.0,51.0,0.769531,3.996094,-9.992188,,,,,,,,,,
acc,1778672632.0,51.0,0.84375,3.765625,-9.726562,,,,,,,,,,
acc,1778672632.0,51.0,0.84375,3.726562,-9.914062,,,,,,,,,,
acc,1778672632.0,51.0,0.882812,4.035156,-10.21875,,,,,,,,,,
acc,1778672632.0,51.0,0.996094,3.691406,-9.570312,,,,,,,,,,
acc,1778672632.0,51.0,1.1875,3.726562,-9.914062,,,,,,,,,,
acc,1778672632.0,51.0,1.265625,3.382812,-9.613281,,,,,,,,,,
acc,1778672632.0,51.0,1.378906,3.269531,-9.574219,,,,,,,,,,
acc,1778672632.0,51.0,1.417969,2.960938,-9.757812,,,,,,,,,,
acc,1778672632.0,51.0,1.417969,3.230469,-9.726562,,,,,,,,,,
acc,1778672632.0,51.0,1.457031,3.691406,-9.957031,,,,,,,,,,
acc,1778672633.0,52.0,1.304688,3.421875,-9.800781,,,,,,,,,,
acc,1778672633.0,52.0,1.265625,3.691406,-9.757812,,,,,,,,,,
acc,1778672633.0,52.0,1.226562,4.113281,-9.453125,,,,,,,,,,
acc,1778672633.0,52.0,1.265625,4.074219,-9.757812,,,,,,,,,,
acc,1778672633.0,52.0,1.265625,3.921875,-9.414062,,,,,,,,,,
acc,1778672633.0,52.0,1.417969,3.84375,-9.574219,,,,,,,,,,
acc,1778672633.0,52.0,1.417969,3.726562,-9.492188,,,,,,,,,,
acc,1778672633.0,52.0,1.378906,3.34375,-9.230469,,,,,,,,,,
acc,1778672633.0,52.0,1.535156,3.152344,-9.953125,,,,,,,,,,
acc,1778672633.0,52.0,1.570312,3.152344,-8.992188,,,,,,,,,,
acc,1778672633.0,52.0,1.535156,3.5,-9.757812,,,,,,,,,,
acc,1778672633.0,52.0,1.496094,3.152344,-9.265625,,,,,,,,,,
acc,1778672633.0,52.0,1.496094,3.460938,-9.375,,,,,,,,,,
acc,1778672633.0,52.0,1.457031,3.921875,-9.535156,,,,,,,,,,
acc,1778672633.0,52.0,1.609375,3.691406,-9.191406,,,,,,,,,,
acc,1778672633.0,52.0,1.496094,3.535156,-9.191406,,,,,,,,,,
acc,1778672633.0,52.0,1.496094,3.652344,-9.691406,,,,,,,,,,
acc,1778672633.0,52.0,1.609375,3.269531,-9.113281,,,,,,,,,,
acc,1778672633.0,52.0,1.726562,2.886719,-9.496094,,,,,,,,,,
acc,1778672633.0,52.0,1.765625,2.847656,-9.453125,,,,,,,,,,
acc,1778672633.0,52.0,1.800781,2.65625,-9.570312,,,,,,,,,,
acc,1778672633.0,52.0,1.535156,2.730469,-9.308594,,,,,,,,,,
acc,1778672633.0,52.0,1.570312,2.769531,-10.109375,,,,,,,,,,
acc,1778672633.0,52.0,1.535156,2.539062,-9.230469,,,,,,,,,,
acc,1778672633.0,52.0,1.570312,2.695312,-9.535156,,,,,,,,,,
acc,1778672633.0,52.0,1.648438,3.152344,-9.796875,,,,,,,,,,
acc,1778672633.0,52.0,1.648438,3.269531,-8.882812,,,,,,,,,,
acc,1778672633.0,52.0,1.648438,3.382812,-9.726562,,,,,,,,,,
acc,1778672633.0,52.0,1.535156,3.421875,-9.496094,,,,,,,,,,
acc,1778672633.0,52.0,1.496094,3.308594,-9.375,,,,,,,,,,
acc,1778672633.0,52.0,1.417969,3.308594,-9.914062,,,,,,,,,,
acc,1778672633.0,52.0,1.34375,3.191406,-9.34375,,,,,,,,,,
acc,1778672633.0,52.0,1.496094,3.613281,-9.992188,,,,,,,,,,
acc,1778672633.0,52.0,1.570312,3.460938,-9.875,,,,,,,,,,
acc,1778672633.0,52.0,1.570312,3.078125,-9.757812,,,,,,,,,,
acc,1778672633.0,52.0,1.457031,2.886719,-9.839844,,,,,,,,,,
acc,1778672633.0,52.0,1.609375,2.617188,-9.796875,,,,,,,,,,
acc,1778672633.0,52.0,1.726562,2.886719,-9.996094,,,,,,,,,,
acc,1778672633.0,52.0,1.648438,2.960938,-9.917969,,,,,,,,,,
acc,1778672633.0,52.0,1.648438,2.464844,-10.109375,,,,,,,,,,
acc,1778672633.0,52.0,1.800781,2.65625,-9.957031,,,,,,,,,,
acc,1778672633.0,52.0,1.917969,2.617188,-9.609375,,,,,,,,,,
acc,1778672633.0,52.0,1.878906,2.960938,-9.648438,,,,,,,,,,
acc,1778672633.0,52.0,1.839844,3.269531,-9.800781,,,,,,,,,,
acc,1778672633.0,52.0,1.800781,2.925781,-9.6875,,,,,,,,,,
acc,1778672633.0,52.0,2.03125,2.695312,-9.648438,,,,,,,,,,
acc,1778672633.0,52.0,2.03125,2.617188,-9.878906,,,,,,,,,,
acc,1778672633.0,52.0,1.957031,2.3125,-9.652344,,,,,,,,,,
acc,1778672633.0,52.0,1.878906,2.503906,-9.996094,,,,,,,,,,
acc,1778672633.0,52.0,2.070312,2.730469,-10.152344,,,,,,,,,,
acc,1778672633.0,52.0,2.070312,2.695312,-9.761719,,,,,,,,,,
acc,1778672633.0,52.0,1.992188,2.730469,-10.148438,,,,,,,,,,
acc,1778672633.0,52.0,1.957031,2.617188,-9.730469,,,,,,,,,,
acc,1778672633.0,52.0,2.03125,2.617188,-9.957031,,,,,,,,,,
acc,1778672633.0,52.0,1.917969,2.195312,-9.796875,,,,,,,,,,
acc,1778672633.0,52.0,1.839844,2.503906,-9.796875,,,,,,,,,,
acc,1778672633.0,52.0,1.609375,2.886719,-10.074219,,,,,,,,,,
acc,1778672633.0,52.0,1.609375,3.078125,-9.761719,,,,,,,,,,
acc,1778672633.0,52.0,1.800781,3.191406,-9.953125,,,,,,,,,,
acc,1778672633.0,52.0,1.839844,2.886719,-9.996094,,,,,,,,,,
acc,1778672633.0,52.0,1.648438,2.695312,-10.074219,,,,,,,,,,
acc,1778672633.0,52.0,1.570312,2.730469,-10.179688,,,,,,,,,,
acc,1778672633.0,52.0,1.609375,2.730469,-10.074219,,,,,,,,,,
acc,1778672633.0,52.0,1.726562,2.578125,-9.691406,,,,,,,,,,
acc,1778672633.0,52.0,1.839844,2.847656,-10.035156,,,,,,,,,,
acc,1778672633.0,52.0,1.839844,3.117188,-9.691406,,,,,,,,,,
acc,1778672633.0,52.0,1.6875,2.847656,-9.652344,,,,,,,,,,
acc,1778672633.0,52.0,1.535156,2.539062,-9.992188,,,,,,,,,,
acc,1778672633.0,52.0,1.6875,2.386719,-9.957031,,,,,,,,,,
acc,1778672633.0,52.0,1.535156,3.039062,-9.953125,,,,,,,,,,
acc,1778672633.0,52.0,1.457031,3.5,-9.691406,,,,,,,,,,
acc,1778672633.0,52.0,1.6875,3.460938,-9.992188,,,,,,,,,,
acc,1778672633.0,52.0,1.570312,3.460938,-9.414062,,,,,,,,,,
acc,1778672633.0,52.0,1.457031,3.230469,-9.917969,,,,,,,,,,
acc,1778672633.0,52.0,1.496094,3.152344,-9.953125,,,,,,,,,,
acc,1778672633.0,52.0,1.570312,2.960938,-9.609375,,,,,,,,,,
acc,1778672633.0,52.0,1.609375,2.65625,-10.113281,,,,,,,,,,
acc,1778672633.0,52.0,1.6875,2.808594,-9.800781,,,,,,,,,,
acc,1778672633.0,52.0,1.570312,3.117188,-10.109375,,,,,,,,,,
acc,1778672633.0,52.0,1.457031,2.960938,-9.875,,,,,,,,,,
acc,1778672633.0,52.0,1.609375,2.808594,-9.839844,,,,,,,,,,
acc,1778672633.0,52.0,1.570312,2.925781,-10.074219,,,,,,,,,,
acc,1778672633.0,52.0,1.570312,3.117188,-9.835938,,,,,,,,,,
acc,1778672633.0,52.0,1.496094,3.0,-9.730469,,,,,,,,,,
acc,1778672633.0,52.0,1.457031,2.925781,-9.953125,,,,,,,,,,
acc,1778672633.0,52.0,1.648438,3.191406,-9.914062,,,,,,,,,,
acc,1778672633.0,52.0,1.648438,3.152344,-9.878906,,,,,,,,,,
acc,1778672633.0,52.0,1.726562,2.695312,-9.996094,,,,,,,,,,
acc,1778672633.0,52.0,1.765625,2.425781,-9.839844,,,,,,,,,,
acc,1778672633.0,52.0,1.6875,2.425781,-10.03125,,,,,,,,,,
acc,1778672633.0,52.0,1.570312,2.503906,-10.035156,,,,,,,,,,
acc,1778672633.0,52.0,1.648438,2.769531,-10.035156,,,,,,,,,,
acc,1778672633.0,52.0,1.6875,2.808594,-10.148438,,,,,,,,,,
acc,1778672633.0,52.0,1.6875,2.730469,-9.957031,,,,,,,,,,
acc,1778672633.0,52.0,1.765625,2.808594,-9.996094,,,,,,,,,,
acc,1778672633.0,52.0,1.878906,2.847656,-9.957031,,,,,,,,,,
acc,1778672633.0,52.0,1.917969,2.847656,-9.726562,,,,,,,,,,
acc,1778672633.0,52.0,1.878906,2.769531,-9.992188,,,,,,,,,,
acc,1778672633.0,52.0,1.992188,3.0,-9.839844,,,,,,,,,,
acc,1778672633.0,52.0,2.070312,3.191406,-9.652344,,,,,,,,,,
acc,1778672633.0,52.0,2.109375,3.039062,-9.917969,,,,,,,,,,
acc,1778672633.0,52.0,2.183594,2.925781,-9.6875,,,,,,,,,,
acc,1778672633.0,52.0,2.222656,2.695312,-9.878906,,,,,,,,,,
acc,1778672633.0,52.0,2.070312,2.578125,-9.730469,,,,,,,,,,
acc,1778672633.0,52.0,2.03125,2.503906,-9.574219,,,,,,,,,,
acc,1778672633.0,52.0,2.148438,2.273438,-9.957031,,,,,,,,,,
acc,1778672633.0,52.0,2.261719,2.15625,-9.492188,,,,,,,,,,
acc,1778672633.0,52.0,2.148438,2.347656,-9.757812,,,,,,,,,,
acc,1778672633.0,52.0,2.109375,2.425781,-9.839844,,,,,,,,,,
acc,1778672633.0,52.0,2.070312,2.425781,-9.691406,,,,,,,,,,
acc,1778672633.0,52.0,2.03125,1.929688,-9.613281,,,,,,,,,,
acc,1778672633.0,52.0,2.148438,1.964844,-9.757812,,,,,,,,,,
acc,1778672633.0,52.0,2.183594,2.464844,-9.492188,,,,,,,,,,
acc,1778672633.0,52.0,2.261719,2.273438,-9.347656,,,,,,,,,,
acc,1778672633.0,52.0,2.300781,2.464844,-9.375,,,,,,,,,,
acc,1778672633.0,52.0,2.375,2.539062,-9.613281,,,,,,,,,,
acc,1778672633.0,52.0,2.375,2.539062,-9.152344,,,,,,,,,,
acc,1778672633.0,52.0,2.222656,2.617188,-9.757812,,,,,,,,,,
acc,1778672633.0,52.0,2.148438,2.65625,-9.535156,,,,,,,,,,
acc,1778672633.0,52.0,2.375,2.3125,-9.691406,,,,,,,,,,
acc,1778672633.0,52.0,2.492188,2.3125,-9.609375,,,,,,,,,,
acc,1778672633.0,52.0,2.453125,2.3125,-9.609375,,,,,,,,,,
acc,1778672633.0,52.0,2.453125,2.347656,-9.875,,,,,,,,,,
acc,1778672633.0,52.0,2.414062,2.3125,-9.375,,,,,,,,,,
acc,1778672633.0,52.0,2.414062,2.464844,-9.691406,,,,,,,,,,
acc,1778672633.0,52.0,2.375,2.503906,-9.574219,,,,,,,,,,
acc,1778672633.0,52.0,2.300781,3.0,-9.535156,,,,,,,,,,
acc,1778672633.0,52.0,2.339844,2.925781,-9.492188,,,,,,,,,,
acc,1778672634.0,53.0,2.339844,2.425781,-9.414062,,,,,,,,,,
acc,1778672634.0,53.0,2.339844,2.3125,-9.496094,,,,,,,,,,
acc,1778672634.0,53.0,2.261719,2.003906,-9.535156,,,,,,,,,,
acc,1778672634.0,53.0,2.300781,1.8125,-9.609375,,,,,,,,,,
acc,1778672634.0,53.0,2.300781,1.699219,-9.726562,,,,,,,,,,
acc,1778672634.0,53.0,2.375,1.582031,-9.800781,,,,,,,,,,
acc,1778672634.0,53.0,2.261719,1.8125,-9.457031,,,,,,,,,,
acc,1778672634.0,53.0,2.183594,2.082031,-9.691406,,,,,,,,,,
acc,1778672634.0,53.0,2.222656,2.273438,-9.648438,,,,,,,,,,
acc,1778672634.0,53.0,2.300781,2.121094,-9.609375,,,,,,,,,,
acc,1778672634.0,53.0,2.300781,1.8125,-9.835938,,,,,,,,,,
acc,1778672634.0,53.0,2.261719,1.929688,-9.53125,,,,,,,,,,
acc,1778672634.0,53.0,2.222656,2.003906,-9.917969,,,,,,,,,,
acc,1778672634.0,53.0,2.300781,1.964844,-9.730469,,,,,,,,,,
acc,1778672634.0,53.0,2.375,1.8125,-9.757812,,,,,,,,,,
acc,1778672634.0,53.0,2.261719,2.347656,-9.796875,,,,,,,,,,
acc,1778672634.0,53.0,2.375,2.195312,-9.875,,,,,,,,,,
acc,1778672634.0,53.0,2.339844,1.738281,-9.796875,,,,,,,,,,
acc,1778672634.0,53.0,2.339844,1.621094,-9.996094,,,,,,,,,,
acc,1778672634.0,53.0,2.339844,1.851562,-9.6875,,,,,,,,,,
acc,1778672634.0,53.0,2.492188,1.890625,-9.6875,,,,,,,,,,
acc,1778672634.0,53.0,2.644531,1.8125,-9.691406,,,,,,,,,,
acc,1778672634.0,53.0,2.605469,1.929688,-9.757812,,,,,,,,,,
acc,1778672634.0,53.0,2.414062,2.234375,-9.726562,,,,,,,,,,
acc,1778672634.0,53.0,2.261719,2.386719,-9.652344,,,,,,,,,,
acc,1778672634.0,53.0,2.339844,2.347656,-9.839844,,,,,,,,,,
acc,1778672634.0,53.0,2.53125,2.195312,-9.730469,,,,,,,,,,
acc,1778672634.0,53.0,2.605469,1.929688,-9.648438,,,,,,,,,,
acc,1778672634.0,53.0,2.566406,1.851562,-9.761719,,,,,,,,,,
acc,1778672634.0,53.0,2.53125,1.964844,-9.574219,,,,,,,,,,
acc,1778672634.0,53.0,2.414062,1.773438,-9.796875,,,,,,,,,,
acc,1778672634.0,53.0,2.53125,1.851562,-9.875,,,,,,,,,,
acc,1778672634.0,53.0,2.453125,2.386719,-9.730469,,,,,,,,,,
acc,1778672634.0,53.0,2.492188,2.386719,-9.914062,,,,,,,,,,
acc,1778672634.0,53.0,2.644531,2.539062,-9.917969,,,,,,,,,,
acc,1778672634.0,53.0,2.453125,2.578125,-9.6875,,,,,,,,,,
acc,1778672634.0,53.0,2.375,2.425781,-10.035156,,,,,,,,,,
acc,1778672634.0,53.0,2.453125,2.464844,-9.648438,,,,,,,,,,
acc,1778672634.0,53.0,2.492188,2.464844,-9.875,,,,,,,,,,
acc,1778672634.0,53.0,2.492188,2.464844,-9.992188,,,,,,,,,,
acc,1778672634.0,53.0,2.414062,2.234375,-9.726562,,,,,,,,,,
acc,1778672634.0,53.0,2.222656,2.121094,-10.222656,,,,,,,,,,
acc,1778672634.0,53.0,2.222656,1.890625,-9.953125,,,,,,,,,,
acc,1778672634.0,53.0,2.375,1.621094,-9.875,,,,,,,,,,
acc,1778672634.0,53.0,2.375,1.621094,-9.992188,,,,,,,,,,
acc,1778672634.0,53.0,2.453125,1.8125,-9.453125,,,,,,,,,,
acc,1778672634.0,53.0,2.566406,1.964844,-10.179688,,,,,,,,,,
acc,1778672634.0,53.0,2.492188,1.964844,-9.347656,,,,,,,,,,
acc,1778672634.0,53.0,2.453125,1.890625,-9.726562,,,,,,,,,,
acc,1778672634.0,53.0,2.375,1.699219,-9.957031,,,,,,,,,,
acc,1778672634.0,53.0,2.53125,1.773438,-9.226562,,,,,,,,,,
acc,1778672634.0,53.0,2.605469,1.738281,-10.035156,,,,,,,,,,
acc,1778672634.0,53.0,2.53125,1.582031,-9.609375,,,,,,,,,,
acc,1778672634.0,53.0,2.453125,1.542969,-9.835938,,,,,,,,,,
acc,1778672634.0,53.0,2.492188,1.621094,-9.953125,,,,,,,,,,
acc,1778672634.0,53.0,2.605469,1.542969,-9.613281,,,,,,,,,,
acc,1778672634.0,53.0,2.566406,1.582031,-9.839844,,,,,,,,,,
acc,1778672634.0,53.0,2.375,1.660156,-9.492188,,,,,,,,,,
acc,1778672634.0,53.0,2.566406,1.542969,-9.957031,,,,,,,,,,
acc,1778672634.0,53.0,2.722656,1.542969,-9.613281,,,,,,,,,,
acc,1778672634.0,53.0,2.644531,1.542969,-9.757812,,,,,,,,,,
acc,1778672634.0,53.0,2.605469,1.699219,-9.953125,,,,,,,,,,
acc,1778672634.0,53.0,2.566406,1.738281,-9.613281,,,,,,,,,,
acc,1778672634.0,53.0,2.566406,1.851562,-9.839844,,,,,,,,,,
acc,1778672634.0,53.0,2.683594,1.890625,-9.957031,,,,,,,,,,
acc,1778672634.0,53.0,2.757812,1.660156,-9.757812,,,,,,,,,,
acc,1778672634.0,53.0,2.683594,1.738281,-9.648438,,,,,,,,,,
acc,1778672634.0,53.0,2.644531,1.8125,-9.953125,,,,,,,,,,
acc,1778672634.0,53.0,2.683594,1.851562,-9.730469,,,,,,,,,,
acc,1778672634.0,53.0,2.722656,1.542969,-9.652344,,,,,,,,,,
acc,1778672634.0,53.0,2.757812,1.542969,-9.953125,,,,,,,,,,
acc,1778672634.0,53.0,2.757812,1.542969,-9.492188,,,,,,,,,,
acc,1778672634.0,53.0,2.835938,1.660156,-9.835938,,,,,,,,,,
acc,1778672634.0,53.0,2.757812,1.507812,-9.730469,,,,,,,,,,
acc,1778672634.0,53.0,2.683594,1.429688,-9.839844,,,,,,,,,,
acc,1778672634.0,53.0,2.644531,1.582031,-9.757812,,,,,,,,,,
acc,1778672634.0,53.0,2.796875,1.507812,-9.917969,,,,,,,,,,
acc,1778672634.0,53.0,2.835938,1.46875,-9.609375,,,,,,,,,,
acc,1778672634.0,53.0,2.796875,1.429688,-9.691406,,,,,,,,,,
acc,1778672634.0,53.0,2.757812,1.542969,-9.953125,,,,,,,,,,
acc,1778672634.0,53.0,2.757812,1.621094,-9.492188,,,,,,,,,,
acc,1778672634.0,53.0,2.722656,1.582031,-9.839844,,,,,,,,,,
acc,1778672634.0,53.0,2.757812,1.699219,-9.839844,,,,,,,,,,
acc,1778672634.0,53.0,2.683594,1.582031,-9.691406,,,,,,,,,,
acc,1778672634.0,53.0,2.683594,1.582031,-9.914062,,,,,,,,,,
acc,1778672634.0,53.0,2.722656,2.003906,-9.6875,,,,,,,,,,
acc,1778672634.0,53.0,2.722656,1.890625,-9.875,,,,,,,,,,
acc,1778672634.0,53.0,2.796875,1.738281,-9.761719,,,,,,,,,,
acc,1778672634.0,53.0,2.835938,1.699219,-9.726562,,,,,,,,,,
acc,1778672634.0,53.0,2.875,1.660156,-9.800781,,,,,,,,,,
acc,1778672634.0,53.0,2.835938,1.660156,-9.757812,,,,,,,,,,
acc,1778672634.0,53.0,2.953125,1.507812,-9.835938,,,,,,,,,,
acc,1778672634.0,53.0,2.796875,1.429688,-9.648438,,,,,,,,,,
acc,1778672634.0,53.0,2.914062,1.429688,-9.796875,,,,,,,,,,
acc,1778672634.0,53.0,3.027344,1.351562,-9.730469,,,,,,,,,,
acc,1778672634.0,53.0,2.988281,1.316406,-9.457031,,,,,,,,,,
acc,1778672634.0,53.0,2.953125,1.316406,-9.878906,,,,,,,,,,
acc,1778672634.0,53.0,3.066406,1.316406,-9.648438,,,,,,,,,,
acc,1778672634.0,53.0,3.105469,1.351562,-9.378906,,,,,,,,,,
acc,1778672634.0,53.0,3.105469,1.351562,-9.957031,,,,,,,,,,
acc,1778672634.0,53.0,3.066406,1.316406,-9.492188,,,,,,,,,,
acc,1778672634.0,53.0,2.953125,1.351562,-9.730469,,,,,,,,,,
acc,1778672634.0,53.0,2.953125,1.429688,-9.796875,,,,,,,,,,
acc,1778672634.0,53.0,3.066406,1.199219,-9.414062,,,,,,,,,,
acc,1778672634.0,53.0,3.066406,1.316406,-9.835938,,,,,,,,,,
acc,1778672634.0,53.0,3.105469,1.429688,-9.574219,,,,,,,,,,
acc,1778672634.0,53.0,3.144531,1.199219,-9.726562,,,,,,,,,,
acc,1778672634.0,53.0,3.066406,1.199219,-9.691406,,,,,,,,,,
acc,1778672634.0,53.0,2.953125,1.351562,-9.574219,,,,,,,,,,
acc,1778672634.0,53.0,3.066406,1.316406,-9.914062,,,,,,,,,,
acc,1778672634.0,53.0,3.066406,1.390625,-9.53125,,,,,,,,,,
acc,1778672634.0,53.0,3.144531,1.316406,-9.613281,,,,,,,,,,
acc,1778672634.0,53.0,3.144531,1.316406,-9.796875,,,,,,,,,,
acc,1778672634.0,53.0,2.988281,1.429688,-9.613281,,,,,,,,,,
acc,1778672634.0,53.0,2.914062,1.351562,-9.609375,,,,,,,,,,
acc,1778672634.0,53.0,2.988281,1.277344,-9.730469,,,,,,,,,,
acc,1778672634.0,53.0,3.144531,1.085938,-9.53125,,,,,,,,,,
acc,1778672634.0,53.0,3.144531,1.007812,-9.609375,,,,,,,,,,
acc,1778672634.0,53.0,2.988281,0.96875,-9.691406,,,,,,,,,,
acc,1778672634.0,53.0,3.066406,1.007812,-9.726562,,,,,,,,,,
acc,1778672634.0,53.0,3.027344,1.085938,-9.730469,,,,,,,,,,
acc,1778672634.0,53.0,2.988281,0.894531,-9.757812,,,,,,,,,,
acc,1778672634.0,53.0,3.144531,1.007812,-9.875,,,,,,,,,,
acc,1778672634.0,53.0,3.066406,1.085938,-9.570312,,,,,,,,,,
acc,1778672634.0,53.0,2.988281,1.199219,-9.796875,,,,,,,,,,
acc,1778672634.0,53.0,3.105469,1.238281,-9.796875,,,,,,,,,,
acc,1778672634.0,53.0,3.066406,1.160156,-9.613281,,,,,,,,,,
acc,1778672635.0,54.0,3.027344,1.125,-9.757812,,,,,,,,,,
acc,1778672635.0,54.0,3.066406,1.238281,-9.6875,,,,,,,,,,
acc,1778672635.0,54.0,3.066406,1.316406,-9.757812,,,,,,,,,,
acc,1778672635.0,54.0,3.105469,1.316406,-9.574219,,,,,,,,,,
acc,1778672635.0,54.0,2.988281,1.277344,-9.609375,,,,,,,,,,
acc,1778672635.0,54.0,3.027344,1.238281,-9.835938,,,,,,,,,,
acc,1778672635.0,54.0,3.066406,1.125,-9.613281,,,,,,,,,,
acc,1778672635.0,54.0,3.105469,1.125,-9.761719,,,,,,,,,,
acc,1778672635.0,54.0,3.105469,0.933594,-9.6875,,,,,,,,,,
acc,1778672635.0,54.0,2.988281,0.933594,-9.730469,,,,,,,,,,
acc,1778672635.0,54.0,3.066406,1.007812,-9.761719,,,,,,,,,,
acc,1778672635.0,54.0,3.144531,1.160156,-9.648438,,,,,,,,,,
acc,1778672635.0,54.0,3.105469,1.125,-9.652344,,,,,,,,,,
acc,1778672635.0,54.0,3.066406,1.046875,-9.835938,,,,,,,,,,
acc,1778672635.0,54.0,3.027344,1.085938,-9.648438,,,,,,,,,,
acc,1778672635.0,54.0,3.027344,1.046875,-9.761719,,,,,,,,,,
acc,1778672635.0,54.0,3.027344,1.085938,-9.730469,,,,,,,,,,
acc,1778672635.0,54.0,2.953125,1.046875,-9.496094,,,,,,,,,,
acc,1778672635.0,54.0,2.914062,1.199219,-9.957031,,,,,,,,,,
acc,1778672635.0,54.0,2.914062,1.085938,-9.414062,,,,,,,,,,
acc,1778672635.0,54.0,2.953125,1.046875,-9.652344,,,,,,,,,,
acc,1778672635.0,54.0,2.988281,1.316406,-9.6875,,,,,,,,,,
acc,1778672635.0,54.0,3.027344,1.316406,-9.613281,,,,,,,,,,
acc,1778672635.0,54.0,2.953125,1.316406,-9.652344,,,,,,,,,,
acc,1778672635.0,54.0,2.988281,1.429688,-9.570312,,,,,,,,,,
acc,1778672635.0,54.0,2.988281,1.429688,-9.652344,,,,,,,,,,
acc,1778672635.0,54.0,2.875,1.277344,-9.691406,,,,,,,,,,
acc,1778672635.0,54.0,2.914062,1.390625,-9.652344,,,,,,,,,,
acc,1778672635.0,54.0,3.027344,1.429688,-9.796875,,,,,,,,,,
acc,1778672635.0,54.0,3.027344,1.277344,-9.730469,,,,,,,,,,
acc,1778672635.0,54.0,2.953125,1.160156,-9.757812,,,,,,,,,,
acc,1778672635.0,54.0,2.914062,1.125,-9.800781,,,,,,,,,,
acc,1778672635.0,54.0,2.988281,1.238281,-9.800781,,,,,,,,,,
acc,1778672635.0,54.0,3.066406,1.160156,-9.726562,,,,,,,,,,
acc,1778672635.0,54.0,3.066406,0.777344,-9.796875,,,,,,,,,,
acc,1778672635.0,54.0,3.027344,0.96875,-9.800781,,,,,,,,,,
acc,1778672635.0,54.0,2.988281,1.238281,-9.914062,,,,,,,,,,
acc,1778672635.0,54.0,2.988281,1.125,-9.800781,,,,,,,,,,
acc,1778672635.0,54.0,2.953125,1.046875,-9.957031,,,,,,,,,,
acc,1778672635.0,54.0,2.953125,1.085938,-9.875,,,,,,,,,,
acc,1778672635.0,54.0,2.953125,1.085938,-9.800781,,,,,,,,,,
acc,1778672635.0,54.0,2.875,1.085938,-9.835938,,,,,,,,,,
acc,1778672635.0,54.0,2.875,0.933594,-9.835938,,,,,,,,,,
acc,1778672635.0,54.0,2.835938,0.894531,-9.835938,,,,,,,,,,
acc,1778672635.0,54.0,2.796875,0.96875,-9.796875,,,,,,,,,,
acc,1778672635.0,54.0,2.835938,0.855469,-9.796875,,,,,,,,,,
acc,1778672635.0,54.0,2.875,0.894531,-9.800781,,,,,,,,,,
acc,1778672635.0,54.0,2.796875,0.816406,-9.730469,,,,,,,,,,
acc,1778672635.0,54.0,2.835938,0.816406,-9.917969,,,,,,,,,,
acc,1778672635.0,54.0,2.875,0.855469,-9.761719,,,,,,,,,,
acc,1778672635.0,54.0,2.757812,0.894531,-9.875,,,,,,,,,,
acc,1778672635.0,54.0,2.757812,0.933594,-9.953125,,,,,,,,,,
acc,1778672635.0,54.0,2.835938,0.816406,-9.761719,,,,,,,,,,
acc,1778672635.0,54.0,2.757812,0.96875,-9.953125,,,,,,,,,,
acc,1778672635.0,54.0,2.796875,0.933594,-9.761719,,,,,,,,,,
acc,1778672635.0,54.0,2.835938,0.777344,-9.835938,,,,,,,,,,
acc,1778672635.0,54.0,2.835938,0.742188,-9.757812,,,,,,,,,,
acc,1778672635.0,54.0,2.722656,0.96875,-9.796875,,,,,,,,,,
acc,1778672635.0,54.0,2.683594,0.855469,-9.878906,,,,,,,,,,
acc,1778672635.0,54.0,2.605469,0.550781,-9.652344,,,,,,,,,,
acc,1778672635.0,54.0,2.605469,0.664062,-9.917969,,,,,,,,,,
acc,1778672635.0,54.0,2.644531,0.703125,-9.730469,,,,,,,,,,
acc,1778672635.0,54.0,2.722656,0.777344,-9.6875,,,,,,,,,,
acc,1778672635.0,54.0,2.644531,0.625,-9.691406,,,,,,,,,,
acc,1778672635.0,54.0,2.644531,0.550781,-9.730469,,,,,,,,,,
acc,1778672635.0,54.0,2.644531,0.703125,-9.730469,,,,,,,,,,
acc,1778672635.0,54.0,2.644531,0.703125,-9.492188,,,,,,,,,,
acc,1778672635.0,54.0,2.605469,0.472656,-9.835938,,,,,,,,,,
acc,1778672635.0,54.0,2.683594,0.664062,-9.609375,,,,,,,,,,
acc,1778672635.0,54.0,2.566406,0.625,-9.6875,,,,,,,,,,
acc,1778672635.0,54.0,2.566406,0.585938,-9.6875,,,,,,,,,,
acc,1778672635.0,54.0,2.605469,0.664062,-9.6875,,,,,,,,,,
acc,1778672635.0,54.0,2.644531,0.816406,-9.761719,,,,,,,,,,
acc,1778672635.0,54.0,2.683594,0.894531,-9.691406,,,,,,,,,,
acc,1778672635.0,54.0,2.683594,0.855469,-9.6875,,,,,,,,,,
acc,1778672635.0,54.0,2.757812,0.816406,-9.6875,,,,,,,,,,
acc,1778672635.0,54.0,2.757812,0.703125,-9.730469,,,,,,,,,,
acc,1778672635.0,54.0,2.796875,0.664062,-9.613281,,,,,,,,,,
acc,1778672635.0,54.0,2.796875,0.472656,-9.691406,,,,,,,,,,
acc,1778672635.0,54.0,2.796875,0.585938,-9.761719,,,,,,,,,,
acc,1778672635.0,54.0,2.796875,0.703125,-9.613281,,,,,,,,,,
acc,1778672635.0,54.0,2.796875,0.585938,-9.761719,,,,,,,,,,
acc,1778672635.0,54.0,2.722656,0.511719,-9.609375,,,,,,,,,,
acc,1778672635.0,54.0,2.796875,0.585938,-9.761719,,,,,,,,,,
acc,1778672635.0,54.0,2.875,0.742188,-9.574219,,,,,,,,,,
acc,1778672635.0,54.0,2.796875,0.742188,-9.613281,,,,,,,,,,
acc,1778672635.0,54.0,2.757812,0.703125,-9.730469,,,,,,,,,,
acc,1778672635.0,54.0,2.835938,0.742188,-9.574219,,,,,,,,,,
acc,1778672635.0,54.0,2.875,0.894531,-9.648438,,,,,,,,,,
acc,1778672635.0,54.0,2.914062,0.742188,-9.648438,,,,,,,,,,
acc,1778672635.0,54.0,2.875,0.511719,-9.6875,,,,,,,,,,
acc,1778672635.0,54.0,2.757812,0.472656,-9.6875,,,,,,,,,,
acc,1778672635.0,54.0,2.796875,0.355469,-9.757812,,,,,,,,,,
acc,1778672635.0,54.0,2.953125,0.511719,-9.761719,,,,,,,,,,
acc,1778672635.0,54.0,2.722656,0.742188,-9.6875,,,,,,,,,,
acc,1778672635.0,54.0,2.605469,0.703125,-9.917969,,,,,,,,,,
acc,1778672635.0,54.0,2.757812,0.550781,-9.730469,,,,,,,,,,
acc,1778672635.0,54.0,2.796875,0.511719,-9.757812,,,,,,,,,,
acc,1778672635.0,54.0,2.757812,0.550781,-9.757812,,,,,,,,,,
acc,1778672635.0,54.0,2.644531,0.550781,-9.648438,,,,,,,,,,
acc,1778672635.0,54.0,2.605469,0.703125,-9.839844,,,,,,,,,,
acc,1778672635.0,54.0,2.644531,0.816406,-9.652344,,,,,,,,,,
acc,1778672635.0,54.0,2.683594,0.585938,-9.648438,,,,,,,,,,
acc,1778672635.0,54.0,2.644531,0.625,-9.730469,,,,,,,,,,
acc,1778672635.0,54.0,2.683594,0.472656,-9.6875,,,,,,,,,,
acc,1778672635.0,54.0,2.644531,0.320312,-9.726562,,,,,,,,,,
acc,1778672635.0,54.0,2.644531,0.472656,-9.726562,,,,,,,,,,
acc,1778672635.0,54.0,2.722656,0.550781,-9.570312,,,,,,,,,,
acc,1778672635.0,54.0,2.722656,0.472656,-9.648438,,,,,,,,,,
acc,1778672635.0,54.0,2.722656,0.472656,-9.609375,,,,,,,,,,
acc,1778672635.0,54.0,2.683594,0.320312,-9.652344,,,,,,,,,,
acc,1778672635.0,54.0,2.683594,0.355469,-9.761719,,,,,,,,,,
acc,1778672635.0,54.0,2.757812,0.511719,-9.726562,,,,,,,,,,
acc,1778672635.0,54.0,2.757812,0.585938,-9.691406,,,,,,,,,,
acc,1778672635.0,54.0,2.722656,0.742188,-9.839844,,,,,,,,,,
acc,1778672635.0,54.0,2.722656,0.625,-9.796875,,,,,,,,,,
acc,1778672635.0,54.0,2.683594,0.550781,-9.691406,,,,,,,,,,
acc,1778672635.0,54.0,2.683594,0.664062,-9.875,,,,,,,,,,
acc,1778672635.0,54.0,2.722656,0.742188,-9.878906,,,,,,,,,,
acc,1778672635.0,54.0,2.722656,0.664062,-9.652344,,,,,,,,,,
acc,1778672635.0,54.0,2.722656,0.625,-9.917969,,,,,,,,,,
acc,1778672635.0,54.0,2.722656,0.664062,-9.839844,,,,,,,,,,
acc,1778672635.0,54.0,2.683594,0.625,-9.691406,,,,,,,,,,
acc,1778672635.0,54.0,2.644531,0.703125,-9.835938,,,,,,,,,,
acc,1778672635.0,54.0,2.605469,0.585938,-9.761719,,,,,,,,,,
acc,1778672635.0,54.0,2.644531,0.625,-9.757812,,,,,,,,,,
acc,1778672636.0,55.0,2.644531,0.816406,-9.839844,,,,,,,,,,
acc,1778672636.0,55.0,2.644531,0.816406,-9.761719,,,,,,,,,,
acc,1778672636.0,55.0,2.566406,0.625,-9.726562,,,,,,,,,,
acc,1778672636.0,55.0,2.605469,0.511719,-9.875,,,,,,,,,,
acc,1778672636.0,55.0,2.644531,0.703125,-9.730469,,,,,,,,,,
acc,1778672636.0,55.0,2.683594,0.664062,-9.730469,,,,,,,,,,
acc,1778672636.0,55.0,2.644531,0.625,-9.875,,,,,,,,,,
acc,1778672636.0,55.0,2.683594,0.511719,-9.839844,,,,,,,,,,
acc,1778672636.0,55.0,2.722656,0.472656,-9.800781,,,,,,,,,,
acc,1778672636.0,55.0,2.757812,0.472656,-9.796875,,,,,,,,,,
acc,1778672636.0,55.0,2.722656,0.511719,-9.914062,,,,,,,,,,
acc,1778672636.0,55.0,2.722656,0.511719,-9.757812,,,,,,,,,,
acc,1778672636.0,55.0,2.757812,0.625,-9.875,,,,,,,,,,
acc,1778672636.0,55.0,2.722656,0.585938,-9.839844,,,,,,,,,,
acc,1778672636.0,55.0,2.683594,0.472656,-9.839844,,,,,,,,,,
acc,1778672636.0,55.0,2.757812,0.433594,-9.953125,,,,,,,,,,
acc,1778672636.0,55.0,2.757812,0.472656,-9.796875,,,,,,,,,,
acc,1778672636.0,55.0,2.757812,0.472656,-9.839844,,,,,,,,,,
acc,1778672636.0,55.0,2.757812,0.394531,-9.914062,,,,,,,,,,
acc,1778672636.0,55.0,2.683594,0.472656,-9.796875,,,,,,,,,,
acc,1778672636.0,55.0,2.683594,0.472656,-9.761719,,,,,,,,,,
acc,1778672636.0,55.0,2.722656,0.355469,-9.835938,,,,,,,,,,
acc,1778672636.0,55.0,2.757812,0.242188,-9.757812,,,,,,,,,,
acc,1778672636.0,55.0,2.722656,0.242188,-9.761719,,,,,,,,,,
acc,1778672636.0,55.0,2.683594,0.28125,-9.835938,,,,,,,,,,
acc,1778672636.0,55.0,2.644531,0.164062,-9.691406,,,,,,,,,,
acc,1778672636.0,55.0,2.644531,0.203125,-9.757812,,,,,,,,,,
acc,1778672636.0,55.0,2.644531,0.394531,-9.730469,,,,,,,,,,
acc,1778672636.0,55.0,2.683594,0.320312,-9.652344,,,,,,,,,,
acc,1778672636.0,55.0,2.605469,0.203125,-9.652344,,,,,,,,,,
acc,1778672636.0,55.0,2.566406,0.164062,-9.839844,,,,,,,,,,
acc,1778672636.0,55.0,2.53125,0.164062,-9.648438,,,,,,,,,,
acc,1778672636.0,55.0,2.53125,0.203125,-9.730469,,,,,,,,,,
acc,1778672636.0,55.0,2.492188,0.28125,-9.757812,,,,,,,,,,
acc,1778672636.0,55.0,2.53125,0.320312,-9.6875,,,,,,,,,,
acc,1778672636.0,55.0,2.492188,0.242188,-9.730469,,,,,,,,,,
acc,1778672636.0,55.0,2.453125,0.28125,-9.800781,,,,,,,,,,
acc,1778672636.0,55.0,2.414062,0.320312,-9.761719,,,,,,,,,,
acc,1778672636.0,55.0,2.414062,0.203125,-9.730469,,,,,,,,,,
acc,1778672636.0,55.0,2.414062,0.089844,-9.761719,,,,,,,,,,
acc,1778672636.0,55.0,2.453125,0.164062,-9.757812,,,,,,,,,,
acc,1778672636.0,55.0,2.414062,0.242188,-9.757812,,,,,,,,,,
acc,1778672636.0,55.0,2.414062,0.164062,-9.757812,,,,,,,,,,
acc,1778672636.0,55.0,2.375,0.164062,-9.730469,,,,,,,,,,
acc,1778672636.0,55.0,2.375,0.164062,-9.757812,,,,,,,,,,
acc,1778672636.0,55.0,2.414062,0.128906,-9.6875,,,,,,,,,,
acc,1778672636.0,55.0,2.414062,0.128906,-9.6875,,,,,,,,,,
acc,1778672636.0,55.0,2.375,0.203125,-9.800781,,,,,,,,,,
acc,1778672636.0,55.0,2.414062,0.164062,-9.757812,,,,,,,,,,
acc,1778672636.0,55.0,2.414062,0.164062,-9.757812,,,,,,,,,,
acc,1778672636.0,55.0,2.375,0.203125,-9.800781,,,,,,,,,,
acc,1778672636.0,55.0,2.375,0.203125,-9.757812,,,,,,,,,,
acc,1778672636.0,55.0,2.414062,0.28125,-9.648438,,,,,,,,,,
acc,1778672636.0,55.0,2.414062,0.242188,-9.648438,,,,,,,,,,
acc,1778672636.0,55.0,2.414062,0.203125,-9.691406,,,,,,,,,,
acc,1778672636.0,55.0,2.414062,0.242188,-9.730469,,,,,,,,,,
acc,1778672636.0,55.0,2.375,0.28125,-9.648438,,,,,,,,,,
acc,1778672636.0,55.0,2.300781,0.28125,-9.691406,,,,,,,,,,
acc,1778672636.0,55.0,2.261719,0.203125,-9.6875,,,,,,,,,,
acc,1778672636.0,55.0,2.300781,0.164062,-9.609375,,,,,,,,,,
acc,1778672636.0,55.0,2.375,0.203125,-9.574219,,,,,,,,,,
acc,1778672636.0,55.0,2.375,0.28125,-9.648438,,,,,,,,,,
acc,1778672636.0,55.0,2.339844,0.320312,-9.691406,,,,,,,,,,
acc,1778672636.0,55.0,2.300781,0.320312,-9.6875,,,,,,,,,,
acc,1778672636.0,55.0,2.222656,0.355469,-9.691406,,,,,,,,,,
acc,1778672636.0,55.0,2.222656,0.320312,-9.730469,,,,,,,,,,
acc,1778672636.0,55.0,2.261719,0.242188,-9.613281,,,,,,,,,,
acc,1778672636.0,55.0,2.300781,0.164062,-9.609375,,,,,,,,,,
acc,1778672636.0,55.0,2.300781,0.164062,-9.648438,,,,,,,,,,
acc,1778672636.0,55.0,2.183594,0.320312,-9.726562,,,,,,,,,,
acc,1778672636.0,55.0,2.148438,0.355469,-9.796875,,,,,,,,,,
acc,1778672636.0,55.0,2.109375,0.28125,-9.691406,,,,,,,,,,
acc,1778672636.0,55.0,2.109375,0.242188,-9.691406,,,,,,,,,,
acc,1778672636.0,55.0,2.148438,0.203125,-9.691406,,,,,,,,,,
acc,1778672636.0,55.0,2.148438,0.203125,-9.691406,,,,,,,,,,
acc,1778672636.0,55.0,2.070312,0.242188,-9.726562,,,,,,,,,,
acc,1778672636.0,55.0,2.03125,0.320312,-9.726562,,,,,,,,,,
acc,1778672636.0,55.0,1.992188,0.394531,-9.757812,,,,,,,,,,
acc,1778672636.0,55.0,1.992188,0.355469,-9.761719,,,,,,,,,,
acc,1778672636.0,55.0,1.992188,0.320312,-9.726562,,,,,,,,,,
acc,1778672636.0,55.0,1.957031,0.394531,-9.761719,,,,,,,,,,
acc,1778672636.0,55.0,1.917969,0.355469,-9.757812,,,,,,,,,,
acc,1778672636.0,55.0,1.917969,0.320312,-9.757812,,,,,,,,,,
acc,1778672636.0,55.0,1.957031,0.355469,-9.730469,,,,,,,,,,
acc,1778672636.0,55.0,1.917969,0.320312,-9.757812,,,,,,,,,,
acc,1778672636.0,55.0,1.917969,0.28125,-9.726562,,,,,,,,,,
acc,1778672636.0,55.0,1.878906,0.320312,-9.730469,,,,,,,,,,
acc,1778672636.0,55.0,1.878906,0.242188,-9.796875,,,,,,,,,,
acc,1778672636.0,55.0,1.839844,0.203125,-9.839844,,,,,,,,,,
acc,1778672636.0,55.0,1.839844,0.28125,-9.796875,,,,,,,,,,
acc,1778672636.0,55.0,1.800781,0.28125,-9.800781,,,,,,,,,,
acc,1778672636.0,55.0,1.800781,0.28125,-9.730469,,,,,,,,,,
acc,1778672636.0,55.0,1.800781,0.320312,-9.761719,,,,,,,,,,
acc,1778672636.0,55.0,1.800781,0.355469,-9.796875,,,,,,,,,,
acc,1778672636.0,55.0,1.726562,0.28125,-9.796875,,,,,,,,,,
acc,1778672636.0,55.0,1.6875,0.242188,-9.796875,,,,,,,,,,
acc,1778672636.0,55.0,1.726562,0.28125,-9.796875,,,,,,,,,,
acc,1778672636.0,55.0,1.726562,0.28125,-9.796875,,,,,,,,,,
acc,1778672636.0,55.0,1.6875,0.242188,-9.761719,,,,,,,,,,
acc,1778672636.0,55.0,1.648438,0.242188,-9.800781,,,,,,,,,,
acc,1778672636.0,55.0,1.648438,0.242188,-9.835938,,,,,,,,,,
acc,1778672636.0,55.0,1.648438,0.203125,-9.800781,,,,,,,,,,
acc,1778672636.0,55.0,1.570312,0.203125,-9.761719,,,,,,,,,,
acc,1778672636.0,55.0,1.535156,0.203125,-9.796875,,,,,,,,,,
acc,1778672636.0,55.0,1.496094,0.242188,-9.796875,,,,,,,,,,
acc,1778672636.0,55.0,1.496094,0.242188,-9.839844,,,,,,,,,,
acc,1778672636.0,55.0,1.535156,0.203125,-9.796875,,,,,,,,,,
acc,1778672636.0,55.0,1.535156,0.242188,-9.796875,,,,,,,,,,
acc,1778672636.0,55.0,1.496094,0.242188,-9.839844,,,,,,,,,,
acc,1778672636.0,55.0,1.457031,0.203125,-9.761719,,,,,,,,,,
acc,1778672636.0,55.0,1.457031,0.242188,-9.796875,,,,,,,,,,
acc,1778672636.0,55.0,1.457031,0.203125,-9.796875,,,,,,,,,,
acc,1778672636.0,55.0,1.457031,0.164062,-9.796875,,,,,,,,,,
acc,1778672636.0,55.0,1.417969,0.164062,-9.839844,,,,,,,,,,
acc,1778672636.0,55.0,1.378906,0.128906,-9.800781,,,,,,,,,,
acc,1778672636.0,55.0,1.378906,0.089844,-9.757812,,,,,,,,,,
acc,1778672636.0,55.0,1.378906,0.089844,-9.757812,,,,,,,,,,
acc,1778672636.0,55.0,1.378906,0.089844,-9.730469,,,,,,,,,,
acc,1778672636.0,55.0,1.378906,0.089844,-9.757812,,,,,,,,,,
acc,1778672636.0,55.0,1.304688,0.128906,-9.796875,,,,,,,,,,
acc,1778672636.0,55.0,1.265625,0.128906,-9.761719,,,,,,,,,,
acc,1778672636.0,55.0,1.226562,0.128906,-9.757812,,,,,,,,,,
acc,1778672636.0,55.0,1.226562,0.128906,-9.757812,,,,,,,,,,
acc,1778672636.0,55.0,1.265625,0.128906,-9.761719,,,,,,,,,,
acc,1778672636.0,55.0,1.1875,0.128906,-9.730469,,,,,,,,,,
acc,1778672636.0,55.0,1.1875,0.164062,-9.796875,,,,,,,,,,
acc,1778672636.0,55.0,1.152344,0.128906,-9.757812,,,,,,,,,,
acc,1778672637.0,56.0,1.152344,0.128906,-9.800781,,,,,,,,,,
acc,1778672637.0,56.0,1.113281,0.164062,-9.796875,,,,,,,,,,
acc,1778672637.0,56.0,1.113281,0.164062,-9.761719,,,,,,,,,,
acc,1778672637.0,56.0,1.113281,0.164062,-9.761719,,,,,,,,,,
acc,1778672637.0,56.0,1.074219,0.164062,-9.800781,,,,,,,,,,
acc,1778672637.0,56.0,1.035156,0.164062,-9.839844,,,,,,,,,,
acc,1778672637.0,56.0,1.074219,0.164062,-9.757812,,,,,,,,,,
acc,1778672637.0,56.0,1.035156,0.164062,-9.796875,,,,,,,,,,
acc,1778672637.0,56.0,1.035156,0.164062,-9.796875,,,,,,,,,,
acc,1778672637.0,56.0,1.035156,0.203125,-9.761719,,,,,,,,,,
acc,1778672637.0,56.0,0.996094,0.164062,-9.796875,,,,,,,,,,
acc,1778672637.0,56.0,0.996094,0.164062,-9.761719,,,,,,,,,,
acc,1778672637.0,56.0,0.996094,0.164062,-9.796875,,,,,,,,,,
acc,1778672637.0,56.0,0.996094,0.128906,-9.757812,,,,,,,,,,
acc,1778672637.0,56.0,0.921875,0.164062,-9.800781,,,,,,,,,,
acc,1778672637.0,56.0,0.921875,0.164062,-9.800781,,,,,,,,,,
acc,1778672637.0,56.0,0.882812,0.203125,-9.761719,,,,,,,,,,
acc,1778672637.0,56.0,0.882812,0.164062,-9.839844,,,,,,,,,,
acc,1778672637.0,56.0,0.921875,0.164062,-9.757812,,,,,,,,,,
acc,1778672637.0,56.0,0.882812,0.164062,-9.726562,,,,,,,,,,
acc,1778672637.0,56.0,0.84375,0.203125,-9.761719,,,,,,,,,,
acc,1778672637.0,56.0,0.882812,0.203125,-9.726562,,,,,,,,,,
acc,1778672637.0,56.0,0.84375,0.203125,-9.761719,,,,,,,,,,
acc,1778672637.0,56.0,0.84375,0.242188,-9.761719,,,,,,,,,,
acc,1778672637.0,56.0,0.84375,0.203125,-9.796875,,,,,,,,,,
acc,1778672637.0,56.0,0.882812,0.203125,-9.761719,,,,,,,,,,
acc,1778672637.0,56.0,0.882812,0.203125,-9.761719,,,,,,,,,,
acc,1778672637.0,56.0,0.84375,0.203125,-9.796875,,,,,,,,,,
acc,1778672637.0,56.0,0.84375,0.203125,-9.761719,,,,,,,,,,
acc,1778672637.0,56.0,0.769531,0.242188,-9.796875,,,,,,,,,,
acc,1778672637.0,56.0,0.769531,0.203125,-9.796875,,,,,,,,,,
acc,1778672637.0,56.0,0.730469,0.203125,-9.757812,,,,,,,,,,
acc,1778672637.0,56.0,0.691406,0.203125,-9.800781,,,,,,,,,,
acc,1778672637.0,56.0,0.730469,0.203125,-9.757812,,,,,,,,,,
acc,1778672637.0,56.0,0.730469,0.203125,-9.757812,,,,,,,,,,
acc,1778672637.0,56.0,0.691406,0.203125,-9.757812,,,,,,,,,,
acc,1778672637.0,56.0,0.691406,0.203125,-9.800781,,,,,,,,,,
acc,1778672637.0,56.0,0.691406,0.203125,-9.800781,,,,,,,,,,
acc,1778672637.0,56.0,0.691406,0.203125,-9.757812,,,,,,,,,,
acc,1778672637.0,56.0,0.691406,0.164062,-9.800781,,,,,,,,,,
acc,1778672637.0,56.0,0.652344,0.203125,-9.796875,,,,,,,,,,
acc,1778672637.0,56.0,0.652344,0.203125,-9.796875,,,,,,,,,,
acc,1778672637.0,56.0,0.652344,0.164062,-9.839844,,,,,,,,,,
acc,1778672637.0,56.0,0.613281,0.203125,-9.796875,,,,,,,,,,
acc,1778672637.0,56.0,0.613281,0.164062,-9.839844,,,,,,,,,,
acc,1778672637.0,56.0,0.613281,0.203125,-9.796875,,,,,,,,,,
acc,1778672637.0,56.0,0.613281,0.164062,-9.796875,,,,,,,,,,
acc,1778672637.0,56.0,0.613281,0.164062,-9.796875,,,,,,,,,,
acc,1778672637.0,56.0,0.574219,0.203125,-9.800781,,,,,,,,,,
acc,1778672637.0,56.0,0.539062,0.203125,-9.796875,,,,,,,,,,
acc,1778672637.0,56.0,0.574219,0.203125,-9.800781,,,,,,,,,,
acc,1778672637.0,56.0,0.574219,0.203125,-9.800781,,,,,,,,,,
acc,1778672637.0,56.0,0.574219,0.164062,-9.800781,,,,,,,,,,
acc,1778672637.0,56.0,0.539062,0.164062,-9.796875,,,,,,,,,,
acc,1778672637.0,56.0,0.539062,0.164062,-9.839844,,,,,,,,,,
acc,1778672637.0,56.0,0.460938,0.164062,-9.839844,,,,,,,,,,
acc,1778672637.0,56.0,0.460938,0.164062,-9.839844,,,,,,,,,,
acc,1778672637.0,56.0,0.460938,0.164062,-9.839844,,,,,,,,,,
acc,1778672637.0,56.0,0.5,0.164062,-9.796875,,,,,,,,,,
acc,1778672637.0,56.0,0.5,0.128906,-9.800781,,,,,,,,,,
acc,1778672637.0,56.0,0.460938,0.128906,-9.800781,,,,,,,,,,
acc,1778672637.0,56.0,0.460938,0.164062,-9.839844,,,,,,,,,,
acc,1778672637.0,56.0,0.421875,0.164062,-9.835938,,,,,,,,,,
acc,1778672637.0,56.0,0.421875,0.128906,-9.796875,,,,,,,,,,
acc,1778672637.0,56.0,0.382812,0.128906,-9.800781,,,,,,,,,,
acc,1778672637.0,56.0,0.382812,0.128906,-9.800781,,,,,,,,,,
acc,1778672637.0,56.0,0.382812,0.164062,-9.796875,,,,,,,,,,
acc,1778672637.0,56.0,0.382812,0.128906,-9.800781,,,,,,,,,,
acc,1778672637.0,56.0,0.382812,0.128906,-9.800781,,,,,,,,,,
acc,1778672637.0,56.0,0.382812,0.128906,-9.800781,,,,,,,,,,
acc,1778672637.0,56.0,0.382812,0.128906,-9.800781,,,,,,,,,,
acc,1778672637.0,56.0,0.382812,0.128906,-9.800781,,,,,,,,,,
acc,1778672637.0,56.0,0.382812,0.089844,-9.800781,,,,,,,,,,
acc,1778672637.0,56.0,0.382812,0.128906,-9.800781,,,,,,,,,,
acc,1778672637.0,56.0,0.382812,0.128906,-9.800781,,,,,,,,,,
acc,1778672637.0,56.0,0.347656,0.128906,-9.796875,,,,,,,,,,
acc,1778672637.0,56.0,0.382812,0.128906,-9.835938,,,,,,,,,,
acc,1778672637.0,56.0,0.382812,0.128906,-9.800781,,,,,,,,,,
acc,1778672637.0,56.0,0.347656,0.128906,-9.796875,,,,,,,,,,
acc,1778672637.0,56.0,0.347656,0.128906,-9.796875,,,,,,,,,,
acc,1778672637.0,56.0,0.347656,0.128906,-9.796875,,,,,,,,,,
acc,1778672637.0,56.0,0.308594,0.128906,-9.800781,,,,,,,,,,
acc,1778672637.0,56.0,0.308594,0.128906,-9.800781,,,,,,,,,,
acc,1778672637.0,56.0,0.308594,0.128906,-9.800781,,,,,,,,,,
acc,1778672637.0,56.0,0.308594,0.128906,-9.800781,,,,,,,,,,
acc,1778672637.0,56.0,0.308594,0.128906,-9.757812,,,,,,,,,,
acc,1778672637.0,56.0,0.308594,0.128906,-9.800781,,,,,,,,,,
acc,1778672637.0,56.0,0.308594,0.164062,-9.796875,,,,,,,,,,
acc,1778672637.0,56.0,0.269531,0.164062,-9.796875,,,,,,,,,,
acc,1778672637.0,56.0,0.269531,0.164062,-9.796875,,,,,,,,,,
acc,1778672637.0,56.0,0.308594,0.164062,-9.796875,,,,,,,,,,
acc,1778672637.0,56.0,0.308594,0.164062,-9.796875,,,,,,,,,,
acc,1778672637.0,56.0,0.308594,0.164062,-9.761719,,,,,,,,,,
acc,1778672637.0,56.0,0.308594,0.203125,-9.796875,,,,,,,,,,
acc,1778672637.0,56.0,0.308594,0.164062,-9.796875,,,,,,,,,,
acc,1778672637.0,56.0,0.269531,0.164062,-9.796875,,,,,,,,,,
acc,1778672637.0,56.0,0.269531,0.203125,-9.796875,,,,,,,,,,
acc,1778672637.0,56.0,0.269531,0.164062,-9.796875,,,,,,,,,,
acc,1778672637.0,56.0,0.269531,0.164062,-9.796875,,,,,,,,,,
acc,1778672637.0,56.0,0.230469,0.164062,-9.800781,,,,,,,,,,
acc,1778672637.0,56.0,0.269531,0.203125,-9.796875,,,,,,,,,,
acc,1778672637.0,56.0,0.230469,0.203125,-9.800781,,,,,,,,,,
acc,1778672637.0,56.0,0.230469,0.164062,-9.800781,,,,,,,,,,
acc,1778672637.0,56.0,0.230469,0.164062,-9.800781,,,,,,,,,,
acc,1778672637.0,56.0,0.230469,0.164062,-9.800781,,,,,,,,,,
acc,1778672637.0,56.0,0.230469,0.164062,-9.800781,,,,,,,,,,
acc,1778672637.0,56.0,0.230469,0.164062,-9.800781,,,,,,,,,,
acc,1778672637.0,56.0,0.230469,0.164062,-9.800781,,,,,,,,,,
acc,1778672637.0,56.0,0.230469,0.164062,-9.800781,,,,,,,,,,
acc,1778672637.0,56.0,0.230469,0.164062,-9.757812,,,,,,,,,,
acc,1778672637.0,56.0,0.191406,0.164062,-9.800781,,,,,,,,,,
acc,1778672637.0,56.0,0.191406,0.164062,-9.800781,,,,,,,,,,
acc,1778672637.0,56.0,0.191406,0.164062,-9.800781,,,,,,,,,,
acc,1778672637.0,56.0,0.191406,0.203125,-9.800781,,,,,,,,,,
acc,1778672637.0,56.0,0.15625,0.203125,-9.796875,,,,,,,,,,
acc,1778672637.0,56.0,0.15625,0.164062,-9.796875,,,,,,,,,,
acc,1778672637.0,56.0,0.15625,0.164062,-9.796875,,,,,,,,,,
acc,1778672637.0,56.0,0.191406,0.203125,-9.800781,,,,,,,,,,
acc,1778672637.0,56.0,0.15625,0.203125,-9.796875,,,,,,,,,,
acc,1778672637.0,56.0,0.191406,0.203125,-9.800781,,,,,,,,,,
acc,1778672637.0,56.0,0.15625,0.203125,-9.839844,,,,,,,,,,
acc,1778672637.0,56.0,0.15625,0.203125,-9.839844,,,,,,,,,,
acc,1778672637.0,56.0,0.15625,0.203125,-9.796875,,,,,,,,,,
acc,1778672637.0,56.0,0.15625,0.203125,-9.839844,,,,,,,,,,
acc,1778672637.0,56.0,0.117188,0.164062,-9.796875,,,,,,,,,,
acc,1778672637.0,56.0,0.117188,0.164062,-9.796875,,,,,,,,,,
acc,1778672637.0,56.0,0.15625,0.164062,-9.796875,,,,,,,,,,
acc,1778672637.0,56.0,0.15625,0.164062,-9.796875,,,,,,,,,,
acc,1778672638.0,57.0,0.117188,0.164062,-9.796875,,,,,,,,,,
acc,1778672638.0,57.0,0.117188,0.164062,-9.796875,,,,,,,,,,
acc,1778672638.0,57.0,0.117188,0.164062,-9.839844,,,,,,,,,,
acc,1778672638.0,57.0,0.117188,0.164062,-9.796875,,,,,,,,,,
acc,1778672638.0,57.0,0.15625,0.164062,-9.839844,,,,,,,,,,
acc,1778672638.0,57.0,0.15625,0.164062,-9.796875,,,,,,,,,,
acc,1778672638.0,57.0,0.117188,0.128906,-9.835938,,,,,,,,,,
acc,1778672638.0,57.0,0.117188,0.164062,-9.796875,,,,,,,,,,
acc,1778672638.0,57.0,0.15625,0.164062,-9.796875,,,,,,,,,,
acc,1778672638.0,57.0,0.15625,0.164062,-9.796875,,,,,,,,,,
acc,1778672638.0,57.0,0.15625,0.128906,-9.835938,,,,,,,,,,
acc,1778672638.0,57.0,0.15625,0.128906,-9.800781,,,,,,,,,,
acc,1778672638.0,57.0,0.117188,0.164062,-9.839844,,,,,,,,,,
acc,1778672638.0,57.0,0.117188,0.164062,-9.796875,,,,,,,,,,
acc,1778672638.0,57.0,0.117188,0.128906,-9.757812,,,,,,,,,,
acc,1778672638.0,57.0,0.15625,0.128906,-9.800781,,,,,,,,,,
acc,1778672638.0,57.0,0.15625,0.128906,-9.800781,,,,,,,,,,
acc,1778672638.0,57.0,0.15625,0.089844,-9.757812,,,,,,,,,,
acc,1778672638.0,57.0,0.117188,0.128906,-9.800781,,,,,,,,,,
acc,1778672638.0,57.0,0.15625,0.128906,-9.800781,,,,,,,,,,
acc,1778672638.0,57.0,0.117188,0.128906,-9.800781,,,,,,,,,,
acc,1778672638.0,57.0,0.15625,0.128906,-9.800781,,,,,,,,,,
acc,1778672638.0,57.0,0.15625,0.128906,-9.800781,,,,,,,,,,
acc,1778672638.0,57.0,0.117188,0.128906,-9.800781,,,,,,,,,,
acc,1778672638.0,57.0,0.117188,0.089844,-9.800781,,,,,,,,,,
acc,1778672638.0,57.0,0.117188,0.128906,-9.757812,,,,,,,,,,
acc,1778672638.0,57.0,0.117188,0.164062,-9.796875,,,,,,,,,,
acc,1778672638.0,57.0,0.15625,0.128906,-9.757812,,,,,,,,,,
acc,1778672638.0,57.0,0.117188,0.128906,-9.800781,,,,,,,,,,
acc,1778672638.0,57.0,0.117188,0.164062,-9.839844,,,,,,,,,,
acc,1778672638.0,57.0,0.117188,0.164062,-9.839844,,,,,,,,,,
acc,1778672638.0,57.0,0.117188,0.128906,-9.757812,,,,,,,,,,
acc,1778672638.0,57.0,0.078125,0.128906,-9.800781,,,,,,,,,,
acc,1778672638.0,57.0,0.117188,0.164062,-9.796875,,,,,,,,,,
acc,1778672638.0,57.0,0.039062,0.164062,-9.761719,,,,,,,,,,
acc,1778672638.0,57.0,0.039062,0.164062,-9.796875,,,,,,,,,,
acc,1778672638.0,57.0,0.039062,0.128906,-9.800781,,,,,,,,,,
acc,1778672638.0,57.0,0.0,0.128906,-9.800781,,,,,,,,,,
acc,1778672638.0,57.0,0.0,0.128906,-9.757812,,,,,,,,,,
acc,1778672638.0,57.0,0.0,0.164062,-9.796875,,,,,,,,,,
acc,1778672638.0,57.0,-0.074219,0.164062,-9.800781,,,,,,,,,,
acc,1778672638.0,57.0,-0.074219,0.164062,-9.800781,,,,,,,,,,
acc,1778672638.0,57.0,-0.035156,0.164062,-9.796875,,,,,,,,,,
acc,1778672638.0,57.0,-0.074219,0.164062,-9.835938,,,,,,,,,,
acc,1778672638.0,57.0,-0.113281,0.128906,-9.835938,,,,,,,,,,
acc,1778672638.0,57.0,-0.113281,0.164062,-9.796875,,,,,,,,,,
acc,1778672638.0,57.0,-0.113281,0.164062,-9.839844,,,,,,,,,,
acc,1778672638.0,57.0,-0.113281,0.164062,-9.839844,,,,,,,,,,
acc,1778672638.0,57.0,-0.152344,0.164062,-9.839844,,,,,,,,,,
acc,1778672638.0,57.0,-0.152344,0.164062,-9.839844,,,,,,,,,,
acc,1778672638.0,57.0,-0.152344,0.164062,-9.839844,,,,,,,,,,
acc,1778672638.0,57.0,-0.191406,0.164062,-9.835938,,,,,,,,,,
acc,1778672638.0,57.0,-0.191406,0.203125,-9.835938,,,,,,,,,,
acc,1778672638.0,57.0,-0.226562,0.164062,-9.839844,,,,,,,,,,
acc,1778672638.0,57.0,-0.191406,0.128906,-9.839844,,,,,,,,,,
acc,1778672638.0,57.0,-0.226562,0.128906,-9.835938,,,,,,,,,,
acc,1778672638.0,57.0,-0.226562,0.164062,-9.839844,,,,,,,,,,
acc,1778672638.0,57.0,-0.226562,0.164062,-9.796875,,,,,,,,,,
acc,1778672638.0,57.0,-0.226562,0.203125,-9.839844,,,,,,,,,,
acc,1778672638.0,57.0,-0.191406,0.164062,-9.835938,,,,,,,,,,
acc,1778672638.0,57.0,-0.191406,0.128906,-9.839844,,,,,,,,,,
acc,1778672638.0,57.0,-0.226562,0.164062,-9.839844,,,,,,,,,,
acc,1778672638.0,57.0,-0.226562,0.164062,-9.796875,,,,,,,,,,
acc,1778672638.0,57.0,-0.265625,0.164062,-9.800781,,,,,,,,,,
acc,1778672638.0,57.0,-0.191406,0.203125,-9.800781,,,,,,,,,,
acc,1778672638.0,57.0,-0.152344,0.164062,-9.796875,,,,,,,,,,
acc,1778672638.0,57.0,-0.191406,0.164062,-9.800781,,,,,,,,,,
acc,1778672638.0,57.0,-0.226562,0.164062,-9.796875,,,,,,,,,,
acc,1778672638.0,57.0,-0.191406,0.164062,-9.800781,,,,,,,,,,
acc,1778672638.0,57.0,-0.152344,0.164062,-9.761719,,,,,,,,,,
acc,1778672638.0,57.0,-0.152344,0.164062,-9.761719,,,,,,,,,,
acc,1778672638.0,57.0,-0.152344,0.128906,-9.757812,,,,,,,,,,
acc,1778672638.0,57.0,-0.152344,0.128906,-9.757812,,,,,,,,,,
acc,1778672638.0,57.0,-0.152344,0.164062,-9.796875,,,,,,,,,,
acc,1778672638.0,57.0,-0.113281,0.164062,-9.761719,,,,,,,,,,
acc,1778672638.0,57.0,-0.074219,0.128906,-9.761719,,,,,,,,,,
acc,1778672638.0,57.0,-0.074219,0.128906,-9.761719,,,,,,,,,,
acc,1778672638.0,57.0,-0.074219,0.128906,-9.761719,,,,,,,,,,
acc,1778672638.0,57.0,-0.113281,0.164062,-9.796875,,,,,,,,,,
acc,1778672638.0,57.0,-0.035156,0.164062,-9.761719,,,,,,,,,,
acc,1778672638.0,57.0,-0.035156,0.128906,-9.800781,,,,,,,,,,
acc,1778672638.0,57.0,-0.035156,0.128906,-9.757812,,,,,,,,,,
acc,1778672638.0,57.0,0.0,0.128906,-9.757812,,,,,,,,,,
acc,1778672638.0,57.0,-0.035156,0.128906,-9.757812,,,,,,,,,,
acc,1778672638.0,57.0,-0.035156,0.128906,-9.800781,,,,,,,,,,
acc,1778672638.0,57.0,0.0,0.128906,-9.757812,,,,,,,,,,
acc,1778672638.0,57.0,0.0,0.128906,-9.800781,,,,,,,,,,
acc,1778672638.0,57.0,0.0,0.128906,-9.800781,,,,,,,,,,
acc,1778672638.0,57.0,0.0,0.128906,-9.800781,,,,,,,,,,
acc,1778672638.0,57.0,0.0,0.128906,-9.800781,,,,,,,,,,
acc,1778672638.0,57.0,0.0,0.164062,-9.796875,,,,,,,,,,
acc,1778672638.0,57.0,-0.035156,0.164062,-9.796875,,,,,,,,,,
acc,1778672638.0,57.0,0.0,0.128906,-9.800781,,,,,,,,,,
acc,1778672638.0,57.0,-0.035156,0.128906,-9.800781,,,,,,,,,,
acc,1778672638.0,57.0,-0.035156,0.164062,-9.839844,,,,,,,,,,
acc,1778672638.0,57.0,-0.035156,0.128906,-9.800781,,,,,,,,,,
acc,1778672638.0,57.0,-0.035156,0.164062,-9.796875,,,,,,,,,,
acc,1778672638.0,57.0,-0.035156,0.128906,-9.800781,,,,,,,,,,
acc,1778672638.0,57.0,-0.074219,0.164062,-9.800781,,,,,,,,,,
acc,1778672638.0,57.0,-0.074219,0.164062,-9.800781,,,,,,,,,,
acc,1778672638.0,57.0,-0.074219,0.164062,-9.835938,,,,,,,,,,
acc,1778672638.0,57.0,-0.074219,0.164062,-9.800781,,,,,,,,,,
acc,1778672638.0,57.0,-0.074219,0.164062,-9.835938,,,,,,,,,,
acc,1778672638.0,57.0,-0.074219,0.164062,-9.835938,,,,,,,,,,
acc,1778672638.0,57.0,-0.113281,0.164062,-9.796875,,,,,,,,,,
acc,1778672638.0,57.0,-0.113281,0.164062,-9.839844,,,,,,,,,,
acc,1778672638.0,57.0,-0.113281,0.164062,-9.796875,,,,,,,,,,
acc,1778672638.0,57.0,-0.113281,0.164062,-9.839844,,,,,,,,,,
acc,1778672638.0,57.0,-0.152344,0.164062,-9.839844,,,,,,,,,,
acc,1778672638.0,57.0,-0.152344,0.164062,-9.796875,,,,,,,,,,
acc,1778672638.0,57.0,-0.152344,0.164062,-9.839844,,,,,,,,,,
acc,1778672638.0,57.0,-0.152344,0.164062,-9.796875,,,,,,,,,,
acc,1778672638.0,57.0,-0.152344,0.164062,-9.839844,,,,,,,,,,
acc,1778672638.0,57.0,-0.152344,0.164062,-9.796875,,,,,,,,,,
acc,1778672638.0,57.0,-0.152344,0.164062,-9.796875,,,,,,,,,,
acc,1778672638.0,57.0,-0.152344,0.164062,-9.796875,,,,,,,,,,
acc,1778672638.0,57.0,-0.152344,0.164062,-9.796875,,,,,,,,,,
acc,1778672638.0,57.0,-0.152344,0.164062,-9.796875,,,,,,,,,,
acc,1778672638.0,57.0,-0.152344,0.203125,-9.796875,,,,,,,,,,
acc,1778672638.0,57.0,-0.113281,0.203125,-9.796875,,,,,,,,,,
acc,1778672638.0,57.0,-0.152344,0.164062,-9.796875,,,,,,,,,,
acc,1778672638.0,57.0,-0.113281,0.164062,-9.796875,,,,,,,,,,
acc,1778672638.0,57.0,-0.113281,0.164062,-9.796875,,,,,,,,,,
acc,1778672638.0,57.0,-0.113281,0.164062,-9.761719,,,,,,,,,,
acc,1778672638.0,57.0,-0.113281,0.164062,-9.796875,,,,,,,,,,
acc,1778672638.0,57.0,-0.113281,0.164062,-9.796875,,,,,,,,,,
acc,1778672638.0,57.0,-0.113281,0.164062,-9.839844,,,,,,,,,,
acc,1778672639.0,58.0,-0.113281,0.128906,-9.800781,,,,,,,,,,
acc,1778672639.0,58.0,-0.074219,0.128906,-9.761719,,,,,,,,,,
acc,1778672639.0,58.0,-0.113281,0.164062,-9.761719,,,,,,,,,,
acc,1778672639.0,58.0,-0.074219,0.164062,-9.800781,,,,,,,,,,
acc,1778672639.0,58.0,-0.074219,0.164062,-9.800781,,,,,,,,,,
acc,1778672639.0,58.0,-0.074219,0.128906,-9.796875,,,,,,,,,,
acc,1778672639.0,58.0,-0.035156,0.128906,-9.800781,,,,,,,,,,
acc,1778672639.0,58.0,-0.035156,0.164062,-9.796875,,,,,,,,,,
acc,1778672639.0,58.0,-0.035156,0.128906,-9.800781,,,,,,,,,,
acc,1778672639.0,58.0,-0.074219,0.128906,-9.796875,,,,,,,,,,
acc,1778672639.0,58.0,-0.074219,0.128906,-9.796875,,,,,,,,,,
acc,1778672639.0,58.0,-0.035156,0.128906,-9.800781,,,,,,,,,,
acc,1778672639.0,58.0,-0.035156,0.128906,-9.800781,,,,,,,,,,
acc,1778672639.0,58.0,-0.035156,0.128906,-9.800781,,,,,,,,,,
acc,1778672639.0,58.0,-0.035156,0.164062,-9.796875,,,,,,,,,,
acc,1778672639.0,58.0,-0.074219,0.128906,-9.796875,,,,,,,,,,
acc,1778672639.0,58.0,-0.035156,0.128906,-9.800781,,,,,,,,,,
acc,1778672639.0,58.0,-0.074219,0.128906,-9.796875,,,,,,,,,,
acc,1778672639.0,58.0,-0.035156,0.128906,-9.835938,,,,,,,,,,
acc,1778672639.0,58.0,-0.035156,0.128906,-9.800781,,,,,,,,,,
acc,1778672639.0,58.0,-0.074219,0.128906,-9.796875,,,,,,,,,,
acc,1778672639.0,58.0,-0.074219,0.164062,-9.835938,,,,,,,,,,
acc,1778672639.0,58.0,-0.035156,0.164062,-9.839844,,,,,,,,,,
acc,1778672639.0,58.0,-0.074219,0.128906,-9.796875,,,,,,,,,,
acc,1778672639.0,58.0,-0.074219,0.128906,-9.796875,,,,,,,,,,
acc,1778672639.0,58.0,-0.074219,0.164062,-9.835938,,,,,,,,,,
acc,1778672639.0,58.0,-0.074219,0.128906,-9.796875,,,,,,,,,,
acc,1778672639.0,58.0,-0.074219,0.128906,-9.796875,,,,,,,,,,
acc,1778672639.0,58.0,-0.074219,0.128906,-9.796875,,,,,,,,,,
acc,1778672639.0,58.0,-0.074219,0.164062,-9.875,,,,,,,,,,
acc,1778672639.0,58.0,-0.113281,0.164062,-9.796875,,,,,,,,,,
acc,1778672639.0,58.0,-0.113281,0.164062,-9.796875,,,,,,,,,,
acc,1778672639.0,58.0,-0.113281,0.164062,-9.839844,,,,,,,,,,
acc,1778672639.0,58.0,-0.113281,0.203125,-9.839844,,,,,,,,,,
acc,1778672639.0,58.0,-0.113281,0.164062,-9.796875,,,,,,,,,,
acc,1778672639.0,58.0,-0.113281,0.164062,-9.796875,,,,,,,,,,
acc,1778672639.0,58.0,-0.113281,0.164062,-9.796875,,,,,,,,,,
acc,1778672639.0,58.0,-0.113281,0.203125,-9.796875,,,,,,,,,,
acc,1778672639.0,58.0,-0.113281,0.203125,-9.839844,,,,,,,,,,
acc,1778672639.0,58.0,-0.113281,0.164062,-9.839844,,,,,,,,,,
acc,1778672639.0,58.0,-0.113281,0.164062,-9.796875,,,,,,,,,,
acc,1778672639.0,58.0,-0.113281,0.164062,-9.796875,,,,,,,,,,
acc,1778672639.0,58.0,-0.113281,0.164062,-9.796875,,,,,,,,,,
acc,1778672639.0,58.0,-0.113281,0.164062,-9.839844,,,,,,,,,,
acc,1778672639.0,58.0,-0.113281,0.164062,-9.796875,,,,,,,,,,
acc,1778672639.0,58.0,-0.113281,0.164062,-9.761719,,,,,,,,,,
acc,1778672639.0,58.0,-0.074219,0.164062,-9.757812,,,,,,,,,,
acc,1778672639.0,58.0,-0.113281,0.164062,-9.796875,,,,,,,,,,
acc,1778672639.0,58.0,-0.113281,0.164062,-9.796875,,,,,,,,,,
acc,1778672639.0,58.0,-0.113281,0.164062,-9.796875,,,,,,,,,,
acc,1778672639.0,58.0,-0.113281,0.164062,-9.796875,,,,,,,,,,
acc,1778672639.0,58.0,-0.113281,0.164062,-9.796875,,,,,,,,,,
acc,1778672639.0,58.0,-0.074219,0.164062,-9.800781,,,,,,,,,,
acc,1778672639.0,58.0,-0.113281,0.164062,-9.796875,,,,,,,,,,
acc,1778672639.0,58.0,-0.113281,0.164062,-9.796875,,,,,,,,,,
acc,1778672639.0,58.0,-0.113281,0.164062,-9.796875,,,,,,,,,,
acc,1778672639.0,58.0,-0.113281,0.203125,-9.796875,,,,,,,,,,
acc,1778672639.0,58.0,-0.113281,0.164062,-9.839844,,,,,,,,,,
acc,1778672639.0,58.0,-0.074219,0.164062,-9.800781,,,,,,,,,,
acc,1778672639.0,58.0,-0.074219,0.128906,-9.839844,,,,,,,,,,
acc,1778672639.0,58.0,-0.074219,0.128906,-9.796875,,,,,,,,,,
acc,1778672639.0,58.0,-0.074219,0.128906,-9.839844,,,,,,,,,,
acc,1778672639.0,58.0,-0.074219,0.128906,-9.839844,,,,,,,,,,
acc,1778672639.0,58.0,-0.074219,0.128906,-9.796875,,,,,,,,,,
acc,1778672639.0,58.0,-0.074219,0.089844,-9.796875,,,,,,,,,,
acc,1778672639.0,58.0,-0.074219,0.128906,-9.796875,,,,,,,,,,
acc,1778672639.0,58.0,-0.074219,0.164062,-9.800781,,,,,,,,,,
acc,1778672639.0,58.0,-0.074219,0.164062,-9.835938,,,,,,,,,,
acc,1778672639.0,58.0,-0.035156,0.164062,-9.839844,,,,,,,,,,
acc,1778672639.0,58.0,-0.074219,0.164062,-9.800781,,,,,,,,,,
acc,1778672639.0,58.0,-0.074219,0.164062,-9.835938,,,,,,,,,,
acc,1778672639.0,58.0,-0.074219,0.164062,-9.800781,,,,,,,,,,
acc,1778672639.0,58.0,-0.074219,0.128906,-9.761719,,,,,,,,,,
acc,1778672639.0,58.0,-0.074219,0.164062,-9.800781,,,,,,,,,,
acc,1778672639.0,58.0,-0.074219,0.164062,-9.800781,,,,,,,,,,
acc,1778672639.0,58.0,-0.074219,0.164062,-9.800781,,,,,,,,,,
acc,1778672639.0,58.0,-0.113281,0.164062,-9.761719,,,,,,,,,,
acc,1778672639.0,58.0,-0.113281,0.164062,-9.796875,,,,,,,,,,
acc,1778672639.0,58.0,-0.113281,0.164062,-9.796875,,,,,,,,,,
acc,1778672639.0,58.0,-0.113281,0.164062,-9.796875,,,,,,,,,,
acc,1778672639.0,58.0,-0.074219,0.128906,-9.796875,,,,,,,,,,
acc,1778672639.0,58.0,-0.113281,0.164062,-9.796875,,,,,,,,,,
acc,1778672639.0,58.0,-0.074219,0.128906,-9.839844,,,,,,,,,,
acc,1778672639.0,58.0,-0.074219,0.128906,-9.796875,,,,,,,,,,
acc,1778672639.0,58.0,-0.074219,0.128906,-9.761719,,,,,,,,,,
acc,1778672639.0,58.0,-0.113281,0.164062,-9.796875,,,,,,,,,,
acc,1778672639.0,58.0,-0.113281,0.128906,-9.800781,,,,,,,,,,
acc,1778672639.0,58.0,-0.113281,0.164062,-9.839844,,,,,,,,,,
acc,1778672639.0,58.0,-0.113281,0.164062,-9.796875,,,,,,,,,,
acc,1778672639.0,58.0,-0.113281,0.164062,-9.796875,,,,,,,,,,
acc,1778672639.0,58.0,-0.113281,0.128906,-9.757812,,,,,,,,,,
acc,1778672639.0,58.0,-0.113281,0.128906,-9.800781,,,,,,,,,,
acc,1778672639.0,58.0,-0.074219,0.164062,-9.800781,,,,,,,,,,
acc,1778672639.0,58.0,-0.074219,0.128906,-9.796875,,,,,,,,,,
acc,1778672639.0,58.0,-0.113281,0.128906,-9.800781,,,,,,,,,,
acc,1778672639.0,58.0,-0.113281,0.203125,-9.839844,,,,,,,,,,
acc,1778672639.0,58.0,-0.113281,0.164062,-9.796875,,,,,,,,,,
acc,1778672639.0,58.0,-0.113281,0.164062,-9.796875,,,,,,,,,,
acc,1778672639.0,58.0,-0.113281,0.164062,-9.796875,,,,,,,,,,
acc,1778672639.0,58.0,-0.113281,0.164062,-9.796875,,,,,,,,,,
acc,1778672639.0,58.0,-0.113281,0.164062,-9.796875,,,,,,,,,,
acc,1778672639.0,58.0,-0.074219,0.164062,-9.835938,,,,,,,,,,
acc,1778672639.0,58.0,-0.074219,0.128906,-9.839844,,,,,,,,,,
acc,1778672639.0,58.0,-0.074219,0.128906,-9.796875,,,,,,,,,,
acc,1778672639.0,58.0,-0.074219,0.164062,-9.800781,,,,,,,,,,
acc,1778672639.0,58.0,-0.113281,0.164062,-9.839844,,,,,,,,,,
acc,1778672639.0,58.0,-0.113281,0.164062,-9.796875,,,,,,,,,,
acc,1778672639.0,58.0,-0.113281,0.164062,-9.796875,,,,,,,,,,
acc,1778672639.0,58.0,-0.074219,0.128906,-9.796875,,,,,,,,,,
acc,1778672639.0,58.0,-0.113281,0.164062,-9.761719,,,,,,,,,,
acc,1778672639.0,58.0,-0.074219,0.128906,-9.796875,,,,,,,,,,
acc,1778672639.0,58.0,-0.074219,0.128906,-9.796875,,,,,,,,,,
acc,1778672639.0,58.0,-0.074219,0.128906,-9.796875,,,,,,,,,,
acc,1778672639.0,58.0,-0.113281,0.128906,-9.835938,,,,,,,,,,
acc,1778672639.0,58.0,-0.074219,0.164062,-9.757812,,,,,,,,,,
acc,1778672639.0,58.0,-0.113281,0.128906,-9.800781,,,,,,,,,,
acc,1778672639.0,58.0,-0.074219,0.128906,-9.839844,,,,,,,,,,
acc,1778672639.0,58.0,-0.113281,0.128906,-9.800781,,,,,,,,,,
acc,1778672639.0,58.0,-0.074219,0.164062,-9.800781,,,,,,,,,,
acc,1778672639.0,58.0,-0.074219,0.128906,-9.839844,,,,,,,,,,
acc,1778672639.0,58.0,-0.074219,0.128906,-9.796875,,,,,,,,,,
acc,1778672639.0,58.0,-0.074219,0.128906,-9.796875,,,,,,,,,,
acc,1778672639.0,58.0,-0.074219,0.164062,-9.800781,,,,,,,,,,
acc,1778672639.0,58.0,-0.074219,0.164062,-9.757812,,,,,,,,,,
acc,1778672639.0,58.0,-0.074219,0.164062,-9.800781,,,,,,,,,,
acc,1778672639.0,58.0,-0.113281,0.164062,-9.796875,,,,,,,,,,
acc,1778672640.0,59.0,-0.113281,0.164062,-9.796875,,,,,,,,,,
acc,1778672640.0,59.0,-0.074219,0.164062,-9.800781,,,,,,,,,,
acc,1778672640.0,59.0,-0.074219,0.164062,-9.757812,,,,,,,,,,
acc,1778672640.0,59.0,-0.074219,0.164062,-9.800781,,,,,,,,,,
acc,1778672640.0,59.0,-0.074219,0.128906,-9.796875,,,,,,,,,,
acc,1778672640.0,59.0,-0.074219,0.164062,-9.835938,,,,,,,,,,
acc,1778672640.0,59.0,-0.074219,0.164062,-9.835938,,,,,,,,,,
acc,1778672640.0,59.0,-0.113281,0.164062,-9.796875,,,,,,,,,,
acc,1778672640.0,59.0,-0.074219,0.164062,-9.800781,,,,,,,,,,
acc,1778672640.0,59.0,-0.113281,0.164062,-9.796875,,,,,,,,,,
acc,1778672640.0,59.0,-0.113281,0.164062,-9.796875,,,,,,,,,,
acc,1778672640.0,59.0,-0.074219,0.164062,-9.800781,,,,,,,,,,
acc,1778672640.0,59.0,-0.074219,0.164062,-9.835938,,,,,,,,,,
acc,1778672640.0,59.0,-0.074219,0.164062,-9.835938,,,,,,,,,,
acc,1778672640.0,59.0,-0.074219,0.164062,-9.800781,,,,,,,,,,
acc,1778672640.0,59.0,-0.074219,0.128906,-9.796875,,,,,,,,,,
acc,1778672640.0,59.0,-0.113281,0.128906,-9.800781,,,,,,,,,,
acc,1778672640.0,59.0,-0.113281,0.164062,-9.796875,,,,,,,,,,
acc,1778672640.0,59.0,-0.113281,0.164062,-9.796875,,,,,,,,,,
acc,1778672640.0,59.0,-0.113281,0.164062,-9.796875,,,,,,,,,,
acc,1778672640.0,59.0,-0.113281,0.164062,-9.796875,,,,,,,,,,
acc,1778672640.0,59.0,-0.113281,0.164062,-9.796875,,,,,,,,,,
acc,1778672640.0,59.0,-0.113281,0.128906,-9.800781,,,,,,,,,,
acc,1778672640.0,59.0,-0.074219,0.128906,-9.796875,,,,,,,,,,
acc,1778672640.0,59.0,-0.074219,0.128906,-9.796875,,,,,,,,,,
acc,1778672640.0,59.0,-0.113281,0.128906,-9.800781,,,,,,,,,,
acc,1778672640.0,59.0,-0.074219,0.164062,-9.800781,,,,,,,,,,
acc,1778672640.0,59.0,-0.113281,0.164062,-9.796875,,,,,,,,,,
acc,1778672640.0,59.0,-0.113281,0.164062,-9.796875,,,,,,,,,,
acc,1778672640.0,59.0,-0.074219,0.164062,-9.800781,,,,,,,,,,
acc,1778672640.0,59.0,-0.113281,0.128906,-9.800781,,,,,,,,,,
acc,1778672640.0,59.0,-0.074219,0.128906,-9.839844,,,,,,,,,,
acc,1778672640.0,59.0,-0.113281,0.128906,-9.800781,,,,,,,,,,
acc,1778672640.0,59.0,-0.074219,0.128906,-9.796875,,,,,,,,,,
acc,1778672640.0,59.0,-0.074219,0.128906,-9.796875,,,,,,,,,,
acc,1778672640.0,59.0,-0.113281,0.128906,-9.800781,,,,,,,,,,
acc,1778672640.0,59.0,-0.074219,0.164062,-9.835938,,,,,,,,,,
acc,1778672640.0,59.0,-0.074219,0.164062,-9.800781,,,,,,,,,,
acc,1778672640.0,59.0,-0.074219,0.128906,-9.796875,,,,,,,,,,
acc,1778672640.0,59.0,-0.113281,0.164062,-9.796875,,,,,,,,,,
acc,1778672640.0,59.0,-0.113281,0.128906,-9.800781,,,,,,,,,,
acc,1778672640.0,59.0,-0.074219,0.128906,-9.839844,,,,,,,,,,
acc,1778672640.0,59.0,-0.074219,0.164062,-9.800781,,,,,,,,,,
acc,1778672640.0,59.0,-0.074219,0.164062,-9.800781,,,,,,,,,,
acc,1778672640.0,59.0,-0.074219,0.164062,-9.835938,,,,,,,,,,
acc,1778672640.0,59.0,-0.074219,0.164062,-9.800781,,,,,,,,,,
acc,1778672640.0,59.0,-0.074219,0.164062,-9.757812,,,,,,,,,,
acc,1778672640.0,59.0,-0.074219,0.203125,-9.757812,,,,,,,,,,
acc,1778672640.0,59.0,-0.113281,0.164062,-9.761719,,,,,,,,,,
acc,1778672640.0,59.0,-0.113281,0.164062,-9.839844,,,,,,,,,,
acc,1778672640.0,59.0,-0.074219,0.128906,-9.839844,,,,,,,,,,
acc,1778672640.0,59.0,-0.074219,0.164062,-9.800781,,,,,,,,,,
acc,1778672640.0,59.0,-0.074219,0.164062,-9.800781,,,,,,,,,,
acc,1778672640.0,59.0,-0.074219,0.164062,-9.800781,,,,,,,,,,
acc,1778672640.0,59.0,-0.113281,0.164062,-9.796875,,,,,,,,,,
acc,1778672640.0,59.0,-0.074219,0.164062,-9.800781,,,,,,,,,,
acc,1778672640.0,59.0,-0.113281,0.164062,-9.796875,,,,,,,,,,
acc,1778672640.0,59.0,-0.113281,0.164062,-9.839844,,,,,,,,,,
acc,1778672640.0,59.0,-0.113281,0.164062,-9.796875,,,,,,,,,,
acc,1778672640.0,59.0,-0.113281,0.164062,-9.761719,,,,,,,,,,
acc,1778672640.0,59.0,-0.074219,0.164062,-9.800781,,,,,,,,,,
acc,1778672640.0,59.0,-0.113281,0.164062,-9.796875,,,,,,,,,,
acc,1778672640.0,59.0,-0.074219,0.128906,-9.839844,,,,,,,,,,
acc,1778672640.0,59.0,-0.113281,0.164062,-9.839844,,,,,,,,,,
acc,1778672640.0,59.0,-0.074219,0.164062,-9.800781,,,,,,,,,,
acc,1778672640.0,59.0,-0.113281,0.164062,-9.761719,,,,,,,,,,
acc,1778672640.0,59.0,-0.113281,0.203125,-9.796875,,,,,,,,,,
acc,1778672640.0,59.0,-0.113281,0.164062,-9.796875,,,,,,,,,,
acc,1778672640.0,59.0,-0.113281,0.164062,-9.796875,,,,,,,,,,
acc,1778672640.0,59.0,-0.074219,0.164062,-9.800781,,,,,,,,,,
acc,1778672640.0,59.0,-0.074219,0.128906,-9.796875,,,,,,,,,,
acc,1778672640.0,59.0,-0.074219,0.128906,-9.839844,,,,,,,,,,
acc,1778672640.0,59.0,-0.074219,0.164062,-9.757812,,,,,,,,,,
acc,1778672640.0,59.0,-0.074219,0.164062,-9.800781,,,,,,,,,,
acc,1778672640.0,59.0,-0.074219,0.164062,-9.800781,,,,,,,,,,
acc,1778672640.0,59.0,-0.074219,0.164062,-9.800781,,,,,,,,,,
acc,1778672640.0,59.0,-0.113281,0.164062,-9.796875,,,,,,,,,,
acc,1778672640.0,59.0,-0.074219,0.128906,-9.761719,,,,,,,,,,
acc,1778672640.0,59.0,-0.113281,0.128906,-9.757812,,,,,,,,,,
acc,1778672640.0,59.0,-0.074219,0.128906,-9.796875,,,,,,,,,,
acc,1778672640.0,59.0,-0.074219,0.128906,-9.796875,,,,,,,,,,
acc,1778672640.0,59.0,-0.074219,0.089844,-9.796875,,,,,,,,,,
acc,1778672640.0,59.0,-0.074219,0.128906,-9.839844,,,,,,,,,,
acc,1778672640.0,59.0,-0.074219,0.128906,-9.761719,,,,,,,,,,
acc,1778672640.0,59.0,-0.074219,0.128906,-9.796875,,,,,,,,,,
acc,1778672640.0,59.0,-0.113281,0.164062,-9.796875,,,,,,,,,,
acc,1778672640.0,59.0,-0.113281,0.164062,-9.796875,,,,,,,,,,
acc,1778672640.0,59.0,-0.074219,0.128906,-9.761719,,,,,,,,,,
acc,1778672640.0,59.0,-0.074219,0.128906,-9.796875,,,,,,,,,,
acc,1778672640.0,59.0,-0.074219,0.128906,-9.796875,,,,,,,,,,
acc,1778672640.0,59.0,-0.074219,0.128906,-9.839844,,,,,,,,,,
acc,1778672640.0,59.0,-0.113281,0.128906,-9.835938,,,,,,,,,,
acc,1778672640.0,59.0,-0.074219,0.164062,-9.835938,,,,,,,,,,
acc,1778672640.0,59.0,-0.113281,0.164062,-9.796875,,,,,,,,,,
acc,1778672640.0,59.0,-0.074219,0.164062,-9.835938,,,,,,,,,,
acc,1778672640.0,59.0,-0.113281,0.164062,-9.796875,,,,,,,,,,
acc,1778672640.0,59.0,-0.113281,0.164062,-9.796875,,,,,,,,,,
acc,1778672640.0,59.0,-0.113281,0.164062,-9.796875,,,,,,,,,,
acc,1778672640.0,59.0,-0.113281,0.164062,-9.796875,,,,,,,,,,
acc,1778672640.0,59.0,-0.113281,0.164062,-9.796875,,,,,,,,,,
acc,1778672640.0,59.0,-0.074219,0.128906,-9.796875,,,,,,,,,,
acc,1778672640.0,59.0,-0.113281,0.128906,-9.835938,,,,,,,,,,
acc,1778672640.0,59.0,-0.074219,0.128906,-9.761719,,,,,,,,,,
acc,1778672640.0,59.0,-0.074219,0.164062,-9.800781,,,,,,,,,,
acc,1778672640.0,59.0,-0.113281,0.164062,-9.796875,,,,,,,,,,
acc,1778672640.0,59.0,-0.113281,0.164062,-9.796875,,,,,,,,,,
acc,1778672640.0,59.0,-0.113281,0.164062,-9.761719,,,,,,,,,,
acc,1778672640.0,59.0,-0.113281,0.164062,-9.839844,,,,,,,,,,
acc,1778672640.0,59.0,-0.074219,0.203125,-9.800781,,,,,,,,,,
acc,1778672640.0,59.0,-0.074219,0.164062,-9.757812,,,,,,,,,,
acc,1778672640.0,59.0,-0.074219,0.164062,-9.800781,,,,,,,,,,
acc,1778672640.0,59.0,-0.074219,0.164062,-9.835938,,,,,,,,,,
acc,1778672640.0,59.0,-0.074219,0.164062,-9.800781,,,,,,,,,,
acc,1778672640.0,59.0,-0.074219,0.164062,-9.835938,,,,,,,,,,
acc,1778672640.0,59.0,-0.074219,0.203125,-9.800781,,,,,,,,,,
acc,1778672640.0,59.0,-0.113281,0.164062,-9.761719,,,,,,,,,,
acc,1778672640.0,59.0,-0.113281,0.164062,-9.796875,,,,,,,,,,
acc,1778672640.0,59.0,-0.113281,0.164062,-9.796875,,,,,,,,,,
acc,1778672640.0,59.0,-0.074219,0.164062,-9.800781,,,,,,,,,,
acc,1778672640.0,59.0,-0.074219,0.128906,-9.839844,,,,,,,,,,
acc,1778672640.0,59.0,-0.074219,0.164062,-9.835938,,,,,,,,,,
acc,1778672640.0,59.0,-0.074219,0.128906,-9.839844,,,,,,,,,,
acc,1778672640.0,59.0,-0.074219,0.128906,-9.796875,,,,,,,,,,
acc,1778672640.0,59.0,-0.113281,0.164062,-9.796875,,,,,,,,,,
acc,1778672640.0,59.0,-0.113281,0.164062,-9.796875,,,,,,,,,,
acc,1778672640.0,59.0,-0.113281,0.164062,-9.796875,,,,,,,,,,
acc,1778672640.0,59.0,-0.074219,0.128906,-9.839844,,,,,,,,,,
acc,1778672641.0,60.0,-0.074219,0.164062,-9.800781,,,,,,,,,,
acc,1778672641.0,60.0,-0.074219,0.128906,-9.796875,,,,,,,,,,
acc,1778672641.0,60.0,-0.074219,0.128906,-9.796875,,,,,,,,,,
acc,1778672641.0,60.0,-0.074219,0.164062,-9.800781,,,,,,,,,,
acc,1778672641.0,60.0,-0.074219,0.164062,-9.800781,,,,,,,,,,
acc,1778672641.0,60.0,-0.113281,0.164062,-9.839844,,,,,,,,,,
acc,1778672641.0,60.0,-0.074219,0.164062,-9.800781,,,,,,,,,,
acc,1778672641.0,60.0,-0.113281,0.203125,-9.796875,,,,,,,,,,
acc,1778672641.0,60.0,-0.113281,0.164062,-9.796875,,,,,,,,,,
acc,1778672641.0,60.0,-0.113281,0.164062,-9.761719,,,,,,,,,,
acc,1778672641.0,60.0,-0.113281,0.164062,-9.796875,,,,,,,,,,
acc,1778672641.0,60.0,-0.074219,0.164062,-9.800781,,,,,,,,,,
acc,1778672641.0,60.0,-0.074219,0.128906,-9.839844,,,,,,,,,,
acc,1778672641.0,60.0,-0.074219,0.164062,-9.800781,,,,,,,,,,
acc,1778672641.0,60.0,-0.113281,0.164062,-9.796875,,,,,,,,,,
acc,1778672641.0,60.0,-0.074219,0.164062,-9.800781,,,,,,,,,,
acc,1778672641.0,60.0,-0.113281,0.128906,-9.800781,,,,,,,,,,
acc,1778672641.0,60.0,-0.113281,0.164062,-9.796875,,,,,,,,,,
acc,1778672641.0,60.0,-0.113281,0.164062,-9.796875,,,,,,,,,,
acc,1778672641.0,60.0,-0.074219,0.128906,-9.839844,,,,,,,,,,
acc,1778672641.0,60.0,-0.035156,0.128906,-9.800781,,,,,,,,,,
acc,1778672641.0,60.0,-0.074219,0.128906,-9.796875,,,,,,,,,,
acc,1778672641.0,60.0,-0.074219,0.128906,-9.796875,,,,,,,,,,
acc,1778672641.0,60.0,-0.074219,0.128906,-9.796875,,,,,,,,,,
acc,1778672641.0,60.0,-0.074219,0.128906,-9.796875,,,,,,,,,,
acc,1778672641.0,60.0,-0.074219,0.164062,-9.800781,,,,,,,,,,
acc,1778672641.0,60.0,-0.074219,0.164062,-9.800781,,,,,,,,,,
acc,1778672641.0,60.0,-0.113281,0.128906,-9.800781,,,,,,,,,,
acc,1778672641.0,60.0,-0.113281,0.128906,-9.800781,,,,,,,,,,
acc,1778672641.0,60.0,-0.074219,0.164062,-9.835938,,,,,,,,,,
acc,1778672641.0,60.0,-0.074219,0.164062,-9.800781,,,,,,,,,,
acc,1778672641.0,60.0,-0.074219,0.164062,-9.835938,,,,,,,,,,
acc,1778672641.0,60.0,-0.074219,0.128906,-9.839844,,,,,,,,,,
acc,1778672641.0,60.0,-0.074219,0.128906,-9.796875,,,,,,,,,,
acc,1778672641.0,60.0,-0.113281,0.164062,-9.796875,,,,,,,,,,
acc,1778672641.0,60.0,-0.113281,0.164062,-9.796875,,,,,,,,,,
acc,1778672641.0,60.0,-0.074219,0.164062,-9.800781,,,,,,,,,,
acc,1778672641.0,60.0,-0.074219,0.164062,-9.800781,,,,,,,,,,
acc,1778672641.0,60.0,-0.074219,0.164062,-9.800781,,,,,,,,,,
acc,1778672641.0,60.0,-0.113281,0.164062,-9.796875,,,,,,,,,,
acc,1778672641.0,60.0,-0.074219,0.164062,-9.800781,,,,,,,,,,
acc,1778672641.0,60.0,-0.074219,0.128906,-9.796875,,,,,,,,,,
acc,1778672641.0,60.0,-0.074219,0.164062,-9.800781,,,,,,,,,,
acc,1778672641.0,60.0,-0.074219,0.128906,-9.796875,,,,,,,,,,
acc,1778672641.0,60.0,-0.113281,0.164062,-9.796875,,,,,,,,,,
acc,1778672641.0,60.0,-0.113281,0.164062,-9.796875,,,,,,,,,,
acc,1778672641.0,60.0,-0.113281,0.164062,-9.796875,,,,,,,,,,
acc,1778672641.0,60.0,-0.113281,0.164062,-9.796875,,,,,,,,,,
acc,1778672641.0,60.0,-0.113281,0.164062,-9.796875,,,,,,,,,,
acc,1778672641.0,60.0,-0.113281,0.164062,-9.796875,,,,,,,,,,
acc,1778672641.0,60.0,-0.074219,0.164062,-9.800781,,,,,,,,,,
acc,1778672641.0,60.0,-0.074219,0.164062,-9.800781,,,,,,,,,,
acc,1778672641.0,60.0,-0.074219,0.164062,-9.800781,,,,,,,,,,
acc,1778672641.0,60.0,-0.074219,0.164062,-9.800781,,,,,,,,,,
acc,1778672641.0,60.0,-0.113281,0.203125,-9.761719,,,,,,,,,,
acc,1778672641.0,60.0,-0.074219,0.164062,-9.800781,,,,,,,,,,
acc,1778672641.0,60.0,-0.113281,0.164062,-9.796875,,,,,,,,,,
acc,1778672641.0,60.0,-0.113281,0.164062,-9.796875,,,,,,,,,,
acc,1778672641.0,60.0,-0.113281,0.128906,-9.800781,,,,,,,,,,
acc,1778672641.0,60.0,-0.074219,0.128906,-9.796875,,,,,,,,,,
acc,1778672641.0,60.0,-0.074219,0.128906,-9.796875,,,,,,,,,,
acc,1778672641.0,60.0,-0.074219,0.128906,-9.796875,,,,,,,,,,
acc,1778672641.0,60.0,-0.074219,0.164062,-9.835938,,,,,,,,,,
acc,1778672641.0,60.0,-0.074219,0.128906,-9.796875,,,,,,,,,,
acc,1778672641.0,60.0,-0.113281,0.164062,-9.796875,,,,,,,,,,
acc,1778672641.0,60.0,-0.113281,0.164062,-9.796875,,,,,,,,,,
acc,1778672641.0,60.0,-0.113281,0.164062,-9.761719,,,,,,,,,,
acc,1778672641.0,60.0,-0.074219,0.164062,-9.800781,,,,,,,,,,
acc,1778672641.0,60.0,-0.113281,0.164062,-9.761719,,,,,,,,,,
acc,1778672641.0,60.0,-0.074219,0.128906,-9.796875,,,,,,,,,,
acc,1778672641.0,60.0,-0.074219,0.128906,-9.796875,,,,,,,,,,
acc,1778672641.0,60.0,-0.074219,0.164062,-9.800781,,,,,,,,,,
acc,1778672641.0,60.0,-0.074219,0.203125,-9.800781,,,,,,,,,,
acc,1778672641.0,60.0,-0.074219,0.203125,-9.800781,,,,,,,,,,
acc,1778672641.0,60.0,-0.074219,0.203125,-9.800781,,,,,,,,,,
acc,1778672641.0,60.0,-0.074219,0.164062,-9.757812,,,,,,,,,,
acc,1778672641.0,60.0,-0.113281,0.203125,-9.761719,,,,,,,,,,
acc,1778672641.0,60.0,-0.074219,0.164062,-9.800781,,,,,,,,,,
acc,1778672641.0,60.0,-0.074219,0.164062,-9.800781,,,,,,,,,,
acc,1778672641.0,60.0,-0.074219,0.164062,-9.800781,,,,,,,,,,
acc,1778672641.0,60.0,-0.074219,0.128906,-9.796875,,,,,,,,,,
acc,1778672641.0,60.0,-0.113281,0.128906,-9.835938,,,,,,,,,,
acc,1778672641.0,60.0,-0.074219,0.164062,-9.800781,,,,,,,,,,
acc,1778672641.0,60.0,-0.113281,0.164062,-9.839844,,,,,,,,,,
acc,1778672641.0,60.0,-0.113281,0.128906,-9.800781,,,,,,,,,,
acc,1778672641.0,60.0,-0.113281,0.164062,-9.796875,,,,,,,,,,
acc,1778672641.0,60.0,-0.113281,0.164062,-9.796875,,,,,,,,,,
acc,1778672641.0,60.0,-0.113281,0.164062,-9.796875,,,,,,,,,,
acc,1778672641.0,60.0,-0.113281,0.128906,-9.800781,,,,,,,,,,
acc,1778672641.0,60.0,-0.074219,0.128906,-9.839844,,,,,,,,,,
acc,1778672641.0,60.0,-0.113281,0.128906,-9.835938,,,,,,,,,,
acc,1778672641.0,60.0,-0.074219,0.128906,-9.839844,,,,,,,,,,
acc,1778672641.0,60.0,-0.113281,0.164062,-9.839844,,,,,,,,,,
acc,1778672641.0,60.0,-0.113281,0.164062,-9.796875,,,,,,,,,,
acc,1778672641.0,60.0,-0.113281,0.128906,-9.800781,,,,,,,,,,
acc,1778672641.0,60.0,-0.113281,0.128906,-9.800781,,,,,,,,,,
acc,1778672641.0,60.0,-0.113281,0.128906,-9.835938,,,,,,,,,,
acc,1778672641.0,60.0,-0.074219,0.089844,-9.796875,,,,,,,,,,
acc,1778672641.0,60.0,-0.074219,0.128906,-9.796875,,,,,,,,,,
acc,1778672641.0,60.0,-0.035156,0.128906,-9.800781,,,,,,,,,,
acc,1778672641.0,60.0,-0.035156,0.128906,-9.835938,,,,,,,,,,
acc,1778672641.0,60.0,-0.035156,0.128906,-9.800781,,,,,,,,,,
acc,1778672641.0,60.0,-0.074219,0.128906,-9.796875,,,,,,,,,,
acc,1778672641.0,60.0,-0.074219,0.128906,-9.796875,,,,,,,,,,
acc,1778672641.0,60.0,-0.074219,0.164062,-9.757812,,,,,,,,,,
acc,1778672641.0,60.0,-0.074219,0.164062,-9.757812,,,,,,,,,,
acc,1778672641.0,60.0,-0.074219,0.164062,-9.757812,,,,,,,,,,
acc,1778672641.0,60.0,-0.074219,0.164062,-9.757812,,,,,,,,,,
acc,1778672641.0,60.0,-0.074219,0.128906,-9.796875,,,,,,,,,,
acc,1778672641.0,60.0,-0.035156,0.128906,-9.835938,,,,,,,,,,
acc,1778672641.0,60.0,-0.074219,0.128906,-9.796875,,,,,,,,,,
acc,1778672641.0,60.0,-0.074219,0.128906,-9.761719,,,,,,,,,,
acc,1778672641.0,60.0,-0.113281,0.164062,-9.796875,,,,,,,,,,
acc,1778672641.0,60.0,-0.113281,0.164062,-9.796875,,,,,,,,,,
acc,1778672641.0,60.0,-0.113281,0.164062,-9.761719,,,,,,,,,,
acc,1778672641.0,60.0,-0.113281,0.203125,-9.839844,,,,,,,,,,
acc,1778672641.0,60.0,-0.113281,0.164062,-9.796875,,,,,,,,,,
acc,1778672641.0,60.0,-0.113281,0.164062,-9.796875,,,,,,,,,,
acc,1778672641.0,60.0,-0.113281,0.164062,-9.839844,,,,,,,,,,
acc,1778672641.0,60.0,-0.113281,0.164062,-9.839844,,,,,,,,,,
acc,1778672641.0,60.0,-0.113281,0.164062,-9.839844,,,,,,,,,,
acc,1778672641.0,60.0,-0.113281,0.164062,-9.839844,,,,,,,,,,
acc,1778672641.0,60.0,-0.152344,0.164062,-9.878906,,,,,,,,,,
acc,1778672641.0,60.0,-0.191406,0.164062,-9.835938,,,,,,,,,,
acc,1778672641.0,60.0,-0.152344,0.203125,-9.796875,,,,,,,,,,
acc,1778672641.0,60.0,-0.152344,0.164062,-9.796875,,,,,,,,,,
acc,1778672641.0,60.0,-0.113281,0.164062,-9.839844,,,,,,,,,,
acc,1778672641.0,60.0,-0.113281,0.164062,-9.839844,,,,,,,,,,
acc,1778672641.0,60.0,-0.113281,0.128906,-9.835938,,,,,,,,,,
acc,1778672642.0,61.0,-0.113281,0.164062,-9.839844,,,,,,,,,,
acc,1778672642.0,61.0,-0.074219,0.128906,-9.839844,,,,,,,,,,
acc,1778672642.0,61.0,-0.113281,0.164062,-9.796875,,,,,,,,,,
acc,1778672642.0,61.0,-0.113281,0.128906,-9.800781,,,,,,,,,,
acc,1778672642.0,61.0,-0.113281,0.128906,-9.757812,,,,,,,,,,
acc,1778672642.0,61.0,-0.113281,0.164062,-9.796875,,,,,,,,,,
acc,1778672642.0,61.0,-0.113281,0.164062,-9.796875,,,,,,,,,,
acc,1778672642.0,61.0,-0.074219,0.164062,-9.800781,,,,,,,,,,
acc,1778672642.0,61.0,-0.074219,0.164062,-9.800781,,,,,,,,,,
acc,1778672642.0,61.0,-0.074219,0.164062,-9.800781,,,,,,,,,,
acc,1778672642.0,61.0,-0.035156,0.164062,-9.796875,,,,,,,,,,
acc,1778672642.0,61.0,-0.035156,0.164062,-9.761719,,,,,,,,,,
acc,1778672642.0,61.0,-0.035156,0.164062,-9.761719,,,,,,,,,,
acc,1778672642.0,61.0,-0.074219,0.164062,-9.800781,,,,,,,,,,
acc,1778672642.0,61.0,-0.074219,0.203125,-9.800781,,,,,,,,,,
acc,1778672642.0,61.0,-0.035156,0.164062,-9.796875,,,,,,,,,,
acc,1778672642.0,61.0,-0.035156,0.164062,-9.761719,,,,,,,,,,
acc,1778672642.0,61.0,-0.035156,0.164062,-9.796875,,,,,,,,,,
acc,1778672642.0,61.0,-0.035156,0.164062,-9.796875,,,,,,,,,,
acc,1778672642.0,61.0,-0.035156,0.128906,-9.835938,,,,,,,,,,
acc,1778672642.0,61.0,-0.035156,0.164062,-9.796875,,,,,,,,,,
acc,1778672642.0,61.0,-0.035156,0.164062,-9.796875,,,,,,,,,,
acc,1778672642.0,61.0,-0.074219,0.203125,-9.800781,,,,,,,,,,
acc,1778672642.0,61.0,-0.074219,0.164062,-9.800781,,,,,,,,,,
acc,1778672642.0,61.0,-0.113281,0.128906,-9.757812,,,,,,,,,,
acc,1778672642.0,61.0,-0.074219,0.164062,-9.875,,,,,,,,,,
acc,1778672642.0,61.0,-0.074219,0.128906,-9.796875,,,,,,,,,,
acc,1778672642.0,61.0,-0.074219,0.128906,-9.839844,,,,,,,,,,
acc,1778672642.0,61.0,-0.074219,0.128906,-9.917969,,,,,,,,,,
acc,1778672642.0,61.0,-0.074219,0.128906,-9.796875,,,,,,,,,,
acc,1778672642.0,61.0,-0.074219,0.164062,-9.914062,,,,,,,,,,
acc,1778672642.0,61.0,-0.113281,0.128906,-9.835938,,,,,,,,,,
acc,1778672642.0,61.0,-0.113281,0.164062,-9.839844,,,,,,,,,,
acc,1778672642.0,61.0,-0.152344,0.128906,-9.835938,,,,,,,,,,
acc,1778672642.0,61.0,-0.152344,0.089844,-9.835938,,,,,,,,,,
acc,1778672642.0,61.0,-0.152344,0.089844,-9.835938,,,,,,,,,,
acc,1778672642.0,61.0,-0.113281,0.089844,-9.757812,,,,,,,,,,
acc,1778672642.0,61.0,-0.113281,0.089844,-9.800781,,,,,,,,,,
acc,1778672642.0,61.0,-0.152344,0.089844,-9.835938,,,,,,,,,,
acc,1778672642.0,61.0,-0.113281,0.089844,-9.835938,,,,,,,,,,
acc,1778672642.0,61.0,-0.152344,0.089844,-9.800781,,,,,,,,,,
acc,1778672642.0,61.0,-0.113281,0.128906,-9.800781,,,,,,,,,,
acc,1778672642.0,61.0,-0.152344,0.128906,-9.757812,,,,,,,,,,
acc,1778672642.0,61.0,-0.113281,0.164062,-9.796875,,,,,,,,,,
acc,1778672642.0,61.0,-0.152344,0.164062,-9.796875,,,,,,,,,,
acc,1778672642.0,61.0,-0.113281,0.164062,-9.761719,,,,,,,,,,
acc,1778672642.0,61.0,-0.113281,0.164062,-9.796875,,,,,,,,,,
acc,1778672642.0,61.0,-0.113281,0.164062,-9.796875,,,,,,,,,,
acc,1778672642.0,61.0,-0.074219,0.164062,-9.757812,,,,,,,,,,
acc,1778672642.0,61.0,-0.074219,0.164062,-9.800781,,,,,,,,,,
acc,1778672642.0,61.0,-0.113281,0.203125,-9.796875,,,,,,,,,,
acc,1778672642.0,61.0,-0.074219,0.203125,-9.757812,,,,,,,,,,
acc,1778672642.0,61.0,-0.113281,0.203125,-9.796875,,,,,,,,,,
acc,1778672642.0,61.0,-0.113281,0.203125,-9.761719,,,,,,,,,,
acc,1778672642.0,61.0,-0.113281,0.203125,-9.796875,,,,,,,,,,
acc,1778672642.0,61.0,-0.074219,0.203125,-9.757812,,,,,,,,,,
acc,1778672642.0,61.0,-0.074219,0.164062,-9.800781,,,,,,,,,,
acc,1778672642.0,61.0,-0.074219,0.164062,-9.800781,,,,,,,,,,
acc,1778672642.0,61.0,-0.074219,0.203125,-9.800781,,,,,,,,,,
acc,1778672642.0,61.0,-0.113281,0.164062,-9.796875,,,,,,,,,,
acc,1778672642.0,61.0,-0.074219,0.164062,-9.835938,,,,,,,,,,
acc,1778672642.0,61.0,-0.113281,0.164062,-9.796875,,,,,,,,,,
acc,1778672642.0,61.0,-0.074219,0.164062,-9.800781,,,,,,,,,,
acc,1778672642.0,61.0,-0.074219,0.164062,-9.800781,,,,,,,,,,
acc,1778672642.0,61.0,-0.074219,0.164062,-9.835938,,,,,,,,,,
acc,1778672642.0,61.0,-0.074219,0.164062,-9.800781,,,,,,,,,,
acc,1778672642.0,61.0,-0.074219,0.128906,-9.839844,,,,,,,,,,
acc,1778672642.0,61.0,-0.074219,0.128906,-9.878906,,,,,,,,,,
acc,1778672642.0,61.0,-0.074219,0.164062,-9.835938,,,,,,,,,,
acc,1778672642.0,61.0,-0.074219,0.164062,-9.835938,,,,,,,,,,
acc,1778672642.0,61.0,-0.074219,0.164062,-9.835938,,,,,,,,,,
acc,1778672642.0,61.0,-0.113281,0.164062,-9.839844,,,,,,,,,,
acc,1778672642.0,61.0,-0.113281,0.164062,-9.839844,,,,,,,,,,
acc,1778672642.0,61.0,-0.113281,0.164062,-9.839844,,,,,,,,,,
acc,1778672642.0,61.0,-0.113281,0.128906,-9.800781,,,,,,,,,,
acc,1778672642.0,61.0,-0.074219,0.128906,-9.796875,,,,,,,,,,
acc,1778672642.0,61.0,-0.074219,0.128906,-9.796875,,,,,,,,,,
acc,1778672642.0,61.0,-0.035156,0.128906,-9.800781,,,,,,,,,,
acc,1778672642.0,61.0,-0.074219,0.128906,-9.796875,,,,,,,,,,
acc,1778672642.0,61.0,-0.074219,0.128906,-9.796875,,,,,,,,,,
acc,1778672642.0,61.0,-0.113281,0.164062,-9.796875,,,,,,,,,,
acc,1778672642.0,61.0,-0.074219,0.164062,-9.800781,,,,,,,,,,
acc,1778672642.0,61.0,-0.113281,0.164062,-9.796875,,,,,,,,,,
acc,1778672642.0,61.0,-0.074219,0.164062,-9.757812,,,,,,,,,,
acc,1778672642.0,61.0,-0.113281,0.164062,-9.796875,,,,,,,,,,
acc,1778672642.0,61.0,-0.074219,0.128906,-9.796875,,,,,,,,,,
acc,1778672642.0,61.0,-0.074219,0.128906,-9.796875,,,,,,,,,,
acc,1778672642.0,61.0,-0.074219,0.128906,-9.796875,,,,,,,,,,
acc,1778672642.0,61.0,-0.074219,0.128906,-9.796875,,,,,,,,,,
acc,1778672642.0,61.0,-0.074219,0.128906,-9.796875,,,,,,,,,,
acc,1778672642.0,61.0,-0.074219,0.128906,-9.796875,,,,,,,,,,
acc,1778672642.0,61.0,-0.074219,0.128906,-9.761719,,,,,,,,,,
acc,1778672642.0,61.0,-0.113281,0.128906,-9.757812,,,,,,,,,,
acc,1778672642.0,61.0,-0.074219,0.089844,-9.796875,,,,,,,,,,
acc,1778672642.0,61.0,-0.074219,0.089844,-9.761719,,,,,,,,,,
acc,1778672642.0,61.0,-0.074219,0.050781,-9.800781,,,,,,,,,,
acc,1778672642.0,61.0,-0.074219,0.050781,-9.835938,,,,,,,,,,
acc,1778672642.0,61.0,-0.074219,0.050781,-9.800781,,,,,,,,,,
acc,1778672642.0,61.0,-0.074219,0.050781,-9.757812,,,,,,,,,,
acc,1778672642.0,61.0,-0.074219,0.089844,-9.796875,,,,,,,,,,
acc,1778672642.0,61.0,-0.113281,0.089844,-9.800781,,,,,,,,,,
acc,1778672642.0,61.0,-0.113281,0.128906,-9.757812,,,,,,,,,,
acc,1778672642.0,61.0,-0.113281,0.128906,-9.800781,,,,,,,,,,
acc,1778672642.0,61.0,-0.113281,0.128906,-9.800781,,,,,,,,,,
acc,1778672642.0,61.0,-0.113281,0.164062,-9.796875,,,,,,,,,,
acc,1778672642.0,61.0,-0.113281,0.164062,-9.839844,,,,,,,,,,
acc,1778672642.0,61.0,-0.113281,0.164062,-9.796875,,,,,,,,,,
acc,1778672642.0,61.0,-0.113281,0.203125,-9.839844,,,,,,,,,,
acc,1778672642.0,61.0,-0.113281,0.203125,-9.839844,,,,,,,,,,
acc,1778672642.0,61.0,-0.152344,0.203125,-9.796875,,,,,,,,,,
acc,1778672642.0,61.0,-0.113281,0.203125,-9.796875,,,,,,,,,,
acc,1778672642.0,61.0,-0.113281,0.203125,-9.796875,,,,,,,,,,
acc,1778672642.0,61.0,-0.152344,0.203125,-9.796875,,,,,,,,,,
acc,1778672642.0,61.0,-0.113281,0.203125,-9.796875,,,,,,,,,,
acc,1778672642.0,61.0,-0.113281,0.164062,-9.839844,,,,,,,,,,
acc,1778672642.0,61.0,-0.074219,0.164062,-9.875,,,,,,,,,,
acc,1778672642.0,61.0,-0.074219,0.164062,-9.835938,,,,,,,,,,
acc,1778672642.0,61.0,-0.074219,0.164062,-9.835938,,,,,,,,,,
acc,1778672642.0,61.0,-0.074219,0.203125,-9.800781,,,,,,,,,,
acc,1778672642.0,61.0,-0.113281,0.164062,-9.796875,,,,,,,,,,
acc,1778672642.0,61.0,-0.113281,0.164062,-9.796875,,,,,,,,,,
acc,1778672642.0,61.0,-0.113281,0.164062,-9.839844,,,,,,,,,,
acc,1778672642.0,61.0,-0.113281,0.164062,-9.796875,,,,,,,,,,
acc,1778672642.0,61.0,-0.074219,0.164062,-9.800781,,,,,,,,,,
acc,1778672642.0,61.0,-0.074219,0.164062,-9.800781,,,,,,,,,,
acc,1778672642.0,61.0,-0.074219,0.164062,-9.800781,,,,,,,,,,
acc,1778672642.0,61.0,-0.074219,0.164062,-9.800781,,,,,,,,,,
acc,1778672642.0,61.0,-0.035156,0.164062,-9.796875,,,,,,,,,,
acc,1778672642.0,61.0,-0.074219,0.203125,-9.800781,,,,,,,,,,
acc,1778672642.0,61.0,-0.074219,0.203125,-9.800781,,,,,,,,,,
acc,1778672643.0,62.0,-0.113281,0.203125,-9.796875,,,,,,,,,,
acc,1778672643.0,62.0,-0.074219,0.164062,-9.800781,,,,,,,,,,
acc,1778672643.0,62.0,-0.074219,0.164062,-9.800781,,,,,,,,,,
acc,1778672643.0,62.0,-0.035156,0.164062,-9.839844,,,,,,,,,,
acc,1778672643.0,62.0,-0.035156,0.164062,-9.796875,,,,,,,,,,
acc,1778672643.0,62.0,-0.074219,0.164062,-9.800781,,,,,,,,,,
acc,1778672643.0,62.0,-0.074219,0.128906,-9.796875,,,,,,,,,,
acc,1778672643.0,62.0,-0.074219,0.164062,-9.800781,,,,,,,,,,
acc,1778672643.0,62.0,-0.113281,0.128906,-9.800781,,,,,,,,,,
acc,1778672643.0,62.0,-0.113281,0.128906,-9.800781,,,,,,,,,,
acc,1778672643.0,62.0,-0.113281,0.128906,-9.800781,,,,,,,,,,
acc,1778672643.0,62.0,-0.074219,0.128906,-9.796875,,,,,,,,,,
acc,1778672643.0,62.0,-0.113281,0.089844,-9.835938,,,,,,,,,,
acc,1778672643.0,62.0,-0.113281,0.128906,-9.800781,,,,,,,,,,
acc,1778672643.0,62.0,-0.074219,0.089844,-9.796875,,,,,,,,,,
acc,1778672643.0,62.0,-0.113281,0.128906,-9.800781,,,,,,,,,,
acc,1778672643.0,62.0,-0.113281,0.128906,-9.800781,,,,,,,,,,
acc,1778672643.0,62.0,-0.113281,0.128906,-9.800781,,,,,,,,,,
acc,1778672643.0,62.0,-0.113281,0.128906,-9.800781,,,,,,,,,,
acc,1778672643.0,62.0,-0.113281,0.089844,-9.800781,,,,,,,,,,
acc,1778672643.0,62.0,-0.113281,0.128906,-9.800781,,,,,,,,,,
acc,1778672643.0,62.0,-0.074219,0.128906,-9.796875,,,,,,,,,,
acc,1778672643.0,62.0,-0.113281,0.089844,-9.800781,,,,,,,,,,
acc,1778672643.0,62.0,-0.113281,0.128906,-9.835938,,,,,,,,,,
acc,1778672643.0,62.0,-0.113281,0.128906,-9.835938,,,,,,,,,,
acc,1778672643.0,62.0,-0.074219,0.128906,-9.839844,,,,,,,,,,
acc,1778672643.0,62.0,-0.113281,0.089844,-9.800781,,,,,,,,,,
acc,1778672643.0,62.0,-0.113281,0.128906,-9.800781,,,,,,,,,,
acc,1778672643.0,62.0,-0.113281,0.128906,-9.800781,,,,,,,,,,
acc,1778672643.0,62.0,-0.113281,0.128906,-9.800781,,,,,,,,,,
acc,1778672643.0,62.0,-0.113281,0.164062,-9.796875,,,,,,,,,,
acc,1778672643.0,62.0,-0.074219,0.128906,-9.796875,,,,,,,,,,
acc,1778672643.0,62.0,-0.113281,0.128906,-9.800781,,,,,,,,,,
acc,1778672643.0,62.0,-0.074219,0.128906,-9.839844,,,,,,,,,,
acc,1778672643.0,62.0,-0.074219,0.164062,-9.800781,,,,,,,,,,
acc,1778672643.0,62.0,-0.074219,0.164062,-9.800781,,,,,,,,,,
acc,1778672643.0,62.0,-0.113281,0.164062,-9.839844,,,,,,,,,,
acc,1778672643.0,62.0,-0.113281,0.164062,-9.796875,,,,,,,,,,
acc,1778672643.0,62.0,-0.113281,0.164062,-9.796875,,,,,,,,,,
acc,1778672643.0,62.0,-0.113281,0.164062,-9.796875,,,,,,,,,,
acc,1778672643.0,62.0,-0.113281,0.164062,-9.796875,,,,,,,,,,
acc,1778672643.0,62.0,-0.074219,0.203125,-9.800781,,,,,,,,,,
acc,1778672643.0,62.0,-0.074219,0.164062,-9.835938,,,,,,,,,,
acc,1778672643.0,62.0,-0.074219,0.164062,-9.800781,,,,,,,,,,
acc,1778672643.0,62.0,-0.074219,0.164062,-9.800781,,,,,,,,,,
acc,1778672643.0,62.0,-0.035156,0.164062,-9.796875,,,,,,,,,,
acc,1778672643.0,62.0,-0.074219,0.203125,-9.757812,,,,,,,,,,
acc,1778672643.0,62.0,-0.074219,0.203125,-9.800781,,,,,,,,,,
acc,1778672643.0,62.0,-0.074219,0.203125,-9.800781,,,,,,,,,,
acc,1778672643.0,62.0,-0.074219,0.203125,-9.800781,,,,,,,,,,
acc,1778672643.0,62.0,-0.074219,0.203125,-9.800781,,,,,,,,,,
acc,1778672643.0,62.0,-0.113281,0.164062,-9.796875,,,,,,,,,,
acc,1778672643.0,62.0,-0.074219,0.164062,-9.800781,,,,,,,,,,
acc,1778672643.0,62.0,-0.074219,0.164062,-9.800781,,,,,,,,,,
acc,1778672643.0,62.0,-0.113281,0.164062,-9.796875,,,,,,,,,,
acc,1778672643.0,62.0,-0.113281,0.164062,-9.839844,,,,,,,,,,
acc,1778672643.0,62.0,-0.074219,0.164062,-9.800781,,,,,,,,,,
acc,1778672643.0,62.0,-0.074219,0.164062,-9.800781,,,,,,,,,,
acc,1778672643.0,62.0,-0.074219,0.164062,-9.800781,,,,,,,,,,
acc,1778672643.0,62.0,-0.113281,0.164062,-9.796875,,,,,,,,,,
acc,1778672643.0,62.0,-0.074219,0.128906,-9.839844,,,,,,,,,,
acc,1778672643.0,62.0,-0.113281,0.128906,-9.800781,,,,,,,,,,
acc,1778672643.0,62.0,-0.074219,0.128906,-9.839844,,,,,,,,,,
acc,1778672643.0,62.0,-0.113281,0.128906,-9.800781,,,,,,,,,,
acc,1778672643.0,62.0,-0.113281,0.128906,-9.757812,,,,,,,,,,
acc,1778672643.0,62.0,-0.074219,0.164062,-9.835938,,,,,,,,,,
acc,1778672643.0,62.0,-0.113281,0.128906,-9.800781,,,,,,,,,,
acc,1778672643.0,62.0,-0.113281,0.128906,-9.800781,,,,,,,,,,
acc,1778672643.0,62.0,-0.074219,0.128906,-9.839844,,,,,,,,,,
acc,1778672643.0,62.0,-0.113281,0.128906,-9.757812,,,,,,,,,,
acc,1778672643.0,62.0,-0.113281,0.128906,-9.800781,,,,,,,,,,
acc,1778672643.0,62.0,-0.113281,0.128906,-9.800781,,,,,,,,,,
acc,1778672643.0,62.0,-0.113281,0.089844,-9.835938,,,,,,,,,,
acc,1778672643.0,62.0,-0.113281,0.089844,-9.800781,,,,,,,,,,
acc,1778672643.0,62.0,-0.113281,0.089844,-9.800781,,,,,,,,,,
acc,1778672643.0,62.0,-0.113281,0.128906,-9.800781,,,,,,,,,,
acc,1778672643.0,62.0,-0.113281,0.128906,-9.800781,,,,,,,,,,
acc,1778672643.0,62.0,-0.113281,0.128906,-9.800781,,,,,,,,,,
acc,1778672643.0,62.0,-0.074219,0.128906,-9.796875,,,,,,,,,,
acc,1778672643.0,62.0,-0.113281,0.128906,-9.757812,,,,,,,,,,
acc,1778672643.0,62.0,-0.074219,0.128906,-9.839844,,,,,,,,,,
acc,1778672643.0,62.0,-0.074219,0.128906,-9.839844,,,,,,,,,,
acc,1778672643.0,62.0,-0.074219,0.128906,-9.839844,,,,,,,,,,
acc,1778672643.0,62.0,-0.074219,0.128906,-9.796875,,,,,,,,,,
acc,1778672643.0,62.0,-0.113281,0.164062,-9.796875,,,,,,,,,,
acc,1778672643.0,62.0,-0.113281,0.164062,-9.839844,,,,,,,,,,
acc,1778672643.0,62.0,-0.113281,0.164062,-9.796875,,,,,,,,,,
acc,1778672643.0,62.0,-0.113281,0.164062,-9.839844,,,,,,,,,,
acc,1778672643.0,62.0,-0.113281,0.164062,-9.796875,,,,,,,,,,
acc,1778672643.0,62.0,-0.113281,0.164062,-9.796875,,,,,,,,,,
acc,1778672643.0,62.0,-0.074219,0.164062,-9.800781,,,,,,,,,,
acc,1778672643.0,62.0,-0.074219,0.128906,-9.796875,,,,,,,,,,
acc,1778672643.0,62.0,-0.113281,0.128906,-9.800781,,,,,,,,,,
acc,1778672643.0,62.0,-0.074219,0.164062,-9.835938,,,,,,,,,,
acc,1778672643.0,62.0,-0.074219,0.164062,-9.800781,,,,,,,,,,
acc,1778672643.0,62.0,-0.074219,0.164062,-9.800781,,,,,,,,,,
acc,1778672643.0,62.0,-0.074219,0.203125,-9.800781,,,,,,,,,,
acc,1778672643.0,62.0,-0.074219,0.164062,-9.835938,,,,,,,,,,
acc,1778672643.0,62.0,-0.074219,0.203125,-9.800781,,,,,,,,,,
acc,1778672643.0,62.0,-0.074219,0.164062,-9.800781,,,,,,,,,,
acc,1778672643.0,62.0,-0.074219,0.203125,-9.800781,,,,,,,,,,
acc,1778672643.0,62.0,-0.074219,0.203125,-9.800781,,,,,,,,,,
acc,1778672643.0,62.0,-0.074219,0.164062,-9.800781,,,,,,,,,,
acc,1778672643.0,62.0,-0.074219,0.164062,-9.757812,,,,,,,,,,
acc,1778672643.0,62.0,-0.074219,0.164062,-9.800781,,,,,,,,,,
acc,1778672643.0,62.0,-0.113281,0.203125,-9.796875,,,,,,,,,,
acc,1778672643.0,62.0,-0.113281,0.203125,-9.796875,,,,,,,,,,
acc,1778672643.0,62.0,-0.074219,0.164062,-9.800781,,,,,,,,,,
acc,1778672643.0,62.0,-0.074219,0.164062,-9.757812,,,,,,,,,,
acc,1778672643.0,62.0,-0.074219,0.164062,-9.800781,,,,,,,,,,
acc,1778672643.0,62.0,-0.074219,0.128906,-9.796875,,,,,,,,,,
acc,1778672643.0,62.0,-0.074219,0.128906,-9.796875,,,,,,,,,,
acc,1778672643.0,62.0,-0.074219,0.128906,-9.796875,,,,,,,,,,
acc,1778672643.0,62.0,-0.113281,0.128906,-9.800781,,,,,,,,,,
acc,1778672643.0,62.0,-0.074219,0.128906,-9.796875,,,,,,,,,,
acc,1778672643.0,62.0,-0.113281,0.164062,-9.796875,,,,,,,,,,
acc,1778672643.0,62.0,-0.113281,0.128906,-9.800781,,,,,,,,,,
acc,1778672643.0,62.0,-0.113281,0.128906,-9.800781,,,,,,,,,,
acc,1778672643.0,62.0,-0.074219,0.128906,-9.796875,,,,,,,,,,
acc,1778672643.0,62.0,-0.074219,0.128906,-9.839844,,,,,,,,,,
acc,1778672643.0,62.0,-0.074219,0.089844,-9.796875,,,,,,,,,,
acc,1778672643.0,62.0,-0.074219,0.089844,-9.796875,,,,,,,,,,
acc,1778672643.0,62.0,-0.074219,0.128906,-9.839844,,,,,,,,,,
acc,1778672643.0,62.0,-0.113281,0.128906,-9.800781,,,,,,,,,,
acc,1778672643.0,62.0,-0.113281,0.164062,-9.796875,,,,,,,,,,
acc,1778672643.0,62.0,-0.113281,0.164062,-9.839844,,,,,,,,,,
acc,1778672643.0,62.0,-0.113281,0.164062,-9.796875,,,,,,,,,,
acc,1778672643.0,62.0,-0.113281,0.164062,-9.796875,,,,,,,,,,
acc,1778672643.0,62.0,-0.113281,0.128906,-9.800781,,,,,,,,,,
gyro,1778672593.0,12.0,,,,0.0,0.0,0.0,,,,,,,
gyro,1778672593.0,12.0,,,,0.0,0.0,0.0,,,,,,,
gyro,1778672593.0,12.0,,,,0.0,0.0,0.0,,,,,,,
gyro,1778672593.0,12.0,,,,0.0,0.0,0.0,,,,,,,
gyro,1778672593.0,12.0,,,,0.0,0.0,0.0,,,,,,,
gyro,1778672593.0,12.0,,,,0.0,0.0,0.0,,,,,,,
gyro,1778672593.0,12.0,,,,0.0,0.0,0.0,,,,,,,
gyro,1778672593.0,12.0,,,,0.0,0.0,0.0,,,,,,,
gyro,1778672593.0,12.0,,,,0.0,0.0,0.0,,,,,,,
gyro,1778672593.0,12.0,,,,0.0,0.0,0.0,,,,,,,
gyro,1778672593.0,12.0,,,,0.0,0.0,0.0,,,,,,,
gyro,1778672593.0,12.0,,,,0.0,0.0,0.0,,,,,,,
gyro,1778672593.0,12.0,,,,0.0,0.0,0.0,,,,,,,
gyro,1778672593.0,12.0,,,,0.0,0.0,0.0,,,,,,,
gyro,1778672593.0,12.0,,,,0.0,0.0,0.0,,,,,,,
gyro,1778672593.0,12.0,,,,0.0,0.0,0.0,,,,,,,
gyro,1778672593.0,12.0,,,,0.0,0.0,0.0,,,,,,,
gyro,1778672593.0,12.0,,,,0.0,0.0,0.0,,,,,,,
gyro,1778672594.0,13.0,,,,0.0,0.0,0.0,,,,,,,
gyro,1778672594.0,13.0,,,,0.0,0.0,0.0,,,,,,,
gyro,1778672594.0,13.0,,,,0.0,0.0,0.0,,,,,,,
gyro,1778672594.0,13.0,,,,0.0,0.0,0.0,,,,,,,
gyro,1778672594.0,13.0,,,,0.0,0.0,0.0,,,,,,,
gyro,1778672594.0,13.0,,,,0.0,0.0,0.0,,,,,,,
gyro,1778672594.0,13.0,,,,0.0,0.0,0.0,,,,,,,
gyro,1778672594.0,13.0,,,,0.0,0.0,0.0,,,,,,,
gyro,1778672594.0,13.0,,,,0.0,0.0,0.0,,,,,,,
gyro,1778672594.0,13.0,,,,0.0,0.0,0.0,,,,,,,
gyro,1778672594.0,13.0,,,,0.0,0.0,0.0,,,,,,,
gyro,1778672594.0,13.0,,,,0.0,0.0,0.0,,,,,,,
gyro,1778672594.0,13.0,,,,0.0,0.0,0.0,,,,,,,
gyro,1778672594.0,13.0,,,,0.0,0.0,0.0,,,,,,,
gyro,1778672594.0,13.0,,,,0.001953,-0.001953,0.0,,,,,,,
gyro,1778672594.0,13.0,,,,-0.001953,0.0,0.001953,,,,,,,
gyro,1778672594.0,13.0,,,,0.0,-0.001953,0.0,,,,,,,
gyro,1778672594.0,13.0,,,,0.0,-0.001953,0.001953,,,,,,,
gyro,1778672594.0,13.0,,,,-0.003906,0.0,0.0,,,,,,,
gyro,1778672595.0,14.0,,,,0.0,0.001953,0.0,,,,,,,
gyro,1778672595.0,14.0,,,,0.0,-0.001953,0.001953,,,,,,,
gyro,1778672595.0,14.0,,,,0.0,-0.001953,0.001953,,,,,,,
gyro,1778672595.0,14.0,,,,0.0,0.0,0.001953,,,,,,,
gyro,1778672595.0,14.0,,,,-0.001953,0.0,-0.001953,,,,,,,
gyro,1778672595.0,14.0,,,,-0.003906,0.0,0.0,,,,,,,
gyro,1778672595.0,14.0,,,,0.0,0.0,0.0,,,,,,,
gyro,1778672595.0,14.0,,,,0.0,0.0,0.0,,,,,,,
gyro,1778672595.0,14.0,,,,0.003906,0.001953,0.001953,,,,,,,
gyro,1778672595.0,14.0,,,,0.0,0.0,0.0,,,,,,,
gyro,1778672595.0,14.0,,,,0.003906,-0.001953,0.0,,,,,,,
gyro,1778672595.0,14.0,,,,-0.001953,0.0,0.0,,,,,,,
gyro,1778672595.0,14.0,,,,0.0,-0.001953,0.0,,,,,,,
gyro,1778672595.0,14.0,,,,0.0,0.0,0.001953,,,,,,,
gyro,1778672595.0,14.0,,,,-0.001953,0.0,0.0,,,,,,,
gyro,1778672595.0,14.0,,,,0.0,0.001953,0.0,,,,,,,
gyro,1778672595.0,14.0,,,,0.0,0.0,0.0,,,,,,,
gyro,1778672595.0,14.0,,,,0.0,0.0,0.0,,,,,,,
gyro,1778672596.0,15.0,,,,0.0,0.0,0.0,,,,,,,
gyro,1778672596.0,15.0,,,,0.003906,-0.003906,-0.001953,,,,,,,
gyro,1778672596.0,15.0,,,,0.0,-0.003906,-0.001953,,,,,,,
gyro,1778672596.0,15.0,,,,0.003906,-0.003906,0.0,,,,,,,
gyro,1778672596.0,15.0,,,,0.0,-0.003906,-0.001953,,,,,,,
gyro,1778672596.0,15.0,,,,0.001953,-0.007812,-0.001953,,,,,,,
gyro,1778672596.0,15.0,,,,0.001953,-0.001953,-0.003906,,,,,,,
gyro,1778672596.0,15.0,,,,-0.001953,-0.003906,-0.005859,,,,,,,
gyro,1778672596.0,15.0,,,,0.001953,-0.001953,-0.007812,,,,,,,
gyro,1778672596.0,15.0,,,,0.0,-0.007812,-0.003906,,,,,,,
gyro,1778672596.0,15.0,,,,0.0,-0.007812,-0.009766,,,,,,,
gyro,1778672596.0,15.0,,,,-0.001953,-0.005859,-0.007812,,,,,,,
gyro,1778672596.0,15.0,,,,-0.001953,-0.005859,-0.013672,,,,,,,
gyro,1778672596.0,15.0,,,,0.0,-0.007812,-0.013672,,,,,,,
gyro,1778672596.0,15.0,,,,-0.003906,-0.009766,-0.017578,,,,,,,
gyro,1778672596.0,15.0,,,,-0.001953,-0.007812,-0.019531,,,,,,,
gyro,1778672596.0,15.0,,,,-0.001953,-0.009766,-0.017578,,,,,,,
gyro,1778672597.0,16.0,,,,-0.001953,-0.007812,-0.021484,,,,,,,
gyro,1778672597.0,16.0,,,,0.0,-0.005859,-0.023438,,,,,,,
gyro,1778672597.0,16.0,,,,-0.003906,-0.003906,-0.027344,,,,,,,
gyro,1778672597.0,16.0,,,,0.0,-0.007812,-0.029297,,,,,,,
gyro,1778672597.0,16.0,,,,-0.001953,-0.001953,-0.03125,,,,,,,
gyro,1778672597.0,16.0,,,,-0.003906,-0.003906,-0.035156,,,,,,,
gyro,1778672597.0,16.0,,,,-0.003906,-0.003906,-0.039062,,,,,,,
gyro,1778672597.0,16.0,,,,0.001953,0.001953,-0.039062,,,,,,,
gyro,1778672597.0,16.0,,,,-0.001953,0.0,-0.042969,,,,,,,
gyro,1778672597.0,16.0,,,,0.001953,-0.001953,-0.046875,,,,,,,
gyro,1778672597.0,16.0,,,,-0.001953,0.0,-0.056641,,,,,,,
gyro,1778672597.0,16.0,,,,-0.001953,-0.001953,-0.058594,,,,,,,
gyro,1778672597.0,16.0,,,,-0.003906,-0.003906,-0.056641,,,,,,,
gyro,1778672597.0,16.0,,,,0.0,0.0,-0.056641,,,,,,,
gyro,1778672597.0,16.0,,,,-0.003906,-0.001953,-0.064453,,,,,,,
gyro,1778672597.0,16.0,,,,-0.003906,-0.001953,-0.068359,,,,,,,
gyro,1778672597.0,16.0,,,,-0.003906,0.0,-0.074219,,,,,,,
gyro,1778672597.0,16.0,,,,0.0,-0.003906,-0.074219,,,,,,,
gyro,1778672597.0,16.0,,,,-0.001953,-0.003906,-0.076172,,,,,,,
gyro,1778672598.0,17.0,,,,-0.001953,-0.001953,-0.082031,,,,,,,
gyro,1778672598.0,17.0,,,,-0.007812,0.0,-0.089844,,,,,,,
gyro,1778672598.0,17.0,,,,0.003906,-0.003906,-0.091797,,,,,,,
gyro,1778672598.0,17.0,,,,-0.005859,-0.003906,-0.101562,,,,,,,
gyro,1778672598.0,17.0,,,,-0.001953,-0.003906,-0.099609,,,,,,,
gyro,1778672598.0,17.0,,,,0.0,0.001953,-0.101562,,,,,,,
gyro,1778672598.0,17.0,,,,-0.007812,0.001953,-0.105469,,,,,,,
gyro,1778672598.0,17.0,,,,-0.003906,-0.001953,-0.109375,,,,,,,
gyro,1778672598.0,17.0,,,,0.003906,-0.001953,-0.111328,,,,,,,
gyro,1778672598.0,17.0,,,,-0.003906,-0.001953,-0.117188,,,,,,,
gyro,1778672598.0,17.0,,,,-0.005859,0.001953,-0.119141,,,,,,,
gyro,1778672598.0,17.0,,,,0.001953,0.001953,-0.123047,,,,,,,
gyro,1778672598.0,17.0,,,,0.0,0.0,-0.125,,,,,,,
gyro,1778672598.0,17.0,,,,0.003906,0.001953,-0.128906,,,,,,,
gyro,1778672598.0,17.0,,,,0.001953,0.001953,-0.132812,,,,,,,
gyro,1778672598.0,17.0,,,,-0.005859,0.0,-0.138672,,,,,,,
gyro,1778672599.0,18.0,,,,0.003906,0.003906,-0.138672,,,,,,,
gyro,1778672599.0,18.0,,,,-0.005859,0.003906,-0.136719,,,,,,,
gyro,1778672599.0,18.0,,,,-0.003906,0.007812,-0.140625,,,,,,,
gyro,1778672599.0,18.0,,,,-0.005859,0.003906,-0.144531,,,,,,,
gyro,1778672599.0,18.0,,,,-0.003906,-0.001953,-0.146484,,,,,,,
gyro,1778672599.0,18.0,,,,-0.003906,-0.001953,-0.154297,,,,,,,
gyro,1778672599.0,18.0,,,,-0.003906,-0.001953,-0.154297,,,,,,,
gyro,1778672599.0,18.0,,,,0.007812,0.001953,-0.154297,,,,,,,
gyro,1778672599.0,18.0,,,,-0.001953,0.001953,-0.160156,,,,,,,
gyro,1778672599.0,18.0,,,,-0.005859,0.003906,-0.164062,,,,,,,
gyro,1778672599.0,18.0,,,,-0.009766,0.001953,-0.166016,,,,,,,
gyro,1778672599.0,18.0,,,,-0.007812,0.005859,-0.173828,,,,,,,
gyro,1778672599.0,18.0,,,,-0.003906,0.001953,-0.177734,,,,,,,
gyro,1778672599.0,18.0,,,,0.0,0.003906,-0.183594,,,,,,,
gyro,1778672599.0,18.0,,,,-0.001953,0.0,-0.181641,,,,,,,
gyro,1778672599.0,18.0,,,,0.0,0.0,-0.185547,,,,,,,
gyro,1778672599.0,18.0,,,,-0.009766,0.0,-0.193359,,,,,,,
gyro,1778672599.0,18.0,,,,-0.009766,-0.001953,-0.201172,,,,,,,
gyro,1778672599.0,18.0,,,,-0.007812,-0.001953,-0.208984,,,,,,,
gyro,1778672600.0,19.0,,,,-0.017578,-0.001953,-0.212891,,,,,,,
gyro,1778672600.0,19.0,,,,-0.017578,0.0,-0.210938,,,,,,,
gyro,1778672600.0,19.0,,,,-0.001953,0.0,-0.210938,,,,,,,
gyro,1778672600.0,19.0,,,,0.013672,0.003906,-0.216797,,,,,,,
gyro,1778672600.0,19.0,,,,0.011719,0.005859,-0.220703,,,,,,,
gyro,1778672600.0,19.0,,,,-0.003906,0.009766,-0.224609,,,,,,,
gyro,1778672600.0,19.0,,,,0.0,0.011719,-0.226562,,,,,,,
gyro,1778672600.0,19.0,,,,0.0,0.009766,-0.228516,,,,,,,
gyro,1778672600.0,19.0,,,,-0.005859,0.005859,-0.228516,,,,,,,
gyro,1778672600.0,19.0,,,,-0.007812,0.001953,-0.224609,,,,,,,
gyro,1778672600.0,19.0,,,,0.003906,0.003906,-0.222656,,,,,,,
gyro,1778672600.0,19.0,,,,0.007812,0.0,-0.220703,,,,,,,
gyro,1778672600.0,19.0,,,,0.007812,0.003906,-0.216797,,,,,,,
gyro,1778672600.0,19.0,,,,-0.003906,0.0,-0.212891,,,,,,,
gyro,1778672600.0,19.0,,,,-0.005859,0.001953,-0.216797,,,,,,,
gyro,1778672600.0,19.0,,,,-0.013672,0.001953,-0.228516,,,,,,,
gyro,1778672600.0,19.0,,,,-0.025391,0.0,-0.230469,,,,,,,
gyro,1778672600.0,19.0,,,,-0.025391,0.0,-0.234375,,,,,,,
gyro,1778672601.0,20.0,,,,-0.019531,0.0,-0.236328,,,,,,,
gyro,1778672601.0,20.0,,,,-0.017578,-0.003906,-0.242188,,,,,,,
gyro,1778672601.0,20.0,,,,-0.005859,-0.003906,-0.242188,,,,,,,
gyro,1778672601.0,20.0,,,,-0.001953,0.001953,-0.242188,,,,,,,
gyro,1778672601.0,20.0,,,,-0.011719,-0.001953,-0.240234,,,,,,,
gyro,1778672601.0,20.0,,,,-0.017578,0.0,-0.246094,,,,,,,
gyro,1778672601.0,20.0,,,,-0.007812,0.007812,-0.248047,,,,,,,
gyro,1778672601.0,20.0,,,,-0.013672,0.007812,-0.248047,,,,,,,
gyro,1778672601.0,20.0,,,,-0.003906,0.005859,-0.25,,,,,,,
gyro,1778672601.0,20.0,,,,0.0,0.011719,-0.251953,,,,,,,
gyro,1778672601.0,20.0,,,,-0.007812,0.007812,-0.253906,,,,,,,
gyro,1778672601.0,20.0,,,,-0.015625,0.007812,-0.255859,,,,,,,
gyro,1778672601.0,20.0,,,,-0.003906,0.009766,-0.257812,,,,,,,
gyro,1778672601.0,20.0,,,,-0.003906,0.003906,-0.261719,,,,,,,
gyro,1778672601.0,20.0,,,,0.005859,0.007812,-0.259766,,,,,,,
gyro,1778672601.0,20.0,,,,-0.003906,0.001953,-0.257812,,,,,,,
gyro,1778672601.0,20.0,,,,-0.019531,0.009766,-0.257812,,,,,,,
gyro,1778672601.0,20.0,,,,-0.009766,0.007812,-0.261719,,,,,,,
gyro,1778672601.0,20.0,,,,0.005859,0.009766,-0.265625,,,,,,,
gyro,1778672602.0,21.0,,,,-0.009766,0.007812,-0.265625,,,,,,,
gyro,1778672602.0,21.0,,,,-0.007812,0.007812,-0.263672,,,,,,,
gyro,1778672602.0,21.0,,,,-0.007812,0.013672,-0.267578,,,,,,,
gyro,1778672602.0,21.0,,,,-0.015625,0.013672,-0.271484,,,,,,,
gyro,1778672602.0,21.0,,,,0.003906,0.007812,-0.269531,,,,,,,
gyro,1778672602.0,21.0,,,,0.001953,0.007812,-0.273438,,,,,,,
gyro,1778672602.0,21.0,,,,0.011719,0.001953,-0.271484,,,,,,,
gyro,1778672602.0,21.0,,,,0.015625,0.001953,-0.277344,,,,,,,
gyro,1778672602.0,21.0,,,,0.007812,0.003906,-0.283203,,,,,,,
gyro,1778672602.0,21.0,,,,0.007812,0.013672,-0.283203,,,,,,,
gyro,1778672602.0,21.0,,,,0.001953,0.017578,-0.283203,,,,,,,
gyro,1778672602.0,21.0,,,,0.0,0.011719,-0.28125,,,,,,,
gyro,1778672602.0,21.0,,,,0.011719,0.011719,-0.287109,,,,,,,
gyro,1778672602.0,21.0,,,,0.017578,0.011719,-0.289062,,,,,,,
gyro,1778672602.0,21.0,,,,0.005859,0.015625,-0.291016,,,,,,,
gyro,1778672602.0,21.0,,,,-0.013672,0.015625,-0.291016,,,,,,,
gyro,1778672602.0,21.0,,,,0.005859,0.029297,-0.292969,,,,,,,
gyro,1778672603.0,22.0,,,,-0.003906,0.03125,-0.294922,,,,,,,
gyro,1778672603.0,22.0,,,,-0.007812,0.019531,-0.296875,,,,,,,
gyro,1778672603.0,22.0,,,,-0.003906,0.009766,-0.300781,,,,,,,
gyro,1778672603.0,22.0,,,,0.003906,0.009766,-0.304688,,,,,,,
gyro,1778672603.0,22.0,,,,0.003906,0.001953,-0.300781,,,,,,,
gyro,1778672603.0,22.0,,,,0.0,0.005859,-0.300781,,,,,,,
gyro,1778672603.0,22.0,,,,0.0,0.003906,-0.304688,,,,,,,
gyro,1778672603.0,22.0,,,,-0.001953,0.001953,-0.308594,,,,,,,
gyro,1778672603.0,22.0,,,,0.009766,0.0,-0.308594,,,,,,,
gyro,1778672603.0,22.0,,,,0.011719,-0.001953,-0.3125,,,,,,,
gyro,1778672603.0,22.0,,,,-0.003906,0.0,-0.3125,,,,,,,
gyro,1778672603.0,22.0,,,,-0.005859,-0.007812,-0.308594,,,,,,,
gyro,1778672603.0,22.0,,,,0.013672,-0.003906,-0.314453,,,,,,,
gyro,1778672603.0,22.0,,,,0.017578,-0.001953,-0.318359,,,,,,,
gyro,1778672603.0,22.0,,,,0.011719,-0.007812,-0.318359,,,,,,,
gyro,1778672603.0,22.0,,,,0.003906,-0.003906,-0.316406,,,,,,,
gyro,1778672603.0,22.0,,,,-0.003906,0.0,-0.322266,,,,,,,
gyro,1778672603.0,22.0,,,,0.001953,0.009766,-0.322266,,,,,,,
gyro,1778672603.0,22.0,,,,0.009766,0.011719,-0.320312,,,,,,,
gyro,1778672604.0,23.0,,,,0.007812,0.015625,-0.318359,,,,,,,
gyro,1778672604.0,23.0,,,,0.009766,0.019531,-0.318359,,,,,,,
gyro,1778672604.0,23.0,,,,0.005859,0.025391,-0.322266,,,,,,,
gyro,1778672604.0,23.0,,,,-0.007812,0.025391,-0.324219,,,,,,,
gyro,1778672604.0,23.0,,,,-0.017578,0.023438,-0.326172,,,,,,,
gyro,1778672604.0,23.0,,,,-0.015625,0.013672,-0.326172,,,,,,,
gyro,1778672604.0,23.0,,,,0.009766,0.013672,-0.324219,,,,,,,
gyro,1778672604.0,23.0,,,,0.013672,0.013672,-0.322266,,,,,,,
gyro,1778672604.0,23.0,,,,0.011719,0.011719,-0.324219,,,,,,,
gyro,1778672604.0,23.0,,,,0.009766,0.009766,-0.326172,,,,,,,
gyro,1778672604.0,23.0,,,,0.007812,0.007812,-0.326172,,,,,,,
gyro,1778672604.0,23.0,,,,0.007812,-0.007812,-0.324219,,,,,,,
gyro,1778672604.0,23.0,,,,0.017578,-0.007812,-0.320312,,,,,,,
gyro,1778672604.0,23.0,,,,0.013672,-0.005859,-0.318359,,,,,,,
gyro,1778672604.0,23.0,,,,0.019531,0.009766,-0.316406,,,,,,,
gyro,1778672604.0,23.0,,,,0.019531,0.023438,-0.318359,,,,,,,
gyro,1778672604.0,23.0,,,,0.003906,0.017578,-0.320312,,,,,,,
gyro,1778672605.0,24.0,,,,-0.007812,0.013672,-0.324219,,,,,,,
gyro,1778672605.0,24.0,,,,0.001953,0.009766,-0.324219,,,,,,,
gyro,1778672605.0,24.0,,,,0.023438,0.009766,-0.324219,,,,,,,
gyro,1778672605.0,24.0,,,,0.007812,0.0,-0.320312,,,,,,,
gyro,1778672605.0,24.0,,,,-0.011719,0.009766,-0.320312,,,,,,,
gyro,1778672605.0,24.0,,,,-0.003906,0.013672,-0.320312,,,,,,,
gyro,1778672605.0,24.0,,,,0.0,0.009766,-0.324219,,,,,,,
gyro,1778672605.0,24.0,,,,0.027344,0.007812,-0.320312,,,,,,,
gyro,1778672605.0,24.0,,,,0.021484,0.001953,-0.318359,,,,,,,
gyro,1778672605.0,24.0,,,,-0.003906,-0.005859,-0.318359,,,,,,,
gyro,1778672605.0,24.0,,,,-0.011719,-0.021484,-0.322266,,,,,,,
gyro,1778672605.0,24.0,,,,-0.001953,-0.015625,-0.324219,,,,,,,
gyro,1778672605.0,24.0,,,,-0.001953,-0.003906,-0.326172,,,,,,,
gyro,1778672605.0,24.0,,,,-0.019531,0.007812,-0.322266,,,,,,,
gyro,1778672605.0,24.0,,,,-0.027344,0.019531,-0.320312,,,,,,,
gyro,1778672605.0,24.0,,,,-0.011719,0.027344,-0.324219,,,,,,,
gyro,1778672605.0,24.0,,,,-0.017578,0.023438,-0.326172,,,,,,,
gyro,1778672605.0,24.0,,,,-0.015625,0.015625,-0.326172,,,,,,,
gyro,1778672606.0,25.0,,,,-0.021484,0.017578,-0.330078,,,,,,,
gyro,1778672606.0,25.0,,,,-0.011719,0.023438,-0.326172,,,,,,,
gyro,1778672606.0,25.0,,,,0.029297,0.033203,-0.318359,,,,,,,
gyro,1778672606.0,25.0,,,,0.025391,0.033203,-0.316406,,,,,,,
gyro,1778672606.0,25.0,,,,0.009766,0.033203,-0.316406,,,,,,,
gyro,1778672606.0,25.0,,,,0.025391,0.015625,-0.316406,,,,,,,
gyro,1778672606.0,25.0,,,,0.03125,0.015625,-0.314453,,,,,,,
gyro,1778672606.0,25.0,,,,0.050781,0.001953,-0.318359,,,,,,,
gyro,1778672606.0,25.0,,,,0.023438,0.003906,-0.316406,,,,,,,
gyro,1778672606.0,25.0,,,,0.021484,0.001953,-0.314453,,,,,,,
gyro,1778672606.0,25.0,,,,0.015625,0.001953,-0.316406,,,,,,,
gyro,1778672606.0,25.0,,,,0.019531,0.007812,-0.314453,,,,,,,
gyro,1778672606.0,25.0,,,,0.009766,0.003906,-0.314453,,,,,,,
gyro,1778672606.0,25.0,,,,0.003906,0.001953,-0.314453,,,,,,,
gyro,1778672606.0,25.0,,,,0.005859,0.003906,-0.318359,,,,,,,
gyro,1778672606.0,25.0,,,,-0.001953,0.005859,-0.316406,,,,,,,
gyro,1778672606.0,25.0,,,,0.0,0.009766,-0.316406,,,,,,,
gyro,1778672606.0,25.0,,,,-0.001953,0.003906,-0.314453,,,,,,,
gyro,1778672606.0,25.0,,,,-0.001953,0.003906,-0.316406,,,,,,,
gyro,1778672607.0,26.0,,,,-0.001953,0.001953,-0.314453,,,,,,,
gyro,1778672607.0,26.0,,,,-0.011719,0.001953,-0.316406,,,,,,,
gyro,1778672607.0,26.0,,,,-0.011719,0.001953,-0.316406,,,,,,,
gyro,1778672607.0,26.0,,,,-0.013672,0.001953,-0.316406,,,,,,,
gyro,1778672607.0,26.0,,,,0.001953,0.003906,-0.314453,,,,,,,
gyro,1778672607.0,26.0,,,,0.0,0.003906,-0.3125,,,,,,,
gyro,1778672607.0,26.0,,,,-0.007812,0.003906,-0.316406,,,,,,,
gyro,1778672607.0,26.0,,,,-0.001953,0.005859,-0.314453,,,,,,,
gyro,1778672607.0,26.0,,,,0.0,0.003906,-0.3125,,,,,,,
gyro,1778672607.0,26.0,,,,0.007812,0.001953,-0.308594,,,,,,,
gyro,1778672607.0,26.0,,,,0.007812,0.005859,-0.308594,,,,,,,
gyro,1778672607.0,26.0,,,,0.003906,0.011719,-0.308594,,,,,,,
gyro,1778672607.0,26.0,,,,0.005859,0.013672,-0.306641,,,,,,,
gyro,1778672607.0,26.0,,,,0.001953,0.015625,-0.308594,,,,,,,
gyro,1778672607.0,26.0,,,,-0.001953,0.013672,-0.306641,,,,,,,
gyro,1778672607.0,26.0,,,,-0.001953,0.011719,-0.308594,,,,,,,
gyro,1778672607.0,26.0,,,,-0.001953,0.011719,-0.308594,,,,,,,
gyro,1778672607.0,26.0,,,,-0.001953,0.009766,-0.306641,,,,,,,
gyro,1778672607.0,26.0,,,,0.009766,0.0,-0.306641,,,,,,,
gyro,1778672607.0,26.0,,,,0.001953,0.001953,-0.314453,,,,,,,
gyro,1778672608.0,27.0,,,,0.011719,0.007812,-0.310547,,,,,,,
gyro,1778672608.0,27.0,,,,0.001953,0.009766,-0.3125,,,,,,,
gyro,1778672608.0,27.0,,,,0.005859,0.003906,-0.310547,,,,,,,
gyro,1778672608.0,27.0,,,,0.019531,0.007812,-0.308594,,,,,,,
gyro,1778672608.0,27.0,,,,0.027344,0.009766,-0.308594,,,,,,,
gyro,1778672608.0,27.0,,,,0.011719,0.013672,-0.310547,,,,,,,
gyro,1778672608.0,27.0,,,,0.007812,0.011719,-0.3125,,,,,,,
gyro,1778672608.0,27.0,,,,0.003906,0.003906,-0.314453,,,,,,,
gyro,1778672608.0,27.0,,,,0.009766,0.001953,-0.314453,,,,,,,
gyro,1778672608.0,27.0,,,,0.005859,0.0,-0.314453,,,,,,,
gyro,1778672608.0,27.0,,,,-0.007812,-0.007812,-0.314453,,,,,,,
gyro,1778672608.0,27.0,,,,-0.003906,0.0,-0.314453,,,,,,,
gyro,1778672608.0,27.0,,,,0.003906,0.003906,-0.318359,,,,,,,
gyro,1778672608.0,27.0,,,,-0.007812,0.007812,-0.316406,,,,,,,
gyro,1778672608.0,27.0,,,,-0.005859,0.011719,-0.316406,,,,,,,
gyro,1778672608.0,27.0,,,,-0.009766,0.015625,-0.318359,,,,,,,
gyro,1778672608.0,27.0,,,,0.003906,0.011719,-0.320312,,,,,,,
gyro,1778672608.0,27.0,,,,-0.001953,0.011719,-0.322266,,,,,,,
gyro,1778672609.0,28.0,,,,0.0,-0.003906,-0.324219,,,,,,,
gyro,1778672609.0,28.0,,,,0.007812,-0.009766,-0.320312,,,,,,,
gyro,1778672609.0,28.0,,,,0.007812,0.0,-0.326172,,,,,,,
gyro,1778672609.0,28.0,,,,-0.005859,0.003906,-0.320312,,,,,,,
gyro,1778672609.0,28.0,,,,0.013672,0.023438,-0.318359,,,,,,,
gyro,1778672609.0,28.0,,,,0.007812,0.023438,-0.322266,,,,,,,
gyro,1778672609.0,28.0,,,,0.009766,0.015625,-0.324219,,,,,,,
gyro,1778672609.0,28.0,,,,-0.003906,0.009766,-0.326172,,,,,,,
gyro,1778672609.0,28.0,,,,-0.003906,0.0,-0.328125,,,,,,,
gyro,1778672609.0,28.0,,,,-0.013672,0.003906,-0.328125,,,,,,,
gyro,1778672609.0,28.0,,,,-0.015625,0.009766,-0.328125,,,,,,,
gyro,1778672609.0,28.0,,,,0.001953,0.013672,-0.324219,,,,,,,
gyro,1778672609.0,28.0,,,,0.009766,0.017578,-0.324219,,,,,,,
gyro,1778672609.0,28.0,,,,0.005859,0.023438,-0.324219,,,,,,,
gyro,1778672609.0,28.0,,,,0.003906,0.021484,-0.324219,,,,,,,
gyro,1778672609.0,28.0,,,,0.001953,0.013672,-0.328125,,,,,,,
gyro,1778672609.0,28.0,,,,0.017578,0.001953,-0.328125,,,,,,,
gyro,1778672609.0,28.0,,,,0.003906,-0.003906,-0.324219,,,,,,,
gyro,1778672610.0,29.0,,,,0.003906,0.003906,-0.328125,,,,,,,
gyro,1778672610.0,29.0,,,,0.005859,0.009766,-0.330078,,,,,,,
gyro,1778672610.0,29.0,,,,0.009766,0.011719,-0.326172,,,,,,,
gyro,1778672610.0,29.0,,,,0.007812,0.011719,-0.326172,,,,,,,
gyro,1778672610.0,29.0,,,,0.005859,0.009766,-0.328125,,,,,,,
gyro,1778672610.0,29.0,,,,0.003906,0.007812,-0.328125,,,,,,,
gyro,1778672610.0,29.0,,,,0.015625,0.009766,-0.328125,,,,,,,
gyro,1778672610.0,29.0,,,,0.011719,0.011719,-0.326172,,,,,,,
gyro,1778672610.0,29.0,,,,0.005859,0.007812,-0.324219,,,,,,,
gyro,1778672610.0,29.0,,,,0.005859,0.009766,-0.328125,,,,,,,
gyro,1778672610.0,29.0,,,,0.009766,0.003906,-0.328125,,,,,,,
gyro,1778672610.0,29.0,,,,0.011719,0.007812,-0.328125,,,,,,,
gyro,1778672610.0,29.0,,,,0.003906,0.007812,-0.326172,,,,,,,
gyro,1778672610.0,29.0,,,,-0.003906,0.013672,-0.322266,,,,,,,
gyro,1778672610.0,29.0,,,,0.0,0.013672,-0.320312,,,,,,,
gyro,1778672610.0,29.0,,,,0.005859,0.009766,-0.322266,,,,,,,
gyro,1778672610.0,29.0,,,,-0.007812,0.011719,-0.320312,,,,,,,
gyro,1778672610.0,29.0,,,,-0.007812,0.009766,-0.324219,,,,,,,
gyro,1778672611.0,30.0,,,,-0.013672,0.001953,-0.320312,,,,,,,
gyro,1778672611.0,30.0,,,,-0.005859,0.009766,-0.324219,,,,,,,
gyro,1778672611.0,30.0,,,,-0.001953,0.009766,-0.320312,,,,,,,
gyro,1778672611.0,30.0,,,,0.0,0.011719,-0.324219,,,,,,,
gyro,1778672611.0,30.0,,,,0.017578,0.007812,-0.326172,,,,,,,
gyro,1778672611.0,30.0,,,,0.011719,0.011719,-0.320312,,,,,,,
gyro,1778672611.0,30.0,,,,0.003906,0.015625,-0.322266,,,,,,,
gyro,1778672611.0,30.0,,,,0.017578,0.021484,-0.316406,,,,,,,
gyro,1778672611.0,30.0,,,,0.009766,0.013672,-0.316406,,,,,,,
gyro,1778672611.0,30.0,,,,0.007812,0.007812,-0.316406,,,,,,,
gyro,1778672611.0,30.0,,,,0.009766,0.009766,-0.318359,,,,,,,
gyro,1778672611.0,30.0,,,,0.011719,0.007812,-0.320312,,,,,,,
gyro,1778672611.0,30.0,,,,-0.001953,0.009766,-0.318359,,,,,,,
gyro,1778672611.0,30.0,,,,-0.015625,0.013672,-0.318359,,,,,,,
gyro,1778672611.0,30.0,,,,-0.015625,0.013672,-0.318359,,,,,,,
gyro,1778672611.0,30.0,,,,-0.019531,0.009766,-0.318359,,,,,,,
gyro,1778672611.0,30.0,,,,0.0,0.0,-0.316406,,,,,,,
gyro,1778672612.0,31.0,,,,0.015625,-0.011719,-0.316406,,,,,,,
gyro,1778672612.0,31.0,,,,0.021484,-0.019531,-0.320312,,,,,,,
gyro,1778672612.0,31.0,,,,-0.003906,0.0,-0.320312,,,,,,,
gyro,1778672612.0,31.0,,,,-0.015625,0.005859,-0.320312,,,,,,,
gyro,1778672612.0,31.0,,,,-0.011719,0.021484,-0.324219,,,,,,,
gyro,1778672612.0,31.0,,,,0.005859,0.023438,-0.320312,,,,,,,
gyro,1778672612.0,31.0,,,,0.015625,0.023438,-0.318359,,,,,,,
gyro,1778672612.0,31.0,,,,-0.005859,0.019531,-0.318359,,,,,,,
gyro,1778672612.0,31.0,,,,-0.003906,0.013672,-0.318359,,,,,,,
gyro,1778672612.0,31.0,,,,0.005859,0.009766,-0.326172,,,,,,,
gyro,1778672612.0,31.0,,,,0.013672,0.003906,-0.322266,,,,,,,
gyro,1778672612.0,31.0,,,,-0.001953,0.007812,-0.324219,,,,,,,
gyro,1778672612.0,31.0,,,,-0.013672,0.001953,-0.320312,,,,,,,
gyro,1778672612.0,31.0,,,,-0.005859,0.007812,-0.322266,,,,,,,
gyro,1778672612.0,31.0,,,,0.003906,0.013672,-0.316406,,,,,,,
gyro,1778672612.0,31.0,,,,0.025391,0.007812,-0.320312,,,,,,,
gyro,1778672612.0,31.0,,,,0.017578,0.009766,-0.318359,,,,,,,
gyro,1778672612.0,31.0,,,,-0.001953,-0.001953,-0.316406,,,,,,,
gyro,1778672613.0,32.0,,,,0.005859,-0.013672,-0.324219,,,,,,,
gyro,1778672613.0,32.0,,,,0.021484,0.001953,-0.322266,,,,,,,
gyro,1778672613.0,32.0,,,,0.021484,0.011719,-0.318359,,,,,,,
gyro,1778672613.0,32.0,,,,0.017578,0.03125,-0.320312,,,,,,,
gyro,1778672613.0,32.0,,,,0.019531,0.044922,-0.318359,,,,,,,
gyro,1778672613.0,32.0,,,,0.021484,0.046875,-0.316406,,,,,,,
gyro,1778672613.0,32.0,,,,0.019531,0.039062,-0.316406,,,,,,,
gyro,1778672613.0,32.0,,,,-0.001953,0.027344,-0.318359,,,,,,,
gyro,1778672613.0,32.0,,,,-0.019531,0.007812,-0.318359,,,,,,,
gyro,1778672613.0,32.0,,,,0.0,-0.001953,-0.318359,,,,,,,
gyro,1778672613.0,32.0,,,,-0.003906,-0.009766,-0.320312,,,,,,,
gyro,1778672613.0,32.0,,,,-0.011719,-0.013672,-0.320312,,,,,,,
gyro,1778672613.0,32.0,,,,-0.007812,-0.025391,-0.320312,,,,,,,
gyro,1778672613.0,32.0,,,,0.005859,-0.021484,-0.324219,,,,,,,
gyro,1778672613.0,32.0,,,,0.003906,-0.015625,-0.324219,,,,,,,
gyro,1778672613.0,32.0,,,,-0.003906,-0.001953,-0.320312,,,,,,,
gyro,1778672613.0,32.0,,,,-0.015625,0.017578,-0.322266,,,,,,,
gyro,1778672613.0,32.0,,,,0.0,0.033203,-0.320312,,,,,,,
gyro,1778672613.0,32.0,,,,0.015625,0.039062,-0.318359,,,,,,,
gyro,1778672614.0,33.0,,,,0.013672,0.041016,-0.318359,,,,,,,
gyro,1778672614.0,33.0,,,,-0.011719,0.033203,-0.320312,,,,,,,
gyro,1778672614.0,33.0,,,,-0.015625,0.021484,-0.324219,,,,,,,
gyro,1778672614.0,33.0,,,,-0.007812,0.007812,-0.324219,,,,,,,
gyro,1778672614.0,33.0,,,,0.0,0.001953,-0.326172,,,,,,,
gyro,1778672614.0,33.0,,,,-0.005859,0.0,-0.322266,,,,,,,
gyro,1778672614.0,33.0,,,,0.009766,-0.003906,-0.326172,,,,,,,
gyro,1778672614.0,33.0,,,,0.005859,-0.001953,-0.324219,,,,,,,
gyro,1778672614.0,33.0,,,,-0.003906,0.013672,-0.326172,,,,,,,
gyro,1778672614.0,33.0,,,,0.0,0.025391,-0.324219,,,,,,,
gyro,1778672614.0,33.0,,,,0.011719,0.029297,-0.320312,,,,,,,
gyro,1778672614.0,33.0,,,,-0.003906,0.03125,-0.324219,,,,,,,
gyro,1778672614.0,33.0,,,,-0.001953,0.013672,-0.328125,,,,,,,
gyro,1778672614.0,33.0,,,,0.007812,0.005859,-0.328125,,,,,,,
gyro,1778672614.0,33.0,,,,-0.007812,-0.009766,-0.330078,,,,,,,
gyro,1778672614.0,33.0,,,,-0.007812,-0.001953,-0.326172,,,,,,,
gyro,1778672614.0,33.0,,,,-0.005859,-0.001953,-0.324219,,,,,,,
gyro,1778672615.0,34.0,,,,0.013672,0.005859,-0.324219,,,,,,,
gyro,1778672615.0,34.0,,,,0.017578,0.007812,-0.324219,,,,,,,
gyro,1778672615.0,34.0,,,,0.007812,0.007812,-0.324219,,,,,,,
gyro,1778672615.0,34.0,,,,0.021484,0.009766,-0.326172,,,,,,,
gyro,1778672615.0,34.0,,,,0.017578,0.003906,-0.326172,,,,,,,
gyro,1778672615.0,34.0,,,,0.009766,0.009766,-0.322266,,,,,,,
gyro,1778672615.0,34.0,,,,0.001953,0.013672,-0.324219,,,,,,,
gyro,1778672615.0,34.0,,,,-0.005859,0.019531,-0.324219,,,,,,,
gyro,1778672615.0,34.0,,,,-0.001953,0.025391,-0.324219,,,,,,,
gyro,1778672615.0,34.0,,,,0.007812,0.035156,-0.326172,,,,,,,
gyro,1778672615.0,34.0,,,,0.011719,0.027344,-0.326172,,,,,,,
gyro,1778672615.0,34.0,,,,0.019531,0.009766,-0.328125,,,,,,,
gyro,1778672615.0,34.0,,,,0.023438,0.003906,-0.328125,,,,,,,
gyro,1778672615.0,34.0,,,,0.003906,-0.005859,-0.326172,,,,,,,
gyro,1778672615.0,34.0,,,,-0.009766,-0.003906,-0.328125,,,,,,,
gyro,1778672615.0,34.0,,,,-0.007812,0.029297,-0.324219,,,,,,,
gyro,1778672615.0,34.0,,,,0.0,0.027344,-0.324219,,,,,,,
gyro,1778672616.0,35.0,,,,0.007812,0.0,-0.326172,,,,,,,
gyro,1778672616.0,35.0,,,,-0.001953,-0.003906,-0.330078,,,,,,,
gyro,1778672616.0,35.0,,,,-0.003906,-0.011719,-0.330078,,,,,,,
gyro,1778672616.0,35.0,,,,-0.007812,-0.009766,-0.324219,,,,,,,
gyro,1778672616.0,35.0,,,,-0.005859,0.005859,-0.326172,,,,,,,
gyro,1778672616.0,35.0,,,,0.003906,0.017578,-0.324219,,,,,,,
gyro,1778672616.0,35.0,,,,0.013672,0.023438,-0.326172,,,,,,,
gyro,1778672616.0,35.0,,,,0.007812,0.015625,-0.326172,,,,,,,
gyro,1778672616.0,35.0,,,,-0.009766,0.015625,-0.324219,,,,,,,
gyro,1778672616.0,35.0,,,,-0.019531,0.013672,-0.326172,,,,,,,
gyro,1778672616.0,35.0,,,,-0.011719,0.009766,-0.328125,,,,,,,
gyro,1778672616.0,35.0,,,,0.011719,0.009766,-0.328125,,,,,,,
gyro,1778672616.0,35.0,,,,0.005859,0.011719,-0.326172,,,,,,,
gyro,1778672616.0,35.0,,,,0.007812,0.009766,-0.326172,,,,,,,
gyro,1778672616.0,35.0,,,,0.003906,0.003906,-0.330078,,,,,,,
gyro,1778672616.0,35.0,,,,-0.001953,0.007812,-0.326172,,,,,,,
gyro,1778672616.0,35.0,,,,-0.007812,0.009766,-0.326172,,,,,,,
gyro,1778672616.0,35.0,,,,0.0,0.013672,-0.324219,,,,,,,
gyro,1778672616.0,35.0,,,,0.013672,0.015625,-0.324219,,,,,,,
gyro,1778672616.0,35.0,,,,0.021484,0.013672,-0.326172,,,,,,,
gyro,1778672617.0,36.0,,,,0.003906,0.011719,-0.328125,,,,,,,
gyro,1778672617.0,36.0,,,,-0.001953,0.003906,-0.328125,,,,,,,
gyro,1778672617.0,36.0,,,,-0.011719,-0.001953,-0.328125,,,,,,,
gyro,1778672617.0,36.0,,,,-0.007812,-0.001953,-0.328125,,,,,,,
gyro,1778672617.0,36.0,,,,-0.009766,0.001953,-0.326172,,,,,,,
gyro,1778672617.0,36.0,,,,0.005859,0.009766,-0.328125,,,,,,,
gyro,1778672617.0,36.0,,,,0.013672,0.021484,-0.328125,,,,,,,
gyro,1778672617.0,36.0,,,,0.007812,0.027344,-0.326172,,,,,,,
gyro,1778672617.0,36.0,,,,0.011719,0.029297,-0.326172,,,,,,,
gyro,1778672617.0,36.0,,,,0.009766,0.013672,-0.320312,,,,,,,
gyro,1778672617.0,36.0,,,,0.009766,-0.003906,-0.324219,,,,,,,
gyro,1778672617.0,36.0,,,,0.017578,-0.027344,-0.324219,,,,,,,
gyro,1778672617.0,36.0,,,,0.027344,-0.035156,-0.332031,,,,,,,
gyro,1778672617.0,36.0,,,,0.029297,-0.035156,-0.328125,,,,,,,
gyro,1778672617.0,36.0,,,,0.009766,-0.017578,-0.326172,,,,,,,
gyro,1778672617.0,36.0,,,,-0.001953,0.007812,-0.326172,,,,,,,
gyro,1778672617.0,36.0,,,,-0.003906,0.025391,-0.326172,,,,,,,
gyro,1778672617.0,36.0,,,,0.005859,0.027344,-0.324219,,,,,,,
gyro,1778672618.0,37.0,,,,0.017578,0.033203,-0.326172,,,,,,,
gyro,1778672618.0,37.0,,,,0.017578,0.029297,-0.326172,,,,,,,
gyro,1778672618.0,37.0,,,,-0.003906,0.021484,-0.326172,,,,,,,
gyro,1778672618.0,37.0,,,,-0.017578,0.007812,-0.326172,,,,,,,
gyro,1778672618.0,37.0,,,,-0.007812,0.007812,-0.328125,,,,,,,
gyro,1778672618.0,37.0,,,,0.003906,0.003906,-0.328125,,,,,,,
gyro,1778672618.0,37.0,,,,0.017578,0.005859,-0.328125,,,,,,,
gyro,1778672618.0,37.0,,,,0.029297,0.001953,-0.330078,,,,,,,
gyro,1778672618.0,37.0,,,,0.017578,0.009766,-0.326172,,,,,,,
gyro,1778672618.0,37.0,,,,0.019531,0.015625,-0.328125,,,,,,,
gyro,1778672618.0,37.0,,,,0.019531,0.021484,-0.324219,,,,,,,
gyro,1778672618.0,37.0,,,,0.021484,0.023438,-0.324219,,,,,,,
gyro,1778672618.0,37.0,,,,0.019531,0.023438,-0.322266,,,,,,,
gyro,1778672618.0,37.0,,,,0.023438,0.015625,-0.318359,,,,,,,
gyro,1778672618.0,37.0,,,,0.019531,0.009766,-0.320312,,,,,,,
gyro,1778672618.0,37.0,,,,0.019531,0.013672,-0.320312,,,,,,,
gyro,1778672618.0,37.0,,,,0.019531,0.007812,-0.324219,,,,,,,
gyro,1778672618.0,37.0,,,,0.007812,0.003906,-0.326172,,,,,,,
gyro,1778672618.0,37.0,,,,0.003906,-0.001953,-0.324219,,,,,,,
gyro,1778672619.0,38.0,,,,0.003906,0.007812,-0.324219,,,,,,,
gyro,1778672619.0,38.0,,,,0.005859,0.003906,-0.326172,,,,,,,
gyro,1778672619.0,38.0,,,,-0.003906,0.005859,-0.320312,,,,,,,
gyro,1778672619.0,38.0,,,,-0.003906,0.013672,-0.320312,,,,,,,
gyro,1778672619.0,38.0,,,,-0.005859,0.009766,-0.322266,,,,,,,
gyro,1778672619.0,38.0,,,,0.007812,0.001953,-0.320312,,,,,,,
gyro,1778672619.0,38.0,,,,0.019531,0.003906,-0.322266,,,,,,,
gyro,1778672619.0,38.0,,,,0.003906,0.001953,-0.322266,,,,,,,
gyro,1778672619.0,38.0,,,,-0.003906,0.001953,-0.322266,,,,,,,
gyro,1778672619.0,38.0,,,,0.005859,0.007812,-0.322266,,,,,,,
gyro,1778672619.0,38.0,,,,0.009766,0.009766,-0.320312,,,,,,,
gyro,1778672619.0,38.0,,,,0.009766,0.009766,-0.318359,,,,,,,
gyro,1778672619.0,38.0,,,,0.011719,0.009766,-0.324219,,,,,,,
gyro,1778672619.0,38.0,,,,0.011719,0.011719,-0.320312,,,,,,,
gyro,1778672619.0,38.0,,,,0.017578,0.013672,-0.318359,,,,,,,
gyro,1778672619.0,38.0,,,,0.009766,0.011719,-0.320312,,,,,,,
gyro,1778672619.0,38.0,,,,-0.001953,0.013672,-0.320312,,,,,,,
gyro,1778672619.0,38.0,,,,0.013672,0.009766,-0.322266,,,,,,,
gyro,1778672619.0,38.0,,,,0.019531,0.003906,-0.318359,,,,,,,
gyro,1778672620.0,39.0,,,,0.007812,0.011719,-0.318359,,,,,,,
gyro,1778672620.0,39.0,,,,0.003906,0.001953,-0.316406,,,,,,,
gyro,1778672620.0,39.0,,,,0.003906,0.005859,-0.316406,,,,,,,
gyro,1778672620.0,39.0,,,,-0.005859,0.0,-0.316406,,,,,,,
gyro,1778672620.0,39.0,,,,-0.005859,-0.001953,-0.318359,,,,,,,
gyro,1778672620.0,39.0,,,,-0.005859,0.001953,-0.316406,,,,,,,
gyro,1778672620.0,39.0,,,,0.003906,0.003906,-0.316406,,,,,,,
gyro,1778672620.0,39.0,,,,0.009766,0.007812,-0.314453,,,,,,,
gyro,1778672620.0,39.0,,,,0.0,0.007812,-0.316406,,,,,,,
gyro,1778672620.0,39.0,,,,0.001953,0.009766,-0.316406,,,,,,,
gyro,1778672620.0,39.0,,,,-0.003906,0.007812,-0.308594,,,,,,,
gyro,1778672620.0,39.0,,,,0.0,0.009766,-0.316406,,,,,,,
gyro,1778672620.0,39.0,,,,0.009766,0.011719,-0.314453,,,,,,,
gyro,1778672620.0,39.0,,,,0.005859,0.013672,-0.308594,,,,,,,
gyro,1778672620.0,39.0,,,,-0.007812,0.007812,-0.308594,,,,,,,
gyro,1778672620.0,39.0,,,,-0.011719,-0.001953,-0.314453,,,,,,,
gyro,1778672620.0,39.0,,,,0.005859,0.0,-0.3125,,,,,,,
gyro,1778672620.0,39.0,,,,-0.001953,0.0,-0.318359,,,,,,,
gyro,1778672621.0,40.0,,,,-0.011719,0.001953,-0.316406,,,,,,,
gyro,1778672621.0,40.0,,,,-0.017578,0.001953,-0.3125,,,,,,,
gyro,1778672621.0,40.0,,,,-0.029297,0.001953,-0.316406,,,,,,,
gyro,1778672621.0,40.0,,,,-0.007812,0.011719,-0.318359,,,,,,,
gyro,1778672621.0,40.0,,,,-0.011719,0.009766,-0.318359,,,,,,,
gyro,1778672621.0,40.0,,,,-0.015625,0.009766,-0.318359,,,,,,,
gyro,1778672621.0,40.0,,,,-0.013672,0.003906,-0.318359,,,,,,,
gyro,1778672621.0,40.0,,,,0.0,0.011719,-0.318359,,,,,,,
gyro,1778672621.0,40.0,,,,0.005859,0.019531,-0.316406,,,,,,,
gyro,1778672621.0,40.0,,,,0.003906,0.017578,-0.316406,,,,,,,
gyro,1778672621.0,40.0,,,,-0.001953,0.013672,-0.322266,,,,,,,
gyro,1778672621.0,40.0,,,,-0.009766,0.011719,-0.320312,,,,,,,
gyro,1778672621.0,40.0,,,,0.003906,0.009766,-0.320312,,,,,,,
gyro,1778672621.0,40.0,,,,-0.005859,0.0,-0.320312,,,,,,,
gyro,1778672621.0,40.0,,,,-0.007812,0.001953,-0.320312,,,,,,,
gyro,1778672621.0,40.0,,,,-0.015625,0.009766,-0.322266,,,,,,,
gyro,1778672621.0,40.0,,,,-0.009766,0.015625,-0.320312,,,,,,,
gyro,1778672621.0,40.0,,,,0.003906,0.013672,-0.326172,,,,,,,
gyro,1778672621.0,40.0,,,,0.011719,0.011719,-0.324219,,,,,,,
gyro,1778672622.0,41.0,,,,0.013672,0.009766,-0.324219,,,,,,,
gyro,1778672622.0,41.0,,,,0.005859,0.007812,-0.324219,,,,,,,
gyro,1778672622.0,41.0,,,,0.005859,0.015625,-0.326172,,,,,,,
gyro,1778672622.0,41.0,,,,0.019531,0.013672,-0.324219,,,,,,,
gyro,1778672622.0,41.0,,,,0.011719,0.023438,-0.320312,,,,,,,
gyro,1778672622.0,41.0,,,,0.009766,0.023438,-0.324219,,,,,,,
gyro,1778672622.0,41.0,,,,0.0,0.017578,-0.324219,,,,,,,
gyro,1778672622.0,41.0,,,,-0.003906,0.015625,-0.324219,,,,,,,
gyro,1778672622.0,41.0,,,,0.011719,0.021484,-0.326172,,,,,,,
gyro,1778672622.0,41.0,,,,0.015625,0.021484,-0.322266,,,,,,,
gyro,1778672622.0,41.0,,,,0.003906,0.019531,-0.320312,,,,,,,
gyro,1778672622.0,41.0,,,,-0.013672,0.015625,-0.324219,,,,,,,
gyro,1778672622.0,41.0,,,,-0.007812,0.015625,-0.324219,,,,,,,
gyro,1778672622.0,41.0,,,,0.005859,0.009766,-0.324219,,,,,,,
gyro,1778672622.0,41.0,,,,0.011719,0.011719,-0.326172,,,,,,,
gyro,1778672622.0,41.0,,,,0.005859,0.003906,-0.326172,,,,,,,
gyro,1778672622.0,41.0,,,,-0.003906,0.0,-0.326172,,,,,,,
gyro,1778672622.0,41.0,,,,-0.001953,0.001953,-0.326172,,,,,,,
gyro,1778672623.0,42.0,,,,0.009766,0.001953,-0.326172,,,,,,,
gyro,1778672623.0,42.0,,,,-0.001953,0.003906,-0.324219,,,,,,,
gyro,1778672623.0,42.0,,,,0.001953,0.0,-0.324219,,,,,,,
gyro,1778672623.0,42.0,,,,0.015625,-0.003906,-0.324219,,,,,,,
gyro,1778672623.0,42.0,,,,0.019531,-0.015625,-0.324219,,,,,,,
gyro,1778672623.0,42.0,,,,0.015625,-0.013672,-0.328125,,,,,,,
gyro,1778672623.0,42.0,,,,0.009766,-0.017578,-0.320312,,,,,,,
gyro,1778672623.0,42.0,,,,-0.003906,-0.007812,-0.326172,,,,,,,
gyro,1778672623.0,42.0,,,,0.005859,0.007812,-0.324219,,,,,,,
gyro,1778672623.0,42.0,,,,0.005859,0.017578,-0.326172,,,,,,,
gyro,1778672623.0,42.0,,,,-0.005859,0.037109,-0.324219,,,,,,,
gyro,1778672623.0,42.0,,,,-0.007812,0.035156,-0.326172,,,,,,,
gyro,1778672623.0,42.0,,,,0.007812,0.033203,-0.326172,,,,,,,
gyro,1778672623.0,42.0,,,,0.007812,0.025391,-0.326172,,,,,,,
gyro,1778672623.0,42.0,,,,0.0,0.011719,-0.326172,,,,,,,
gyro,1778672623.0,42.0,,,,-0.023438,0.009766,-0.326172,,,,,,,
gyro,1778672623.0,42.0,,,,-0.011719,0.005859,-0.328125,,,,,,,
gyro,1778672623.0,42.0,,,,0.017578,0.013672,-0.328125,,,,,,,
gyro,1778672623.0,42.0,,,,0.023438,0.009766,-0.324219,,,,,,,
gyro,1778672624.0,43.0,,,,0.017578,0.011719,-0.318359,,,,,,,
gyro,1778672624.0,43.0,,,,0.003906,0.003906,-0.324219,,,,,,,
gyro,1778672624.0,43.0,,,,0.009766,-0.003906,-0.324219,,,,,,,
gyro,1778672624.0,43.0,,,,0.015625,-0.007812,-0.324219,,,,,,,
gyro,1778672624.0,43.0,,,,0.021484,-0.013672,-0.318359,,,,,,,
gyro,1778672624.0,43.0,,,,0.021484,-0.011719,-0.310547,,,,,,,
gyro,1778672624.0,43.0,,,,0.015625,0.0,-0.308594,,,,,,,
gyro,1778672624.0,43.0,,,,0.009766,0.013672,-0.304688,,,,,,,
gyro,1778672624.0,43.0,,,,0.019531,0.023438,-0.302734,,,,,,,
gyro,1778672624.0,43.0,,,,0.011719,0.019531,-0.308594,,,,,,,
gyro,1778672624.0,43.0,,,,0.0,0.021484,-0.310547,,,,,,,
gyro,1778672624.0,43.0,,,,-0.011719,0.013672,-0.310547,,,,,,,
gyro,1778672624.0,43.0,,,,-0.013672,0.007812,-0.3125,,,,,,,
gyro,1778672624.0,43.0,,,,0.009766,0.001953,-0.308594,,,,,,,
gyro,1778672624.0,43.0,,,,0.013672,0.005859,-0.308594,,,,,,,
gyro,1778672624.0,43.0,,,,0.0,0.007812,-0.308594,,,,,,,
gyro,1778672624.0,43.0,,,,0.003906,0.011719,-0.304688,,,,,,,
gyro,1778672624.0,43.0,,,,-0.005859,0.007812,-0.306641,,,,,,,
gyro,1778672624.0,43.0,,,,0.007812,0.003906,-0.306641,,,,,,,
gyro,1778672624.0,43.0,,,,0.007812,0.001953,-0.304688,,,,,,,
gyro,1778672625.0,44.0,,,,-0.007812,-0.011719,-0.308594,,,,,,,
gyro,1778672625.0,44.0,,,,-0.005859,-0.009766,-0.314453,,,,,,,
gyro,1778672625.0,44.0,,,,0.0,0.0,-0.316406,,,,,,,
gyro,1778672625.0,44.0,,,,-0.003906,0.003906,-0.314453,,,,,,,
gyro,1778672625.0,44.0,,,,-0.011719,0.019531,-0.316406,,,,,,,
gyro,1778672625.0,44.0,,,,-0.001953,0.017578,-0.3125,,,,,,,
gyro,1778672625.0,44.0,,,,0.007812,0.023438,-0.314453,,,,,,,
gyro,1778672625.0,44.0,,,,0.009766,0.019531,-0.310547,,,,,,,
gyro,1778672625.0,44.0,,,,0.005859,0.017578,-0.3125,,,,,,,
gyro,1778672625.0,44.0,,,,0.003906,0.007812,-0.3125,,,,,,,
gyro,1778672625.0,44.0,,,,0.005859,0.011719,-0.316406,,,,,,,
gyro,1778672625.0,44.0,,,,0.015625,0.017578,-0.314453,,,,,,,
gyro,1778672625.0,44.0,,,,0.007812,0.013672,-0.314453,,,,,,,
gyro,1778672625.0,44.0,,,,0.005859,0.009766,-0.3125,,,,,,,
gyro,1778672625.0,44.0,,,,0.015625,0.011719,-0.314453,,,,,,,
gyro,1778672625.0,44.0,,,,0.03125,0.009766,-0.3125,,,,,,,
gyro,1778672625.0,44.0,,,,0.021484,0.005859,-0.3125,,,,,,,
gyro,1778672625.0,44.0,,,,0.013672,0.003906,-0.3125,,,,,,,
gyro,1778672626.0,45.0,,,,0.021484,0.007812,-0.3125,,,,,,,
gyro,1778672626.0,45.0,,,,0.019531,0.013672,-0.314453,,,,,,,
gyro,1778672626.0,45.0,,,,0.013672,0.007812,-0.3125,,,,,,,
gyro,1778672626.0,45.0,,,,0.007812,0.003906,-0.314453,,,,,,,
gyro,1778672626.0,45.0,,,,0.005859,0.009766,-0.316406,,,,,,,
gyro,1778672626.0,45.0,,,,0.009766,0.009766,-0.310547,,,,,,,
gyro,1778672626.0,45.0,,,,0.0,0.007812,-0.3125,,,,,,,
gyro,1778672626.0,45.0,,,,0.0,0.009766,-0.308594,,,,,,,
gyro,1778672626.0,45.0,,,,-0.007812,0.009766,-0.3125,,,,,,,
gyro,1778672626.0,45.0,,,,-0.007812,0.005859,-0.3125,,,,,,,
gyro,1778672626.0,45.0,,,,-0.001953,0.0,-0.314453,,,,,,,
gyro,1778672626.0,45.0,,,,-0.003906,0.0,-0.310547,,,,,,,
gyro,1778672626.0,45.0,,,,-0.013672,0.0,-0.308594,,,,,,,
gyro,1778672626.0,45.0,,,,-0.015625,0.001953,-0.3125,,,,,,,
gyro,1778672626.0,45.0,,,,0.001953,0.003906,-0.314453,,,,,,,
gyro,1778672626.0,45.0,,,,0.007812,0.001953,-0.310547,,,,,,,
gyro,1778672626.0,45.0,,,,-0.009766,0.005859,-0.310547,,,,,,,
gyro,1778672626.0,45.0,,,,-0.013672,0.003906,-0.306641,,,,,,,
gyro,1778672627.0,46.0,,,,-0.011719,0.001953,-0.3125,,,,,,,
gyro,1778672627.0,46.0,,,,0.007812,0.003906,-0.314453,,,,,,,
gyro,1778672627.0,46.0,,,,-0.001953,0.013672,-0.308594,,,,,,,
gyro,1778672627.0,46.0,,,,-0.003906,0.013672,-0.3125,,,,,,,
gyro,1778672627.0,46.0,,,,0.005859,0.013672,-0.3125,,,,,,,
gyro,1778672627.0,46.0,,,,0.013672,0.013672,-0.3125,,,,,,,
gyro,1778672627.0,46.0,,,,0.009766,0.001953,-0.306641,,,,,,,
gyro,1778672627.0,46.0,,,,0.005859,0.001953,-0.310547,,,,,,,
gyro,1778672627.0,46.0,,,,0.003906,0.003906,-0.3125,,,,,,,
gyro,1778672627.0,46.0,,,,0.023438,0.003906,-0.306641,,,,,,,
gyro,1778672627.0,46.0,,,,0.007812,0.001953,-0.308594,,,,,,,
gyro,1778672627.0,46.0,,,,0.0,0.003906,-0.3125,,,,,,,
gyro,1778672627.0,46.0,,,,0.005859,0.003906,-0.3125,,,,,,,
gyro,1778672627.0,46.0,,,,0.005859,0.013672,-0.3125,,,,,,,
gyro,1778672627.0,46.0,,,,0.005859,0.009766,-0.310547,,,,,,,
gyro,1778672627.0,46.0,,,,0.007812,0.005859,-0.308594,,,,,,,
gyro,1778672627.0,46.0,,,,0.007812,0.007812,-0.3125,,,,,,,
gyro,1778672628.0,47.0,,,,0.007812,0.003906,-0.3125,,,,,,,
gyro,1778672628.0,47.0,,,,-0.007812,0.003906,-0.310547,,,,,,,
gyro,1778672628.0,47.0,,,,-0.005859,0.007812,-0.308594,,,,,,,
gyro,1778672628.0,47.0,,,,-0.007812,0.005859,-0.310547,,,,,,,
gyro,1778672628.0,47.0,,,,-0.003906,0.011719,-0.310547,,,,,,,
gyro,1778672628.0,47.0,,,,-0.001953,0.013672,-0.314453,,,,,,,
gyro,1778672628.0,47.0,,,,-0.009766,0.011719,-0.318359,,,,,,,
gyro,1778672628.0,47.0,,,,-0.009766,0.011719,-0.324219,,,,,,,
gyro,1778672628.0,47.0,,,,-0.005859,0.007812,-0.320312,,,,,,,
gyro,1778672628.0,47.0,,,,0.009766,-0.007812,-0.322266,,,,,,,
gyro,1778672628.0,47.0,,,,0.013672,-0.011719,-0.320312,,,,,,,
gyro,1778672628.0,47.0,,,,0.009766,-0.003906,-0.324219,,,,,,,
gyro,1778672628.0,47.0,,,,0.019531,0.003906,-0.324219,,,,,,,
gyro,1778672628.0,47.0,,,,0.003906,0.015625,-0.324219,,,,,,,
gyro,1778672628.0,47.0,,,,-0.007812,0.029297,-0.324219,,,,,,,
gyro,1778672628.0,47.0,,,,0.005859,0.023438,-0.324219,,,,,,,
gyro,1778672628.0,47.0,,,,0.011719,0.019531,-0.324219,,,,,,,
gyro,1778672629.0,48.0,,,,0.003906,0.011719,-0.326172,,,,,,,
gyro,1778672629.0,48.0,,,,-0.005859,-0.001953,-0.326172,,,,,,,
gyro,1778672629.0,48.0,,,,0.009766,0.003906,-0.324219,,,,,,,
gyro,1778672629.0,48.0,,,,0.007812,0.013672,-0.324219,,,,,,,
gyro,1778672629.0,48.0,,,,-0.003906,0.017578,-0.322266,,,,,,,
gyro,1778672629.0,48.0,,,,-0.001953,0.021484,-0.326172,,,,,,,
gyro,1778672629.0,48.0,,,,-0.007812,0.013672,-0.324219,,,,,,,
gyro,1778672629.0,48.0,,,,0.003906,0.011719,-0.326172,,,,,,,
gyro,1778672629.0,48.0,,,,0.019531,0.0,-0.320312,,,,,,,
gyro,1778672629.0,48.0,,,,0.021484,-0.009766,-0.324219,,,,,,,
gyro,1778672629.0,48.0,,,,0.021484,-0.011719,-0.326172,,,,,,,
gyro,1778672629.0,48.0,,,,0.013672,-0.007812,-0.324219,,,,,,,
gyro,1778672629.0,48.0,,,,-0.001953,0.013672,-0.320312,,,,,,,
gyro,1778672629.0,48.0,,,,-0.001953,0.027344,-0.320312,,,,,,,
gyro,1778672629.0,48.0,,,,-0.003906,0.033203,-0.322266,,,,,,,
gyro,1778672629.0,48.0,,,,0.005859,0.015625,-0.326172,,,,,,,
gyro,1778672630.0,49.0,,,,0.001953,0.007812,-0.328125,,,,,,,
gyro,1778672630.0,49.0,,,,-0.001953,-0.001953,-0.324219,,,,,,,
gyro,1778672630.0,49.0,,,,-0.013672,-0.003906,-0.328125,,,,,,,
gyro,1778672630.0,49.0,,,,-0.003906,0.0,-0.324219,,,,,,,
gyro,1778672630.0,49.0,,,,-0.001953,0.001953,-0.324219,,,,,,,
gyro,1778672630.0,49.0,,,,0.005859,0.013672,-0.324219,,,,,,,
gyro,1778672630.0,49.0,,,,0.003906,0.021484,-0.320312,,,,,,,
gyro,1778672630.0,49.0,,,,0.007812,0.015625,-0.320312,,,,,,,
gyro,1778672630.0,49.0,,,,0.005859,0.009766,-0.324219,,,,,,,
gyro,1778672630.0,49.0,,,,0.001953,0.015625,-0.322266,,,,,,,
gyro,1778672630.0,49.0,,,,-0.001953,0.013672,-0.324219,,,,,,,
gyro,1778672630.0,49.0,,,,0.011719,0.007812,-0.320312,,,,,,,
gyro,1778672630.0,49.0,,,,0.011719,0.011719,-0.320312,,,,,,,
gyro,1778672630.0,49.0,,,,0.0,0.005859,-0.324219,,,,,,,
gyro,1778672630.0,49.0,,,,-0.009766,-0.001953,-0.324219,,,,,,,
gyro,1778672630.0,49.0,,,,0.013672,0.013672,-0.324219,,,,,,,
gyro,1778672631.0,50.0,,,,0.011719,0.015625,-0.318359,,,,,,,
gyro,1778672631.0,50.0,,,,0.015625,0.015625,-0.320312,,,,,,,
gyro,1778672631.0,50.0,,,,0.005859,0.021484,-0.322266,,,,,,,
gyro,1778672631.0,50.0,,,,0.013672,0.019531,-0.320312,,,,,,,
gyro,1778672631.0,50.0,,,,0.0,0.017578,-0.322266,,,,,,,
gyro,1778672631.0,50.0,,,,-0.005859,0.009766,-0.320312,,,,,,,
gyro,1778672631.0,50.0,,,,0.011719,0.013672,-0.320312,,,,,,,
gyro,1778672631.0,50.0,,,,0.013672,0.023438,-0.324219,,,,,,,
gyro,1778672631.0,50.0,,,,0.011719,0.013672,-0.322266,,,,,,,
gyro,1778672631.0,50.0,,,,0.009766,0.009766,-0.324219,,,,,,,
gyro,1778672631.0,50.0,,,,-0.001953,0.003906,-0.328125,,,,,,,
gyro,1778672631.0,50.0,,,,-0.003906,-0.009766,-0.324219,,,,,,,
gyro,1778672631.0,50.0,,,,0.0,-0.017578,-0.322266,,,,,,,
gyro,1778672631.0,50.0,,,,-0.009766,-0.019531,-0.324219,,,,,,,
gyro,1778672631.0,50.0,,,,-0.001953,-0.007812,-0.320312,,,,,,,
gyro,1778672631.0,50.0,,,,-0.003906,0.001953,-0.320312,,,,,,,
gyro,1778672631.0,50.0,,,,-0.007812,0.027344,-0.320312,,,,,,,
gyro,1778672631.0,50.0,,,,-0.007812,0.033203,-0.318359,,,,,,,
gyro,1778672632.0,51.0,,,,0.001953,0.027344,-0.3125,,,,,,,
gyro,1778672632.0,51.0,,,,0.005859,-0.003906,-0.314453,,,,,,,
gyro,1778672632.0,51.0,,,,0.0,-0.009766,-0.3125,,,,,,,
gyro,1778672632.0,51.0,,,,-0.001953,-0.003906,-0.3125,,,,,,,
gyro,1778672632.0,51.0,,,,0.007812,0.011719,-0.314453,,,,,,,
gyro,1778672632.0,51.0,,,,0.019531,0.017578,-0.3125,,,,,,,
gyro,1778672632.0,51.0,,,,0.017578,0.027344,-0.308594,,,,,,,
gyro,1778672632.0,51.0,,,,0.0,0.029297,-0.306641,,,,,,,
gyro,1778672632.0,51.0,,,,0.013672,0.021484,-0.302734,,,,,,,
gyro,1778672632.0,51.0,,,,0.023438,0.009766,-0.302734,,,,,,,
gyro,1778672632.0,51.0,,,,0.007812,-0.013672,-0.302734,,,,,,,
gyro,1778672632.0,51.0,,,,-0.005859,0.005859,-0.300781,,,,,,,
gyro,1778672632.0,51.0,,,,0.009766,0.023438,-0.296875,,,,,,,
gyro,1778672632.0,51.0,,,,-0.001953,0.035156,-0.294922,,,,,,,
gyro,1778672632.0,51.0,,,,-0.003906,0.046875,-0.291016,,,,,,,
gyro,1778672632.0,51.0,,,,0.001953,0.048828,-0.291016,,,,,,,
gyro,1778672633.0,52.0,,,,0.013672,0.041016,-0.287109,,,,,,,
gyro,1778672633.0,52.0,,,,0.023438,0.033203,-0.28125,,,,,,,
gyro,1778672633.0,52.0,,,,0.03125,0.023438,-0.277344,,,,,,,
gyro,1778672633.0,52.0,,,,0.015625,0.011719,-0.275391,,,,,,,
gyro,1778672633.0,52.0,,,,0.015625,0.005859,-0.275391,,,,,,,
gyro,1778672633.0,52.0,,,,0.029297,0.007812,-0.271484,,,,,,,
gyro,1778672633.0,52.0,,,,0.013672,0.001953,-0.271484,,,,,,,
gyro,1778672633.0,52.0,,,,-0.001953,-0.023438,-0.265625,,,,,,,
gyro,1778672633.0,52.0,,,,-0.007812,-0.019531,-0.267578,,,,,,,
gyro,1778672633.0,52.0,,,,0.011719,-0.009766,-0.263672,,,,,,,
gyro,1778672633.0,52.0,,,,0.009766,0.003906,-0.255859,,,,,,,
gyro,1778672633.0,52.0,,,,0.017578,0.021484,-0.255859,,,,,,,
gyro,1778672633.0,52.0,,,,0.017578,0.033203,-0.253906,,,,,,,
gyro,1778672633.0,52.0,,,,0.025391,0.035156,-0.248047,,,,,,,
gyro,1778672633.0,52.0,,,,0.025391,0.027344,-0.246094,,,,,,,
gyro,1778672633.0,52.0,,,,0.013672,0.027344,-0.240234,,,,,,,
gyro,1778672633.0,52.0,,,,0.013672,0.013672,-0.236328,,,,,,,
gyro,1778672633.0,52.0,,,,0.019531,0.007812,-0.238281,,,,,,,
gyro,1778672634.0,53.0,,,,0.029297,0.0,-0.232422,,,,,,,
gyro,1778672634.0,53.0,,,,0.015625,0.0,-0.234375,,,,,,,
gyro,1778672634.0,53.0,,,,-0.001953,0.001953,-0.224609,,,,,,,
gyro,1778672634.0,53.0,,,,0.007812,-0.001953,-0.222656,,,,,,,
gyro,1778672634.0,53.0,,,,0.011719,-0.005859,-0.220703,,,,,,,
gyro,1778672634.0,53.0,,,,0.029297,-0.001953,-0.21875,,,,,,,
gyro,1778672634.0,53.0,,,,0.021484,0.001953,-0.212891,,,,,,,
gyro,1778672634.0,53.0,,,,0.017578,0.003906,-0.208984,,,,,,,
gyro,1778672634.0,53.0,,,,0.005859,0.011719,-0.207031,,,,,,,
gyro,1778672634.0,53.0,,,,0.013672,0.011719,-0.205078,,,,,,,
gyro,1778672634.0,53.0,,,,0.013672,0.011719,-0.199219,,,,,,,
gyro,1778672634.0,53.0,,,,0.011719,0.011719,-0.193359,,,,,,,
gyro,1778672634.0,53.0,,,,0.013672,0.013672,-0.189453,,,,,,,
gyro,1778672634.0,53.0,,,,0.019531,0.015625,-0.185547,,,,,,,
gyro,1778672634.0,53.0,,,,0.011719,0.011719,-0.175781,,,,,,,
gyro,1778672634.0,53.0,,,,0.011719,0.0,-0.169922,,,,,,,
gyro,1778672634.0,53.0,,,,0.011719,0.001953,-0.166016,,,,,,,
gyro,1778672634.0,53.0,,,,-0.003906,0.005859,-0.160156,,,,,,,
gyro,1778672635.0,54.0,,,,-0.003906,0.003906,-0.158203,,,,,,,
gyro,1778672635.0,54.0,,,,-0.003906,0.009766,-0.150391,,,,,,,
gyro,1778672635.0,54.0,,,,-0.005859,0.001953,-0.148438,,,,,,,
gyro,1778672635.0,54.0,,,,-0.001953,0.001953,-0.146484,,,,,,,
gyro,1778672635.0,54.0,,,,0.007812,0.0,-0.140625,,,,,,,
gyro,1778672635.0,54.0,,,,0.007812,-0.005859,-0.136719,,,,,,,
gyro,1778672635.0,54.0,,,,0.009766,-0.013672,-0.132812,,,,,,,
gyro,1778672635.0,54.0,,,,0.013672,-0.013672,-0.128906,,,,,,,
gyro,1778672635.0,54.0,,,,0.011719,-0.011719,-0.125,,,,,,,
gyro,1778672635.0,54.0,,,,0.013672,-0.009766,-0.125,,,,,,,
gyro,1778672635.0,54.0,,,,0.003906,0.001953,-0.117188,,,,,,,
gyro,1778672635.0,54.0,,,,0.005859,0.001953,-0.111328,,,,,,,
gyro,1778672635.0,54.0,,,,0.0,0.001953,-0.109375,,,,,,,
gyro,1778672635.0,54.0,,,,0.003906,-0.003906,-0.101562,,,,,,,
gyro,1778672635.0,54.0,,,,-0.001953,-0.005859,-0.09375,,,,,,,
gyro,1778672635.0,54.0,,,,0.003906,-0.001953,-0.09375,,,,,,,
gyro,1778672635.0,54.0,,,,0.007812,-0.003906,-0.085938,,,,,,,
gyro,1778672635.0,54.0,,,,0.009766,-0.003906,-0.082031,,,,,,,
gyro,1778672636.0,55.0,,,,0.015625,-0.003906,-0.078125,,,,,,,
gyro,1778672636.0,55.0,,,,0.011719,0.0,-0.076172,,,,,,,
gyro,1778672636.0,55.0,,,,0.013672,0.001953,-0.070312,,,,,,,
gyro,1778672636.0,55.0,,,,0.011719,-0.003906,-0.0625,,,,,,,
gyro,1778672636.0,55.0,,,,0.009766,-0.003906,-0.058594,,,,,,,
gyro,1778672636.0,55.0,,,,0.009766,-0.005859,-0.052734,,,,,,,
gyro,1778672636.0,55.0,,,,0.007812,0.0,-0.054688,,,,,,,
gyro,1778672636.0,55.0,,,,0.003906,-0.001953,-0.050781,,,,,,,
gyro,1778672636.0,55.0,,,,0.001953,0.0,-0.046875,,,,,,,
gyro,1778672636.0,55.0,,,,0.0,-0.001953,-0.042969,,,,,,,
gyro,1778672636.0,55.0,,,,0.0,-0.007812,-0.042969,,,,,,,
gyro,1778672636.0,55.0,,,,0.0,-0.007812,-0.039062,,,,,,,
gyro,1778672636.0,55.0,,,,0.005859,-0.009766,-0.039062,,,,,,,
gyro,1778672636.0,55.0,,,,0.007812,-0.007812,-0.035156,,,,,,,
gyro,1778672636.0,55.0,,,,0.003906,-0.009766,-0.029297,,,,,,,
gyro,1778672636.0,55.0,,,,0.005859,-0.007812,-0.027344,,,,,,,
gyro,1778672636.0,55.0,,,,0.007812,-0.007812,-0.023438,,,,,,,
gyro,1778672636.0,55.0,,,,0.003906,-0.007812,-0.021484,,,,,,,
gyro,1778672636.0,55.0,,,,0.001953,-0.009766,-0.023438,,,,,,,
gyro,1778672636.0,55.0,,,,0.001953,-0.007812,-0.023438,,,,,,,
gyro,1778672637.0,56.0,,,,0.003906,-0.007812,-0.015625,,,,,,,
gyro,1778672637.0,56.0,,,,0.0,-0.005859,-0.017578,,,,,,,
gyro,1778672637.0,56.0,,,,0.0,-0.003906,-0.011719,,,,,,,
gyro,1778672637.0,56.0,,,,0.003906,-0.005859,-0.009766,,,,,,,
gyro,1778672637.0,56.0,,,,0.005859,-0.001953,-0.011719,,,,,,,
gyro,1778672637.0,56.0,,,,0.003906,-0.003906,-0.011719,,,,,,,
gyro,1778672637.0,56.0,,,,0.0,-0.003906,-0.011719,,,,,,,
gyro,1778672637.0,56.0,,,,0.001953,-0.005859,-0.009766,,,,,,,
gyro,1778672637.0,56.0,,,,0.003906,-0.001953,-0.007812,,,,,,,
gyro,1778672637.0,56.0,,,,0.0,-0.001953,-0.007812,,,,,,,
gyro,1778672637.0,56.0,,,,-0.001953,-0.001953,-0.005859,,,,,,,
gyro,1778672637.0,56.0,,,,0.0,-0.001953,-0.003906,,,,,,,
gyro,1778672637.0,56.0,,,,-0.003906,0.0,-0.005859,,,,,,,
gyro,1778672637.0,56.0,,,,0.0,0.0,-0.001953,,,,,,,
gyro,1778672637.0,56.0,,,,0.0,-0.003906,-0.003906,,,,,,,
gyro,1778672637.0,56.0,,,,0.005859,0.0,-0.003906,,,,,,,
gyro,1778672637.0,56.0,,,,0.003906,-0.003906,0.0,,,,,,,
gyro,1778672638.0,57.0,,,,0.005859,0.0,0.0,,,,,,,
gyro,1778672638.0,57.0,,,,0.001953,0.0,0.0,,,,,,,
gyro,1778672638.0,57.0,,,,0.003906,0.0,0.0,,,,,,,
gyro,1778672638.0,57.0,,,,0.0,0.001953,0.0,,,,,,,
gyro,1778672638.0,57.0,,,,0.0,0.0,0.001953,,,,,,,
gyro,1778672638.0,57.0,,,,-0.001953,0.0,0.001953,,,,,,,
gyro,1778672638.0,57.0,,,,-0.001953,-0.001953,-0.001953,,,,,,,
gyro,1778672638.0,57.0,,,,-0.003906,-0.003906,0.001953,,,,,,,
gyro,1778672638.0,57.0,,,,0.001953,-0.001953,0.0,,,,,,,
gyro,1778672638.0,57.0,,,,0.003906,0.0,0.0,,,,,,,
gyro,1778672638.0,57.0,,,,0.0,0.0,0.001953,,,,,,,
gyro,1778672638.0,57.0,,,,-0.001953,0.003906,-0.001953,,,,,,,
gyro,1778672638.0,57.0,,,,-0.001953,0.003906,0.0,,,,,,,
gyro,1778672638.0,57.0,,,,0.0,0.0,-0.003906,,,,,,,
gyro,1778672638.0,57.0,,,,-0.001953,0.0,0.0,,,,,,,
gyro,1778672638.0,57.0,,,,0.0,0.001953,0.001953,,,,,,,
gyro,1778672638.0,57.0,,,,-0.001953,-0.001953,0.0,,,,,,,
gyro,1778672638.0,57.0,,,,-0.001953,-0.001953,0.0,,,,,,,
gyro,1778672638.0,57.0,,,,0.0,0.0,0.0,,,,,,,
gyro,1778672639.0,58.0,,,,0.0,0.0,0.0,,,,,,,
gyro,1778672639.0,58.0,,,,-0.001953,0.003906,0.0,,,,,,,
gyro,1778672639.0,58.0,,,,-0.003906,-0.003906,0.0,,,,,,,
gyro,1778672639.0,58.0,,,,-0.003906,0.0,0.0,,,,,,,
gyro,1778672639.0,58.0,,,,-0.001953,0.0,0.001953,,,,,,,
gyro,1778672639.0,58.0,,,,0.0,0.0,0.0,,,,,,,
gyro,1778672639.0,58.0,,,,-0.001953,0.0,0.0,,,,,,,
gyro,1778672639.0,58.0,,,,0.0,0.0,-0.001953,,,,,,,
gyro,1778672639.0,58.0,,,,0.0,0.001953,-0.001953,,,,,,,
gyro,1778672639.0,58.0,,,,-0.001953,0.0,0.0,,,,,,,
gyro,1778672639.0,58.0,,,,-0.001953,0.0,0.001953,,,,,,,
gyro,1778672639.0,58.0,,,,0.0,-0.001953,0.001953,,,,,,,
gyro,1778672639.0,58.0,,,,0.001953,-0.001953,0.0,,,,,,,
gyro,1778672639.0,58.0,,,,0.001953,0.001953,0.0,,,,,,,
gyro,1778672639.0,58.0,,,,0.0,0.0,0.0,,,,,,,
gyro,1778672639.0,58.0,,,,-0.001953,0.0,-0.003906,,,,,,,
gyro,1778672639.0,58.0,,,,0.0,0.001953,0.001953,,,,,,,
gyro,1778672639.0,58.0,,,,0.0,0.001953,0.0,,,,,,,
gyro,1778672640.0,59.0,,,,-0.003906,-0.001953,0.0,,,,,,,
gyro,1778672640.0,59.0,,,,0.001953,0.0,0.0,,,,,,,
gyro,1778672640.0,59.0,,,,0.001953,0.001953,-0.001953,,,,,,,
gyro,1778672640.0,59.0,,,,0.0,0.0,0.0,,,,,,,
gyro,1778672640.0,59.0,,,,0.0,0.001953,0.001953,,,,,,,
gyro,1778672640.0,59.0,,,,0.001953,0.0,0.0,,,,,,,
gyro,1778672640.0,59.0,,,,-0.001953,0.0,0.001953,,,,,,,
gyro,1778672640.0,59.0,,,,0.0,0.0,0.0,,,,,,,
gyro,1778672640.0,59.0,,,,0.0,0.0,0.0,,,,,,,
gyro,1778672640.0,59.0,,,,0.0,0.0,0.0,,,,,,,
gyro,1778672640.0,59.0,,,,0.0,0.0,0.0,,,,,,,
gyro,1778672640.0,59.0,,,,0.0,0.0,0.0,,,,,,,
gyro,1778672640.0,59.0,,,,0.0,0.0,0.0,,,,,,,
gyro,1778672640.0,59.0,,,,0.0,0.0,0.0,,,,,,,
gyro,1778672640.0,59.0,,,,0.0,0.0,0.0,,,,,,,
gyro,1778672640.0,59.0,,,,0.0,0.0,0.0,,,,,,,
gyro,1778672640.0,59.0,,,,0.0,0.0,0.0,,,,,,,
gyro,1778672640.0,59.0,,,,0.0,0.0,0.0,,,,,,,
gyro,1778672641.0,60.0,,,,0.0,0.0,0.0,,,,,,,
gyro,1778672641.0,60.0,,,,0.0,0.0,0.0,,,,,,,
gyro,1778672641.0,60.0,,,,0.0,0.0,0.0,,,,,,,
gyro,1778672641.0,60.0,,,,0.0,0.0,0.0,,,,,,,
gyro,1778672641.0,60.0,,,,0.0,0.0,0.0,,,,,,,
gyro,1778672641.0,60.0,,,,0.0,0.0,0.0,,,,,,,
gyro,1778672641.0,60.0,,,,0.0,0.0,0.0,,,,,,,
gyro,1778672641.0,60.0,,,,0.0,0.0,0.0,,,,,,,
gyro,1778672641.0,60.0,,,,0.0,0.0,0.0,,,,,,,
gyro,1778672641.0,60.0,,,,0.0,0.0,0.0,,,,,,,
gyro,1778672641.0,60.0,,,,0.0,0.0,0.0,,,,,,,
gyro,1778672641.0,60.0,,,,0.0,0.0,0.0,,,,,,,
gyro,1778672641.0,60.0,,,,0.0,0.0,0.0,,,,,,,
gyro,1778672641.0,60.0,,,,0.0,0.0,0.0,,,,,,,
gyro,1778672641.0,60.0,,,,0.0,0.0,0.0,,,,,,,
gyro,1778672641.0,60.0,,,,0.0,0.0,0.0,,,,,,,
gyro,1778672641.0,60.0,,,,0.0,0.0,0.0,,,,,,,
gyro,1778672642.0,61.0,,,,0.0,0.0,0.0,,,,,,,
gyro,1778672642.0,61.0,,,,0.0,0.0,0.0,,,,,,,
gyro,1778672642.0,61.0,,,,0.0,0.0,0.0,,,,,,,
gyro,1778672642.0,61.0,,,,0.0,0.0,0.0,,,,,,,
gyro,1778672642.0,61.0,,,,0.0,0.0,0.0,,,,,,,
gyro,1778672642.0,61.0,,,,0.0,0.0,0.0,,,,,,,
gyro,1778672642.0,61.0,,,,0.0,0.0,0.0,,,,,,,
gyro,1778672642.0,61.0,,,,0.0,0.0,0.0,,,,,,,
gyro,1778672642.0,61.0,,,,0.0,0.0,0.0,,,,,,,
gyro,1778672642.0,61.0,,,,0.0,0.0,0.0,,,,,,,
gyro,1778672642.0,61.0,,,,0.0,0.0,0.0,,,,,,,
gyro,1778672642.0,61.0,,,,0.0,0.0,0.0,,,,,,,
gyro,1778672642.0,61.0,,,,0.0,0.0,0.0,,,,,,,
gyro,1778672642.0,61.0,,,,0.0,0.0,0.0,,,,,,,
gyro,1778672642.0,61.0,,,,0.0,0.0,0.0,,,,,,,
gyro,1778672642.0,61.0,,,,0.0,0.0,0.0,,,,,,,
gyro,1778672642.0,61.0,,,,0.0,0.0,0.0,,,,,,,
gyro,1778672642.0,61.0,,,,0.0,0.0,0.0,,,,,,,
gyro,1778672642.0,61.0,,,,0.0,0.0,0.0,,,,,,,
gyro,1778672642.0,61.0,,,,0.0,0.0,0.0,,,,,,,
gyro,1778672643.0,62.0,,,,0.0,0.0,0.0,,,,,,,
gyro,1778672643.0,62.0,,,,0.0,0.0,0.0,,,,,,,
gyro,1778672643.0,62.0,,,,0.0,0.0,0.0,,,,,,,
gyro,1778672643.0,62.0,,,,0.0,0.0,0.0,,,,,,,
gyro,1778672643.0,62.0,,,,0.0,0.0,0.0,,,,,,,
gyro,1778672643.0,62.0,,,,0.0,0.0,0.0,,,,,,,
gyro,1778672643.0,62.0,,,,0.0,0.0,0.0,,,,,,,
gyro,1778672643.0,62.0,,,,0.0,0.0,0.0,,,,,,,
gyro,1778672643.0,62.0,,,,0.0,0.0,0.0,,,,,,,
gyro,1778672643.0,62.0,,,,0.0,0.0,0.0,,,,,,,
gyro,1778672643.0,62.0,,,,0.0,0.0,0.0,,,,,,,
gyro,1778672643.0,62.0,,,,0.0,0.0,0.0,,,,,,,
gyro,1778672643.0,62.0,,,,0.0,0.0,0.0,,,,,,,
gyro,1778672643.0,62.0,,,,0.0,0.0,0.0,,,,,,,
gyro,1778672643.0,62.0,,,,0.0,0.0,0.0,,,,,,,
gyro,1778672643.0,62.0,,,,0.0,0.0,0.0,,,,,,,
gyro,1778672643.0,62.0,,,,0.0,0.0,0.0,,,,,,,
gyro,1778672643.0,62.0,,,,0.0,0.0,0.0,,,,,,,
gps,1778672593.0,12.0,,,,,,,57.777122,11.913176,64.5,0.10186,3.0,6.40319337958492,6.338125639585135
gps,1778672594.0,13.0,,,,,,,57.777107,11.913183,64.800003,0.107416,3.0,6.818215172724499,4.670197840215495
gps,1778672595.0,14.0,,,,,,,57.777107,11.913181,65.5,0.183348,3.0,6.699637517447474,4.670197840215495
gps,1778672596.0,15.0,,,,,,,57.777107,11.913188,63.400002,0.290764,3.0,7.114659310681341,4.670197840215495
gps,1778672597.0,16.0,,,,,,,57.777107,11.913192,62.799999,0.668572,3.0,7.351814621046814,4.670197840215495
gps,1778672598.0,17.0,,,,,,,57.777107,11.913186,62.700001,5.1393,3.0,6.996081655404316,4.670197840215495
gps,1778672599.0,18.0,,,,,,,57.777077,11.913172,63.5,12.530632,3.0,6.1660380692194465,1.33434224006157
gps,1778672600.0,19.0,,,,,,,57.777042,11.913141,63.900002,15.141952,3.0,4.328084413887027,-2.5574892927440196
gps,1778672601.0,20.0,,,,,,,57.777,11.91312,63.200001,19.429333,3.0,3.0830190345625788,-7.227687132959515
gps,1778672602.0,21.0,,,,,,,57.776928,11.913108,56.900002,22.518469,3.0,2.3715531034661583,-15.233740573328935
gps,1778672603.0,22.0,,,,,,,57.776833,11.913186,60.400002,31.961815,3.0,6.996081655404316,-25.797283306442374
gps,1778672604.0,23.0,,,,,,,57.776756,11.913269,60.900002,34.873161,3.0,11.917054345299317,-34.35931267946346
gps,1778672605.0,24.0,,,,,,,57.776726,11.91342,63.099998,37.049259,3.0,20.869667311218787,-37.695168279617384
gps,1778672606.0,25.0,,,,,,,57.776691,11.91357,59.5,35.912132,3.0,29.76299144954689,-41.586999812422974
gps,1778672607.0,26.0,,,,,,,57.776699,11.91377,61.299999,38.927185,3.0,41.620756967349124,-40.697438319048594
gps,1778672608.0,27.0,,,,,,,57.776733,11.913944,63.900002,40.143951,3.0,51.93701296787007,-36.91680197220748
gps,1778672609.0,28.0,,,,,,,57.776791,11.914075,59.400002,35.791752,3.0,59.70384938196217,-30.46748114665787
gps,1778672610.0,29.0,,,,,,,57.77689,11.91415,62.900002,37.740055,3.0,64.15051145103195,-19.45915766685724
gps,1778672611.0,30.0,,,,,,,57.77697,11.914176,62.900002,35.928799,3.0,65.69202096831323,-10.56354273311344
gps,1778672612.0,31.0,,,,,,,57.777058,11.91417,62.900002,37.228901,3.0,65.33628800276502,-0.7783663074099056
gps,1778672613.0,32.0,,,,,,,57.777134,11.914102,63.5,35.81953,3.0,61.30464772683484,7.672467879646705
gps,1778672614.0,33.0,,,,,,,57.777199,11.913965,65.699997,39.112389,3.0,53.18207834710023,14.900155014020866
gps,1778672615.0,34.0,,,,,,,57.777237,11.913806,64.199997,38.790138,3.0,43.7551547605441,19.12557210754917
gps,1778672616.0,35.0,,,,,,,57.777271,11.913648,64.300003,34.910202,3.0,34.38752000157934,22.90620845297564
gps,1778672617.0,36.0,,,,,,,57.777245,11.913461,62.700001,38.451221,3.0,23.300509242276313,20.01513360092355
gps,1778672618.0,37.0,,,,,,,57.77718,11.913303,61.400002,39.699474,3.0,13.93287448340584,12.78744646654939
gps,1778672619.0,38.0,,,,,,,57.777107,11.913179,62.400002,39.79763,3.0,6.581059862359026,4.670197840215495
gps,1778672620.0,39.0,,,,,,,57.777035,11.91309,64.199997,35.939911,3.0,1.3043542070101044,-3.3358556001539252
gps,1778672621.0,40.0,,,,,,,57.776955,11.913057,62.299999,31.476593,3.0,-0.6521771034107638,-12.23147053248308
gps,1778672622.0,41.0,,,,,,,57.776855,11.913104,63.0,34.226814,3.0,2.134397793194973,-23.35098919966283
gps,1778672623.0,42.0,,,,,,,57.776768,11.913208,64.699997,38.773472,3.0,8.30043586241442,-33.02497043940189
gps,1778672624.0,43.0,,,,,,,57.776691,11.913334,66.099998,40.125431,3.0,15.77082813864397,-41.586999812422974
gps,1778672625.0,44.0,,,,,,,57.776661,11.913501,62.599998,39.054974,3.0,25.672062345931053,-44.9228554125769
gps,1778672626.0,45.0,,,,,,,57.776653,11.913674,64.599998,39.264252,3.0,35.929029518860624,-45.81241690595128
gps,1778672627.0,46.0,,,,,,,57.776669,11.913849,63.400002,37.86599,3.0,46.30457434687865,-44.03329391920252
gps,1778672628.0,47.0,,,,,,,57.776718,11.914016,63.299999,39.1698,3.0,56.205808554071446,-38.584729772991764
gps,1778672629.0,48.0,,,,,,,57.776798,11.914127,63.5,38.275284,3.0,62.78686841661904,-29.68911484066261
gps,1778672630.0,49.0,,,,,,,57.776897,11.914186,64.800003,37.499294,3.0,66.28490924422691,-18.68079136086198
gps,1778672631.0,50.0,,,,,,,57.777012,11.914193,63.900002,43.94796,3.0,66.69993103727221,-5.893344892897945
gps,1778672632.0,51.0,,,,,,,57.7771,11.914166,62.200001,37.154823,3.0,65.09913269239954,3.8918315328055897
gps,1778672633.0,52.0,,,,,,,57.777164,11.914075,62.599998,36.264011,3.0,59.70384938196217,11.00832347980063
gps,1778672634.0,53.0,,,,,,,57.777214,11.91394,64.199997,33.650841,3.0,51.699857657504594,16.568082813390504
gps,1778672635.0,54.0,,,,,,,57.777245,11.913829,64.300003,25.142752,3.0,45.118797795051286,20.01513360092355
gps,1778672636.0,55.0,,,,,,,57.777271,11.913743,63.599998,17.405096,3.0,40.01995862247647,22.90620845297564
gps,1778672637.0,56.0,,,,,,,57.777271,11.913721,64.800003,5.743052,3.0,38.71560441546636,22.90620845297564
gps,1778672638.0,57.0,,,,,,,57.777271,11.913711,65.800003,1.696432,3.0,38.12271613955268,22.90620845297564
gps,1778672639.0,58.0,,,,,,,57.777271,11.9137,65.800003,0.548192,3.0,37.470539036047626,22.90620845297564
gps,1778672640.0,59.0,,,,,,,57.777271,11.913702,65.900002,0.279652,3.0,37.589116691324655,22.90620845297564
gps,1778672641.0,60.0,,,,,,,57.777271,11.913707,63.299999,0.133344,3.0,37.885560829281495,22.90620845297564
gps,1778672642.0,61.0,,,,,,,57.777271,11.913709,62.5,0.279652,3.0,38.00413848455852,22.90620845297564
gps,1778672643.0,62.0,,,,,,,57.777271,11.913713,63.900002,0.340768,3.0,38.24129379473542,22.90620845297564
