sensor,time,t,ax,ay,az,wx,wy,wz,lat,lon,alt,v_kmh,satellites,x,y
acc,1778672674.0,93.0,-0.074219,0.164062,-9.800781,,,,,,,,,,
acc,1778672674.0,93.0,-0.074219,0.128906,-9.796875,,,,,,,,,,
acc,1778672674.0,93.0,-0.074219,0.128906,-9.796875,,,,,,,,,,
acc,1778672674.0,93.0,-0.074219,0.128906,-9.796875,,,,,,,,,,
acc,1778672674.0,93.0,-0.113281,0.128906,-9.800781,,,,,,,,,,
acc,1778672674.0,93.0,-0.113281,0.164062,-9.796875,,,,,,,,,,
acc,1778672674.0,93.0,-0.113281,0.164062,-9.796875,,,,,,,,,,
acc,1778672674.0,93.0,-0.113281,0.164062,-9.796875,,,,,,,,,,
acc,1778672674.0,93.0,-0.113281,0.164062,-9.796875,,,,,,,,,,
acc,1778672674.0,93.0,-0.113281,0.164062,-9.839844,,,,,,,,,,
acc,1778672674.0,93.0,-0.113281,0.164062,-9.839844,,,,,,,,,,
acc,1778672674.0,93.0,-0.113281,0.164062,-9.796875,,,,,,,,,,
acc,1778672674.0,93.0,-0.113281,0.128906,-9.800781,,,,,,,,,,
acc,1778672674.0,93.0,-0.074219,0.164062,-9.835938,,,,,,,,,,
acc,1778672674.0,93.0,-0.113281,0.164062,-9.796875,,,,,,,,,,
acc,1778672674.0,93.0,-0.074219,0.128906,-9.796875,,,,,,,,,,
acc,1778672674.0,93.0,-0.113281,0.164062,-9.796875,,,,,,,,,,
acc,1778672674.0,93.0,-0.113281,0.164062,-9.796875,,,,,,,,,,
acc,1778672674.0,93.0,-0.152344,0.164062,-9.796875,,,,,,,,,,
acc,1778672674.0,93.0,-0.113281,0.164062,-9.796875,,,,,,,,,,
acc,1778672674.0,93.0,-0.074219,0.164062,-9.800781,,,,,,,,,,
acc,1778672674.0,93.0,-0.074219,0.128906,-9.796875,,,,,,,,,,
acc,1778672674.0,93.0,-0.074219,0.128906,-9.796875,,,,,,,,,,
acc,1778672674.0,93.0,-0.074219,0.164062,-9.800781,,,,,,,,,,
acc,1778672674.0,93.0,-0.074219,0.128906,-9.796875,,,,,,,,,,
acc,1778672674.0,93.0,-0.113281,0.164062,-9.839844,,,,,,,,,,
acc,1778672674.0,93.0,-0.074219,0.164062,-9.757812,,,,,,,,,,
acc,1778672674.0,93.0,-0.074219,0.164062,-9.800781,,,,,,,,,,
acc,1778672674.0,93.0,-0.074219,0.128906,-9.839844,,,,,,,,,,
acc,1778672674.0,93.0,-0.074219,0.128906,-9.796875,,,,,,,,,,
acc,1778672674.0,93.0,-0.074219,0.128906,-9.796875,,,,,,,,,,
acc,1778672674.0,93.0,-0.074219,0.128906,-9.796875,,,,,,,,,,
acc,1778672674.0,93.0,-0.074219,0.128906,-9.796875,,,,,,,,,,
acc,1778672674.0,93.0,-0.074219,0.128906,-9.796875,,,,,,,,,,
acc,1778672674.0,93.0,-0.074219,0.128906,-9.796875,,,,,,,,,,
acc,1778672674.0,93.0,-0.074219,0.128906,-9.796875,,,,,,,,,,
acc,1778672674.0,93.0,-0.074219,0.128906,-9.796875,,,,,,,,,,
acc,1778672674.0,93.0,-0.113281,0.128906,-9.800781,,,,,,,,,,
acc,1778672674.0,93.0,-0.074219,0.128906,-9.796875,,,,,,,,,,
acc,1778672674.0,93.0,-0.074219,0.128906,-9.796875,,,,,,,,,,
acc,1778672674.0,93.0,-0.074219,0.128906,-9.839844,,,,,,,,,,
acc,1778672674.0,93.0,-0.074219,0.128906,-9.839844,,,,,,,,,,
acc,1778672674.0,93.0,-0.074219,0.128906,-9.839844,,,,,,,,,,
acc,1778672674.0,93.0,-0.074219,0.128906,-9.796875,,,,,,,,,,
acc,1778672674.0,93.0,-0.074219,0.128906,-9.796875,,,,,,,,,,
acc,1778672674.0,93.0,-0.113281,0.128906,-9.800781,,,,,,,,,,
acc,1778672674.0,93.0,-0.074219,0.164062,-9.800781,,,,,,,,,,
acc,1778672674.0,93.0,-0.113281,0.164062,-9.796875,,,,,,,,,,
acc,1778672674.0,93.0,-0.113281,0.128906,-9.800781,,,,,,,,,,
acc,1778672674.0,93.0,-0.074219,0.128906,-9.761719,,,,,,,,,,
acc,1778672674.0,93.0,-0.113281,0.128906,-9.800781,,,,,,,,,,
acc,1778672674.0,93.0,-0.113281,0.128906,-9.800781,,,,,,,,,,
acc,1778672674.0,93.0,-0.074219,0.128906,-9.796875,,,,,,,,,,
acc,1778672674.0,93.0,-0.113281,0.128906,-9.800781,,,,,,,,,,
acc,1778672674.0,93.0,-0.074219,0.164062,-9.800781,,,,,,,,,,
acc,1778672674.0,93.0,-0.113281,0.164062,-9.796875,,,,,,,,,,
acc,1778672674.0,93.0,-0.113281,0.164062,-9.796875,,,,,,,,,,
acc,1778672674.0,93.0,-0.113281,0.164062,-9.839844,,,,,,,,,,
acc,1778672674.0,93.0,-0.113281,0.164062,-9.796875,,,,,,,,,,
acc,1778672674.0,93.0,-0.074219,0.164062,-9.800781,,,,,,,,,,
acc,1778672674.0,93.0,-0.113281,0.164062,-9.839844,,,,,,,,,,
acc,1778672674.0,93.0,-0.074219,0.164062,-9.800781,,,,,,,,,,
acc,1778672674.0,93.0,-0.113281,0.128906,-9.835938,,,,,,,,,,
acc,1778672674.0,93.0,-0.074219,0.164062,-9.800781,,,,,,,,,,
acc,1778672674.0,93.0,-0.113281,0.164062,-9.796875,,,,,,,,,,
acc,1778672674.0,93.0,-0.113281,0.164062,-9.796875,,,,,,,,,,
acc,1778672674.0,93.0,-0.113281,0.164062,-9.796875,,,,,,,,,,
acc,1778672674.0,93.0,-0.113281,0.164062,-9.839844,,,,,,,,,,
acc,1778672674.0,93.0,-0.113281,0.164062,-9.839844,,,,,,,,,,
acc,1778672674.0,93.0,-0.074219,0.128906,-9.796875,,,,,,,,,,
acc,1778672674.0,93.0,-0.074219,0.128906,-9.796875,,,,,,,,,,
acc,1778672674.0,93.0,-0.074219,0.128906,-9.796875,,,,,,,,,,
acc,1778672674.0,93.0,-0.074219,0.164062,-9.800781,,,,,,,,,,
acc,1778672674.0,93.0,-0.074219,0.128906,-9.796875,,,,,,,,,,
acc,1778672674.0,93.0,-0.074219,0.164062,-9.800781,,,,,,,,,,
acc,1778672674.0,93.0,-0.113281,0.128906,-9.800781,,,,,,,,,,
acc,1778672674.0,93.0,-0.113281,0.128906,-9.757812,,,,,,,,,,
acc,1778672674.0,93.0,-0.113281,0.128906,-9.800781,,,,,,,,,,
acc,1778672674.0,93.0,-0.074219,0.164062,-9.800781,,,,,,,,,,
acc,1778672674.0,93.0,-0.074219,0.128906,-9.839844,,,,,,,,,,
acc,1778672674.0,93.0,-0.074219,0.128906,-9.839844,,,,,,,,,,
acc,1778672674.0,93.0,-0.074219,0.128906,-9.796875,,,,,,,,,,
acc,1778672674.0,93.0,-0.113281,0.164062,-9.839844,,,,,,,,,,
acc,1778672674.0,93.0,-0.113281,0.164062,-9.796875,,,,,,,,,,
acc,1778672674.0,93.0,-0.113281,0.164062,-9.796875,,,,,,,,,,
acc,1778672674.0,93.0,-0.074219,0.164062,-9.800781,,,,,,,,,,
acc,1778672674.0,93.0,-0.113281,0.164062,-9.796875,,,,,,,,,,
acc,1778672674.0,93.0,-0.113281,0.128906,-9.800781,,,,,,,,,,
acc,1778672674.0,93.0,-0.113281,0.128906,-9.800781,,,,,,,,,,
acc,1778672674.0,93.0,-0.074219,0.128906,-9.839844,,,,,,,,,,
acc,1778672674.0,93.0,-0.074219,0.128906,-9.796875,,,,,,,,,,
acc,1778672674.0,93.0,-0.074219,0.089844,-9.839844,,,,,,,,,,
acc,1778672674.0,93.0,-0.113281,0.128906,-9.835938,,,,,,,,,,
acc,1778672674.0,93.0,-0.074219,0.128906,-9.839844,,,,,,,,,,
acc,1778672674.0,93.0,-0.113281,0.164062,-9.796875,,,,,,,,,,
acc,1778672674.0,93.0,-0.113281,0.164062,-9.761719,,,,,,,,,,
acc,1778672674.0,93.0,-0.113281,0.128906,-9.800781,,,,,,,,,,
acc,1778672674.0,93.0,-0.113281,0.128906,-9.800781,,,,,,,,,,
acc,1778672674.0,93.0,-0.074219,0.128906,-9.796875,,,,,,,,,,
acc,1778672674.0,93.0,-0.074219,0.128906,-9.839844,,,,,,,,,,
acc,1778672674.0,93.0,-0.074219,0.128906,-9.796875,,,,,,,,,,
acc,1778672674.0,93.0,-0.113281,0.164062,-9.796875,,,,,,,,,,
acc,1778672674.0,93.0,-0.113281,0.164062,-9.796875,,,,,,,,,,
acc,1778672674.0,93.0,-0.113281,0.164062,-9.796875,,,,,,,,,,
acc,1778672674.0,93.0,-0.113281,0.164062,-9.796875,,,,,,,,,,
acc,1778672674.0,93.0,-0.113281,0.164062,-9.796875,,,,,,,,,,
acc,1778672674.0,93.0,-0.113281,0.164062,-9.796875,,,,,,,,,,
acc,1778672674.0,93.0,-0.074219,0.128906,-9.796875,,,,,,,,,,
acc,1778672674.0,93.0,-0.074219,0.164062,-9.835938,,,,,,,,,,
acc,1778672674.0,93.0,-0.074219,0.164062,-9.800781,,,,,,,,,,
acc,1778672674.0,93.0,-0.074219,0.164062,-9.800781,,,,,,,,,,
acc,1778672674.0,93.0,-0.074219,0.164062,-9.835938,,,,,,,,,,
acc,1778672674.0,93.0,-0.074219,0.164062,-9.800781,,,,,,,,,,
acc,1778672674.0,93.0,-0.113281,0.203125,-9.796875,,,,,,,,,,
acc,1778672674.0,93.0,-0.113281,0.164062,-9.796875,,,,,,,,,,
acc,1778672674.0,93.0,-0.074219,0.164062,-9.800781,,,,,,,,,,
acc,1778672674.0,93.0,-0.074219,0.164062,-9.800781,,,,,,,,,,
acc,1778672674.0,93.0,-0.074219,0.164062,-9.800781,,,,,,,,,,
acc,1778672674.0,93.0,-0.074219,0.128906,-9.839844,,,,,,,,,,
acc,1778672674.0,93.0,-0.074219,0.164062,-9.835938,,,,,,,,,,
acc,1778672674.0,93.0,-0.074219,0.128906,-9.839844,,,,,,,,,,
acc,1778672674.0,93.0,-0.113281,0.164062,-9.796875,,,,,,,,,,
acc,1778672674.0,93.0,-0.113281,0.128906,-9.800781,,,,,,,,,,
acc,1778672674.0,93.0,-0.113281,0.164062,-9.796875,,,,,,,,,,
acc,1778672674.0,93.0,-0.113281,0.164062,-9.796875,,,,,,,,,,
acc,1778672674.0,93.0,-0.113281,0.164062,-9.796875,,,,,,,,,,
acc,1778672674.0,93.0,-0.074219,0.128906,-9.796875,,,,,,,,,,
acc,1778672674.0,93.0,-0.074219,0.128906,-9.796875,,,,,,,,,,
acc,1778672675.0,94.0,-0.074219,0.128906,-9.796875,,,,,,,,,,
acc,1778672675.0,94.0,-0.074219,0.089844,-9.796875,,,,,,,,,,
acc,1778672675.0,94.0,-0.113281,0.128906,-9.835938,,,,,,,,,,
acc,1778672675.0,94.0,-0.074219,0.128906,-9.839844,,,,,,,,,,
acc,1778672675.0,94.0,-0.113281,0.164062,-9.796875,,,,,,,,,,
acc,1778672675.0,94.0,-0.113281,0.164062,-9.796875,,,,,,,,,,
acc,1778672675.0,94.0,-0.074219,0.128906,-9.796875,,,,,,,,,,
acc,1778672675.0,94.0,-0.113281,0.128906,-9.800781,,,,,,,,,,
acc,1778672675.0,94.0,-0.113281,0.128906,-9.800781,,,,,,,,,,
acc,1778672675.0,94.0,-0.074219,0.128906,-9.839844,,,,,,,,,,
acc,1778672675.0,94.0,-0.074219,0.128906,-9.839844,,,,,,,,,,
acc,1778672675.0,94.0,-0.113281,0.164062,-9.839844,,,,,,,,,,
acc,1778672675.0,94.0,-0.074219,0.128906,-9.796875,,,,,,,,,,
acc,1778672675.0,94.0,-0.113281,0.164062,-9.796875,,,,,,,,,,
acc,1778672675.0,94.0,-0.113281,0.164062,-9.796875,,,,,,,,,,
acc,1778672675.0,94.0,-0.113281,0.128906,-9.800781,,,,,,,,,,
acc,1778672675.0,94.0,-0.113281,0.164062,-9.839844,,,,,,,,,,
acc,1778672675.0,94.0,-0.113281,0.128906,-9.757812,,,,,,,,,,
acc,1778672675.0,94.0,-0.113281,0.128906,-9.800781,,,,,,,,,,
acc,1778672675.0,94.0,-0.074219,0.128906,-9.796875,,,,,,,,,,
acc,1778672675.0,94.0,-0.074219,0.128906,-9.839844,,,,,,,,,,
acc,1778672675.0,94.0,-0.074219,0.164062,-9.800781,,,,,,,,,,
acc,1778672675.0,94.0,-0.113281,0.164062,-9.796875,,,,,,,,,,
acc,1778672675.0,94.0,-0.113281,0.164062,-9.796875,,,,,,,,,,
acc,1778672675.0,94.0,-0.074219,0.164062,-9.800781,,,,,,,,,,
acc,1778672675.0,94.0,-0.113281,0.128906,-9.800781,,,,,,,,,,
acc,1778672675.0,94.0,-0.074219,0.164062,-9.800781,,,,,,,,,,
acc,1778672675.0,94.0,-0.074219,0.164062,-9.800781,,,,,,,,,,
acc,1778672675.0,94.0,-0.074219,0.164062,-9.835938,,,,,,,,,,
acc,1778672675.0,94.0,-0.074219,0.164062,-9.800781,,,,,,,,,,
acc,1778672675.0,94.0,-0.035156,0.164062,-9.796875,,,,,,,,,,
acc,1778672675.0,94.0,-0.074219,0.164062,-9.800781,,,,,,,,,,
acc,1778672675.0,94.0,-0.074219,0.164062,-9.800781,,,,,,,,,,
acc,1778672675.0,94.0,-0.074219,0.164062,-9.835938,,,,,,,,,,
acc,1778672675.0,94.0,-0.074219,0.164062,-9.800781,,,,,,,,,,
acc,1778672675.0,94.0,-0.074219,0.164062,-9.800781,,,,,,,,,,
acc,1778672675.0,94.0,-0.113281,0.128906,-9.800781,,,,,,,,,,
acc,1778672675.0,94.0,-0.074219,0.164062,-9.800781,,,,,,,,,,
acc,1778672675.0,94.0,-0.074219,0.128906,-9.796875,,,,,,,,,,
acc,1778672675.0,94.0,-0.074219,0.128906,-9.796875,,,,,,,,,,
acc,1778672675.0,94.0,-0.074219,0.128906,-9.839844,,,,,,,,,,
acc,1778672675.0,94.0,-0.074219,0.128906,-9.839844,,,,,,,,,,
acc,1778672675.0,94.0,-0.074219,0.128906,-9.796875,,,,,,,,,,
acc,1778672675.0,94.0,-0.113281,0.164062,-9.796875,,,,,,,,,,
acc,1778672675.0,94.0,-0.113281,0.128906,-9.800781,,,,,,,,,,
acc,1778672675.0,94.0,-0.113281,0.128906,-9.800781,,,,,,,,,,
acc,1778672675.0,94.0,-0.074219,0.128906,-9.796875,,,,,,,,,,
acc,1778672675.0,94.0,-0.113281,0.128906,-9.800781,,,,,,,,,,
acc,1778672675.0,94.0,-0.113281,0.128906,-9.835938,,,,,,,,,,
acc,1778672675.0,94.0,-0.113281,0.128906,-9.800781,,,,,,,,,,
acc,1778672675.0,94.0,-0.074219,0.128906,-9.796875,,,,,,,,,,
acc,1778672675.0,94.0,-0.113281,0.128906,-9.800781,,,,,,,,,,
acc,1778672675.0,94.0,-0.113281,0.128906,-9.800781,,,,,,,,,,
acc,1778672675.0,94.0,-0.113281,0.128906,-9.800781,,,,,,,,,,
acc,1778672675.0,94.0,-0.113281,0.128906,-9.800781,,,,,,,,,,
acc,1778672675.0,94.0,-0.113281,0.128906,-9.800781,,,,,,,,,,
acc,1778672675.0,94.0,-0.113281,0.128906,-9.800781,,,,,,,,,,
acc,1778672675.0,94.0,-0.113281,0.128906,-9.800781,,,,,,,,,,
acc,1778672675.0,94.0,-0.113281,0.128906,-9.835938,,,,,,,,,,
acc,1778672675.0,94.0,-0.113281,0.128906,-9.835938,,,,,,,,,,
acc,1778672675.0,94.0,-0.074219,0.128906,-9.796875,,,,,,,,,,
acc,1778672675.0,94.0,-0.113281,0.164062,-9.796875,,,,,,,,,,
acc,1778672675.0,94.0,-0.113281,0.164062,-9.761719,,,,,,,,,,
acc,1778672675.0,94.0,-0.113281,0.128906,-9.800781,,,,,,,,,,
acc,1778672675.0,94.0,-0.113281,0.164062,-9.796875,,,,,,,,,,
acc,1778672675.0,94.0,-0.113281,0.164062,-9.796875,,,,,,,,,,
acc,1778672675.0,94.0,-0.074219,0.164062,-9.800781,,,,,,,,,,
acc,1778672675.0,94.0,-0.074219,0.164062,-9.835938,,,,,,,,,,
acc,1778672675.0,94.0,-0.074219,0.128906,-9.839844,,,,,,,,,,
acc,1778672675.0,94.0,-0.074219,0.164062,-9.800781,,,,,,,,,,
acc,1778672675.0,94.0,-0.074219,0.164062,-9.835938,,,,,,,,,,
acc,1778672675.0,94.0,-0.074219,0.164062,-9.800781,,,,,,,,,,
acc,1778672675.0,94.0,-0.074219,0.203125,-9.800781,,,,,,,,,,
acc,1778672675.0,94.0,-0.074219,0.203125,-9.800781,,,,,,,,,,
acc,1778672675.0,94.0,-0.113281,0.164062,-9.796875,,,,,,,,,,
acc,1778672675.0,94.0,-0.074219,0.164062,-9.800781,,,,,,,,,,
acc,1778672675.0,94.0,-0.074219,0.164062,-9.800781,,,,,,,,,,
acc,1778672675.0,94.0,-0.074219,0.164062,-9.800781,,,,,,,,,,
acc,1778672675.0,94.0,-0.074219,0.164062,-9.835938,,,,,,,,,,
acc,1778672675.0,94.0,-0.074219,0.128906,-9.796875,,,,,,,,,,
acc,1778672675.0,94.0,-0.074219,0.128906,-9.839844,,,,,,,,,,
acc,1778672675.0,94.0,-0.113281,0.164062,-9.796875,,,,,,,,,,
acc,1778672675.0,94.0,-0.113281,0.128906,-9.800781,,,,,,,,,,
acc,1778672675.0,94.0,-0.113281,0.164062,-9.796875,,,,,,,,,,
acc,1778672675.0,94.0,-0.113281,0.128906,-9.800781,,,,,,,,,,
acc,1778672675.0,94.0,-0.074219,0.128906,-9.796875,,,,,,,,,,
acc,1778672675.0,94.0,-0.074219,0.128906,-9.839844,,,,,,,,,,
acc,1778672675.0,94.0,-0.074219,0.128906,-9.796875,,,,,,,,,,
acc,1778672675.0,94.0,-0.074219,0.128906,-9.796875,,,,,,,,,,
acc,1778672675.0,94.0,-0.113281,0.128906,-9.800781,,,,,,,,,,
acc,1778672675.0,94.0,-0.074219,0.164062,-9.757812,,,,,,,,,,
acc,1778672675.0,94.0,-0.113281,0.164062,-9.761719,,,,,,,,,,
acc,1778672675.0,94.0,-0.113281,0.164062,-9.796875,,,,,,,,,,
acc,1778672675.0,94.0,-0.113281,0.164062,-9.839844,,,,,,,,,,
acc,1778672675.0,94.0,-0.113281,0.128906,-9.800781,,,,,,,,,,
acc,1778672675.0,94.0,-0.113281,0.164062,-9.796875,,,,,,,,,,
acc,1778672675.0,94.0,-0.113281,0.128906,-9.800781,,,,,,,,,,
acc,1778672675.0,94.0,-0.074219,0.128906,-9.796875,,,,,,,,,,
acc,1778672675.0,94.0,-0.074219,0.128906,-9.839844,,,,,,,,,,
acc,1778672675.0,94.0,-0.113281,0.128906,-9.800781,,,,,,,,,,
acc,1778672675.0,94.0,-0.113281,0.128906,-9.800781,,,,,,,,,,
acc,1778672675.0,94.0,-0.113281,0.128906,-9.800781,,,,,,,,,,
acc,1778672675.0,94.0,-0.113281,0.128906,-9.800781,,,,,,,,,,
acc,1778672675.0,94.0,-0.113281,0.128906,-9.835938,,,,,,,,,,
acc,1778672675.0,94.0,-0.074219,0.128906,-9.796875,,,,,,,,,,
acc,1778672675.0,94.0,-0.074219,0.128906,-9.796875,,,,,,,,,,
acc,1778672675.0,94.0,-0.074219,0.128906,-9.878906,,,,,,,,,,
acc,1778672675.0,94.0,-0.074219,0.128906,-9.839844,,,,,,,,,,
acc,1778672675.0,94.0,-0.074219,0.128906,-9.796875,,,,,,,,,,
acc,1778672675.0,94.0,-0.113281,0.164062,-9.796875,,,,,,,,,,
acc,1778672675.0,94.0,-0.113281,0.164062,-9.796875,,,,,,,,,,
acc,1778672675.0,94.0,-0.113281,0.128906,-9.800781,,,,,,,,,,
acc,1778672675.0,94.0,-0.113281,0.128906,-9.835938,,,,,,,,,,
acc,1778672675.0,94.0,-0.113281,0.128906,-9.835938,,,,,,,,,,
acc,1778672675.0,94.0,-0.113281,0.128906,-9.800781,,,,,,,,,,
acc,1778672675.0,94.0,-0.113281,0.164062,-9.796875,,,,,,,,,,
acc,1778672675.0,94.0,-0.074219,0.128906,-9.796875,,,,,,,,,,
acc,1778672675.0,94.0,-0.074219,0.128906,-9.796875,,,,,,,,,,
acc,1778672675.0,94.0,-0.074219,0.164062,-9.800781,,,,,,,,,,
acc,1778672675.0,94.0,-0.113281,0.164062,-9.839844,,,,,,,,,,
acc,1778672675.0,94.0,-0.113281,0.164062,-9.796875,,,,,,,,,,
acc,1778672675.0,94.0,-0.113281,0.164062,-9.839844,,,,,,,,,,
acc,1778672675.0,94.0,-0.074219,0.164062,-9.800781,,,,,,,,,,
acc,1778672675.0,94.0,-0.035156,0.164062,-9.796875,,,,,,,,,,
acc,1778672675.0,94.0,-0.113281,0.164062,-9.839844,,,,,,,,,,
acc,1778672675.0,94.0,-0.074219,0.128906,-9.796875,,,,,,,,,,
acc,1778672676.0,95.0,-0.074219,0.164062,-9.800781,,,,,,,,,,
acc,1778672676.0,95.0,-0.074219,0.128906,-9.796875,,,,,,,,,,
acc,1778672676.0,95.0,-0.113281,0.164062,-9.761719,,,,,,,,,,
acc,1778672676.0,95.0,-0.074219,0.164062,-9.800781,,,,,,,,,,
acc,1778672676.0,95.0,-0.074219,0.164062,-9.800781,,,,,,,,,,
acc,1778672676.0,95.0,-0.074219,0.164062,-9.800781,,,,,,,,,,
acc,1778672676.0,95.0,-0.074219,0.128906,-9.761719,,,,,,,,,,
acc,1778672676.0,95.0,-0.074219,0.164062,-9.835938,,,,,,,,,,
acc,1778672676.0,95.0,-0.113281,0.164062,-9.839844,,,,,,,,,,
acc,1778672676.0,95.0,-0.074219,0.164062,-9.800781,,,,,,,,,,
acc,1778672676.0,95.0,-0.113281,0.128906,-9.800781,,,,,,,,,,
acc,1778672676.0,95.0,-0.074219,0.128906,-9.796875,,,,,,,,,,
acc,1778672676.0,95.0,-0.074219,0.164062,-9.800781,,,,,,,,,,
acc,1778672676.0,95.0,-0.113281,0.164062,-9.796875,,,,,,,,,,
acc,1778672676.0,95.0,-0.113281,0.164062,-9.796875,,,,,,,,,,
acc,1778672676.0,95.0,-0.113281,0.128906,-9.800781,,,,,,,,,,
acc,1778672676.0,95.0,-0.113281,0.128906,-9.757812,,,,,,,,,,
acc,1778672676.0,95.0,-0.113281,0.128906,-9.835938,,,,,,,,,,
acc,1778672676.0,95.0,-0.113281,0.128906,-9.835938,,,,,,,,,,
acc,1778672676.0,95.0,-0.074219,0.128906,-9.796875,,,,,,,,,,
acc,1778672676.0,95.0,-0.113281,0.128906,-9.800781,,,,,,,,,,
acc,1778672676.0,95.0,-0.113281,0.128906,-9.800781,,,,,,,,,,
acc,1778672676.0,95.0,-0.113281,0.128906,-9.835938,,,,,,,,,,
acc,1778672676.0,95.0,-0.074219,0.128906,-9.796875,,,,,,,,,,
acc,1778672676.0,95.0,-0.074219,0.128906,-9.796875,,,,,,,,,,
acc,1778672676.0,95.0,-0.074219,0.128906,-9.839844,,,,,,,,,,
acc,1778672676.0,95.0,-0.074219,0.128906,-9.796875,,,,,,,,,,
acc,1778672676.0,95.0,-0.074219,0.128906,-9.796875,,,,,,,,,,
acc,1778672676.0,95.0,-0.074219,0.128906,-9.839844,,,,,,,,,,
acc,1778672676.0,95.0,-0.113281,0.164062,-9.796875,,,,,,,,,,
acc,1778672676.0,95.0,-0.074219,0.164062,-9.800781,,,,,,,,,,
acc,1778672676.0,95.0,-0.074219,0.164062,-9.800781,,,,,,,,,,
acc,1778672676.0,95.0,-0.113281,0.164062,-9.796875,,,,,,,,,,
acc,1778672676.0,95.0,-0.074219,0.164062,-9.800781,,,,,,,,,,
acc,1778672676.0,95.0,-0.113281,0.128906,-9.800781,,,,,,,,,,
acc,1778672676.0,95.0,-0.074219,0.164062,-9.800781,,,,,,,,,,
acc,1778672676.0,95.0,-0.074219,0.128906,-9.839844,,,,,,,,,,
acc,1778672676.0,95.0,-0.074219,0.128906,-9.839844,,,,,,,,,,
acc,1778672676.0,95.0,-0.074219,0.128906,-9.796875,,,,,,,,,,
acc,1778672676.0,95.0,-0.074219,0.164062,-9.757812,,,,,,,,,,
acc,1778672676.0,95.0,-0.074219,0.164062,-9.800781,,,,,,,,,,
acc,1778672676.0,95.0,-0.113281,0.164062,-9.796875,,,,,,,,,,
acc,1778672676.0,95.0,-0.113281,0.164062,-9.796875,,,,,,,,,,
acc,1778672676.0,95.0,-0.074219,0.164062,-9.757812,,,,,,,,,,
acc,1778672676.0,95.0,-0.074219,0.128906,-9.796875,,,,,,,,,,
acc,1778672676.0,95.0,-0.074219,0.128906,-9.796875,,,,,,,,,,
acc,1778672676.0,95.0,-0.074219,0.128906,-9.796875,,,,,,,,,,
acc,1778672676.0,95.0,-0.074219,0.128906,-9.796875,,,,,,,,,,
acc,1778672676.0,95.0,-0.074219,0.128906,-9.796875,,,,,,,,,,
acc,1778672676.0,95.0,-0.113281,0.164062,-9.796875,,,,,,,,,,
acc,1778672676.0,95.0,-0.113281,0.164062,-9.796875,,,,,,,,,,
acc,1778672676.0,95.0,-0.152344,0.164062,-9.796875,,,,,,,,,,
acc,1778672676.0,95.0,-0.113281,0.164062,-9.796875,,,,,,,,,,
acc,1778672676.0,95.0,-0.113281,0.164062,-9.839844,,,,,,,,,,
acc,1778672676.0,95.0,-0.113281,0.164062,-9.796875,,,,,,,,,,
acc,1778672676.0,95.0,-0.074219,0.164062,-9.835938,,,,,,,,,,
acc,1778672676.0,95.0,-0.074219,0.164062,-9.835938,,,,,,,,,,
acc,1778672676.0,95.0,-0.074219,0.164062,-9.800781,,,,,,,,,,
acc,1778672676.0,95.0,-0.074219,0.164062,-9.800781,,,,,,,,,,
acc,1778672676.0,95.0,-0.113281,0.164062,-9.796875,,,,,,,,,,
acc,1778672676.0,95.0,-0.113281,0.164062,-9.796875,,,,,,,,,,
acc,1778672676.0,95.0,-0.113281,0.164062,-9.796875,,,,,,,,,,
acc,1778672676.0,95.0,-0.113281,0.164062,-9.796875,,,,,,,,,,
acc,1778672676.0,95.0,-0.074219,0.164062,-9.800781,,,,,,,,,,
acc,1778672676.0,95.0,-0.113281,0.164062,-9.796875,,,,,,,,,,
acc,1778672676.0,95.0,-0.074219,0.164062,-9.800781,,,,,,,,,,
acc,1778672676.0,95.0,-0.113281,0.164062,-9.796875,,,,,,,,,,
acc,1778672676.0,95.0,-0.074219,0.164062,-9.800781,,,,,,,,,,
acc,1778672676.0,95.0,-0.113281,0.128906,-9.835938,,,,,,,,,,
acc,1778672676.0,95.0,-0.113281,0.164062,-9.796875,,,,,,,,,,
acc,1778672676.0,95.0,-0.113281,0.164062,-9.796875,,,,,,,,,,
acc,1778672676.0,95.0,-0.113281,0.128906,-9.800781,,,,,,,,,,
acc,1778672676.0,95.0,-0.074219,0.128906,-9.796875,,,,,,,,,,
acc,1778672676.0,95.0,-0.113281,0.128906,-9.800781,,,,,,,,,,
acc,1778672676.0,95.0,-0.074219,0.128906,-9.839844,,,,,,,,,,
acc,1778672676.0,95.0,-0.113281,0.128906,-9.835938,,,,,,,,,,
acc,1778672676.0,95.0,-0.074219,0.128906,-9.839844,,,,,,,,,,
acc,1778672676.0,95.0,-0.074219,0.164062,-9.800781,,,,,,,,,,
acc,1778672676.0,95.0,-0.113281,0.128906,-9.835938,,,,,,,,,,
acc,1778672676.0,95.0,-0.113281,0.128906,-9.757812,,,,,,,,,,
acc,1778672676.0,95.0,-0.074219,0.164062,-9.800781,,,,,,,,,,
acc,1778672676.0,95.0,-0.074219,0.128906,-9.796875,,,,,,,,,,
acc,1778672676.0,95.0,-0.113281,0.128906,-9.800781,,,,,,,,,,
acc,1778672676.0,95.0,-0.113281,0.128906,-9.800781,,,,,,,,,,
acc,1778672676.0,95.0,-0.074219,0.128906,-9.796875,,,,,,,,,,
acc,1778672676.0,95.0,-0.113281,0.128906,-9.800781,,,,,,,,,,
acc,1778672676.0,95.0,-0.074219,0.128906,-9.796875,,,,,,,,,,
acc,1778672676.0,95.0,-0.113281,0.089844,-9.800781,,,,,,,,,,
acc,1778672676.0,95.0,-0.152344,0.128906,-9.835938,,,,,,,,,,
acc,1778672676.0,95.0,-0.113281,0.128906,-9.757812,,,,,,,,,,
acc,1778672676.0,95.0,-0.113281,0.128906,-9.757812,,,,,,,,,,
acc,1778672676.0,95.0,-0.152344,0.164062,-9.796875,,,,,,,,,,
acc,1778672676.0,95.0,-0.152344,0.128906,-9.757812,,,,,,,,,,
acc,1778672676.0,95.0,-0.113281,0.128906,-9.800781,,,,,,,,,,
acc,1778672676.0,95.0,-0.113281,0.128906,-9.835938,,,,,,,,,,
acc,1778672676.0,95.0,-0.113281,0.128906,-9.800781,,,,,,,,,,
acc,1778672676.0,95.0,-0.113281,0.164062,-9.796875,,,,,,,,,,
acc,1778672676.0,95.0,-0.113281,0.128906,-9.800781,,,,,,,,,,
acc,1778672676.0,95.0,-0.152344,0.164062,-9.761719,,,,,,,,,,
acc,1778672676.0,95.0,-0.191406,0.164062,-9.800781,,,,,,,,,,
acc,1778672676.0,95.0,-0.191406,0.164062,-9.800781,,,,,,,,,,
acc,1778672676.0,95.0,-0.226562,0.164062,-9.796875,,,,,,,,,,
acc,1778672676.0,95.0,-0.226562,0.164062,-9.761719,,,,,,,,,,
acc,1778672676.0,95.0,-0.191406,0.128906,-9.796875,,,,,,,,,,
acc,1778672676.0,95.0,-0.226562,0.128906,-9.800781,,,,,,,,,,
acc,1778672676.0,95.0,-0.191406,0.164062,-9.800781,,,,,,,,,,
acc,1778672676.0,95.0,-0.226562,0.164062,-9.796875,,,,,,,,,,
acc,1778672676.0,95.0,-0.191406,0.164062,-9.800781,,,,,,,,,,
acc,1778672676.0,95.0,-0.226562,0.203125,-9.761719,,,,,,,,,,
acc,1778672676.0,95.0,-0.265625,0.203125,-9.800781,,,,,,,,,,
acc,1778672676.0,95.0,-0.265625,0.203125,-9.757812,,,,,,,,,,
acc,1778672676.0,95.0,-0.265625,0.164062,-9.757812,,,,,,,,,,
acc,1778672676.0,95.0,-0.265625,0.164062,-9.757812,,,,,,,,,,
acc,1778672676.0,95.0,-0.304688,0.164062,-9.800781,,,,,,,,,,
acc,1778672676.0,95.0,-0.304688,0.164062,-9.800781,,,,,,,,,,
acc,1778672676.0,95.0,-0.34375,0.164062,-9.796875,,,,,,,,,,
acc,1778672676.0,95.0,-0.34375,0.164062,-9.761719,,,,,,,,,,
acc,1778672676.0,95.0,-0.34375,0.164062,-9.761719,,,,,,,,,,
acc,1778672676.0,95.0,-0.382812,0.164062,-9.761719,,,,,,,,,,
acc,1778672676.0,95.0,-0.417969,0.164062,-9.761719,,,,,,,,,,
acc,1778672676.0,95.0,-0.417969,0.164062,-9.796875,,,,,,,,,,
acc,1778672676.0,95.0,-0.417969,0.128906,-9.757812,,,,,,,,,,
acc,1778672676.0,95.0,-0.417969,0.164062,-9.796875,,,,,,,,,,
acc,1778672676.0,95.0,-0.457031,0.164062,-9.761719,,,,,,,,,,
acc,1778672676.0,95.0,-0.496094,0.128906,-9.800781,,,,,,,,,,
acc,1778672676.0,95.0,-0.535156,0.128906,-9.800781,,,,,,,,,,
acc,1778672676.0,95.0,-0.574219,0.164062,-9.757812,,,,,,,,,,
acc,1778672677.0,96.0,-0.574219,0.164062,-9.800781,,,,,,,,,,
acc,1778672677.0,96.0,-0.613281,0.128906,-9.800781,,,,,,,,,,
acc,1778672677.0,96.0,-0.613281,0.128906,-9.757812,,,,,,,,,,
acc,1778672677.0,96.0,-0.613281,0.128906,-9.800781,,,,,,,,,,
acc,1778672677.0,96.0,-0.648438,0.128906,-9.796875,,,,,,,,,,
acc,1778672677.0,96.0,-0.648438,0.089844,-9.839844,,,,,,,,,,
acc,1778672677.0,96.0,-0.648438,0.128906,-9.796875,,,,,,,,,,
acc,1778672677.0,96.0,-0.6875,0.089844,-9.800781,,,,,,,,,,
acc,1778672677.0,96.0,-0.726562,0.128906,-9.835938,,,,,,,,,,
acc,1778672677.0,96.0,-0.765625,0.128906,-9.796875,,,,,,,,,,
acc,1778672677.0,96.0,-0.765625,0.128906,-9.796875,,,,,,,,,,
acc,1778672677.0,96.0,-0.804688,0.128906,-9.796875,,,,,,,,,,
acc,1778672677.0,96.0,-0.839844,0.089844,-9.800781,,,,,,,,,,
acc,1778672677.0,96.0,-0.804688,0.089844,-9.796875,,,,,,,,,,
acc,1778672677.0,96.0,-0.839844,0.089844,-9.800781,,,,,,,,,,
acc,1778672677.0,96.0,-0.839844,0.089844,-9.835938,,,,,,,,,,
acc,1778672677.0,96.0,-0.839844,0.089844,-9.835938,,,,,,,,,,
acc,1778672677.0,96.0,-0.878906,0.089844,-9.835938,,,,,,,,,,
acc,1778672677.0,96.0,-0.917969,0.089844,-9.835938,,,,,,,,,,
acc,1778672677.0,96.0,-0.917969,0.089844,-9.800781,,,,,,,,,,
acc,1778672677.0,96.0,-0.996094,0.128906,-9.835938,,,,,,,,,,
acc,1778672677.0,96.0,-0.957031,0.128906,-9.835938,,,,,,,,,,
acc,1778672677.0,96.0,-0.957031,0.089844,-9.835938,,,,,,,,,,
acc,1778672677.0,96.0,-0.996094,0.128906,-9.835938,,,,,,,,,,
acc,1778672677.0,96.0,-1.03125,0.128906,-9.878906,,,,,,,,,,
acc,1778672677.0,96.0,-1.070312,0.089844,-9.835938,,,,,,,,,,
acc,1778672677.0,96.0,-1.070312,0.089844,-9.835938,,,,,,,,,,
acc,1778672677.0,96.0,-1.109375,0.089844,-9.796875,,,,,,,,,,
acc,1778672677.0,96.0,-1.109375,0.128906,-9.796875,,,,,,,,,,
acc,1778672677.0,96.0,-1.148438,0.089844,-9.839844,,,,,,,,,,
acc,1778672677.0,96.0,-1.1875,0.128906,-9.835938,,,,,,,,,,
acc,1778672677.0,96.0,-1.1875,0.089844,-9.835938,,,,,,,,,,
acc,1778672677.0,96.0,-1.148438,0.128906,-9.839844,,,,,,,,,,
acc,1778672677.0,96.0,-1.1875,0.128906,-9.835938,,,,,,,,,,
acc,1778672677.0,96.0,-1.148438,0.089844,-9.839844,,,,,,,,,,
acc,1778672677.0,96.0,-1.148438,0.128906,-9.878906,,,,,,,,,,
acc,1778672677.0,96.0,-1.1875,0.128906,-9.875,,,,,,,,,,
acc,1778672677.0,96.0,-1.222656,0.128906,-9.835938,,,,,,,,,,
acc,1778672677.0,96.0,-1.261719,0.164062,-9.839844,,,,,,,,,,
acc,1778672677.0,96.0,-1.300781,0.164062,-9.835938,,,,,,,,,,
acc,1778672677.0,96.0,-1.300781,0.164062,-9.800781,,,,,,,,,,
acc,1778672677.0,96.0,-1.378906,0.128906,-9.835938,,,,,,,,,,
acc,1778672677.0,96.0,-1.339844,0.128906,-9.835938,,,,,,,,,,
acc,1778672677.0,96.0,-1.339844,0.128906,-9.835938,,,,,,,,,,
acc,1778672677.0,96.0,-1.414062,0.128906,-9.839844,,,,,,,,,,
acc,1778672677.0,96.0,-1.378906,0.128906,-9.835938,,,,,,,,,,
acc,1778672677.0,96.0,-1.453125,0.164062,-9.835938,,,,,,,,,,
acc,1778672677.0,96.0,-1.492188,0.164062,-9.835938,,,,,,,,,,
acc,1778672677.0,96.0,-1.492188,0.164062,-9.835938,,,,,,,,,,
acc,1778672677.0,96.0,-1.53125,0.164062,-9.835938,,,,,,,,,,
acc,1778672677.0,96.0,-1.570312,0.164062,-9.839844,,,,,,,,,,
acc,1778672677.0,96.0,-1.570312,0.164062,-9.796875,,,,,,,,,,
acc,1778672677.0,96.0,-1.644531,0.128906,-9.796875,,,,,,,,,,
acc,1778672677.0,96.0,-1.644531,0.128906,-9.839844,,,,,,,,,,
acc,1778672677.0,96.0,-1.644531,0.128906,-9.839844,,,,,,,,,,
acc,1778672677.0,96.0,-1.683594,0.128906,-9.878906,,,,,,,,,,
acc,1778672677.0,96.0,-1.761719,0.164062,-9.839844,,,,,,,,,,
acc,1778672677.0,96.0,-1.761719,0.164062,-9.839844,,,,,,,,,,
acc,1778672677.0,96.0,-1.800781,0.128906,-9.761719,,,,,,,,,,
acc,1778672677.0,96.0,-1.875,0.128906,-9.839844,,,,,,,,,,
acc,1778672677.0,96.0,-1.835938,0.128906,-9.796875,,,,,,,,,,
acc,1778672677.0,96.0,-1.914062,0.089844,-9.839844,,,,,,,,,,
acc,1778672677.0,96.0,-1.914062,0.089844,-9.839844,,,,,,,,,,
acc,1778672677.0,96.0,-1.953125,0.089844,-9.796875,,,,,,,,,,
acc,1778672677.0,96.0,-1.953125,0.128906,-9.839844,,,,,,,,,,
acc,1778672677.0,96.0,-2.027344,0.089844,-9.761719,,,,,,,,,,
acc,1778672677.0,96.0,-2.027344,0.089844,-9.839844,,,,,,,,,,
acc,1778672677.0,96.0,-2.066406,0.089844,-9.800781,,,,,,,,,,
acc,1778672677.0,96.0,-2.105469,0.089844,-9.835938,,,,,,,,,,
acc,1778672677.0,96.0,-2.144531,0.050781,-9.757812,,,,,,,,,,
acc,1778672677.0,96.0,-2.144531,0.050781,-9.835938,,,,,,,,,,
acc,1778672677.0,96.0,-2.21875,0.050781,-9.757812,,,,,,,,,,
acc,1778672677.0,96.0,-2.21875,0.089844,-9.878906,,,,,,,,,,
acc,1778672677.0,96.0,-2.257812,0.089844,-9.796875,,,,,,,,,,
acc,1778672677.0,96.0,-2.257812,0.164062,-9.875,,,,,,,,,,
acc,1778672677.0,96.0,-2.296875,0.089844,-9.757812,,,,,,,,,,
acc,1778672677.0,96.0,-2.335938,0.089844,-9.839844,,,,,,,,,,
acc,1778672677.0,96.0,-2.335938,0.089844,-9.839844,,,,,,,,,,
acc,1778672677.0,96.0,-2.335938,0.089844,-9.796875,,,,,,,,,,
acc,1778672677.0,96.0,-2.335938,0.128906,-9.839844,,,,,,,,,,
acc,1778672677.0,96.0,-2.375,0.128906,-9.796875,,,,,,,,,,
acc,1778672677.0,96.0,-2.410156,0.089844,-9.839844,,,,,,,,,,
acc,1778672677.0,96.0,-2.449219,0.089844,-9.800781,,,,,,,,,,
acc,1778672677.0,96.0,-2.410156,0.050781,-9.800781,,,,,,,,,,
acc,1778672677.0,96.0,-2.375,0.050781,-9.835938,,,,,,,,,,
acc,1778672677.0,96.0,-2.410156,0.089844,-9.796875,,,,,,,,,,
acc,1778672677.0,96.0,-2.488281,0.050781,-9.835938,,,,,,,,,,
acc,1778672677.0,96.0,-2.449219,0.089844,-9.875,,,,,,,,,,
acc,1778672677.0,96.0,-2.410156,0.128906,-9.839844,,,,,,,,,,
acc,1778672677.0,96.0,-2.449219,0.089844,-9.875,,,,,,,,,,
acc,1778672677.0,96.0,-2.449219,0.050781,-9.917969,,,,,,,,,,
acc,1778672677.0,96.0,-2.410156,0.050781,-9.875,,,,,,,,,,
acc,1778672677.0,96.0,-2.449219,0.050781,-9.878906,,,,,,,,,,
acc,1778672677.0,96.0,-2.410156,0.050781,-9.875,,,,,,,,,,
acc,1778672677.0,96.0,-2.410156,0.128906,-9.839844,,,,,,,,,,
acc,1778672677.0,96.0,-2.410156,0.164062,-9.800781,,,,,,,,,,
acc,1778672677.0,96.0,-2.449219,0.164062,-9.839844,,,,,,,,,,
acc,1778672677.0,96.0,-2.449219,0.203125,-9.839844,,,,,,,,,,
acc,1778672677.0,96.0,-2.410156,0.164062,-9.835938,,,,,,,,,,
acc,1778672677.0,96.0,-2.410156,0.128906,-9.878906,,,,,,,,,,
acc,1778672677.0,96.0,-2.375,0.128906,-9.878906,,,,,,,,,,
acc,1778672677.0,96.0,-2.375,0.242188,-9.835938,,,,,,,,,,
acc,1778672677.0,96.0,-2.375,0.242188,-9.875,,,,,,,,,,
acc,1778672677.0,96.0,-2.375,0.203125,-9.914062,,,,,,,,,,
acc,1778672677.0,96.0,-2.335938,0.203125,-9.875,,,,,,,,,,
acc,1778672677.0,96.0,-2.375,0.128906,-9.878906,,,,,,,,,,
acc,1778672677.0,96.0,-2.375,0.128906,-9.839844,,,,,,,,,,
acc,1778672677.0,96.0,-2.335938,0.128906,-9.878906,,,,,,,,,,
acc,1778672677.0,96.0,-2.335938,0.128906,-9.796875,,,,,,,,,,
acc,1778672677.0,96.0,-2.335938,0.089844,-9.878906,,,,,,,,,,
acc,1778672677.0,96.0,-2.335938,0.089844,-9.839844,,,,,,,,,,
acc,1778672677.0,96.0,-2.375,0.128906,-9.796875,,,,,,,,,,
acc,1778672677.0,96.0,-2.335938,0.164062,-9.875,,,,,,,,,,
acc,1778672677.0,96.0,-2.335938,0.320312,-9.839844,,,,,,,,,,
acc,1778672677.0,96.0,-2.410156,0.355469,-9.839844,,,,,,,,,,
acc,1778672677.0,96.0,-2.375,0.320312,-9.839844,,,,,,,,,,
acc,1778672677.0,96.0,-2.410156,0.320312,-9.796875,,,,,,,,,,
acc,1778672677.0,96.0,-2.449219,0.242188,-9.796875,,,,,,,,,,
acc,1778672677.0,96.0,-2.375,0.203125,-9.800781,,,,,,,,,,
acc,1778672677.0,96.0,-2.335938,0.164062,-9.800781,,,,,,,,,,
acc,1778672677.0,96.0,-2.296875,0.203125,-9.761719,,,,,,,,,,
acc,1778672677.0,96.0,-2.410156,0.242188,-9.800781,,,,,,,,,,
acc,1778672677.0,96.0,-2.410156,0.28125,-9.835938,,,,,,,,,,
acc,1778672677.0,96.0,-2.375,0.320312,-9.761719,,,,,,,,,,
acc,1778672677.0,96.0,-2.375,0.355469,-9.878906,,,,,,,,,,
acc,1778672677.0,96.0,-2.375,0.355469,-9.796875,,,,,,,,,,
acc,1778672677.0,96.0,-2.375,0.355469,-9.839844,,,,,,,,,,
acc,1778672677.0,96.0,-2.375,0.320312,-9.839844,,,,,,,,,,
acc,1778672678.0,97.0,-2.375,0.320312,-9.796875,,,,,,,,,,
acc,1778672678.0,97.0,-2.375,0.320312,-9.878906,,,,,,,,,,
acc,1778672678.0,97.0,-2.335938,0.242188,-9.800781,,,,,,,,,,
acc,1778672678.0,97.0,-2.296875,0.203125,-9.839844,,,,,,,,,,
acc,1778672678.0,97.0,-2.296875,0.28125,-9.839844,,,,,,,,,,
acc,1778672678.0,97.0,-2.335938,0.28125,-9.730469,,,,,,,,,,
acc,1778672678.0,97.0,-2.410156,0.355469,-9.839844,,,,,,,,,,
acc,1778672678.0,97.0,-2.375,0.355469,-9.917969,,,,,,,,,,
acc,1778672678.0,97.0,-2.257812,0.320312,-9.796875,,,,,,,,,,
acc,1778672678.0,97.0,-2.335938,0.355469,-9.878906,,,,,,,,,,
acc,1778672678.0,97.0,-2.375,0.355469,-9.957031,,,,,,,,,,
acc,1778672678.0,97.0,-2.375,0.28125,-9.875,,,,,,,,,,
acc,1778672678.0,97.0,-2.296875,0.203125,-9.796875,,,,,,,,,,
acc,1778672678.0,97.0,-2.335938,0.203125,-9.835938,,,,,,,,,,
acc,1778672678.0,97.0,-2.335938,0.242188,-9.875,,,,,,,,,,
acc,1778672678.0,97.0,-2.410156,0.28125,-9.757812,,,,,,,,,,
acc,1778672678.0,97.0,-2.410156,0.203125,-9.835938,,,,,,,,,,
acc,1778672678.0,97.0,-2.449219,0.28125,-9.878906,,,,,,,,,,
acc,1778672678.0,97.0,-2.449219,0.28125,-9.878906,,,,,,,,,,
acc,1778672678.0,97.0,-2.410156,0.28125,-9.800781,,,,,,,,,,
acc,1778672678.0,97.0,-2.449219,0.242188,-9.839844,,,,,,,,,,
acc,1778672678.0,97.0,-2.449219,0.203125,-9.878906,,,,,,,,,,
acc,1778672678.0,97.0,-2.375,0.050781,-9.835938,,,,,,,,,,
acc,1778672678.0,97.0,-2.375,0.050781,-9.730469,,,,,,,,,,
acc,1778672678.0,97.0,-2.410156,0.128906,-9.839844,,,,,,,,,,
acc,1778672678.0,97.0,-2.488281,0.128906,-9.796875,,,,,,,,,,
acc,1778672678.0,97.0,-2.449219,0.128906,-9.835938,,,,,,,,,,
acc,1778672678.0,97.0,-2.410156,0.164062,-9.835938,,,,,,,,,,
acc,1778672678.0,97.0,-2.410156,0.242188,-9.800781,,,,,,,,,,
acc,1778672678.0,97.0,-2.449219,0.203125,-9.796875,,,,,,,,,,
acc,1778672678.0,97.0,-2.375,0.128906,-9.761719,,,,,,,,,,
acc,1778672678.0,97.0,-2.375,0.164062,-9.800781,,,,,,,,,,
acc,1778672678.0,97.0,-2.375,0.242188,-9.757812,,,,,,,,,,
acc,1778672678.0,97.0,-2.375,0.28125,-9.757812,,,,,,,,,,
acc,1778672678.0,97.0,-2.449219,0.203125,-9.726562,,,,,,,,,,
acc,1778672678.0,97.0,-2.488281,0.28125,-9.914062,,,,,,,,,,
acc,1778672678.0,97.0,-2.375,0.28125,-9.757812,,,,,,,,,,
acc,1778672678.0,97.0,-2.410156,0.320312,-9.796875,,,,,,,,,,
acc,1778672678.0,97.0,-2.488281,0.203125,-9.730469,,,,,,,,,,
acc,1778672678.0,97.0,-2.527344,0.164062,-9.835938,,,,,,,,,,
acc,1778672678.0,97.0,-2.566406,0.28125,-9.878906,,,,,,,,,,
acc,1778672678.0,97.0,-2.449219,0.242188,-9.796875,,,,,,,,,,
acc,1778672678.0,97.0,-2.488281,0.164062,-9.835938,,,,,,,,,,
acc,1778672678.0,97.0,-2.527344,0.242188,-9.875,,,,,,,,,,
acc,1778672678.0,97.0,-2.488281,0.203125,-9.757812,,,,,,,,,,
acc,1778672678.0,97.0,-2.335938,0.128906,-9.796875,,,,,,,,,,
acc,1778672678.0,97.0,-2.410156,0.203125,-9.835938,,,,,,,,,,
acc,1778672678.0,97.0,-2.449219,0.164062,-9.917969,,,,,,,,,,
acc,1778672678.0,97.0,-2.375,0.203125,-9.875,,,,,,,,,,
acc,1778672678.0,97.0,-2.375,0.203125,-9.835938,,,,,,,,,,
acc,1778672678.0,97.0,-2.375,0.242188,-9.835938,,,,,,,,,,
acc,1778672678.0,97.0,-2.410156,0.320312,-9.839844,,,,,,,,,,
acc,1778672678.0,97.0,-2.410156,0.28125,-9.835938,,,,,,,,,,
acc,1778672678.0,97.0,-2.449219,0.242188,-9.839844,,,,,,,,,,
acc,1778672678.0,97.0,-2.449219,0.242188,-9.996094,,,,,,,,,,
acc,1778672678.0,97.0,-2.449219,0.242188,-9.839844,,,,,,,,,,
acc,1778672678.0,97.0,-2.449219,0.394531,-9.878906,,,,,,,,,,
acc,1778672678.0,97.0,-2.410156,0.433594,-9.835938,,,,,,,,,,
acc,1778672678.0,97.0,-2.449219,0.394531,-9.839844,,,,,,,,,,
acc,1778672678.0,97.0,-2.449219,0.433594,-9.878906,,,,,,,,,,
acc,1778672678.0,97.0,-2.410156,0.320312,-9.917969,,,,,,,,,,
acc,1778672678.0,97.0,-2.410156,0.320312,-9.917969,,,,,,,,,,
acc,1778672678.0,97.0,-2.410156,0.242188,-9.914062,,,,,,,,,,
acc,1778672678.0,97.0,-2.410156,0.242188,-9.914062,,,,,,,,,,
acc,1778672678.0,97.0,-2.449219,0.433594,-9.839844,,,,,,,,,,
acc,1778672678.0,97.0,-2.449219,0.511719,-9.875,,,,,,,,,,
acc,1778672678.0,97.0,-2.375,0.433594,-9.875,,,,,,,,,,
acc,1778672678.0,97.0,-2.335938,0.320312,-9.839844,,,,,,,,,,
acc,1778672678.0,97.0,-2.375,0.203125,-9.914062,,,,,,,,,,
acc,1778672678.0,97.0,-2.410156,0.320312,-9.917969,,,,,,,,,,
acc,1778672678.0,97.0,-2.410156,0.320312,-9.839844,,,,,,,,,,
acc,1778672678.0,97.0,-2.375,0.320312,-9.878906,,,,,,,,,,
acc,1778672678.0,97.0,-2.296875,0.550781,-9.878906,,,,,,,,,,
acc,1778672678.0,97.0,-2.375,0.550781,-9.757812,,,,,,,,,,
acc,1778672678.0,97.0,-2.410156,0.28125,-9.835938,,,,,,,,,,
acc,1778672678.0,97.0,-2.410156,0.242188,-9.800781,,,,,,,,,,
acc,1778672678.0,97.0,-2.410156,0.355469,-9.839844,,,,,,,,,,
acc,1778672678.0,97.0,-2.375,0.472656,-9.796875,,,,,,,,,,
acc,1778672678.0,97.0,-2.375,0.394531,-9.757812,,,,,,,,,,
acc,1778672678.0,97.0,-2.375,0.433594,-9.835938,,,,,,,,,,
acc,1778672678.0,97.0,-2.335938,0.511719,-9.726562,,,,,,,,,,
acc,1778672678.0,97.0,-2.296875,0.585938,-9.878906,,,,,,,,,,
acc,1778672678.0,97.0,-2.296875,0.625,-9.726562,,,,,,,,,,
acc,1778672678.0,97.0,-2.296875,0.625,-9.726562,,,,,,,,,,
acc,1778672678.0,97.0,-2.296875,0.664062,-9.796875,,,,,,,,,,
acc,1778672678.0,97.0,-2.296875,0.664062,-9.761719,,,,,,,,,,
acc,1778672678.0,97.0,-2.296875,0.664062,-9.839844,,,,,,,,,,
acc,1778672678.0,97.0,-2.296875,0.816406,-9.835938,,,,,,,,,,
acc,1778672678.0,97.0,-2.257812,0.777344,-9.800781,,,,,,,,,,
acc,1778672678.0,97.0,-2.257812,0.664062,-9.757812,,,,,,,,,,
acc,1778672678.0,97.0,-2.296875,0.742188,-9.917969,,,,,,,,,,
acc,1778672678.0,97.0,-2.296875,0.625,-9.839844,,,,,,,,,,
acc,1778672678.0,97.0,-2.257812,0.585938,-9.835938,,,,,,,,,,
acc,1778672678.0,97.0,-2.257812,0.472656,-9.917969,,,,,,,,,,
acc,1778672678.0,97.0,-2.296875,0.394531,-9.839844,,,,,,,,,,
acc,1778672678.0,97.0,-2.375,0.355469,-9.917969,,,,,,,,,,
acc,1778672678.0,97.0,-2.257812,0.320312,-9.917969,,,,,,,,,,
acc,1778672678.0,97.0,-2.21875,0.433594,-9.914062,,,,,,,,,,
acc,1778672678.0,97.0,-2.296875,0.472656,-9.800781,,,,,,,,,,
acc,1778672678.0,97.0,-2.375,0.511719,-9.878906,,,,,,,,,,
acc,1778672678.0,97.0,-2.449219,0.472656,-9.835938,,,,,,,,,,
acc,1778672678.0,97.0,-2.410156,0.511719,-9.878906,,,,,,,,,,
acc,1778672678.0,97.0,-2.375,0.585938,-9.875,,,,,,,,,,
acc,1778672678.0,97.0,-2.375,0.703125,-9.835938,,,,,,,,,,
acc,1778672678.0,97.0,-2.375,0.625,-9.800781,,,,,,,,,,
acc,1778672678.0,97.0,-2.410156,0.585938,-9.800781,,,,,,,,,,
acc,1778672678.0,97.0,-2.410156,0.703125,-9.800781,,,,,,,,,,
acc,1778672678.0,97.0,-2.488281,0.742188,-9.875,,,,,,,,,,
acc,1778672678.0,97.0,-2.410156,0.742188,-9.835938,,,,,,,,,,
acc,1778672678.0,97.0,-2.335938,0.777344,-9.757812,,,,,,,,,,
acc,1778672678.0,97.0,-2.410156,0.703125,-9.800781,,,,,,,,,,
acc,1778672678.0,97.0,-2.449219,0.664062,-9.839844,,,,,,,,,,
acc,1778672678.0,97.0,-2.488281,0.742188,-9.800781,,,,,,,,,,
acc,1778672678.0,97.0,-2.527344,0.664062,-9.757812,,,,,,,,,,
acc,1778672678.0,97.0,-2.449219,0.550781,-9.796875,,,,,,,,,,
acc,1778672678.0,97.0,-2.375,0.585938,-9.800781,,,,,,,,,,
acc,1778672678.0,97.0,-2.410156,0.550781,-9.800781,,,,,,,,,,
acc,1778672678.0,97.0,-2.488281,0.511719,-9.761719,,,,,,,,,,
acc,1778672678.0,97.0,-2.488281,0.550781,-9.800781,,,,,,,,,,
acc,1778672678.0,97.0,-2.527344,0.550781,-9.835938,,,,,,,,,,
acc,1778672678.0,97.0,-2.566406,0.585938,-9.796875,,,,,,,,,,
acc,1778672678.0,97.0,-2.527344,0.585938,-9.730469,,,,,,,,,,
acc,1778672678.0,97.0,-2.527344,0.625,-9.757812,,,,,,,,,,
acc,1778672678.0,97.0,-2.527344,0.625,-9.757812,,,,,,,,,,
acc,1778672678.0,97.0,-2.488281,0.550781,-9.757812,,,,,,,,,,
acc,1778672678.0,97.0,-2.488281,0.394531,-9.800781,,,,,,,,,,
acc,1778672678.0,97.0,-2.449219,0.472656,-9.800781,,,,,,,,,,
acc,1778672679.0,98.0,-2.449219,0.625,-9.796875,,,,,,,,,,
acc,1778672679.0,98.0,-2.410156,0.511719,-9.796875,,,,,,,,,,
acc,1778672679.0,98.0,-2.410156,0.625,-9.835938,,,,,,,,,,
acc,1778672679.0,98.0,-2.449219,0.585938,-9.878906,,,,,,,,,,
acc,1778672679.0,98.0,-2.375,0.550781,-9.875,,,,,,,,,,
acc,1778672679.0,98.0,-2.410156,0.777344,-9.875,,,,,,,,,,
acc,1778672679.0,98.0,-2.410156,0.855469,-9.796875,,,,,,,,,,
acc,1778672679.0,98.0,-2.410156,0.894531,-9.875,,,,,,,,,,
acc,1778672679.0,98.0,-2.488281,0.777344,-9.953125,,,,,,,,,,
acc,1778672679.0,98.0,-2.527344,0.855469,-9.796875,,,,,,,,,,
acc,1778672679.0,98.0,-2.527344,0.703125,-9.835938,,,,,,,,,,
acc,1778672679.0,98.0,-2.449219,0.664062,-9.761719,,,,,,,,,,
acc,1778672679.0,98.0,-2.410156,0.742188,-9.835938,,,,,,,,,,
acc,1778672679.0,98.0,-2.375,0.511719,-9.761719,,,,,,,,,,
acc,1778672679.0,98.0,-2.449219,0.472656,-9.730469,,,,,,,,,,
acc,1778672679.0,98.0,-2.527344,0.28125,-9.730469,,,,,,,,,,
acc,1778672679.0,98.0,-2.375,0.355469,-9.796875,,,,,,,,,,
acc,1778672679.0,98.0,-2.257812,0.472656,-9.535156,,,,,,,,,,
acc,1778672679.0,98.0,-2.296875,0.472656,-9.800781,,,,,,,,,,
acc,1778672679.0,98.0,-2.335938,0.394531,-9.691406,,,,,,,,,,
acc,1778672679.0,98.0,-2.335938,0.625,-9.730469,,,,,,,,,,
acc,1778672679.0,98.0,-2.21875,0.777344,-9.730469,,,,,,,,,,
acc,1778672679.0,98.0,-2.21875,0.511719,-9.652344,,,,,,,,,,
acc,1778672679.0,98.0,-2.257812,0.472656,-9.796875,,,,,,,,,,
acc,1778672679.0,98.0,-2.335938,0.472656,-9.761719,,,,,,,,,,
acc,1778672679.0,98.0,-2.296875,0.320312,-9.730469,,,,,,,,,,
acc,1778672679.0,98.0,-2.257812,0.472656,-9.761719,,,,,,,,,,
acc,1778672679.0,98.0,-2.183594,0.625,-9.691406,,,,,,,,,,
acc,1778672679.0,98.0,-2.21875,0.585938,-9.800781,,,,,,,,,,
acc,1778672679.0,98.0,-2.257812,0.550781,-9.648438,,,,,,,,,,
acc,1778672679.0,98.0,-2.296875,0.664062,-9.726562,,,,,,,,,,
acc,1778672679.0,98.0,-2.257812,0.585938,-9.875,,,,,,,,,,
acc,1778672679.0,98.0,-2.21875,0.664062,-9.730469,,,,,,,,,,
acc,1778672679.0,98.0,-2.257812,0.585938,-9.875,,,,,,,,,,
acc,1778672679.0,98.0,-2.335938,0.625,-9.757812,,,,,,,,,,
acc,1778672679.0,98.0,-2.375,0.742188,-9.835938,,,,,,,,,,
acc,1778672679.0,98.0,-2.410156,0.703125,-9.835938,,,,,,,,,,
acc,1778672679.0,98.0,-2.335938,0.703125,-9.757812,,,,,,,,,,
acc,1778672679.0,98.0,-2.375,0.742188,-9.800781,,,,,,,,,,
acc,1778672679.0,98.0,-2.488281,0.855469,-9.761719,,,,,,,,,,
acc,1778672679.0,98.0,-2.527344,0.816406,-9.761719,,,,,,,,,,
acc,1778672679.0,98.0,-2.488281,0.742188,-9.835938,,,,,,,,,,
acc,1778672679.0,98.0,-2.410156,0.742188,-9.875,,,,,,,,,,
acc,1778672679.0,98.0,-2.375,0.777344,-9.800781,,,,,,,,,,
acc,1778672679.0,98.0,-2.527344,0.742188,-9.914062,,,,,,,,,,
acc,1778672679.0,98.0,-2.566406,0.625,-9.878906,,,,,,,,,,
acc,1778672679.0,98.0,-2.527344,0.585938,-9.914062,,,,,,,,,,
acc,1778672679.0,98.0,-2.410156,0.777344,-9.914062,,,,,,,,,,
acc,1778672679.0,98.0,-2.410156,0.777344,-9.992188,,,,,,,,,,
acc,1778672679.0,98.0,-2.527344,0.742188,-9.914062,,,,,,,,,,
acc,1778672679.0,98.0,-2.601562,0.816406,-9.878906,,,,,,,,,,
acc,1778672679.0,98.0,-2.601562,0.855469,-10.070312,,,,,,,,,,
acc,1778672679.0,98.0,-2.527344,0.933594,-9.953125,,,,,,,,,,
acc,1778672679.0,98.0,-2.527344,0.96875,-9.953125,,,,,,,,,,
acc,1778672679.0,98.0,-2.640625,0.933594,-9.957031,,,,,,,,,,
acc,1778672679.0,98.0,-2.601562,1.007812,-9.835938,,,,,,,,,,
acc,1778672679.0,98.0,-2.601562,1.125,-9.914062,,,,,,,,,,
acc,1778672679.0,98.0,-2.527344,1.085938,-9.875,,,,,,,,,,
acc,1778672679.0,98.0,-2.488281,1.085938,-9.953125,,,,,,,,,,
acc,1778672679.0,98.0,-2.527344,1.277344,-9.875,,,,,,,,,,
acc,1778672679.0,98.0,-2.527344,1.351562,-10.03125,,,,,,,,,,
acc,1778672679.0,98.0,-2.601562,1.238281,-10.03125,,,,,,,,,,
acc,1778672679.0,98.0,-2.566406,1.277344,-10.070312,,,,,,,,,,
acc,1778672679.0,98.0,-2.410156,1.125,-10.109375,,,,,,,,,,
acc,1778672679.0,98.0,-2.296875,1.238281,-9.878906,,,,,,,,,,
acc,1778672679.0,98.0,-2.335938,1.277344,-10.03125,,,,,,,,,,
acc,1778672679.0,98.0,-2.375,1.238281,-10.074219,,,,,,,,,,
acc,1778672679.0,98.0,-2.449219,1.316406,-9.953125,,,,,,,,,,
acc,1778672679.0,98.0,-2.449219,1.277344,-10.152344,,,,,,,,,,
acc,1778672679.0,98.0,-2.335938,1.160156,-9.953125,,,,,,,,,,
acc,1778672679.0,98.0,-2.375,1.160156,-9.835938,,,,,,,,,,
acc,1778672679.0,98.0,-2.375,1.007812,-9.992188,,,,,,,,,,
acc,1778672679.0,98.0,-2.296875,1.046875,-9.835938,,,,,,,,,,
acc,1778672679.0,98.0,-2.21875,1.046875,-9.957031,,,,,,,,,,
acc,1778672679.0,98.0,-2.21875,1.125,-9.992188,,,,,,,,,,
acc,1778672679.0,98.0,-2.183594,1.199219,-9.957031,,,,,,,,,,
acc,1778672679.0,98.0,-2.183594,1.160156,-9.835938,,,,,,,,,,
acc,1778672679.0,98.0,-2.144531,1.125,-9.953125,,,,,,,,,,
acc,1778672679.0,98.0,-2.183594,1.007812,-9.800781,,,,,,,,,,
acc,1778672679.0,98.0,-2.183594,1.125,-9.914062,,,,,,,,,,
acc,1778672679.0,98.0,-2.183594,1.199219,-9.796875,,,,,,,,,,
acc,1778672679.0,98.0,-2.105469,1.351562,-9.839844,,,,,,,,,,
acc,1778672679.0,98.0,-2.027344,1.277344,-9.757812,,,,,,,,,,
acc,1778672679.0,98.0,-2.027344,1.238281,-9.757812,,,,,,,,,,
acc,1778672679.0,98.0,-2.144531,1.238281,-9.875,,,,,,,,,,
acc,1778672679.0,98.0,-2.144531,1.199219,-9.839844,,,,,,,,,,
acc,1778672679.0,98.0,-2.105469,1.160156,-9.761719,,,,,,,,,,
acc,1778672679.0,98.0,-2.027344,0.96875,-9.835938,,,,,,,,,,
acc,1778672679.0,98.0,-1.992188,0.933594,-9.757812,,,,,,,,,,
acc,1778672679.0,98.0,-2.066406,1.007812,-9.761719,,,,,,,,,,
acc,1778672679.0,98.0,-2.066406,1.085938,-9.761719,,,,,,,,,,
acc,1778672679.0,98.0,-2.105469,1.125,-9.652344,,,,,,,,,,
acc,1778672679.0,98.0,-2.066406,0.96875,-9.839844,,,,,,,,,,
acc,1778672679.0,98.0,-2.027344,1.125,-9.574219,,,,,,,,,,
acc,1778672679.0,98.0,-2.027344,1.351562,-9.730469,,,,,,,,,,
acc,1778672679.0,98.0,-1.992188,1.46875,-9.800781,,,,,,,,,,
acc,1778672679.0,98.0,-1.992188,1.46875,-9.800781,,,,,,,,,,
acc,1778672679.0,98.0,-2.144531,1.507812,-9.835938,,,,,,,,,,
acc,1778672679.0,98.0,-2.21875,1.542969,-9.835938,,,,,,,,,,
acc,1778672679.0,98.0,-2.183594,1.429688,-9.6875,,,,,,,,,,
acc,1778672679.0,98.0,-2.183594,1.390625,-9.796875,,,,,,,,,,
acc,1778672679.0,98.0,-2.105469,1.277344,-9.761719,,,,,,,,,,
acc,1778672679.0,98.0,-2.144531,1.125,-9.691406,,,,,,,,,,
acc,1778672679.0,98.0,-2.183594,1.046875,-9.996094,,,,,,,,,,
acc,1778672679.0,98.0,-2.105469,1.007812,-9.761719,,,,,,,,,,
acc,1778672679.0,98.0,-2.183594,0.894531,-10.03125,,,,,,,,,,
acc,1778672679.0,98.0,-2.105469,0.894531,-9.917969,,,,,,,,,,
acc,1778672679.0,98.0,-2.183594,0.894531,-9.835938,,,,,,,,,,
acc,1778672679.0,98.0,-2.183594,0.894531,-9.953125,,,,,,,,,,
acc,1778672679.0,98.0,-2.105469,0.894531,-9.761719,,,,,,,,,,
acc,1778672679.0,98.0,-2.105469,0.742188,-9.839844,,,,,,,,,,
acc,1778672679.0,98.0,-2.144531,0.894531,-9.835938,,,,,,,,,,
acc,1778672679.0,98.0,-2.183594,0.855469,-9.839844,,,,,,,,,,
acc,1778672679.0,98.0,-2.183594,0.933594,-9.835938,,,,,,,,,,
acc,1778672679.0,98.0,-2.21875,1.046875,-9.726562,,,,,,,,,,
acc,1778672679.0,98.0,-2.144531,1.277344,-9.800781,,,,,,,,,,
acc,1778672679.0,98.0,-2.144531,1.351562,-9.648438,,,,,,,,,,
acc,1778672679.0,98.0,-2.105469,1.316406,-9.875,,,,,,,,,,
acc,1778672679.0,98.0,-2.183594,1.316406,-9.761719,,,,,,,,,,
acc,1778672679.0,98.0,-2.296875,1.238281,-9.761719,,,,,,,,,,
acc,1778672679.0,98.0,-2.257812,1.199219,-9.761719,,,,,,,,,,
acc,1778672679.0,98.0,-2.183594,1.125,-9.648438,,,,,,,,,,
acc,1778672679.0,98.0,-2.105469,1.125,-9.726562,,,,,,,,,,
acc,1778672679.0,98.0,-2.105469,1.046875,-9.574219,,,,,,,,,,
acc,1778672679.0,98.0,-2.027344,1.007812,-9.800781,,,,,,,,,,
acc,1778672679.0,98.0,-1.953125,1.046875,-9.726562,,,,,,,,,,
acc,1778672679.0,98.0,-1.953125,1.125,-9.609375,,,,,,,,,,
acc,1778672679.0,98.0,-1.992188,1.277344,-9.609375,,,,,,,,,,
acc,1778672679.0,98.0,-2.066406,1.351562,-9.652344,,,,,,,,,,
acc,1778672680.0,99.0,-2.027344,1.429688,-9.6875,,,,,,,,,,
acc,1778672680.0,99.0,-1.835938,1.429688,-9.570312,,,,,,,,,,
acc,1778672680.0,99.0,-1.761719,1.316406,-9.691406,,,,,,,,,,
acc,1778672680.0,99.0,-1.800781,1.316406,-9.652344,,,,,,,,,,
acc,1778672680.0,99.0,-1.914062,1.390625,-9.652344,,,,,,,,,,
acc,1778672680.0,99.0,-1.875,1.316406,-9.726562,,,,,,,,,,
acc,1778672680.0,99.0,-1.722656,1.125,-9.652344,,,,,,,,,,
acc,1778672680.0,99.0,-1.761719,1.160156,-9.652344,,,,,,,,,,
acc,1778672680.0,99.0,-1.800781,1.160156,-9.730469,,,,,,,,,,
acc,1778672680.0,99.0,-1.800781,1.199219,-9.761719,,,,,,,,,,
acc,1778672680.0,99.0,-1.835938,1.351562,-9.691406,,,,,,,,,,
acc,1778672680.0,99.0,-1.800781,1.351562,-9.757812,,,,,,,,,,
acc,1778672680.0,99.0,-1.761719,1.429688,-9.609375,,,,,,,,,,
acc,1778672680.0,99.0,-1.800781,1.507812,-9.800781,,,,,,,,,,
acc,1778672680.0,99.0,-1.800781,1.429688,-9.796875,,,,,,,,,,
acc,1778672680.0,99.0,-1.761719,1.582031,-9.839844,,,,,,,,,,
acc,1778672680.0,99.0,-1.835938,1.621094,-9.875,,,,,,,,,,
acc,1778672680.0,99.0,-1.761719,1.542969,-9.839844,,,,,,,,,,
acc,1778672680.0,99.0,-1.722656,1.46875,-9.878906,,,,,,,,,,
acc,1778672680.0,99.0,-1.835938,1.660156,-9.875,,,,,,,,,,
acc,1778672680.0,99.0,-1.835938,1.660156,-9.835938,,,,,,,,,,
acc,1778672680.0,99.0,-1.835938,1.699219,-9.957031,,,,,,,,,,
acc,1778672680.0,99.0,-1.800781,1.660156,-9.953125,,,,,,,,,,
acc,1778672680.0,99.0,-1.800781,1.621094,-9.953125,,,,,,,,,,
acc,1778672680.0,99.0,-1.875,1.660156,-9.992188,,,,,,,,,,
acc,1778672680.0,99.0,-1.835938,1.582031,-10.109375,,,,,,,,,,
acc,1778672680.0,99.0,-1.875,1.507812,-10.03125,,,,,,,,,,
acc,1778672680.0,99.0,-1.835938,1.507812,-10.21875,,,,,,,,,,
acc,1778672680.0,99.0,-1.875,1.46875,-10.183594,,,,,,,,,,
acc,1778672680.0,99.0,-1.914062,1.542969,-10.21875,,,,,,,,,,
acc,1778672680.0,99.0,-1.875,1.507812,-10.257812,,,,,,,,,,
acc,1778672680.0,99.0,-1.800781,1.46875,-10.21875,,,,,,,,,,
acc,1778672680.0,99.0,-1.875,1.582031,-10.183594,,,,,,,,,,
acc,1778672680.0,99.0,-1.875,1.542969,-10.300781,,,,,,,,,,
acc,1778672680.0,99.0,-1.835938,1.46875,-10.03125,,,,,,,,,,
acc,1778672680.0,99.0,-1.761719,1.46875,-10.070312,,,,,,,,,,
acc,1778672680.0,99.0,-1.800781,1.46875,-10.074219,,,,,,,,,,
acc,1778672680.0,99.0,-1.875,1.507812,-10.148438,,,,,,,,,,
acc,1778672680.0,99.0,-1.992188,1.582031,-9.992188,,,,,,,,,,
acc,1778672680.0,99.0,-1.953125,1.582031,-10.183594,,,,,,,,,,
acc,1778672680.0,99.0,-1.953125,1.660156,-10.21875,,,,,,,,,,
acc,1778672680.0,99.0,-1.914062,1.660156,-9.914062,,,,,,,,,,
acc,1778672680.0,99.0,-1.875,1.507812,-10.074219,,,,,,,,,,
acc,1778672680.0,99.0,-1.722656,1.46875,-10.113281,,,,,,,,,,
acc,1778672680.0,99.0,-1.722656,1.429688,-9.757812,,,,,,,,,,
acc,1778672680.0,99.0,-1.644531,1.46875,-10.148438,,,,,,,,,,
acc,1778672680.0,99.0,-1.644531,1.46875,-9.875,,,,,,,,,,
acc,1778672680.0,99.0,-1.644531,1.507812,-9.875,,,,,,,,,,
acc,1778672680.0,99.0,-1.644531,1.542969,-9.992188,,,,,,,,,,
acc,1778672680.0,99.0,-1.570312,1.46875,-9.570312,,,,,,,,,,
acc,1778672680.0,99.0,-1.605469,1.429688,-9.800781,,,,,,,,,,
acc,1778672680.0,99.0,-1.605469,1.429688,-9.691406,,,,,,,,,,
acc,1778672680.0,99.0,-1.570312,1.429688,-9.648438,,,,,,,,,,
acc,1778672680.0,99.0,-1.644531,1.429688,-9.726562,,,,,,,,,,
acc,1778672680.0,99.0,-1.570312,1.390625,-9.648438,,,,,,,,,,
acc,1778672680.0,99.0,-1.605469,1.351562,-9.535156,,,,,,,,,,
acc,1778672680.0,99.0,-1.605469,1.390625,-9.648438,,,,,,,,,,
acc,1778672680.0,99.0,-1.644531,1.351562,-9.609375,,,,,,,,,,
acc,1778672680.0,99.0,-1.800781,1.429688,-9.570312,,,,,,,,,,
acc,1778672680.0,99.0,-1.722656,1.507812,-9.613281,,,,,,,,,,
acc,1778672680.0,99.0,-1.644531,1.46875,-9.648438,,,,,,,,,,
acc,1778672680.0,99.0,-1.644531,1.621094,-9.609375,,,,,,,,,,
acc,1778672680.0,99.0,-1.683594,1.660156,-9.609375,,,,,,,,,,
acc,1778672680.0,99.0,-1.722656,1.738281,-9.6875,,,,,,,,,,
acc,1778672680.0,99.0,-1.683594,1.507812,-9.53125,,,,,,,,,,
acc,1778672680.0,99.0,-1.605469,1.390625,-9.609375,,,,,,,,,,
acc,1778672680.0,99.0,-1.722656,1.390625,-9.648438,,,,,,,,,,
acc,1778672680.0,99.0,-1.800781,1.507812,-9.492188,,,,,,,,,,
acc,1778672680.0,99.0,-1.875,1.660156,-9.53125,,,,,,,,,,
acc,1778672680.0,99.0,-1.722656,1.621094,-9.726562,,,,,,,,,,
acc,1778672680.0,99.0,-1.644531,1.542969,-9.453125,,,,,,,,,,
acc,1778672680.0,99.0,-1.683594,1.542969,-9.574219,,,,,,,,,,
acc,1778672680.0,99.0,-1.722656,1.507812,-9.613281,,,,,,,,,,
acc,1778672680.0,99.0,-1.800781,1.46875,-9.691406,,,,,,,,,,
acc,1778672680.0,99.0,-1.605469,1.46875,-9.6875,,,,,,,,,,
acc,1778672680.0,99.0,-1.800781,1.507812,-9.835938,,,,,,,,,,
acc,1778672680.0,99.0,-1.953125,1.429688,-9.726562,,,,,,,,,,
acc,1778672680.0,99.0,-1.914062,1.582031,-9.914062,,,,,,,,,,
acc,1778672680.0,99.0,-1.761719,1.8125,-9.839844,,,,,,,,,,
acc,1778672680.0,99.0,-1.605469,1.621094,-9.839844,,,,,,,,,,
acc,1778672680.0,99.0,-1.492188,1.699219,-9.957031,,,,,,,,,,
acc,1778672680.0,99.0,-1.683594,1.699219,-9.652344,,,,,,,,,,
acc,1778672680.0,99.0,-1.722656,1.660156,-9.878906,,,,,,,,,,
acc,1778672680.0,99.0,-1.605469,1.851562,-9.796875,,,,,,,,,,
acc,1778672680.0,99.0,-1.644531,2.042969,-9.875,,,,,,,,,,
acc,1778672680.0,99.0,-1.644531,1.964844,-9.875,,,,,,,,,,
acc,1778672680.0,99.0,-1.644531,1.929688,-9.839844,,,,,,,,,,
acc,1778672680.0,99.0,-1.761719,1.699219,-9.875,,,,,,,,,,
acc,1778672680.0,99.0,-1.722656,1.542969,-9.996094,,,,,,,,,,
acc,1778672680.0,99.0,-1.683594,1.542969,-9.914062,,,,,,,,,,
acc,1778672680.0,99.0,-1.761719,1.660156,-10.179688,,,,,,,,,,
acc,1778672680.0,99.0,-1.683594,1.773438,-9.839844,,,,,,,,,,
acc,1778672680.0,99.0,-1.644531,1.929688,-10.035156,,,,,,,,,,
acc,1778672680.0,99.0,-1.722656,1.964844,-9.878906,,,,,,,,,,
acc,1778672680.0,99.0,-1.722656,2.042969,-9.996094,,,,,,,,,,
acc,1778672680.0,99.0,-1.875,2.082031,-10.074219,,,,,,,,,,
acc,1778672680.0,99.0,-1.875,1.929688,-9.878906,,,,,,,,,,
acc,1778672680.0,99.0,-1.914062,2.003906,-9.953125,,,,,,,,,,
acc,1778672680.0,99.0,-1.953125,2.121094,-9.800781,,,,,,,,,,
acc,1778672680.0,99.0,-1.914062,2.234375,-9.796875,,,,,,,,,,
acc,1778672680.0,99.0,-1.914062,2.121094,-9.835938,,,,,,,,,,
acc,1778672680.0,99.0,-1.761719,2.15625,-9.875,,,,,,,,,,
acc,1778672680.0,99.0,-1.914062,2.386719,-9.800781,,,,,,,,,,
acc,1778672680.0,99.0,-2.066406,2.386719,-10.113281,,,,,,,,,,
acc,1778672680.0,99.0,-1.953125,2.386719,-9.835938,,,,,,,,,,
acc,1778672680.0,99.0,-1.875,2.3125,-9.953125,,,,,,,,,,
acc,1778672680.0,99.0,-1.835938,2.15625,-9.761719,,,,,,,,,,
acc,1778672680.0,99.0,-1.800781,2.121094,-9.875,,,,,,,,,,
acc,1778672680.0,99.0,-1.875,2.003906,-9.609375,,,,,,,,,,
acc,1778672680.0,99.0,-1.875,2.003906,-9.875,,,,,,,,,,
acc,1778672680.0,99.0,-1.800781,1.851562,-9.800781,,,,,,,,,,
acc,1778672680.0,99.0,-1.761719,1.8125,-9.917969,,,,,,,,,,
acc,1778672680.0,99.0,-1.835938,1.851562,-9.730469,,,,,,,,,,
acc,1778672680.0,99.0,-1.953125,2.15625,-9.796875,,,,,,,,,,
acc,1778672680.0,99.0,-1.953125,2.15625,-9.761719,,,,,,,,,,
acc,1778672680.0,99.0,-1.875,2.195312,-9.835938,,,,,,,,,,
acc,1778672680.0,99.0,-1.875,1.890625,-9.726562,,,,,,,,,,
acc,1778672680.0,99.0,-1.800781,1.773438,-9.878906,,,,,,,,,,
acc,1778672680.0,99.0,-1.914062,1.773438,-9.726562,,,,,,,,,,
acc,1778672680.0,99.0,-1.722656,1.699219,-9.800781,,,,,,,,,,
acc,1778672680.0,99.0,-1.683594,1.929688,-9.726562,,,,,,,,,,
acc,1778672680.0,99.0,-1.800781,1.851562,-9.835938,,,,,,,,,,
acc,1778672680.0,99.0,-1.761719,1.8125,-9.726562,,,,,,,,,,
acc,1778672680.0,99.0,-1.761719,1.851562,-9.6875,,,,,,,,,,
acc,1778672680.0,99.0,-1.492188,1.8125,-9.835938,,,,,,,,,,
acc,1778672680.0,99.0,-1.53125,1.929688,-9.839844,,,,,,,,,,
acc,1778672680.0,99.0,-1.683594,1.890625,-9.796875,,,,,,,,,,
acc,1778672681.0,100.0,-1.761719,1.890625,-10.183594,,,,,,,,,,
acc,1778672681.0,100.0,-1.570312,2.082031,-9.570312,,,,,,,,,,
acc,1778672681.0,100.0,-1.570312,2.042969,-9.839844,,,,,,,,,,
acc,1778672681.0,100.0,-1.570312,2.234375,-9.875,,,,,,,,,,
acc,1778672681.0,100.0,-1.683594,1.929688,-9.6875,,,,,,,,,,
acc,1778672681.0,100.0,-1.761719,1.46875,-10.152344,,,,,,,,,,
acc,1778672681.0,100.0,-1.605469,1.699219,-10.074219,,,,,,,,,,
acc,1778672681.0,100.0,-1.683594,1.851562,-9.914062,,,,,,,,,,
acc,1778672681.0,100.0,-1.914062,1.738281,-10.148438,,,,,,,,,,
acc,1778672681.0,100.0,-1.875,1.699219,-9.917969,,,,,,,,,,
acc,1778672681.0,100.0,-1.722656,1.773438,-10.21875,,,,,,,,,,
acc,1778672681.0,100.0,-1.800781,1.8125,-9.800781,,,,,,,,,,
acc,1778672681.0,100.0,-1.914062,1.738281,-9.953125,,,,,,,,,,
acc,1778672681.0,100.0,-1.875,1.542969,-9.914062,,,,,,,,,,
acc,1778672681.0,100.0,-1.835938,1.621094,-9.492188,,,,,,,,,,
acc,1778672681.0,100.0,-1.683594,1.851562,-10.300781,,,,,,,,,,
acc,1778672681.0,100.0,-1.605469,2.003906,-9.761719,,,,,,,,,,
acc,1778672681.0,100.0,-1.761719,2.082031,-9.957031,,,,,,,,,,
acc,1778672681.0,100.0,-1.953125,2.003906,-10.257812,,,,,,,,,,
acc,1778672681.0,100.0,-1.761719,2.042969,-9.761719,,,,,,,,,,
acc,1778672681.0,100.0,-1.761719,1.738281,-9.957031,,,,,,,,,,
acc,1778672681.0,100.0,-1.683594,1.660156,-9.835938,,,,,,,,,,
acc,1778672681.0,100.0,-1.722656,1.929688,-9.730469,,,,,,,,,,
acc,1778672681.0,100.0,-1.761719,1.929688,-9.691406,,,,,,,,,,
acc,1778672681.0,100.0,-1.683594,2.3125,-9.730469,,,,,,,,,,
acc,1778672681.0,100.0,-1.644531,2.464844,-9.800781,,,,,,,,,,
acc,1778672681.0,100.0,-1.644531,2.65625,-9.878906,,,,,,,,,,
acc,1778672681.0,100.0,-1.835938,2.695312,-9.453125,,,,,,,,,,
acc,1778672681.0,100.0,-1.761719,2.425781,-10.03125,,,,,,,,,,
acc,1778672681.0,100.0,-1.605469,2.121094,-9.535156,,,,,,,,,,
acc,1778672681.0,100.0,-1.644531,2.195312,-9.609375,,,,,,,,,,
acc,1778672681.0,100.0,-1.800781,1.890625,-9.796875,,,,,,,,,,
acc,1778672681.0,100.0,-1.761719,2.082031,-9.570312,,,,,,,,,,
acc,1778672681.0,100.0,-1.835938,2.082031,-9.648438,,,,,,,,,,
acc,1778672681.0,100.0,-1.914062,1.890625,-9.6875,,,,,,,,,,
acc,1778672681.0,100.0,-1.683594,2.195312,-9.492188,,,,,,,,,,
acc,1778672681.0,100.0,-1.683594,2.234375,-9.761719,,,,,,,,,,
acc,1778672681.0,100.0,-1.761719,2.15625,-9.453125,,,,,,,,,,
acc,1778672681.0,100.0,-1.800781,2.273438,-9.417969,,,,,,,,,,
acc,1778672681.0,100.0,-1.800781,2.121094,-9.609375,,,,,,,,,,
acc,1778672681.0,100.0,-1.683594,2.464844,-9.53125,,,,,,,,,,
acc,1778672681.0,100.0,-1.722656,2.695312,-9.796875,,,,,,,,,,
acc,1778672681.0,100.0,-1.875,2.15625,-9.457031,,,,,,,,,,
acc,1778672681.0,100.0,-1.875,2.234375,-9.761719,,,,,,,,,,
acc,1778672681.0,100.0,-1.722656,2.425781,-9.800781,,,,,,,,,,
acc,1778672681.0,100.0,-1.570312,2.347656,-9.726562,,,,,,,,,,
acc,1778672681.0,100.0,-1.605469,2.234375,-10.074219,,,,,,,,,,
acc,1778672681.0,100.0,-1.761719,2.003906,-9.878906,,,,,,,,,,
acc,1778672681.0,100.0,-1.761719,1.929688,-10.183594,,,,,,,,,,
acc,1778672681.0,100.0,-1.875,2.464844,-9.800781,,,,,,,,,,
acc,1778672681.0,100.0,-1.914062,2.082031,-10.183594,,,,,,,,,,
acc,1778672681.0,100.0,-1.644531,2.082031,-9.757812,,,,,,,,,,
acc,1778672681.0,100.0,-1.605469,2.273438,-9.875,,,,,,,,,,
acc,1778672681.0,100.0,-1.722656,1.929688,-9.914062,,,,,,,,,,
acc,1778672681.0,100.0,-1.683594,1.964844,-9.730469,,,,,,,,,,
acc,1778672681.0,100.0,-1.835938,1.964844,-10.109375,,,,,,,,,,
acc,1778672681.0,100.0,-1.683594,2.042969,-10.300781,,,,,,,,,,
acc,1778672681.0,100.0,-1.683594,1.929688,-9.917969,,,,,,,,,,
acc,1778672681.0,100.0,-1.761719,2.082031,-10.113281,,,,,,,,,,
acc,1778672681.0,100.0,-1.800781,1.964844,-9.800781,,,,,,,,,,
acc,1778672681.0,100.0,-1.683594,2.003906,-10.074219,,,,,,,,,,
acc,1778672681.0,100.0,-1.683594,2.003906,-9.835938,,,,,,,,,,
acc,1778672681.0,100.0,-1.761719,1.773438,-9.953125,,,,,,,,,,
acc,1778672681.0,100.0,-1.875,2.15625,-9.957031,,,,,,,,,,
acc,1778672681.0,100.0,-1.875,2.234375,-10.070312,,,,,,,,,,
acc,1778672681.0,100.0,-1.683594,2.042969,-9.875,,,,,,,,,,
acc,1778672681.0,100.0,-1.722656,2.042969,-9.917969,,,,,,,,,,
acc,1778672681.0,100.0,-1.722656,2.003906,-10.035156,,,,,,,,,,
acc,1778672681.0,100.0,-1.683594,1.773438,-9.878906,,,,,,,,,,
acc,1778672681.0,100.0,-1.800781,2.003906,-9.875,,,,,,,,,,
acc,1778672681.0,100.0,-1.875,2.195312,-10.148438,,,,,,,,,,
acc,1778672681.0,100.0,-1.683594,1.929688,-10.070312,,,,,,,,,,
acc,1778672681.0,100.0,-1.683594,1.929688,-9.917969,,,,,,,,,,
acc,1778672681.0,100.0,-1.683594,1.699219,-10.179688,,,,,,,,,,
acc,1778672681.0,100.0,-1.683594,1.929688,-9.996094,,,,,,,,,,
acc,1778672681.0,100.0,-1.53125,2.195312,-9.835938,,,,,,,,,,
acc,1778672681.0,100.0,-1.453125,2.15625,-9.6875,,,,,,,,,,
acc,1778672681.0,100.0,-1.453125,2.195312,-9.875,,,,,,,,,,
acc,1778672681.0,100.0,-1.570312,2.042969,-9.652344,,,,,,,,,,
acc,1778672681.0,100.0,-1.53125,2.503906,-9.757812,,,,,,,,,,
acc,1778672681.0,100.0,-1.605469,2.273438,-9.757812,,,,,,,,,,
acc,1778672681.0,100.0,-1.644531,2.464844,-9.730469,,,,,,,,,,
acc,1778672681.0,100.0,-1.761719,2.539062,-9.53125,,,,,,,,,,
acc,1778672681.0,100.0,-1.605469,2.195312,-10.035156,,,,,,,,,,
acc,1778672681.0,100.0,-1.605469,2.386719,-9.417969,,,,,,,,,,
acc,1778672681.0,100.0,-1.722656,2.464844,-9.796875,,,,,,,,,,
acc,1778672681.0,100.0,-1.722656,2.3125,-9.917969,,,,,,,,,,
acc,1778672681.0,100.0,-1.722656,2.503906,-9.226562,,,,,,,,,,
acc,1778672681.0,100.0,-1.761719,2.695312,-9.957031,,,,,,,,,,
acc,1778672681.0,100.0,-1.761719,2.386719,-9.839844,,,,,,,,,,
acc,1778672681.0,100.0,-1.875,2.347656,-9.609375,,,,,,,,,,
acc,1778672681.0,100.0,-2.027344,2.578125,-9.996094,,,,,,,,,,
acc,1778672681.0,100.0,-1.875,2.695312,-9.648438,,,,,,,,,,
acc,1778672681.0,100.0,-1.835938,2.578125,-10.113281,,,,,,,,,,
acc,1778672681.0,100.0,-1.722656,2.539062,-9.757812,,,,,,,,,,
acc,1778672681.0,100.0,-1.835938,2.695312,-9.574219,,,,,,,,,,
acc,1778672681.0,100.0,-1.953125,2.886719,-10.109375,,,,,,,,,,
acc,1778672681.0,100.0,-1.953125,2.808594,-9.535156,,,,,,,,,,
acc,1778672681.0,100.0,-1.761719,2.617188,-9.953125,,,,,,,,,,
acc,1778672681.0,100.0,-1.800781,2.695312,-9.648438,,,,,,,,,,
acc,1778672681.0,100.0,-1.914062,2.65625,-10.113281,,,,,,,,,,
acc,1778672681.0,100.0,-1.835938,2.578125,-9.6875,,,,,,,,,,
acc,1778672681.0,100.0,-1.835938,2.578125,-9.917969,,,,,,,,,,
acc,1778672681.0,100.0,-1.875,2.425781,-9.6875,,,,,,,,,,
acc,1778672681.0,100.0,-1.875,2.464844,-9.691406,,,,,,,,,,
acc,1778672681.0,100.0,-1.914062,2.195312,-9.648438,,,,,,,,,,
acc,1778672681.0,100.0,-1.800781,2.121094,-9.835938,,,,,,,,,,
acc,1778672681.0,100.0,-1.722656,2.082031,-9.613281,,,,,,,,,,
acc,1778672681.0,100.0,-1.761719,2.234375,-9.835938,,,,,,,,,,
acc,1778672681.0,100.0,-1.800781,2.65625,-9.535156,,,,,,,,,,
acc,1778672681.0,100.0,-1.800781,2.578125,-9.957031,,,,,,,,,,
acc,1778672681.0,100.0,-1.875,2.539062,-9.761719,,,,,,,,,,
acc,1778672681.0,100.0,-1.835938,2.617188,-9.570312,,,,,,,,,,
acc,1778672681.0,100.0,-1.800781,2.730469,-9.992188,,,,,,,,,,
acc,1778672681.0,100.0,-1.800781,2.847656,-9.53125,,,,,,,,,,
acc,1778672681.0,100.0,-1.605469,2.386719,-10.035156,,,,,,,,,,
acc,1778672681.0,100.0,-1.53125,2.273438,-9.652344,,,,,,,,,,
acc,1778672681.0,100.0,-1.605469,2.3125,-9.917969,,,,,,,,,,
acc,1778672681.0,100.0,-1.570312,2.082031,-10.035156,,,,,,,,,,
acc,1778672681.0,100.0,-1.453125,1.851562,-9.953125,,,,,,,,,,
acc,1778672681.0,100.0,-1.605469,2.195312,-10.179688,,,,,,,,,,
acc,1778672681.0,100.0,-1.722656,2.503906,-9.796875,,,,,,,,,,
acc,1778672681.0,100.0,-1.722656,2.65625,-9.992188,,,,,,,,,,
acc,1778672681.0,100.0,-1.761719,2.539062,-9.875,,,,,,,,,,
acc,1778672681.0,100.0,-1.605469,2.347656,-9.761719,,,,,,,,,,
acc,1778672681.0,100.0,-1.53125,2.578125,-9.996094,,,,,,,,,,
acc,1778672681.0,100.0,-1.605469,2.539062,-9.648438,,,,,,,,,,
acc,1778672681.0,100.0,-1.570312,2.578125,-9.757812,,,,,,,,,,
acc,1778672682.0,101.0,-1.378906,2.464844,-10.070312,,,,,,,,,,
acc,1778672682.0,101.0,-1.414062,2.503906,-9.53125,,,,,,,,,,
acc,1778672682.0,101.0,-1.378906,2.578125,-9.953125,,,,,,,,,,
acc,1778672682.0,101.0,-1.339844,2.695312,-9.761719,,,,,,,,,,
acc,1778672682.0,101.0,-1.339844,2.730469,-9.726562,,,,,,,,,,
acc,1778672682.0,101.0,-1.222656,2.503906,-9.996094,,,,,,,,,,
acc,1778672682.0,101.0,-1.261719,2.925781,-9.648438,,,,,,,,,,
acc,1778672682.0,101.0,-1.339844,3.230469,-9.839844,,,,,,,,,,
acc,1778672682.0,101.0,-1.261719,3.117188,-9.609375,,,,,,,,,,
acc,1778672682.0,101.0,-1.148438,3.039062,-9.839844,,,,,,,,,,
acc,1778672682.0,101.0,-1.148438,2.886719,-9.953125,,,,,,,,,,
acc,1778672682.0,101.0,-1.300781,2.847656,-10.03125,,,,,,,,,,
acc,1778672682.0,101.0,-1.1875,2.425781,-9.800781,,,,,,,,,,
acc,1778672682.0,101.0,-0.996094,2.695312,-9.996094,,,,,,,,,,
acc,1778672682.0,101.0,-1.070312,2.808594,-9.875,,,,,,,,,,
acc,1778672682.0,101.0,-1.109375,2.886719,-9.691406,,,,,,,,,,
acc,1778672682.0,101.0,-1.109375,2.503906,-9.835938,,,,,,,,,,
acc,1778672682.0,101.0,-0.917969,2.3125,-9.613281,,,,,,,,,,
acc,1778672682.0,101.0,-0.765625,2.464844,-9.835938,,,,,,,,,,
acc,1778672682.0,101.0,-0.839844,2.730469,-9.535156,,,,,,,,,,
acc,1778672682.0,101.0,-0.957031,2.539062,-9.691406,,,,,,,,,,
acc,1778672682.0,101.0,-0.878906,2.617188,-9.835938,,,,,,,,,,
acc,1778672682.0,101.0,-0.765625,2.808594,-9.726562,,,,,,,,,,
acc,1778672682.0,101.0,-0.839844,2.808594,-9.757812,,,,,,,,,,
acc,1778672682.0,101.0,-0.917969,2.960938,-9.757812,,,,,,,,,,
acc,1778672682.0,101.0,-0.996094,2.925781,-9.800781,,,,,,,,,,
acc,1778672682.0,101.0,-0.878906,3.230469,-9.6875,,,,,,,,,,
acc,1778672682.0,101.0,-0.917969,3.460938,-9.835938,,,,,,,,,,
acc,1778672682.0,101.0,-1.03125,3.230469,-9.875,,,,,,,,,,
acc,1778672682.0,101.0,-1.148438,2.847656,-9.953125,,,,,,,,,,
acc,1778672682.0,101.0,-1.109375,2.503906,-10.148438,,,,,,,,,,
acc,1778672682.0,101.0,-1.1875,2.578125,-9.757812,,,,,,,,,,
acc,1778672682.0,101.0,-1.339844,2.695312,-10.113281,,,,,,,,,,
acc,1778672682.0,101.0,-1.414062,2.539062,-9.796875,,,,,,,,,,
acc,1778672682.0,101.0,-1.261719,2.730469,-9.726562,,,,,,,,,,
acc,1778672682.0,101.0,-1.261719,2.847656,-9.839844,,,,,,,,,,
acc,1778672682.0,101.0,-1.261719,3.0,-9.609375,,,,,,,,,,
acc,1778672682.0,101.0,-1.222656,2.886719,-9.496094,,,,,,,,,,
acc,1778672682.0,101.0,-1.414062,2.808594,-9.535156,,,,,,,,,,
acc,1778672682.0,101.0,-1.453125,2.886719,-9.875,,,,,,,,,,
acc,1778672682.0,101.0,-1.339844,2.847656,-9.6875,,,,,,,,,,
acc,1778672682.0,101.0,-1.414062,2.578125,-9.726562,,,,,,,,,,
acc,1778672682.0,101.0,-1.453125,2.617188,-9.839844,,,,,,,,,,
acc,1778672682.0,101.0,-1.339844,2.617188,-9.800781,,,,,,,,,,
acc,1778672682.0,101.0,-1.453125,2.695312,-9.609375,,,,,,,,,,
acc,1778672682.0,101.0,-1.492188,2.886719,-10.21875,,,,,,,,,,
acc,1778672682.0,101.0,-1.492188,2.730469,-9.875,,,,,,,,,,
acc,1778672682.0,101.0,-1.492188,2.769531,-9.878906,,,,,,,,,,
acc,1778672682.0,101.0,-1.414062,2.769531,-10.113281,,,,,,,,,,
acc,1778672682.0,101.0,-1.1875,2.808594,-9.800781,,,,,,,,,,
acc,1778672682.0,101.0,-1.261719,2.886719,-10.035156,,,,,,,,,,
acc,1778672682.0,101.0,-1.300781,3.0,-9.996094,,,,,,,,,,
acc,1778672682.0,101.0,-1.453125,3.039062,-9.796875,,,,,,,,,,
acc,1778672682.0,101.0,-1.378906,2.769531,-9.953125,,,,,,,,,,
acc,1778672682.0,101.0,-1.261719,2.695312,-9.726562,,,,,,,,,,
acc,1778672682.0,101.0,-1.378906,2.730469,-9.957031,,,,,,,,,,
acc,1778672682.0,101.0,-1.453125,2.847656,-9.953125,,,,,,,,,,
acc,1778672682.0,101.0,-1.339844,2.695312,-9.917969,,,,,,,,,,
acc,1778672682.0,101.0,-1.339844,2.539062,-10.300781,,,,,,,,,,
acc,1778672682.0,101.0,-1.339844,2.769531,-10.335938,,,,,,,,,,
acc,1778672682.0,101.0,-1.222656,2.808594,-10.335938,,,,,,,,,,
acc,1778672682.0,101.0,-1.109375,2.730469,-10.148438,,,,,,,,,,
acc,1778672682.0,101.0,-1.148438,2.578125,-10.296875,,,,,,,,,,
acc,1778672682.0,101.0,-1.109375,2.65625,-9.996094,,,,,,,,,,
acc,1778672682.0,101.0,-1.148438,2.847656,-10.300781,,,,,,,,,,
acc,1778672682.0,101.0,-1.261719,2.847656,-10.222656,,,,,,,,,,
acc,1778672682.0,101.0,-1.222656,2.960938,-10.109375,,,,,,,,,,
acc,1778672682.0,101.0,-1.1875,3.152344,-10.414062,,,,,,,,,,
acc,1778672682.0,101.0,-1.300781,3.0,-9.957031,,,,,,,,,,
acc,1778672682.0,101.0,-1.148438,2.925781,-10.222656,,,,,,,,,,
acc,1778672682.0,101.0,-1.070312,2.695312,-9.878906,,,,,,,,,,
acc,1778672682.0,101.0,-1.070312,2.808594,-9.953125,,,,,,,,,,
acc,1778672682.0,101.0,-1.109375,3.269531,-9.796875,,,,,,,,,,
acc,1778672682.0,101.0,-0.996094,3.308594,-9.992188,,,,,,,,,,
acc,1778672682.0,101.0,-0.917969,3.269531,-9.574219,,,,,,,,,,
acc,1778672682.0,101.0,-0.878906,3.308594,-9.835938,,,,,,,,,,
acc,1778672682.0,101.0,-0.804688,3.308594,-9.839844,,,,,,,,,,
acc,1778672682.0,101.0,-0.839844,2.730469,-9.378906,,,,,,,,,,
acc,1778672682.0,101.0,-0.878906,2.65625,-9.730469,,,,,,,,,,
acc,1778672682.0,101.0,-0.648438,2.730469,-9.648438,,,,,,,,,,
acc,1778672682.0,101.0,-0.726562,2.886719,-9.378906,,,,,,,,,,
acc,1778672682.0,101.0,-0.839844,3.117188,-9.757812,,,,,,,,,,
acc,1778672682.0,101.0,-0.957031,2.886719,-9.613281,,,,,,,,,,
acc,1778672682.0,101.0,-0.878906,2.695312,-9.570312,,,,,,,,,,
acc,1778672682.0,101.0,-0.839844,2.847656,-9.6875,,,,,,,,,,
acc,1778672682.0,101.0,-0.804688,2.847656,-9.730469,,,,,,,,,,
acc,1778672682.0,101.0,-0.957031,2.925781,-9.453125,,,,,,,,,,
acc,1778672682.0,101.0,-1.03125,3.078125,-9.726562,,,,,,,,,,
acc,1778672682.0,101.0,-0.917969,3.078125,-9.691406,,,,,,,,,,
acc,1778672682.0,101.0,-0.917969,3.308594,-9.648438,,,,,,,,,,
acc,1778672682.0,101.0,-1.070312,3.078125,-9.953125,,,,,,,,,,
acc,1778672682.0,101.0,-0.996094,2.886719,-9.570312,,,,,,,,,,
acc,1778672682.0,101.0,-0.917969,3.117188,-9.757812,,,,,,,,,,
acc,1778672682.0,101.0,-0.6875,2.847656,-9.535156,,,,,,,,,,
acc,1778672682.0,101.0,-0.574219,2.769531,-9.417969,,,,,,,,,,
acc,1778672682.0,101.0,-0.765625,3.117188,-9.535156,,,,,,,,,,
acc,1778672682.0,101.0,-0.839844,3.078125,-9.691406,,,,,,,,,,
acc,1778672682.0,101.0,-0.765625,3.0,-9.839844,,,,,,,,,,
acc,1778672682.0,101.0,-0.917969,2.617188,-9.730469,,,,,,,,,,
acc,1778672682.0,101.0,-1.222656,2.769531,-10.03125,,,,,,,,,,
acc,1778672682.0,101.0,-1.148438,2.808594,-9.878906,,,,,,,,,,
acc,1778672682.0,101.0,-1.070312,2.15625,-9.914062,,,,,,,,,,
acc,1778672682.0,101.0,-1.109375,2.539062,-9.917969,,,,,,,,,,
acc,1778672682.0,101.0,-1.222656,2.578125,-9.757812,,,,,,,,,,
acc,1778672682.0,101.0,-1.222656,2.808594,-9.914062,,,,,,,,,,
acc,1778672682.0,101.0,-1.109375,2.886719,-9.757812,,,,,,,,,,
acc,1778672682.0,101.0,-1.03125,2.886719,-9.730469,,,,,,,,,,
acc,1778672682.0,101.0,-0.917969,2.808594,-9.691406,,,,,,,,,,
acc,1778672682.0,101.0,-0.996094,2.925781,-9.492188,,,,,,,,,,
acc,1778672682.0,101.0,-0.957031,2.925781,-9.757812,,,,,,,,,,
acc,1778672682.0,101.0,-0.957031,2.960938,-9.835938,,,,,,,,,,
acc,1778672682.0,101.0,-1.03125,3.269531,-9.839844,,,,,,,,,,
acc,1778672682.0,101.0,-1.261719,3.269531,-9.730469,,,,,,,,,,
acc,1778672682.0,101.0,-1.222656,3.0,-9.730469,,,,,,,,,,
acc,1778672682.0,101.0,-1.109375,3.152344,-9.6875,,,,,,,,,,
acc,1778672682.0,101.0,-0.917969,3.230469,-9.457031,,,,,,,,,,
acc,1778672682.0,101.0,-1.109375,2.960938,-9.613281,,,,,,,,,,
acc,1778672682.0,101.0,-1.261719,3.152344,-9.648438,,,,,,,,,,
acc,1778672682.0,101.0,-1.109375,3.117188,-9.726562,,,,,,,,,,
acc,1778672682.0,101.0,-0.917969,3.0,-9.800781,,,,,,,,,,
acc,1778672682.0,101.0,-1.222656,2.886719,-9.761719,,,,,,,,,,
acc,1778672682.0,101.0,-1.1875,2.617188,-9.835938,,,,,,,,,,
acc,1778672682.0,101.0,-1.109375,2.847656,-9.609375,,,,,,,,,,
acc,1778672682.0,101.0,-1.070312,2.886719,-9.652344,,,,,,,,,,
acc,1778672682.0,101.0,-1.070312,3.039062,-9.730469,,,,,,,,,,
acc,1778672682.0,101.0,-0.917969,3.078125,-9.691406,,,,,,,,,,
acc,1778672682.0,101.0,-1.070312,3.191406,-9.613281,,,,,,,,,,
acc,1778672682.0,101.0,-1.1875,3.308594,-9.914062,,,,,,,,,,
acc,1778672683.0,102.0,-0.839844,3.078125,-9.730469,,,,,,,,,,
acc,1778672683.0,102.0,-1.070312,3.117188,-9.691406,,,,,,,,,,
acc,1778672683.0,102.0,-1.109375,3.269531,-9.917969,,,,,,,,,,
acc,1778672683.0,102.0,-1.070312,3.269531,-9.730469,,,,,,,,,,
acc,1778672683.0,102.0,-1.070312,3.382812,-9.835938,,,,,,,,,,
acc,1778672683.0,102.0,-1.109375,3.230469,-10.03125,,,,,,,,,,
acc,1778672683.0,102.0,-1.222656,3.382812,-9.800781,,,,,,,,,,
acc,1778672683.0,102.0,-1.1875,3.269531,-10.109375,,,,,,,,,,
acc,1778672683.0,102.0,-1.070312,3.152344,-9.574219,,,,,,,,,,
acc,1778672683.0,102.0,-0.839844,2.925781,-9.835938,,,,,,,,,,
acc,1778672683.0,102.0,-0.917969,2.960938,-9.730469,,,,,,,,,,
acc,1778672683.0,102.0,-1.148438,2.960938,-9.570312,,,,,,,,,,
acc,1778672683.0,102.0,-1.109375,2.769531,-9.957031,,,,,,,,,,
acc,1778672683.0,102.0,-0.878906,2.925781,-9.914062,,,,,,,,,,
acc,1778672683.0,102.0,-0.917969,2.925781,-9.730469,,,,,,,,,,
acc,1778672683.0,102.0,-0.839844,3.152344,-9.835938,,,,,,,,,,
acc,1778672683.0,102.0,-0.804688,3.191406,-9.730469,,,,,,,,,,
acc,1778672683.0,102.0,-0.765625,3.308594,-9.839844,,,,,,,,,,
acc,1778672683.0,102.0,-0.839844,3.269531,-9.730469,,,,,,,,,,
acc,1778672683.0,102.0,-1.03125,3.191406,-9.757812,,,,,,,,,,
acc,1778672683.0,102.0,-1.109375,3.039062,-9.996094,,,,,,,,,,
acc,1778672683.0,102.0,-0.996094,2.925781,-9.835938,,,,,,,,,,
acc,1778672683.0,102.0,-0.726562,2.886719,-9.796875,,,,,,,,,,
acc,1778672683.0,102.0,-0.765625,2.925781,-9.613281,,,,,,,,,,
acc,1778672683.0,102.0,-0.765625,3.078125,-9.6875,,,,,,,,,,
acc,1778672683.0,102.0,-0.726562,3.382812,-9.609375,,,,,,,,,,
acc,1778672683.0,102.0,-0.765625,3.308594,-9.6875,,,,,,,,,,
acc,1778672683.0,102.0,-0.613281,3.117188,-9.757812,,,,,,,,,,
acc,1778672683.0,102.0,-0.648438,3.078125,-9.796875,,,,,,,,,,
acc,1778672683.0,102.0,-0.765625,2.769531,-9.652344,,,,,,,,,,
acc,1778672683.0,102.0,-0.648438,2.847656,-9.574219,,,,,,,,,,
acc,1778672683.0,102.0,-0.6875,3.191406,-9.652344,,,,,,,,,,
acc,1778672683.0,102.0,-0.574219,2.847656,-9.835938,,,,,,,,,,
acc,1778672683.0,102.0,-0.648438,3.0,-9.761719,,,,,,,,,,
acc,1778672683.0,102.0,-0.765625,2.808594,-9.496094,,,,,,,,,,
acc,1778672683.0,102.0,-0.839844,2.808594,-9.875,,,,,,,,,,
acc,1778672683.0,102.0,-0.648438,2.695312,-9.730469,,,,,,,,,,
acc,1778672683.0,102.0,-0.648438,2.847656,-9.648438,,,,,,,,,,
acc,1778672683.0,102.0,-0.804688,2.886719,-10.074219,,,,,,,,,,
acc,1778672683.0,102.0,-0.878906,2.886719,-9.457031,,,,,,,,,,
acc,1778672683.0,102.0,-0.804688,3.230469,-9.914062,,,,,,,,,,
acc,1778672683.0,102.0,-0.613281,2.730469,-9.917969,,,,,,,,,,
acc,1778672683.0,102.0,-0.613281,3.039062,-9.53125,,,,,,,,,,
acc,1778672683.0,102.0,-0.957031,3.078125,-9.800781,,,,,,,,,,
acc,1778672683.0,102.0,-0.804688,2.386719,-9.875,,,,,,,,,,
acc,1778672683.0,102.0,-0.613281,2.925781,-9.691406,,,,,,,,,,
acc,1778672683.0,102.0,-0.839844,3.5,-9.609375,,,,,,,,,,
acc,1778672683.0,102.0,-0.878906,3.152344,-10.257812,,,,,,,,,,
acc,1778672683.0,102.0,-0.878906,3.191406,-9.34375,,,,,,,,,,
acc,1778672683.0,102.0,-0.996094,3.191406,-9.917969,,,,,,,,,,
acc,1778672683.0,102.0,-0.878906,3.039062,-9.648438,,,,,,,,,,
acc,1778672683.0,102.0,-0.878906,3.5,-9.53125,,,,,,,,,,
acc,1778672683.0,102.0,-0.957031,3.34375,-10.03125,,,,,,,,,,
acc,1778672683.0,102.0,-0.957031,3.34375,-9.757812,,,,,,,,,,
acc,1778672683.0,102.0,-1.148438,2.65625,-9.839844,,,,,,,,,,
acc,1778672683.0,102.0,-1.109375,2.539062,-9.6875,,,,,,,,,,
acc,1778672683.0,102.0,-0.996094,2.386719,-10.035156,,,,,,,,,,
acc,1778672683.0,102.0,-0.957031,2.425781,-9.53125,,,,,,,,,,
acc,1778672683.0,102.0,-0.957031,2.808594,-9.800781,,,,,,,,,,
acc,1778672683.0,102.0,-1.148438,3.117188,-9.917969,,,,,,,,,,
acc,1778672683.0,102.0,-1.148438,3.308594,-9.996094,,,,,,,,,,
acc,1778672683.0,102.0,-1.261719,3.460938,-9.953125,,,,,,,,,,
acc,1778672683.0,102.0,-1.1875,3.269531,-9.914062,,,,,,,,,,
acc,1778672683.0,102.0,-1.03125,3.34375,-9.839844,,,,,,,,,,
acc,1778672683.0,102.0,-0.957031,3.152344,-9.800781,,,,,,,,,,
acc,1778672683.0,102.0,-0.957031,2.503906,-9.878906,,,,,,,,,,
acc,1778672683.0,102.0,-1.070312,2.617188,-9.914062,,,,,,,,,,
acc,1778672683.0,102.0,-1.109375,2.886719,-10.21875,,,,,,,,,,
acc,1778672683.0,102.0,-1.03125,2.925781,-9.6875,,,,,,,,,,
acc,1778672683.0,102.0,-1.070312,3.078125,-10.183594,,,,,,,,,,
acc,1778672683.0,102.0,-0.957031,2.769531,-9.914062,,,,,,,,,,
acc,1778672683.0,102.0,-0.957031,2.617188,-9.914062,,,,,,,,,,
acc,1778672683.0,102.0,-1.03125,2.3125,-10.257812,,,,,,,,,,
acc,1778672683.0,102.0,-0.996094,2.273438,-10.074219,,,,,,,,,,
acc,1778672683.0,102.0,-0.878906,2.539062,-9.953125,,,,,,,,,,
acc,1778672683.0,102.0,-0.878906,3.117188,-10.148438,,,,,,,,,,
acc,1778672683.0,102.0,-0.878906,3.382812,-10.074219,,,,,,,,,,
acc,1778672683.0,102.0,-0.839844,3.117188,-10.03125,,,,,,,,,,
acc,1778672683.0,102.0,-0.996094,3.421875,-10.179688,,,,,,,,,,
acc,1778672683.0,102.0,-0.957031,3.308594,-9.875,,,,,,,,,,
acc,1778672683.0,102.0,-0.917969,2.886719,-10.113281,,,,,,,,,,
acc,1778672683.0,102.0,-0.917969,2.886719,-10.070312,,,,,,,,,,
acc,1778672683.0,102.0,-0.839844,2.730469,-9.878906,,,,,,,,,,
acc,1778672683.0,102.0,-0.917969,3.117188,-10.03125,,,,,,,,,,
acc,1778672683.0,102.0,-0.839844,3.269531,-9.953125,,,,,,,,,,
acc,1778672683.0,102.0,-0.878906,2.925781,-9.730469,,,,,,,,,,
acc,1778672683.0,102.0,-0.878906,3.117188,-9.992188,,,,,,,,,,
acc,1778672683.0,102.0,-0.804688,3.269531,-9.6875,,,,,,,,,,
acc,1778672683.0,102.0,-0.839844,3.382812,-9.992188,,,,,,,,,,
acc,1778672683.0,102.0,-0.917969,3.574219,-9.796875,,,,,,,,,,
acc,1778672683.0,102.0,-0.957031,3.574219,-10.070312,,,,,,,,,,
acc,1778672683.0,102.0,-0.996094,3.152344,-9.875,,,,,,,,,,
acc,1778672683.0,102.0,-0.804688,3.0,-9.761719,,,,,,,,,,
acc,1778672683.0,102.0,-0.765625,2.695312,-9.757812,,,,,,,,,,
acc,1778672683.0,102.0,-0.6875,2.925781,-9.691406,,,,,,,,,,
acc,1778672683.0,102.0,-0.839844,3.078125,-9.835938,,,,,,,,,,
acc,1778672683.0,102.0,-0.917969,3.039062,-9.757812,,,,,,,,,,
acc,1778672683.0,102.0,-0.996094,3.765625,-9.917969,,,,,,,,,,
acc,1778672683.0,102.0,-0.878906,3.421875,-9.6875,,,,,,,,,,
acc,1778672683.0,102.0,-0.839844,3.34375,-9.730469,,,,,,,,,,
acc,1778672683.0,102.0,-0.996094,3.230469,-9.726562,,,,,,,,,,
acc,1778672683.0,102.0,-0.957031,3.117188,-9.730469,,,,,,,,,,
acc,1778672683.0,102.0,-0.804688,3.308594,-9.839844,,,,,,,,,,
acc,1778672683.0,102.0,-0.765625,3.421875,-9.835938,,,,,,,,,,
acc,1778672683.0,102.0,-0.839844,3.652344,-9.800781,,,,,,,,,,
acc,1778672683.0,102.0,-0.917969,3.765625,-9.878906,,,,,,,,,,
acc,1778672683.0,102.0,-0.917969,3.535156,-9.730469,,,,,,,,,,
acc,1778672683.0,102.0,-0.804688,3.308594,-9.535156,,,,,,,,,,
acc,1778672683.0,102.0,-0.996094,3.230469,-9.761719,,,,,,,,,,
acc,1778672683.0,102.0,-1.03125,3.5,-9.652344,,,,,,,,,,
acc,1778672683.0,102.0,-0.839844,3.5,-10.183594,,,,,,,,,,
acc,1778672683.0,102.0,-0.839844,3.574219,-9.6875,,,,,,,,,,
acc,1778672683.0,102.0,-0.957031,3.460938,-9.757812,,,,,,,,,,
acc,1778672683.0,102.0,-0.878906,3.191406,-9.957031,,,,,,,,,,
acc,1778672683.0,102.0,-0.839844,2.960938,-9.453125,,,,,,,,,,
acc,1778672683.0,102.0,-0.878906,2.847656,-10.035156,,,,,,,,,,
acc,1778672683.0,102.0,-0.996094,3.34375,-9.757812,,,,,,,,,,
acc,1778672683.0,102.0,-0.996094,3.269531,-9.835938,,,,,,,,,,
acc,1778672683.0,102.0,-0.996094,3.152344,-9.992188,,,,,,,,,,
acc,1778672683.0,102.0,-0.957031,3.039062,-9.53125,,,,,,,,,,
acc,1778672683.0,102.0,-0.917969,3.078125,-10.03125,,,,,,,,,,
acc,1778672683.0,102.0,-0.804688,3.078125,-9.535156,,,,,,,,,,
acc,1778672683.0,102.0,-0.804688,3.34375,-10.035156,,,,,,,,,,
acc,1778672683.0,102.0,-0.804688,3.84375,-9.652344,,,,,,,,,,
acc,1778672684.0,103.0,-0.878906,3.804688,-9.917969,,,,,,,,,,
acc,1778672684.0,103.0,-0.6875,3.726562,-9.875,,,,,,,,,,
acc,1778672684.0,103.0,-0.6875,3.726562,-9.375,,,,,,,,,,
acc,1778672684.0,103.0,-0.574219,3.152344,-9.996094,,,,,,,,,,
acc,1778672684.0,103.0,-0.613281,2.808594,-9.691406,,,,,,,,,,
acc,1778672684.0,103.0,-0.613281,2.847656,-9.726562,,,,,,,,,,
acc,1778672684.0,103.0,-0.613281,2.730469,-10.113281,,,,,,,,,,
acc,1778672684.0,103.0,-0.6875,3.117188,-9.757812,,,,,,,,,,
acc,1778672684.0,103.0,-0.765625,3.230469,-9.914062,,,,,,,,,,
acc,1778672684.0,103.0,-0.535156,3.535156,-9.835938,,,,,,,,,,
acc,1778672684.0,103.0,-0.496094,3.726562,-9.835938,,,,,,,,,,
acc,1778672684.0,103.0,-0.574219,3.574219,-9.609375,,,,,,,,,,
acc,1778672684.0,103.0,-0.613281,3.460938,-9.835938,,,,,,,,,,
acc,1778672684.0,103.0,-0.6875,3.308594,-9.574219,,,,,,,,,,
acc,1778672684.0,103.0,-0.648438,3.421875,-10.074219,,,,,,,,,,
acc,1778672684.0,103.0,-0.613281,3.34375,-9.953125,,,,,,,,,,
acc,1778672684.0,103.0,-0.765625,3.460938,-9.535156,,,,,,,,,,
acc,1778672684.0,103.0,-0.839844,3.191406,-10.070312,,,,,,,,,,
acc,1778672684.0,103.0,-0.765625,2.925781,-9.6875,,,,,,,,,,
acc,1778672684.0,103.0,-0.726562,3.421875,-9.726562,,,,,,,,,,
acc,1778672684.0,103.0,-0.765625,3.308594,-9.957031,,,,,,,,,,
acc,1778672684.0,103.0,-0.765625,3.191406,-9.730469,,,,,,,,,,
acc,1778672684.0,103.0,-0.839844,3.269531,-9.757812,,,,,,,,,,
acc,1778672684.0,103.0,-0.878906,3.308594,-9.800781,,,,,,,,,,
acc,1778672684.0,103.0,-0.765625,3.382812,-9.996094,,,,,,,,,,
acc,1778672684.0,103.0,-0.804688,3.230469,-9.730469,,,,,,,,,,
acc,1778672684.0,103.0,-0.878906,3.460938,-9.835938,,,,,,,,,,
acc,1778672684.0,103.0,-0.878906,3.5,-9.800781,,,,,,,,,,
acc,1778672684.0,103.0,-0.804688,3.308594,-9.726562,,,,,,,,,,
acc,1778672684.0,103.0,-0.648438,3.34375,-9.726562,,,,,,,,,,
acc,1778672684.0,103.0,-0.648438,3.230469,-9.574219,,,,,,,,,,
acc,1778672684.0,103.0,-0.765625,3.152344,-9.457031,,,,,,,,,,
acc,1778672684.0,103.0,-0.726562,2.925781,-9.730469,,,,,,,,,,
acc,1778672684.0,103.0,-0.496094,3.078125,-9.757812,,,,,,,,,,
acc,1778672684.0,103.0,-0.496094,3.613281,-9.757812,,,,,,,,,,
acc,1778672684.0,103.0,-0.878906,4.074219,-10.179688,,,,,,,,,,
acc,1778672684.0,103.0,-0.996094,3.574219,-9.957031,,,,,,,,,,
acc,1778672684.0,103.0,-0.878906,3.804688,-10.152344,,,,,,,,,,
acc,1778672684.0,103.0,-0.726562,3.921875,-9.726562,,,,,,,,,,
acc,1778672684.0,103.0,-0.6875,3.191406,-9.796875,,,,,,,,,,
acc,1778672684.0,103.0,-0.726562,3.269531,-9.730469,,,,,,,,,,
acc,1778672684.0,103.0,-0.878906,3.191406,-9.535156,,,,,,,,,,
acc,1778672684.0,103.0,-0.917969,3.460938,-10.300781,,,,,,,,,,
acc,1778672684.0,103.0,-0.839844,3.5,-9.800781,,,,,,,,,,
acc,1778672684.0,103.0,-0.917969,3.726562,-9.835938,,,,,,,,,,
acc,1778672684.0,103.0,-0.996094,3.765625,-9.996094,,,,,,,,,,
acc,1778672684.0,103.0,-0.765625,3.460938,-9.917969,,,,,,,,,,
acc,1778672684.0,103.0,-0.574219,3.535156,-9.761719,,,,,,,,,,
acc,1778672684.0,103.0,-0.878906,3.652344,-9.992188,,,,,,,,,,
acc,1778672684.0,103.0,-1.070312,3.652344,-9.992188,,,,,,,,,,
acc,1778672684.0,103.0,-0.839844,3.382812,-9.875,,,,,,,,,,
acc,1778672684.0,103.0,-0.6875,3.460938,-9.691406,,,,,,,,,,
acc,1778672684.0,103.0,-0.648438,3.308594,-9.878906,,,,,,,,,,
acc,1778672684.0,103.0,-0.648438,2.886719,-9.835938,,,,,,,,,,
acc,1778672684.0,103.0,-0.839844,3.230469,-9.613281,,,,,,,,,,
acc,1778672684.0,103.0,-0.726562,3.191406,-9.796875,,,,,,,,,,
acc,1778672684.0,103.0,-0.726562,3.535156,-9.53125,,,,,,,,,,
acc,1778672684.0,103.0,-0.726562,3.308594,-9.691406,,,,,,,,,,
acc,1778672684.0,103.0,-0.613281,3.421875,-9.496094,,,,,,,,,,
acc,1778672684.0,103.0,-0.613281,3.382812,-9.757812,,,,,,,,,,
acc,1778672684.0,103.0,-0.648438,3.691406,-9.800781,,,,,,,,,,
acc,1778672684.0,103.0,-0.648438,3.726562,-9.6875,,,,,,,,,,
acc,1778672684.0,103.0,-0.648438,3.726562,-9.839844,,,,,,,,,,
acc,1778672684.0,103.0,-0.613281,3.574219,-9.457031,,,,,,,,,,
acc,1778672684.0,103.0,-0.457031,3.691406,-10.222656,,,,,,,,,,
acc,1778672684.0,103.0,-0.613281,3.460938,-9.574219,,,,,,,,,,
acc,1778672684.0,103.0,-0.765625,3.191406,-9.953125,,,,,,,,,,
acc,1778672684.0,103.0,-0.765625,3.269531,-9.613281,,,,,,,,,,
acc,1778672684.0,103.0,-0.648438,3.613281,-10.113281,,,,,,,,,,
acc,1778672684.0,103.0,-0.648438,3.613281,-9.6875,,,,,,,,,,
acc,1778672684.0,103.0,-0.839844,3.957031,-10.03125,,,,,,,,,,
acc,1778672684.0,103.0,-0.765625,3.382812,-9.878906,,,,,,,,,,
acc,1778672684.0,103.0,-0.726562,3.535156,-9.453125,,,,,,,,,,
acc,1778672684.0,103.0,-0.726562,3.652344,-9.953125,,,,,,,,,,
acc,1778672684.0,103.0,-0.613281,3.34375,-9.53125,,,,,,,,,,
acc,1778672684.0,103.0,-0.839844,3.421875,-9.496094,,,,,,,,,,
acc,1778672684.0,103.0,-0.957031,3.460938,-10.074219,,,,,,,,,,
acc,1778672684.0,103.0,-0.6875,3.613281,-9.648438,,,,,,,,,,
acc,1778672684.0,103.0,-0.613281,3.5,-9.691406,,,,,,,,,,
acc,1778672684.0,103.0,-0.613281,3.535156,-9.992188,,,,,,,,,,
acc,1778672684.0,103.0,-0.765625,3.421875,-9.492188,,,,,,,,,,
acc,1778672684.0,103.0,-0.839844,3.230469,-9.957031,,,,,,,,,,
acc,1778672684.0,103.0,-0.765625,3.078125,-9.796875,,,,,,,,,,
acc,1778672684.0,103.0,-0.765625,3.308594,-9.761719,,,,,,,,,,
acc,1778672684.0,103.0,-0.804688,3.421875,-9.691406,,,,,,,,,,
acc,1778672684.0,103.0,-0.613281,3.152344,-9.492188,,,,,,,,,,
acc,1778672684.0,103.0,-0.613281,3.230469,-9.796875,,,,,,,,,,
acc,1778672684.0,103.0,-0.496094,3.34375,-9.800781,,,,,,,,,,
acc,1778672684.0,103.0,-0.613281,3.039062,-9.574219,,,,,,,,,,
acc,1778672684.0,103.0,-0.765625,3.191406,-9.835938,,,,,,,,,,
acc,1778672684.0,103.0,-0.6875,3.460938,-9.691406,,,,,,,,,,
acc,1778672684.0,103.0,-0.496094,3.535156,-9.800781,,,,,,,,,,
acc,1778672684.0,103.0,-0.574219,3.765625,-9.730469,,,,,,,,,,
acc,1778672684.0,103.0,-0.804688,3.765625,-9.914062,,,,,,,,,,
acc,1778672684.0,103.0,-0.917969,3.691406,-9.796875,,,,,,,,,,
acc,1778672684.0,103.0,-0.878906,3.691406,-9.652344,,,,,,,,,,
acc,1778672684.0,103.0,-0.648438,3.84375,-10.152344,,,,,,,,,,
acc,1778672684.0,103.0,-0.765625,4.035156,-9.308594,,,,,,,,,,
acc,1778672684.0,103.0,-0.765625,3.804688,-9.800781,,,,,,,,,,
acc,1778672684.0,103.0,-0.648438,3.574219,-9.757812,,,,,,,,,,
acc,1778672684.0,103.0,-0.648438,3.382812,-10.113281,,,,,,,,,,
acc,1778672684.0,103.0,-0.648438,3.308594,-9.796875,,,,,,,,,,
acc,1778672684.0,103.0,-0.726562,3.191406,-10.070312,,,,,,,,,,
acc,1778672684.0,103.0,-0.613281,3.230469,-9.878906,,,,,,,,,,
acc,1778672684.0,103.0,-0.574219,3.191406,-9.914062,,,,,,,,,,
acc,1778672684.0,103.0,-0.574219,3.308594,-10.035156,,,,,,,,,,
acc,1778672684.0,103.0,-0.648438,3.460938,-9.613281,,,,,,,,,,
acc,1778672684.0,103.0,-0.648438,3.230469,-9.953125,,,,,,,,,,
acc,1778672684.0,103.0,-0.6875,3.421875,-9.535156,,,,,,,,,,
acc,1778672684.0,103.0,-0.457031,3.535156,-9.953125,,,,,,,,,,
acc,1778672684.0,103.0,-0.457031,3.574219,-9.878906,,,,,,,,,,
acc,1778672684.0,103.0,-0.648438,3.535156,-9.726562,,,,,,,,,,
acc,1778672684.0,103.0,-0.6875,3.765625,-10.070312,,,,,,,,,,
acc,1778672684.0,103.0,-0.765625,4.074219,-9.835938,,,,,,,,,,
acc,1778672684.0,103.0,-0.765625,3.996094,-9.652344,,,,,,,,,,
acc,1778672684.0,103.0,-0.613281,3.5,-9.953125,,,,,,,,,,
acc,1778672684.0,103.0,-0.457031,3.0,-9.757812,,,,,,,,,,
acc,1778672684.0,103.0,-0.496094,3.0,-9.648438,,,,,,,,,,
acc,1778672684.0,103.0,-0.574219,3.039062,-10.113281,,,,,,,,,,
acc,1778672684.0,103.0,-0.6875,3.535156,-9.757812,,,,,,,,,,
acc,1778672684.0,103.0,-0.839844,3.691406,-10.179688,,,,,,,,,,
acc,1778672684.0,103.0,-0.804688,3.382812,-10.070312,,,,,,,,,,
acc,1778672684.0,103.0,-0.726562,3.5,-9.730469,,,,,,,,,,
acc,1778672684.0,103.0,-0.804688,3.84375,-10.035156,,,,,,,,,,
acc,1778672684.0,103.0,-0.839844,3.460938,-9.574219,,,,,,,,,,
acc,1778672685.0,104.0,-0.917969,3.460938,-9.875,,,,,,,,,,
acc,1778672685.0,104.0,-1.03125,3.84375,-9.917969,,,,,,,,,,
acc,1778672685.0,104.0,-0.878906,3.460938,-9.691406,,,,,,,,,,
acc,1778672685.0,104.0,-0.804688,3.574219,-9.53125,,,,,,,,,,
acc,1778672685.0,104.0,-0.878906,3.996094,-9.875,,,,,,,,,,
acc,1778672685.0,104.0,-0.765625,3.765625,-9.648438,,,,,,,,,,
acc,1778672685.0,104.0,-0.765625,4.035156,-9.6875,,,,,,,,,,
acc,1778672685.0,104.0,-0.839844,3.957031,-9.835938,,,,,,,,,,
acc,1778672685.0,104.0,-0.917969,3.765625,-9.6875,,,,,,,,,,
acc,1778672685.0,104.0,-0.996094,4.113281,-9.914062,,,,,,,,,,
acc,1778672685.0,104.0,-0.996094,3.691406,-9.957031,,,,,,,,,,
acc,1778672685.0,104.0,-0.804688,3.652344,-9.839844,,,,,,,,,,
acc,1778672685.0,104.0,-0.839844,3.613281,-10.148438,,,,,,,,,,
acc,1778672685.0,104.0,-0.765625,3.0,-9.570312,,,,,,,,,,
acc,1778672685.0,104.0,-0.765625,3.308594,-9.917969,,,,,,,,,,
acc,1778672685.0,104.0,-0.726562,3.117188,-9.800781,,,,,,,,,,
acc,1778672685.0,104.0,-0.917969,3.652344,-10.183594,,,,,,,,,,
acc,1778672685.0,104.0,-0.839844,3.957031,-9.953125,,,,,,,,,,
acc,1778672685.0,104.0,-0.765625,4.339844,-9.878906,,,,,,,,,,
acc,1778672685.0,104.0,-0.613281,4.1875,-9.914062,,,,,,,,,,
acc,1778672685.0,104.0,-0.6875,3.921875,-9.796875,,,,,,,,,,
acc,1778672685.0,104.0,-0.765625,3.921875,-10.03125,,,,,,,,,,
acc,1778672685.0,104.0,-0.613281,3.804688,-9.761719,,,,,,,,,,
acc,1778672685.0,104.0,-0.496094,3.574219,-9.839844,,,,,,,,,,
acc,1778672685.0,104.0,-0.535156,3.957031,-9.953125,,,,,,,,,,
acc,1778672685.0,104.0,-0.496094,3.882812,-9.609375,,,,,,,,,,
acc,1778672685.0,104.0,-0.417969,3.804688,-9.917969,,,,,,,,,,
acc,1778672685.0,104.0,-0.613281,3.84375,-10.03125,,,,,,,,,,
acc,1778672685.0,104.0,-0.839844,3.613281,-10.03125,,,,,,,,,,
acc,1778672685.0,104.0,-0.996094,3.804688,-10.113281,,,,,,,,,,
acc,1778672685.0,104.0,-0.839844,3.84375,-9.757812,,,,,,,,,,
acc,1778672685.0,104.0,-0.457031,3.613281,-9.914062,,,,,,,,,,
acc,1778672685.0,104.0,-0.34375,3.34375,-9.574219,,,,,,,,,,
acc,1778672685.0,104.0,-0.382812,3.421875,-9.652344,,,,,,,,,,
acc,1778672685.0,104.0,-0.613281,3.152344,-9.53125,,,,,,,,,,
acc,1778672685.0,104.0,-0.574219,3.269531,-9.570312,,,,,,,,,,
acc,1778672685.0,104.0,-0.574219,4.074219,-10.21875,,,,,,,,,,
acc,1778672685.0,104.0,-0.457031,3.804688,-9.457031,,,,,,,,,,
acc,1778672685.0,104.0,-0.613281,3.921875,-9.796875,,,,,,,,,,
acc,1778672685.0,104.0,-0.648438,3.882812,-9.796875,,,,,,,,,,
acc,1778672685.0,104.0,-0.496094,3.84375,-9.648438,,,,,,,,,,
acc,1778672685.0,104.0,-0.496094,3.765625,-9.796875,,,,,,,,,,
acc,1778672685.0,104.0,-0.535156,3.535156,-9.574219,,,,,,,,,,
acc,1778672685.0,104.0,-0.574219,3.921875,-9.691406,,,,,,,,,,
acc,1778672685.0,104.0,-0.613281,3.804688,-9.535156,,,,,,,,,,
acc,1778672685.0,104.0,-0.496094,3.652344,-9.730469,,,,,,,,,,
acc,1778672685.0,104.0,-0.417969,3.382812,-9.730469,,,,,,,,,,
acc,1778672685.0,104.0,-0.496094,2.925781,-9.609375,,,,,,,,,,
acc,1778672685.0,104.0,-0.574219,2.960938,-9.839844,,,,,,,,,,
acc,1778672685.0,104.0,-0.457031,3.078125,-9.835938,,,,,,,,,,
acc,1778672685.0,104.0,-0.535156,3.460938,-9.453125,,,,,,,,,,
acc,1778672685.0,104.0,-0.574219,3.84375,-10.261719,,,,,,,,,,
acc,1778672685.0,104.0,-0.535156,3.765625,-9.652344,,,,,,,,,,
acc,1778672685.0,104.0,-0.726562,4.113281,-9.609375,,,,,,,,,,
acc,1778672685.0,104.0,-0.6875,3.921875,-10.035156,,,,,,,,,,
acc,1778672685.0,104.0,-0.457031,3.5,-9.609375,,,,,,,,,,
acc,1778672685.0,104.0,-0.417969,3.117188,-9.648438,,,,,,,,,,
acc,1778672685.0,104.0,-0.382812,2.847656,-10.261719,,,,,,,,,,
acc,1778672685.0,104.0,-0.535156,3.269531,-9.574219,,,,,,,,,,
acc,1778672685.0,104.0,-0.613281,3.039062,-10.257812,,,,,,,,,,
acc,1778672685.0,104.0,-0.417969,3.230469,-9.957031,,,,,,,,,,
acc,1778672685.0,104.0,-0.574219,3.726562,-9.917969,,,,,,,,,,
acc,1778672685.0,104.0,-0.6875,3.421875,-9.796875,,,,,,,,,,
acc,1778672685.0,104.0,-0.417969,3.421875,-9.613281,,,,,,,,,,
acc,1778672685.0,104.0,-0.152344,3.460938,-9.757812,,,,,,,,,,
acc,1778672685.0,104.0,-0.265625,3.574219,-9.347656,,,,,,,,,,
acc,1778672685.0,104.0,-0.304688,3.460938,-10.035156,,,,,,,,,,
acc,1778672685.0,104.0,-0.265625,3.921875,-10.109375,,,,,,,,,,
acc,1778672685.0,104.0,-0.191406,3.652344,-9.652344,,,,,,,,,,
acc,1778672685.0,104.0,-0.265625,3.421875,-10.257812,,,,,,,,,,
acc,1778672685.0,104.0,-0.265625,3.613281,-9.761719,,,,,,,,,,
acc,1778672685.0,104.0,-0.226562,3.84375,-9.800781,,,,,,,,,,
acc,1778672685.0,104.0,-0.113281,3.726562,-9.835938,,,,,,,,,,
acc,1778672685.0,104.0,-0.035156,3.691406,-9.570312,,,,,,,,,,
acc,1778672685.0,104.0,-0.191406,4.113281,-9.839844,,,,,,,,,,
acc,1778672685.0,104.0,-0.191406,3.765625,-9.875,,,,,,,,,,
acc,1778672685.0,104.0,-0.074219,3.921875,-9.757812,,,,,,,,,,
acc,1778672685.0,104.0,-0.226562,3.882812,-9.691406,,,,,,,,,,
acc,1778672685.0,104.0,-0.304688,3.726562,-10.070312,,,,,,,,,,
acc,1778672685.0,104.0,-0.265625,3.765625,-9.53125,,,,,,,,,,
acc,1778672685.0,104.0,-0.191406,3.613281,-10.035156,,,,,,,,,,
acc,1778672685.0,104.0,-0.191406,3.5,-9.878906,,,,,,,,,,
acc,1778672685.0,104.0,-0.191406,3.230469,-9.835938,,,,,,,,,,
acc,1778672685.0,104.0,-0.226562,3.804688,-9.957031,,,,,,,,,,
acc,1778672685.0,104.0,-0.226562,3.804688,-9.726562,,,,,,,,,,
acc,1778672685.0,104.0,-0.035156,3.613281,-9.835938,,,,,,,,,,
acc,1778672685.0,104.0,0.0,3.957031,-9.757812,,,,,,,,,,
acc,1778672685.0,104.0,0.0,3.765625,-9.761719,,,,,,,,,,
acc,1778672685.0,104.0,-0.074219,3.574219,-9.609375,,,,,,,,,,
acc,1778672685.0,104.0,-0.113281,3.308594,-9.800781,,,,,,,,,,
acc,1778672685.0,104.0,-0.152344,3.269531,-9.875,,,,,,,,,,
acc,1778672685.0,104.0,-0.226562,3.269531,-9.800781,,,,,,,,,,
acc,1778672685.0,104.0,-0.226562,2.925781,-10.109375,,,,,,,,,,
acc,1778672685.0,104.0,-0.074219,3.5,-9.957031,,,,,,,,,,
acc,1778672685.0,104.0,-0.152344,3.574219,-9.996094,,,,,,,,,,
acc,1778672685.0,104.0,-0.152344,3.152344,-9.992188,,,,,,,,,,
acc,1778672685.0,104.0,-0.035156,3.765625,-9.761719,,,,,,,,,,
acc,1778672685.0,104.0,0.0,4.148438,-9.996094,,,,,,,,,,
acc,1778672685.0,104.0,0.039062,3.652344,-9.492188,,,,,,,,,,
acc,1778672685.0,104.0,-0.152344,4.113281,-9.757812,,,,,,,,,,
acc,1778672685.0,104.0,-0.191406,4.113281,-9.761719,,,,,,,,,,
acc,1778672685.0,104.0,-0.265625,3.535156,-9.878906,,,,,,,,,,
acc,1778672685.0,104.0,-0.113281,3.191406,-9.878906,,,,,,,,,,
acc,1778672685.0,104.0,-0.074219,3.421875,-9.835938,,,,,,,,,,
acc,1778672685.0,104.0,-0.113281,3.574219,-9.957031,,,,,,,,,,
acc,1778672685.0,104.0,-0.226562,3.957031,-9.875,,,,,,,,,,
acc,1778672685.0,104.0,-0.226562,4.265625,-10.113281,,,,,,,,,,
acc,1778672685.0,104.0,-0.035156,4.417969,-9.648438,,,,,,,,,,
acc,1778672685.0,104.0,0.078125,4.496094,-9.875,,,,,,,,,,
acc,1778672685.0,104.0,-0.035156,4.1875,-9.800781,,,,,,,,,,
acc,1778672685.0,104.0,-0.152344,4.378906,-10.074219,,,,,,,,,,
acc,1778672685.0,104.0,-0.191406,3.804688,-9.492188,,,,,,,,,,
acc,1778672685.0,104.0,-0.074219,3.882812,-9.878906,,,,,,,,,,
acc,1778672685.0,104.0,0.039062,3.765625,-9.417969,,,,,,,,,,
acc,1778672685.0,104.0,0.039062,3.308594,-9.453125,,,,,,,,,,
acc,1778672685.0,104.0,-0.113281,3.421875,-9.996094,,,,,,,,,,
acc,1778672685.0,104.0,0.0,3.84375,-9.53125,,,,,,,,,,
acc,1778672685.0,104.0,-0.113281,3.921875,-10.179688,,,,,,,,,,
acc,1778672685.0,104.0,-0.074219,3.957031,-9.761719,,,,,,,,,,
acc,1778672685.0,104.0,0.039062,4.074219,-9.839844,,,,,,,,,,
acc,1778672685.0,104.0,-0.035156,3.726562,-9.800781,,,,,,,,,,
acc,1778672685.0,104.0,0.0,3.613281,-9.453125,,,,,,,,,,
acc,1778672685.0,104.0,0.117188,3.535156,-9.992188,,,,,,,,,,
acc,1778672685.0,104.0,0.117188,3.382812,-9.453125,,,,,,,,,,
acc,1778672685.0,104.0,0.0,3.652344,-9.800781,,,,,,,,,,
acc,1778672685.0,104.0,0.039062,3.652344,-9.757812,,,,,,,,,,
acc,1778672685.0,104.0,0.269531,3.34375,-9.375,,,,,,,,,,
acc,1778672685.0,104.0,0.191406,3.34375,-10.152344,,,,,,,,,,
acc,1778672686.0,105.0,0.039062,3.382812,-9.609375,,,,,,,,,,
acc,1778672686.0,105.0,-0.074219,3.460938,-9.996094,,,,,,,,,,
acc,1778672686.0,105.0,-0.152344,3.996094,-9.914062,,,,,,,,,,
acc,1778672686.0,105.0,0.0,3.613281,-9.835938,,,,,,,,,,
acc,1778672686.0,105.0,0.117188,3.574219,-9.535156,,,,,,,,,,
acc,1778672686.0,105.0,0.117188,3.535156,-9.757812,,,,,,,,,,
acc,1778672686.0,105.0,0.078125,3.308594,-9.757812,,,,,,,,,,
acc,1778672686.0,105.0,0.117188,3.574219,-9.6875,,,,,,,,,,
acc,1778672686.0,105.0,0.078125,3.652344,-9.691406,,,,,,,,,,
acc,1778672686.0,105.0,0.039062,3.84375,-9.574219,,,,,,,,,,
acc,1778672686.0,105.0,0.191406,3.765625,-9.574219,,,,,,,,,,
acc,1778672686.0,105.0,0.15625,3.921875,-9.613281,,,,,,,,,,
acc,1778672686.0,105.0,-0.035156,3.726562,-9.53125,,,,,,,,,,
acc,1778672686.0,105.0,0.078125,3.652344,-10.074219,,,,,,,,,,
acc,1778672686.0,105.0,0.191406,4.226562,-9.761719,,,,,,,,,,
acc,1778672686.0,105.0,0.078125,3.921875,-9.957031,,,,,,,,,,
acc,1778672686.0,105.0,0.191406,3.957031,-9.957031,,,,,,,,,,
acc,1778672686.0,105.0,0.230469,4.113281,-9.457031,,,,,,,,,,
acc,1778672686.0,105.0,0.421875,3.574219,-9.835938,,,,,,,,,,
acc,1778672686.0,105.0,0.539062,3.152344,-9.375,,,,,,,,,,
acc,1778672686.0,105.0,0.421875,3.191406,-9.691406,,,,,,,,,,
acc,1778672686.0,105.0,0.0,3.382812,-9.757812,,,,,,,,,,
acc,1778672686.0,105.0,0.078125,3.5,-9.992188,,,,,,,,,,
acc,1778672686.0,105.0,0.382812,3.652344,-9.800781,,,,,,,,,,
acc,1778672686.0,105.0,0.308594,3.726562,-9.875,,,,,,,,,,
acc,1778672686.0,105.0,0.191406,3.996094,-9.6875,,,,,,,,,,
acc,1778672686.0,105.0,0.308594,3.84375,-9.609375,,,,,,,,,,
acc,1778672686.0,105.0,0.460938,3.34375,-9.492188,,,,,,,,,,
acc,1778672686.0,105.0,0.5,3.535156,-9.609375,,,,,,,,,,
acc,1778672686.0,105.0,0.347656,3.804688,-9.730469,,,,,,,,,,
acc,1778672686.0,105.0,0.269531,3.5,-9.800781,,,,,,,,,,
acc,1778672686.0,105.0,0.308594,3.230469,-9.796875,,,,,,,,,,
acc,1778672686.0,105.0,0.421875,3.382812,-9.996094,,,,,,,,,,
acc,1778672686.0,105.0,0.382812,3.230469,-9.957031,,,,,,,,,,
acc,1778672686.0,105.0,0.421875,3.308594,-9.761719,,,,,,,,,,
acc,1778672686.0,105.0,0.382812,3.957031,-9.347656,,,,,,,,,,
acc,1778672686.0,105.0,0.421875,4.1875,-9.761719,,,,,,,,,,
acc,1778672686.0,105.0,0.5,4.148438,-9.726562,,,,,,,,,,
acc,1778672686.0,105.0,0.382812,3.765625,-9.308594,,,,,,,,,,
acc,1778672686.0,105.0,0.382812,3.421875,-9.957031,,,,,,,,,,
acc,1778672686.0,105.0,0.421875,2.886719,-9.757812,,,,,,,,,,
acc,1778672686.0,105.0,0.382812,2.925781,-9.609375,,,,,,,,,,
acc,1778672686.0,105.0,0.5,3.308594,-10.183594,,,,,,,,,,
acc,1778672686.0,105.0,0.460938,3.726562,-9.648438,,,,,,,,,,
acc,1778672686.0,105.0,0.308594,3.921875,-9.6875,,,,,,,,,,
acc,1778672686.0,105.0,0.421875,3.996094,-9.726562,,,,,,,,,,
acc,1778672686.0,105.0,0.613281,3.535156,-9.730469,,,,,,,,,,
acc,1778672686.0,105.0,0.539062,3.0,-9.691406,,,,,,,,,,
acc,1778672686.0,105.0,0.460938,3.382812,-10.109375,,,,,,,,,,
acc,1778672686.0,105.0,0.613281,3.5,-9.800781,,,,,,,,,,
acc,1778672686.0,105.0,0.691406,3.804688,-9.953125,,,,,,,,,,
acc,1778672686.0,105.0,0.652344,4.113281,-9.730469,,,,,,,,,,
acc,1778672686.0,105.0,0.613281,4.226562,-9.648438,,,,,,,,,,
acc,1778672686.0,105.0,0.5,3.882812,-9.53125,,,,,,,,,,
acc,1778672686.0,105.0,0.574219,3.574219,-9.492188,,,,,,,,,,
acc,1778672686.0,105.0,0.730469,3.460938,-9.726562,,,,,,,,,,
acc,1778672686.0,105.0,0.84375,3.34375,-9.757812,,,,,,,,,,
acc,1778672686.0,105.0,0.804688,3.230469,-9.953125,,,,,,,,,,
acc,1778672686.0,105.0,0.730469,3.421875,-9.800781,,,,,,,,,,
acc,1778672686.0,105.0,0.769531,3.535156,-9.992188,,,,,,,,,,
acc,1778672686.0,105.0,0.960938,3.574219,-9.839844,,,,,,,,,,
acc,1778672686.0,105.0,0.921875,3.691406,-9.609375,,,,,,,,,,
acc,1778672686.0,105.0,0.804688,4.113281,-9.839844,,,,,,,,,,
acc,1778672686.0,105.0,0.769531,3.84375,-9.730469,,,,,,,,,,
acc,1778672686.0,105.0,0.84375,3.574219,-9.652344,,,,,,,,,,
acc,1778672686.0,105.0,0.921875,3.535156,-9.761719,,,,,,,,,,
acc,1778672686.0,105.0,0.996094,3.382812,-9.914062,,,,,,,,,,
acc,1778672686.0,105.0,0.882812,3.574219,-9.878906,,,,,,,,,,
acc,1778672686.0,105.0,0.539062,3.921875,-9.839844,,,,,,,,,,
acc,1778672686.0,105.0,0.613281,4.226562,-9.875,,,,,,,,,,
acc,1778672686.0,105.0,0.652344,4.457031,-9.648438,,,,,,,,,,
acc,1778672686.0,105.0,0.613281,4.378906,-9.800781,,,,,,,,,,
acc,1778672686.0,105.0,0.84375,4.1875,-9.53125,,,,,,,,,,
acc,1778672686.0,105.0,0.960938,3.84375,-9.648438,,,,,,,,,,
acc,1778672686.0,105.0,0.921875,3.460938,-9.570312,,,,,,,,,,
acc,1778672686.0,105.0,0.960938,3.34375,-9.875,,,,,,,,,,
acc,1778672686.0,105.0,0.882812,3.5,-9.875,,,,,,,,,,
acc,1778672686.0,105.0,0.882812,3.421875,-9.878906,,,,,,,,,,
acc,1778672686.0,105.0,0.996094,3.652344,-9.691406,,,,,,,,,,
acc,1778672686.0,105.0,0.996094,3.382812,-9.492188,,,,,,,,,,
acc,1778672686.0,105.0,0.960938,3.269531,-9.800781,,,,,,,,,,
acc,1778672686.0,105.0,0.84375,2.960938,-9.609375,,,,,,,,,,
acc,1778672686.0,105.0,0.960938,3.078125,-10.03125,,,,,,,,,,
acc,1778672686.0,105.0,0.960938,3.269531,-9.835938,,,,,,,,,,
acc,1778672686.0,105.0,0.769531,3.34375,-9.992188,,,,,,,,,,
acc,1778672686.0,105.0,0.652344,3.613281,-10.074219,,,,,,,,,,
acc,1778672686.0,105.0,0.804688,3.421875,-9.691406,,,,,,,,,,
acc,1778672686.0,105.0,0.804688,3.34375,-9.496094,,,,,,,,,,
acc,1778672686.0,105.0,0.882812,3.039062,-9.53125,,,,,,,,,,
acc,1778672686.0,105.0,0.960938,3.34375,-9.347656,,,,,,,,,,
acc,1778672686.0,105.0,0.691406,3.191406,-9.492188,,,,,,,,,,
acc,1778672686.0,105.0,0.691406,2.960938,-10.070312,,,,,,,,,,
acc,1778672686.0,105.0,0.691406,2.886719,-9.730469,,,,,,,,,,
acc,1778672686.0,105.0,0.769531,2.960938,-10.148438,,,,,,,,,,
acc,1778672686.0,105.0,0.84375,3.230469,-10.035156,,,,,,,,,,
acc,1778672686.0,105.0,0.882812,3.0,-9.875,,,,,,,,,,
acc,1778672686.0,105.0,0.960938,3.039062,-10.109375,,,,,,,,,,
acc,1778672686.0,105.0,0.84375,3.652344,-9.53125,,,,,,,,,,
acc,1778672686.0,105.0,0.613281,3.691406,-9.570312,,,,,,,,,,
acc,1778672686.0,105.0,0.691406,3.726562,-9.796875,,,,,,,,,,
acc,1778672686.0,105.0,0.769531,3.726562,-9.835938,,,,,,,,,,
acc,1778672686.0,105.0,0.804688,3.152344,-9.996094,,,,,,,,,,
acc,1778672686.0,105.0,0.730469,3.0,-9.917969,,,,,,,,,,
acc,1778672686.0,105.0,0.730469,3.308594,-9.917969,,,,,,,,,,
acc,1778672686.0,105.0,0.769531,3.613281,-9.230469,,,,,,,,,,
acc,1778672686.0,105.0,0.882812,4.457031,-9.574219,,,,,,,,,,
acc,1778672686.0,105.0,0.996094,4.761719,-9.375,,,,,,,,,,
acc,1778672686.0,105.0,0.730469,4.1875,-9.417969,,,,,,,,,,
acc,1778672686.0,105.0,0.382812,3.691406,-9.652344,,,,,,,,,,
acc,1778672686.0,105.0,0.421875,3.574219,-9.730469,,,,,,,,,,
acc,1778672686.0,105.0,0.539062,3.308594,-9.757812,,,,,,,,,,
acc,1778672686.0,105.0,0.730469,3.269531,-9.613281,,,,,,,,,,
acc,1778672686.0,105.0,0.769531,3.421875,-9.796875,,,,,,,,,,
acc,1778672686.0,105.0,0.652344,3.34375,-9.53125,,,,,,,,,,
acc,1778672686.0,105.0,0.613281,3.269531,-9.914062,,,,,,,,,,
acc,1778672686.0,105.0,0.539062,2.847656,-9.796875,,,,,,,,,,
acc,1778672686.0,105.0,0.269531,2.730469,-9.652344,,,,,,,,,,
acc,1778672686.0,105.0,0.15625,3.152344,-9.992188,,,,,,,,,,
acc,1778672686.0,105.0,0.078125,3.269531,-9.648438,,,,,,,,,,
acc,1778672686.0,105.0,0.117188,3.34375,-9.691406,,,,,,,,,,
acc,1778672686.0,105.0,0.230469,3.308594,-9.839844,,,,,,,,,,
acc,1778672686.0,105.0,0.269531,3.230469,-9.839844,,,,,,,,,,
acc,1778672686.0,105.0,0.15625,3.460938,-9.648438,,,,,,,,,,
acc,1778672686.0,105.0,0.230469,3.382812,-9.496094,,,,,,,,,,
acc,1778672686.0,105.0,0.308594,3.117188,-9.648438,,,,,,,,,,
acc,1778672686.0,105.0,0.382812,3.269531,-9.453125,,,,,,,,,,
acc,1778672687.0,106.0,0.230469,3.078125,-9.535156,,,,,,,,,,
acc,1778672687.0,106.0,0.230469,2.847656,-9.691406,,,,,,,,,,
acc,1778672687.0,106.0,0.15625,3.308594,-9.53125,,,,,,,,,,
acc,1778672687.0,106.0,0.039062,3.535156,-9.953125,,,,,,,,,,
acc,1778672687.0,106.0,0.078125,3.535156,-9.992188,,,,,,,,,,
acc,1778672687.0,106.0,0.039062,3.0,-9.648438,,,,,,,,,,
acc,1778672687.0,106.0,-0.113281,2.886719,-10.296875,,,,,,,,,,
acc,1778672687.0,106.0,-0.113281,2.695312,-9.726562,,,,,,,,,,
acc,1778672687.0,106.0,0.078125,3.882812,-9.609375,,,,,,,,,,
acc,1778672687.0,106.0,0.308594,4.609375,-9.535156,,,,,,,,,,
acc,1778672687.0,106.0,0.382812,4.035156,-9.074219,,,,,,,,,,
acc,1778672687.0,106.0,0.15625,3.382812,-9.800781,,,,,,,,,,
acc,1778672687.0,106.0,-0.152344,2.808594,-9.730469,,,,,,,,,,
acc,1778672687.0,106.0,-0.304688,2.960938,-9.839844,,,,,,,,,,
acc,1778672687.0,106.0,-0.191406,3.382812,-10.179688,,,,,,,,,,
acc,1778672687.0,106.0,-0.035156,3.574219,-9.457031,,,,,,,,,,
acc,1778672687.0,106.0,-0.191406,3.765625,-9.574219,,,,,,,,,,
acc,1778672687.0,106.0,-0.113281,3.652344,-9.414062,,,,,,,,,,
acc,1778672687.0,106.0,0.078125,3.152344,-9.265625,,,,,,,,,,
acc,1778672687.0,106.0,0.0,2.730469,-9.796875,,,,,,,,,,
acc,1778672687.0,106.0,-0.074219,3.230469,-9.800781,,,,,,,,,,
acc,1778672687.0,106.0,-0.191406,3.5,-9.761719,,,,,,,,,,
acc,1778672687.0,106.0,-0.074219,3.421875,-9.800781,,,,,,,,,,
acc,1778672687.0,106.0,0.039062,3.5,-9.992188,,,,,,,,,,
acc,1778672687.0,106.0,-0.074219,3.039062,-9.917969,,,,,,,,,,
acc,1778672687.0,106.0,-0.304688,2.578125,-9.996094,,,,,,,,,,
acc,1778672687.0,106.0,-0.304688,2.65625,-9.761719,,,,,,,,,,
acc,1778672687.0,106.0,-0.113281,3.078125,-9.492188,,,,,,,,,,
acc,1778672687.0,106.0,0.15625,3.882812,-9.414062,,,,,,,,,,
acc,1778672687.0,106.0,0.308594,4.417969,-9.148438,,,,,,,,,,
acc,1778672687.0,106.0,0.078125,3.691406,-9.34375,,,,,,,,,,
acc,1778672687.0,106.0,-0.113281,3.230469,-9.652344,,,,,,,,,,
acc,1778672687.0,106.0,-0.152344,3.230469,-9.957031,,,,,,,,,,
acc,1778672687.0,106.0,-0.113281,3.078125,-9.648438,,,,,,,,,,
acc,1778672687.0,106.0,-0.074219,3.308594,-9.996094,,,,,,,,,,
acc,1778672687.0,106.0,-0.152344,3.421875,-9.839844,,,,,,,,,,
acc,1778672687.0,106.0,-0.152344,3.269531,-9.609375,,,,,,,,,,
acc,1778672687.0,106.0,-0.035156,3.269531,-9.730469,,,,,,,,,,
acc,1778672687.0,106.0,0.117188,3.230469,-9.996094,,,,,,,,,,
acc,1778672687.0,106.0,-0.074219,3.191406,-9.691406,,,,,,,,,,
acc,1778672687.0,106.0,-0.113281,3.230469,-9.839844,,,,,,,,,,
acc,1778672687.0,106.0,-0.035156,3.117188,-9.914062,,,,,,,,,,
acc,1778672687.0,106.0,0.078125,3.269531,-9.648438,,,,,,,,,,
acc,1778672687.0,106.0,0.191406,3.191406,-10.109375,,,,,,,,,,
acc,1778672687.0,106.0,-0.191406,3.308594,-9.457031,,,,,,,,,,
acc,1778672687.0,106.0,-0.265625,3.230469,-10.109375,,,,,,,,,,
acc,1778672687.0,106.0,-0.035156,3.117188,-9.800781,,,,,,,,,,
acc,1778672687.0,106.0,0.117188,3.078125,-9.53125,,,,,,,,,,
acc,1778672687.0,106.0,-0.191406,2.808594,-9.878906,,,,,,,,,,
acc,1778672687.0,106.0,-0.304688,2.617188,-9.652344,,,,,,,,,,
acc,1778672687.0,106.0,-0.191406,2.539062,-9.957031,,,,,,,,,,
acc,1778672687.0,106.0,-0.152344,2.503906,-9.652344,,,,,,,,,,
acc,1778672687.0,106.0,-0.152344,2.925781,-9.574219,,,,,,,,,,
acc,1778672687.0,106.0,-0.152344,3.726562,-9.730469,,,,,,,,,,
acc,1778672687.0,106.0,-0.152344,3.957031,-9.148438,,,,,,,,,,
acc,1778672687.0,106.0,-0.074219,3.421875,-9.800781,,,,,,,,,,
acc,1778672687.0,106.0,0.0,2.886719,-9.457031,,,,,,,,,,
acc,1778672687.0,106.0,-0.226562,3.117188,-9.648438,,,,,,,,,,
acc,1778672687.0,106.0,-0.304688,3.308594,-10.035156,,,,,,,,,,
acc,1778672687.0,106.0,-0.074219,3.691406,-9.414062,,,,,,,,,,
acc,1778672687.0,106.0,-0.113281,3.84375,-10.074219,,,,,,,,,,
acc,1778672687.0,106.0,-0.191406,3.691406,-10.03125,,,,,,,,,,
acc,1778672687.0,106.0,-0.226562,3.269531,-9.492188,,,,,,,,,,
acc,1778672687.0,106.0,-0.34375,2.769531,-9.875,,,,,,,,,,
acc,1778672687.0,106.0,-0.34375,2.769531,-9.800781,,,,,,,,,,
acc,1778672687.0,106.0,-0.152344,3.117188,-9.574219,,,,,,,,,,
acc,1778672687.0,106.0,-0.152344,3.152344,-9.835938,,,,,,,,,,
acc,1778672687.0,106.0,-0.382812,3.34375,-9.574219,,,,,,,,,,
acc,1778672687.0,106.0,-0.417969,3.269531,-9.953125,,,,,,,,,,
acc,1778672687.0,106.0,-0.496094,2.960938,-9.835938,,,,,,,,,,
acc,1778672687.0,106.0,-0.457031,3.039062,-9.730469,,,,,,,,,,
acc,1778672687.0,106.0,-0.34375,3.308594,-9.992188,,,,,,,,,,
acc,1778672687.0,106.0,-0.304688,3.691406,-9.414062,,,,,,,,,,
acc,1778672687.0,106.0,-0.265625,3.84375,-9.570312,,,,,,,,,,
acc,1778672687.0,106.0,-0.191406,3.535156,-9.796875,,,,,,,,,,
acc,1778672687.0,106.0,-0.226562,3.191406,-9.652344,,,,,,,,,,
acc,1778672687.0,106.0,-0.457031,2.847656,-9.996094,,,,,,,,,,
acc,1778672687.0,106.0,-0.457031,2.960938,-9.992188,,,,,,,,,,
acc,1778672687.0,106.0,-0.417969,3.117188,-10.148438,,,,,,,,,,
acc,1778672687.0,106.0,-0.496094,3.078125,-10.148438,,,,,,,,,,
acc,1778672687.0,106.0,-0.34375,3.078125,-9.875,,,,,,,,,,
acc,1778672687.0,106.0,-0.457031,3.191406,-9.878906,,,,,,,,,,
acc,1778672687.0,106.0,-0.382812,3.230469,-9.878906,,,,,,,,,,
acc,1778672687.0,106.0,-0.34375,3.117188,-9.691406,,,,,,,,,,
acc,1778672687.0,106.0,-0.535156,3.078125,-10.03125,,,,,,,,,,
acc,1778672687.0,106.0,-0.417969,2.960938,-9.875,,,,,,,,,,
acc,1778672687.0,106.0,-0.191406,3.039062,-9.796875,,,,,,,,,,
acc,1778672687.0,106.0,-0.191406,3.382812,-9.839844,,,,,,,,,,
acc,1778672687.0,106.0,-0.265625,3.421875,-9.730469,,,,,,,,,,
acc,1778672687.0,106.0,-0.34375,3.269531,-9.914062,,,,,,,,,,
acc,1778672687.0,106.0,-0.457031,3.382812,-9.691406,,,,,,,,,,
acc,1778672687.0,106.0,-0.535156,3.269531,-10.03125,,,,,,,,,,
acc,1778672687.0,106.0,-0.457031,3.269531,-9.953125,,,,,,,,,,
acc,1778672687.0,106.0,-0.535156,3.5,-9.800781,,,,,,,,,,
acc,1778672687.0,106.0,-0.613281,3.5,-9.992188,,,,,,,,,,
acc,1778672687.0,106.0,-0.535156,3.421875,-9.761719,,,,,,,,,,
acc,1778672687.0,106.0,-0.535156,3.269531,-10.03125,,,,,,,,,,
acc,1778672687.0,106.0,-0.613281,3.078125,-9.730469,,,,,,,,,,
acc,1778672687.0,106.0,-0.613281,3.117188,-10.335938,,,,,,,,,,
acc,1778672687.0,106.0,-0.382812,2.847656,-9.535156,,,,,,,,,,
acc,1778672687.0,106.0,-0.304688,3.078125,-9.957031,,,,,,,,,,
acc,1778672687.0,106.0,-0.417969,3.230469,-9.796875,,,,,,,,,,
acc,1778672687.0,106.0,-0.457031,3.191406,-9.796875,,,,,,,,,,
acc,1778672687.0,106.0,-0.382812,3.535156,-10.03125,,,,,,,,,,
acc,1778672687.0,106.0,-0.226562,3.5,-9.875,,,,,,,,,,
acc,1778672687.0,106.0,-0.113281,3.039062,-9.875,,,,,,,,,,
acc,1778672687.0,106.0,-0.074219,3.230469,-9.953125,,,,,,,,,,
acc,1778672687.0,106.0,-0.226562,3.269531,-9.757812,,,,,,,,,,
acc,1778672687.0,106.0,-0.226562,3.0,-9.953125,,,,,,,,,,
acc,1778672687.0,106.0,-0.191406,3.269531,-10.035156,,,,,,,,,,
acc,1778672687.0,106.0,-0.382812,3.5,-9.875,,,,,,,,,,
acc,1778672687.0,106.0,-0.457031,3.152344,-10.148438,,,,,,,,,,
acc,1778672687.0,106.0,-0.226562,2.925781,-9.800781,,,,,,,,,,
acc,1778672687.0,106.0,-0.34375,3.152344,-10.03125,,,,,,,,,,
acc,1778672687.0,106.0,-0.382812,3.230469,-10.070312,,,,,,,,,,
acc,1778672687.0,106.0,-0.226562,3.34375,-10.074219,,,,,,,,,,
acc,1778672687.0,106.0,-0.265625,3.34375,-9.839844,,,,,,,,,,
acc,1778672687.0,106.0,-0.34375,3.191406,-10.035156,,,,,,,,,,
acc,1778672687.0,106.0,-0.152344,3.535156,-9.953125,,,,,,,,,,
acc,1778672687.0,106.0,-0.191406,3.308594,-9.878906,,,,,,,,,,
acc,1778672687.0,106.0,-0.304688,3.117188,-9.957031,,,,,,,,,,
acc,1778672687.0,106.0,-0.226562,3.535156,-10.03125,,,,,,,,,,
acc,1778672687.0,106.0,-0.34375,3.613281,-9.914062,,,,,,,,,,
acc,1778672687.0,106.0,-0.34375,3.613281,-10.03125,,,,,,,,,,
acc,1778672687.0,106.0,-0.457031,3.613281,-9.835938,,,,,,,,,,
acc,1778672687.0,106.0,-0.457031,3.460938,-10.03125,,,,,,,,,,
acc,1778672687.0,106.0,-0.648438,3.191406,-9.730469,,,,,,,,,,
acc,1778672688.0,107.0,-0.417969,3.269531,-10.183594,,,,,,,,,,
acc,1778672688.0,107.0,-0.535156,3.5,-9.492188,,,,,,,,,,
acc,1778672688.0,107.0,-0.535156,3.421875,-9.917969,,,,,,,,,,
acc,1778672688.0,107.0,-0.496094,3.382812,-9.574219,,,,,,,,,,
acc,1778672688.0,107.0,-0.457031,3.5,-9.691406,,,,,,,,,,
acc,1778672688.0,107.0,-0.613281,3.652344,-9.757812,,,,,,,,,,
acc,1778672688.0,107.0,-0.574219,3.34375,-9.6875,,,,,,,,,,
acc,1778672688.0,107.0,-0.574219,3.652344,-9.761719,,,,,,,,,,
acc,1778672688.0,107.0,-0.535156,3.691406,-9.652344,,,,,,,,,,
acc,1778672688.0,107.0,-0.535156,3.574219,-9.652344,,,,,,,,,,
acc,1778672688.0,107.0,-0.535156,3.5,-9.691406,,,,,,,,,,
acc,1778672688.0,107.0,-0.496094,3.308594,-9.914062,,,,,,,,,,
acc,1778672688.0,107.0,-0.535156,3.230469,-9.613281,,,,,,,,,,
acc,1778672688.0,107.0,-0.535156,3.0,-10.03125,,,,,,,,,,
acc,1778672688.0,107.0,-0.574219,3.0,-9.878906,,,,,,,,,,
acc,1778672688.0,107.0,-0.613281,3.34375,-9.757812,,,,,,,,,,
acc,1778672688.0,107.0,-0.648438,3.5,-10.261719,,,,,,,,,,
acc,1778672688.0,107.0,-0.804688,3.308594,-9.761719,,,,,,,,,,
acc,1778672688.0,107.0,-0.765625,3.308594,-10.035156,,,,,,,,,,
acc,1778672688.0,107.0,-0.648438,3.382812,-9.957031,,,,,,,,,,
acc,1778672688.0,107.0,-0.535156,3.191406,-9.761719,,,,,,,,,,
acc,1778672688.0,107.0,-0.613281,3.34375,-9.875,,,,,,,,,,
acc,1778672688.0,107.0,-0.535156,3.535156,-9.648438,,,,,,,,,,
acc,1778672688.0,107.0,-0.535156,3.691406,-9.917969,,,,,,,,,,
acc,1778672688.0,107.0,-0.535156,3.804688,-9.761719,,,,,,,,,,
acc,1778672688.0,107.0,-0.574219,3.691406,-9.835938,,,,,,,,,,
acc,1778672688.0,107.0,-0.648438,3.765625,-10.03125,,,,,,,,,,
acc,1778672688.0,107.0,-0.726562,3.804688,-10.070312,,,,,,,,,,
acc,1778672688.0,107.0,-0.765625,3.765625,-9.914062,,,,,,,,,,
acc,1778672688.0,107.0,-0.765625,3.574219,-10.03125,,,,,,,,,,
acc,1778672688.0,107.0,-0.765625,3.957031,-9.6875,,,,,,,,,,
acc,1778672688.0,107.0,-0.648438,3.882812,-9.878906,,,,,,,,,,
acc,1778672688.0,107.0,-0.417969,3.652344,-9.835938,,,,,,,,,,
acc,1778672688.0,107.0,-0.417969,3.691406,-9.535156,,,,,,,,,,
acc,1778672688.0,107.0,-0.457031,3.726562,-9.800781,,,,,,,,,,
acc,1778672688.0,107.0,-0.382812,3.613281,-9.835938,,,,,,,,,,
acc,1778672688.0,107.0,-0.265625,3.230469,-9.304688,,,,,,,,,,
acc,1778672688.0,107.0,-0.304688,3.191406,-9.914062,,,,,,,,,,
acc,1778672688.0,107.0,-0.265625,3.230469,-9.375,,,,,,,,,,
acc,1778672688.0,107.0,-0.265625,3.230469,-9.691406,,,,,,,,,,
acc,1778672688.0,107.0,-0.226562,3.039062,-9.53125,,,,,,,,,,
acc,1778672688.0,107.0,-0.113281,3.5,-9.730469,,,,,,,,,,
acc,1778672688.0,107.0,-0.191406,3.574219,-9.691406,,,,,,,,,,
acc,1778672688.0,107.0,-0.191406,3.382812,-9.378906,,,,,,,,,,
acc,1778672688.0,107.0,-0.113281,3.535156,-9.800781,,,,,,,,,,
acc,1778672688.0,107.0,-0.113281,3.726562,-9.53125,,,,,,,,,,
acc,1778672688.0,107.0,-0.152344,3.574219,-9.726562,,,,,,,,,,
acc,1778672688.0,107.0,-0.191406,3.421875,-9.53125,,,,,,,,,,
acc,1778672688.0,107.0,-0.035156,3.34375,-9.453125,,,,,,,,,,
acc,1778672688.0,107.0,-0.152344,3.5,-9.800781,,,,,,,,,,
acc,1778672688.0,107.0,-0.191406,3.34375,-9.417969,,,,,,,,,,
acc,1778672688.0,107.0,-0.191406,3.269531,-9.957031,,,,,,,,,,
acc,1778672688.0,107.0,-0.226562,3.308594,-9.574219,,,,,,,,,,
acc,1778672688.0,107.0,-0.265625,3.5,-9.761719,,,,,,,,,,
acc,1778672688.0,107.0,-0.304688,3.765625,-9.691406,,,,,,,,,,
acc,1778672688.0,107.0,-0.382812,3.804688,-9.570312,,,,,,,,,,
acc,1778672688.0,107.0,-0.382812,3.652344,-9.609375,,,,,,,,,,
acc,1778672688.0,107.0,-0.34375,3.691406,-9.652344,,,,,,,,,,
acc,1778672688.0,107.0,-0.417969,3.804688,-9.613281,,,,,,,,,,
acc,1778672688.0,107.0,-0.34375,3.84375,-9.757812,,,,,,,,,,
acc,1778672688.0,107.0,-0.265625,3.691406,-9.800781,,,,,,,,,,
acc,1778672688.0,107.0,-0.34375,3.652344,-9.414062,,,,,,,,,,
acc,1778672688.0,107.0,-0.226562,3.535156,-9.800781,,,,,,,,,,
acc,1778672688.0,107.0,-0.226562,3.421875,-9.457031,,,,,,,,,,
acc,1778672688.0,107.0,-0.226562,3.308594,-9.453125,,,,,,,,,,
acc,1778672688.0,107.0,-0.152344,3.308594,-9.492188,,,,,,,,,,
acc,1778672688.0,107.0,-0.074219,3.382812,-9.226562,,,,,,,,,,
acc,1778672688.0,107.0,-0.152344,3.765625,-9.652344,,,,,,,,,,
acc,1778672688.0,107.0,-0.265625,3.613281,-9.496094,,,,,,,,,,
acc,1778672688.0,107.0,-0.457031,3.308594,-9.648438,,,,,,,,,,
acc,1778672688.0,107.0,-0.457031,3.308594,-9.730469,,,,,,,,,,
acc,1778672688.0,107.0,-0.417969,3.191406,-9.570312,,,,,,,,,,
acc,1778672688.0,107.0,-0.265625,3.421875,-9.914062,,,,,,,,,,
acc,1778672688.0,107.0,-0.304688,3.34375,-9.535156,,,,,,,,,,
acc,1778672688.0,107.0,-0.265625,3.421875,-9.609375,,,,,,,,,,
acc,1778672688.0,107.0,-0.265625,3.726562,-9.761719,,,,,,,,,,
acc,1778672688.0,107.0,-0.226562,3.804688,-9.613281,,,,,,,,,,
acc,1778672688.0,107.0,-0.265625,3.613281,-9.652344,,,,,,,,,,
acc,1778672688.0,107.0,-0.226562,3.421875,-10.070312,,,,,,,,,,
acc,1778672688.0,107.0,-0.34375,3.269531,-9.574219,,,,,,,,,,
acc,1778672688.0,107.0,-0.304688,3.308594,-10.035156,,,,,,,,,,
acc,1778672688.0,107.0,-0.34375,3.613281,-9.691406,,,,,,,,,,
acc,1778672688.0,107.0,-0.304688,3.535156,-9.917969,,,,,,,,,,
acc,1778672688.0,107.0,-0.304688,3.613281,-9.796875,,,,,,,,,,
acc,1778672688.0,107.0,-0.457031,3.84375,-9.730469,,,,,,,,,,
acc,1778672688.0,107.0,-0.382812,3.535156,-10.03125,,,,,,,,,,
acc,1778672688.0,107.0,-0.226562,3.691406,-9.796875,,,,,,,,,,
acc,1778672688.0,107.0,-0.265625,3.652344,-9.957031,,,,,,,,,,
acc,1778672688.0,107.0,-0.34375,3.535156,-9.992188,,,,,,,,,,
acc,1778672688.0,107.0,-0.304688,3.574219,-9.800781,,,,,,,,,,
acc,1778672688.0,107.0,-0.304688,3.691406,-9.800781,,,,,,,,,,
acc,1778672688.0,107.0,-0.34375,3.535156,-9.992188,,,,,,,,,,
acc,1778672688.0,107.0,-0.265625,3.804688,-9.53125,,,,,,,,,,
acc,1778672688.0,107.0,-0.265625,3.921875,-9.757812,,,,,,,,,,
acc,1778672688.0,107.0,-0.113281,3.765625,-9.796875,,,,,,,,,,
acc,1778672688.0,107.0,-0.113281,3.804688,-9.652344,,,,,,,,,,
acc,1778672688.0,107.0,-0.265625,3.957031,-9.917969,,,,,,,,,,
acc,1778672688.0,107.0,-0.382812,3.726562,-9.691406,,,,,,,,,,
acc,1778672688.0,107.0,-0.226562,3.382812,-9.800781,,,,,,,,,,
acc,1778672688.0,107.0,-0.113281,3.308594,-9.730469,,,,,,,,,,
acc,1778672688.0,107.0,-0.152344,3.308594,-10.03125,,,,,,,,,,
acc,1778672688.0,107.0,-0.152344,3.191406,-9.839844,,,,,,,,,,
acc,1778672688.0,107.0,-0.226562,3.34375,-9.875,,,,,,,,,,
acc,1778672688.0,107.0,-0.304688,3.535156,-10.152344,,,,,,,,,,
acc,1778672688.0,107.0,-0.226562,3.5,-9.757812,,,,,,,,,,
acc,1778672688.0,107.0,-0.191406,3.5,-9.878906,,,,,,,,,,
acc,1778672688.0,107.0,-0.113281,3.421875,-9.796875,,,,,,,,,,
acc,1778672688.0,107.0,-0.152344,3.5,-9.574219,,,,,,,,,,
acc,1778672688.0,107.0,-0.074219,3.921875,-9.757812,,,,,,,,,,
acc,1778672688.0,107.0,-0.191406,3.84375,-9.796875,,,,,,,,,,
acc,1778672688.0,107.0,-0.265625,3.996094,-9.957031,,,,,,,,,,
acc,1778672688.0,107.0,-0.34375,3.765625,-9.839844,,,,,,,,,,
acc,1778672688.0,107.0,-0.265625,3.535156,-9.957031,,,,,,,,,,
acc,1778672688.0,107.0,-0.304688,3.5,-9.957031,,,,,,,,,,
acc,1778672688.0,107.0,-0.382812,3.382812,-9.875,,,,,,,,,,
acc,1778672688.0,107.0,-0.457031,3.574219,-9.957031,,,,,,,,,,
acc,1778672688.0,107.0,-0.265625,3.5,-10.035156,,,,,,,,,,
acc,1778672688.0,107.0,-0.265625,3.613281,-9.996094,,,,,,,,,,
acc,1778672688.0,107.0,-0.265625,3.765625,-9.800781,,,,,,,,,,
acc,1778672688.0,107.0,-0.34375,3.613281,-9.953125,,,,,,,,,,
acc,1778672688.0,107.0,-0.265625,3.691406,-9.953125,,,,,,,,,,
acc,1778672688.0,107.0,-0.191406,3.34375,-9.878906,,,,,,,,,,
acc,1778672688.0,107.0,-0.265625,3.535156,-10.035156,,,,,,,,,,
acc,1778672688.0,107.0,-0.265625,3.613281,-9.917969,,,,,,,,,,
acc,1778672689.0,108.0,-0.304688,3.34375,-9.613281,,,,,,,,,,
acc,1778672689.0,108.0,-0.417969,3.191406,-10.179688,,,,,,,,,,
acc,1778672689.0,108.0,-0.304688,3.535156,-9.761719,,,,,,,,,,
acc,1778672689.0,108.0,-0.226562,3.421875,-9.6875,,,,,,,,,,
acc,1778672689.0,108.0,-0.226562,3.613281,-10.03125,,,,,,,,,,
acc,1778672689.0,108.0,-0.382812,3.804688,-9.839844,,,,,,,,,,
acc,1778672689.0,108.0,-0.457031,3.84375,-10.074219,,,,,,,,,,
acc,1778672689.0,108.0,-0.457031,3.691406,-9.652344,,,,,,,,,,
acc,1778672689.0,108.0,-0.226562,3.5,-10.03125,,,,,,,,,,
acc,1778672689.0,108.0,-0.34375,3.613281,-9.691406,,,,,,,,,,
acc,1778672689.0,108.0,-0.496094,3.691406,-9.652344,,,,,,,,,,
acc,1778672689.0,108.0,-0.417969,3.652344,-9.914062,,,,,,,,,,
acc,1778672689.0,108.0,-0.417969,3.804688,-9.6875,,,,,,,,,,
acc,1778672689.0,108.0,-0.613281,3.726562,-9.953125,,,,,,,,,,
acc,1778672689.0,108.0,-0.613281,3.652344,-9.953125,,,,,,,,,,
acc,1778672689.0,108.0,-0.648438,3.535156,-9.796875,,,,,,,,,,
acc,1778672689.0,108.0,-0.648438,3.34375,-9.957031,,,,,,,,,,
acc,1778672689.0,108.0,-0.648438,3.84375,-9.761719,,,,,,,,,,
acc,1778672689.0,108.0,-0.6875,4.035156,-10.03125,,,,,,,,,,
acc,1778672689.0,108.0,-0.6875,3.726562,-9.914062,,,,,,,,,,
acc,1778672689.0,108.0,-0.726562,3.765625,-9.796875,,,,,,,,,,
acc,1778672689.0,108.0,-0.726562,3.84375,-9.914062,,,,,,,,,,
acc,1778672689.0,108.0,-0.613281,3.5,-9.730469,,,,,,,,,,
acc,1778672689.0,108.0,-0.496094,3.5,-9.914062,,,,,,,,,,
acc,1778672689.0,108.0,-0.496094,3.84375,-9.757812,,,,,,,,,,
acc,1778672689.0,108.0,-0.417969,3.804688,-9.761719,,,,,,,,,,
acc,1778672689.0,108.0,-0.535156,3.921875,-9.878906,,,,,,,,,,
acc,1778672689.0,108.0,-0.648438,3.957031,-9.796875,,,,,,,,,,
acc,1778672689.0,108.0,-0.535156,3.84375,-10.183594,,,,,,,,,,
acc,1778672689.0,108.0,-0.574219,3.574219,-9.609375,,,,,,,,,,
acc,1778672689.0,108.0,-0.574219,3.726562,-10.035156,,,,,,,,,,
acc,1778672689.0,108.0,-0.382812,4.074219,-9.839844,,,,,,,,,,
acc,1778672689.0,108.0,-0.304688,3.921875,-9.835938,,,,,,,,,,
acc,1778672689.0,108.0,-0.304688,3.765625,-10.109375,,,,,,,,,,
acc,1778672689.0,108.0,-0.34375,3.804688,-9.761719,,,,,,,,,,
acc,1778672689.0,108.0,-0.34375,3.726562,-10.109375,,,,,,,,,,
acc,1778672689.0,108.0,-0.191406,3.460938,-9.996094,,,,,,,,,,
acc,1778672689.0,108.0,-0.191406,3.421875,-9.648438,,,,,,,,,,
acc,1778672689.0,108.0,-0.226562,3.613281,-10.21875,,,,,,,,,,
acc,1778672689.0,108.0,-0.304688,3.652344,-9.613281,,,,,,,,,,
acc,1778672689.0,108.0,-0.457031,4.035156,-9.800781,,,,,,,,,,
acc,1778672689.0,108.0,-0.382812,3.957031,-10.183594,,,,,,,,,,
acc,1778672689.0,108.0,-0.226562,4.074219,-9.652344,,,,,,,,,,
acc,1778672689.0,108.0,-0.34375,3.921875,-9.796875,,,,,,,,,,
acc,1778672689.0,108.0,-0.417969,3.84375,-9.953125,,,,,,,,,,
acc,1778672689.0,108.0,-0.191406,3.308594,-9.839844,,,,,,,,,,
acc,1778672689.0,108.0,-0.226562,3.230469,-9.6875,,,,,,,,,,
acc,1778672689.0,108.0,-0.382812,3.574219,-9.839844,,,,,,,,,,
acc,1778672689.0,108.0,-0.382812,3.230469,-9.761719,,,,,,,,,,
acc,1778672689.0,108.0,-0.304688,3.34375,-9.496094,,,,,,,,,,
acc,1778672689.0,108.0,-0.382812,3.460938,-9.875,,,,,,,,,,
acc,1778672689.0,108.0,-0.34375,3.34375,-9.648438,,,,,,,,,,
acc,1778672689.0,108.0,-0.382812,3.382812,-9.304688,,,,,,,,,,
acc,1778672689.0,108.0,-0.265625,3.726562,-9.761719,,,,,,,,,,
acc,1778672689.0,108.0,-0.074219,3.804688,-9.574219,,,,,,,,,,
acc,1778672689.0,108.0,-0.265625,3.804688,-9.414062,,,,,,,,,,
acc,1778672689.0,108.0,-0.34375,3.460938,-9.730469,,,,,,,,,,
acc,1778672689.0,108.0,-0.265625,3.382812,-9.457031,,,,,,,,,,
acc,1778672689.0,108.0,-0.265625,3.191406,-9.414062,,,,,,,,,,
acc,1778672689.0,108.0,-0.34375,3.117188,-9.347656,,,,,,,,,,
acc,1778672689.0,108.0,-0.226562,3.5,-9.648438,,,,,,,,,,
acc,1778672689.0,108.0,-0.265625,3.921875,-9.574219,,,,,,,,,,
acc,1778672689.0,108.0,-0.382812,3.574219,-9.457031,,,,,,,,,,
acc,1778672689.0,108.0,-0.34375,3.652344,-9.730469,,,,,,,,,,
acc,1778672689.0,108.0,-0.152344,3.652344,-9.648438,,,,,,,,,,
acc,1778672689.0,108.0,-0.226562,3.535156,-9.375,,,,,,,,,,
acc,1778672689.0,108.0,-0.191406,3.535156,-9.796875,,,,,,,,,,
acc,1778672689.0,108.0,-0.113281,3.613281,-9.574219,,,,,,,,,,
acc,1778672689.0,108.0,-0.304688,3.882812,-9.570312,,,,,,,,,,
acc,1778672689.0,108.0,-0.382812,4.035156,-9.875,,,,,,,,,,
acc,1778672689.0,108.0,-0.265625,3.996094,-9.917969,,,,,,,,,,
acc,1778672689.0,108.0,-0.34375,3.804688,-9.761719,,,,,,,,,,
acc,1778672689.0,108.0,-0.304688,3.882812,-10.035156,,,,,,,,,,
acc,1778672689.0,108.0,-0.191406,3.996094,-9.726562,,,,,,,,,,
acc,1778672689.0,108.0,-0.191406,4.1875,-10.113281,,,,,,,,,,
acc,1778672689.0,108.0,-0.226562,4.148438,-9.839844,,,,,,,,,,
acc,1778672689.0,108.0,-0.34375,4.074219,-9.839844,,,,,,,,,,
acc,1778672689.0,108.0,-0.34375,4.304688,-9.878906,,,,,,,,,,
acc,1778672689.0,108.0,-0.113281,4.113281,-9.992188,,,,,,,,,,
acc,1778672689.0,108.0,-0.074219,3.804688,-9.691406,,,,,,,,,,
acc,1778672689.0,108.0,-0.152344,4.035156,-9.835938,,,,,,,,,,
acc,1778672689.0,108.0,-0.113281,3.652344,-9.914062,,,,,,,,,,
acc,1778672689.0,108.0,-0.191406,3.308594,-9.726562,,,,,,,,,,
acc,1778672689.0,108.0,-0.34375,3.574219,-9.878906,,,,,,,,,,
acc,1778672689.0,108.0,-0.457031,3.191406,-9.996094,,,,,,,,,,
acc,1778672689.0,108.0,-0.34375,3.117188,-9.492188,,,,,,,,,,
acc,1778672689.0,108.0,-0.304688,3.382812,-9.839844,,,,,,,,,,
acc,1778672689.0,108.0,-0.304688,3.382812,-9.613281,,,,,,,,,,
acc,1778672689.0,108.0,-0.417969,3.652344,-9.648438,,,,,,,,,,
acc,1778672689.0,108.0,-0.496094,4.074219,-9.796875,,,,,,,,,,
acc,1778672689.0,108.0,-0.496094,3.921875,-9.6875,,,,,,,,,,
acc,1778672689.0,108.0,-0.457031,3.5,-9.691406,,,,,,,,,,
acc,1778672689.0,108.0,-0.457031,3.269531,-9.992188,,,,,,,,,,
acc,1778672689.0,108.0,-0.382812,2.960938,-9.492188,,,,,,,,,,
acc,1778672689.0,108.0,-0.382812,2.925781,-9.875,,,,,,,,,,
acc,1778672689.0,108.0,-0.226562,2.886719,-9.796875,,,,,,,,,,
acc,1778672689.0,108.0,-0.265625,3.574219,-9.492188,,,,,,,,,,
acc,1778672689.0,108.0,-0.496094,3.84375,-9.875,,,,,,,,,,
acc,1778672689.0,108.0,-0.457031,3.957031,-9.875,,,,,,,,,,
acc,1778672689.0,108.0,-0.34375,4.148438,-9.726562,,,,,,,,,,
acc,1778672689.0,108.0,-0.496094,3.765625,-9.6875,,,,,,,,,,
acc,1778672689.0,108.0,-0.457031,3.535156,-10.109375,,,,,,,,,,
acc,1778672689.0,108.0,-0.496094,3.652344,-9.609375,,,,,,,,,,
acc,1778672689.0,108.0,-0.496094,3.535156,-10.148438,,,,,,,,,,
acc,1778672689.0,108.0,-0.417969,4.035156,-9.757812,,,,,,,,,,
acc,1778672689.0,108.0,-0.457031,3.804688,-9.957031,,,,,,,,,,
acc,1778672689.0,108.0,-0.648438,3.765625,-10.03125,,,,,,,,,,
acc,1778672689.0,108.0,-0.535156,4.1875,-10.074219,,,,,,,,,,
acc,1778672689.0,108.0,-0.496094,3.691406,-9.957031,,,,,,,,,,
acc,1778672689.0,108.0,-0.496094,3.726562,-10.183594,,,,,,,,,,
acc,1778672689.0,108.0,-0.613281,3.765625,-10.179688,,,,,,,,,,
acc,1778672689.0,108.0,-0.613281,3.996094,-10.148438,,,,,,,,,,
acc,1778672689.0,108.0,-0.496094,4.035156,-10.03125,,,,,,,,,,
acc,1778672689.0,108.0,-0.457031,3.726562,-9.914062,,,,,,,,,,
acc,1778672689.0,108.0,-0.417969,4.074219,-9.917969,,,,,,,,,,
acc,1778672689.0,108.0,-0.496094,4.074219,-10.035156,,,,,,,,,,
acc,1778672689.0,108.0,-0.574219,3.765625,-9.800781,,,,,,,,,,
acc,1778672689.0,108.0,-0.535156,3.882812,-9.953125,,,,,,,,,,
acc,1778672689.0,108.0,-0.34375,3.691406,-10.222656,,,,,,,,,,
acc,1778672689.0,108.0,-0.304688,3.804688,-9.757812,,,,,,,,,,
acc,1778672689.0,108.0,-0.265625,3.152344,-9.957031,,,,,,,,,,
acc,1778672689.0,108.0,-0.152344,3.5,-9.648438,,,,,,,,,,
acc,1778672689.0,108.0,-0.226562,3.269531,-9.730469,,,,,,,,,,
acc,1778672689.0,108.0,-0.191406,3.039062,-9.761719,,,,,,,,,,
acc,1778672689.0,108.0,-0.226562,3.460938,-9.835938,,,,,,,,,,
acc,1778672689.0,108.0,-0.34375,3.382812,-9.835938,,,,,,,,,,
acc,1778672689.0,108.0,-0.417969,3.5,-9.757812,,,,,,,,,,
acc,1778672689.0,108.0,-0.382812,3.652344,-9.648438,,,,,,,,,,
acc,1778672690.0,109.0,-0.34375,3.691406,-9.6875,,,,,,,,,,
acc,1778672690.0,109.0,-0.34375,3.765625,-9.570312,,,,,,,,,,
acc,1778672690.0,109.0,-0.417969,3.652344,-9.609375,,,,,,,,,,
acc,1778672690.0,109.0,-0.417969,3.460938,-9.757812,,,,,,,,,,
acc,1778672690.0,109.0,-0.457031,3.574219,-9.652344,,,,,,,,,,
acc,1778672690.0,109.0,-0.574219,3.460938,-9.761719,,,,,,,,,,
acc,1778672690.0,109.0,-0.648438,3.382812,-9.878906,,,,,,,,,,
acc,1778672690.0,109.0,-0.574219,3.574219,-9.609375,,,,,,,,,,
acc,1778672690.0,109.0,-0.574219,3.5,-9.761719,,,,,,,,,,
acc,1778672690.0,109.0,-0.457031,3.613281,-9.574219,,,,,,,,,,
acc,1778672690.0,109.0,-0.574219,3.574219,-9.800781,,,,,,,,,,
acc,1778672690.0,109.0,-0.574219,3.535156,-9.726562,,,,,,,,,,
acc,1778672690.0,109.0,-0.535156,3.765625,-9.652344,,,,,,,,,,
acc,1778672690.0,109.0,-0.535156,3.613281,-9.875,,,,,,,,,,
acc,1778672690.0,109.0,-0.34375,3.535156,-9.414062,,,,,,,,,,
acc,1778672690.0,109.0,-0.265625,3.726562,-9.796875,,,,,,,,,,
acc,1778672690.0,109.0,-0.226562,3.613281,-9.453125,,,,,,,,,,
acc,1778672690.0,109.0,-0.265625,3.460938,-9.761719,,,,,,,,,,
acc,1778672690.0,109.0,-0.265625,3.652344,-9.761719,,,,,,,,,,
acc,1778672690.0,109.0,-0.265625,3.726562,-9.796875,,,,,,,,,,
acc,1778672690.0,109.0,-0.191406,3.535156,-9.761719,,,,,,,,,,
acc,1778672690.0,109.0,-0.265625,3.691406,-9.691406,,,,,,,,,,
acc,1778672690.0,109.0,-0.152344,3.84375,-9.914062,,,,,,,,,,
acc,1778672690.0,109.0,-0.152344,3.613281,-9.574219,,,,,,,,,,
acc,1778672690.0,109.0,-0.152344,3.34375,-9.757812,,,,,,,,,,
acc,1778672690.0,109.0,-0.191406,3.535156,-9.839844,,,,,,,,,,
acc,1778672690.0,109.0,-0.191406,3.652344,-9.726562,,,,,,,,,,
acc,1778672690.0,109.0,-0.304688,3.460938,-9.652344,,,,,,,,,,
acc,1778672690.0,109.0,-0.304688,3.84375,-9.878906,,,,,,,,,,
acc,1778672690.0,109.0,-0.382812,4.035156,-9.835938,,,,,,,,,,
acc,1778672690.0,109.0,-0.417969,3.921875,-9.839844,,,,,,,,,,
acc,1778672690.0,109.0,-0.382812,4.148438,-9.796875,,,,,,,,,,
acc,1778672690.0,109.0,-0.265625,3.84375,-10.035156,,,,,,,,,,
acc,1778672690.0,109.0,-0.304688,3.726562,-9.570312,,,,,,,,,,
acc,1778672690.0,109.0,-0.265625,3.804688,-9.953125,,,,,,,,,,
acc,1778672690.0,109.0,-0.226562,3.804688,-9.761719,,,,,,,,,,
acc,1778672690.0,109.0,-0.265625,3.726562,-9.652344,,,,,,,,,,
acc,1778672690.0,109.0,-0.191406,3.765625,-9.800781,,,,,,,,,,
acc,1778672690.0,109.0,-0.226562,3.882812,-9.648438,,,,,,,,,,
acc,1778672690.0,109.0,-0.304688,3.804688,-9.757812,,,,,,,,,,
acc,1778672690.0,109.0,-0.34375,3.765625,-9.6875,,,,,,,,,,
acc,1778672690.0,109.0,-0.34375,3.726562,-9.757812,,,,,,,,,,
acc,1778672690.0,109.0,-0.226562,3.921875,-9.417969,,,,,,,,,,
acc,1778672690.0,109.0,-0.226562,3.921875,-9.761719,,,,,,,,,,
acc,1778672690.0,109.0,-0.265625,4.074219,-9.53125,,,,,,,,,,
acc,1778672690.0,109.0,-0.304688,4.113281,-9.535156,,,,,,,,,,
acc,1778672690.0,109.0,-0.226562,4.035156,-9.757812,,,,,,,,,,
acc,1778672690.0,109.0,-0.304688,3.921875,-9.609375,,,,,,,,,,
acc,1778672690.0,109.0,-0.34375,3.804688,-9.652344,,,,,,,,,,
acc,1778672690.0,109.0,-0.34375,3.957031,-9.648438,,,,,,,,,,
acc,1778672690.0,109.0,-0.417969,3.726562,-9.691406,,,,,,,,,,
acc,1778672690.0,109.0,-0.382812,3.5,-9.757812,,,,,,,,,,
acc,1778672690.0,109.0,-0.382812,3.421875,-9.878906,,,,,,,,,,
acc,1778672690.0,109.0,-0.457031,3.308594,-9.835938,,,,,,,,,,
acc,1778672690.0,109.0,-0.613281,3.382812,-9.875,,,,,,,,,,
acc,1778672690.0,109.0,-0.613281,3.421875,-9.796875,,,,,,,,,,
acc,1778672690.0,109.0,-0.535156,3.574219,-9.917969,,,,,,,,,,
acc,1778672690.0,109.0,-0.574219,3.5,-9.796875,,,,,,,,,,
acc,1778672690.0,109.0,-0.726562,3.535156,-9.875,,,,,,,,,,
acc,1778672690.0,109.0,-0.765625,3.460938,-9.996094,,,,,,,,,,
acc,1778672690.0,109.0,-0.613281,3.269531,-9.757812,,,,,,,,,,
acc,1778672690.0,109.0,-0.613281,3.269531,-9.914062,,,,,,,,,,
acc,1778672690.0,109.0,-0.648438,3.421875,-9.875,,,,,,,,,,
acc,1778672690.0,109.0,-0.6875,3.230469,-9.761719,,,,,,,,,,
acc,1778672690.0,109.0,-0.613281,3.84375,-9.914062,,,,,,,,,,
acc,1778672690.0,109.0,-0.648438,4.148438,-9.835938,,,,,,,,,,
acc,1778672690.0,109.0,-0.496094,3.921875,-9.839844,,,,,,,,,,
acc,1778672690.0,109.0,-0.535156,4.113281,-9.648438,,,,,,,,,,
acc,1778672690.0,109.0,-0.574219,3.921875,-10.03125,,,,,,,,,,
acc,1778672690.0,109.0,-0.382812,3.882812,-9.609375,,,,,,,,,,
acc,1778672690.0,109.0,-0.304688,3.882812,-9.878906,,,,,,,,,,
acc,1778672690.0,109.0,-0.417969,3.804688,-9.917969,,,,,,,,,,
acc,1778672690.0,109.0,-0.417969,3.84375,-9.648438,,,,,,,,,,
acc,1778672690.0,109.0,-0.417969,4.265625,-9.761719,,,,,,,,,,
acc,1778672690.0,109.0,-0.34375,4.1875,-9.992188,,,,,,,,,,
acc,1778672690.0,109.0,-0.304688,3.84375,-9.570312,,,,,,,,,,
acc,1778672690.0,109.0,-0.382812,4.113281,-9.835938,,,,,,,,,,
acc,1778672690.0,109.0,-0.382812,3.921875,-9.726562,,,,,,,,,,
acc,1778672690.0,109.0,-0.265625,3.957031,-9.613281,,,,,,,,,,
acc,1778672690.0,109.0,-0.304688,3.882812,-9.839844,,,,,,,,,,
acc,1778672690.0,109.0,-0.304688,3.957031,-9.6875,,,,,,,,,,
acc,1778672690.0,109.0,-0.34375,3.957031,-9.648438,,,,,,,,,,
acc,1778672690.0,109.0,-0.34375,3.765625,-9.996094,,,,,,,,,,
acc,1778672690.0,109.0,-0.226562,3.382812,-9.453125,,,,,,,,,,
acc,1778672690.0,109.0,-0.265625,3.613281,-9.996094,,,,,,,,,,
acc,1778672690.0,109.0,-0.417969,3.691406,-9.570312,,,,,,,,,,
acc,1778672690.0,109.0,-0.382812,3.691406,-9.570312,,,,,,,,,,
acc,1778672690.0,109.0,-0.34375,3.921875,-9.878906,,,,,,,,,,
acc,1778672690.0,109.0,-0.265625,3.613281,-9.613281,,,,,,,,,,
acc,1778672690.0,109.0,-0.226562,3.613281,-9.757812,,,,,,,,,,
acc,1778672690.0,109.0,-0.226562,3.5,-9.691406,,,,,,,,,,
acc,1778672690.0,109.0,-0.304688,3.230469,-9.757812,,,,,,,,,,
acc,1778672690.0,109.0,-0.34375,3.535156,-9.800781,,,,,,,,,,
acc,1778672690.0,109.0,-0.226562,3.765625,-9.652344,,,,,,,,,,
acc,1778672690.0,109.0,-0.113281,3.039062,-9.574219,,,,,,,,,,
acc,1778672690.0,109.0,-0.113281,3.5,-9.453125,,,,,,,,,,
acc,1778672690.0,109.0,-0.152344,3.535156,-9.691406,,,,,,,,,,
acc,1778672690.0,109.0,-0.035156,3.421875,-9.496094,,,,,,,,,,
acc,1778672690.0,109.0,-0.191406,3.84375,-9.535156,,,,,,,,,,
acc,1778672690.0,109.0,-0.113281,3.652344,-9.914062,,,,,,,,,,
acc,1778672690.0,109.0,-0.113281,3.765625,-9.378906,,,,,,,,,,
acc,1778672690.0,109.0,-0.304688,4.074219,-9.875,,,,,,,,,,
acc,1778672690.0,109.0,-0.191406,3.921875,-9.648438,,,,,,,,,,
acc,1778672690.0,109.0,-0.226562,3.996094,-9.691406,,,,,,,,,,
acc,1778672690.0,109.0,-0.34375,4.378906,-9.800781,,,,,,,,,,
acc,1778672690.0,109.0,-0.265625,3.84375,-9.761719,,,,,,,,,,
acc,1778672690.0,109.0,-0.191406,3.996094,-9.839844,,,,,,,,,,
acc,1778672690.0,109.0,-0.304688,3.921875,-9.730469,,,,,,,,,,
acc,1778672690.0,109.0,-0.34375,3.882812,-9.800781,,,,,,,,,,
acc,1778672690.0,109.0,-0.34375,3.652344,-9.953125,,,,,,,,,,
acc,1778672690.0,109.0,-0.304688,3.921875,-9.648438,,,,,,,,,,
acc,1778672690.0,109.0,-0.382812,3.652344,-9.835938,,,,,,,,,,
acc,1778672690.0,109.0,-0.382812,3.691406,-9.6875,,,,,,,,,,
acc,1778672690.0,109.0,-0.417969,3.574219,-9.839844,,,,,,,,,,
acc,1778672690.0,109.0,-0.382812,3.382812,-9.730469,,,,,,,,,,
acc,1778672690.0,109.0,-0.304688,3.535156,-9.726562,,,,,,,,,,
acc,1778672690.0,109.0,-0.34375,3.460938,-9.648438,,,,,,,,,,
acc,1778672690.0,109.0,-0.382812,3.5,-9.648438,,,,,,,,,,
acc,1778672690.0,109.0,-0.34375,3.652344,-9.730469,,,,,,,,,,
acc,1778672690.0,109.0,-0.265625,3.574219,-9.691406,,,,,,,,,,
acc,1778672690.0,109.0,-0.265625,3.460938,-9.796875,,,,,,,,,,
acc,1778672690.0,109.0,-0.34375,3.382812,-9.730469,,,,,,,,,,
acc,1778672690.0,109.0,-0.34375,3.34375,-9.953125,,,,,,,,,,
acc,1778672690.0,109.0,-0.34375,3.460938,-9.730469,,,,,,,,,,
acc,1778672690.0,109.0,-0.34375,3.574219,-9.613281,,,,,,,,,,
acc,1778672690.0,109.0,-0.417969,4.113281,-10.109375,,,,,,,,,,
acc,1778672690.0,109.0,-0.417969,3.996094,-9.53125,,,,,,,,,,
acc,1778672691.0,110.0,-0.417969,3.996094,-10.03125,,,,,,,,,,
acc,1778672691.0,110.0,-0.496094,3.765625,-9.761719,,,,,,,,,,
acc,1778672691.0,110.0,-0.457031,3.726562,-9.835938,,,,,,,,,,
acc,1778672691.0,110.0,-0.457031,3.421875,-9.796875,,,,,,,,,,
acc,1778672691.0,110.0,-0.417969,3.5,-9.992188,,,,,,,,,,
acc,1778672691.0,110.0,-0.457031,3.957031,-9.757812,,,,,,,,,,
acc,1778672691.0,110.0,-0.382812,3.996094,-9.875,,,,,,,,,,
acc,1778672691.0,110.0,-0.417969,4.457031,-9.914062,,,,,,,,,,
acc,1778672691.0,110.0,-0.417969,4.226562,-9.875,,,,,,,,,,
acc,1778672691.0,110.0,-0.457031,4.265625,-9.917969,,,,,,,,,,
acc,1778672691.0,110.0,-0.496094,4.496094,-9.730469,,,,,,,,,,
acc,1778672691.0,110.0,-0.496094,3.921875,-10.070312,,,,,,,,,,
acc,1778672691.0,110.0,-0.226562,3.84375,-9.730469,,,,,,,,,,
acc,1778672691.0,110.0,-0.226562,3.882812,-10.03125,,,,,,,,,,
acc,1778672691.0,110.0,-0.417969,3.996094,-9.992188,,,,,,,,,,
acc,1778672691.0,110.0,-0.417969,4.074219,-9.761719,,,,,,,,,,
acc,1778672691.0,110.0,-0.382812,3.957031,-10.109375,,,,,,,,,,
acc,1778672691.0,110.0,-0.382812,3.691406,-9.761719,,,,,,,,,,
acc,1778672691.0,110.0,-0.382812,3.5,-9.953125,,,,,,,,,,
acc,1778672691.0,110.0,-0.417969,3.726562,-9.835938,,,,,,,,,,
acc,1778672691.0,110.0,-0.417969,3.652344,-9.648438,,,,,,,,,,
acc,1778672691.0,110.0,-0.265625,3.726562,-9.957031,,,,,,,,,,
acc,1778672691.0,110.0,-0.304688,3.574219,-9.53125,,,,,,,,,,
acc,1778672691.0,110.0,-0.34375,3.34375,-9.914062,,,,,,,,,,
acc,1778672691.0,110.0,-0.304688,3.421875,-9.648438,,,,,,,,,,
acc,1778672691.0,110.0,-0.34375,3.460938,-9.730469,,,,,,,,,,
acc,1778672691.0,110.0,-0.382812,3.574219,-9.917969,,,,,,,,,,
acc,1778672691.0,110.0,-0.34375,3.574219,-9.613281,,,,,,,,,,
acc,1778672691.0,110.0,-0.535156,3.726562,-9.953125,,,,,,,,,,
acc,1778672691.0,110.0,-0.496094,3.652344,-9.875,,,,,,,,,,
acc,1778672691.0,110.0,-0.382812,3.5,-9.914062,,,,,,,,,,
acc,1778672691.0,110.0,-0.34375,3.382812,-9.875,,,,,,,,,,
acc,1778672691.0,110.0,-0.382812,3.421875,-9.957031,,,,,,,,,,
acc,1778672691.0,110.0,-0.34375,3.726562,-9.800781,,,,,,,,,,
acc,1778672691.0,110.0,-0.382812,3.921875,-9.839844,,,,,,,,,,
acc,1778672691.0,110.0,-0.304688,4.378906,-9.957031,,,,,,,,,,
acc,1778672691.0,110.0,-0.265625,4.496094,-9.535156,,,,,,,,,,
acc,1778672691.0,110.0,-0.304688,4.265625,-9.757812,,,,,,,,,,
acc,1778672691.0,110.0,-0.304688,3.882812,-9.570312,,,,,,,,,,
acc,1778672691.0,110.0,-0.34375,3.613281,-9.609375,,,,,,,,,,
acc,1778672691.0,110.0,-0.265625,3.726562,-9.839844,,,,,,,,,,
acc,1778672691.0,110.0,-0.574219,3.460938,-9.957031,,,,,,,,,,
acc,1778672691.0,110.0,-0.457031,4.113281,-9.835938,,,,,,,,,,
acc,1778672691.0,110.0,-0.457031,3.996094,-9.835938,,,,,,,,,,
acc,1778672691.0,110.0,-0.265625,3.882812,-9.6875,,,,,,,,,,
acc,1778672691.0,110.0,-0.226562,4.113281,-9.609375,,,,,,,,,,
acc,1778672691.0,110.0,-0.226562,3.574219,-9.796875,,,,,,,,,,
acc,1778672691.0,110.0,-0.191406,3.804688,-9.648438,,,,,,,,,,
acc,1778672691.0,110.0,-0.226562,3.921875,-9.917969,,,,,,,,,,
acc,1778672691.0,110.0,-0.382812,3.921875,-9.726562,,,,,,,,,,
acc,1778672691.0,110.0,-0.304688,4.035156,-9.761719,,,,,,,,,,
acc,1778672691.0,110.0,-0.191406,3.652344,-9.839844,,,,,,,,,,
acc,1778672691.0,110.0,-0.074219,3.804688,-9.757812,,,,,,,,,,
acc,1778672691.0,110.0,-0.152344,3.726562,-9.730469,,,,,,,,,,
acc,1778672691.0,110.0,-0.226562,3.765625,-9.796875,,,,,,,,,,
acc,1778672691.0,110.0,-0.304688,4.074219,-9.574219,,,,,,,,,,
acc,1778672691.0,110.0,-0.304688,3.921875,-10.148438,,,,,,,,,,
acc,1778672691.0,110.0,-0.226562,3.882812,-9.453125,,,,,,,,,,
acc,1778672691.0,110.0,-0.34375,3.613281,-9.953125,,,,,,,,,,
acc,1778672691.0,110.0,-0.34375,3.460938,-9.648438,,,,,,,,,,
acc,1778672691.0,110.0,-0.34375,3.804688,-9.726562,,,,,,,,,,
acc,1778672691.0,110.0,-0.457031,4.074219,-9.878906,,,,,,,,,,
acc,1778672691.0,110.0,-0.417969,4.148438,-9.496094,,,,,,,,,,
acc,1778672691.0,110.0,-0.304688,4.148438,-9.691406,,,,,,,,,,
acc,1778672691.0,110.0,-0.152344,3.804688,-9.6875,,,,,,,,,,
acc,1778672691.0,110.0,-0.226562,3.535156,-9.492188,,,,,,,,,,
acc,1778672691.0,110.0,-0.34375,3.765625,-9.996094,,,,,,,,,,
acc,1778672691.0,110.0,-0.457031,3.882812,-9.53125,,,,,,,,,,
acc,1778672691.0,110.0,-0.535156,3.882812,-9.953125,,,,,,,,,,
acc,1778672691.0,110.0,-0.613281,3.957031,-9.691406,,,,,,,,,,
acc,1778672691.0,110.0,-0.496094,3.726562,-9.875,,,,,,,,,,
acc,1778672691.0,110.0,-0.457031,3.726562,-9.609375,,,,,,,,,,
acc,1778672691.0,110.0,-0.457031,3.726562,-9.914062,,,,,,,,,,
acc,1778672691.0,110.0,-0.382812,3.691406,-9.535156,,,,,,,,,,
acc,1778672691.0,110.0,-0.382812,3.652344,-9.800781,,,,,,,,,,
acc,1778672691.0,110.0,-0.304688,3.613281,-9.613281,,,,,,,,,,
acc,1778672691.0,110.0,-0.191406,3.269531,-9.613281,,,,,,,,,,
acc,1778672691.0,110.0,-0.304688,3.652344,-9.652344,,,,,,,,,,
acc,1778672691.0,110.0,-0.304688,3.535156,-9.535156,,,,,,,,,,
acc,1778672691.0,110.0,-0.304688,3.5,-9.796875,,,,,,,,,,
acc,1778672691.0,110.0,-0.152344,3.726562,-9.53125,,,,,,,,,,
acc,1778672691.0,110.0,-0.226562,3.574219,-9.917969,,,,,,,,,,
acc,1778672691.0,110.0,-0.34375,3.613281,-9.800781,,,,,,,,,,
acc,1778672691.0,110.0,-0.457031,3.613281,-9.757812,,,,,,,,,,
acc,1778672691.0,110.0,-0.496094,3.5,-10.257812,,,,,,,,,,
acc,1778672691.0,110.0,-0.496094,3.574219,-9.535156,,,,,,,,,,
acc,1778672691.0,110.0,-0.457031,3.765625,-10.113281,,,,,,,,,,
acc,1778672691.0,110.0,-0.457031,3.804688,-9.535156,,,,,,,,,,
acc,1778672691.0,110.0,-0.226562,3.765625,-9.796875,,,,,,,,,,
acc,1778672691.0,110.0,-0.265625,3.691406,-9.835938,,,,,,,,,,
acc,1778672691.0,110.0,-0.382812,3.84375,-9.730469,,,,,,,,,,
acc,1778672691.0,110.0,-0.304688,4.035156,-9.957031,,,,,,,,,,
acc,1778672691.0,110.0,-0.265625,3.691406,-9.800781,,,,,,,,,,
acc,1778672691.0,110.0,-0.34375,3.34375,-9.53125,,,,,,,,,,
acc,1778672691.0,110.0,-0.34375,3.535156,-9.914062,,,,,,,,,,
acc,1778672691.0,110.0,-0.417969,3.691406,-9.496094,,,,,,,,,,
acc,1778672691.0,110.0,-0.457031,3.726562,-9.609375,,,,,,,,,,
acc,1778672691.0,110.0,-0.304688,3.613281,-9.878906,,,,,,,,,,
acc,1778672691.0,110.0,-0.191406,3.613281,-9.417969,,,,,,,,,,
acc,1778672691.0,110.0,-0.382812,3.535156,-9.800781,,,,,,,,,,
acc,1778672691.0,110.0,-0.304688,3.613281,-9.917969,,,,,,,,,,
acc,1778672691.0,110.0,-0.34375,3.535156,-9.875,,,,,,,,,,
acc,1778672691.0,110.0,-0.417969,3.5,-9.835938,,,,,,,,,,
acc,1778672691.0,110.0,-0.417969,3.460938,-9.914062,,,,,,,,,,
acc,1778672691.0,110.0,-0.304688,3.191406,-9.730469,,,,,,,,,,
acc,1778672691.0,110.0,-0.035156,3.5,-9.53125,,,,,,,,,,
acc,1778672691.0,110.0,0.0,3.308594,-9.53125,,,,,,,,,,
acc,1778672691.0,110.0,0.039062,3.460938,-9.53125,,,,,,,,,,
acc,1778672691.0,110.0,-0.113281,3.691406,-9.417969,,,,,,,,,,
acc,1778672691.0,110.0,-0.191406,3.5,-10.070312,,,,,,,,,,
acc,1778672691.0,110.0,-0.113281,3.652344,-9.835938,,,,,,,,,,
acc,1778672691.0,110.0,-0.226562,3.652344,-9.835938,,,,,,,,,,
acc,1778672691.0,110.0,-0.304688,3.535156,-10.035156,,,,,,,,,,
acc,1778672691.0,110.0,-0.304688,3.382812,-9.652344,,,,,,,,,,
acc,1778672691.0,110.0,-0.226562,3.230469,-9.796875,,,,,,,,,,
acc,1778672691.0,110.0,-0.382812,3.421875,-9.878906,,,,,,,,,,
acc,1778672691.0,110.0,-0.417969,3.152344,-9.757812,,,,,,,,,,
acc,1778672691.0,110.0,-0.496094,3.421875,-9.839844,,,,,,,,,,
acc,1778672691.0,110.0,-0.382812,3.34375,-9.953125,,,,,,,,,,
acc,1778672691.0,110.0,-0.382812,3.191406,-9.761719,,,,,,,,,,
acc,1778672691.0,110.0,-0.417969,3.574219,-9.878906,,,,,,,,,,
acc,1778672691.0,110.0,-0.34375,3.460938,-9.757812,,,,,,,,,,
acc,1778672691.0,110.0,-0.191406,3.652344,-9.761719,,,,,,,,,,
acc,1778672691.0,110.0,-0.265625,3.726562,-9.613281,,,,,,,,,,
acc,1778672691.0,110.0,-0.457031,3.804688,-9.878906,,,,,,,,,,
acc,1778672691.0,110.0,-0.496094,3.726562,-9.835938,,,,,,,,,,
acc,1778672692.0,111.0,-0.417969,3.308594,-9.835938,,,,,,,,,,
acc,1778672692.0,111.0,-0.304688,3.421875,-10.074219,,,,,,,,,,
acc,1778672692.0,111.0,-0.34375,3.460938,-9.835938,,,,,,,,,,
acc,1778672692.0,111.0,-0.265625,2.960938,-9.652344,,,,,,,,,,
acc,1778672692.0,111.0,-0.226562,3.691406,-9.652344,,,,,,,,,,
acc,1778672692.0,111.0,-0.152344,3.765625,-9.839844,,,,,,,,,,
acc,1778672692.0,111.0,-0.304688,3.84375,-9.796875,,,,,,,,,,
acc,1778672692.0,111.0,-0.417969,4.457031,-9.414062,,,,,,,,,,
acc,1778672692.0,111.0,-0.34375,3.882812,-10.21875,,,,,,,,,,
acc,1778672692.0,111.0,-0.152344,3.652344,-9.648438,,,,,,,,,,
acc,1778672692.0,111.0,-0.074219,3.726562,-9.761719,,,,,,,,,,
acc,1778672692.0,111.0,-0.152344,3.84375,-9.914062,,,,,,,,,,
acc,1778672692.0,111.0,-0.191406,3.996094,-9.535156,,,,,,,,,,
acc,1778672692.0,111.0,-0.191406,3.921875,-10.074219,,,,,,,,,,
acc,1778672692.0,111.0,-0.152344,3.957031,-9.609375,,,,,,,,,,
acc,1778672692.0,111.0,-0.226562,4.035156,-9.992188,,,,,,,,,,
acc,1778672692.0,111.0,-0.496094,4.035156,-9.875,,,,,,,,,,
acc,1778672692.0,111.0,-0.417969,3.691406,-9.796875,,,,,,,,,,
acc,1778672692.0,111.0,-0.417969,3.765625,-10.035156,,,,,,,,,,
acc,1778672692.0,111.0,-0.574219,4.074219,-10.03125,,,,,,,,,,
acc,1778672692.0,111.0,-0.574219,3.882812,-9.878906,,,,,,,,,,
acc,1778672692.0,111.0,-0.304688,3.804688,-9.875,,,,,,,,,,
acc,1778672692.0,111.0,-0.304688,3.996094,-9.796875,,,,,,,,,,
acc,1778672692.0,111.0,-0.382812,3.957031,-9.757812,,,,,,,,,,
acc,1778672692.0,111.0,-0.34375,3.921875,-10.035156,,,,,,,,,,
acc,1778672692.0,111.0,-0.382812,4.074219,-9.496094,,,,,,,,,,
acc,1778672692.0,111.0,-0.226562,3.726562,-10.109375,,,,,,,,,,
acc,1778672692.0,111.0,-0.035156,3.726562,-9.691406,,,,,,,,,,
acc,1778672692.0,111.0,-0.113281,3.957031,-9.609375,,,,,,,,,,
acc,1778672692.0,111.0,-0.226562,3.726562,-10.074219,,,,,,,,,,
acc,1778672692.0,111.0,-0.152344,3.765625,-9.726562,,,,,,,,,,
acc,1778672692.0,111.0,-0.152344,3.535156,-9.953125,,,,,,,,,,
acc,1778672692.0,111.0,-0.191406,3.382812,-9.796875,,,,,,,,,,
acc,1778672692.0,111.0,-0.191406,3.652344,-10.070312,,,,,,,,,,
acc,1778672692.0,111.0,-0.304688,3.691406,-9.691406,,,,,,,,,,
acc,1778672692.0,111.0,-0.304688,3.882812,-9.6875,,,,,,,,,,
acc,1778672692.0,111.0,-0.265625,3.957031,-9.761719,,,,,,,,,,
acc,1778672692.0,111.0,-0.265625,4.074219,-9.648438,,,,,,,,,,
acc,1778672692.0,111.0,-0.34375,3.84375,-9.691406,,,,,,,,,,
acc,1778672692.0,111.0,-0.34375,4.1875,-9.914062,,,,,,,,,,
acc,1778672692.0,111.0,-0.535156,4.304688,-9.761719,,,,,,,,,,
acc,1778672692.0,111.0,-0.457031,4.074219,-9.917969,,,,,,,,,,
acc,1778672692.0,111.0,-0.34375,4.339844,-9.648438,,,,,,,,,,
acc,1778672692.0,111.0,-0.265625,3.921875,-9.835938,,,,,,,,,,
acc,1778672692.0,111.0,-0.382812,3.84375,-9.609375,,,,,,,,,,
acc,1778672692.0,111.0,-0.457031,3.613281,-9.691406,,,,,,,,,,
acc,1778672692.0,111.0,-0.417969,3.5,-10.03125,,,,,,,,,,
acc,1778672692.0,111.0,-0.382812,3.460938,-9.800781,,,,,,,,,,
acc,1778672692.0,111.0,-0.304688,3.535156,-10.070312,,,,,,,,,,
acc,1778672692.0,111.0,-0.382812,3.613281,-9.757812,,,,,,,,,,
acc,1778672692.0,111.0,-0.417969,3.382812,-9.800781,,,,,,,,,,
acc,1778672692.0,111.0,-0.382812,3.5,-9.875,,,,,,,,,,
acc,1778672692.0,111.0,-0.382812,3.613281,-9.691406,,,,,,,,,,
acc,1778672692.0,111.0,-0.34375,3.691406,-9.796875,,,,,,,,,,
acc,1778672692.0,111.0,-0.34375,3.535156,-9.609375,,,,,,,,,,
acc,1778672692.0,111.0,-0.304688,3.5,-9.570312,,,,,,,,,,
acc,1778672692.0,111.0,-0.34375,3.691406,-9.796875,,,,,,,,,,
acc,1778672692.0,111.0,-0.304688,3.460938,-9.613281,,,,,,,,,,
acc,1778672692.0,111.0,-0.265625,3.382812,-9.6875,,,,,,,,,,
acc,1778672692.0,111.0,-0.191406,3.613281,-9.761719,,,,,,,,,,
acc,1778672692.0,111.0,-0.265625,3.460938,-9.6875,,,,,,,,,,
acc,1778672692.0,111.0,-0.265625,3.691406,-10.074219,,,,,,,,,,
acc,1778672692.0,111.0,-0.34375,3.652344,-9.953125,,,,,,,,,,
acc,1778672692.0,111.0,-0.34375,3.078125,-10.183594,,,,,,,,,,
acc,1778672692.0,111.0,-0.265625,3.0,-9.570312,,,,,,,,,,
acc,1778672692.0,111.0,-0.382812,3.191406,-10.152344,,,,,,,,,,
acc,1778672692.0,111.0,-0.265625,3.191406,-9.835938,,,,,,,,,,
acc,1778672692.0,111.0,-0.226562,3.382812,-9.992188,,,,,,,,,,
acc,1778672692.0,111.0,-0.265625,3.382812,-10.152344,,,,,,,,,,
acc,1778672692.0,111.0,-0.417969,3.460938,-9.875,,,,,,,,,,
acc,1778672692.0,111.0,-0.304688,3.460938,-10.179688,,,,,,,,,,
acc,1778672692.0,111.0,-0.191406,3.574219,-9.757812,,,,,,,,,,
acc,1778672692.0,111.0,-0.152344,3.535156,-9.835938,,,,,,,,,,
acc,1778672692.0,111.0,-0.34375,3.765625,-9.613281,,,,,,,,,,
acc,1778672692.0,111.0,-0.417969,3.765625,-9.957031,,,,,,,,,,
acc,1778672692.0,111.0,-0.34375,3.882812,-9.648438,,,,,,,,,,
acc,1778672692.0,111.0,-0.34375,4.074219,-9.652344,,,,,,,,,,
acc,1778672692.0,111.0,-0.34375,3.804688,-9.796875,,,,,,,,,,
acc,1778672692.0,111.0,-0.265625,3.882812,-9.6875,,,,,,,,,,
acc,1778672692.0,111.0,-0.304688,3.574219,-9.875,,,,,,,,,,
acc,1778672692.0,111.0,-0.265625,3.039062,-9.796875,,,,,,,,,,
acc,1778672692.0,111.0,-0.265625,3.5,-9.726562,,,,,,,,,,
acc,1778672692.0,111.0,-0.382812,3.652344,-9.953125,,,,,,,,,,
acc,1778672692.0,111.0,-0.382812,3.574219,-9.726562,,,,,,,,,,
acc,1778672692.0,111.0,-0.304688,3.652344,-9.878906,,,,,,,,,,
acc,1778672692.0,111.0,-0.304688,3.5,-9.917969,,,,,,,,,,
acc,1778672692.0,111.0,-0.457031,3.269531,-9.574219,,,,,,,,,,
acc,1778672692.0,111.0,-0.417969,3.308594,-10.109375,,,,,,,,,,
acc,1778672692.0,111.0,-0.417969,3.691406,-9.652344,,,,,,,,,,
acc,1778672692.0,111.0,-0.265625,3.574219,-9.992188,,,,,,,,,,
acc,1778672692.0,111.0,-0.265625,3.574219,-9.757812,,,,,,,,,,
acc,1778672692.0,111.0,-0.191406,3.382812,-9.457031,,,,,,,,,,
acc,1778672692.0,111.0,-0.304688,3.613281,-9.996094,,,,,,,,,,
acc,1778672692.0,111.0,-0.265625,3.957031,-9.6875,,,,,,,,,,
acc,1778672692.0,111.0,-0.191406,3.804688,-9.953125,,,,,,,,,,
acc,1778672692.0,111.0,-0.496094,3.957031,-9.757812,,,,,,,,,,
acc,1778672692.0,111.0,-0.457031,3.691406,-9.957031,,,,,,,,,,
acc,1778672692.0,111.0,-0.457031,3.691406,-9.957031,,,,,,,,,,
acc,1778672692.0,111.0,-0.304688,3.34375,-9.726562,,,,,,,,,,
acc,1778672692.0,111.0,-0.417969,3.308594,-10.03125,,,,,,,,,,
acc,1778672692.0,111.0,-0.417969,3.308594,-9.648438,,,,,,,,,,
acc,1778672692.0,111.0,-0.417969,3.5,-9.835938,,,,,,,,,,
acc,1778672692.0,111.0,-0.457031,3.804688,-9.839844,,,,,,,,,,
acc,1778672692.0,111.0,-0.496094,3.460938,-9.953125,,,,,,,,,,
acc,1778672692.0,111.0,-0.574219,3.691406,-10.074219,,,,,,,,,,
acc,1778672692.0,111.0,-0.613281,3.421875,-9.996094,,,,,,,,,,
acc,1778672692.0,111.0,-0.535156,3.34375,-10.109375,,,,,,,,,,
acc,1778672692.0,111.0,-0.457031,3.421875,-9.6875,,,,,,,,,,
acc,1778672692.0,111.0,-0.382812,3.191406,-10.070312,,,,,,,,,,
acc,1778672692.0,111.0,-0.34375,3.269531,-9.800781,,,,,,,,,,
acc,1778672692.0,111.0,-0.382812,3.34375,-9.648438,,,,,,,,,,
acc,1778672692.0,111.0,-0.304688,3.269531,-9.796875,,,,,,,,,,
acc,1778672692.0,111.0,-0.152344,3.460938,-9.648438,,,,,,,,,,
acc,1778672692.0,111.0,-0.226562,3.804688,-9.570312,,,,,,,,,,
acc,1778672692.0,111.0,-0.34375,3.726562,-9.835938,,,,,,,,,,
acc,1778672692.0,111.0,-0.457031,3.921875,-9.761719,,,,,,,,,,
acc,1778672692.0,111.0,-0.574219,3.921875,-9.914062,,,,,,,,,,
acc,1778672692.0,111.0,-0.457031,3.804688,-9.878906,,,,,,,,,,
acc,1778672692.0,111.0,-0.382812,3.882812,-9.757812,,,,,,,,,,
acc,1778672692.0,111.0,-0.496094,3.882812,-9.691406,,,,,,,,,,
acc,1778672692.0,111.0,-0.382812,3.996094,-9.757812,,,,,,,,,,
acc,1778672692.0,111.0,-0.496094,4.265625,-9.496094,,,,,,,,,,
acc,1778672692.0,111.0,-0.496094,3.957031,-9.691406,,,,,,,,,,
acc,1778672692.0,111.0,-0.496094,3.957031,-9.304688,,,,,,,,,,
acc,1778672692.0,111.0,-0.496094,4.226562,-9.914062,,,,,,,,,,
acc,1778672692.0,111.0,-0.535156,4.074219,-9.6875,,,,,,,,,,
acc,1778672692.0,111.0,-0.535156,3.921875,-9.457031,,,,,,,,,,
acc,1778672693.0,112.0,-0.574219,3.921875,-9.953125,,,,,,,,,,
acc,1778672693.0,112.0,-0.535156,3.460938,-9.691406,,,,,,,,,,
acc,1778672693.0,112.0,-0.457031,3.269531,-9.648438,,,,,,,,,,
acc,1778672693.0,112.0,-0.613281,3.460938,-9.730469,,,,,,,,,,
acc,1778672693.0,112.0,-0.535156,3.421875,-9.6875,,,,,,,,,,
acc,1778672693.0,112.0,-0.34375,3.34375,-9.609375,,,,,,,,,,
acc,1778672693.0,112.0,-0.226562,3.691406,-9.726562,,,,,,,,,,
acc,1778672693.0,112.0,-0.382812,3.535156,-9.53125,,,,,,,,,,
acc,1778672693.0,112.0,-0.265625,3.269531,-9.839844,,,,,,,,,,
acc,1778672693.0,112.0,-0.191406,3.574219,-9.800781,,,,,,,,,,
acc,1778672693.0,112.0,-0.152344,3.460938,-9.875,,,,,,,,,,
acc,1778672693.0,112.0,-0.191406,3.269531,-9.796875,,,,,,,,,,
acc,1778672693.0,112.0,-0.265625,3.460938,-9.535156,,,,,,,,,,
acc,1778672693.0,112.0,-0.226562,3.5,-9.800781,,,,,,,,,,
acc,1778672693.0,112.0,-0.152344,3.535156,-9.492188,,,,,,,,,,
acc,1778672693.0,112.0,-0.113281,3.613281,-9.691406,,,,,,,,,,
acc,1778672693.0,112.0,-0.265625,3.652344,-9.726562,,,,,,,,,,
acc,1778672693.0,112.0,-0.265625,3.691406,-9.648438,,,,,,,,,,
acc,1778672693.0,112.0,-0.035156,3.308594,-9.953125,,,,,,,,,,
acc,1778672693.0,112.0,-0.191406,3.152344,-9.726562,,,,,,,,,,
acc,1778672693.0,112.0,-0.152344,3.269531,-9.875,,,,,,,,,,
acc,1778672693.0,112.0,-0.304688,3.691406,-9.992188,,,,,,,,,,
acc,1778672693.0,112.0,-0.113281,3.613281,-9.992188,,,,,,,,,,
acc,1778672693.0,112.0,-0.191406,4.457031,-10.035156,,,,,,,,,,
acc,1778672693.0,112.0,-0.074219,4.035156,-9.535156,,,,,,,,,,
acc,1778672693.0,112.0,-0.035156,4.148438,-9.34375,,,,,,,,,,
acc,1778672693.0,112.0,-0.113281,4.339844,-10.21875,,,,,,,,,,
acc,1778672693.0,112.0,-0.035156,3.804688,-9.34375,,,,,,,,,,
acc,1778672693.0,112.0,-0.035156,3.882812,-9.691406,,,,,,,,,,
acc,1778672693.0,112.0,-0.074219,3.765625,-9.53125,,,,,,,,,,
acc,1778672693.0,112.0,0.0,3.382812,-9.53125,,,,,,,,,,
acc,1778672693.0,112.0,0.039062,3.726562,-9.53125,,,,,,,,,,
acc,1778672693.0,112.0,0.0,3.765625,-9.652344,,,,,,,,,,
acc,1778672693.0,112.0,-0.035156,3.574219,-9.761719,,,,,,,,,,
acc,1778672693.0,112.0,-0.152344,3.921875,-9.570312,,,,,,,,,,
acc,1778672693.0,112.0,-0.152344,3.691406,-9.996094,,,,,,,,,,
acc,1778672693.0,112.0,-0.113281,2.886719,-9.269531,,,,,,,,,,
acc,1778672693.0,112.0,-0.074219,3.230469,-9.800781,,,,,,,,,,
acc,1778672693.0,112.0,-0.074219,3.5,-9.761719,,,,,,,,,,
acc,1778672693.0,112.0,-0.113281,3.613281,-9.492188,,,,,,,,,,
acc,1778672693.0,112.0,-0.34375,3.882812,-9.835938,,,,,,,,,,
acc,1778672693.0,112.0,-0.496094,3.726562,-9.835938,,,,,,,,,,
acc,1778672693.0,112.0,-0.496094,3.804688,-9.996094,,,,,,,,,,
acc,1778672693.0,112.0,-0.457031,3.613281,-9.648438,,,,,,,,,,
acc,1778672693.0,112.0,-0.417969,3.5,-10.21875,,,,,,,,,,
acc,1778672693.0,112.0,-0.417969,3.460938,-9.609375,,,,,,,,,,
acc,1778672693.0,112.0,-0.648438,3.804688,-9.953125,,,,,,,,,,
acc,1778672693.0,112.0,-0.648438,3.921875,-9.875,,,,,,,,,,
acc,1778672693.0,112.0,-0.417969,4.035156,-9.800781,,,,,,,,,,
acc,1778672693.0,112.0,-0.535156,4.339844,-9.691406,,,,,,,,,,
acc,1778672693.0,112.0,-0.6875,4.378906,-9.835938,,,,,,,,,,
acc,1778672693.0,112.0,-0.496094,3.804688,-9.996094,,,,,,,,,,
acc,1778672693.0,112.0,-0.496094,3.726562,-9.574219,,,,,,,,,,
acc,1778672693.0,112.0,-0.535156,3.726562,-10.21875,,,,,,,,,,
acc,1778672693.0,112.0,-0.613281,3.882812,-9.835938,,,,,,,,,,
acc,1778672693.0,112.0,-0.648438,3.921875,-9.492188,,,,,,,,,,
acc,1778672693.0,112.0,-0.535156,3.804688,-9.996094,,,,,,,,,,
acc,1778672693.0,112.0,-0.34375,3.957031,-9.609375,,,,,,,,,,
acc,1778672693.0,112.0,-0.457031,3.921875,-9.917969,,,,,,,,,,
acc,1778672693.0,112.0,-0.613281,3.726562,-9.992188,,,,,,,,,,
acc,1778672693.0,112.0,-0.574219,3.804688,-10.03125,,,,,,,,,,
acc,1778672693.0,112.0,-0.457031,3.882812,-9.992188,,,,,,,,,,
acc,1778672693.0,112.0,-0.417969,3.691406,-9.761719,,,,,,,,,,
acc,1778672693.0,112.0,-0.457031,3.652344,-9.953125,,,,,,,,,,
acc,1778672693.0,112.0,-0.535156,3.5,-9.835938,,,,,,,,,,
acc,1778672693.0,112.0,-0.574219,3.421875,-9.757812,,,,,,,,,,
acc,1778672693.0,112.0,-0.613281,3.726562,-10.074219,,,,,,,,,,
acc,1778672693.0,112.0,-0.496094,3.691406,-9.839844,,,,,,,,,,
acc,1778672693.0,112.0,-0.496094,3.957031,-10.03125,,,,,,,,,,
acc,1778672693.0,112.0,-0.496094,4.148438,-9.957031,,,,,,,,,,
acc,1778672693.0,112.0,-0.496094,3.804688,-10.070312,,,,,,,,,,
acc,1778672693.0,112.0,-0.457031,3.726562,-9.648438,,,,,,,,,,
acc,1778672693.0,112.0,-0.34375,3.84375,-10.03125,,,,,,,,,,
acc,1778672693.0,112.0,-0.226562,3.84375,-9.757812,,,,,,,,,,
acc,1778672693.0,112.0,-0.265625,3.84375,-9.726562,,,,,,,,,,
acc,1778672693.0,112.0,-0.226562,3.691406,-9.839844,,,,,,,,,,
acc,1778672693.0,112.0,-0.34375,3.882812,-9.730469,,,,,,,,,,
acc,1778672693.0,112.0,-0.304688,3.34375,-9.917969,,,,,,,,,,
acc,1778672693.0,112.0,0.0,3.613281,-10.03125,,,,,,,,,,
acc,1778672693.0,112.0,-0.035156,3.652344,-9.53125,,,,,,,,,,
acc,1778672693.0,112.0,-0.191406,3.613281,-9.996094,,,,,,,,,,
acc,1778672693.0,112.0,-0.152344,4.074219,-9.535156,,,,,,,,,,
acc,1778672693.0,112.0,-0.113281,4.148438,-9.761719,,,,,,,,,,
acc,1778672693.0,112.0,-0.34375,4.148438,-9.613281,,,,,,,,,,
acc,1778672693.0,112.0,-0.152344,3.996094,-9.691406,,,,,,,,,,
acc,1778672693.0,112.0,0.039062,3.804688,-9.570312,,,,,,,,,,
acc,1778672693.0,112.0,-0.113281,3.5,-10.109375,,,,,,,,,,
acc,1778672693.0,112.0,-0.152344,3.613281,-9.453125,,,,,,,,,,
acc,1778672693.0,112.0,-0.304688,3.765625,-9.953125,,,,,,,,,,
acc,1778672693.0,112.0,-0.191406,3.574219,-9.800781,,,,,,,,,,
acc,1778672693.0,112.0,-0.035156,3.726562,-9.492188,,,,,,,,,,
acc,1778672693.0,112.0,-0.113281,3.613281,-9.648438,,,,,,,,,,
acc,1778672693.0,112.0,-0.191406,3.191406,-9.757812,,,,,,,,,,
acc,1778672693.0,112.0,-0.191406,3.382812,-9.761719,,,,,,,,,,
acc,1778672693.0,112.0,-0.457031,3.34375,-9.648438,,,,,,,,,,
acc,1778672693.0,112.0,-0.382812,3.5,-10.109375,,,,,,,,,,
acc,1778672693.0,112.0,-0.226562,3.84375,-9.730469,,,,,,,,,,
acc,1778672693.0,112.0,-0.152344,3.460938,-9.730469,,,,,,,,,,
acc,1778672693.0,112.0,-0.152344,3.535156,-9.414062,,,,,,,,,,
acc,1778672693.0,112.0,-0.191406,3.726562,-9.613281,,,,,,,,,,
acc,1778672693.0,112.0,-0.074219,3.5,-9.6875,,,,,,,,,,
acc,1778672693.0,112.0,0.0,3.84375,-9.609375,,,,,,,,,,
acc,1778672693.0,112.0,-0.265625,3.804688,-9.648438,,,,,,,,,,
acc,1778672693.0,112.0,-0.226562,3.613281,-10.03125,,,,,,,,,,
acc,1778672693.0,112.0,-0.113281,3.535156,-9.648438,,,,,,,,,,
acc,1778672693.0,112.0,-0.074219,3.574219,-9.835938,,,,,,,,,,
acc,1778672693.0,112.0,-0.226562,3.382812,-9.800781,,,,,,,,,,
acc,1778672693.0,112.0,-0.074219,3.652344,-9.957031,,,,,,,,,,
acc,1778672693.0,112.0,-0.382812,3.921875,-9.34375,,,,,,,,,,
acc,1778672693.0,112.0,-0.382812,3.308594,-10.21875,,,,,,,,,,
acc,1778672693.0,112.0,-0.191406,3.613281,-9.726562,,,,,,,,,,
acc,1778672693.0,112.0,-0.304688,3.652344,-9.6875,,,,,,,,,,
acc,1778672693.0,112.0,-0.34375,3.117188,-10.03125,,,,,,,,,,
acc,1778672693.0,112.0,-0.265625,3.34375,-9.726562,,,,,,,,,,
acc,1778672693.0,112.0,-0.417969,3.726562,-10.148438,,,,,,,,,,
acc,1778672693.0,112.0,-0.265625,3.535156,-10.179688,,,,,,,,,,
acc,1778672693.0,112.0,-0.191406,3.804688,-9.914062,,,,,,,,,,
acc,1778672693.0,112.0,-0.417969,3.804688,-9.726562,,,,,,,,,,
acc,1778672693.0,112.0,-0.382812,3.421875,-9.839844,,,,,,,,,,
acc,1778672693.0,112.0,-0.34375,3.574219,-9.917969,,,,,,,,,,
acc,1778672693.0,112.0,-0.417969,3.382812,-9.875,,,,,,,,,,
acc,1778672693.0,112.0,-0.496094,3.230469,-9.839844,,,,,,,,,,
acc,1778672693.0,112.0,-0.457031,3.382812,-10.148438,,,,,,,,,,
acc,1778672693.0,112.0,-0.496094,3.691406,-9.652344,,,,,,,,,,
acc,1778672693.0,112.0,-0.457031,3.882812,-9.914062,,,,,,,,,,
acc,1778672693.0,112.0,-0.496094,3.574219,-9.996094,,,,,,,,,,
acc,1778672693.0,112.0,-0.417969,3.691406,-9.957031,,,,,,,,,,
acc,1778672694.0,113.0,-0.34375,3.613281,-9.757812,,,,,,,,,,
acc,1778672694.0,113.0,-0.304688,3.535156,-9.839844,,,,,,,,,,
acc,1778672694.0,113.0,-0.265625,3.84375,-9.796875,,,,,,,,,,
acc,1778672694.0,113.0,-0.113281,3.957031,-9.800781,,,,,,,,,,
acc,1778672694.0,113.0,-0.191406,3.882812,-10.070312,,,,,,,,,,
acc,1778672694.0,113.0,-0.304688,3.84375,-9.917969,,,,,,,,,,
acc,1778672694.0,113.0,-0.34375,3.5,-10.109375,,,,,,,,,,
acc,1778672694.0,113.0,-0.265625,3.460938,-10.035156,,,,,,,,,,
acc,1778672694.0,113.0,-0.226562,3.613281,-10.148438,,,,,,,,,,
acc,1778672694.0,113.0,-0.304688,3.84375,-9.878906,,,,,,,,,,
acc,1778672694.0,113.0,-0.457031,3.535156,-9.992188,,,,,,,,,,
acc,1778672694.0,113.0,-0.457031,3.5,-9.914062,,,,,,,,,,
acc,1778672694.0,113.0,-0.535156,3.921875,-9.917969,,,,,,,,,,
acc,1778672694.0,113.0,-0.574219,3.535156,-10.152344,,,,,,,,,,
acc,1778672694.0,113.0,-0.6875,3.765625,-9.570312,,,,,,,,,,
acc,1778672694.0,113.0,-0.804688,3.804688,-10.148438,,,,,,,,,,
acc,1778672694.0,113.0,-0.6875,3.804688,-9.957031,,,,,,,,,,
acc,1778672694.0,113.0,-0.613281,3.613281,-9.914062,,,,,,,,,,
acc,1778672694.0,113.0,-0.574219,3.765625,-9.953125,,,,,,,,,,
acc,1778672694.0,113.0,-0.613281,3.652344,-9.492188,,,,,,,,,,
acc,1778672694.0,113.0,-0.496094,3.765625,-9.957031,,,,,,,,,,
acc,1778672694.0,113.0,-0.457031,3.726562,-9.730469,,,,,,,,,,
acc,1778672694.0,113.0,-0.496094,3.957031,-10.074219,,,,,,,,,,
acc,1778672694.0,113.0,-0.804688,4.417969,-9.957031,,,,,,,,,,
acc,1778672694.0,113.0,-0.804688,4.1875,-9.996094,,,,,,,,,,
acc,1778672694.0,113.0,-0.613281,4.113281,-9.835938,,,,,,,,,,
acc,1778672694.0,113.0,-0.535156,3.996094,-9.375,,,,,,,,,,
acc,1778672694.0,113.0,-0.382812,3.996094,-9.953125,,,,,,,,,,
acc,1778672694.0,113.0,-0.226562,3.726562,-9.347656,,,,,,,,,,
acc,1778672694.0,113.0,-0.304688,4.226562,-9.535156,,,,,,,,,,
acc,1778672694.0,113.0,-0.34375,3.765625,-9.996094,,,,,,,,,,
acc,1778672694.0,113.0,-0.226562,3.765625,-9.457031,,,,,,,,,,
acc,1778672694.0,113.0,-0.226562,3.921875,-9.652344,,,,,,,,,,
acc,1778672694.0,113.0,-0.152344,3.460938,-9.730469,,,,,,,,,,
acc,1778672694.0,113.0,-0.152344,3.765625,-9.796875,,,,,,,,,,
acc,1778672694.0,113.0,-0.226562,3.652344,-9.609375,,,,,,,,,,
acc,1778672694.0,113.0,-0.152344,3.765625,-9.878906,,,,,,,,,,
acc,1778672694.0,113.0,-0.265625,3.613281,-9.726562,,,,,,,,,,
acc,1778672694.0,113.0,-0.417969,3.535156,-10.03125,,,,,,,,,,
acc,1778672694.0,113.0,-0.382812,3.382812,-9.835938,,,,,,,,,,
acc,1778672694.0,113.0,-0.382812,3.34375,-9.875,,,,,,,,,,
acc,1778672694.0,113.0,-0.457031,3.269531,-9.800781,,,,,,,,,,
acc,1778672694.0,113.0,-0.304688,3.535156,-9.917969,,,,,,,,,,
acc,1778672694.0,113.0,-0.265625,3.804688,-9.875,,,,,,,,,,
acc,1778672694.0,113.0,-0.304688,3.535156,-9.957031,,,,,,,,,,
acc,1778672694.0,113.0,-0.265625,3.460938,-9.6875,,,,,,,,,,
acc,1778672694.0,113.0,-0.226562,3.382812,-9.914062,,,,,,,,,,
acc,1778672694.0,113.0,-0.382812,3.191406,-9.839844,,,,,,,,,,
acc,1778672694.0,113.0,-0.265625,3.308594,-9.613281,,,,,,,,,,
acc,1778672694.0,113.0,-0.191406,3.765625,-9.648438,,,,,,,,,,
acc,1778672694.0,113.0,-0.191406,4.113281,-9.269531,,,,,,,,,,
acc,1778672694.0,113.0,-0.191406,4.265625,-9.492188,,,,,,,,,,
acc,1778672694.0,113.0,-0.265625,3.921875,-9.414062,,,,,,,,,,
acc,1778672694.0,113.0,-0.226562,3.957031,-9.492188,,,,,,,,,,
acc,1778672694.0,113.0,-0.035156,3.652344,-9.574219,,,,,,,,,,
acc,1778672694.0,113.0,-0.074219,3.882812,-9.378906,,,,,,,,,,
acc,1778672694.0,113.0,-0.152344,4.074219,-9.761719,,,,,,,,,,
acc,1778672694.0,113.0,-0.34375,3.804688,-9.570312,,,,,,,,,,
acc,1778672694.0,113.0,-0.152344,3.921875,-9.652344,,,,,,,,,,
acc,1778672694.0,113.0,-0.074219,3.535156,-9.496094,,,,,,,,,,
acc,1778672694.0,113.0,-0.035156,3.574219,-9.457031,,,,,,,,,,
acc,1778672694.0,113.0,-0.152344,3.726562,-9.492188,,,,,,,,,,
acc,1778672694.0,113.0,-0.152344,3.382812,-9.574219,,,,,,,,,,
acc,1778672694.0,113.0,-0.074219,3.574219,-9.53125,,,,,,,,,,
acc,1778672694.0,113.0,-0.191406,3.765625,-9.800781,,,,,,,,,,
acc,1778672694.0,113.0,-0.191406,3.34375,-9.570312,,,,,,,,,,
acc,1778672694.0,113.0,-0.34375,3.421875,-9.761719,,,,,,,,,,
acc,1778672694.0,113.0,-0.304688,3.652344,-9.996094,,,,,,,,,,
acc,1778672694.0,113.0,-0.417969,3.421875,-9.726562,,,,,,,,,,
acc,1778672694.0,113.0,-0.457031,3.652344,-9.835938,,,,,,,,,,
acc,1778672694.0,113.0,-0.535156,3.84375,-9.730469,,,,,,,,,,
acc,1778672694.0,113.0,-0.382812,3.230469,-9.652344,,,,,,,,,,
acc,1778672694.0,113.0,-0.191406,3.5,-9.878906,,,,,,,,,,
acc,1778672694.0,113.0,-0.265625,3.078125,-9.878906,,,,,,,,,,
acc,1778672694.0,113.0,-0.304688,2.925781,-9.878906,,,,,,,,,,
acc,1778672694.0,113.0,-0.382812,3.382812,-9.574219,,,,,,,,,,
acc,1778672694.0,113.0,-0.265625,3.382812,-10.152344,,,,,,,,,,
acc,1778672694.0,113.0,-0.226562,3.882812,-9.730469,,,,,,,,,,
acc,1778672694.0,113.0,-0.574219,4.035156,-9.839844,,,,,,,,,,
acc,1778672694.0,113.0,-0.574219,3.882812,-10.113281,,,,,,,,,,
acc,1778672694.0,113.0,-0.457031,3.574219,-9.652344,,,,,,,,,,
acc,1778672694.0,113.0,-0.34375,3.574219,-10.070312,,,,,,,,,,
acc,1778672694.0,113.0,-0.304688,3.535156,-10.070312,,,,,,,,,,
acc,1778672694.0,113.0,-0.382812,3.726562,-9.375,,,,,,,,,,
acc,1778672694.0,113.0,-0.496094,4.035156,-10.21875,,,,,,,,,,
acc,1778672694.0,113.0,-0.304688,4.148438,-9.347656,,,,,,,,,,
acc,1778672694.0,113.0,-0.304688,4.113281,-9.796875,,,,,,,,,,
acc,1778672694.0,113.0,-0.34375,3.921875,-9.417969,,,,,,,,,,
acc,1778672694.0,113.0,-0.382812,3.921875,-9.796875,,,,,,,,,,
acc,1778672694.0,113.0,-0.496094,3.691406,-9.535156,,,,,,,,,,
acc,1778672694.0,113.0,-0.417969,3.882812,-10.109375,,,,,,,,,,
acc,1778672694.0,113.0,-0.535156,3.574219,-9.652344,,,,,,,,,,
acc,1778672694.0,113.0,-0.574219,3.574219,-9.914062,,,,,,,,,,
acc,1778672694.0,113.0,-0.265625,3.613281,-10.152344,,,,,,,,,,
acc,1778672694.0,113.0,-0.304688,3.652344,-9.269531,,,,,,,,,,
acc,1778672694.0,113.0,-0.574219,3.34375,-10.222656,,,,,,,,,,
acc,1778672694.0,113.0,-0.574219,3.230469,-9.648438,,,,,,,,,,
acc,1778672694.0,113.0,-0.457031,3.613281,-9.800781,,,,,,,,,,
acc,1778672694.0,113.0,-0.265625,3.152344,-10.035156,,,,,,,,,,
acc,1778672694.0,113.0,-0.226562,3.34375,-9.648438,,,,,,,,,,
acc,1778672694.0,113.0,-0.457031,3.804688,-10.035156,,,,,,,,,,
acc,1778672694.0,113.0,-0.304688,3.613281,-9.917969,,,,,,,,,,
acc,1778672694.0,113.0,-0.191406,3.652344,-9.761719,,,,,,,,,,
acc,1778672694.0,113.0,-0.382812,3.34375,-9.835938,,,,,,,,,,
acc,1778672694.0,113.0,-0.265625,3.5,-9.996094,,,,,,,,,,
acc,1778672694.0,113.0,-0.152344,3.84375,-9.691406,,,,,,,,,,
acc,1778672694.0,113.0,-0.304688,3.691406,-9.492188,,,,,,,,,,
acc,1778672694.0,113.0,-0.265625,3.921875,-10.074219,,,,,,,,,,
acc,1778672694.0,113.0,-0.304688,3.996094,-9.761719,,,,,,,,,,
acc,1778672694.0,113.0,-0.382812,3.652344,-9.914062,,,,,,,,,,
acc,1778672694.0,113.0,-0.304688,3.726562,-9.878906,,,,,,,,,,
acc,1778672694.0,113.0,-0.265625,3.726562,-9.878906,,,,,,,,,,
acc,1778672694.0,113.0,-0.265625,3.574219,-9.914062,,,,,,,,,,
acc,1778672694.0,113.0,-0.152344,3.804688,-9.570312,,,,,,,,,,
acc,1778672694.0,113.0,-0.152344,3.804688,-9.996094,,,,,,,,,,
acc,1778672694.0,113.0,-0.035156,3.5,-9.757812,,,,,,,,,,
acc,1778672694.0,113.0,0.078125,3.574219,-9.996094,,,,,,,,,,
acc,1778672694.0,113.0,0.117188,3.691406,-9.6875,,,,,,,,,,
acc,1778672694.0,113.0,0.117188,3.5,-10.074219,,,,,,,,,,
acc,1778672694.0,113.0,0.117188,3.269531,-9.757812,,,,,,,,,,
acc,1778672694.0,113.0,0.039062,3.84375,-9.875,,,,,,,,,,
acc,1778672694.0,113.0,0.191406,3.765625,-10.148438,,,,,,,,,,
acc,1778672694.0,113.0,0.039062,3.613281,-9.265625,,,,,,,,,,
acc,1778672694.0,113.0,-0.035156,3.691406,-10.113281,,,,,,,,,,
acc,1778672694.0,113.0,-0.035156,3.421875,-9.457031,,,,,,,,,,
acc,1778672694.0,113.0,-0.191406,3.460938,-9.535156,,,,,,,,,,
acc,1778672694.0,113.0,-0.191406,3.230469,-9.757812,,,,,,,,,,
acc,1778672694.0,113.0,-0.152344,3.535156,-9.691406,,,,,,,,,,
acc,1778672695.0,114.0,-0.191406,3.574219,-9.800781,,,,,,,,,,
acc,1778672695.0,114.0,-0.191406,3.5,-9.570312,,,,,,,,,,
acc,1778672695.0,114.0,0.0,3.613281,-10.074219,,,,,,,,,,
acc,1778672695.0,114.0,-0.191406,3.382812,-9.152344,,,,,,,,,,
acc,1778672695.0,114.0,-0.265625,3.308594,-10.070312,,,,,,,,,,
acc,1778672695.0,114.0,-0.34375,3.535156,-9.609375,,,,,,,,,,
acc,1778672695.0,114.0,-0.417969,3.460938,-9.757812,,,,,,,,,,
acc,1778672695.0,114.0,-0.535156,3.804688,-9.996094,,,,,,,,,,
acc,1778672695.0,114.0,-0.574219,3.613281,-9.878906,,,,,,,,,,
acc,1778672695.0,114.0,-0.574219,3.460938,-9.839844,,,,,,,,,,
acc,1778672695.0,114.0,-0.457031,3.574219,-9.613281,,,,,,,,,,
acc,1778672695.0,114.0,-0.34375,3.34375,-9.914062,,,,,,,,,,
acc,1778672695.0,114.0,-0.417969,3.308594,-9.574219,,,,,,,,,,
acc,1778672695.0,114.0,-0.496094,3.613281,-9.992188,,,,,,,,,,
acc,1778672695.0,114.0,-0.417969,3.535156,-9.953125,,,,,,,,,,
acc,1778672695.0,114.0,-0.496094,3.691406,-9.6875,,,,,,,,,,
acc,1778672695.0,114.0,-0.496094,3.957031,-9.875,,,,,,,,,,
acc,1778672695.0,114.0,-0.457031,3.921875,-9.535156,,,,,,,,,,
acc,1778672695.0,114.0,-0.535156,3.691406,-9.417969,,,,,,,,,,
acc,1778672695.0,114.0,-0.496094,3.230469,-9.761719,,,,,,,,,,
acc,1778672695.0,114.0,-0.457031,3.308594,-9.730469,,,,,,,,,,
acc,1778672695.0,114.0,-0.613281,3.382812,-10.074219,,,,,,,,,,
acc,1778672695.0,114.0,-0.839844,3.535156,-9.757812,,,,,,,,,,
acc,1778672695.0,114.0,-0.839844,3.382812,-10.148438,,,,,,,,,,
acc,1778672695.0,114.0,-0.726562,3.691406,-9.996094,,,,,,,,,,
acc,1778672695.0,114.0,-0.765625,3.996094,-10.179688,,,,,,,,,,
acc,1778672695.0,114.0,-0.804688,3.652344,-10.222656,,,,,,,,,,
acc,1778672695.0,114.0,-0.6875,3.652344,-9.992188,,,,,,,,,,
acc,1778672695.0,114.0,-0.6875,3.613281,-10.335938,,,,,,,,,,
acc,1778672695.0,114.0,-0.6875,3.574219,-9.839844,,,,,,,,,,
acc,1778672695.0,114.0,-0.765625,3.460938,-10.152344,,,,,,,,,,
acc,1778672695.0,114.0,-0.6875,3.308594,-9.691406,,,,,,,,,,
acc,1778672695.0,114.0,-0.496094,3.804688,-9.6875,,,,,,,,,,
acc,1778672695.0,114.0,-0.304688,3.765625,-9.992188,,,,,,,,,,
acc,1778672695.0,114.0,-0.265625,3.804688,-9.492188,,,,,,,,,,
acc,1778672695.0,114.0,-0.457031,3.882812,-9.914062,,,,,,,,,,
acc,1778672695.0,114.0,-0.417969,3.535156,-9.757812,,,,,,,,,,
acc,1778672695.0,114.0,-0.34375,3.882812,-10.074219,,,,,,,,,,
acc,1778672695.0,114.0,-0.34375,3.574219,-9.726562,,,,,,,,,,
acc,1778672695.0,114.0,-0.304688,3.726562,-9.796875,,,,,,,,,,
acc,1778672695.0,114.0,-0.304688,3.84375,-9.878906,,,,,,,,,,
acc,1778672695.0,114.0,-0.265625,3.574219,-9.414062,,,,,,,,,,
acc,1778672695.0,114.0,-0.074219,3.5,-9.726562,,,,,,,,,,
acc,1778672695.0,114.0,-0.191406,3.726562,-9.761719,,,,,,,,,,
acc,1778672695.0,114.0,-0.113281,3.804688,-9.496094,,,,,,,,,,
acc,1778672695.0,114.0,-0.035156,3.726562,-9.492188,,,,,,,,,,
acc,1778672695.0,114.0,0.0,3.882812,-9.609375,,,,,,,,,,
acc,1778672695.0,114.0,0.039062,3.84375,-9.835938,,,,,,,,,,
acc,1778672695.0,114.0,-0.074219,3.84375,-9.726562,,,,,,,,,,
acc,1778672695.0,114.0,0.0,3.691406,-9.839844,,,,,,,,,,
acc,1778672695.0,114.0,0.0,3.574219,-9.796875,,,,,,,,,,
acc,1778672695.0,114.0,0.15625,3.652344,-9.757812,,,,,,,,,,
acc,1778672695.0,114.0,0.078125,3.535156,-9.914062,,,,,,,,,,
acc,1778672695.0,114.0,0.0,3.34375,-9.609375,,,,,,,,,,
acc,1778672695.0,114.0,0.039062,3.34375,-9.453125,,,,,,,,,,
acc,1778672695.0,114.0,0.039062,3.382812,-9.835938,,,,,,,,,,
acc,1778672695.0,114.0,0.0,3.269531,-9.304688,,,,,,,,,,
acc,1778672695.0,114.0,0.0,3.5,-9.730469,,,,,,,,,,
acc,1778672695.0,114.0,-0.074219,3.460938,-9.417969,,,,,,,,,,
acc,1778672695.0,114.0,0.0,3.460938,-9.574219,,,,,,,,,,
acc,1778672695.0,114.0,0.039062,3.535156,-9.800781,,,,,,,,,,
acc,1778672695.0,114.0,0.039062,3.5,-9.453125,,,,,,,,,,
acc,1778672695.0,114.0,-0.074219,3.382812,-9.839844,,,,,,,,,,
acc,1778672695.0,114.0,-0.152344,3.5,-9.648438,,,,,,,,,,
acc,1778672695.0,114.0,-0.152344,3.765625,-9.6875,,,,,,,,,,
acc,1778672695.0,114.0,-0.035156,3.535156,-9.648438,,,,,,,,,,
acc,1778672695.0,114.0,-0.035156,3.5,-9.609375,,,,,,,,,,
acc,1778672695.0,114.0,-0.074219,3.652344,-9.535156,,,,,,,,,,
acc,1778672695.0,114.0,-0.152344,3.957031,-9.757812,,,,,,,,,,
acc,1778672695.0,114.0,-0.226562,3.726562,-9.53125,,,,,,,,,,
acc,1778672695.0,114.0,-0.34375,3.804688,-9.996094,,,,,,,,,,
acc,1778672695.0,114.0,-0.417969,3.613281,-9.53125,,,,,,,,,,
acc,1778672695.0,114.0,-0.265625,3.421875,-9.914062,,,,,,,,,,
acc,1778672695.0,114.0,-0.226562,3.460938,-9.347656,,,,,,,,,,
acc,1778672695.0,114.0,-0.265625,3.652344,-9.917969,,,,,,,,,,
acc,1778672695.0,114.0,-0.34375,3.804688,-9.417969,,,,,,,,,,
acc,1778672695.0,114.0,-0.417969,3.535156,-9.730469,,,,,,,,,,
acc,1778672695.0,114.0,-0.496094,3.574219,-9.761719,,,,,,,,,,
acc,1778672695.0,114.0,-0.382812,2.925781,-9.648438,,,,,,,,,,
acc,1778672695.0,114.0,-0.417969,3.0,-9.914062,,,,,,,,,,
acc,1778672695.0,114.0,-0.382812,3.308594,-9.609375,,,,,,,,,,
acc,1778672695.0,114.0,-0.382812,3.421875,-10.035156,,,,,,,,,,
acc,1778672695.0,114.0,-0.457031,3.34375,-9.757812,,,,,,,,,,
acc,1778672695.0,114.0,-0.535156,3.996094,-10.21875,,,,,,,,,,
acc,1778672695.0,114.0,-0.613281,3.957031,-9.875,,,,,,,,,,
acc,1778672695.0,114.0,-0.613281,3.5,-9.875,,,,,,,,,,
acc,1778672695.0,114.0,-0.574219,3.691406,-10.257812,,,,,,,,,,
acc,1778672695.0,114.0,-0.496094,3.421875,-9.726562,,,,,,,,,,
acc,1778672695.0,114.0,-0.457031,3.230469,-10.261719,,,,,,,,,,
acc,1778672695.0,114.0,-0.535156,3.0,-9.648438,,,,,,,,,,
acc,1778672695.0,114.0,-0.496094,3.039062,-10.074219,,,,,,,,,,
acc,1778672695.0,114.0,-0.496094,3.269531,-9.757812,,,,,,,,,,
acc,1778672695.0,114.0,-0.457031,3.460938,-9.875,,,,,,,,,,
acc,1778672695.0,114.0,-0.535156,3.957031,-9.914062,,,,,,,,,,
acc,1778672695.0,114.0,-0.496094,4.074219,-10.113281,,,,,,,,,,
acc,1778672695.0,114.0,-0.34375,3.691406,-9.761719,,,,,,,,,,
acc,1778672695.0,114.0,-0.226562,3.574219,-10.261719,,,,,,,,,,
acc,1778672695.0,114.0,-0.34375,3.152344,-9.992188,,,,,,,,,,
acc,1778672695.0,114.0,-0.417969,3.460938,-10.183594,,,,,,,,,,
acc,1778672695.0,114.0,-0.34375,3.535156,-10.257812,,,,,,,,,,
acc,1778672695.0,114.0,-0.265625,3.84375,-9.796875,,,,,,,,,,
acc,1778672695.0,114.0,-0.34375,4.148438,-9.839844,,,,,,,,,,
acc,1778672695.0,114.0,-0.382812,4.1875,-9.875,,,,,,,,,,
acc,1778672695.0,114.0,-0.417969,4.074219,-9.652344,,,,,,,,,,
acc,1778672695.0,114.0,-0.457031,3.804688,-9.726562,,,,,,,,,,
acc,1778672695.0,114.0,-0.417969,3.652344,-9.757812,,,,,,,,,,
acc,1778672695.0,114.0,-0.191406,3.460938,-9.917969,,,,,,,,,,
acc,1778672695.0,114.0,-0.226562,3.5,-9.800781,,,,,,,,,,
acc,1778672695.0,114.0,-0.265625,3.652344,-9.726562,,,,,,,,,,
acc,1778672695.0,114.0,-0.152344,3.691406,-9.878906,,,,,,,,,,
acc,1778672695.0,114.0,-0.226562,3.726562,-9.574219,,,,,,,,,,
acc,1778672695.0,114.0,-0.265625,3.957031,-9.839844,,,,,,,,,,
acc,1778672695.0,114.0,-0.265625,4.1875,-9.613281,,,,,,,,,,
acc,1778672695.0,114.0,-0.226562,3.957031,-9.609375,,,,,,,,,,
acc,1778672695.0,114.0,-0.113281,3.652344,-9.730469,,,,,,,,,,
acc,1778672695.0,114.0,-0.074219,3.574219,-9.757812,,,,,,,,,,
acc,1778672695.0,114.0,-0.226562,3.421875,-9.917969,,,,,,,,,,
acc,1778672695.0,114.0,-0.417969,3.34375,-9.691406,,,,,,,,,,
acc,1778672695.0,114.0,-0.457031,3.382812,-9.875,,,,,,,,,,
acc,1778672695.0,114.0,-0.265625,3.652344,-9.761719,,,,,,,,,,
acc,1778672695.0,114.0,-0.265625,3.882812,-9.652344,,,,,,,,,,
acc,1778672695.0,114.0,-0.304688,3.535156,-9.726562,,,,,,,,,,
acc,1778672695.0,114.0,-0.304688,3.613281,-9.1875,,,,,,,,,,
acc,1778672695.0,114.0,-0.265625,3.269531,-9.957031,,,,,,,,,,
acc,1778672695.0,114.0,-0.226562,3.421875,-9.34375,,,,,,,,,,
acc,1778672695.0,114.0,-0.417969,3.460938,-9.835938,,,,,,,,,,
acc,1778672695.0,114.0,-0.417969,3.460938,-9.835938,,,,,,,,,,
acc,1778672696.0,115.0,-0.265625,3.882812,-9.613281,,,,,,,,,,
acc,1778672696.0,115.0,-0.265625,3.921875,-9.492188,,,,,,,,,,
acc,1778672696.0,115.0,-0.304688,4.457031,-9.535156,,,,,,,,,,
acc,1778672696.0,115.0,-0.382812,4.496094,-9.691406,,,,,,,,,,
acc,1778672696.0,115.0,-0.417969,4.113281,-9.691406,,,,,,,,,,
acc,1778672696.0,115.0,-0.304688,3.996094,-9.839844,,,,,,,,,,
acc,1778672696.0,115.0,-0.34375,3.691406,-9.839844,,,,,,,,,,
acc,1778672696.0,115.0,-0.457031,3.652344,-9.800781,,,,,,,,,,
acc,1778672696.0,115.0,-0.191406,3.726562,-10.222656,,,,,,,,,,
acc,1778672696.0,115.0,-0.152344,3.574219,-9.378906,,,,,,,,,,
acc,1778672696.0,115.0,0.0,3.535156,-9.914062,,,,,,,,,,
acc,1778672696.0,115.0,0.0,3.957031,-9.453125,,,,,,,,,,
acc,1778672696.0,115.0,-0.035156,3.996094,-9.574219,,,,,,,,,,
acc,1778672696.0,115.0,-0.113281,3.613281,-9.414062,,,,,,,,,,
acc,1778672696.0,115.0,-0.265625,3.652344,-9.878906,,,,,,,,,,
acc,1778672696.0,115.0,-0.304688,3.574219,-9.691406,,,,,,,,,,
acc,1778672696.0,115.0,-0.074219,3.726562,-9.726562,,,,,,,,,,
acc,1778672696.0,115.0,-0.152344,3.5,-9.992188,,,,,,,,,,
acc,1778672696.0,115.0,-0.113281,3.691406,-9.613281,,,,,,,,,,
acc,1778672696.0,115.0,-0.226562,4.148438,-9.839844,,,,,,,,,,
acc,1778672696.0,115.0,-0.035156,3.652344,-9.914062,,,,,,,,,,
acc,1778672696.0,115.0,-0.152344,3.921875,-9.113281,,,,,,,,,,
acc,1778672696.0,115.0,-0.265625,3.726562,-10.261719,,,,,,,,,,
acc,1778672696.0,115.0,-0.152344,3.460938,-9.800781,,,,,,,,,,
acc,1778672696.0,115.0,-0.074219,3.191406,-9.453125,,,,,,,,,,
acc,1778672696.0,115.0,-0.304688,2.808594,-10.457031,,,,,,,,,,
acc,1778672696.0,115.0,-0.191406,2.960938,-9.535156,,,,,,,,,,
acc,1778672696.0,115.0,-0.074219,3.421875,-9.992188,,,,,,,,,,
acc,1778672696.0,115.0,-0.035156,3.308594,-9.414062,,,,,,,,,,
acc,1778672696.0,115.0,0.039062,3.5,-9.757812,,,,,,,,,,
acc,1778672696.0,115.0,-0.074219,3.765625,-9.757812,,,,,,,,,,
acc,1778672696.0,115.0,-0.191406,3.269531,-9.535156,,,,,,,,,,
acc,1778672696.0,115.0,0.0,3.421875,-9.996094,,,,,,,,,,
acc,1778672696.0,115.0,-0.074219,3.34375,-9.570312,,,,,,,,,,
acc,1778672696.0,115.0,-0.035156,3.5,-9.992188,,,,,,,,,,
acc,1778672696.0,115.0,0.078125,3.34375,-9.609375,,,,,,,,,,
acc,1778672696.0,115.0,-0.074219,3.152344,-9.957031,,,,,,,,,,
acc,1778672696.0,115.0,-0.074219,3.382812,-10.035156,,,,,,,,,,
acc,1778672696.0,115.0,-0.265625,3.574219,-9.53125,,,,,,,,,,
acc,1778672696.0,115.0,-0.34375,3.652344,-10.074219,,,,,,,,,,
acc,1778672696.0,115.0,-0.226562,3.460938,-9.609375,,,,,,,,,,
acc,1778672696.0,115.0,-0.265625,3.421875,-9.648438,,,,,,,,,,
acc,1778672696.0,115.0,-0.34375,3.613281,-9.953125,,,,,,,,,,
acc,1778672696.0,115.0,-0.382812,3.652344,-9.730469,,,,,,,,,,
acc,1778672696.0,115.0,-0.417969,3.652344,-9.835938,,,,,,,,,,
acc,1778672696.0,115.0,-0.457031,3.613281,-10.183594,,,,,,,,,,
acc,1778672696.0,115.0,-0.535156,3.84375,-9.757812,,,,,,,,,,
acc,1778672696.0,115.0,-0.457031,3.996094,-9.953125,,,,,,,,,,
acc,1778672696.0,115.0,-0.417969,3.613281,-9.757812,,,,,,,,,,
acc,1778672696.0,115.0,-0.382812,3.382812,-9.800781,,,,,,,,,,
acc,1778672696.0,115.0,-0.417969,3.84375,-9.835938,,,,,,,,,,
acc,1778672696.0,115.0,-0.382812,3.765625,-9.878906,,,,,,,,,,
acc,1778672696.0,115.0,-0.496094,4.035156,-9.648438,,,,,,,,,,
acc,1778672696.0,115.0,-0.574219,3.765625,-10.21875,,,,,,,,,,
acc,1778672696.0,115.0,-0.496094,3.421875,-9.878906,,,,,,,,,,
acc,1778672696.0,115.0,-0.613281,3.765625,-9.6875,,,,,,,,,,
acc,1778672696.0,115.0,-0.496094,3.152344,-10.21875,,,,,,,,,,
acc,1778672696.0,115.0,-0.34375,3.308594,-9.148438,,,,,,,,,,
acc,1778672696.0,115.0,-0.574219,3.652344,-10.152344,,,,,,,,,,
acc,1778672696.0,115.0,-0.535156,3.5,-9.730469,,,,,,,,,,
acc,1778672696.0,115.0,-0.457031,3.804688,-9.839844,,,,,,,,,,
acc,1778672696.0,115.0,-0.457031,3.996094,-10.074219,,,,,,,,,,
acc,1778672696.0,115.0,-0.457031,3.804688,-9.726562,,,,,,,,,,
acc,1778672696.0,115.0,-0.382812,3.921875,-10.179688,,,,,,,,,,
acc,1778672696.0,115.0,-0.265625,3.726562,-9.417969,,,,,,,,,,
acc,1778672696.0,115.0,-0.265625,3.5,-10.179688,,,,,,,,,,
acc,1778672696.0,115.0,-0.265625,3.269531,-9.957031,,,,,,,,,,
acc,1778672696.0,115.0,-0.496094,3.191406,-9.6875,,,,,,,,,,
acc,1778672696.0,115.0,-0.535156,3.382812,-10.21875,,,,,,,,,,
acc,1778672696.0,115.0,-0.417969,3.382812,-9.914062,,,,,,,,,,
acc,1778672696.0,115.0,-0.34375,3.382812,-10.03125,,,,,,,,,,
acc,1778672696.0,115.0,-0.496094,3.613281,-10.183594,,,,,,,,,,
acc,1778672696.0,115.0,-0.574219,3.460938,-9.917969,,,,,,,,,,
acc,1778672696.0,115.0,-0.417969,3.308594,-9.953125,,,,,,,,,,
acc,1778672696.0,115.0,-0.265625,3.5,-9.761719,,,,,,,,,,
acc,1778672696.0,115.0,-0.074219,3.269531,-9.761719,,,,,,,,,,
acc,1778672696.0,115.0,-0.074219,3.421875,-9.648438,,,,,,,,,,
acc,1778672696.0,115.0,-0.226562,3.613281,-9.914062,,,,,,,,,,
acc,1778672696.0,115.0,-0.152344,3.652344,-9.953125,,,,,,,,,,
acc,1778672696.0,115.0,-0.265625,3.613281,-9.6875,,,,,,,,,,
acc,1778672696.0,115.0,-0.382812,3.613281,-9.953125,,,,,,,,,,
acc,1778672696.0,115.0,-0.226562,3.460938,-9.648438,,,,,,,,,,
acc,1778672696.0,115.0,-0.152344,3.308594,-9.574219,,,,,,,,,,
acc,1778672696.0,115.0,-0.226562,3.691406,-9.796875,,,,,,,,,,
acc,1778672696.0,115.0,-0.265625,3.691406,-9.609375,,,,,,,,,,
acc,1778672696.0,115.0,-0.265625,3.652344,-9.6875,,,,,,,,,,
acc,1778672696.0,115.0,-0.304688,3.652344,-9.761719,,,,,,,,,,
acc,1778672696.0,115.0,-0.152344,3.460938,-9.691406,,,,,,,,,,
acc,1778672696.0,115.0,-0.265625,3.460938,-9.570312,,,,,,,,,,
acc,1778672696.0,115.0,-0.035156,3.230469,-9.652344,,,,,,,,,,
acc,1778672696.0,115.0,0.0,3.039062,-9.304688,,,,,,,,,,
acc,1778672696.0,115.0,0.0,3.230469,-9.761719,,,,,,,,,,
acc,1778672696.0,115.0,-0.035156,3.691406,-9.34375,,,,,,,,,,
acc,1778672696.0,115.0,-0.265625,3.84375,-9.457031,,,,,,,,,,
acc,1778672696.0,115.0,-0.304688,3.804688,-9.875,,,,,,,,,,
acc,1778672696.0,115.0,-0.34375,3.765625,-9.457031,,,,,,,,,,
acc,1778672696.0,115.0,-0.34375,3.765625,-9.839844,,,,,,,,,,
acc,1778672696.0,115.0,-0.304688,3.726562,-9.613281,,,,,,,,,,
acc,1778672696.0,115.0,-0.304688,3.84375,-9.917969,,,,,,,,,,
acc,1778672696.0,115.0,-0.191406,3.804688,-9.492188,,,,,,,,,,
acc,1778672696.0,115.0,-0.113281,3.652344,-9.730469,,,,,,,,,,
acc,1778672696.0,115.0,-0.113281,3.269531,-9.574219,,,,,,,,,,
acc,1778672696.0,115.0,-0.113281,3.613281,-9.609375,,,,,,,,,,
acc,1778672696.0,115.0,-0.226562,3.613281,-9.609375,,,,,,,,,,
acc,1778672696.0,115.0,-0.191406,3.421875,-9.53125,,,,,,,,,,
acc,1778672696.0,115.0,-0.265625,3.5,-9.796875,,,,,,,,,,
acc,1778672696.0,115.0,-0.496094,3.804688,-9.570312,,,,,,,,,,
acc,1778672696.0,115.0,-0.382812,3.574219,-9.878906,,,,,,,,,,
acc,1778672696.0,115.0,-0.34375,3.691406,-9.6875,,,,,,,,,,
acc,1778672696.0,115.0,-0.34375,3.691406,-9.496094,,,,,,,,,,
acc,1778672696.0,115.0,-0.34375,3.84375,-9.992188,,,,,,,,,,
acc,1778672696.0,115.0,-0.417969,3.726562,-9.53125,,,,,,,,,,
acc,1778672696.0,115.0,-0.417969,3.460938,-9.730469,,,,,,,,,,
acc,1778672696.0,115.0,-0.265625,3.230469,-9.757812,,,,,,,,,,
acc,1778672696.0,115.0,-0.074219,3.230469,-9.609375,,,,,,,,,,
acc,1778672696.0,115.0,-0.191406,3.382812,-9.570312,,,,,,,,,,
acc,1778672696.0,115.0,-0.152344,3.34375,-9.914062,,,,,,,,,,
acc,1778672696.0,115.0,-0.152344,3.765625,-9.6875,,,,,,,,,,
acc,1778672696.0,115.0,-0.226562,3.5,-9.757812,,,,,,,,,,
acc,1778672696.0,115.0,-0.191406,3.421875,-9.757812,,,,,,,,,,
acc,1778672696.0,115.0,-0.113281,3.34375,-9.574219,,,,,,,,,,
acc,1778672696.0,115.0,-0.191406,3.230469,-9.800781,,,,,,,,,,
acc,1778672696.0,115.0,-0.113281,3.460938,-9.835938,,,,,,,,,,
acc,1778672696.0,115.0,-0.152344,3.460938,-9.914062,,,,,,,,,,
acc,1778672696.0,115.0,-0.265625,3.421875,-10.074219,,,,,,,,,,
acc,1778672696.0,115.0,-0.304688,3.5,-9.839844,,,,,,,,,,
acc,1778672696.0,115.0,-0.191406,3.691406,-9.953125,,,,,,,,,,
acc,1778672697.0,116.0,-0.074219,3.613281,-9.6875,,,,,,,,,,
acc,1778672697.0,116.0,-0.191406,3.613281,-9.613281,,,,,,,,,,
acc,1778672697.0,116.0,-0.113281,3.535156,-9.953125,,,,,,,,,,
acc,1778672697.0,116.0,-0.074219,3.34375,-9.613281,,,,,,,,,,
acc,1778672697.0,116.0,-0.035156,3.421875,-9.6875,,,,,,,,,,
acc,1778672697.0,116.0,-0.074219,3.421875,-9.730469,,,,,,,,,,
acc,1778672697.0,116.0,-0.074219,3.535156,-9.878906,,,,,,,,,,
acc,1778672697.0,116.0,-0.113281,3.691406,-9.957031,,,,,,,,,,
acc,1778672697.0,116.0,-0.226562,3.613281,-9.953125,,,,,,,,,,
acc,1778672697.0,116.0,-0.265625,3.5,-10.035156,,,,,,,,,,
acc,1778672697.0,116.0,-0.191406,3.613281,-10.035156,,,,,,,,,,
acc,1778672697.0,116.0,-0.152344,3.726562,-9.875,,,,,,,,,,
acc,1778672697.0,116.0,-0.152344,3.269531,-9.730469,,,,,,,,,,
acc,1778672697.0,116.0,-0.035156,3.308594,-9.953125,,,,,,,,,,
acc,1778672697.0,116.0,-0.035156,3.5,-9.914062,,,,,,,,,,
acc,1778672697.0,116.0,-0.074219,3.652344,-9.839844,,,,,,,,,,
acc,1778672697.0,116.0,-0.035156,4.035156,-9.609375,,,,,,,,,,
acc,1778672697.0,116.0,0.117188,3.921875,-9.878906,,,,,,,,,,
acc,1778672697.0,116.0,-0.074219,4.035156,-9.796875,,,,,,,,,,
acc,1778672697.0,116.0,-0.113281,4.035156,-9.730469,,,,,,,,,,
acc,1778672697.0,116.0,-0.152344,3.574219,-9.761719,,,,,,,,,,
acc,1778672697.0,116.0,-0.113281,3.308594,-9.691406,,,,,,,,,,
acc,1778672697.0,116.0,-0.074219,3.191406,-10.03125,,,,,,,,,,
acc,1778672697.0,116.0,-0.074219,3.269531,-9.996094,,,,,,,,,,
acc,1778672697.0,116.0,-0.226562,3.34375,-9.953125,,,,,,,,,,
acc,1778672697.0,116.0,-0.382812,3.308594,-10.109375,,,,,,,,,,
acc,1778672697.0,116.0,-0.304688,3.308594,-9.996094,,,,,,,,,,
acc,1778672697.0,116.0,-0.191406,3.613281,-9.839844,,,,,,,,,,
acc,1778672697.0,116.0,-0.382812,3.691406,-9.796875,,,,,,,,,,
acc,1778672697.0,116.0,-0.382812,3.726562,-9.953125,,,,,,,,,,
acc,1778672697.0,116.0,-0.417969,4.035156,-9.757812,,,,,,,,,,
acc,1778672697.0,116.0,-0.457031,3.691406,-9.761719,,,,,,,,,,
acc,1778672697.0,116.0,-0.496094,3.765625,-9.996094,,,,,,,,,,
acc,1778672697.0,116.0,-0.457031,3.84375,-9.914062,,,,,,,,,,
acc,1778672697.0,116.0,-0.574219,3.574219,-9.800781,,,,,,,,,,
acc,1778672697.0,116.0,-0.382812,3.726562,-9.914062,,,,,,,,,,
acc,1778672697.0,116.0,-0.417969,3.34375,-9.648438,,,,,,,,,,
acc,1778672697.0,116.0,-0.535156,3.5,-9.835938,,,,,,,,,,
acc,1778672697.0,116.0,-0.574219,3.535156,-9.996094,,,,,,,,,,
acc,1778672697.0,116.0,-0.535156,3.152344,-9.730469,,,,,,,,,,
acc,1778672697.0,116.0,-0.613281,3.269531,-9.800781,,,,,,,,,,
acc,1778672697.0,116.0,-0.496094,3.039062,-10.148438,,,,,,,,,,
acc,1778672697.0,116.0,-0.574219,3.078125,-9.570312,,,,,,,,,,
acc,1778672697.0,116.0,-0.613281,3.460938,-10.183594,,,,,,,,,,
acc,1778672697.0,116.0,-0.613281,3.535156,-9.730469,,,,,,,,,,
acc,1778672697.0,116.0,-0.496094,3.804688,-9.726562,,,,,,,,,,
acc,1778672697.0,116.0,-0.457031,3.726562,-9.835938,,,,,,,,,,
acc,1778672697.0,116.0,-0.382812,3.574219,-9.996094,,,,,,,,,,
acc,1778672697.0,116.0,-0.457031,3.230469,-9.796875,,,,,,,,,,
acc,1778672697.0,116.0,-0.496094,3.460938,-10.109375,,,,,,,,,,
acc,1778672697.0,116.0,-0.382812,3.691406,-10.152344,,,,,,,,,,
acc,1778672697.0,116.0,-0.382812,3.613281,-9.914062,,,,,,,,,,
acc,1778672697.0,116.0,-0.417969,3.804688,-10.113281,,,,,,,,,,
acc,1778672697.0,116.0,-0.382812,3.765625,-9.6875,,,,,,,,,,
acc,1778672697.0,116.0,-0.304688,3.574219,-9.914062,,,,,,,,,,
acc,1778672697.0,116.0,-0.226562,3.613281,-9.875,,,,,,,,,,
acc,1778672697.0,116.0,-0.304688,3.921875,-9.730469,,,,,,,,,,
acc,1778672697.0,116.0,-0.304688,3.921875,-9.992188,,,,,,,,,,
acc,1778672697.0,116.0,-0.191406,3.804688,-9.953125,,,,,,,,,,
acc,1778672697.0,116.0,-0.304688,3.652344,-9.613281,,,,,,,,,,
acc,1778672697.0,116.0,-0.304688,3.574219,-10.21875,,,,,,,,,,
acc,1778672697.0,116.0,-0.152344,3.382812,-9.730469,,,,,,,,,,
acc,1778672697.0,116.0,0.0,3.34375,-9.691406,,,,,,,,,,
acc,1778672697.0,116.0,0.039062,3.460938,-10.074219,,,,,,,,,,
acc,1778672697.0,116.0,-0.113281,3.460938,-9.492188,,,,,,,,,,
acc,1778672697.0,116.0,-0.113281,3.574219,-9.996094,,,,,,,,,,
acc,1778672697.0,116.0,-0.113281,3.421875,-9.613281,,,,,,,,,,
acc,1778672697.0,116.0,-0.035156,3.421875,-9.726562,,,,,,,,,,
acc,1778672697.0,116.0,-0.035156,3.84375,-9.757812,,,,,,,,,,
acc,1778672697.0,116.0,-0.152344,3.882812,-9.53125,,,,,,,,,,
acc,1778672697.0,116.0,-0.226562,3.726562,-9.730469,,,,,,,,,,
acc,1778672697.0,116.0,-0.152344,3.765625,-9.6875,,,,,,,,,,
acc,1778672697.0,116.0,0.039062,3.652344,-9.730469,,,,,,,,,,
acc,1778672697.0,116.0,-0.152344,3.535156,-9.609375,,,,,,,,,,
acc,1778672697.0,116.0,-0.035156,3.34375,-9.609375,,,,,,,,,,
acc,1778672697.0,116.0,0.078125,3.308594,-9.691406,,,,,,,,,,
acc,1778672697.0,116.0,-0.074219,3.191406,-9.609375,,,,,,,,,,
acc,1778672697.0,116.0,-0.074219,3.039062,-9.957031,,,,,,,,,,
acc,1778672697.0,116.0,-0.113281,3.460938,-9.609375,,,,,,,,,,
acc,1778672697.0,116.0,-0.113281,3.613281,-9.835938,,,,,,,,,,
acc,1778672697.0,116.0,-0.035156,3.574219,-9.726562,,,,,,,,,,
acc,1778672697.0,116.0,-0.035156,3.691406,-9.652344,,,,,,,,,,
acc,1778672697.0,116.0,-0.074219,3.726562,-9.878906,,,,,,,,,,
acc,1778672697.0,116.0,-0.191406,3.421875,-9.648438,,,,,,,,,,
acc,1778672697.0,116.0,-0.191406,3.613281,-9.839844,,,,,,,,,,
acc,1778672697.0,116.0,-0.265625,3.652344,-9.917969,,,,,,,,,,
acc,1778672697.0,116.0,-0.304688,3.5,-9.917969,,,,,,,,,,
acc,1778672697.0,116.0,-0.382812,3.726562,-9.453125,,,,,,,,,,
acc,1778672697.0,116.0,-0.417969,3.652344,-9.914062,,,,,,,,,,
acc,1778672697.0,116.0,-0.226562,3.804688,-9.613281,,,,,,,,,,
acc,1778672697.0,116.0,-0.152344,4.074219,-9.496094,,,,,,,,,,
acc,1778672697.0,116.0,-0.191406,3.765625,-10.109375,,,,,,,,,,
acc,1778672697.0,116.0,-0.226562,3.765625,-9.570312,,,,,,,,,,
acc,1778672697.0,116.0,-0.535156,3.921875,-9.761719,,,,,,,,,,
acc,1778672697.0,116.0,-0.496094,3.804688,-10.035156,,,,,,,,,,
acc,1778672697.0,116.0,-0.457031,3.765625,-9.570312,,,,,,,,,,
acc,1778672697.0,116.0,-0.535156,3.996094,-9.730469,,,,,,,,,,
acc,1778672697.0,116.0,-0.417969,3.652344,-9.992188,,,,,,,,,,
acc,1778672697.0,116.0,-0.457031,3.574219,-9.457031,,,,,,,,,,
acc,1778672697.0,116.0,-0.613281,3.34375,-10.109375,,,,,,,,,,
acc,1778672697.0,116.0,-0.535156,3.117188,-9.953125,,,,,,,,,,
acc,1778672697.0,116.0,-0.496094,3.039062,-9.800781,,,,,,,,,,
acc,1778672697.0,116.0,-0.457031,3.152344,-9.875,,,,,,,,,,
acc,1778672697.0,116.0,-0.457031,3.652344,-9.875,,,,,,,,,,
acc,1778672697.0,116.0,-0.574219,4.035156,-9.652344,,,,,,,,,,
acc,1778672697.0,116.0,-0.496094,4.113281,-9.730469,,,,,,,,,,
acc,1778672697.0,116.0,-0.382812,3.921875,-9.652344,,,,,,,,,,
acc,1778672697.0,116.0,-0.457031,3.574219,-9.6875,,,,,,,,,,
acc,1778672697.0,116.0,-0.34375,3.613281,-9.875,,,,,,,,,,
acc,1778672697.0,116.0,-0.304688,3.613281,-9.535156,,,,,,,,,,
acc,1778672697.0,116.0,-0.265625,3.535156,-10.070312,,,,,,,,,,
acc,1778672697.0,116.0,-0.304688,3.535156,-9.761719,,,,,,,,,,
acc,1778672697.0,116.0,-0.226562,3.652344,-10.074219,,,,,,,,,,
acc,1778672697.0,116.0,-0.265625,3.804688,-9.914062,,,,,,,,,,
acc,1778672697.0,116.0,-0.226562,3.804688,-9.613281,,,,,,,,,,
acc,1778672697.0,116.0,-0.191406,3.996094,-9.957031,,,,,,,,,,
acc,1778672697.0,116.0,-0.191406,4.113281,-9.878906,,,,,,,,,,
acc,1778672697.0,116.0,-0.035156,4.304688,-10.113281,,,,,,,,,,
acc,1778672697.0,116.0,-0.035156,4.226562,-9.875,,,,,,,,,,
acc,1778672697.0,116.0,-0.074219,4.113281,-9.996094,,,,,,,,,,
acc,1778672697.0,116.0,-0.226562,3.957031,-10.109375,,,,,,,,,,
acc,1778672697.0,116.0,-0.226562,3.613281,-9.53125,,,,,,,,,,
acc,1778672697.0,116.0,-0.191406,3.308594,-10.152344,,,,,,,,,,
acc,1778672697.0,116.0,-0.152344,3.421875,-9.496094,,,,,,,,,,
acc,1778672697.0,116.0,-0.265625,3.535156,-10.070312,,,,,,,,,,
acc,1778672697.0,116.0,-0.152344,3.765625,-9.917969,,,,,,,,,,
acc,1778672697.0,116.0,-0.074219,3.765625,-9.875,,,,,,,,,,
acc,1778672698.0,117.0,0.0,3.535156,-10.335938,,,,,,,,,,
acc,1778672698.0,117.0,-0.035156,3.382812,-9.648438,,,,,,,,,,
acc,1778672698.0,117.0,-0.113281,3.117188,-10.148438,,,,,,,,,,
acc,1778672698.0,117.0,0.0,2.960938,-9.53125,,,,,,,,,,
acc,1778672698.0,117.0,-0.113281,3.117188,-9.648438,,,,,,,,,,
acc,1778672698.0,117.0,-0.191406,3.421875,-10.03125,,,,,,,,,,
acc,1778672698.0,117.0,-0.226562,3.5,-9.304688,,,,,,,,,,
acc,1778672698.0,117.0,-0.191406,3.308594,-9.878906,,,,,,,,,,
acc,1778672698.0,117.0,-0.113281,3.308594,-9.574219,,,,,,,,,,
acc,1778672698.0,117.0,0.078125,3.269531,-10.074219,,,,,,,,,,
acc,1778672698.0,117.0,0.078125,3.269531,-9.800781,,,,,,,,,,
acc,1778672698.0,117.0,-0.035156,3.84375,-9.914062,,,,,,,,,,
acc,1778672698.0,117.0,0.0,3.996094,-9.914062,,,,,,,,,,
acc,1778672698.0,117.0,-0.035156,4.113281,-9.574219,,,,,,,,,,
acc,1778672698.0,117.0,-0.074219,4.074219,-9.730469,,,,,,,,,,
acc,1778672698.0,117.0,-0.152344,3.535156,-9.691406,,,,,,,,,,
acc,1778672698.0,117.0,-0.152344,3.308594,-9.691406,,,,,,,,,,
acc,1778672698.0,117.0,-0.34375,3.460938,-9.757812,,,,,,,,,,
acc,1778672698.0,117.0,-0.382812,3.308594,-9.800781,,,,,,,,,,
acc,1778672698.0,117.0,-0.265625,3.535156,-9.726562,,,,,,,,,,
acc,1778672698.0,117.0,-0.535156,3.996094,-9.730469,,,,,,,,,,
acc,1778672698.0,117.0,-0.648438,3.804688,-10.148438,,,,,,,,,,
acc,1778672698.0,117.0,-0.496094,3.726562,-9.835938,,,,,,,,,,
acc,1778672698.0,117.0,-0.648438,4.074219,-9.800781,,,,,,,,,,
acc,1778672698.0,117.0,-0.765625,3.804688,-10.148438,,,,,,,,,,
acc,1778672698.0,117.0,-0.6875,3.882812,-10.183594,,,,,,,,,,
acc,1778672698.0,117.0,-0.878906,4.035156,-9.800781,,,,,,,,,,
acc,1778672698.0,117.0,-0.957031,3.957031,-10.109375,,,,,,,,,,
acc,1778672698.0,117.0,-0.765625,3.84375,-9.535156,,,,,,,,,,
acc,1778672698.0,117.0,-0.382812,3.191406,-9.6875,,,,,,,,,,
acc,1778672698.0,117.0,-0.34375,3.34375,-9.691406,,,,,,,,,,
acc,1778672698.0,117.0,-0.574219,4.074219,-9.53125,,,,,,,,,,
acc,1778672698.0,117.0,-0.726562,4.035156,-10.074219,,,,,,,,,,
acc,1778672698.0,117.0,-0.726562,4.113281,-9.53125,,,,,,,,,,
acc,1778672698.0,117.0,-0.726562,3.804688,-10.113281,,,,,,,,,,
acc,1778672698.0,117.0,-0.726562,3.460938,-9.835938,,,,,,,,,,
acc,1778672698.0,117.0,-0.6875,3.804688,-9.613281,,,,,,,,,,
acc,1778672698.0,117.0,-0.648438,3.269531,-10.035156,,,,,,,,,,
acc,1778672698.0,117.0,-0.613281,3.230469,-9.378906,,,,,,,,,,
acc,1778672698.0,117.0,-0.613281,3.535156,-9.800781,,,,,,,,,,
acc,1778672698.0,117.0,-0.648438,3.691406,-9.609375,,,,,,,,,,
acc,1778672698.0,117.0,-0.417969,3.882812,-9.453125,,,,,,,,,,
acc,1778672698.0,117.0,-0.34375,3.957031,-9.492188,,,,,,,,,,
acc,1778672698.0,117.0,-0.417969,3.882812,-9.691406,,,,,,,,,,
acc,1778672698.0,117.0,-0.457031,3.613281,-9.835938,,,,,,,,,,
acc,1778672698.0,117.0,-0.574219,4.074219,-9.875,,,,,,,,,,
acc,1778672698.0,117.0,-0.648438,4.226562,-10.070312,,,,,,,,,,
acc,1778672698.0,117.0,-0.765625,4.496094,-9.917969,,,,,,,,,,
acc,1778672698.0,117.0,-0.535156,4.1875,-9.914062,,,,,,,,,,
acc,1778672698.0,117.0,-0.113281,3.652344,-9.691406,,,,,,,,,,
acc,1778672698.0,117.0,0.0,3.421875,-9.726562,,,,,,,,,,
acc,1778672698.0,117.0,-0.074219,3.230469,-9.691406,,,,,,,,,,
acc,1778672698.0,117.0,-0.265625,3.152344,-9.761719,,,,,,,,,,
acc,1778672698.0,117.0,-0.226562,3.117188,-9.453125,,,,,,,,,,
acc,1778672698.0,117.0,-0.035156,3.230469,-9.957031,,,,,,,,,,
acc,1778672698.0,117.0,0.039062,3.460938,-9.574219,,,,,,,,,,
acc,1778672698.0,117.0,-0.074219,3.613281,-9.570312,,,,,,,,,,
acc,1778672698.0,117.0,-0.035156,3.613281,-9.609375,,,,,,,,,,
acc,1778672698.0,117.0,0.0,3.382812,-9.453125,,,,,,,,,,
acc,1778672698.0,117.0,0.078125,3.039062,-9.492188,,,,,,,,,,
acc,1778672698.0,117.0,0.191406,2.730469,-9.574219,,,,,,,,,,
acc,1778672698.0,117.0,0.15625,2.808594,-9.265625,,,,,,,,,,
acc,1778672698.0,117.0,0.078125,2.808594,-9.574219,,,,,,,,,,
acc,1778672698.0,117.0,0.230469,3.0,-9.308594,,,,,,,,,,
acc,1778672698.0,117.0,0.117188,3.726562,-9.492188,,,,,,,,,,
acc,1778672698.0,117.0,0.039062,3.691406,-9.496094,,,,,,,,,,
acc,1778672698.0,117.0,0.117188,3.308594,-9.453125,,,,,,,,,,
acc,1778672698.0,117.0,0.078125,3.421875,-9.726562,,,,,,,,,,
acc,1778672698.0,117.0,0.117188,3.152344,-9.304688,,,,,,,,,,
acc,1778672698.0,117.0,0.15625,3.078125,-9.492188,,,,,,,,,,
acc,1778672698.0,117.0,0.269531,3.308594,-9.574219,,,,,,,,,,
acc,1778672698.0,117.0,0.308594,3.269531,-9.414062,,,,,,,,,,
acc,1778672698.0,117.0,0.15625,3.460938,-9.375,,,,,,,,,,
acc,1778672698.0,117.0,0.117188,3.535156,-9.304688,,,,,,,,,,
acc,1778672698.0,117.0,0.15625,3.882812,-9.574219,,,,,,,,,,
acc,1778672698.0,117.0,0.039062,3.84375,-9.53125,,,,,,,,,,
acc,1778672698.0,117.0,0.078125,3.691406,-9.613281,,,,,,,,,,
acc,1778672698.0,117.0,0.15625,3.5,-9.414062,,,,,,,,,,
acc,1778672698.0,117.0,0.039062,3.230469,-9.613281,,,,,,,,,,
acc,1778672698.0,117.0,0.078125,3.230469,-9.496094,,,,,,,,,,
acc,1778672698.0,117.0,0.039062,3.191406,-9.878906,,,,,,,,,,
acc,1778672698.0,117.0,-0.074219,3.5,-9.613281,,,,,,,,,,
acc,1778672698.0,117.0,-0.074219,3.804688,-9.800781,,,,,,,,,,
acc,1778672698.0,117.0,-0.113281,3.882812,-9.609375,,,,,,,,,,
acc,1778672698.0,117.0,-0.035156,3.691406,-9.652344,,,,,,,,,,
acc,1778672698.0,117.0,0.0,3.191406,-10.113281,,,,,,,,,,
acc,1778672698.0,117.0,-0.074219,3.0,-9.839844,,,,,,,,,,
acc,1778672698.0,117.0,-0.191406,2.960938,-10.070312,,,,,,,,,,
acc,1778672698.0,117.0,-0.113281,3.382812,-9.953125,,,,,,,,,,
acc,1778672698.0,117.0,0.0,3.613281,-9.757812,,,,,,,,,,
acc,1778672698.0,117.0,-0.113281,3.691406,-9.996094,,,,,,,,,,
acc,1778672698.0,117.0,-0.226562,3.726562,-10.03125,,,,,,,,,,
acc,1778672698.0,117.0,-0.382812,3.460938,-9.730469,,,,,,,,,,
acc,1778672698.0,117.0,-0.265625,3.460938,-10.222656,,,,,,,,,,
acc,1778672698.0,117.0,-0.191406,3.765625,-9.992188,,,,,,,,,,
acc,1778672698.0,117.0,-0.113281,3.460938,-9.875,,,,,,,,,,
acc,1778672698.0,117.0,-0.035156,3.691406,-10.113281,,,,,,,,,,
acc,1778672698.0,117.0,0.0,3.691406,-10.035156,,,,,,,,,,
acc,1778672698.0,117.0,-0.113281,3.613281,-10.074219,,,,,,,,,,
acc,1778672698.0,117.0,-0.226562,4.113281,-10.03125,,,,,,,,,,
acc,1778672698.0,117.0,-0.226562,4.1875,-10.300781,,,,,,,,,,
acc,1778672698.0,117.0,-0.265625,3.921875,-9.914062,,,,,,,,,,
acc,1778672698.0,117.0,-0.265625,3.765625,-9.953125,,,,,,,,,,
acc,1778672698.0,117.0,-0.152344,3.726562,-10.148438,,,,,,,,,,
acc,1778672698.0,117.0,-0.265625,3.84375,-9.957031,,,,,,,,,,
acc,1778672698.0,117.0,-0.417969,3.84375,-10.21875,,,,,,,,,,
acc,1778672698.0,117.0,-0.34375,3.957031,-10.183594,,,,,,,,,,
acc,1778672698.0,117.0,-0.34375,3.996094,-10.109375,,,,,,,,,,
acc,1778672698.0,117.0,-0.382812,3.996094,-10.109375,,,,,,,,,,
acc,1778672698.0,117.0,-0.34375,3.652344,-10.03125,,,,,,,,,,
acc,1778672698.0,117.0,-0.304688,3.691406,-10.074219,,,,,,,,,,
acc,1778672698.0,117.0,-0.535156,3.535156,-10.03125,,,,,,,,,,
acc,1778672698.0,117.0,-0.382812,3.535156,-10.183594,,,,,,,,,,
acc,1778672698.0,117.0,-0.34375,3.574219,-10.070312,,,,,,,,,,
acc,1778672698.0,117.0,-0.457031,3.269531,-10.074219,,,,,,,,,,
acc,1778672698.0,117.0,-0.457031,3.117188,-10.109375,,,,,,,,,,
acc,1778672698.0,117.0,-0.457031,3.5,-10.03125,,,,,,,,,,
acc,1778672698.0,117.0,-0.496094,3.613281,-10.148438,,,,,,,,,,
acc,1778672698.0,117.0,-0.496094,3.726562,-10.03125,,,,,,,,,,
acc,1778672698.0,117.0,-0.496094,3.84375,-10.109375,,,,,,,,,,
acc,1778672698.0,117.0,-0.613281,3.765625,-9.996094,,,,,,,,,,
acc,1778672698.0,117.0,-0.535156,3.726562,-10.109375,,,,,,,,,,
acc,1778672698.0,117.0,-0.574219,3.574219,-9.953125,,,,,,,,,,
acc,1778672698.0,117.0,-0.574219,3.535156,-9.957031,,,,,,,,,,
acc,1778672698.0,117.0,-0.382812,3.5,-10.21875,,,,,,,,,,
acc,1778672698.0,117.0,-0.417969,3.230469,-9.726562,,,,,,,,,,
acc,1778672698.0,117.0,-0.648438,3.382812,-9.917969,,,,,,,,,,
acc,1778672698.0,117.0,-0.648438,3.996094,-10.113281,,,,,,,,,,
acc,1778672699.0,118.0,-0.6875,4.113281,-9.800781,,,,,,,,,,
acc,1778672699.0,118.0,-0.765625,3.957031,-9.761719,,,,,,,,,,
acc,1778672699.0,118.0,-0.574219,4.226562,-10.339844,,,,,,,,,,
acc,1778672699.0,118.0,-0.613281,4.304688,-9.839844,,,,,,,,,,
acc,1778672699.0,118.0,-0.804688,4.1875,-9.957031,,,,,,,,,,
acc,1778672699.0,118.0,-0.726562,4.035156,-10.148438,,,,,,,,,,
acc,1778672699.0,118.0,-0.613281,3.996094,-9.914062,,,,,,,,,,
acc,1778672699.0,118.0,-0.6875,4.113281,-9.992188,,,,,,,,,,
acc,1778672699.0,118.0,-0.613281,3.765625,-9.878906,,,,,,,,,,
acc,1778672699.0,118.0,-0.574219,4.035156,-9.796875,,,,,,,,,,
acc,1778672699.0,118.0,-0.535156,3.957031,-9.800781,,,,,,,,,,
acc,1778672699.0,118.0,-0.382812,3.84375,-9.914062,,,,,,,,,,
acc,1778672699.0,118.0,-0.457031,4.1875,-9.800781,,,,,,,,,,
acc,1778672699.0,118.0,-0.496094,4.035156,-9.914062,,,,,,,,,,
acc,1778672699.0,118.0,-0.34375,4.074219,-9.652344,,,,,,,,,,
acc,1778672699.0,118.0,-0.191406,4.148438,-9.757812,,,,,,,,,,
acc,1778672699.0,118.0,-0.152344,3.765625,-9.726562,,,,,,,,,,
acc,1778672699.0,118.0,-0.191406,3.804688,-9.648438,,,,,,,,,,
acc,1778672699.0,118.0,-0.304688,4.148438,-9.648438,,,,,,,,,,
acc,1778672699.0,118.0,-0.304688,3.765625,-9.800781,,,,,,,,,,
acc,1778672699.0,118.0,-0.382812,3.726562,-9.492188,,,,,,,,,,
acc,1778672699.0,118.0,-0.226562,3.34375,-9.914062,,,,,,,,,,
acc,1778672699.0,118.0,-0.265625,2.960938,-9.34375,,,,,,,,,,
acc,1778672699.0,118.0,-0.226562,2.578125,-9.492188,,,,,,,,,,
acc,1778672699.0,118.0,-0.074219,2.769531,-9.726562,,,,,,,,,,
acc,1778672699.0,118.0,-0.113281,3.460938,-9.191406,,,,,,,,,,
acc,1778672699.0,118.0,-0.191406,4.035156,-9.917969,,,,,,,,,,
acc,1778672699.0,118.0,-0.113281,3.921875,-9.417969,,,,,,,,,,
acc,1778672699.0,118.0,-0.152344,4.148438,-9.417969,,,,,,,,,,
acc,1778672699.0,118.0,-0.152344,3.804688,-9.761719,,,,,,,,,,
acc,1778672699.0,118.0,-0.035156,3.613281,-9.375,,,,,,,,,,
acc,1778672699.0,118.0,-0.074219,3.691406,-9.453125,,,,,,,,,,
acc,1778672699.0,118.0,-0.191406,3.0,-9.917969,,,,,,,,,,
acc,1778672699.0,118.0,0.039062,3.34375,-9.347656,,,,,,,,,,
acc,1778672699.0,118.0,-0.113281,3.382812,-9.191406,,,,,,,,,,
acc,1778672699.0,118.0,-0.113281,3.613281,-9.730469,,,,,,,,,,
acc,1778672699.0,118.0,-0.074219,3.84375,-8.996094,,,,,,,,,,
acc,1778672699.0,118.0,-0.035156,3.804688,-9.878906,,,,,,,,,,
acc,1778672699.0,118.0,-0.074219,3.191406,-9.109375,,,,,,,,,,
acc,1778672699.0,118.0,-0.113281,3.5,-9.492188,,,,,,,,,,
acc,1778672699.0,118.0,-0.113281,3.382812,-9.648438,,,,,,,,,,
acc,1778672699.0,118.0,-0.035156,3.191406,-9.34375,,,,,,,,,,
acc,1778672699.0,118.0,-0.113281,3.726562,-9.757812,,,,,,,,,,
acc,1778672699.0,118.0,-0.113281,3.804688,-9.417969,,,,,,,,,,
acc,1778672699.0,118.0,0.0,3.996094,-9.53125,,,,,,,,,,
acc,1778672699.0,118.0,-0.152344,4.226562,-9.347656,,,,,,,,,,
acc,1778672699.0,118.0,-0.113281,4.113281,-9.648438,,,,,,,,,,
acc,1778672699.0,118.0,-0.191406,3.957031,-9.535156,,,,,,,,,,
acc,1778672699.0,118.0,-0.265625,3.921875,-9.609375,,,,,,,,,,
acc,1778672699.0,118.0,-0.265625,3.957031,-9.878906,,,,,,,,,,
acc,1778672699.0,118.0,-0.226562,3.691406,-9.535156,,,,,,,,,,
acc,1778672699.0,118.0,-0.226562,3.765625,-9.6875,,,,,,,,,,
acc,1778672699.0,118.0,-0.152344,3.804688,-9.652344,,,,,,,,,,
acc,1778672699.0,118.0,-0.152344,3.691406,-9.613281,,,,,,,,,,
acc,1778672699.0,118.0,-0.074219,3.804688,-9.835938,,,,,,,,,,
acc,1778672699.0,118.0,-0.113281,3.957031,-9.609375,,,,,,,,,,
acc,1778672699.0,118.0,-0.152344,4.035156,-9.53125,,,,,,,,,,
acc,1778672699.0,118.0,-0.226562,4.035156,-9.875,,,,,,,,,,
acc,1778672699.0,118.0,0.0,4.074219,-9.957031,,,,,,,,,,
acc,1778672699.0,118.0,-0.035156,4.226562,-9.347656,,,,,,,,,,
acc,1778672699.0,118.0,-0.226562,3.726562,-9.800781,,,,,,,,,,
acc,1778672699.0,118.0,-0.191406,4.113281,-10.179688,,,,,,,,,,
acc,1778672699.0,118.0,-0.152344,4.226562,-9.730469,,,,,,,,,,
acc,1778672699.0,118.0,-0.152344,3.996094,-9.953125,,,,,,,,,,
acc,1778672699.0,118.0,-0.191406,3.613281,-9.652344,,,,,,,,,,
acc,1778672699.0,118.0,-0.191406,3.382812,-9.652344,,,,,,,,,,
acc,1778672699.0,118.0,-0.152344,3.230469,-9.996094,,,,,,,,,,
acc,1778672699.0,118.0,-0.074219,3.421875,-9.800781,,,,,,,,,,
acc,1778672699.0,118.0,-0.382812,3.691406,-10.035156,,,,,,,,,,
acc,1778672699.0,118.0,-0.417969,3.117188,-10.109375,,,,,,,,,,
acc,1778672699.0,118.0,-0.417969,3.574219,-9.496094,,,,,,,,,,
acc,1778672699.0,118.0,-0.226562,3.804688,-9.996094,,,,,,,,,,
acc,1778672699.0,118.0,-0.191406,3.652344,-9.878906,,,,,,,,,,
acc,1778672699.0,118.0,-0.496094,3.691406,-9.34375,,,,,,,,,,
acc,1778672699.0,118.0,-0.648438,3.652344,-10.179688,,,,,,,,,,
acc,1778672699.0,118.0,-0.574219,3.421875,-9.691406,,,,,,,,,,
acc,1778672699.0,118.0,-0.457031,3.382812,-9.757812,,,,,,,,,,
acc,1778672699.0,118.0,-0.34375,3.652344,-10.148438,,,,,,,,,,
acc,1778672699.0,118.0,-0.457031,3.765625,-9.613281,,,,,,,,,,
acc,1778672699.0,118.0,-0.613281,3.613281,-10.03125,,,,,,,,,,
acc,1778672699.0,118.0,-0.496094,3.921875,-9.839844,,,,,,,,,,
acc,1778672699.0,118.0,-0.382812,4.113281,-9.730469,,,,,,,,,,
acc,1778672699.0,118.0,-0.34375,3.5,-10.074219,,,,,,,,,,
acc,1778672699.0,118.0,-0.304688,3.574219,-9.347656,,,,,,,,,,
acc,1778672699.0,118.0,-0.34375,3.652344,-10.03125,,,,,,,,,,
acc,1778672699.0,118.0,-0.304688,3.382812,-9.761719,,,,,,,,,,
acc,1778672699.0,118.0,-0.457031,3.230469,-9.570312,,,,,,,,,,
acc,1778672699.0,118.0,-0.457031,3.535156,-10.148438,,,,,,,,,,
acc,1778672699.0,118.0,-0.382812,3.804688,-9.496094,,,,,,,,,,
acc,1778672699.0,118.0,-0.382812,4.148438,-10.035156,,,,,,,,,,
acc,1778672699.0,118.0,-0.496094,4.1875,-9.730469,,,,,,,,,,
acc,1778672699.0,118.0,-0.417969,4.113281,-10.21875,,,,,,,,,,
acc,1778672699.0,118.0,-0.535156,4.417969,-9.691406,,,,,,,,,,
acc,1778672699.0,118.0,-0.417969,4.6875,-9.914062,,,,,,,,,,
acc,1778672699.0,118.0,-0.304688,4.648438,-10.074219,,,,,,,,,,
acc,1778672699.0,118.0,-0.226562,4.417969,-9.800781,,,,,,,,,,
acc,1778672699.0,118.0,-0.113281,3.957031,-10.074219,,,,,,,,,,
acc,1778672699.0,118.0,-0.304688,3.765625,-9.730469,,,,,,,,,,
acc,1778672699.0,118.0,-0.304688,3.230469,-10.148438,,,,,,,,,,
acc,1778672699.0,118.0,-0.191406,3.804688,-9.835938,,,,,,,,,,
acc,1778672699.0,118.0,-0.074219,3.613281,-10.113281,,,,,,,,,,
acc,1778672699.0,118.0,-0.191406,3.765625,-9.414062,,,,,,,,,,
acc,1778672699.0,118.0,-0.226562,3.957031,-10.074219,,,,,,,,,,
acc,1778672699.0,118.0,-0.074219,3.882812,-9.878906,,,,,,,,,,
acc,1778672699.0,118.0,-0.074219,3.765625,-9.53125,,,,,,,,,,
acc,1778672699.0,118.0,0.078125,3.765625,-10.296875,,,,,,,,,,
acc,1778672699.0,118.0,-0.191406,4.074219,-9.347656,,,,,,,,,,
acc,1778672699.0,118.0,0.039062,3.613281,-9.574219,,,,,,,,,,
acc,1778672699.0,118.0,0.15625,4.148438,-9.417969,,,,,,,,,,
acc,1778672699.0,118.0,-0.074219,3.613281,-9.6875,,,,,,,,,,
acc,1778672699.0,118.0,-0.074219,3.652344,-9.496094,,,,,,,,,,
acc,1778672699.0,118.0,0.117188,3.882812,-9.992188,,,,,,,,,,
acc,1778672699.0,118.0,-0.152344,3.765625,-9.457031,,,,,,,,,,
acc,1778672699.0,118.0,-0.152344,4.1875,-9.992188,,,,,,,,,,
acc,1778672699.0,118.0,-0.152344,3.996094,-9.757812,,,,,,,,,,
acc,1778672699.0,118.0,-0.035156,3.613281,-9.53125,,,,,,,,,,
acc,1778672699.0,118.0,0.039062,3.652344,-9.757812,,,,,,,,,,
acc,1778672699.0,118.0,0.039062,3.765625,-9.613281,,,,,,,,,,
acc,1778672699.0,118.0,-0.265625,3.382812,-9.378906,,,,,,,,,,
acc,1778672699.0,118.0,-0.265625,3.269531,-10.179688,,,,,,,,,,
acc,1778672699.0,118.0,-0.152344,3.039062,-9.53125,,,,,,,,,,
acc,1778672699.0,118.0,-0.226562,3.191406,-9.839844,,,,,,,,,,
acc,1778672699.0,118.0,-0.265625,3.382812,-9.726562,,,,,,,,,,
acc,1778672699.0,118.0,-0.152344,3.574219,-9.726562,,,,,,,,,,
acc,1778672699.0,118.0,-0.191406,3.535156,-9.496094,,,,,,,,,,
acc,1778672699.0,118.0,-0.304688,3.84375,-9.535156,,,,,,,,,,
acc,1778672699.0,118.0,-0.417969,3.84375,-9.730469,,,,,,,,,,
acc,1778672699.0,118.0,-0.34375,4.113281,-9.53125,,,,,,,,,,
acc,1778672699.0,118.0,-0.191406,4.113281,-9.6875,,,,,,,,,,
acc,1778672700.0,119.0,-0.304688,3.921875,-9.648438,,,,,,,,,,
acc,1778672700.0,119.0,-0.496094,4.339844,-9.691406,,,,,,,,,,
acc,1778672700.0,119.0,-0.417969,3.957031,-9.953125,,,,,,,,,,
acc,1778672700.0,119.0,-0.226562,3.996094,-9.875,,,,,,,,,,
acc,1778672700.0,119.0,-0.265625,3.84375,-9.878906,,,,,,,,,,
acc,1778672700.0,119.0,-0.34375,3.574219,-9.652344,,,,,,,,,,
acc,1778672700.0,119.0,-0.191406,3.34375,-9.996094,,,,,,,,,,
acc,1778672700.0,119.0,-0.191406,3.535156,-9.570312,,,,,,,,,,
acc,1778672700.0,119.0,-0.265625,3.765625,-10.109375,,,,,,,,,,
acc,1778672700.0,119.0,-0.152344,3.613281,-10.183594,,,,,,,,,,
acc,1778672700.0,119.0,-0.265625,4.035156,-9.726562,,,,,,,,,,
acc,1778672700.0,119.0,-0.304688,3.882812,-10.035156,,,,,,,,,,
acc,1778672700.0,119.0,-0.152344,4.1875,-9.800781,,,,,,,,,,
acc,1778672700.0,119.0,-0.226562,4.265625,-9.839844,,,,,,,,,,
acc,1778672700.0,119.0,-0.226562,4.113281,-9.992188,,,,,,,,,,
acc,1778672700.0,119.0,-0.226562,4.378906,-9.648438,,,,,,,,,,
acc,1778672700.0,119.0,-0.382812,4.1875,-9.835938,,,,,,,,,,
acc,1778672700.0,119.0,-0.382812,3.996094,-9.875,,,,,,,,,,
acc,1778672700.0,119.0,-0.382812,4.035156,-9.914062,,,,,,,,,,
acc,1778672700.0,119.0,-0.382812,3.996094,-9.875,,,,,,,,,,
acc,1778672700.0,119.0,-0.382812,3.765625,-9.996094,,,,,,,,,,
acc,1778672700.0,119.0,-0.304688,3.804688,-9.800781,,,,,,,,,,
acc,1778672700.0,119.0,-0.113281,4.113281,-9.835938,,,,,,,,,,
acc,1778672700.0,119.0,-0.074219,3.382812,-9.839844,,,,,,,,,,
acc,1778672700.0,119.0,-0.113281,3.535156,-9.953125,,,,,,,,,,
acc,1778672700.0,119.0,-0.265625,3.5,-9.917969,,,,,,,,,,
acc,1778672700.0,119.0,-0.304688,3.804688,-10.03125,,,,,,,,,,
acc,1778672700.0,119.0,-0.34375,4.113281,-9.835938,,,,,,,,,,
acc,1778672700.0,119.0,-0.265625,3.726562,-9.917969,,,,,,,,,,
acc,1778672700.0,119.0,-0.226562,3.691406,-9.726562,,,,,,,,,,
acc,1778672700.0,119.0,-0.304688,3.535156,-9.570312,,,,,,,,,,
acc,1778672700.0,119.0,-0.113281,3.308594,-9.730469,,,,,,,,,,
acc,1778672700.0,119.0,-0.265625,3.613281,-9.535156,,,,,,,,,,
acc,1778672700.0,119.0,-0.417969,3.996094,-9.835938,,,,,,,,,,
acc,1778672700.0,119.0,-0.496094,3.957031,-9.800781,,,,,,,,,,
acc,1778672700.0,119.0,-0.417969,4.074219,-9.761719,,,,,,,,,,
acc,1778672700.0,119.0,-0.417969,4.074219,-9.839844,,,,,,,,,,
acc,1778672700.0,119.0,-0.417969,4.265625,-9.761719,,,,,,,,,,
acc,1778672700.0,119.0,-0.417969,3.957031,-10.03125,,,,,,,,,,
acc,1778672700.0,119.0,-0.265625,3.882812,-9.652344,,,,,,,,,,
acc,1778672700.0,119.0,-0.191406,3.691406,-9.992188,,,,,,,,,,
acc,1778672700.0,119.0,-0.265625,3.5,-9.917969,,,,,,,,,,
acc,1778672700.0,119.0,-0.304688,3.152344,-10.179688,,,,,,,,,,
acc,1778672700.0,119.0,-0.382812,3.382812,-9.914062,,,,,,,,,,
acc,1778672700.0,119.0,-0.496094,3.460938,-10.183594,,,,,,,,,,
acc,1778672700.0,119.0,-0.34375,3.652344,-10.148438,,,,,,,,,,
acc,1778672700.0,119.0,-0.304688,3.957031,-9.839844,,,,,,,,,,
acc,1778672700.0,119.0,-0.304688,3.652344,-10.152344,,,,,,,,,,
acc,1778672700.0,119.0,-0.191406,3.84375,-9.6875,,,,,,,,,,
acc,1778672700.0,119.0,-0.226562,3.804688,-9.878906,,,,,,,,,,
acc,1778672700.0,119.0,-0.34375,3.804688,-9.839844,,,,,,,,,,
acc,1778672700.0,119.0,-0.304688,3.996094,-9.652344,,,,,,,,,,
acc,1778672700.0,119.0,-0.457031,3.921875,-10.035156,,,,,,,,,,
acc,1778672700.0,119.0,-0.304688,3.957031,-9.652344,,,,,,,,,,
acc,1778672700.0,119.0,-0.074219,3.882812,-9.761719,,,,,,,,,,
acc,1778672700.0,119.0,-0.035156,3.921875,-9.613281,,,,,,,,,,
acc,1778672700.0,119.0,-0.265625,3.84375,-9.761719,,,,,,,,,,
acc,1778672700.0,119.0,-0.417969,4.035156,-9.953125,,,,,,,,,,
acc,1778672700.0,119.0,-0.574219,3.882812,-9.796875,,,,,,,,,,
acc,1778672700.0,119.0,-0.574219,3.996094,-9.917969,,,,,,,,,,
acc,1778672700.0,119.0,-0.382812,4.1875,-9.835938,,,,,,,,,,
acc,1778672700.0,119.0,-0.417969,4.074219,-9.726562,,,,,,,,,,
acc,1778672700.0,119.0,-0.34375,3.921875,-9.496094,,,,,,,,,,
acc,1778672700.0,119.0,-0.226562,3.613281,-9.914062,,,,,,,,,,
acc,1778672700.0,119.0,-0.191406,3.34375,-9.496094,,,,,,,,,,
acc,1778672700.0,119.0,-0.265625,3.0,-9.726562,,,,,,,,,,
acc,1778672700.0,119.0,-0.152344,3.039062,-9.875,,,,,,,,,,
acc,1778672700.0,119.0,-0.226562,3.152344,-9.492188,,,,,,,,,,
acc,1778672700.0,119.0,-0.226562,3.117188,-9.691406,,,,,,,,,,
acc,1778672700.0,119.0,-0.265625,3.652344,-9.6875,,,,,,,,,,
acc,1778672700.0,119.0,-0.382812,3.691406,-9.378906,,,,,,,,,,
acc,1778672700.0,119.0,-0.382812,3.574219,-9.652344,,,,,,,,,,
acc,1778672700.0,119.0,-0.34375,3.957031,-9.609375,,,,,,,,,,
acc,1778672700.0,119.0,-0.34375,3.882812,-9.609375,,,,,,,,,,
acc,1778672700.0,119.0,-0.496094,3.765625,-9.839844,,,,,,,,,,
acc,1778672700.0,119.0,-0.417969,3.957031,-9.691406,,,,,,,,,,
acc,1778672700.0,119.0,-0.574219,3.84375,-9.6875,,,,,,,,,,
acc,1778672700.0,119.0,-0.496094,3.5,-9.691406,,,,,,,,,,
acc,1778672700.0,119.0,-0.34375,3.921875,-9.957031,,,,,,,,,,
acc,1778672700.0,119.0,-0.382812,3.84375,-9.53125,,,,,,,,,,
acc,1778672700.0,119.0,-0.226562,3.957031,-9.875,,,,,,,,,,
acc,1778672700.0,119.0,-0.304688,3.882812,-9.839844,,,,,,,,,,
acc,1778672700.0,119.0,-0.265625,3.613281,-9.726562,,,,,,,,,,
acc,1778672700.0,119.0,-0.265625,3.921875,-9.800781,,,,,,,,,,
acc,1778672700.0,119.0,-0.191406,4.074219,-9.574219,,,,,,,,,,
acc,1778672700.0,119.0,-0.265625,3.882812,-9.613281,,,,,,,,,,
acc,1778672700.0,119.0,-0.304688,4.035156,-9.417969,,,,,,,,,,
acc,1778672700.0,119.0,-0.191406,4.148438,-9.914062,,,,,,,,,,
acc,1778672700.0,119.0,-0.191406,3.921875,-9.453125,,,,,,,,,,
acc,1778672700.0,119.0,-0.226562,4.113281,-9.609375,,,,,,,,,,
acc,1778672700.0,119.0,-0.304688,3.882812,-10.222656,,,,,,,,,,
acc,1778672700.0,119.0,-0.34375,3.691406,-9.652344,,,,,,,,,,
acc,1778672700.0,119.0,-0.382812,3.574219,-9.996094,,,,,,,,,,
acc,1778672700.0,119.0,-0.304688,3.421875,-9.574219,,,,,,,,,,
acc,1778672700.0,119.0,-0.035156,3.691406,-9.652344,,,,,,,,,,
acc,1778672700.0,119.0,0.0,3.535156,-9.492188,,,,,,,,,,
acc,1778672700.0,119.0,-0.074219,3.613281,-9.417969,,,,,,,,,,
acc,1778672700.0,119.0,-0.113281,3.765625,-9.726562,,,,,,,,,,
acc,1778672700.0,119.0,-0.191406,3.765625,-9.691406,,,,,,,,,,
acc,1778672700.0,119.0,-0.265625,3.613281,-9.839844,,,,,,,,,,
acc,1778672700.0,119.0,-0.226562,3.652344,-9.835938,,,,,,,,,,
acc,1778672700.0,119.0,-0.113281,3.535156,-9.992188,,,,,,,,,,
acc,1778672700.0,119.0,-0.191406,3.230469,-9.574219,,,,,,,,,,
acc,1778672700.0,119.0,-0.074219,3.5,-9.796875,,,,,,,,,,
acc,1778672700.0,119.0,-0.035156,3.269531,-9.648438,,,,,,,,,,
acc,1778672700.0,119.0,-0.191406,3.230469,-9.835938,,,,,,,,,,
acc,1778672700.0,119.0,-0.113281,3.460938,-9.875,,,,,,,,,,
acc,1778672700.0,119.0,-0.074219,3.652344,-9.613281,,,,,,,,,,
acc,1778672700.0,119.0,-0.191406,3.652344,-9.878906,,,,,,,,,,
acc,1778672700.0,119.0,-0.113281,3.765625,-9.613281,,,,,,,,,,
acc,1778672700.0,119.0,-0.191406,4.035156,-9.570312,,,,,,,,,,
acc,1778672700.0,119.0,-0.113281,3.882812,-9.953125,,,,,,,,,,
acc,1778672700.0,119.0,0.0,3.84375,-9.414062,,,,,,,,,,
acc,1778672700.0,119.0,0.0,3.804688,-9.761719,,,,,,,,,,
acc,1778672700.0,119.0,-0.113281,3.921875,-9.613281,,,,,,,,,,
acc,1778672700.0,119.0,-0.226562,3.996094,-9.691406,,,,,,,,,,
acc,1778672700.0,119.0,-0.304688,3.613281,-9.957031,,,,,,,,,,
acc,1778672700.0,119.0,-0.304688,3.84375,-9.761719,,,,,,,,,,
acc,1778672700.0,119.0,-0.382812,3.765625,-9.917969,,,,,,,,,,
acc,1778672700.0,119.0,-0.304688,3.613281,-9.726562,,,,,,,,,,
acc,1778672700.0,119.0,-0.304688,3.691406,-9.53125,,,,,,,,,,
acc,1778672700.0,119.0,-0.34375,3.691406,-9.839844,,,,,,,,,,
acc,1778672700.0,119.0,-0.382812,3.804688,-9.6875,,,,,,,,,,
acc,1778672700.0,119.0,-0.34375,3.921875,-9.613281,,,,,,,,,,
acc,1778672700.0,119.0,-0.304688,3.726562,-9.761719,,,,,,,,,,
acc,1778672700.0,119.0,-0.34375,3.691406,-9.6875,,,,,,,,,,
acc,1778672700.0,119.0,-0.417969,3.957031,-9.835938,,,,,,,,,,
acc,1778672701.0,120.0,-0.34375,3.882812,-9.800781,,,,,,,,,,
acc,1778672701.0,120.0,-0.191406,3.957031,-9.761719,,,,,,,,,,
acc,1778672701.0,120.0,-0.265625,3.957031,-9.796875,,,,,,,,,,
acc,1778672701.0,120.0,-0.152344,3.652344,-9.800781,,,,,,,,,,
acc,1778672701.0,120.0,-0.074219,3.5,-9.957031,,,,,,,,,,
acc,1778672701.0,120.0,-0.035156,3.460938,-9.875,,,,,,,,,,
acc,1778672701.0,120.0,-0.113281,3.5,-9.992188,,,,,,,,,,
acc,1778672701.0,120.0,-0.152344,3.535156,-10.03125,,,,,,,,,,
acc,1778672701.0,120.0,-0.074219,3.613281,-9.839844,,,,,,,,,,
acc,1778672701.0,120.0,-0.074219,3.921875,-9.800781,,,,,,,,,,
acc,1778672701.0,120.0,-0.035156,3.996094,-9.835938,,,,,,,,,,
acc,1778672701.0,120.0,-0.035156,4.035156,-9.914062,,,,,,,,,,
acc,1778672701.0,120.0,-0.34375,4.304688,-9.6875,,,,,,,,,,
acc,1778672701.0,120.0,-0.417969,3.921875,-10.152344,,,,,,,,,,
acc,1778672701.0,120.0,-0.265625,3.882812,-9.996094,,,,,,,,,,
acc,1778672701.0,120.0,-0.382812,3.765625,-9.613281,,,,,,,,,,
acc,1778672701.0,120.0,-0.382812,3.726562,-10.300781,,,,,,,,,,
acc,1778672701.0,120.0,-0.304688,4.148438,-9.230469,,,,,,,,,,
acc,1778672701.0,120.0,-0.226562,4.1875,-10.183594,,,,,,,,,,
acc,1778672701.0,120.0,-0.265625,4.304688,-9.53125,,,,,,,,,,
acc,1778672701.0,120.0,-0.34375,4.226562,-9.914062,,,,,,,,,,
acc,1778672701.0,120.0,-0.457031,3.84375,-10.148438,,,,,,,,,,
acc,1778672701.0,120.0,-0.457031,3.726562,-9.691406,,,,,,,,,,
acc,1778672701.0,120.0,-0.382812,3.765625,-10.222656,,,,,,,,,,
acc,1778672701.0,120.0,-0.457031,3.765625,-9.535156,,,,,,,,,,
acc,1778672701.0,120.0,-0.417969,3.882812,-10.074219,,,,,,,,,,
acc,1778672701.0,120.0,-0.226562,3.84375,-9.730469,,,,,,,,,,
acc,1778672701.0,120.0,-0.152344,3.652344,-9.574219,,,,,,,,,,
acc,1778672701.0,120.0,-0.226562,3.382812,-9.730469,,,,,,,,,,
acc,1778672701.0,120.0,-0.226562,3.230469,-9.652344,,,,,,,,,,
acc,1778672701.0,120.0,-0.226562,3.460938,-9.691406,,,,,,,,,,
acc,1778672701.0,120.0,-0.304688,4.035156,-9.652344,,,,,,,,,,
acc,1778672701.0,120.0,-0.265625,4.226562,-9.761719,,,,,,,,,,
acc,1778672701.0,120.0,-0.226562,3.957031,-9.574219,,,,,,,,,,
acc,1778672701.0,120.0,-0.226562,3.765625,-9.652344,,,,,,,,,,
acc,1778672701.0,120.0,-0.191406,3.882812,-9.839844,,,,,,,,,,
acc,1778672701.0,120.0,-0.304688,3.84375,-9.570312,,,,,,,,,,
acc,1778672701.0,120.0,-0.574219,3.996094,-9.917969,,,,,,,,,,
acc,1778672701.0,120.0,-0.496094,3.804688,-9.839844,,,,,,,,,,
acc,1778672701.0,120.0,-0.457031,3.613281,-9.691406,,,,,,,,,,
acc,1778672701.0,120.0,-0.535156,3.460938,-9.992188,,,,,,,,,,
acc,1778672701.0,120.0,-0.535156,3.652344,-9.953125,,,,,,,,,,
acc,1778672701.0,120.0,-0.535156,3.34375,-10.183594,,,,,,,,,,
acc,1778672701.0,120.0,-0.34375,3.574219,-10.152344,,,,,,,,,,
acc,1778672701.0,120.0,-0.34375,4.148438,-9.796875,,,,,,,,,,
acc,1778672701.0,120.0,-0.34375,4.074219,-10.035156,,,,,,,,,,
acc,1778672701.0,120.0,-0.382812,4.113281,-9.835938,,,,,,,,,,
acc,1778672701.0,120.0,-0.382812,4.148438,-9.613281,,,,,,,,,,
acc,1778672701.0,120.0,-0.265625,3.535156,-9.996094,,,,,,,,,,
acc,1778672701.0,120.0,-0.152344,3.726562,-9.574219,,,,,,,,,,
acc,1778672701.0,120.0,-0.265625,3.726562,-9.6875,,,,,,,,,,
acc,1778672701.0,120.0,-0.34375,3.765625,-9.761719,,,,,,,,,,
acc,1778672701.0,120.0,-0.226562,3.804688,-9.726562,,,,,,,,,,
acc,1778672701.0,120.0,-0.113281,3.613281,-9.914062,,,,,,,,,,
acc,1778672701.0,120.0,-0.113281,3.535156,-9.492188,,,,,,,,,,
acc,1778672701.0,120.0,-0.265625,3.269531,-9.839844,,,,,,,,,,
acc,1778672701.0,120.0,-0.191406,3.421875,-9.691406,,,,,,,,,,
acc,1778672701.0,120.0,-0.113281,3.5,-9.492188,,,,,,,,,,
acc,1778672701.0,120.0,-0.113281,3.5,-9.914062,,,,,,,,,,
acc,1778672701.0,120.0,-0.191406,4.074219,-9.53125,,,,,,,,,,
acc,1778672701.0,120.0,-0.265625,3.996094,-9.570312,,,,,,,,,,
acc,1778672701.0,120.0,0.0,3.765625,-9.761719,,,,,,,,,,
acc,1778672701.0,120.0,0.0,3.652344,-9.609375,,,,,,,,,,
acc,1778672701.0,120.0,-0.304688,3.34375,-9.917969,,,,,,,,,,
acc,1778672701.0,120.0,-0.34375,3.230469,-9.6875,,,,,,,,,,
acc,1778672701.0,120.0,-0.304688,3.34375,-9.761719,,,,,,,,,,
acc,1778672701.0,120.0,-0.226562,3.574219,-9.761719,,,,,,,,,,
acc,1778672701.0,120.0,-0.226562,3.726562,-9.609375,,,,,,,,,,
acc,1778672701.0,120.0,-0.34375,3.613281,-9.691406,,,,,,,,,,
acc,1778672701.0,120.0,-0.34375,3.34375,-9.730469,,,,,,,,,,
acc,1778672701.0,120.0,-0.152344,3.308594,-9.757812,,,,,,,,,,
acc,1778672701.0,120.0,-0.191406,3.34375,-9.878906,,,,,,,,,,
acc,1778672701.0,120.0,-0.265625,3.921875,-9.609375,,,,,,,,,,
acc,1778672701.0,120.0,-0.152344,3.996094,-9.574219,,,,,,,,,,
acc,1778672701.0,120.0,0.15625,3.921875,-9.6875,,,,,,,,,,
acc,1778672701.0,120.0,0.0,3.957031,-9.375,,,,,,,,,,
acc,1778672701.0,120.0,-0.113281,4.074219,-9.761719,,,,,,,,,,
acc,1778672701.0,120.0,-0.152344,3.765625,-9.796875,,,,,,,,,,
acc,1778672701.0,120.0,-0.34375,3.382812,-9.835938,,,,,,,,,,
acc,1778672701.0,120.0,-0.304688,3.652344,-10.070312,,,,,,,,,,
acc,1778672701.0,120.0,-0.152344,3.765625,-10.070312,,,,,,,,,,
acc,1778672701.0,120.0,-0.152344,4.035156,-9.53125,,,,,,,,,,
acc,1778672701.0,120.0,-0.191406,4.035156,-9.726562,,,,,,,,,,
acc,1778672701.0,120.0,-0.226562,4.378906,-9.800781,,,,,,,,,,
acc,1778672701.0,120.0,-0.34375,3.957031,-9.453125,,,,,,,,,,
acc,1778672701.0,120.0,-0.382812,3.996094,-9.492188,,,,,,,,,,
acc,1778672701.0,120.0,-0.265625,4.304688,-9.800781,,,,,,,,,,
acc,1778672701.0,120.0,-0.191406,4.226562,-9.652344,,,,,,,,,,
acc,1778672701.0,120.0,-0.34375,4.1875,-9.691406,,,,,,,,,,
acc,1778672701.0,120.0,-0.417969,3.921875,-10.035156,,,,,,,,,,
acc,1778672701.0,120.0,-0.417969,3.84375,-9.691406,,,,,,,,,,
acc,1778672701.0,120.0,-0.382812,3.652344,-10.03125,,,,,,,,,,
acc,1778672701.0,120.0,-0.265625,3.5,-9.652344,,,,,,,,,,
acc,1778672701.0,120.0,-0.417969,3.613281,-9.453125,,,,,,,,,,
acc,1778672701.0,120.0,-0.417969,3.84375,-10.03125,,,,,,,,,,
acc,1778672701.0,120.0,-0.417969,3.996094,-9.492188,,,,,,,,,,
acc,1778672701.0,120.0,-0.535156,3.957031,-9.800781,,,,,,,,,,
acc,1778672701.0,120.0,-0.535156,4.074219,-9.878906,,,,,,,,,,
acc,1778672701.0,120.0,-0.496094,3.84375,-9.609375,,,,,,,,,,
acc,1778672701.0,120.0,-0.34375,3.726562,-9.800781,,,,,,,,,,
acc,1778672701.0,120.0,-0.304688,3.535156,-9.570312,,,,,,,,,,
acc,1778672701.0,120.0,-0.152344,3.726562,-9.914062,,,,,,,,,,
acc,1778672701.0,120.0,-0.113281,3.804688,-9.570312,,,,,,,,,,
acc,1778672701.0,120.0,-0.191406,3.652344,-9.6875,,,,,,,,,,
acc,1778672701.0,120.0,-0.113281,4.226562,-9.691406,,,,,,,,,,
acc,1778672701.0,120.0,-0.074219,3.691406,-9.574219,,,,,,,,,,
acc,1778672701.0,120.0,-0.191406,3.535156,-10.179688,,,,,,,,,,
acc,1778672701.0,120.0,-0.226562,3.691406,-10.113281,,,,,,,,,,
acc,1778672701.0,120.0,-0.304688,3.421875,-9.914062,,,,,,,,,,
acc,1778672701.0,120.0,-0.265625,3.5,-10.179688,,,,,,,,,,
acc,1778672701.0,120.0,-0.152344,3.613281,-9.875,,,,,,,,,,
acc,1778672701.0,120.0,-0.226562,3.652344,-9.835938,,,,,,,,,,
acc,1778672701.0,120.0,-0.226562,3.652344,-9.691406,,,,,,,,,,
acc,1778672701.0,120.0,-0.152344,3.652344,-9.800781,,,,,,,,,,
acc,1778672701.0,120.0,-0.074219,3.765625,-9.835938,,,,,,,,,,
acc,1778672701.0,120.0,-0.113281,3.84375,-9.875,,,,,,,,,,
acc,1778672701.0,120.0,-0.265625,3.726562,-9.917969,,,,,,,,,,
acc,1778672701.0,120.0,-0.265625,3.613281,-10.152344,,,,,,,,,,
acc,1778672701.0,120.0,-0.226562,3.804688,-9.652344,,,,,,,,,,
acc,1778672701.0,120.0,-0.113281,3.804688,-9.652344,,,,,,,,,,
acc,1778672701.0,120.0,-0.035156,3.957031,-9.953125,,,,,,,,,,
acc,1778672701.0,120.0,-0.113281,4.496094,-9.492188,,,,,,,,,,
acc,1778672701.0,120.0,-0.34375,4.378906,-9.835938,,,,,,,,,,
acc,1778672701.0,120.0,-0.457031,4.339844,-9.730469,,,,,,,,,,
acc,1778672701.0,120.0,-0.382812,4.113281,-9.800781,,,,,,,,,,
acc,1778672701.0,120.0,-0.265625,3.804688,-9.53125,,,,,,,,,,
acc,1778672701.0,120.0,-0.226562,3.882812,-9.691406,,,,,,,,,,
acc,1778672702.0,121.0,-0.382812,3.921875,-9.378906,,,,,,,,,,
acc,1778672702.0,121.0,-0.34375,4.417969,-9.574219,,,,,,,,,,
acc,1778672702.0,121.0,-0.34375,4.035156,-9.304688,,,,,,,,,,
acc,1778672702.0,121.0,-0.113281,3.691406,-9.726562,,,,,,,,,,
acc,1778672702.0,121.0,-0.226562,3.84375,-9.347656,,,,,,,,,,
acc,1778672702.0,121.0,-0.226562,3.613281,-9.53125,,,,,,,,,,
acc,1778672702.0,121.0,-0.265625,3.460938,-9.6875,,,,,,,,,,
acc,1778672702.0,121.0,-0.226562,3.460938,-9.757812,,,,,,,,,,
acc,1778672702.0,121.0,-0.191406,3.382812,-10.113281,,,,,,,,,,
acc,1778672702.0,121.0,-0.191406,3.574219,-9.953125,,,,,,,,,,
acc,1778672702.0,121.0,-0.304688,3.613281,-9.796875,,,,,,,,,,
acc,1778672702.0,121.0,-0.226562,3.535156,-10.257812,,,,,,,,,,
acc,1778672702.0,121.0,-0.226562,3.34375,-9.609375,,,,,,,,,,
acc,1778672702.0,121.0,-0.265625,3.574219,-10.109375,,,,,,,,,,
acc,1778672702.0,121.0,-0.265625,3.078125,-9.957031,,,,,,,,,,
acc,1778672702.0,121.0,-0.191406,3.039062,-9.796875,,,,,,,,,,
acc,1778672702.0,121.0,-0.304688,3.34375,-9.957031,,,,,,,,,,
acc,1778672702.0,121.0,-0.265625,3.460938,-9.6875,,,,,,,,,,
acc,1778672702.0,121.0,-0.304688,3.421875,-9.953125,,,,,,,,,,
acc,1778672702.0,121.0,-0.304688,3.804688,-9.992188,,,,,,,,,,
acc,1778672702.0,121.0,-0.191406,3.613281,-9.839844,,,,,,,,,,
acc,1778672702.0,121.0,-0.074219,3.460938,-9.839844,,,,,,,,,,
acc,1778672702.0,121.0,-0.304688,3.421875,-9.757812,,,,,,,,,,
acc,1778672702.0,121.0,-0.457031,3.117188,-10.074219,,,,,,,,,,
acc,1778672702.0,121.0,-0.34375,3.382812,-10.03125,,,,,,,,,,
acc,1778672702.0,121.0,-0.34375,3.078125,-9.953125,,,,,,,,,,
acc,1778672702.0,121.0,-0.417969,3.078125,-9.914062,,,,,,,,,,
acc,1778672702.0,121.0,-0.265625,3.382812,-9.878906,,,,,,,,,,
acc,1778672702.0,121.0,-0.191406,3.652344,-9.726562,,,,,,,,,,
acc,1778672702.0,121.0,-0.152344,3.574219,-10.035156,,,,,,,,,,
acc,1778672702.0,121.0,-0.226562,3.5,-9.648438,,,,,,,,,,
acc,1778672702.0,121.0,-0.265625,3.191406,-9.953125,,,,,,,,,,
acc,1778672702.0,121.0,-0.191406,3.421875,-9.730469,,,,,,,,,,
acc,1778672702.0,121.0,-0.074219,3.421875,-9.648438,,,,,,,,,,
acc,1778672702.0,121.0,-0.113281,3.996094,-9.492188,,,,,,,,,,
acc,1778672702.0,121.0,-0.152344,3.996094,-9.574219,,,,,,,,,,
acc,1778672702.0,121.0,-0.035156,3.957031,-9.609375,,,,,,,,,,
acc,1778672702.0,121.0,0.039062,3.921875,-9.6875,,,,,,,,,,
acc,1778672702.0,121.0,0.117188,3.957031,-9.800781,,,,,,,,,,
acc,1778672702.0,121.0,-0.074219,3.613281,-9.726562,,,,,,,,,,
acc,1778672702.0,121.0,-0.382812,3.613281,-9.609375,,,,,,,,,,
acc,1778672702.0,121.0,-0.34375,3.84375,-10.03125,,,,,,,,,,
acc,1778672702.0,121.0,-0.304688,3.882812,-9.878906,,,,,,,,,,
acc,1778672702.0,121.0,-0.34375,3.574219,-9.957031,,,,,,,,,,
acc,1778672702.0,121.0,-0.535156,3.765625,-9.878906,,,,,,,,,,
acc,1778672702.0,121.0,-0.574219,3.84375,-9.996094,,,,,,,,,,
acc,1778672702.0,121.0,-0.382812,3.691406,-9.839844,,,,,,,,,,
acc,1778672702.0,121.0,-0.265625,3.574219,-9.730469,,,,,,,,,,
acc,1778672702.0,121.0,-0.304688,3.613281,-9.917969,,,,,,,,,,
acc,1778672702.0,121.0,-0.34375,3.535156,-9.992188,,,,,,,,,,
acc,1778672702.0,121.0,-0.457031,3.691406,-9.457031,,,,,,,,,,
acc,1778672702.0,121.0,-0.417969,4.035156,-10.335938,,,,,,,,,,
acc,1778672702.0,121.0,-0.457031,4.035156,-9.691406,,,,,,,,,,
acc,1778672702.0,121.0,-0.574219,4.074219,-9.800781,,,,,,,,,,
acc,1778672702.0,121.0,-0.574219,4.113281,-9.761719,,,,,,,,,,
acc,1778672702.0,121.0,-0.34375,3.957031,-9.730469,,,,,,,,,,
acc,1778672702.0,121.0,-0.457031,3.574219,-9.652344,,,,,,,,,,
acc,1778672702.0,121.0,-0.574219,3.535156,-9.570312,,,,,,,,,,
acc,1778672702.0,121.0,-0.613281,3.613281,-9.609375,,,,,,,,,,
acc,1778672702.0,121.0,-0.574219,3.882812,-9.613281,,,,,,,,,,
acc,1778672702.0,121.0,-0.574219,3.996094,-9.34375,,,,,,,,,,
acc,1778672702.0,121.0,-0.34375,3.804688,-9.839844,,,,,,,,,,
acc,1778672702.0,121.0,-0.34375,4.074219,-9.378906,,,,,,,,,,
acc,1778672702.0,121.0,-0.457031,3.726562,-9.914062,,,,,,,,,,
acc,1778672702.0,121.0,-0.265625,3.152344,-9.996094,,,,,,,,,,
acc,1778672702.0,121.0,-0.304688,3.308594,-9.613281,,,,,,,,,,
acc,1778672702.0,121.0,-0.382812,3.0,-10.183594,,,,,,,,,,
acc,1778672702.0,121.0,-0.34375,3.117188,-9.648438,,,,,,,,,,
acc,1778672702.0,121.0,-0.34375,3.804688,-9.6875,,,,,,,,,,
acc,1778672702.0,121.0,-0.382812,4.035156,-9.992188,,,,,,,,,,
acc,1778672702.0,121.0,-0.191406,4.1875,-9.496094,,,,,,,,,,
acc,1778672702.0,121.0,-0.34375,4.457031,-9.875,,,,,,,,,,
acc,1778672702.0,121.0,-0.382812,4.226562,-9.648438,,,,,,,,,,
acc,1778672702.0,121.0,-0.304688,3.921875,-9.914062,,,,,,,,,,
acc,1778672702.0,121.0,-0.265625,3.84375,-9.996094,,,,,,,,,,
acc,1778672702.0,121.0,-0.34375,3.691406,-9.652344,,,,,,,,,,
acc,1778672702.0,121.0,-0.417969,3.535156,-9.609375,,,,,,,,,,
acc,1778672702.0,121.0,-0.152344,3.84375,-9.53125,,,,,,,,,,
acc,1778672702.0,121.0,0.0,4.113281,-9.609375,,,,,,,,,,
acc,1778672702.0,121.0,-0.035156,3.996094,-9.492188,,,,,,,,,,
acc,1778672702.0,121.0,-0.035156,4.074219,-9.878906,,,,,,,,,,
acc,1778672702.0,121.0,-0.035156,3.996094,-9.757812,,,,,,,,,,
acc,1778672702.0,121.0,0.0,3.652344,-9.835938,,,,,,,,,,
acc,1778672702.0,121.0,0.078125,3.382812,-10.03125,,,,,,,,,,
acc,1778672702.0,121.0,0.117188,3.460938,-9.875,,,,,,,,,,
acc,1778672702.0,121.0,0.039062,3.652344,-9.835938,,,,,,,,,,
acc,1778672702.0,121.0,0.039062,3.691406,-9.761719,,,,,,,,,,
acc,1778672702.0,121.0,0.117188,3.652344,-9.757812,,,,,,,,,,
acc,1778672702.0,121.0,0.191406,3.691406,-9.648438,,,,,,,,,,
acc,1778672702.0,121.0,0.269531,3.765625,-9.378906,,,,,,,,,,
acc,1778672702.0,121.0,0.347656,3.535156,-9.839844,,,,,,,,,,
acc,1778672702.0,121.0,0.347656,3.535156,-9.613281,,,,,,,,,,
acc,1778672702.0,121.0,0.269531,3.804688,-9.761719,,,,,,,,,,
acc,1778672702.0,121.0,0.382812,3.996094,-9.730469,,,,,,,,,,
acc,1778672702.0,121.0,0.5,3.765625,-9.652344,,,,,,,,,,
acc,1778672702.0,121.0,0.460938,3.996094,-9.609375,,,,,,,,,,
acc,1778672702.0,121.0,0.308594,3.996094,-9.757812,,,,,,,,,,
acc,1778672702.0,121.0,0.117188,3.996094,-9.648438,,,,,,,,,,
acc,1778672702.0,121.0,-0.074219,3.84375,-9.839844,,,,,,,,,,
acc,1778672702.0,121.0,-0.074219,3.804688,-10.03125,,,,,,,,,,
acc,1778672702.0,121.0,0.0,3.84375,-9.691406,,,,,,,,,,
acc,1778672702.0,121.0,0.15625,3.84375,-9.914062,,,,,,,,,,
acc,1778672702.0,121.0,0.078125,4.113281,-9.835938,,,,,,,,,,
acc,1778672702.0,121.0,-0.226562,4.074219,-9.839844,,,,,,,,,,
acc,1778672702.0,121.0,-0.34375,4.074219,-9.917969,,,,,,,,,,
acc,1778672702.0,121.0,-0.265625,4.339844,-9.957031,,,,,,,,,,
acc,1778672702.0,121.0,-0.152344,4.1875,-9.914062,,,,,,,,,,
acc,1778672702.0,121.0,-0.265625,3.957031,-9.726562,,,,,,,,,,
acc,1778672702.0,121.0,-0.417969,3.957031,-9.800781,,,,,,,,,,
acc,1778672702.0,121.0,-0.496094,3.882812,-9.757812,,,,,,,,,,
acc,1778672702.0,121.0,-0.382812,3.613281,-9.800781,,,,,,,,,,
acc,1778672702.0,121.0,-0.382812,3.613281,-9.800781,,,,,,,,,,
acc,1778672702.0,121.0,-0.417969,3.613281,-9.648438,,,,,,,,,,
acc,1778672702.0,121.0,-0.496094,3.804688,-9.613281,,,,,,,,,,
acc,1778672702.0,121.0,-0.535156,4.035156,-9.730469,,,,,,,,,,
acc,1778672702.0,121.0,-0.574219,3.996094,-9.878906,,,,,,,,,,
acc,1778672702.0,121.0,-0.648438,3.882812,-10.113281,,,,,,,,,,
acc,1778672702.0,121.0,-0.804688,3.460938,-10.113281,,,,,,,,,,
acc,1778672702.0,121.0,-0.6875,3.117188,-10.109375,,,,,,,,,,
acc,1778672702.0,121.0,-0.574219,3.152344,-10.070312,,,,,,,,,,
acc,1778672702.0,121.0,-0.613281,3.34375,-9.992188,,,,,,,,,,
acc,1778672702.0,121.0,-0.765625,3.230469,-9.875,,,,,,,,,,
acc,1778672702.0,121.0,-0.804688,3.652344,-10.296875,,,,,,,,,,
acc,1778672702.0,121.0,-0.765625,3.921875,-9.875,,,,,,,,,,
acc,1778672702.0,121.0,-0.648438,3.269531,-10.222656,,,,,,,,,,
acc,1778672702.0,121.0,-0.726562,3.230469,-10.179688,,,,,,,,,,
acc,1778672702.0,121.0,-0.726562,3.691406,-10.457031,,,,,,,,,,
acc,1778672703.0,122.0,-0.726562,3.765625,-10.296875,,,,,,,,,,
acc,1778672703.0,122.0,-0.648438,3.574219,-10.109375,,,,,,,,,,
acc,1778672703.0,122.0,-0.535156,3.652344,-10.683594,,,,,,,,,,
acc,1778672703.0,122.0,-0.535156,3.726562,-9.875,,,,,,,,,,
acc,1778672703.0,122.0,-0.535156,3.765625,-10.261719,,,,,,,,,,
acc,1778672703.0,122.0,-0.574219,3.535156,-10.261719,,,,,,,,,,
acc,1778672703.0,122.0,-0.574219,3.691406,-10.03125,,,,,,,,,,
acc,1778672703.0,122.0,-0.496094,3.84375,-10.375,,,,,,,,,,
acc,1778672703.0,122.0,-0.457031,4.074219,-10.179688,,,,,,,,,,
acc,1778672703.0,122.0,-0.457031,4.304688,-9.796875,,,,,,,,,,
acc,1778672703.0,122.0,-0.457031,4.417969,-10.257812,,,,,,,,,,
acc,1778672703.0,122.0,-0.304688,4.339844,-9.917969,,,,,,,,,,
acc,1778672703.0,122.0,-0.34375,3.996094,-9.914062,,,,,,,,,,
acc,1778672703.0,122.0,-0.417969,3.996094,-10.074219,,,,,,,,,,
acc,1778672703.0,122.0,-0.417969,4.1875,-9.574219,,,,,,,,,,
acc,1778672703.0,122.0,-0.457031,3.957031,-9.875,,,,,,,,,,
acc,1778672703.0,122.0,-0.417969,3.882812,-9.730469,,,,,,,,,,
acc,1778672703.0,122.0,-0.382812,4.035156,-9.53125,,,,,,,,,,
acc,1778672703.0,122.0,-0.382812,3.882812,-9.730469,,,,,,,,,,
acc,1778672703.0,122.0,-0.191406,3.882812,-9.417969,,,,,,,,,,
acc,1778672703.0,122.0,-0.152344,3.765625,-9.417969,,,,,,,,,,
acc,1778672703.0,122.0,-0.226562,3.921875,-9.652344,,,,,,,,,,
acc,1778672703.0,122.0,-0.226562,3.882812,-9.492188,,,,,,,,,,
acc,1778672703.0,122.0,-0.152344,3.535156,-9.492188,,,,,,,,,,
acc,1778672703.0,122.0,-0.226562,3.191406,-9.535156,,,,,,,,,,
acc,1778672703.0,122.0,-0.152344,3.269531,-9.609375,,,,,,,,,,
acc,1778672703.0,122.0,-0.152344,3.0,-9.492188,,,,,,,,,,
acc,1778672703.0,122.0,-0.113281,3.078125,-9.609375,,,,,,,,,,
acc,1778672703.0,122.0,-0.152344,3.382812,-9.730469,,,,,,,,,,
acc,1778672703.0,122.0,-0.191406,3.5,-9.535156,,,,,,,,,,
acc,1778672703.0,122.0,-0.191406,3.308594,-9.613281,,,,,,,,,,
acc,1778672703.0,122.0,-0.191406,3.382812,-9.417969,,,,,,,,,,
acc,1778672703.0,122.0,-0.074219,3.269531,-9.613281,,,,,,,,,,
acc,1778672703.0,122.0,-0.152344,3.5,-9.453125,,,,,,,,,,
acc,1778672703.0,122.0,-0.304688,3.460938,-9.726562,,,,,,,,,,
acc,1778672703.0,122.0,-0.34375,3.152344,-9.800781,,,,,,,,,,
acc,1778672703.0,122.0,-0.34375,3.421875,-9.613281,,,,,,,,,,
acc,1778672703.0,122.0,-0.34375,3.421875,-9.957031,,,,,,,,,,
acc,1778672703.0,122.0,-0.382812,3.421875,-9.457031,,,,,,,,,,
acc,1778672703.0,122.0,-0.34375,3.652344,-9.875,,,,,,,,,,
acc,1778672703.0,122.0,-0.382812,3.574219,-9.796875,,,,,,,,,,
acc,1778672703.0,122.0,-0.417969,3.882812,-9.609375,,,,,,,,,,
acc,1778672703.0,122.0,-0.34375,3.921875,-9.917969,,,,,,,,,,
acc,1778672703.0,122.0,-0.152344,3.765625,-9.652344,,,,,,,,,,
acc,1778672703.0,122.0,-0.074219,4.035156,-9.726562,,,,,,,,,,
acc,1778672703.0,122.0,-0.113281,4.074219,-9.796875,,,,,,,,,,
acc,1778672703.0,122.0,-0.152344,4.074219,-9.878906,,,,,,,,,,
acc,1778672703.0,122.0,-0.191406,4.609375,-9.800781,,,,,,,,,,
acc,1778672703.0,122.0,-0.304688,4.839844,-9.652344,,,,,,,,,,
acc,1778672703.0,122.0,-0.152344,4.304688,-9.652344,,,,,,,,,,
acc,1778672703.0,122.0,-0.152344,3.921875,-9.308594,,,,,,,,,,
acc,1778672703.0,122.0,-0.265625,4.1875,-9.457031,,,,,,,,,,
acc,1778672703.0,122.0,-0.382812,3.882812,-9.691406,,,,,,,,,,
acc,1778672703.0,122.0,-0.191406,4.148438,-9.414062,,,,,,,,,,
acc,1778672703.0,122.0,-0.152344,4.417969,-9.691406,,,,,,,,,,
acc,1778672703.0,122.0,-0.152344,4.339844,-9.691406,,,,,,,,,,
acc,1778672703.0,122.0,-0.226562,4.496094,-9.730469,,,,,,,,,,
acc,1778672703.0,122.0,-0.34375,4.265625,-9.726562,,,,,,,,,,
acc,1778672703.0,122.0,-0.34375,4.035156,-9.609375,,,,,,,,,,
acc,1778672703.0,122.0,-0.035156,4.148438,-9.652344,,,,,,,,,,
acc,1778672703.0,122.0,0.0,3.804688,-9.726562,,,,,,,,,,
acc,1778672703.0,122.0,-0.417969,4.113281,-9.53125,,,,,,,,,,
acc,1778672703.0,122.0,-0.535156,3.882812,-9.800781,,,,,,,,,,
acc,1778672703.0,122.0,-0.304688,3.765625,-9.835938,,,,,,,,,,
acc,1778672703.0,122.0,-0.265625,3.613281,-9.726562,,,,,,,,,,
acc,1778672703.0,122.0,-0.34375,3.5,-10.03125,,,,,,,,,,
acc,1778672703.0,122.0,-0.382812,3.5,-9.492188,,,,,,,,,,
acc,1778672703.0,122.0,-0.417969,3.574219,-10.113281,,,,,,,,,,
acc,1778672703.0,122.0,-0.304688,3.382812,-9.652344,,,,,,,,,,
acc,1778672703.0,122.0,-0.417969,3.460938,-9.914062,,,,,,,,,,
acc,1778672703.0,122.0,-0.417969,3.574219,-10.035156,,,,,,,,,,
acc,1778672703.0,122.0,-0.304688,3.382812,-9.652344,,,,,,,,,,
acc,1778672703.0,122.0,-0.152344,3.765625,-9.878906,,,,,,,,,,
acc,1778672703.0,122.0,-0.191406,3.882812,-9.6875,,,,,,,,,,
acc,1778672703.0,122.0,-0.34375,4.378906,-10.074219,,,,,,,,,,
acc,1778672703.0,122.0,-0.457031,4.113281,-9.53125,,,,,,,,,,
acc,1778672703.0,122.0,-0.226562,3.882812,-10.183594,,,,,,,,,,
acc,1778672703.0,122.0,-0.152344,3.804688,-9.570312,,,,,,,,,,
acc,1778672703.0,122.0,-0.226562,3.957031,-10.257812,,,,,,,,,,
acc,1778672703.0,122.0,-0.382812,3.996094,-9.835938,,,,,,,,,,
acc,1778672703.0,122.0,-0.535156,4.265625,-9.996094,,,,,,,,,,
acc,1778672703.0,122.0,-0.648438,4.074219,-10.183594,,,,,,,,,,
acc,1778672703.0,122.0,-0.457031,3.804688,-9.917969,,,,,,,,,,
acc,1778672703.0,122.0,-0.382812,3.921875,-9.878906,,,,,,,,,,
acc,1778672703.0,122.0,-0.304688,3.957031,-10.035156,,,,,,,,,,
acc,1778672703.0,122.0,-0.265625,3.882812,-9.496094,,,,,,,,,,
acc,1778672703.0,122.0,-0.382812,3.382812,-9.800781,,,,,,,,,,
acc,1778672703.0,122.0,-0.382812,3.5,-9.730469,,,,,,,,,,
acc,1778672703.0,122.0,-0.304688,3.957031,-9.652344,,,,,,,,,,
acc,1778672703.0,122.0,-0.304688,3.921875,-10.074219,,,,,,,,,,
acc,1778672703.0,122.0,-0.382812,4.226562,-9.53125,,,,,,,,,,
acc,1778672703.0,122.0,-0.457031,3.996094,-10.183594,,,,,,,,,,
acc,1778672703.0,122.0,-0.34375,3.765625,-9.6875,,,,,,,,,,
acc,1778672703.0,122.0,-0.34375,3.382812,-9.691406,,,,,,,,,,
acc,1778672703.0,122.0,-0.496094,3.535156,-10.074219,,,,,,,,,,
acc,1778672703.0,122.0,-0.417969,3.882812,-9.609375,,,,,,,,,,
acc,1778672703.0,122.0,-0.34375,3.652344,-9.835938,,,,,,,,,,
acc,1778672703.0,122.0,-0.457031,3.691406,-9.152344,,,,,,,,,,
acc,1778672703.0,122.0,-0.226562,3.460938,-10.21875,,,,,,,,,,
acc,1778672703.0,122.0,-0.113281,3.460938,-9.414062,,,,,,,,,,
acc,1778672703.0,122.0,-0.304688,3.613281,-9.535156,,,,,,,,,,
acc,1778672703.0,122.0,-0.191406,3.574219,-10.074219,,,,,,,,,,
acc,1778672703.0,122.0,-0.035156,3.613281,-9.492188,,,,,,,,,,
acc,1778672703.0,122.0,-0.035156,3.574219,-9.761719,,,,,,,,,,
acc,1778672703.0,122.0,-0.035156,3.691406,-9.796875,,,,,,,,,,
acc,1778672703.0,122.0,-0.035156,3.804688,-9.726562,,,,,,,,,,
acc,1778672703.0,122.0,-0.417969,3.691406,-9.878906,,,,,,,,,,
acc,1778672703.0,122.0,-0.417969,3.726562,-9.691406,,,,,,,,,,
acc,1778672703.0,122.0,-0.457031,3.652344,-10.074219,,,,,,,,,,
acc,1778672703.0,122.0,-0.34375,3.804688,-9.308594,,,,,,,,,,
acc,1778672703.0,122.0,-0.265625,3.652344,-10.035156,,,,,,,,,,
acc,1778672703.0,122.0,-0.226562,3.691406,-9.796875,,,,,,,,,,
acc,1778672703.0,122.0,-0.382812,3.921875,-9.761719,,,,,,,,,,
acc,1778672703.0,122.0,-0.417969,3.460938,-9.914062,,,,,,,,,,
acc,1778672703.0,122.0,-0.304688,3.652344,-9.652344,,,,,,,,,,
acc,1778672703.0,122.0,-0.265625,3.726562,-9.570312,,,,,,,,,,
acc,1778672703.0,122.0,-0.226562,3.652344,-9.375,,,,,,,,,,
acc,1778672703.0,122.0,-0.226562,3.921875,-9.378906,,,,,,,,,,
acc,1778672703.0,122.0,-0.34375,3.421875,-9.6875,,,,,,,,,,
acc,1778672703.0,122.0,-0.226562,3.039062,-9.757812,,,,,,,,,,
acc,1778672703.0,122.0,-0.382812,3.117188,-9.648438,,,,,,,,,,
acc,1778672703.0,122.0,-0.382812,3.117188,-10.03125,,,,,,,,,,
acc,1778672703.0,122.0,-0.074219,3.308594,-9.878906,,,,,,,,,,
acc,1778672703.0,122.0,-0.191406,3.765625,-9.648438,,,,,,,,,,
acc,1778672703.0,122.0,-0.382812,3.765625,-9.996094,,,,,,,,,,
acc,1778672703.0,122.0,-0.191406,3.726562,-9.6875,,,,,,,,,,
acc,1778672703.0,122.0,-0.152344,3.574219,-9.652344,,,,,,,,,,
acc,1778672703.0,122.0,-0.035156,3.5,-9.609375,,,,,,,,,,
acc,1778672704.0,123.0,0.078125,3.652344,-9.691406,,,,,,,,,,
acc,1778672704.0,123.0,0.078125,3.921875,-9.6875,,,,,,,,,,
acc,1778672704.0,123.0,0.039062,3.882812,-9.609375,,,,,,,,,,
acc,1778672704.0,123.0,-0.035156,4.113281,-9.800781,,,,,,,,,,
acc,1778672704.0,123.0,-0.152344,4.1875,-9.730469,,,,,,,,,,
acc,1778672704.0,123.0,-0.226562,3.765625,-9.996094,,,,,,,,,,
acc,1778672704.0,123.0,-0.113281,3.421875,-9.535156,,,,,,,,,,
acc,1778672704.0,123.0,-0.074219,3.308594,-9.917969,,,,,,,,,,
acc,1778672704.0,123.0,-0.496094,3.308594,-9.835938,,,,,,,,,,
acc,1778672704.0,123.0,-0.382812,3.34375,-10.21875,,,,,,,,,,
acc,1778672704.0,123.0,-0.34375,3.535156,-9.914062,,,,,,,,,,
acc,1778672704.0,123.0,-0.304688,3.535156,-9.996094,,,,,,,,,,
acc,1778672704.0,123.0,-0.34375,3.765625,-9.996094,,,,,,,,,,
acc,1778672704.0,123.0,-0.265625,3.804688,-9.730469,,,,,,,,,,
acc,1778672704.0,123.0,-0.191406,3.882812,-9.761719,,,,,,,,,,
acc,1778672704.0,123.0,-0.226562,3.691406,-9.726562,,,,,,,,,,
acc,1778672704.0,123.0,-0.265625,3.5,-9.613281,,,,,,,,,,
acc,1778672704.0,123.0,-0.382812,3.5,-9.757812,,,,,,,,,,
acc,1778672704.0,123.0,-0.34375,3.34375,-9.691406,,,,,,,,,,
acc,1778672704.0,123.0,-0.152344,3.421875,-9.761719,,,,,,,,,,
acc,1778672704.0,123.0,-0.265625,3.382812,-9.878906,,,,,,,,,,
acc,1778672704.0,123.0,-0.34375,3.230469,-9.796875,,,,,,,,,,
acc,1778672704.0,123.0,-0.226562,3.421875,-9.796875,,,,,,,,,,
acc,1778672704.0,123.0,-0.191406,3.421875,-9.609375,,,,,,,,,,
acc,1778672704.0,123.0,-0.191406,3.613281,-9.613281,,,,,,,,,,
acc,1778672704.0,123.0,-0.457031,3.921875,-9.613281,,,,,,,,,,
acc,1778672704.0,123.0,-0.34375,3.574219,-9.726562,,,,,,,,,,
acc,1778672704.0,123.0,-0.34375,3.726562,-9.875,,,,,,,,,,
acc,1778672704.0,123.0,-0.265625,3.804688,-9.953125,,,,,,,,,,
acc,1778672704.0,123.0,-0.265625,4.074219,-9.757812,,,,,,,,,,
acc,1778672704.0,123.0,-0.417969,3.957031,-10.183594,,,,,,,,,,
acc,1778672704.0,123.0,-0.265625,3.726562,-9.839844,,,,,,,,,,
acc,1778672704.0,123.0,-0.152344,4.1875,-9.835938,,,,,,,,,,
acc,1778672704.0,123.0,-0.382812,4.378906,-9.835938,,,,,,,,,,
acc,1778672704.0,123.0,-0.34375,4.113281,-10.300781,,,,,,,,,,
acc,1778672704.0,123.0,-0.304688,3.804688,-9.875,,,,,,,,,,
acc,1778672704.0,123.0,-0.417969,4.113281,-10.183594,,,,,,,,,,
acc,1778672704.0,123.0,-0.417969,3.765625,-10.113281,,,,,,,,,,
acc,1778672704.0,123.0,-0.265625,3.726562,-9.957031,,,,,,,,,,
acc,1778672704.0,123.0,-0.417969,3.691406,-9.613281,,,,,,,,,,
acc,1778672704.0,123.0,-0.191406,3.765625,-9.757812,,,,,,,,,,
acc,1778672704.0,123.0,-0.226562,3.34375,-9.730469,,,,,,,,,,
acc,1778672704.0,123.0,-0.304688,3.726562,-10.179688,,,,,,,,,,
acc,1778672704.0,123.0,-0.382812,3.804688,-9.457031,,,,,,,,,,
acc,1778672704.0,123.0,-0.417969,3.691406,-9.878906,,,,,,,,,,
acc,1778672704.0,123.0,-0.265625,4.035156,-9.996094,,,,,,,,,,
acc,1778672704.0,123.0,-0.226562,3.804688,-9.652344,,,,,,,,,,
acc,1778672704.0,123.0,-0.34375,3.921875,-10.179688,,,,,,,,,,
acc,1778672704.0,123.0,-0.304688,3.726562,-9.535156,,,,,,,,,,
acc,1778672704.0,123.0,-0.265625,4.035156,-10.070312,,,,,,,,,,
acc,1778672704.0,123.0,-0.226562,3.613281,-9.648438,,,,,,,,,,
acc,1778672704.0,123.0,-0.113281,3.921875,-9.839844,,,,,,,,,,
acc,1778672704.0,123.0,-0.265625,4.148438,-9.800781,,,,,,,,,,
acc,1778672704.0,123.0,-0.304688,3.726562,-9.613281,,,,,,,,,,
acc,1778672704.0,123.0,-0.226562,3.882812,-9.992188,,,,,,,,,,
acc,1778672704.0,123.0,-0.191406,3.421875,-9.691406,,,,,,,,,,
acc,1778672704.0,123.0,-0.226562,3.421875,-9.996094,,,,,,,,,,
acc,1778672704.0,123.0,-0.226562,3.535156,-9.730469,,,,,,,,,,
acc,1778672704.0,123.0,-0.152344,3.117188,-9.800781,,,,,,,,,,
acc,1778672704.0,123.0,-0.152344,3.382812,-9.609375,,,,,,,,,,
acc,1778672704.0,123.0,-0.191406,3.421875,-9.730469,,,,,,,,,,
acc,1778672704.0,123.0,-0.152344,3.308594,-9.691406,,,,,,,,,,
acc,1778672704.0,123.0,-0.265625,3.726562,-9.652344,,,,,,,,,,
acc,1778672704.0,123.0,-0.34375,3.882812,-9.914062,,,,,,,,,,
acc,1778672704.0,123.0,-0.304688,3.691406,-10.074219,,,,,,,,,,
acc,1778672704.0,123.0,-0.417969,3.726562,-9.648438,,,,,,,,,,
acc,1778672704.0,123.0,-0.34375,3.613281,-10.335938,,,,,,,,,,
acc,1778672704.0,123.0,-0.152344,3.5,-9.574219,,,,,,,,,,
acc,1778672704.0,123.0,-0.304688,3.5,-9.796875,,,,,,,,,,
acc,1778672704.0,123.0,-0.417969,3.230469,-9.878906,,,,,,,,,,
acc,1778672704.0,123.0,-0.191406,3.078125,-9.878906,,,,,,,,,,
acc,1778672704.0,123.0,-0.417969,3.152344,-9.953125,,,,,,,,,,
acc,1778672704.0,123.0,-0.613281,3.191406,-9.761719,,,,,,,,,,
acc,1778672704.0,123.0,-0.613281,3.34375,-9.757812,,,,,,,,,,
acc,1778672704.0,123.0,-0.417969,3.691406,-9.496094,,,,,,,,,,
acc,1778672704.0,123.0,-0.191406,3.613281,-9.796875,,,,,,,,,,
acc,1778672704.0,123.0,-0.113281,4.035156,-9.691406,,,,,,,,,,
acc,1778672704.0,123.0,-0.417969,3.691406,-9.761719,,,,,,,,,,
acc,1778672704.0,123.0,-0.457031,3.535156,-9.992188,,,,,,,,,,
acc,1778672704.0,123.0,-0.152344,3.726562,-9.53125,,,,,,,,,,
acc,1778672704.0,123.0,-0.035156,3.613281,-10.183594,,,,,,,,,,
acc,1778672704.0,123.0,-0.265625,3.765625,-9.230469,,,,,,,,,,
acc,1778672704.0,123.0,-0.457031,3.957031,-10.257812,,,,,,,,,,
acc,1778672704.0,123.0,-0.34375,3.84375,-9.730469,,,,,,,,,,
acc,1778672704.0,123.0,-0.226562,3.308594,-9.691406,,,,,,,,,,
acc,1778672704.0,123.0,-0.34375,3.535156,-9.953125,,,,,,,,,,
acc,1778672704.0,123.0,-0.265625,3.882812,-9.6875,,,,,,,,,,
acc,1778672704.0,123.0,-0.265625,3.882812,-9.496094,,,,,,,,,,
acc,1778672704.0,123.0,-0.226562,3.804688,-9.496094,,,,,,,,,,
acc,1778672704.0,123.0,-0.113281,4.035156,-10.21875,,,,,,,,,,
acc,1778672704.0,123.0,-0.34375,3.613281,-9.53125,,,,,,,,,,
acc,1778672704.0,123.0,-0.457031,3.308594,-10.03125,,,,,,,,,,
acc,1778672704.0,123.0,-0.457031,3.039062,-9.914062,,,,,,,,,,
acc,1778672704.0,123.0,-0.304688,3.0,-9.878906,,,,,,,,,,
acc,1778672704.0,123.0,-0.304688,2.886719,-9.574219,,,,,,,,,,
acc,1778672704.0,123.0,-0.265625,3.382812,-9.957031,,,,,,,,,,
acc,1778672704.0,123.0,-0.152344,3.421875,-9.6875,,,,,,,,,,
acc,1778672704.0,123.0,0.0,3.34375,-9.875,,,,,,,,,,
acc,1778672704.0,123.0,-0.152344,3.574219,-9.726562,,,,,,,,,,
acc,1778672704.0,123.0,-0.417969,3.574219,-9.761719,,,,,,,,,,
acc,1778672704.0,123.0,-0.457031,3.765625,-9.878906,,,,,,,,,,
acc,1778672704.0,123.0,-0.304688,3.765625,-9.648438,,,,,,,,,,
acc,1778672704.0,123.0,-0.152344,3.5,-9.800781,,,,,,,,,,
acc,1778672704.0,123.0,-0.265625,3.078125,-10.035156,,,,,,,,,,
acc,1778672704.0,123.0,-0.152344,3.460938,-9.875,,,,,,,,,,
acc,1778672704.0,123.0,-0.035156,3.765625,-9.726562,,,,,,,,,,
acc,1778672704.0,123.0,-0.074219,3.421875,-9.691406,,,,,,,,,,
acc,1778672704.0,123.0,-0.113281,3.765625,-9.796875,,,,,,,,,,
acc,1778672704.0,123.0,-0.113281,4.035156,-9.53125,,,,,,,,,,
acc,1778672704.0,123.0,-0.304688,4.113281,-9.726562,,,,,,,,,,
acc,1778672704.0,123.0,-0.304688,3.882812,-10.179688,,,,,,,,,,
acc,1778672704.0,123.0,-0.34375,3.691406,-9.570312,,,,,,,,,,
acc,1778672704.0,123.0,-0.417969,3.921875,-9.878906,,,,,,,,,,
acc,1778672704.0,123.0,-0.382812,3.535156,-9.914062,,,,,,,,,,
acc,1778672704.0,123.0,-0.226562,3.535156,-9.648438,,,,,,,,,,
acc,1778672704.0,123.0,-0.34375,3.613281,-9.648438,,,,,,,,,,
acc,1778672704.0,123.0,-0.535156,3.308594,-9.914062,,,,,,,,,,
acc,1778672704.0,123.0,-0.457031,2.847656,-9.652344,,,,,,,,,,
acc,1778672704.0,123.0,-0.304688,3.152344,-9.726562,,,,,,,,,,
acc,1778672704.0,123.0,-0.304688,3.421875,-9.800781,,,,,,,,,,
acc,1778672704.0,123.0,-0.226562,3.269531,-10.148438,,,,,,,,,,
acc,1778672704.0,123.0,-0.265625,3.5,-9.34375,,,,,,,,,,
acc,1778672704.0,123.0,-0.226562,3.882812,-10.109375,,,,,,,,,,
acc,1778672704.0,123.0,-0.035156,3.574219,-9.726562,,,,,,,,,,
acc,1778672704.0,123.0,-0.035156,3.691406,-9.496094,,,,,,,,,,
acc,1778672704.0,123.0,-0.226562,3.652344,-9.757812,,,,,,,,,,
acc,1778672705.0,124.0,-0.265625,3.117188,-10.035156,,,,,,,,,,
acc,1778672705.0,124.0,-0.226562,3.5,-9.691406,,,,,,,,,,
acc,1778672705.0,124.0,-0.304688,3.613281,-9.652344,,,,,,,,,,
acc,1778672705.0,124.0,-0.226562,4.226562,-10.109375,,,,,,,,,,
acc,1778672705.0,124.0,-0.265625,4.074219,-9.53125,,,,,,,,,,
acc,1778672705.0,124.0,-0.382812,3.535156,-9.953125,,,,,,,,,,
acc,1778672705.0,124.0,-0.191406,3.460938,-9.796875,,,,,,,,,,
acc,1778672705.0,124.0,-0.152344,3.574219,-9.957031,,,,,,,,,,
acc,1778672705.0,124.0,-0.265625,3.574219,-9.574219,,,,,,,,,,
acc,1778672705.0,124.0,-0.265625,4.226562,-9.652344,,,,,,,,,,
acc,1778672705.0,124.0,-0.417969,3.996094,-10.183594,,,,,,,,,,
acc,1778672705.0,124.0,-0.34375,3.691406,-9.6875,,,,,,,,,,
acc,1778672705.0,124.0,-0.191406,3.765625,-9.953125,,,,,,,,,,
acc,1778672705.0,124.0,-0.265625,3.5,-10.035156,,,,,,,,,,
acc,1778672705.0,124.0,-0.265625,3.957031,-9.613281,,,,,,,,,,
acc,1778672705.0,124.0,-0.152344,4.304688,-10.152344,,,,,,,,,,
acc,1778672705.0,124.0,-0.226562,3.996094,-9.953125,,,,,,,,,,
acc,1778672705.0,124.0,-0.34375,4.148438,-9.726562,,,,,,,,,,
acc,1778672705.0,124.0,-0.417969,3.652344,-9.800781,,,,,,,,,,
acc,1778672705.0,124.0,-0.304688,3.382812,-9.570312,,,,,,,,,,
acc,1778672705.0,124.0,0.0,3.421875,-9.308594,,,,,,,,,,
acc,1778672705.0,124.0,-0.113281,4.035156,-9.691406,,,,,,,,,,
acc,1778672705.0,124.0,-0.34375,3.5,-9.992188,,,,,,,,,,
acc,1778672705.0,124.0,-0.152344,3.652344,-9.265625,,,,,,,,,,
acc,1778672705.0,124.0,0.0,3.191406,-10.113281,,,,,,,,,,
acc,1778672705.0,124.0,0.0,2.617188,-9.574219,,,,,,,,,,
acc,1778672705.0,124.0,-0.191406,3.039062,-9.6875,,,,,,,,,,
acc,1778672705.0,124.0,-0.457031,2.925781,-10.03125,,,,,,,,,,
acc,1778672705.0,124.0,-0.417969,3.269531,-9.800781,,,,,,,,,,
acc,1778672705.0,124.0,-0.457031,3.535156,-9.835938,,,,,,,,,,
acc,1778672705.0,124.0,-0.457031,3.34375,-9.835938,,,,,,,,,,
acc,1778672705.0,124.0,-0.191406,3.535156,-9.917969,,,,,,,,,,
acc,1778672705.0,124.0,-0.191406,3.5,-9.457031,,,,,,,,,,
acc,1778672705.0,124.0,-0.304688,3.460938,-10.261719,,,,,,,,,,
acc,1778672705.0,124.0,-0.265625,3.691406,-9.835938,,,,,,,,,,
acc,1778672705.0,124.0,-0.417969,3.574219,-9.796875,,,,,,,,,,
acc,1778672705.0,124.0,-0.304688,3.382812,-10.417969,,,,,,,,,,
acc,1778672705.0,124.0,-0.191406,3.726562,-9.496094,,,,,,,,,,
acc,1778672705.0,124.0,-0.265625,3.996094,-9.839844,,,,,,,,,,
acc,1778672705.0,124.0,-0.304688,3.882812,-9.917969,,,,,,,,,,
acc,1778672705.0,124.0,-0.34375,3.804688,-9.496094,,,,,,,,,,
acc,1778672705.0,124.0,-0.226562,3.460938,-9.992188,,,,,,,,,,
acc,1778672705.0,124.0,-0.265625,3.382812,-9.726562,,,,,,,,,,
acc,1778672705.0,124.0,-0.265625,3.574219,-9.648438,,,,,,,,,,
acc,1778672705.0,124.0,-0.226562,3.613281,-9.730469,,,,,,,,,,
acc,1778672705.0,124.0,-0.191406,3.726562,-9.761719,,,,,,,,,,
acc,1778672705.0,124.0,-0.191406,3.652344,-10.035156,,,,,,,,,,
acc,1778672705.0,124.0,-0.226562,3.535156,-9.835938,,,,,,,,,,
acc,1778672705.0,124.0,-0.382812,3.535156,-10.03125,,,,,,,,,,
acc,1778672705.0,124.0,-0.417969,3.574219,-9.726562,,,,,,,,,,
acc,1778672705.0,124.0,0.0,3.882812,-9.800781,,,,,,,,,,
acc,1778672705.0,124.0,0.078125,3.269531,-9.609375,,,,,,,,,,
acc,1778672705.0,124.0,-0.035156,3.613281,-9.453125,,,,,,,,,,
acc,1778672705.0,124.0,-0.152344,3.308594,-9.691406,,,,,,,,,,
acc,1778672705.0,124.0,-0.191406,3.421875,-9.835938,,,,,,,,,,
acc,1778672705.0,124.0,-0.265625,3.726562,-10.070312,,,,,,,,,,
acc,1778672705.0,124.0,-0.382812,3.996094,-10.03125,,,,,,,,,,
acc,1778672705.0,124.0,-0.34375,3.921875,-9.796875,,,,,,,,,,
acc,1778672705.0,124.0,0.117188,3.957031,-9.730469,,,,,,,,,,
acc,1778672705.0,124.0,0.078125,3.460938,-9.574219,,,,,,,,,,
acc,1778672705.0,124.0,0.0,2.925781,-9.648438,,,,,,,,,,
acc,1778672705.0,124.0,-0.226562,3.382812,-9.914062,,,,,,,,,,
acc,1778672705.0,124.0,-0.574219,3.613281,-9.796875,,,,,,,,,,
acc,1778672705.0,124.0,-0.34375,3.691406,-10.035156,,,,,,,,,,
acc,1778672705.0,124.0,-0.074219,3.882812,-9.796875,,,,,,,,,,
acc,1778672705.0,124.0,-0.191406,3.882812,-9.652344,,,,,,,,,,
acc,1778672705.0,124.0,-0.265625,3.652344,-9.917969,,,,,,,,,,
acc,1778672705.0,124.0,-0.191406,3.5,-9.917969,,,,,,,,,,
acc,1778672705.0,124.0,-0.265625,3.269531,-9.6875,,,,,,,,,,
acc,1778672705.0,124.0,-0.265625,3.230469,-10.109375,,,,,,,,,,
acc,1778672705.0,124.0,-0.34375,3.5,-10.03125,,,,,,,,,,
acc,1778672705.0,124.0,-0.304688,3.152344,-9.535156,,,,,,,,,,
acc,1778672705.0,124.0,-0.304688,3.34375,-10.070312,,,,,,,,,,
acc,1778672705.0,124.0,-0.226562,3.84375,-9.609375,,,,,,,,,,
acc,1778672705.0,124.0,-0.265625,3.957031,-9.726562,,,,,,,,,,
acc,1778672705.0,124.0,-0.304688,3.921875,-9.648438,,,,,,,,,,
acc,1778672705.0,124.0,-0.226562,3.804688,-9.796875,,,,,,,,,,
acc,1778672705.0,124.0,-0.265625,3.269531,-9.878906,,,,,,,,,,
acc,1778672705.0,124.0,-0.265625,2.847656,-9.757812,,,,,,,,,,
acc,1778672705.0,124.0,-0.34375,2.960938,-10.03125,,,,,,,,,,
acc,1778672705.0,124.0,-0.382812,2.925781,-9.835938,,,,,,,,,,
acc,1778672705.0,124.0,-0.265625,3.039062,-9.878906,,,,,,,,,,
acc,1778672705.0,124.0,-0.191406,3.152344,-9.761719,,,,,,,,,,
acc,1778672705.0,124.0,-0.417969,3.613281,-9.730469,,,,,,,,,,
acc,1778672705.0,124.0,-0.382812,3.613281,-10.183594,,,,,,,,,,
acc,1778672705.0,124.0,-0.457031,3.882812,-9.691406,,,,,,,,,,
acc,1778672705.0,124.0,-0.34375,3.882812,-10.148438,,,,,,,,,,
acc,1778672705.0,124.0,-0.457031,3.535156,-9.757812,,,,,,,,,,
acc,1778672705.0,124.0,-0.34375,3.460938,-9.800781,,,,,,,,,,
acc,1778672705.0,124.0,-0.152344,3.460938,-10.148438,,,,,,,,,,
acc,1778672705.0,124.0,-0.152344,3.308594,-9.648438,,,,,,,,,,
acc,1778672705.0,124.0,-0.34375,3.652344,-9.835938,,,,,,,,,,
acc,1778672705.0,124.0,-0.304688,4.074219,-10.074219,,,,,,,,,,
acc,1778672705.0,124.0,-0.304688,4.339844,-9.726562,,,,,,,,,,
acc,1778672705.0,124.0,-0.382812,3.765625,-10.113281,,,,,,,,,,
acc,1778672705.0,124.0,-0.382812,3.460938,-9.914062,,,,,,,,,,
acc,1778672705.0,124.0,-0.457031,3.574219,-9.796875,,,,,,,,,,
acc,1778672705.0,124.0,-0.34375,3.535156,-9.800781,,,,,,,,,,
acc,1778672705.0,124.0,-0.417969,3.652344,-9.53125,,,,,,,,,,
acc,1778672705.0,124.0,-0.382812,3.84375,-9.800781,,,,,,,,,,
acc,1778672705.0,124.0,-0.265625,3.308594,-9.761719,,,,,,,,,,
acc,1778672705.0,124.0,-0.34375,3.308594,-9.691406,,,,,,,,,,
acc,1778672705.0,124.0,-0.417969,3.382812,-9.992188,,,,,,,,,,
acc,1778672705.0,124.0,-0.496094,3.152344,-9.757812,,,,,,,,,,
acc,1778672705.0,124.0,-0.382812,3.613281,-10.074219,,,,,,,,,,
acc,1778672705.0,124.0,-0.265625,3.078125,-9.878906,,,,,,,,,,
acc,1778672705.0,124.0,-0.191406,3.117188,-10.035156,,,,,,,,,,
acc,1778672705.0,124.0,-0.417969,3.382812,-9.609375,,,,,,,,,,
acc,1778672705.0,124.0,-0.457031,3.382812,-9.835938,,,,,,,,,,
acc,1778672705.0,124.0,-0.496094,3.765625,-9.917969,,,,,,,,,,
acc,1778672705.0,124.0,-0.417969,3.921875,-9.839844,,,,,,,,,,
acc,1778672705.0,124.0,-0.457031,4.074219,-9.796875,,,,,,,,,,
acc,1778672705.0,124.0,-0.457031,3.574219,-9.761719,,,,,,,,,,
acc,1778672705.0,124.0,-0.191406,3.613281,-9.726562,,,,,,,,,,
acc,1778672705.0,124.0,-0.113281,3.421875,-9.34375,,,,,,,,,,
acc,1778672705.0,124.0,-0.265625,3.574219,-9.992188,,,,,,,,,,
acc,1778672705.0,124.0,-0.382812,3.613281,-9.691406,,,,,,,,,,
acc,1778672705.0,124.0,-0.304688,3.460938,-9.761719,,,,,,,,,,
acc,1778672705.0,124.0,-0.152344,3.691406,-10.035156,,,,,,,,,,
acc,1778672705.0,124.0,-0.035156,3.726562,-9.691406,,,,,,,,,,
acc,1778672705.0,124.0,-0.152344,3.996094,-9.914062,,,,,,,,,,
acc,1778672705.0,124.0,-0.226562,4.035156,-9.574219,,,,,,,,,,
acc,1778672705.0,124.0,-0.226562,3.957031,-9.835938,,,,,,,,,,
acc,1778672705.0,124.0,-0.152344,4.074219,-9.6875,,,,,,,,,,
acc,1778672705.0,124.0,-0.304688,3.882812,-9.917969,,,,,,,,,,
acc,1778672706.0,125.0,-0.226562,3.921875,-10.179688,,,,,,,,,,
acc,1778672706.0,125.0,-0.265625,3.957031,-9.6875,,,,,,,,,,
acc,1778672706.0,125.0,-0.265625,3.921875,-9.914062,,,,,,,,,,
acc,1778672706.0,125.0,-0.191406,4.304688,-9.730469,,,,,,,,,,
acc,1778672706.0,125.0,-0.035156,4.035156,-9.609375,,,,,,,,,,
acc,1778672706.0,125.0,-0.035156,3.613281,-9.691406,,,,,,,,,,
acc,1778672706.0,125.0,0.039062,3.613281,-9.648438,,,,,,,,,,
acc,1778672706.0,125.0,0.0,3.5,-9.648438,,,,,,,,,,
acc,1778672706.0,125.0,-0.074219,3.34375,-9.6875,,,,,,,,,,
acc,1778672706.0,125.0,-0.035156,3.152344,-9.835938,,,,,,,,,,
acc,1778672706.0,125.0,-0.152344,3.382812,-9.730469,,,,,,,,,,
acc,1778672706.0,125.0,-0.304688,3.460938,-9.726562,,,,,,,,,,
acc,1778672706.0,125.0,-0.035156,3.460938,-9.875,,,,,,,,,,
acc,1778672706.0,125.0,-0.113281,3.191406,-9.496094,,,,,,,,,,
acc,1778672706.0,125.0,-0.113281,3.382812,-10.21875,,,,,,,,,,
acc,1778672706.0,125.0,-0.152344,3.574219,-9.726562,,,,,,,,,,
acc,1778672706.0,125.0,-0.265625,3.421875,-9.835938,,,,,,,,,,
acc,1778672706.0,125.0,-0.191406,3.382812,-9.726562,,,,,,,,,,
acc,1778672706.0,125.0,-0.226562,3.652344,-9.609375,,,,,,,,,,
acc,1778672706.0,125.0,-0.226562,3.308594,-9.53125,,,,,,,,,,
acc,1778672706.0,125.0,-0.113281,3.460938,-9.609375,,,,,,,,,,
acc,1778672706.0,125.0,-0.074219,3.039062,-9.496094,,,,,,,,,,
acc,1778672706.0,125.0,-0.113281,3.269531,-9.757812,,,,,,,,,,
acc,1778672706.0,125.0,-0.304688,3.5,-9.535156,,,,,,,,,,
acc,1778672706.0,125.0,-0.417969,3.5,-9.835938,,,,,,,,,,
acc,1778672706.0,125.0,-0.265625,3.613281,-9.839844,,,,,,,,,,
acc,1778672706.0,125.0,-0.265625,3.5,-9.613281,,,,,,,,,,
acc,1778672706.0,125.0,-0.417969,3.535156,-9.875,,,,,,,,,,
acc,1778672706.0,125.0,-0.304688,3.308594,-9.839844,,,,,,,,,,
acc,1778672706.0,125.0,-0.34375,3.117188,-9.574219,,,,,,,,,,
acc,1778672706.0,125.0,-0.496094,3.460938,-10.109375,,,,,,,,,,
acc,1778672706.0,125.0,-0.382812,3.765625,-9.796875,,,,,,,,,,
acc,1778672706.0,125.0,-0.535156,3.613281,-9.691406,,,,,,,,,,
acc,1778672706.0,125.0,-0.265625,4.113281,-9.761719,,,,,,,,,,
acc,1778672706.0,125.0,-0.113281,3.765625,-9.839844,,,,,,,,,,
acc,1778672706.0,125.0,-0.34375,3.996094,-9.609375,,,,,,,,,,
acc,1778672706.0,125.0,-0.382812,3.726562,-9.914062,,,,,,,,,,
acc,1778672706.0,125.0,-0.304688,3.117188,-9.839844,,,,,,,,,,
acc,1778672706.0,125.0,-0.304688,3.269531,-9.535156,,,,,,,,,,
acc,1778672706.0,125.0,-0.226562,3.308594,-10.183594,,,,,,,,,,
acc,1778672706.0,125.0,-0.304688,3.652344,-9.535156,,,,,,,,,,
acc,1778672706.0,125.0,-0.457031,3.308594,-9.914062,,,,,,,,,,
acc,1778672706.0,125.0,-0.226562,3.308594,-10.148438,,,,,,,,,,
acc,1778672706.0,125.0,-0.152344,3.269531,-9.691406,,,,,,,,,,
acc,1778672706.0,125.0,-0.304688,3.039062,-9.917969,,,,,,,,,,
acc,1778672706.0,125.0,-0.34375,3.308594,-9.800781,,,,,,,,,,
acc,1778672706.0,125.0,-0.152344,3.652344,-9.691406,,,,,,,,,,
acc,1778672706.0,125.0,-0.265625,3.691406,-9.835938,,,,,,,,,,
acc,1778672706.0,125.0,-0.382812,3.652344,-9.609375,,,,,,,,,,
acc,1778672706.0,125.0,-0.304688,3.84375,-10.113281,,,,,,,,,,
acc,1778672706.0,125.0,-0.226562,3.5,-9.609375,,,,,,,,,,
acc,1778672706.0,125.0,-0.074219,3.34375,-9.957031,,,,,,,,,,
acc,1778672706.0,125.0,-0.113281,3.535156,-9.953125,,,,,,,,,,
acc,1778672706.0,125.0,-0.191406,3.535156,-9.917969,,,,,,,,,,
acc,1778672706.0,125.0,-0.34375,3.613281,-9.914062,,,,,,,,,,
acc,1778672706.0,125.0,-0.152344,3.269531,-10.109375,,,,,,,,,,
acc,1778672706.0,125.0,-0.074219,3.230469,-9.375,,,,,,,,,,
acc,1778672706.0,125.0,-0.152344,3.652344,-10.335938,,,,,,,,,,
acc,1778672706.0,125.0,-0.226562,4.074219,-9.457031,,,,,,,,,,
acc,1778672706.0,125.0,-0.226562,4.113281,-9.992188,,,,,,,,,,
acc,1778672706.0,125.0,-0.226562,3.996094,-9.648438,,,,,,,,,,
acc,1778672706.0,125.0,-0.191406,4.035156,-9.796875,,,,,,,,,,
acc,1778672706.0,125.0,-0.152344,4.226562,-9.757812,,,,,,,,,,
acc,1778672706.0,125.0,-0.113281,3.726562,-9.730469,,,,,,,,,,
acc,1778672706.0,125.0,-0.191406,3.230469,-9.730469,,,,,,,,,,
acc,1778672706.0,125.0,-0.191406,3.308594,-9.761719,,,,,,,,,,
acc,1778672706.0,125.0,-0.265625,2.960938,-10.070312,,,,,,,,,,
acc,1778672706.0,125.0,-0.304688,3.230469,-9.992188,,,,,,,,,,
acc,1778672706.0,125.0,-0.265625,3.957031,-9.917969,,,,,,,,,,
acc,1778672706.0,125.0,-0.265625,3.726562,-9.839844,,,,,,,,,,
acc,1778672706.0,125.0,-0.191406,3.882812,-9.796875,,,,,,,,,,
acc,1778672706.0,125.0,-0.191406,3.882812,-9.6875,,,,,,,,,,
acc,1778672706.0,125.0,-0.226562,3.421875,-9.761719,,,,,,,,,,
acc,1778672706.0,125.0,-0.152344,3.421875,-9.878906,,,,,,,,,,
acc,1778672706.0,125.0,-0.34375,3.574219,-9.496094,,,,,,,,,,
acc,1778672706.0,125.0,-0.34375,3.613281,-9.875,,,,,,,,,,
acc,1778672706.0,125.0,-0.34375,3.421875,-9.457031,,,,,,,,,,
acc,1778672706.0,125.0,-0.382812,3.191406,-9.839844,,,,,,,,,,
acc,1778672706.0,125.0,-0.496094,3.0,-9.574219,,,,,,,,,,
acc,1778672706.0,125.0,-0.417969,3.191406,-9.957031,,,,,,,,,,
acc,1778672706.0,125.0,-0.34375,3.269531,-9.730469,,,,,,,,,,
acc,1778672706.0,125.0,-0.34375,3.308594,-9.800781,,,,,,,,,,
acc,1778672706.0,125.0,-0.382812,3.535156,-9.730469,,,,,,,,,,
acc,1778672706.0,125.0,-0.34375,3.613281,-9.800781,,,,,,,,,,
acc,1778672706.0,125.0,-0.496094,3.613281,-9.609375,,,,,,,,,,
acc,1778672706.0,125.0,-0.417969,3.652344,-9.757812,,,,,,,,,,
acc,1778672706.0,125.0,-0.457031,3.804688,-9.878906,,,,,,,,,,
acc,1778672706.0,125.0,-0.417969,3.765625,-9.726562,,,,,,,,,,
acc,1778672706.0,125.0,-0.191406,3.726562,-9.839844,,,,,,,,,,
acc,1778672706.0,125.0,-0.265625,3.882812,-9.6875,,,,,,,,,,
acc,1778672706.0,125.0,-0.304688,3.574219,-9.992188,,,,,,,,,,
acc,1778672706.0,125.0,-0.226562,3.535156,-9.875,,,,,,,,,,
acc,1778672706.0,125.0,-0.265625,3.804688,-9.835938,,,,,,,,,,
acc,1778672706.0,125.0,-0.265625,4.074219,-9.835938,,,,,,,,,,
acc,1778672706.0,125.0,-0.113281,4.378906,-10.03125,,,,,,,,,,
acc,1778672706.0,125.0,-0.152344,4.226562,-9.648438,,,,,,,,,,
acc,1778672706.0,125.0,-0.113281,4.148438,-9.761719,,,,,,,,,,
acc,1778672706.0,125.0,-0.035156,3.996094,-9.992188,,,,,,,,,,
acc,1778672706.0,125.0,-0.113281,3.882812,-9.414062,,,,,,,,,,
acc,1778672706.0,125.0,-0.191406,3.957031,-10.035156,,,,,,,,,,
acc,1778672706.0,125.0,-0.074219,3.921875,-10.03125,,,,,,,,,,
acc,1778672706.0,125.0,-0.152344,4.226562,-9.730469,,,,,,,,,,
acc,1778672706.0,125.0,-0.191406,4.074219,-9.914062,,,,,,,,,,
acc,1778672706.0,125.0,-0.113281,4.265625,-9.878906,,,,,,,,,,
acc,1778672706.0,125.0,-0.152344,4.417969,-9.691406,,,,,,,,,,
acc,1778672706.0,125.0,-0.226562,3.84375,-9.757812,,,,,,,,,,
acc,1778672706.0,125.0,-0.152344,3.613281,-9.691406,,,,,,,,,,
acc,1778672706.0,125.0,-0.113281,3.421875,-9.917969,,,,,,,,,,
acc,1778672706.0,125.0,-0.113281,3.078125,-9.648438,,,,,,,,,,
acc,1778672706.0,125.0,-0.226562,3.382812,-9.835938,,,,,,,,,,
acc,1778672706.0,125.0,-0.191406,3.152344,-9.726562,,,,,,,,,,
acc,1778672706.0,125.0,-0.265625,3.117188,-9.417969,,,,,,,,,,
acc,1778672706.0,125.0,-0.152344,3.039062,-9.691406,,,,,,,,,,
acc,1778672706.0,125.0,0.0,3.117188,-9.800781,,,,,,,,,,
acc,1778672706.0,125.0,-0.035156,3.191406,-9.570312,,,,,,,,,,
acc,1778672706.0,125.0,-0.191406,3.34375,-9.917969,,,,,,,,,,
acc,1778672706.0,125.0,-0.382812,3.269531,-9.609375,,,,,,,,,,
acc,1778672706.0,125.0,-0.304688,3.5,-9.535156,,,,,,,,,,
acc,1778672706.0,125.0,-0.265625,3.726562,-9.652344,,,,,,,,,,
acc,1778672706.0,125.0,-0.265625,3.726562,-9.457031,,,,,,,,,,
acc,1778672706.0,125.0,-0.34375,3.652344,-9.574219,,,,,,,,,,
acc,1778672706.0,125.0,-0.417969,3.574219,-9.726562,,,,,,,,,,
acc,1778672706.0,125.0,-0.382812,3.535156,-9.609375,,,,,,,,,,
acc,1778672706.0,125.0,-0.304688,3.84375,-9.917969,,,,,,,,,,
acc,1778672706.0,125.0,-0.34375,3.957031,-9.492188,,,,,,,,,,
acc,1778672706.0,125.0,-0.457031,4.035156,-9.953125,,,,,,,,,,
acc,1778672706.0,125.0,-0.496094,3.957031,-9.648438,,,,,,,,,,
acc,1778672707.0,126.0,-0.417969,3.921875,-9.796875,,,,,,,,,,
acc,1778672707.0,126.0,-0.265625,3.882812,-9.957031,,,,,,,,,,
acc,1778672707.0,126.0,-0.113281,3.5,-9.800781,,,,,,,,,,
acc,1778672707.0,126.0,-0.304688,3.460938,-9.917969,,,,,,,,,,
acc,1778672707.0,126.0,-0.265625,3.652344,-9.878906,,,,,,,,,,
acc,1778672707.0,126.0,-0.226562,3.535156,-9.953125,,,,,,,,,,
acc,1778672707.0,126.0,-0.191406,3.691406,-9.800781,,,,,,,,,,
acc,1778672707.0,126.0,-0.304688,4.148438,-9.835938,,,,,,,,,,
acc,1778672707.0,126.0,-0.417969,4.417969,-9.800781,,,,,,,,,,
acc,1778672707.0,126.0,-0.417969,4.265625,-9.839844,,,,,,,,,,
acc,1778672707.0,126.0,-0.152344,4.113281,-10.03125,,,,,,,,,,
acc,1778672707.0,126.0,-0.191406,4.035156,-9.878906,,,,,,,,,,
acc,1778672707.0,126.0,-0.382812,3.84375,-9.914062,,,,,,,,,,
acc,1778672707.0,126.0,-0.304688,3.5,-10.035156,,,,,,,,,,
acc,1778672707.0,126.0,-0.074219,3.230469,-9.757812,,,,,,,,,,
acc,1778672707.0,126.0,0.0,3.230469,-9.796875,,,,,,,,,,
acc,1778672707.0,126.0,-0.035156,3.117188,-9.835938,,,,,,,,,,
acc,1778672707.0,126.0,-0.191406,3.191406,-9.609375,,,,,,,,,,
acc,1778672707.0,126.0,-0.304688,3.269531,-9.957031,,,,,,,,,,
acc,1778672707.0,126.0,-0.191406,3.460938,-9.957031,,,,,,,,,,
acc,1778672707.0,126.0,-0.074219,3.574219,-9.648438,,,,,,,,,,
acc,1778672707.0,126.0,-0.152344,3.613281,-9.875,,,,,,,,,,
acc,1778672707.0,126.0,-0.226562,3.269531,-9.835938,,,,,,,,,,
acc,1778672707.0,126.0,-0.074219,3.117188,-9.957031,,,,,,,,,,
acc,1778672707.0,126.0,-0.152344,3.382812,-9.953125,,,,,,,,,,
acc,1778672707.0,126.0,-0.191406,3.34375,-9.878906,,,,,,,,,,
acc,1778672707.0,126.0,-0.074219,3.535156,-9.6875,,,,,,,,,,
acc,1778672707.0,126.0,-0.113281,3.726562,-9.53125,,,,,,,,,,
acc,1778672707.0,126.0,-0.226562,3.613281,-9.414062,,,,,,,,,,
acc,1778672707.0,126.0,-0.226562,3.535156,-9.835938,,,,,,,,,,
acc,1778672707.0,126.0,-0.226562,3.574219,-9.570312,,,,,,,,,,
acc,1778672707.0,126.0,-0.226562,3.691406,-9.761719,,,,,,,,,,
acc,1778672707.0,126.0,-0.226562,3.84375,-9.757812,,,,,,,,,,
acc,1778672707.0,126.0,-0.265625,3.804688,-9.609375,,,,,,,,,,
acc,1778672707.0,126.0,-0.417969,4.035156,-9.691406,,,,,,,,,,
acc,1778672707.0,126.0,-0.457031,3.882812,-9.53125,,,,,,,,,,
acc,1778672707.0,126.0,-0.382812,3.691406,-9.917969,,,,,,,,,,
acc,1778672707.0,126.0,-0.304688,3.726562,-9.917969,,,,,,,,,,
acc,1778672707.0,126.0,-0.417969,3.421875,-9.761719,,,,,,,,,,
acc,1778672707.0,126.0,-0.457031,3.308594,-9.992188,,,,,,,,,,
acc,1778672707.0,126.0,-0.417969,3.574219,-9.957031,,,,,,,,,,
acc,1778672707.0,126.0,-0.382812,3.765625,-9.878906,,,,,,,,,,
acc,1778672707.0,126.0,-0.265625,3.921875,-9.648438,,,,,,,,,,
acc,1778672707.0,126.0,-0.152344,4.457031,-9.648438,,,,,,,,,,
acc,1778672707.0,126.0,-0.34375,4.570312,-9.691406,,,,,,,,,,
acc,1778672707.0,126.0,-0.417969,4.226562,-9.691406,,,,,,,,,,
acc,1778672707.0,126.0,-0.417969,4.304688,-10.035156,,,,,,,,,,
acc,1778672707.0,126.0,-0.535156,4.148438,-9.6875,,,,,,,,,,
acc,1778672707.0,126.0,-0.417969,3.613281,-9.914062,,,,,,,,,,
acc,1778672707.0,126.0,-0.226562,3.535156,-9.992188,,,,,,,,,,
acc,1778672707.0,126.0,-0.035156,3.535156,-9.648438,,,,,,,,,,
acc,1778672707.0,126.0,-0.113281,3.5,-9.953125,,,,,,,,,,
acc,1778672707.0,126.0,-0.265625,3.652344,-9.839844,,,,,,,,,,
acc,1778672707.0,126.0,-0.34375,3.613281,-9.875,,,,,,,,,,
acc,1778672707.0,126.0,-0.226562,3.691406,-9.996094,,,,,,,,,,
acc,1778672707.0,126.0,-0.191406,3.882812,-9.839844,,,,,,,,,,
acc,1778672707.0,126.0,-0.304688,3.726562,-9.726562,,,,,,,,,,
acc,1778672707.0,126.0,-0.226562,3.574219,-9.839844,,,,,,,,,,
acc,1778672707.0,126.0,-0.226562,3.535156,-9.914062,,,,,,,,,,
acc,1778672707.0,126.0,-0.191406,3.613281,-9.796875,,,,,,,,,,
acc,1778672707.0,126.0,-0.191406,3.652344,-9.996094,,,,,,,,,,
acc,1778672707.0,126.0,-0.152344,3.574219,-9.726562,,,,,,,,,,
acc,1778672707.0,126.0,-0.34375,3.382812,-9.835938,,,,,,,,,,
acc,1778672707.0,126.0,-0.304688,3.460938,-9.796875,,,,,,,,,,
acc,1778672707.0,126.0,-0.382812,3.691406,-9.761719,,,,,,,,,,
acc,1778672707.0,126.0,-0.34375,3.804688,-9.917969,,,,,,,,,,
acc,1778672707.0,126.0,-0.265625,3.652344,-9.796875,,,,,,,,,,
acc,1778672707.0,126.0,-0.191406,3.382812,-9.878906,,,,,,,,,,
acc,1778672707.0,126.0,-0.304688,3.421875,-9.648438,,,,,,,,,,
acc,1778672707.0,126.0,-0.304688,3.269531,-9.878906,,,,,,,,,,
acc,1778672707.0,126.0,-0.191406,3.421875,-9.800781,,,,,,,,,,
acc,1778672707.0,126.0,-0.265625,3.421875,-9.574219,,,,,,,,,,
acc,1778672707.0,126.0,-0.457031,3.460938,-9.691406,,,,,,,,,,
acc,1778672707.0,126.0,-0.382812,3.804688,-9.570312,,,,,,,,,,
acc,1778672707.0,126.0,-0.265625,3.460938,-9.839844,,,,,,,,,,
acc,1778672707.0,126.0,-0.382812,3.535156,-9.574219,,,,,,,,,,
acc,1778672707.0,126.0,-0.382812,3.765625,-10.113281,,,,,,,,,,
acc,1778672707.0,126.0,-0.34375,3.84375,-9.414062,,,,,,,,,,
acc,1778672707.0,126.0,-0.191406,4.035156,-9.761719,,,,,,,,,,
acc,1778672707.0,126.0,-0.113281,4.035156,-9.875,,,,,,,,,,
acc,1778672707.0,126.0,-0.226562,3.882812,-9.347656,,,,,,,,,,
acc,1778672707.0,126.0,-0.34375,3.84375,-9.835938,,,,,,,,,,
acc,1778672707.0,126.0,-0.191406,3.691406,-9.414062,,,,,,,,,,
acc,1778672707.0,126.0,-0.035156,3.652344,-9.730469,,,,,,,,,,
acc,1778672707.0,126.0,-0.074219,3.765625,-9.691406,,,,,,,,,,
acc,1778672707.0,126.0,-0.304688,3.84375,-9.761719,,,,,,,,,,
acc,1778672707.0,126.0,-0.457031,3.726562,-9.953125,,,,,,,,,,
acc,1778672707.0,126.0,-0.382812,3.269531,-9.691406,,,,,,,,,,
acc,1778672707.0,126.0,-0.265625,3.5,-10.179688,,,,,,,,,,
acc,1778672707.0,126.0,-0.34375,3.382812,-9.265625,,,,,,,,,,
acc,1778672707.0,126.0,-0.265625,3.460938,-9.957031,,,,,,,,,,
acc,1778672707.0,126.0,-0.191406,3.652344,-9.761719,,,,,,,,,,
acc,1778672707.0,126.0,-0.304688,3.460938,-9.34375,,,,,,,,,,
acc,1778672707.0,126.0,-0.417969,3.84375,-10.074219,,,,,,,,,,
acc,1778672707.0,126.0,-0.457031,3.652344,-9.757812,,,,,,,,,,
acc,1778672707.0,126.0,-0.382812,3.574219,-9.796875,,,,,,,,,,
acc,1778672707.0,126.0,-0.304688,3.765625,-9.800781,,,,,,,,,,
acc,1778672707.0,126.0,-0.265625,3.882812,-9.839844,,,,,,,,,,
acc,1778672707.0,126.0,-0.34375,3.84375,-9.609375,,,,,,,,,,
acc,1778672707.0,126.0,-0.382812,3.996094,-9.730469,,,,,,,,,,
acc,1778672707.0,126.0,-0.265625,3.921875,-9.691406,,,,,,,,,,
acc,1778672707.0,126.0,-0.265625,3.613281,-9.378906,,,,,,,,,,
acc,1778672707.0,126.0,-0.265625,4.074219,-9.875,,,,,,,,,,
acc,1778672707.0,126.0,-0.304688,3.957031,-9.496094,,,,,,,,,,
acc,1778672707.0,126.0,-0.226562,3.921875,-9.839844,,,,,,,,,,
acc,1778672707.0,126.0,-0.074219,3.726562,-9.34375,,,,,,,,,,
acc,1778672707.0,126.0,-0.074219,3.535156,-9.570312,,,,,,,,,,
acc,1778672707.0,126.0,0.078125,3.5,-9.609375,,,,,,,,,,
acc,1778672707.0,126.0,0.039062,3.535156,-9.609375,,,,,,,,,,
acc,1778672707.0,126.0,-0.035156,3.421875,-9.726562,,,,,,,,,,
acc,1778672707.0,126.0,-0.074219,3.765625,-9.800781,,,,,,,,,,
acc,1778672707.0,126.0,-0.265625,3.652344,-9.839844,,,,,,,,,,
acc,1778672707.0,126.0,-0.304688,3.804688,-9.691406,,,,,,,,,,
acc,1778672707.0,126.0,-0.265625,3.921875,-9.800781,,,,,,,,,,
acc,1778672707.0,126.0,-0.191406,3.652344,-9.570312,,,,,,,,,,
acc,1778672707.0,126.0,-0.152344,3.535156,-9.648438,,,,,,,,,,
acc,1778672707.0,126.0,-0.191406,3.535156,-9.726562,,,,,,,,,,
acc,1778672707.0,126.0,-0.113281,3.613281,-9.53125,,,,,,,,,,
acc,1778672707.0,126.0,-0.113281,3.765625,-9.957031,,,,,,,,,,
acc,1778672707.0,126.0,-0.191406,3.804688,-9.648438,,,,,,,,,,
acc,1778672707.0,126.0,-0.152344,3.726562,-9.875,,,,,,,,,,
acc,1778672707.0,126.0,0.0,3.726562,-9.730469,,,,,,,,,,
acc,1778672707.0,126.0,0.039062,3.382812,-9.609375,,,,,,,,,,
acc,1778672707.0,126.0,0.039062,3.5,-9.835938,,,,,,,,,,
acc,1778672707.0,126.0,-0.113281,3.84375,-9.691406,,,,,,,,,,
acc,1778672707.0,126.0,-0.265625,3.652344,-9.839844,,,,,,,,,,
acc,1778672708.0,127.0,-0.226562,3.5,-9.800781,,,,,,,,,,
acc,1778672708.0,127.0,-0.191406,3.613281,-9.796875,,,,,,,,,,
acc,1778672708.0,127.0,-0.265625,3.535156,-9.535156,,,,,,,,,,
acc,1778672708.0,127.0,-0.226562,3.882812,-9.730469,,,,,,,,,,
acc,1778672708.0,127.0,-0.152344,3.921875,-9.417969,,,,,,,,,,
acc,1778672708.0,127.0,-0.191406,3.613281,-9.570312,,,,,,,,,,
acc,1778672708.0,127.0,-0.34375,3.765625,-9.761719,,,,,,,,,,
acc,1778672708.0,127.0,-0.382812,3.652344,-9.609375,,,,,,,,,,
acc,1778672708.0,127.0,-0.265625,3.5,-9.570312,,,,,,,,,,
acc,1778672708.0,127.0,-0.191406,3.613281,-9.761719,,,,,,,,,,
acc,1778672708.0,127.0,-0.191406,3.269531,-9.726562,,,,,,,,,,
acc,1778672708.0,127.0,-0.035156,3.078125,-9.53125,,,,,,,,,,
acc,1778672708.0,127.0,-0.113281,3.230469,-9.6875,,,,,,,,,,
acc,1778672708.0,127.0,-0.226562,3.382812,-9.609375,,,,,,,,,,
acc,1778672708.0,127.0,-0.226562,3.34375,-9.574219,,,,,,,,,,
acc,1778672708.0,127.0,-0.226562,3.726562,-9.757812,,,,,,,,,,
acc,1778672708.0,127.0,-0.34375,3.460938,-9.609375,,,,,,,,,,
acc,1778672708.0,127.0,-0.417969,3.34375,-9.953125,,,,,,,,,,
acc,1778672708.0,127.0,-0.457031,3.421875,-9.726562,,,,,,,,,,
acc,1778672708.0,127.0,-0.304688,3.191406,-9.992188,,,,,,,,,,
acc,1778672708.0,127.0,-0.265625,3.308594,-9.457031,,,,,,,,,,
acc,1778672708.0,127.0,-0.304688,3.230469,-9.953125,,,,,,,,,,
acc,1778672708.0,127.0,-0.113281,3.421875,-9.6875,,,,,,,,,,
acc,1778672708.0,127.0,-0.074219,3.691406,-9.609375,,,,,,,,,,
acc,1778672708.0,127.0,-0.226562,3.996094,-9.835938,,,,,,,,,,
acc,1778672708.0,127.0,-0.152344,4.226562,-9.800781,,,,,,,,,,
acc,1778672708.0,127.0,-0.113281,3.957031,-9.800781,,,,,,,,,,
acc,1778672708.0,127.0,-0.226562,3.765625,-9.6875,,,,,,,,,,
acc,1778672708.0,127.0,-0.191406,3.535156,-9.957031,,,,,,,,,,
acc,1778672708.0,127.0,-0.191406,3.421875,-9.953125,,,,,,,,,,
acc,1778672708.0,127.0,-0.265625,3.535156,-9.839844,,,,,,,,,,
acc,1778672708.0,127.0,-0.191406,3.804688,-10.257812,,,,,,,,,,
acc,1778672708.0,127.0,-0.191406,4.226562,-9.996094,,,,,,,,,,
acc,1778672708.0,127.0,-0.191406,4.035156,-9.761719,,,,,,,,,,
acc,1778672708.0,127.0,-0.113281,4.1875,-10.109375,,,,,,,,,,
acc,1778672708.0,127.0,-0.074219,3.84375,-9.308594,,,,,,,,,,
acc,1778672708.0,127.0,-0.152344,3.460938,-9.953125,,,,,,,,,,
acc,1778672708.0,127.0,-0.191406,3.117188,-9.613281,,,,,,,,,,
acc,1778672708.0,127.0,-0.074219,3.191406,-9.648438,,,,,,,,,,
acc,1778672708.0,127.0,-0.191406,2.960938,-9.878906,,,,,,,,,,
acc,1778672708.0,127.0,-0.152344,2.960938,-9.492188,,,,,,,,,,
acc,1778672708.0,127.0,0.0,3.691406,-9.996094,,,,,,,,,,
acc,1778672708.0,127.0,0.078125,3.84375,-9.648438,,,,,,,,,,
acc,1778672708.0,127.0,0.0,4.074219,-9.652344,,,,,,,,,,
acc,1778672708.0,127.0,-0.191406,3.957031,-9.796875,,,,,,,,,,
acc,1778672708.0,127.0,-0.113281,3.5,-9.757812,,,,,,,,,,
acc,1778672708.0,127.0,-0.074219,3.460938,-9.917969,,,,,,,,,,
acc,1778672708.0,127.0,-0.035156,3.691406,-9.796875,,,,,,,,,,
acc,1778672708.0,127.0,-0.074219,3.613281,-10.035156,,,,,,,,,,
acc,1778672708.0,127.0,-0.113281,3.613281,-9.648438,,,,,,,,,,
acc,1778672708.0,127.0,-0.191406,3.84375,-9.878906,,,,,,,,,,
acc,1778672708.0,127.0,0.078125,3.996094,-9.835938,,,,,,,,,,
acc,1778672708.0,127.0,0.039062,3.996094,-9.53125,,,,,,,,,,
acc,1778672708.0,127.0,-0.113281,3.996094,-10.074219,,,,,,,,,,
acc,1778672708.0,127.0,-0.152344,4.113281,-9.648438,,,,,,,,,,
acc,1778672708.0,127.0,-0.035156,3.84375,-10.109375,,,,,,,,,,
acc,1778672708.0,127.0,-0.074219,3.921875,-9.800781,,,,,,,,,,
acc,1778672708.0,127.0,-0.152344,3.84375,-10.074219,,,,,,,,,,
acc,1778672708.0,127.0,-0.074219,3.882812,-9.917969,,,,,,,,,,
acc,1778672708.0,127.0,0.039062,3.84375,-10.074219,,,,,,,,,,
acc,1778672708.0,127.0,-0.113281,3.613281,-9.992188,,,,,,,,,,
acc,1778672708.0,127.0,-0.152344,3.574219,-9.878906,,,,,,,,,,
acc,1778672708.0,127.0,-0.113281,3.460938,-9.914062,,,,,,,,,,
acc,1778672708.0,127.0,-0.113281,3.152344,-9.648438,,,,,,,,,,
acc,1778672708.0,127.0,-0.113281,3.34375,-10.148438,,,,,,,,,,
acc,1778672708.0,127.0,-0.34375,3.460938,-9.730469,,,,,,,,,,
acc,1778672708.0,127.0,-0.457031,3.574219,-10.152344,,,,,,,,,,
acc,1778672708.0,127.0,-0.265625,3.652344,-10.035156,,,,,,,,,,
acc,1778672708.0,127.0,-0.191406,3.421875,-9.835938,,,,,,,,,,
acc,1778672708.0,127.0,-0.265625,3.117188,-9.796875,,,,,,,,,,
acc,1778672708.0,127.0,-0.304688,2.847656,-9.691406,,,,,,,,,,
acc,1778672708.0,127.0,-0.265625,3.0,-9.957031,,,,,,,,,,
acc,1778672708.0,127.0,-0.304688,2.960938,-9.878906,,,,,,,,,,
acc,1778672708.0,127.0,-0.34375,3.039062,-9.953125,,,,,,,,,,
acc,1778672708.0,127.0,-0.382812,3.308594,-10.109375,,,,,,,,,,
acc,1778672708.0,127.0,-0.382812,3.382812,-9.835938,,,,,,,,,,
acc,1778672708.0,127.0,-0.457031,3.460938,-9.992188,,,,,,,,,,
acc,1778672708.0,127.0,-0.34375,3.421875,-10.070312,,,,,,,,,,
acc,1778672708.0,127.0,-0.496094,3.726562,-9.691406,,,,,,,,,,
acc,1778672708.0,127.0,-0.496094,3.726562,-10.183594,,,,,,,,,,
acc,1778672708.0,127.0,-0.457031,3.804688,-9.613281,,,,,,,,,,
acc,1778672708.0,127.0,-0.457031,3.882812,-10.03125,,,,,,,,,,
acc,1778672708.0,127.0,-0.535156,4.035156,-10.148438,,,,,,,,,,
acc,1778672708.0,127.0,-0.574219,4.1875,-9.726562,,,,,,,,,,
acc,1778672708.0,127.0,-0.496094,4.074219,-10.070312,,,,,,,,,,
acc,1778672708.0,127.0,-0.382812,4.226562,-9.914062,,,,,,,,,,
acc,1778672708.0,127.0,-0.382812,4.265625,-9.613281,,,,,,,,,,
acc,1778672708.0,127.0,-0.382812,4.304688,-10.070312,,,,,,,,,,
acc,1778672708.0,127.0,-0.34375,4.148438,-9.652344,,,,,,,,,,
acc,1778672708.0,127.0,-0.496094,4.265625,-9.796875,,,,,,,,,,
acc,1778672708.0,127.0,-0.457031,4.378906,-10.074219,,,,,,,,,,
acc,1778672708.0,127.0,-0.457031,4.113281,-9.609375,,,,,,,,,,
acc,1778672708.0,127.0,-0.457031,3.996094,-10.074219,,,,,,,,,,
acc,1778672708.0,127.0,-0.417969,3.613281,-9.800781,,,,,,,,,,
acc,1778672708.0,127.0,-0.457031,3.34375,-9.875,,,,,,,,,,
acc,1778672708.0,127.0,-0.34375,3.308594,-9.914062,,,,,,,,,,
acc,1778672708.0,127.0,-0.34375,3.460938,-10.03125,,,,,,,,,,
acc,1778672708.0,127.0,-0.457031,3.382812,-9.953125,,,,,,,,,,
acc,1778672708.0,127.0,-0.304688,3.382812,-9.839844,,,,,,,,,,
acc,1778672708.0,127.0,-0.226562,3.535156,-9.953125,,,,,,,,,,
acc,1778672708.0,127.0,-0.265625,3.5,-9.652344,,,,,,,,,,
acc,1778672708.0,127.0,-0.265625,3.308594,-9.796875,,,,,,,,,,
acc,1778672708.0,127.0,-0.265625,3.5,-9.796875,,,,,,,,,,
acc,1778672708.0,127.0,-0.304688,3.535156,-9.570312,,,,,,,,,,
acc,1778672708.0,127.0,-0.226562,3.5,-9.835938,,,,,,,,,,
acc,1778672708.0,127.0,-0.152344,3.691406,-9.652344,,,,,,,,,,
acc,1778672708.0,127.0,-0.265625,3.652344,-9.796875,,,,,,,,,,
acc,1778672708.0,127.0,-0.304688,3.84375,-9.761719,,,,,,,,,,
acc,1778672708.0,127.0,-0.191406,3.957031,-9.761719,,,,,,,,,,
acc,1778672708.0,127.0,-0.152344,4.035156,-9.914062,,,,,,,,,,
acc,1778672708.0,127.0,-0.152344,3.804688,-9.796875,,,,,,,,,,
acc,1778672708.0,127.0,-0.226562,3.691406,-9.726562,,,,,,,,,,
acc,1778672708.0,127.0,-0.265625,3.882812,-9.761719,,,,,,,,,,
acc,1778672708.0,127.0,-0.191406,3.882812,-9.796875,,,,,,,,,,
acc,1778672708.0,127.0,-0.152344,3.996094,-9.691406,,,,,,,,,,
acc,1778672708.0,127.0,-0.035156,4.1875,-9.574219,,,,,,,,,,
acc,1778672708.0,127.0,-0.035156,4.035156,-9.875,,,,,,,,,,
acc,1778672708.0,127.0,-0.035156,3.921875,-9.308594,,,,,,,,,,
acc,1778672708.0,127.0,0.0,3.804688,-9.878906,,,,,,,,,,
acc,1778672708.0,127.0,-0.035156,3.882812,-9.492188,,,,,,,,,,
acc,1778672708.0,127.0,-0.191406,3.84375,-9.613281,,,,,,,,,,
acc,1778672708.0,127.0,-0.265625,3.804688,-9.757812,,,,,,,,,,
acc,1778672708.0,127.0,-0.265625,3.613281,-9.417969,,,,,,,,,,
acc,1778672708.0,127.0,-0.226562,3.421875,-9.796875,,,,,,,,,,
acc,1778672708.0,127.0,-0.304688,3.84375,-9.496094,,,,,,,,,,
acc,1778672708.0,127.0,-0.34375,3.691406,-9.613281,,,,,,,,,,
acc,1778672708.0,127.0,-0.304688,3.460938,-9.726562,,,,,,,,,,
acc,1778672709.0,128.0,-0.152344,3.726562,-9.574219,,,,,,,,,,
acc,1778672709.0,128.0,-0.191406,3.613281,-9.570312,,,,,,,,,,
acc,1778672709.0,128.0,-0.191406,3.652344,-9.652344,,,,,,,,,,
acc,1778672709.0,128.0,-0.191406,3.996094,-9.761719,,,,,,,,,,
acc,1778672709.0,128.0,-0.226562,3.726562,-9.574219,,,,,,,,,,
acc,1778672709.0,128.0,-0.191406,3.921875,-9.648438,,,,,,,,,,
acc,1778672709.0,128.0,-0.191406,4.265625,-9.757812,,,,,,,,,,
acc,1778672709.0,128.0,-0.152344,3.921875,-9.570312,,,,,,,,,,
acc,1778672709.0,128.0,-0.191406,4.113281,-9.796875,,,,,,,,,,
acc,1778672709.0,128.0,-0.226562,3.613281,-9.609375,,,,,,,,,,
acc,1778672709.0,128.0,-0.191406,3.652344,-9.796875,,,,,,,,,,
acc,1778672709.0,128.0,-0.152344,3.726562,-9.574219,,,,,,,,,,
acc,1778672709.0,128.0,-0.226562,3.613281,-9.691406,,,,,,,,,,
acc,1778672709.0,128.0,-0.226562,4.113281,-9.875,,,,,,,,,,
acc,1778672709.0,128.0,-0.382812,4.226562,-9.574219,,,,,,,,,,
acc,1778672709.0,128.0,-0.382812,4.148438,-10.035156,,,,,,,,,,
acc,1778672709.0,128.0,-0.191406,3.957031,-9.761719,,,,,,,,,,
acc,1778672709.0,128.0,-0.265625,3.921875,-9.835938,,,,,,,,,,
acc,1778672709.0,128.0,-0.382812,3.652344,-9.835938,,,,,,,,,,
acc,1778672709.0,128.0,-0.34375,3.421875,-9.496094,,,,,,,,,,
acc,1778672709.0,128.0,-0.382812,3.765625,-9.613281,,,,,,,,,,
acc,1778672709.0,128.0,-0.457031,3.804688,-9.652344,,,,,,,,,,
acc,1778672709.0,128.0,-0.34375,3.804688,-9.6875,,,,,,,,,,
acc,1778672709.0,128.0,-0.382812,3.84375,-9.648438,,,,,,,,,,
acc,1778672709.0,128.0,-0.457031,3.535156,-9.875,,,,,,,,,,
acc,1778672709.0,128.0,-0.417969,3.421875,-9.917969,,,,,,,,,,
acc,1778672709.0,128.0,-0.304688,3.421875,-9.914062,,,,,,,,,,
acc,1778672709.0,128.0,-0.34375,3.191406,-9.839844,,,,,,,,,,
acc,1778672709.0,128.0,-0.265625,3.269531,-9.878906,,,,,,,,,,
acc,1778672709.0,128.0,-0.226562,3.308594,-9.492188,,,,,,,,,,
acc,1778672709.0,128.0,-0.191406,3.191406,-9.609375,,,,,,,,,,
acc,1778672709.0,128.0,-0.152344,3.460938,-9.835938,,,,,,,,,,
acc,1778672709.0,128.0,-0.191406,3.308594,-9.496094,,,,,,,,,,
acc,1778672709.0,128.0,-0.191406,3.5,-9.652344,,,,,,,,,,
acc,1778672709.0,128.0,-0.152344,3.691406,-9.535156,,,,,,,,,,
acc,1778672709.0,128.0,-0.226562,3.726562,-9.914062,,,,,,,,,,
acc,1778672709.0,128.0,-0.226562,3.882812,-9.609375,,,,,,,,,,
acc,1778672709.0,128.0,-0.226562,3.882812,-10.03125,,,,,,,,,,
acc,1778672709.0,128.0,-0.226562,3.921875,-9.761719,,,,,,,,,,
acc,1778672709.0,128.0,-0.226562,4.035156,-9.992188,,,,,,,,,,
acc,1778672709.0,128.0,-0.152344,4.074219,-9.878906,,,,,,,,,,
acc,1778672709.0,128.0,-0.152344,4.339844,-9.800781,,,,,,,,,,
acc,1778672709.0,128.0,-0.191406,4.339844,-9.917969,,,,,,,,,,
acc,1778672709.0,128.0,-0.152344,4.226562,-9.875,,,,,,,,,,
acc,1778672709.0,128.0,-0.152344,4.148438,-9.796875,,,,,,,,,,
acc,1778672709.0,128.0,-0.074219,4.074219,-9.835938,,,,,,,,,,
acc,1778672709.0,128.0,0.0,4.035156,-9.800781,,,,,,,,,,
acc,1778672709.0,128.0,0.039062,3.957031,-9.691406,,,,,,,,,,
acc,1778672709.0,128.0,-0.113281,4.074219,-9.996094,,,,,,,,,,
acc,1778672709.0,128.0,-0.074219,3.84375,-9.535156,,,,,,,,,,
acc,1778672709.0,128.0,-0.074219,3.921875,-9.835938,,,,,,,,,,
acc,1778672709.0,128.0,-0.035156,3.765625,-9.957031,,,,,,,,,,
acc,1778672709.0,128.0,-0.035156,3.574219,-9.652344,,,,,,,,,,
acc,1778672709.0,128.0,-0.113281,3.691406,-9.957031,,,,,,,,,,
acc,1778672709.0,128.0,-0.226562,3.269531,-9.648438,,,,,,,,,,
acc,1778672709.0,128.0,-0.074219,3.613281,-9.917969,,,,,,,,,,
acc,1778672709.0,128.0,-0.152344,3.382812,-9.609375,,,,,,,,,,
acc,1778672709.0,128.0,0.0,3.421875,-9.878906,,,,,,,,,,
acc,1778672709.0,128.0,-0.152344,3.382812,-9.453125,,,,,,,,,,
acc,1778672709.0,128.0,-0.152344,3.039062,-9.757812,,,,,,,,,,
acc,1778672709.0,128.0,-0.074219,3.152344,-9.613281,,,,,,,,,,
acc,1778672709.0,128.0,-0.113281,2.960938,-9.953125,,,,,,,,,,
acc,1778672709.0,128.0,-0.304688,3.460938,-9.726562,,,,,,,,,,
acc,1778672709.0,128.0,-0.304688,3.691406,-9.875,,,,,,,,,,
acc,1778672709.0,128.0,-0.191406,3.652344,-10.035156,,,,,,,,,,
acc,1778672709.0,128.0,-0.226562,3.804688,-9.457031,,,,,,,,,,
acc,1778672709.0,128.0,-0.226562,3.882812,-10.21875,,,,,,,,,,
acc,1778672709.0,128.0,-0.152344,3.804688,-9.613281,,,,,,,,,,
acc,1778672709.0,128.0,-0.113281,3.882812,-9.875,,,,,,,,,,
acc,1778672709.0,128.0,-0.152344,3.996094,-10.074219,,,,,,,,,,
acc,1778672709.0,128.0,-0.226562,3.996094,-9.800781,,,,,,,,,,
acc,1778672709.0,128.0,-0.304688,3.957031,-9.878906,,,,,,,,,,
acc,1778672709.0,128.0,-0.304688,3.957031,-9.957031,,,,,,,,,,
acc,1778672709.0,128.0,-0.113281,3.882812,-9.835938,,,,,,,,,,
acc,1778672709.0,128.0,-0.152344,3.613281,-9.914062,,,,,,,,,,
acc,1778672709.0,128.0,-0.304688,3.652344,-9.796875,,,,,,,,,,
acc,1778672709.0,128.0,-0.265625,3.804688,-9.730469,,,,,,,,,,
acc,1778672709.0,128.0,-0.265625,3.726562,-9.957031,,,,,,,,,,
acc,1778672709.0,128.0,-0.226562,3.84375,-9.914062,,,,,,,,,,
acc,1778672709.0,128.0,-0.265625,3.957031,-9.996094,,,,,,,,,,
acc,1778672709.0,128.0,-0.304688,3.996094,-9.957031,,,,,,,,,,
acc,1778672709.0,128.0,-0.382812,3.957031,-10.074219,,,,,,,,,,
acc,1778672709.0,128.0,-0.34375,3.996094,-10.074219,,,,,,,,,,
acc,1778672709.0,128.0,-0.417969,3.921875,-9.917969,,,,,,,,,,
acc,1778672709.0,128.0,-0.417969,3.726562,-10.148438,,,,,,,,,,
acc,1778672709.0,128.0,-0.382812,3.921875,-9.878906,,,,,,,,,,
acc,1778672709.0,128.0,-0.304688,3.84375,-10.113281,,,,,,,,,,
acc,1778672709.0,128.0,-0.34375,4.1875,-9.914062,,,,,,,,,,
acc,1778672709.0,128.0,-0.496094,3.882812,-9.953125,,,,,,,,,,
acc,1778672709.0,128.0,-0.496094,3.957031,-10.03125,,,,,,,,,,
acc,1778672709.0,128.0,-0.535156,3.726562,-9.492188,,,,,,,,,,
acc,1778672709.0,128.0,-0.417969,3.652344,-9.953125,,,,,,,,,,
acc,1778672709.0,128.0,-0.382812,4.148438,-9.613281,,,,,,,,,,
acc,1778672709.0,128.0,-0.457031,3.691406,-9.535156,,,,,,,,,,
acc,1778672709.0,128.0,-0.304688,3.726562,-10.339844,,,,,,,,,,
acc,1778672709.0,128.0,-0.265625,3.957031,-9.378906,,,,,,,,,,
acc,1778672709.0,128.0,-0.535156,4.148438,-10.113281,,,,,,,,,,
acc,1778672709.0,128.0,-0.496094,4.265625,-10.070312,,,,,,,,,,
acc,1778672709.0,128.0,-0.265625,4.417969,-9.839844,,,,,,,,,,
acc,1778672709.0,128.0,-0.265625,4.074219,-9.992188,,,,,,,,,,
acc,1778672709.0,128.0,-0.34375,4.1875,-9.914062,,,,,,,,,,
acc,1778672709.0,128.0,-0.535156,4.148438,-9.6875,,,,,,,,,,
acc,1778672709.0,128.0,-0.496094,3.996094,-10.03125,,,,,,,,,,
acc,1778672709.0,128.0,-0.417969,3.882812,-9.691406,,,,,,,,,,
acc,1778672709.0,128.0,-0.304688,3.804688,-9.835938,,,,,,,,,,
acc,1778672709.0,128.0,-0.417969,4.074219,-9.796875,,,,,,,,,,
acc,1778672709.0,128.0,-0.535156,4.148438,-9.839844,,,,,,,,,,
acc,1778672709.0,128.0,-0.417969,3.804688,-10.070312,,,,,,,,,,
acc,1778672709.0,128.0,-0.304688,3.957031,-9.570312,,,,,,,,,,
acc,1778672709.0,128.0,-0.304688,3.613281,-9.878906,,,,,,,,,,
acc,1778672709.0,128.0,-0.382812,3.34375,-9.875,,,,,,,,,,
acc,1778672709.0,128.0,-0.226562,3.152344,-9.730469,,,,,,,,,,
acc,1778672709.0,128.0,-0.191406,3.382812,-10.035156,,,,,,,,,,
acc,1778672709.0,128.0,-0.265625,3.574219,-9.835938,,,,,,,,,,
acc,1778672709.0,128.0,-0.304688,3.691406,-9.875,,,,,,,,,,
acc,1778672709.0,128.0,-0.34375,4.113281,-9.953125,,,,,,,,,,
acc,1778672709.0,128.0,-0.191406,4.113281,-10.152344,,,,,,,,,,
acc,1778672709.0,128.0,-0.304688,4.035156,-9.6875,,,,,,,,,,
acc,1778672709.0,128.0,-0.382812,3.613281,-10.074219,,,,,,,,,,
acc,1778672709.0,128.0,-0.382812,3.726562,-9.914062,,,,,,,,,,
acc,1778672709.0,128.0,-0.191406,3.460938,-9.613281,,,,,,,,,,
acc,1778672709.0,128.0,-0.226562,3.421875,-9.652344,,,,,,,,,,
acc,1778672709.0,128.0,-0.304688,3.613281,-9.6875,,,,,,,,,,
acc,1778672709.0,128.0,-0.34375,3.726562,-9.691406,,,,,,,,,,
acc,1778672709.0,128.0,-0.304688,3.613281,-9.570312,,,,,,,,,,
acc,1778672709.0,128.0,-0.226562,3.34375,-9.730469,,,,,,,,,,
acc,1778672709.0,128.0,-0.191406,3.613281,-9.761719,,,,,,,,,,
acc,1778672709.0,128.0,-0.226562,3.652344,-9.453125,,,,,,,,,,
acc,1778672709.0,128.0,-0.265625,4.113281,-9.570312,,,,,,,,,,
acc,1778672709.0,128.0,-0.226562,3.921875,-9.613281,,,,,,,,,,
acc,1778672710.0,129.0,-0.191406,3.921875,-9.574219,,,,,,,,,,
acc,1778672710.0,129.0,-0.382812,3.804688,-9.761719,,,,,,,,,,
acc,1778672710.0,129.0,-0.34375,3.726562,-9.53125,,,,,,,,,,
acc,1778672710.0,129.0,-0.226562,3.535156,-9.492188,,,,,,,,,,
acc,1778672710.0,129.0,-0.226562,3.574219,-9.6875,,,,,,,,,,
acc,1778672710.0,129.0,-0.382812,3.882812,-9.609375,,,,,,,,,,
acc,1778672710.0,129.0,-0.417969,3.765625,-9.457031,,,,,,,,,,
acc,1778672710.0,129.0,-0.265625,3.804688,-9.574219,,,,,,,,,,
acc,1778672710.0,129.0,-0.113281,3.804688,-9.6875,,,,,,,,,,
acc,1778672710.0,129.0,-0.152344,3.613281,-9.453125,,,,,,,,,,
acc,1778672710.0,129.0,-0.191406,3.804688,-9.757812,,,,,,,,,,
acc,1778672710.0,129.0,-0.226562,3.726562,-9.730469,,,,,,,,,,
acc,1778672710.0,129.0,-0.152344,3.804688,-9.6875,,,,,,,,,,
acc,1778672710.0,129.0,-0.074219,3.921875,-9.875,,,,,,,,,,
acc,1778672710.0,129.0,-0.035156,3.882812,-9.953125,,,,,,,,,,
acc,1778672710.0,129.0,-0.035156,3.804688,-9.726562,,,,,,,,,,
acc,1778672710.0,129.0,-0.074219,3.957031,-9.917969,,,,,,,,,,
acc,1778672710.0,129.0,-0.191406,3.957031,-9.796875,,,,,,,,,,
acc,1778672710.0,129.0,-0.191406,4.417969,-9.996094,,,,,,,,,,
acc,1778672710.0,129.0,-0.152344,4.800781,-9.957031,,,,,,,,,,
acc,1778672710.0,129.0,-0.035156,4.761719,-9.835938,,,,,,,,,,
acc,1778672710.0,129.0,0.0,4.339844,-9.800781,,,,,,,,,,
acc,1778672710.0,129.0,0.0,4.265625,-9.6875,,,,,,,,,,
acc,1778672710.0,129.0,-0.035156,4.265625,-9.878906,,,,,,,,,,
acc,1778672710.0,129.0,0.0,3.765625,-9.917969,,,,,,,,,,
acc,1778672710.0,129.0,0.15625,3.5,-9.835938,,,,,,,,,,
acc,1778672710.0,129.0,-0.074219,3.574219,-9.757812,,,,,,,,,,
acc,1778672710.0,129.0,-0.304688,3.535156,-9.917969,,,,,,,,,,
acc,1778672710.0,129.0,-0.191406,3.652344,-9.726562,,,,,,,,,,
acc,1778672710.0,129.0,-0.226562,3.691406,-9.6875,,,,,,,,,,
acc,1778672710.0,129.0,-0.304688,3.613281,-9.839844,,,,,,,,,,
acc,1778672710.0,129.0,-0.34375,3.5,-9.691406,,,,,,,,,,
acc,1778672710.0,129.0,-0.226562,3.574219,-9.917969,,,,,,,,,,
acc,1778672710.0,129.0,-0.417969,3.882812,-9.53125,,,,,,,,,,
acc,1778672710.0,129.0,-0.574219,3.882812,-9.957031,,,,,,,,,,
acc,1778672710.0,129.0,-0.382812,3.574219,-9.652344,,,,,,,,,,
acc,1778672710.0,129.0,-0.304688,3.382812,-9.535156,,,,,,,,,,
acc,1778672710.0,129.0,-0.34375,3.269531,-9.609375,,,,,,,,,,
acc,1778672710.0,129.0,-0.226562,3.5,-9.757812,,,,,,,,,,
acc,1778672710.0,129.0,-0.191406,3.34375,-9.726562,,,,,,,,,,
acc,1778672710.0,129.0,-0.304688,3.308594,-9.726562,,,,,,,,,,
acc,1778672710.0,129.0,-0.34375,3.574219,-10.035156,,,,,,,,,,
acc,1778672710.0,129.0,-0.226562,3.804688,-9.761719,,,,,,,,,,
acc,1778672710.0,129.0,-0.304688,3.882812,-9.652344,,,,,,,,,,
acc,1778672710.0,129.0,-0.265625,3.765625,-9.875,,,,,,,,,,
acc,1778672710.0,129.0,-0.265625,3.613281,-9.761719,,,,,,,,,,
acc,1778672710.0,129.0,-0.34375,3.957031,-9.648438,,,,,,,,,,
acc,1778672710.0,129.0,-0.417969,3.996094,-9.800781,,,,,,,,,,
acc,1778672710.0,129.0,-0.417969,4.148438,-10.035156,,,,,,,,,,
acc,1778672710.0,129.0,-0.496094,4.113281,-9.992188,,,,,,,,,,
acc,1778672710.0,129.0,-0.535156,3.882812,-10.074219,,,,,,,,,,
acc,1778672710.0,129.0,-0.457031,3.84375,-10.109375,,,,,,,,,,
acc,1778672710.0,129.0,-0.496094,4.148438,-10.222656,,,,,,,,,,
acc,1778672710.0,129.0,-0.457031,4.1875,-10.109375,,,,,,,,,,
acc,1778672710.0,129.0,-0.457031,4.074219,-9.839844,,,,,,,,,,
acc,1778672710.0,129.0,-0.496094,4.074219,-10.035156,,,,,,,,,,
acc,1778672710.0,129.0,-0.457031,3.996094,-9.875,,,,,,,,,,
acc,1778672710.0,129.0,-0.613281,3.84375,-9.953125,,,,,,,,,,
acc,1778672710.0,129.0,-0.535156,3.996094,-10.03125,,,,,,,,,,
acc,1778672710.0,129.0,-0.496094,3.996094,-10.03125,,,,,,,,,,
acc,1778672710.0,129.0,-0.382812,3.652344,-9.757812,,,,,,,,,,
acc,1778672710.0,129.0,-0.265625,3.574219,-9.992188,,,,,,,,,,
acc,1778672710.0,129.0,-0.226562,3.574219,-9.6875,,,,,,,,,,
acc,1778672710.0,129.0,-0.265625,3.5,-9.726562,,,,,,,,,,
acc,1778672710.0,129.0,-0.265625,3.726562,-9.796875,,,,,,,,,,
acc,1778672710.0,129.0,-0.191406,3.269531,-9.496094,,,,,,,,,,
acc,1778672710.0,129.0,-0.191406,3.421875,-10.074219,,,,,,,,,,
acc,1778672710.0,129.0,-0.191406,3.460938,-9.535156,,,,,,,,,,
acc,1778672710.0,129.0,-0.304688,3.5,-9.652344,,,,,,,,,,
acc,1778672710.0,129.0,-0.304688,3.574219,-9.914062,,,,,,,,,,
acc,1778672710.0,129.0,-0.265625,3.84375,-9.378906,,,,,,,,,,
acc,1778672710.0,129.0,-0.265625,4.035156,-9.652344,,,,,,,,,,
acc,1778672710.0,129.0,-0.191406,3.765625,-9.691406,,,,,,,,,,
acc,1778672710.0,129.0,-0.265625,3.84375,-9.417969,,,,,,,,,,
acc,1778672710.0,129.0,-0.496094,3.804688,-9.6875,,,,,,,,,,
acc,1778672710.0,129.0,-0.457031,3.726562,-9.835938,,,,,,,,,,
acc,1778672710.0,129.0,-0.417969,3.726562,-9.609375,,,,,,,,,,
acc,1778672710.0,129.0,-0.535156,3.804688,-9.796875,,,,,,,,,,
acc,1778672710.0,129.0,-0.417969,3.535156,-9.609375,,,,,,,,,,
acc,1778672710.0,129.0,-0.382812,3.882812,-9.800781,,,,,,,,,,
acc,1778672710.0,129.0,-0.304688,3.996094,-9.761719,,,,,,,,,,
acc,1778672710.0,129.0,-0.34375,3.84375,-9.574219,,,,,,,,,,
acc,1778672710.0,129.0,-0.535156,3.921875,-9.917969,,,,,,,,,,
acc,1778672710.0,129.0,-0.457031,3.996094,-9.609375,,,,,,,,,,
acc,1778672710.0,129.0,-0.304688,3.921875,-9.757812,,,,,,,,,,
acc,1778672710.0,129.0,-0.152344,3.5,-9.53125,,,,,,,,,,
acc,1778672710.0,129.0,-0.226562,3.421875,-9.652344,,,,,,,,,,
acc,1778672710.0,129.0,-0.226562,3.574219,-9.839844,,,,,,,,,,
acc,1778672710.0,129.0,-0.226562,3.535156,-9.574219,,,,,,,,,,
acc,1778672710.0,129.0,-0.113281,3.421875,-9.957031,,,,,,,,,,
acc,1778672710.0,129.0,-0.226562,3.804688,-9.761719,,,,,,,,,,
acc,1778672710.0,129.0,-0.191406,3.84375,-9.570312,,,,,,,,,,
acc,1778672710.0,129.0,0.039062,3.691406,-9.796875,,,,,,,,,,
acc,1778672710.0,129.0,0.078125,3.535156,-9.609375,,,,,,,,,,
acc,1778672710.0,129.0,-0.035156,3.421875,-9.6875,,,,,,,,,,
acc,1778672710.0,129.0,-0.113281,3.535156,-9.914062,,,,,,,,,,
acc,1778672710.0,129.0,-0.191406,3.574219,-9.835938,,,,,,,,,,
acc,1778672710.0,129.0,-0.226562,3.84375,-9.914062,,,,,,,,,,
acc,1778672710.0,129.0,-0.191406,4.035156,-9.878906,,,,,,,,,,
acc,1778672710.0,129.0,-0.191406,4.148438,-9.730469,,,,,,,,,,
acc,1778672710.0,129.0,-0.191406,4.226562,-9.761719,,,,,,,,,,
acc,1778672710.0,129.0,-0.191406,4.074219,-9.875,,,,,,,,,,
acc,1778672710.0,129.0,-0.152344,4.148438,-9.839844,,,,,,,,,,
acc,1778672710.0,129.0,-0.265625,3.882812,-9.613281,,,,,,,,,,
acc,1778672710.0,129.0,-0.304688,3.882812,-9.957031,,,,,,,,,,
acc,1778672710.0,129.0,-0.226562,4.035156,-9.574219,,,,,,,,,,
acc,1778672710.0,129.0,-0.265625,3.84375,-9.796875,,,,,,,,,,
acc,1778672710.0,129.0,-0.226562,3.921875,-9.613281,,,,,,,,,,
acc,1778672710.0,129.0,-0.191406,3.804688,-9.691406,,,,,,,,,,
acc,1778672710.0,129.0,-0.152344,3.882812,-9.757812,,,,,,,,,,
acc,1778672710.0,129.0,-0.191406,4.035156,-9.496094,,,,,,,,,,
acc,1778672710.0,129.0,-0.304688,4.035156,-9.996094,,,,,,,,,,
acc,1778672710.0,129.0,-0.304688,4.1875,-9.496094,,,,,,,,,,
acc,1778672710.0,129.0,-0.226562,4.265625,-9.839844,,,,,,,,,,
acc,1778672710.0,129.0,-0.304688,4.226562,-9.496094,,,,,,,,,,
acc,1778672710.0,129.0,-0.34375,4.226562,-9.609375,,,,,,,,,,
acc,1778672710.0,129.0,-0.265625,3.921875,-9.757812,,,,,,,,,,
acc,1778672710.0,129.0,-0.304688,3.84375,-9.34375,,,,,,,,,,
acc,1778672710.0,129.0,-0.382812,3.84375,-9.691406,,,,,,,,,,
acc,1778672710.0,129.0,-0.34375,3.652344,-9.53125,,,,,,,,,,
acc,1778672710.0,129.0,-0.191406,3.5,-9.570312,,,,,,,,,,
acc,1778672710.0,129.0,-0.34375,3.613281,-9.914062,,,,,,,,,,
acc,1778672710.0,129.0,-0.34375,3.382812,-9.953125,,,,,,,,,,
acc,1778672710.0,129.0,-0.304688,3.535156,-9.796875,,,,,,,,,,
acc,1778672710.0,129.0,-0.417969,3.957031,-10.074219,,,,,,,,,,
acc,1778672710.0,129.0,-0.382812,3.652344,-9.875,,,,,,,,,,
acc,1778672711.0,130.0,-0.34375,3.5,-9.992188,,,,,,,,,,
acc,1778672711.0,130.0,-0.417969,3.34375,-9.835938,,,,,,,,,,
acc,1778672711.0,130.0,-0.457031,3.191406,-9.796875,,,,,,,,,,
acc,1778672711.0,130.0,-0.496094,3.0,-10.03125,,,,,,,,,,
acc,1778672711.0,130.0,-0.535156,2.847656,-9.796875,,,,,,,,,,
acc,1778672711.0,130.0,-0.535156,3.078125,-9.992188,,,,,,,,,,
acc,1778672711.0,130.0,-0.535156,3.460938,-9.914062,,,,,,,,,,
acc,1778672711.0,130.0,-0.457031,3.804688,-9.878906,,,,,,,,,,
acc,1778672711.0,130.0,-0.417969,4.265625,-9.878906,,,,,,,,,,
acc,1778672711.0,130.0,-0.417969,4.609375,-9.839844,,,,,,,,,,
acc,1778672711.0,130.0,-0.304688,4.074219,-9.800781,,,,,,,,,,
acc,1778672711.0,130.0,-0.265625,3.765625,-9.953125,,,,,,,,,,
acc,1778672711.0,130.0,-0.265625,3.726562,-9.570312,,,,,,,,,,
acc,1778672711.0,130.0,-0.265625,3.765625,-10.074219,,,,,,,,,,
acc,1778672711.0,130.0,-0.382812,3.652344,-9.730469,,,,,,,,,,
acc,1778672711.0,130.0,-0.382812,3.691406,-9.761719,,,,,,,,,,
acc,1778672711.0,130.0,-0.34375,4.113281,-9.953125,,,,,,,,,,
acc,1778672711.0,130.0,-0.265625,4.035156,-9.570312,,,,,,,,,,
acc,1778672711.0,130.0,-0.34375,3.84375,-9.691406,,,,,,,,,,
acc,1778672711.0,130.0,-0.417969,3.804688,-9.6875,,,,,,,,,,
acc,1778672711.0,130.0,-0.417969,3.691406,-9.839844,,,,,,,,,,
acc,1778672711.0,130.0,-0.304688,3.765625,-9.574219,,,,,,,,,,
acc,1778672711.0,130.0,-0.34375,4.148438,-9.839844,,,,,,,,,,
acc,1778672711.0,130.0,-0.457031,3.84375,-9.574219,,,,,,,,,,
acc,1778672711.0,130.0,-0.417969,3.84375,-9.609375,,,,,,,,,,
acc,1778672711.0,130.0,-0.226562,3.804688,-9.761719,,,,,,,,,,
acc,1778672711.0,130.0,-0.152344,3.574219,-9.308594,,,,,,,,,,
acc,1778672711.0,130.0,-0.152344,3.574219,-9.652344,,,,,,,,,,
acc,1778672711.0,130.0,-0.035156,3.804688,-9.796875,,,,,,,,,,
acc,1778672711.0,130.0,-0.035156,3.996094,-9.414062,,,,,,,,,,
acc,1778672711.0,130.0,-0.226562,4.074219,-9.878906,,,,,,,,,,
acc,1778672711.0,130.0,-0.304688,4.113281,-9.996094,,,,,,,,,,
acc,1778672711.0,130.0,-0.152344,4.074219,-10.070312,,,,,,,,,,
acc,1778672711.0,130.0,-0.113281,4.113281,-9.730469,,,,,,,,,,
acc,1778672711.0,130.0,-0.113281,3.921875,-9.839844,,,,,,,,,,
acc,1778672711.0,130.0,-0.191406,3.996094,-9.6875,,,,,,,,,,
acc,1778672711.0,130.0,-0.152344,3.613281,-9.574219,,,,,,,,,,
acc,1778672711.0,130.0,-0.035156,3.535156,-9.609375,,,,,,,,,,
acc,1778672711.0,130.0,0.0,3.34375,-9.691406,,,,,,,,,,
acc,1778672711.0,130.0,-0.113281,3.535156,-9.691406,,,,,,,,,,
acc,1778672711.0,130.0,-0.152344,3.84375,-9.835938,,,,,,,,,,
acc,1778672711.0,130.0,-0.113281,3.613281,-9.757812,,,,,,,,,,
acc,1778672711.0,130.0,-0.152344,3.765625,-9.839844,,,,,,,,,,
acc,1778672711.0,130.0,-0.226562,3.84375,-9.730469,,,,,,,,,,
acc,1778672711.0,130.0,-0.382812,3.921875,-9.839844,,,,,,,,,,
acc,1778672711.0,130.0,-0.34375,3.84375,-9.609375,,,,,,,,,,
acc,1778672711.0,130.0,-0.226562,3.691406,-9.996094,,,,,,,,,,
acc,1778672711.0,130.0,-0.191406,3.765625,-9.691406,,,,,,,,,,
acc,1778672711.0,130.0,-0.226562,3.957031,-9.953125,,,,,,,,,,
acc,1778672711.0,130.0,-0.382812,3.308594,-9.609375,,,,,,,,,,
acc,1778672711.0,130.0,-0.34375,3.460938,-9.835938,,,,,,,,,,
acc,1778672711.0,130.0,-0.265625,3.652344,-9.761719,,,,,,,,,,
acc,1778672711.0,130.0,-0.226562,3.574219,-9.570312,,,,,,,,,,
acc,1778672711.0,130.0,-0.226562,3.765625,-9.957031,,,,,,,,,,
acc,1778672711.0,130.0,-0.152344,3.535156,-9.691406,,,,,,,,,,
acc,1778672711.0,130.0,-0.113281,3.421875,-9.496094,,,,,,,,,,
acc,1778672711.0,130.0,-0.113281,3.613281,-9.914062,,,,,,,,,,
acc,1778672711.0,130.0,-0.074219,3.574219,-9.574219,,,,,,,,,,
acc,1778672711.0,130.0,-0.074219,3.804688,-9.574219,,,,,,,,,,
acc,1778672711.0,130.0,-0.113281,3.882812,-9.875,,,,,,,,,,
acc,1778672711.0,130.0,0.0,3.574219,-9.496094,,,,,,,,,,
acc,1778672711.0,130.0,0.039062,3.691406,-9.761719,,,,,,,,,,
acc,1778672711.0,130.0,-0.113281,3.652344,-9.730469,,,,,,,,,,
acc,1778672711.0,130.0,-0.265625,3.613281,-9.6875,,,,,,,,,,
acc,1778672711.0,130.0,-0.265625,3.613281,-9.957031,,,,,,,,,,
acc,1778672711.0,130.0,-0.304688,3.726562,-9.570312,,,,,,,,,,
acc,1778672711.0,130.0,-0.382812,4.035156,-9.730469,,,,,,,,,,
acc,1778672711.0,130.0,-0.34375,3.882812,-9.875,,,,,,,,,,
acc,1778672711.0,130.0,-0.226562,3.613281,-10.03125,,,,,,,,,,
acc,1778672711.0,130.0,-0.265625,3.421875,-9.574219,,,,,,,,,,
acc,1778672711.0,130.0,-0.496094,3.574219,-9.957031,,,,,,,,,,
acc,1778672711.0,130.0,-0.304688,3.726562,-9.878906,,,,,,,,,,
acc,1778672711.0,130.0,-0.152344,3.996094,-9.800781,,,,,,,,,,
acc,1778672711.0,130.0,-0.191406,4.035156,-9.878906,,,,,,,,,,
acc,1778672711.0,130.0,-0.304688,4.113281,-9.957031,,,,,,,,,,
acc,1778672711.0,130.0,-0.382812,3.996094,-9.691406,,,,,,,,,,
acc,1778672711.0,130.0,-0.496094,3.574219,-10.152344,,,,,,,,,,
acc,1778672711.0,130.0,-0.496094,3.382812,-9.492188,,,,,,,,,,
acc,1778672711.0,130.0,-0.417969,3.152344,-9.953125,,,,,,,,,,
acc,1778672711.0,130.0,-0.34375,3.613281,-9.53125,,,,,,,,,,
acc,1778672711.0,130.0,-0.226562,3.804688,-9.570312,,,,,,,,,,
acc,1778672711.0,130.0,-0.304688,3.652344,-10.070312,,,,,,,,,,
acc,1778672711.0,130.0,-0.34375,3.613281,-9.648438,,,,,,,,,,
acc,1778672711.0,130.0,-0.34375,3.574219,-9.726562,,,,,,,,,,
acc,1778672711.0,130.0,-0.226562,3.269531,-10.257812,,,,,,,,,,
acc,1778672711.0,130.0,-0.074219,3.269531,-9.457031,,,,,,,,,,
acc,1778672711.0,130.0,-0.226562,3.726562,-10.074219,,,,,,,,,,
acc,1778672711.0,130.0,-0.304688,3.957031,-9.761719,,,,,,,,,,
acc,1778672711.0,130.0,-0.265625,3.726562,-9.796875,,,,,,,,,,
acc,1778672711.0,130.0,-0.265625,3.5,-9.996094,,,,,,,,,,
acc,1778672711.0,130.0,-0.226562,3.34375,-9.875,,,,,,,,,,
acc,1778672711.0,130.0,-0.34375,3.191406,-9.839844,,,,,,,,,,
acc,1778672711.0,130.0,-0.382812,3.460938,-9.953125,,,,,,,,,,
acc,1778672711.0,130.0,-0.457031,3.726562,-9.800781,,,,,,,,,,
acc,1778672711.0,130.0,-0.457031,3.574219,-9.996094,,,,,,,,,,
acc,1778672711.0,130.0,-0.34375,3.5,-9.914062,,,,,,,,,,
acc,1778672711.0,130.0,-0.304688,3.308594,-9.839844,,,,,,,,,,
acc,1778672711.0,130.0,-0.34375,3.421875,-10.113281,,,,,,,,,,
acc,1778672711.0,130.0,-0.265625,3.460938,-9.839844,,,,,,,,,,
acc,1778672711.0,130.0,-0.417969,3.574219,-9.839844,,,,,,,,,,
acc,1778672711.0,130.0,-0.382812,3.5,-9.992188,,,,,,,,,,
acc,1778672711.0,130.0,-0.34375,3.613281,-9.730469,,,,,,,,,,
acc,1778672711.0,130.0,-0.304688,3.882812,-9.652344,,,,,,,,,,
acc,1778672711.0,130.0,-0.265625,3.804688,-10.03125,,,,,,,,,,
acc,1778672711.0,130.0,-0.304688,3.957031,-9.496094,,,,,,,,,,
acc,1778672711.0,130.0,-0.457031,4.113281,-9.757812,,,,,,,,,,
acc,1778672711.0,130.0,-0.496094,4.148438,-9.996094,,,,,,,,,,
acc,1778672711.0,130.0,-0.535156,4.1875,-9.414062,,,,,,,,,,
acc,1778672711.0,130.0,-0.417969,4.1875,-9.992188,,,,,,,,,,
acc,1778672711.0,130.0,-0.417969,4.113281,-9.757812,,,,,,,,,,
acc,1778672711.0,130.0,-0.457031,4.074219,-9.613281,,,,,,,,,,
acc,1778672711.0,130.0,-0.226562,3.5,-9.757812,,,,,,,,,,
acc,1778672711.0,130.0,0.078125,3.5,-9.414062,,,,,,,,,,
acc,1778672711.0,130.0,0.15625,3.382812,-9.492188,,,,,,,,,,
acc,1778672711.0,130.0,0.0,3.5,-9.53125,,,,,,,,,,
acc,1778672711.0,130.0,-0.113281,3.996094,-9.691406,,,,,,,,,,
acc,1778672711.0,130.0,-0.265625,3.691406,-9.609375,,,,,,,,,,
acc,1778672711.0,130.0,-0.265625,3.652344,-9.957031,,,,,,,,,,
acc,1778672711.0,130.0,-0.226562,3.804688,-9.6875,,,,,,,,,,
acc,1778672711.0,130.0,-0.226562,3.652344,-9.835938,,,,,,,,,,
acc,1778672711.0,130.0,-0.226562,3.421875,-9.6875,,,,,,,,,,
acc,1778672711.0,130.0,-0.34375,3.691406,-9.613281,,,,,,,,,,
acc,1778672711.0,130.0,-0.417969,3.84375,-9.914062,,,,,,,,,,
acc,1778672711.0,130.0,-0.382812,3.882812,-9.730469,,,,,,,,,,
acc,1778672711.0,130.0,-0.304688,3.921875,-9.574219,,,,,,,,,,
acc,1778672711.0,130.0,-0.382812,3.921875,-9.6875,,,,,,,,,,
acc,1778672712.0,131.0,-0.34375,3.460938,-9.609375,,,,,,,,,,
acc,1778672712.0,131.0,-0.34375,3.652344,-9.757812,,,,,,,,,,
acc,1778672712.0,131.0,-0.226562,3.882812,-9.800781,,,,,,,,,,
acc,1778672712.0,131.0,-0.152344,3.957031,-9.609375,,,,,,,,,,
acc,1778672712.0,131.0,-0.226562,4.1875,-9.691406,,,,,,,,,,
acc,1778672712.0,131.0,-0.265625,4.113281,-9.957031,,,,,,,,,,
acc,1778672712.0,131.0,-0.34375,3.882812,-9.453125,,,,,,,,,,
acc,1778672712.0,131.0,-0.382812,3.957031,-9.800781,,,,,,,,,,
acc,1778672712.0,131.0,-0.34375,3.804688,-9.570312,,,,,,,,,,
acc,1778672712.0,131.0,-0.152344,3.613281,-9.691406,,,,,,,,,,
acc,1778672712.0,131.0,-0.191406,3.535156,-9.570312,,,,,,,,,,
acc,1778672712.0,131.0,-0.226562,3.726562,-9.574219,,,,,,,,,,
acc,1778672712.0,131.0,-0.265625,3.652344,-10.035156,,,,,,,,,,
acc,1778672712.0,131.0,-0.074219,3.996094,-9.417969,,,,,,,,,,
acc,1778672712.0,131.0,-0.113281,3.804688,-9.761719,,,,,,,,,,
acc,1778672712.0,131.0,0.078125,3.765625,-9.417969,,,,,,,,,,
acc,1778672712.0,131.0,0.0,3.613281,-9.574219,,,,,,,,,,
acc,1778672712.0,131.0,0.0,3.421875,-9.570312,,,,,,,,,,
acc,1778672712.0,131.0,0.0,3.34375,-9.914062,,,,,,,,,,
acc,1778672712.0,131.0,-0.265625,3.5,-9.761719,,,,,,,,,,
acc,1778672712.0,131.0,-0.304688,3.574219,-10.148438,,,,,,,,,,
acc,1778672712.0,131.0,-0.304688,3.460938,-9.839844,,,,,,,,,,
acc,1778672712.0,131.0,-0.304688,3.5,-9.761719,,,,,,,,,,
acc,1778672712.0,131.0,-0.191406,3.460938,-10.035156,,,,,,,,,,
acc,1778672712.0,131.0,-0.191406,3.230469,-9.492188,,,,,,,,,,
acc,1778672712.0,131.0,-0.152344,3.460938,-10.074219,,,,,,,,,,
acc,1778672712.0,131.0,-0.113281,3.460938,-9.730469,,,,,,,,,,
acc,1778672712.0,131.0,-0.191406,3.421875,-9.875,,,,,,,,,,
acc,1778672712.0,131.0,-0.265625,3.5,-9.726562,,,,,,,,,,
acc,1778672712.0,131.0,-0.226562,3.613281,-9.914062,,,,,,,,,,
acc,1778672712.0,131.0,-0.226562,3.804688,-9.761719,,,,,,,,,,
acc,1778672712.0,131.0,-0.304688,4.035156,-9.726562,,,,,,,,,,
acc,1778672712.0,131.0,-0.226562,3.882812,-9.648438,,,,,,,,,,
acc,1778672712.0,131.0,-0.113281,3.84375,-9.414062,,,,,,,,,,
acc,1778672712.0,131.0,-0.191406,4.035156,-9.6875,,,,,,,,,,
acc,1778672712.0,131.0,-0.152344,3.84375,-9.757812,,,,,,,,,,
acc,1778672712.0,131.0,-0.191406,4.1875,-9.613281,,,,,,,,,,
acc,1778672712.0,131.0,-0.417969,4.417969,-9.730469,,,,,,,,,,
acc,1778672712.0,131.0,-0.34375,3.996094,-9.953125,,,,,,,,,,
acc,1778672712.0,131.0,-0.265625,3.957031,-9.378906,,,,,,,,,,
acc,1778672712.0,131.0,-0.265625,3.691406,-10.03125,,,,,,,,,,
acc,1778672712.0,131.0,-0.191406,3.574219,-9.609375,,,,,,,,,,
acc,1778672712.0,131.0,-0.152344,3.613281,-9.230469,,,,,,,,,,
acc,1778672712.0,131.0,-0.226562,3.460938,-9.875,,,,,,,,,,
acc,1778672712.0,131.0,-0.035156,3.574219,-9.496094,,,,,,,,,,
acc,1778672712.0,131.0,-0.226562,3.726562,-9.609375,,,,,,,,,,
acc,1778672712.0,131.0,-0.457031,3.84375,-9.953125,,,,,,,,,,
acc,1778672712.0,131.0,-0.226562,3.726562,-10.074219,,,,,,,,,,
acc,1778672712.0,131.0,-0.265625,3.691406,-9.691406,,,,,,,,,,
acc,1778672712.0,131.0,-0.417969,3.574219,-9.957031,,,,,,,,,,
acc,1778672712.0,131.0,-0.417969,3.535156,-9.953125,,,,,,,,,,
acc,1778672712.0,131.0,-0.265625,3.726562,-9.917969,,,,,,,,,,
acc,1778672712.0,131.0,-0.226562,3.34375,-9.992188,,,,,,,,,,
acc,1778672712.0,131.0,-0.265625,3.230469,-9.953125,,,,,,,,,,
acc,1778672712.0,131.0,-0.382812,3.5,-9.835938,,,,,,,,,,
acc,1778672712.0,131.0,-0.304688,3.574219,-9.914062,,,,,,,,,,
acc,1778672712.0,131.0,-0.304688,3.613281,-9.726562,,,,,,,,,,
acc,1778672712.0,131.0,-0.304688,3.535156,-9.839844,,,,,,,,,,
acc,1778672712.0,131.0,-0.457031,3.613281,-9.800781,,,,,,,,,,
acc,1778672712.0,131.0,-0.496094,3.804688,-9.996094,,,,,,,,,,
acc,1778672712.0,131.0,-0.417969,3.535156,-9.691406,,,,,,,,,,
acc,1778672712.0,131.0,-0.304688,3.535156,-9.878906,,,,,,,,,,
acc,1778672712.0,131.0,-0.457031,3.613281,-9.953125,,,,,,,,,,
acc,1778672712.0,131.0,-0.574219,4.035156,-9.796875,,,,,,,,,,
acc,1778672712.0,131.0,-0.457031,4.035156,-9.691406,,,,,,,,,,
acc,1778672712.0,131.0,-0.191406,4.113281,-9.878906,,,,,,,,,,
acc,1778672712.0,131.0,-0.152344,4.148438,-9.535156,,,,,,,,,,
acc,1778672712.0,131.0,-0.34375,3.957031,-9.648438,,,,,,,,,,
acc,1778672712.0,131.0,-0.34375,3.957031,-9.953125,,,,,,,,,,
acc,1778672712.0,131.0,-0.152344,3.652344,-9.53125,,,,,,,,,,
acc,1778672712.0,131.0,-0.191406,3.804688,-10.03125,,,,,,,,,,
acc,1778672712.0,131.0,-0.34375,3.804688,-9.613281,,,,,,,,,,
acc,1778672712.0,131.0,-0.265625,3.957031,-9.917969,,,,,,,,,,
acc,1778672712.0,131.0,-0.113281,4.148438,-9.652344,,,,,,,,,,
acc,1778672712.0,131.0,-0.074219,3.957031,-9.652344,,,,,,,,,,
acc,1778672712.0,131.0,-0.265625,3.691406,-9.757812,,,,,,,,,,
acc,1778672712.0,131.0,-0.226562,3.574219,-9.613281,,,,,,,,,,
acc,1778672712.0,131.0,-0.265625,3.765625,-9.953125,,,,,,,,,,
acc,1778672712.0,131.0,-0.265625,3.652344,-9.570312,,,,,,,,,,
acc,1778672712.0,131.0,-0.226562,3.574219,-9.917969,,,,,,,,,,
acc,1778672712.0,131.0,-0.265625,3.765625,-9.730469,,,,,,,,,,
acc,1778672712.0,131.0,-0.152344,3.652344,-9.730469,,,,,,,,,,
acc,1778672712.0,131.0,-0.113281,3.652344,-9.730469,,,,,,,,,,
acc,1778672712.0,131.0,-0.226562,3.535156,-9.800781,,,,,,,,,,
acc,1778672712.0,131.0,-0.226562,3.691406,-9.796875,,,,,,,,,,
acc,1778672712.0,131.0,-0.226562,3.613281,-9.730469,,,,,,,,,,
acc,1778672712.0,131.0,-0.152344,3.726562,-10.109375,,,,,,,,,,
acc,1778672712.0,131.0,-0.152344,3.957031,-9.835938,,,,,,,,,,
acc,1778672712.0,131.0,-0.113281,3.726562,-9.875,,,,,,,,,,
acc,1778672712.0,131.0,0.0,3.652344,-9.800781,,,,,,,,,,
acc,1778672712.0,131.0,0.0,3.726562,-9.875,,,,,,,,,,
acc,1778672712.0,131.0,0.039062,3.652344,-9.953125,,,,,,,,,,
acc,1778672712.0,131.0,-0.074219,3.996094,-9.652344,,,,,,,,,,
acc,1778672712.0,131.0,-0.113281,3.804688,-9.726562,,,,,,,,,,
acc,1778672712.0,131.0,0.039062,3.882812,-9.757812,,,,,,,,,,
acc,1778672712.0,131.0,-0.113281,3.804688,-9.457031,,,,,,,,,,
acc,1778672712.0,131.0,-0.191406,3.613281,-9.6875,,,,,,,,,,
acc,1778672712.0,131.0,-0.152344,3.765625,-9.652344,,,,,,,,,,
acc,1778672712.0,131.0,0.0,3.691406,-9.652344,,,,,,,,,,
acc,1778672712.0,131.0,-0.113281,3.613281,-9.914062,,,,,,,,,,
acc,1778672712.0,131.0,-0.265625,4.226562,-9.378906,,,,,,,,,,
acc,1778672712.0,131.0,-0.304688,4.113281,-10.070312,,,,,,,,,,
acc,1778672712.0,131.0,-0.191406,3.5,-9.570312,,,,,,,,,,
acc,1778672712.0,131.0,-0.152344,3.535156,-9.574219,,,,,,,,,,
acc,1778672712.0,131.0,-0.34375,3.691406,-9.996094,,,,,,,,,,
acc,1778672712.0,131.0,-0.457031,3.535156,-9.648438,,,,,,,,,,
acc,1778672712.0,131.0,-0.382812,3.804688,-9.839844,,,,,,,,,,
acc,1778672712.0,131.0,-0.457031,3.765625,-9.878906,,,,,,,,,,
acc,1778672712.0,131.0,-0.34375,3.613281,-9.730469,,,,,,,,,,
acc,1778672712.0,131.0,-0.34375,3.726562,-9.953125,,,,,,,,,,
acc,1778672712.0,131.0,-0.304688,3.382812,-9.726562,,,,,,,,,,
acc,1778672712.0,131.0,-0.226562,3.0,-9.691406,,,,,,,,,,
acc,1778672712.0,131.0,-0.265625,3.460938,-10.222656,,,,,,,,,,
acc,1778672712.0,131.0,-0.382812,3.5,-9.304688,,,,,,,,,,
acc,1778672712.0,131.0,-0.265625,3.34375,-10.070312,,,,,,,,,,
acc,1778672712.0,131.0,-0.152344,3.5,-9.757812,,,,,,,,,,
acc,1778672712.0,131.0,-0.113281,3.230469,-9.570312,,,,,,,,,,
acc,1778672712.0,131.0,-0.191406,3.269531,-10.152344,,,,,,,,,,
acc,1778672712.0,131.0,-0.074219,3.421875,-9.691406,,,,,,,,,,
acc,1778672712.0,131.0,-0.226562,4.113281,-9.800781,,,,,,,,,,
acc,1778672712.0,131.0,-0.152344,4.074219,-10.261719,,,,,,,,,,
acc,1778672712.0,131.0,-0.226562,4.1875,-9.691406,,,,,,,,,,
acc,1778672712.0,131.0,-0.457031,3.765625,-9.996094,,,,,,,,,,
acc,1778672712.0,131.0,-0.382812,3.230469,-10.113281,,,,,,,,,,
acc,1778672712.0,131.0,-0.265625,3.230469,-9.835938,,,,,,,,,,
acc,1778672712.0,131.0,-0.382812,3.269531,-10.300781,,,,,,,,,,
acc,1778672712.0,131.0,-0.265625,3.5,-10.035156,,,,,,,,,,
acc,1778672712.0,131.0,-0.304688,3.5,-9.996094,,,,,,,,,,
acc,1778672713.0,132.0,-0.34375,3.652344,-10.074219,,,,,,,,,,
acc,1778672713.0,132.0,-0.265625,3.765625,-9.992188,,,,,,,,,,
acc,1778672713.0,132.0,-0.152344,4.035156,-9.953125,,,,,,,,,,
acc,1778672713.0,132.0,-0.113281,3.882812,-9.875,,,,,,,,,,
acc,1778672713.0,132.0,-0.191406,3.574219,-9.835938,,,,,,,,,,
acc,1778672713.0,132.0,-0.34375,3.691406,-9.796875,,,,,,,,,,
acc,1778672713.0,132.0,-0.304688,3.574219,-9.914062,,,,,,,,,,
acc,1778672713.0,132.0,-0.226562,3.613281,-10.109375,,,,,,,,,,
acc,1778672713.0,132.0,-0.304688,3.691406,-9.691406,,,,,,,,,,
acc,1778672713.0,132.0,-0.265625,3.691406,-10.21875,,,,,,,,,,
acc,1778672713.0,132.0,-0.226562,3.84375,-9.691406,,,,,,,,,,
acc,1778672713.0,132.0,-0.34375,3.230469,-9.535156,,,,,,,,,,
acc,1778672713.0,132.0,-0.226562,3.34375,-10.183594,,,,,,,,,,
acc,1778672713.0,132.0,-0.34375,3.535156,-9.414062,,,,,,,,,,
acc,1778672713.0,132.0,-0.417969,3.574219,-9.839844,,,,,,,,,,
acc,1778672713.0,132.0,-0.382812,3.957031,-9.835938,,,,,,,,,,
acc,1778672713.0,132.0,-0.34375,3.921875,-9.570312,,,,,,,,,,
acc,1778672713.0,132.0,-0.226562,3.84375,-9.914062,,,,,,,,,,
acc,1778672713.0,132.0,-0.152344,3.921875,-9.570312,,,,,,,,,,
acc,1778672713.0,132.0,-0.265625,3.804688,-9.835938,,,,,,,,,,
acc,1778672713.0,132.0,-0.304688,3.691406,-9.691406,,,,,,,,,,
acc,1778672713.0,132.0,-0.265625,3.726562,-9.761719,,,,,,,,,,
acc,1778672713.0,132.0,-0.382812,3.652344,-9.730469,,,,,,,,,,
acc,1778672713.0,132.0,-0.304688,3.613281,-9.917969,,,,,,,,,,
acc,1778672713.0,132.0,-0.417969,3.574219,-9.917969,,,,,,,,,,
acc,1778672713.0,132.0,-0.417969,3.84375,-9.953125,,,,,,,,,,
acc,1778672713.0,132.0,-0.496094,3.652344,-9.992188,,,,,,,,,,
acc,1778672713.0,132.0,-0.535156,3.882812,-10.03125,,,,,,,,,,
acc,1778672713.0,132.0,-0.574219,4.074219,-9.800781,,,,,,,,,,
acc,1778672713.0,132.0,-0.417969,3.921875,-9.878906,,,,,,,,,,
acc,1778672713.0,132.0,-0.34375,3.691406,-9.535156,,,,,,,,,,
acc,1778672713.0,132.0,-0.382812,3.765625,-9.6875,,,,,,,,,,
acc,1778672713.0,132.0,-0.457031,3.84375,-9.757812,,,,,,,,,,
acc,1778672713.0,132.0,-0.417969,3.726562,-9.914062,,,,,,,,,,
acc,1778672713.0,132.0,-0.417969,3.691406,-9.917969,,,,,,,,,,
acc,1778672713.0,132.0,-0.457031,3.691406,-9.796875,,,,,,,,,,
acc,1778672713.0,132.0,-0.457031,3.957031,-9.875,,,,,,,,,,
acc,1778672713.0,132.0,-0.417969,4.226562,-9.953125,,,,,,,,,,
acc,1778672713.0,132.0,-0.382812,4.035156,-9.800781,,,,,,,,,,
acc,1778672713.0,132.0,-0.535156,3.804688,-9.839844,,,,,,,,,,
acc,1778672713.0,132.0,-0.417969,3.691406,-9.796875,,,,,,,,,,
acc,1778672713.0,132.0,-0.382812,3.652344,-9.492188,,,,,,,,,,
acc,1778672713.0,132.0,-0.265625,3.726562,-9.878906,,,,,,,,,,
acc,1778672713.0,132.0,-0.265625,3.726562,-9.6875,,,,,,,,,,
acc,1778672713.0,132.0,-0.496094,3.765625,-9.613281,,,,,,,,,,
acc,1778672713.0,132.0,-0.535156,3.613281,-10.109375,,,,,,,,,,
acc,1778672713.0,132.0,-0.417969,3.535156,-9.691406,,,,,,,,,,
acc,1778672713.0,132.0,-0.382812,3.652344,-9.574219,,,,,,,,,,
acc,1778672713.0,132.0,-0.265625,3.691406,-9.375,,,,,,,,,,
acc,1778672713.0,132.0,-0.34375,3.691406,-9.652344,,,,,,,,,,
acc,1778672713.0,132.0,-0.34375,3.574219,-9.457031,,,,,,,,,,
acc,1778672713.0,132.0,-0.34375,3.269531,-9.835938,,,,,,,,,,
acc,1778672713.0,132.0,-0.304688,3.152344,-9.726562,,,,,,,,,,
acc,1778672713.0,132.0,-0.265625,3.191406,-9.648438,,,,,,,,,,
acc,1778672713.0,132.0,-0.265625,3.460938,-9.761719,,,,,,,,,,
acc,1778672713.0,132.0,-0.265625,3.613281,-9.6875,,,,,,,,,,
acc,1778672713.0,132.0,-0.226562,3.726562,-9.691406,,,,,,,,,,
acc,1778672713.0,132.0,-0.265625,3.691406,-9.730469,,,,,,,,,,
acc,1778672713.0,132.0,-0.304688,3.765625,-9.691406,,,,,,,,,,
acc,1778672713.0,132.0,-0.152344,3.574219,-9.878906,,,,,,,,,,
acc,1778672713.0,132.0,-0.074219,3.535156,-9.796875,,,,,,,,,,
acc,1778672713.0,132.0,-0.152344,3.652344,-9.574219,,,,,,,,,,
acc,1778672713.0,132.0,-0.074219,3.574219,-9.914062,,,,,,,,,,
acc,1778672713.0,132.0,0.078125,4.113281,-9.304688,,,,,,,,,,
acc,1778672713.0,132.0,-0.035156,3.957031,-9.453125,,,,,,,,,,
acc,1778672713.0,132.0,0.0,3.84375,-9.992188,,,,,,,,,,
acc,1778672713.0,132.0,0.039062,3.726562,-9.304688,,,,,,,,,,
acc,1778672713.0,132.0,-0.074219,3.535156,-9.996094,,,,,,,,,,
acc,1778672713.0,132.0,-0.113281,3.308594,-9.800781,,,,,,,,,,
acc,1778672713.0,132.0,-0.035156,3.308594,-9.992188,,,,,,,,,,
acc,1778672713.0,132.0,-0.074219,3.652344,-9.957031,,,,,,,,,,
acc,1778672713.0,132.0,-0.035156,3.613281,-9.800781,,,,,,,,,,
acc,1778672713.0,132.0,-0.074219,3.921875,-9.800781,,,,,,,,,,
acc,1778672713.0,132.0,-0.226562,3.765625,-9.613281,,,,,,,,,,
acc,1778672713.0,132.0,-0.074219,3.804688,-9.875,,,,,,,,,,
acc,1778672713.0,132.0,0.039062,3.382812,-9.757812,,,,,,,,,,
acc,1778672713.0,132.0,-0.035156,3.34375,-9.265625,,,,,,,,,,
acc,1778672713.0,132.0,-0.265625,3.726562,-10.179688,,,,,,,,,,
acc,1778672713.0,132.0,0.0,3.535156,-9.574219,,,,,,,,,,
acc,1778672713.0,132.0,0.117188,3.5,-9.648438,,,,,,,,,,
acc,1778672713.0,132.0,-0.074219,3.460938,-9.761719,,,,,,,,,,
acc,1778672713.0,132.0,-0.035156,3.613281,-9.691406,,,,,,,,,,
acc,1778672713.0,132.0,-0.035156,3.691406,-9.652344,,,,,,,,,,
acc,1778672713.0,132.0,0.039062,3.765625,-9.761719,,,,,,,,,,
acc,1778672713.0,132.0,0.15625,3.84375,-9.609375,,,,,,,,,,
acc,1778672713.0,132.0,0.0,3.652344,-9.609375,,,,,,,,,,
acc,1778672713.0,132.0,-0.191406,3.613281,-9.839844,,,,,,,,,,
acc,1778672713.0,132.0,-0.152344,3.34375,-9.730469,,,,,,,,,,
acc,1778672713.0,132.0,-0.113281,3.230469,-9.726562,,,,,,,,,,
acc,1778672713.0,132.0,-0.265625,3.691406,-10.074219,,,,,,,,,,
acc,1778672713.0,132.0,-0.304688,3.652344,-9.761719,,,,,,,,,,
acc,1778672713.0,132.0,-0.304688,3.691406,-9.835938,,,,,,,,,,
acc,1778672713.0,132.0,-0.265625,3.691406,-9.757812,,,,,,,,,,
acc,1778672713.0,132.0,-0.304688,3.765625,-9.574219,,,,,,,,,,
acc,1778672713.0,132.0,-0.34375,3.691406,-9.878906,,,,,,,,,,
acc,1778672713.0,132.0,-0.34375,3.574219,-9.6875,,,,,,,,,,
acc,1778672713.0,132.0,-0.34375,3.34375,-9.992188,,,,,,,,,,
acc,1778672713.0,132.0,-0.34375,3.691406,-9.957031,,,,,,,,,,
acc,1778672713.0,132.0,-0.613281,3.765625,-9.878906,,,,,,,,,,
acc,1778672713.0,132.0,-0.648438,3.535156,-9.917969,,,,,,,,,,
acc,1778672713.0,132.0,-0.613281,3.652344,-9.757812,,,,,,,,,,
acc,1778672713.0,132.0,-0.648438,3.957031,-9.839844,,,,,,,,,,
acc,1778672713.0,132.0,-0.574219,3.84375,-9.761719,,,,,,,,,,
acc,1778672713.0,132.0,-0.457031,3.957031,-9.914062,,,,,,,,,,
acc,1778672713.0,132.0,-0.613281,3.921875,-9.761719,,,,,,,,,,
acc,1778672713.0,132.0,-0.574219,3.34375,-9.917969,,,,,,,,,,
acc,1778672713.0,132.0,-0.535156,3.765625,-9.878906,,,,,,,,,,
acc,1778672713.0,132.0,-0.6875,3.765625,-9.6875,,,,,,,,,,
acc,1778672713.0,132.0,-0.574219,4.035156,-10.070312,,,,,,,,,,
acc,1778672713.0,132.0,-0.457031,4.304688,-9.613281,,,,,,,,,,
acc,1778672713.0,132.0,-0.535156,4.074219,-9.996094,,,,,,,,,,
acc,1778672713.0,132.0,-0.382812,3.765625,-9.726562,,,,,,,,,,
acc,1778672713.0,132.0,-0.382812,3.765625,-9.996094,,,,,,,,,,
acc,1778672713.0,132.0,-0.613281,3.652344,-9.691406,,,,,,,,,,
acc,1778672713.0,132.0,-0.457031,3.652344,-10.148438,,,,,,,,,,
acc,1778672713.0,132.0,-0.382812,3.957031,-9.835938,,,,,,,,,,
acc,1778672713.0,132.0,-0.304688,3.804688,-9.992188,,,,,,,,,,
acc,1778672713.0,132.0,-0.457031,3.765625,-9.878906,,,,,,,,,,
acc,1778672713.0,132.0,-0.496094,3.882812,-9.800781,,,,,,,,,,
acc,1778672713.0,132.0,-0.535156,3.765625,-9.917969,,,,,,,,,,
acc,1778672713.0,132.0,-0.304688,3.726562,-10.035156,,,,,,,,,,
acc,1778672713.0,132.0,-0.382812,3.726562,-9.800781,,,,,,,,,,
acc,1778672713.0,132.0,-0.265625,3.882812,-9.917969,,,,,,,,,,
acc,1778672713.0,132.0,-0.226562,3.957031,-9.914062,,,,,,,,,,
acc,1778672713.0,132.0,-0.113281,3.921875,-9.796875,,,,,,,,,,
acc,1778672714.0,133.0,-0.265625,4.304688,-9.992188,,,,,,,,,,
acc,1778672714.0,133.0,-0.304688,3.84375,-9.761719,,,,,,,,,,
acc,1778672714.0,133.0,-0.226562,3.5,-9.835938,,,,,,,,,,
acc,1778672714.0,133.0,-0.152344,3.382812,-9.800781,,,,,,,,,,
acc,1778672714.0,133.0,-0.152344,3.421875,-9.878906,,,,,,,,,,
acc,1778672714.0,133.0,-0.152344,3.652344,-9.835938,,,,,,,,,,
acc,1778672714.0,133.0,0.0,3.765625,-9.570312,,,,,,,,,,
acc,1778672714.0,133.0,-0.035156,3.613281,-9.800781,,,,,,,,,,
acc,1778672714.0,133.0,0.078125,3.765625,-9.726562,,,,,,,,,,
acc,1778672714.0,133.0,0.0,3.726562,-9.648438,,,,,,,,,,
acc,1778672714.0,133.0,-0.035156,3.652344,-9.648438,,,,,,,,,,
acc,1778672714.0,133.0,0.0,3.84375,-9.453125,,,,,,,,,,
acc,1778672714.0,133.0,0.0,4.074219,-9.726562,,,,,,,,,,
acc,1778672714.0,133.0,-0.191406,3.996094,-9.535156,,,,,,,,,,
acc,1778672714.0,133.0,-0.382812,4.035156,-9.648438,,,,,,,,,,
acc,1778672714.0,133.0,-0.152344,3.84375,-9.835938,,,,,,,,,,
acc,1778672714.0,133.0,0.078125,3.691406,-9.496094,,,,,,,,,,
acc,1778672714.0,133.0,-0.152344,3.535156,-9.609375,,,,,,,,,,
acc,1778672714.0,133.0,-0.152344,3.34375,-9.648438,,,,,,,,,,
acc,1778672714.0,133.0,0.039062,3.230469,-9.378906,,,,,,,,,,
acc,1778672714.0,133.0,0.0,3.765625,-9.878906,,,,,,,,,,
acc,1778672714.0,133.0,-0.265625,3.765625,-9.265625,,,,,,,,,,
acc,1778672714.0,133.0,-0.304688,3.308594,-10.035156,,,,,,,,,,
acc,1778672714.0,133.0,-0.226562,3.613281,-9.574219,,,,,,,,,,
acc,1778672714.0,133.0,-0.152344,3.765625,-9.726562,,,,,,,,,,
acc,1778672714.0,133.0,-0.152344,3.308594,-9.53125,,,,,,,,,,
acc,1778672714.0,133.0,-0.191406,3.882812,-9.796875,,,,,,,,,,
acc,1778672714.0,133.0,-0.113281,3.613281,-9.574219,,,,,,,,,,
acc,1778672714.0,133.0,-0.074219,2.960938,-9.839844,,,,,,,,,,
acc,1778672714.0,133.0,-0.113281,3.765625,-9.6875,,,,,,,,,,
acc,1778672714.0,133.0,-0.382812,3.726562,-9.757812,,,,,,,,,,
acc,1778672714.0,133.0,-0.304688,3.652344,-9.878906,,,,,,,,,,
acc,1778672714.0,133.0,-0.113281,3.726562,-9.730469,,,,,,,,,,
acc,1778672714.0,133.0,-0.074219,3.84375,-9.796875,,,,,,,,,,
acc,1778672714.0,133.0,-0.265625,3.726562,-9.878906,,,,,,,,,,
acc,1778672714.0,133.0,-0.265625,3.652344,-9.796875,,,,,,,,,,
acc,1778672714.0,133.0,-0.265625,3.882812,-9.726562,,,,,,,,,,
acc,1778672714.0,133.0,-0.304688,3.882812,-9.878906,,,,,,,,,,
acc,1778672714.0,133.0,-0.382812,3.765625,-9.839844,,,,,,,,,,
acc,1778672714.0,133.0,-0.457031,3.535156,-9.492188,,,,,,,,,,
acc,1778672714.0,133.0,-0.265625,3.691406,-10.300781,,,,,,,,,,
acc,1778672714.0,133.0,-0.265625,3.574219,-9.730469,,,,,,,,,,
acc,1778672714.0,133.0,-0.417969,3.765625,-9.917969,,,,,,,,,,
acc,1778672714.0,133.0,-0.304688,3.882812,-10.378906,,,,,,,,,,
acc,1778672714.0,133.0,-0.113281,3.652344,-10.074219,,,,,,,,,,
acc,1778672714.0,133.0,-0.191406,3.804688,-9.800781,,,,,,,,,,
acc,1778672714.0,133.0,-0.304688,3.613281,-10.339844,,,,,,,,,,
acc,1778672714.0,133.0,-0.34375,3.652344,-9.875,,,,,,,,,,
acc,1778672714.0,133.0,-0.382812,3.691406,-9.761719,,,,,,,,,,
acc,1778672714.0,133.0,-0.191406,3.574219,-9.992188,,,,,,,,,,
acc,1778672714.0,133.0,-0.265625,4.074219,-9.414062,,,,,,,,,,
acc,1778672714.0,133.0,-0.226562,4.148438,-9.917969,,,,,,,,,,
acc,1778672714.0,133.0,-0.152344,3.996094,-9.730469,,,,,,,,,,
acc,1778672714.0,133.0,-0.265625,3.765625,-9.953125,,,,,,,,,,
acc,1778672714.0,133.0,-0.457031,3.421875,-9.878906,,,,,,,,,,
acc,1778672714.0,133.0,-0.417969,3.765625,-10.035156,,,,,,,,,,
acc,1778672714.0,133.0,-0.265625,3.921875,-9.875,,,,,,,,,,
acc,1778672714.0,133.0,-0.226562,3.765625,-9.957031,,,,,,,,,,
acc,1778672714.0,133.0,-0.304688,4.1875,-9.796875,,,,,,,,,,
acc,1778672714.0,133.0,-0.191406,4.148438,-9.992188,,,,,,,,,,
acc,1778672714.0,133.0,-0.34375,3.765625,-9.796875,,,,,,,,,,
acc,1778672714.0,133.0,-0.457031,3.804688,-9.878906,,,,,,,,,,
acc,1778672714.0,133.0,-0.417969,3.921875,-10.296875,,,,,,,,,,
acc,1778672714.0,133.0,-0.304688,3.421875,-9.609375,,,,,,,,,,
acc,1778672714.0,133.0,-0.265625,3.535156,-9.957031,,,,,,,,,,
acc,1778672714.0,133.0,-0.304688,3.421875,-10.074219,,,,,,,,,,
acc,1778672714.0,133.0,-0.34375,3.574219,-9.417969,,,,,,,,,,
acc,1778672714.0,133.0,-0.496094,3.535156,-10.109375,,,,,,,,,,
acc,1778672714.0,133.0,-0.496094,3.421875,-9.996094,,,,,,,,,,
acc,1778672714.0,133.0,-0.496094,3.804688,-9.761719,,,,,,,,,,
acc,1778672714.0,133.0,-0.613281,3.613281,-9.914062,,,,,,,,,,
acc,1778672714.0,133.0,-0.574219,3.652344,-9.996094,,,,,,,,,,
acc,1778672714.0,133.0,-0.574219,3.882812,-9.535156,,,,,,,,,,
acc,1778672714.0,133.0,-0.382812,3.269531,-10.148438,,,,,,,,,,
acc,1778672714.0,133.0,-0.191406,3.535156,-9.496094,,,,,,,,,,
acc,1778672714.0,133.0,-0.304688,3.460938,-9.878906,,,,,,,,,,
acc,1778672714.0,133.0,-0.382812,3.191406,-9.917969,,,,,,,,,,
acc,1778672714.0,133.0,-0.382812,3.574219,-9.726562,,,,,,,,,,
acc,1778672714.0,133.0,-0.6875,3.996094,-10.03125,,,,,,,,,,
acc,1778672714.0,133.0,-0.726562,3.84375,-9.609375,,,,,,,,,,
acc,1778672714.0,133.0,-0.535156,3.882812,-10.335938,,,,,,,,,,
acc,1778672714.0,133.0,-0.496094,3.921875,-9.496094,,,,,,,,,,
acc,1778672714.0,133.0,-0.457031,3.574219,-9.839844,,,,,,,,,,
acc,1778672714.0,133.0,-0.382812,3.882812,-9.875,,,,,,,,,,
acc,1778672714.0,133.0,-0.382812,4.113281,-9.609375,,,,,,,,,,
acc,1778672714.0,133.0,-0.304688,3.691406,-9.992188,,,,,,,,,,
acc,1778672714.0,133.0,-0.382812,3.726562,-9.609375,,,,,,,,,,
acc,1778672714.0,133.0,-0.304688,4.1875,-9.957031,,,,,,,,,,
acc,1778672714.0,133.0,-0.304688,3.726562,-9.761719,,,,,,,,,,
acc,1778672714.0,133.0,-0.152344,3.84375,-9.574219,,,,,,,,,,
acc,1778672714.0,133.0,-0.304688,3.882812,-10.070312,,,,,,,,,,
acc,1778672714.0,133.0,-0.34375,3.421875,-9.378906,,,,,,,,,,
acc,1778672714.0,133.0,-0.265625,3.84375,-9.917969,,,,,,,,,,
acc,1778672714.0,133.0,-0.191406,3.84375,-9.6875,,,,,,,,,,
acc,1778672714.0,133.0,-0.265625,4.035156,-9.839844,,,,,,,,,,
acc,1778672714.0,133.0,-0.34375,4.1875,-9.757812,,,,,,,,,,
acc,1778672714.0,133.0,-0.382812,4.035156,-9.574219,,,,,,,,,,
acc,1778672714.0,133.0,-0.382812,3.882812,-9.609375,,,,,,,,,,
acc,1778672714.0,133.0,-0.113281,3.5,-10.109375,,,,,,,,,,
acc,1778672714.0,133.0,-0.113281,3.382812,-9.609375,,,,,,,,,,
acc,1778672714.0,133.0,-0.417969,3.5,-9.875,,,,,,,,,,
acc,1778672714.0,133.0,-0.382812,3.421875,-10.035156,,,,,,,,,,
acc,1778672714.0,133.0,-0.113281,3.230469,-9.6875,,,,,,,,,,
acc,1778672714.0,133.0,-0.191406,3.460938,-9.457031,,,,,,,,,,
acc,1778672714.0,133.0,-0.226562,3.574219,-9.761719,,,,,,,,,,
acc,1778672714.0,133.0,-0.265625,3.726562,-9.417969,,,,,,,,,,
acc,1778672714.0,133.0,-0.191406,3.84375,-9.535156,,,,,,,,,,
acc,1778672714.0,133.0,-0.191406,3.726562,-9.6875,,,,,,,,,,
acc,1778672714.0,133.0,-0.34375,4.265625,-9.417969,,,,,,,,,,
acc,1778672714.0,133.0,-0.226562,3.726562,-9.691406,,,,,,,,,,
acc,1778672714.0,133.0,-0.113281,3.535156,-9.609375,,,,,,,,,,
acc,1778672714.0,133.0,-0.113281,3.421875,-9.878906,,,,,,,,,,
acc,1778672714.0,133.0,-0.226562,3.308594,-9.757812,,,,,,,,,,
acc,1778672714.0,133.0,-0.304688,3.34375,-9.570312,,,,,,,,,,
acc,1778672714.0,133.0,-0.152344,3.574219,-9.6875,,,,,,,,,,
acc,1778672714.0,133.0,0.0,3.921875,-9.378906,,,,,,,,,,
acc,1778672714.0,133.0,-0.035156,3.84375,-9.304688,,,,,,,,,,
acc,1778672714.0,133.0,-0.226562,3.84375,-9.453125,,,,,,,,,,
acc,1778672714.0,133.0,-0.226562,3.804688,-9.613281,,,,,,,,,,
acc,1778672714.0,133.0,-0.34375,3.996094,-9.800781,,,,,,,,,,
acc,1778672714.0,133.0,-0.417969,4.074219,-9.796875,,,,,,,,,,
acc,1778672714.0,133.0,-0.152344,3.957031,-9.953125,,,,,,,,,,
acc,1778672714.0,133.0,-0.226562,4.035156,-9.574219,,,,,,,,,,
acc,1778672714.0,133.0,-0.304688,3.574219,-9.53125,,,,,,,,,,
acc,1778672714.0,133.0,-0.191406,3.574219,-9.835938,,,,,,,,,,
acc,1778672714.0,133.0,-0.304688,3.535156,-9.652344,,,,,,,,,,
acc,1778672714.0,133.0,-0.304688,3.460938,-9.796875,,,,,,,,,,
acc,1778672714.0,133.0,-0.265625,3.804688,-9.757812,,,,,,,,,,
acc,1778672715.0,134.0,-0.191406,3.765625,-9.800781,,,,,,,,,,
acc,1778672715.0,134.0,-0.382812,3.996094,-9.648438,,,,,,,,,,
acc,1778672715.0,134.0,-0.417969,3.957031,-9.757812,,,,,,,,,,
acc,1778672715.0,134.0,-0.265625,3.804688,-10.03125,,,,,,,,,,
acc,1778672715.0,134.0,-0.226562,3.691406,-9.496094,,,,,,,,,,
acc,1778672715.0,134.0,-0.265625,3.726562,-10.070312,,,,,,,,,,
acc,1778672715.0,134.0,-0.226562,3.652344,-9.757812,,,,,,,,,,
acc,1778672715.0,134.0,-0.191406,3.691406,-9.992188,,,,,,,,,,
acc,1778672715.0,134.0,-0.304688,3.613281,-9.535156,,,,,,,,,,
acc,1778672715.0,134.0,-0.304688,3.652344,-9.996094,,,,,,,,,,
acc,1778672715.0,134.0,-0.152344,3.652344,-9.757812,,,,,,,,,,
acc,1778672715.0,134.0,-0.113281,3.765625,-9.457031,,,,,,,,,,
acc,1778672715.0,134.0,-0.304688,3.996094,-10.152344,,,,,,,,,,
acc,1778672715.0,134.0,-0.382812,3.84375,-9.53125,,,,,,,,,,
acc,1778672715.0,134.0,-0.304688,3.34375,-9.957031,,,,,,,,,,
acc,1778672715.0,134.0,-0.265625,3.0,-9.726562,,,,,,,,,,
acc,1778672715.0,134.0,-0.382812,3.460938,-9.730469,,,,,,,,,,
acc,1778672715.0,134.0,-0.457031,3.535156,-9.730469,,,,,,,,,,
acc,1778672715.0,134.0,-0.417969,3.308594,-9.835938,,,,,,,,,,
acc,1778672715.0,134.0,-0.496094,3.652344,-9.648438,,,,,,,,,,
acc,1778672715.0,134.0,-0.535156,3.421875,-9.957031,,,,,,,,,,
acc,1778672715.0,134.0,-0.417969,3.460938,-9.574219,,,,,,,,,,
acc,1778672715.0,134.0,-0.226562,3.691406,-9.917969,,,,,,,,,,
acc,1778672715.0,134.0,-0.152344,3.535156,-9.914062,,,,,,,,,,
acc,1778672715.0,134.0,-0.34375,3.652344,-9.414062,,,,,,,,,,
acc,1778672715.0,134.0,-0.496094,4.074219,-10.035156,,,,,,,,,,
acc,1778672715.0,134.0,-0.34375,3.691406,-9.726562,,,,,,,,,,
acc,1778672715.0,134.0,-0.265625,3.804688,-9.691406,,,,,,,,,,
acc,1778672715.0,134.0,-0.304688,3.652344,-10.070312,,,,,,,,,,
acc,1778672715.0,134.0,-0.191406,3.308594,-9.6875,,,,,,,,,,
acc,1778672715.0,134.0,-0.382812,3.5,-9.347656,,,,,,,,,,
acc,1778672715.0,134.0,-0.152344,3.0,-10.375,,,,,,,,,,
acc,1778672715.0,134.0,0.078125,3.726562,-9.453125,,,,,,,,,,
acc,1778672715.0,134.0,-0.304688,4.1875,-9.652344,,,,,,,,,,
acc,1778672715.0,134.0,-0.382812,3.652344,-10.21875,,,,,,,,,,
acc,1778672715.0,134.0,-0.265625,3.957031,-9.761719,,,,,,,,,,
acc,1778672715.0,134.0,-0.265625,3.765625,-10.109375,,,,,,,,,,
acc,1778672715.0,134.0,-0.265625,3.804688,-9.453125,,,,,,,,,,
acc,1778672715.0,134.0,-0.226562,3.882812,-9.691406,,,,,,,,,,
acc,1778672715.0,134.0,-0.074219,3.957031,-9.761719,,,,,,,,,,
acc,1778672715.0,134.0,-0.035156,3.957031,-9.730469,,,,,,,,,,
acc,1778672715.0,134.0,-0.226562,4.113281,-10.109375,,,,,,,,,,
acc,1778672715.0,134.0,-0.113281,4.113281,-9.875,,,,,,,,,,
acc,1778672715.0,134.0,-0.035156,4.035156,-9.757812,,,,,,,,,,
acc,1778672715.0,134.0,0.078125,4.113281,-10.074219,,,,,,,,,,
acc,1778672715.0,134.0,-0.152344,4.457031,-9.574219,,,,,,,,,,
acc,1778672715.0,134.0,-0.265625,4.148438,-10.109375,,,,,,,,,,
acc,1778672715.0,134.0,-0.191406,3.652344,-9.796875,,,,,,,,,,
acc,1778672715.0,134.0,-0.074219,3.882812,-9.839844,,,,,,,,,,
acc,1778672715.0,134.0,-0.152344,3.691406,-9.839844,,,,,,,,,,
acc,1778672715.0,134.0,0.039062,3.652344,-9.648438,,,,,,,,,,
acc,1778672715.0,134.0,-0.035156,3.382812,-9.453125,,,,,,,,,,
acc,1778672715.0,134.0,-0.113281,3.421875,-9.6875,,,,,,,,,,
acc,1778672715.0,134.0,-0.113281,3.382812,-9.875,,,,,,,,,,
acc,1778672715.0,134.0,-0.035156,3.574219,-9.652344,,,,,,,,,,
acc,1778672715.0,134.0,-0.152344,3.574219,-9.796875,,,,,,,,,,
acc,1778672715.0,134.0,-0.34375,3.269531,-9.875,,,,,,,,,,
acc,1778672715.0,134.0,-0.34375,3.421875,-9.839844,,,,,,,,,,
acc,1778672715.0,134.0,-0.226562,3.535156,-9.875,,,,,,,,,,
acc,1778672715.0,134.0,-0.265625,3.269531,-9.761719,,,,,,,,,,
acc,1778672715.0,134.0,-0.226562,3.382812,-9.835938,,,,,,,,,,
acc,1778672715.0,134.0,-0.191406,3.460938,-9.613281,,,,,,,,,,
acc,1778672715.0,134.0,-0.152344,3.613281,-9.835938,,,,,,,,,,
acc,1778672715.0,134.0,-0.265625,3.34375,-9.839844,,,,,,,,,,
acc,1778672715.0,134.0,-0.417969,3.269531,-10.148438,,,,,,,,,,
acc,1778672715.0,134.0,-0.613281,3.691406,-9.6875,,,,,,,,,,
acc,1778672715.0,134.0,-0.574219,3.726562,-10.113281,,,,,,,,,,
acc,1778672715.0,134.0,-0.152344,3.421875,-9.6875,,,,,,,,,,
acc,1778672715.0,134.0,-0.265625,3.574219,-9.609375,,,,,,,,,,
acc,1778672715.0,134.0,-0.613281,3.535156,-9.992188,,,,,,,,,,
acc,1778672715.0,134.0,-0.613281,3.5,-9.875,,,,,,,,,,
acc,1778672715.0,134.0,-0.457031,3.421875,-9.652344,,,,,,,,,,
acc,1778672715.0,134.0,-0.457031,3.34375,-9.757812,,,,,,,,,,
acc,1778672715.0,134.0,-0.496094,3.269531,-9.875,,,,,,,,,,
acc,1778672715.0,134.0,-0.613281,3.535156,-9.730469,,,,,,,,,,
acc,1778672715.0,134.0,-0.613281,3.804688,-10.152344,,,,,,,,,,
acc,1778672715.0,134.0,-0.613281,3.921875,-10.113281,,,,,,,,,,
acc,1778672715.0,134.0,-0.535156,4.339844,-9.953125,,,,,,,,,,
acc,1778672715.0,134.0,-0.535156,3.996094,-9.992188,,,,,,,,,,
acc,1778672715.0,134.0,-0.574219,3.84375,-10.113281,,,,,,,,,,
acc,1778672715.0,134.0,-0.6875,3.996094,-9.800781,,,,,,,,,,
acc,1778672715.0,134.0,-0.457031,3.421875,-9.917969,,,,,,,,,,
acc,1778672715.0,134.0,-0.382812,3.308594,-9.730469,,,,,,,,,,
acc,1778672715.0,134.0,-0.496094,3.382812,-9.648438,,,,,,,,,,
acc,1778672715.0,134.0,-0.535156,3.0,-9.914062,,,,,,,,,,
acc,1778672715.0,134.0,-0.496094,3.34375,-9.757812,,,,,,,,,,
acc,1778672715.0,134.0,-0.417969,3.574219,-10.113281,,,,,,,,,,
acc,1778672715.0,134.0,-0.226562,3.382812,-9.914062,,,,,,,,,,
acc,1778672715.0,134.0,-0.34375,3.691406,-9.839844,,,,,,,,,,
acc,1778672715.0,134.0,-0.226562,3.421875,-10.152344,,,,,,,,,,
acc,1778672715.0,134.0,-0.113281,3.613281,-9.648438,,,,,,,,,,
acc,1778672715.0,134.0,-0.34375,3.382812,-9.914062,,,,,,,,,,
acc,1778672715.0,134.0,-0.34375,3.152344,-9.757812,,,,,,,,,,
acc,1778672715.0,134.0,-0.304688,3.613281,-9.726562,,,,,,,,,,
acc,1778672715.0,134.0,-0.191406,3.84375,-9.6875,,,,,,,,,,
acc,1778672715.0,134.0,-0.152344,3.921875,-9.878906,,,,,,,,,,
acc,1778672715.0,134.0,-0.113281,3.765625,-9.652344,,,,,,,,,,
acc,1778672715.0,134.0,-0.226562,4.148438,-9.878906,,,,,,,,,,
acc,1778672715.0,134.0,-0.265625,3.882812,-9.761719,,,,,,,,,,
acc,1778672715.0,134.0,-0.113281,3.691406,-9.726562,,,,,,,,,,
acc,1778672715.0,134.0,-0.152344,4.148438,-9.6875,,,,,,,,,,
acc,1778672715.0,134.0,-0.152344,3.84375,-9.953125,,,,,,,,,,
acc,1778672715.0,134.0,-0.113281,3.804688,-9.613281,,,,,,,,,,
acc,1778672715.0,134.0,-0.152344,3.574219,-9.6875,,,,,,,,,,
acc,1778672715.0,134.0,-0.035156,3.804688,-10.035156,,,,,,,,,,
acc,1778672715.0,134.0,-0.113281,3.726562,-9.453125,,,,,,,,,,
acc,1778672715.0,134.0,-0.152344,3.882812,-9.992188,,,,,,,,,,
acc,1778672715.0,134.0,-0.035156,3.765625,-9.34375,,,,,,,,,,
acc,1778672715.0,134.0,-0.191406,3.535156,-9.652344,,,,,,,,,,
acc,1778672715.0,134.0,-0.035156,3.574219,-9.652344,,,,,,,,,,
acc,1778672715.0,134.0,0.117188,3.613281,-9.53125,,,,,,,,,,
acc,1778672715.0,134.0,-0.074219,3.726562,-9.796875,,,,,,,,,,
acc,1778672715.0,134.0,-0.152344,3.765625,-9.652344,,,,,,,,,,
acc,1778672715.0,134.0,-0.191406,3.421875,-9.574219,,,,,,,,,,
acc,1778672715.0,134.0,0.0,3.269531,-9.835938,,,,,,,,,,
acc,1778672715.0,134.0,-0.113281,3.382812,-9.304688,,,,,,,,,,
acc,1778672715.0,134.0,-0.035156,3.382812,-9.875,,,,,,,,,,
acc,1778672715.0,134.0,-0.035156,3.382812,-9.574219,,,,,,,,,,
acc,1778672715.0,134.0,-0.265625,3.191406,-9.265625,,,,,,,,,,
acc,1778672715.0,134.0,-0.304688,3.191406,-10.257812,,,,,,,,,,
acc,1778672715.0,134.0,-0.417969,3.078125,-9.148438,,,,,,,,,,
acc,1778672715.0,134.0,-0.265625,3.574219,-10.109375,,,,,,,,,,
acc,1778672715.0,134.0,-0.226562,3.535156,-9.875,,,,,,,,,,
acc,1778672715.0,134.0,-0.265625,3.804688,-9.757812,,,,,,,,,,
acc,1778672715.0,134.0,-0.34375,3.921875,-9.796875,,,,,,,,,,
acc,1778672715.0,134.0,-0.382812,3.574219,-9.761719,,,,,,,,,,
acc,1778672715.0,134.0,-0.417969,3.921875,-9.652344,,,,,,,,,,
acc,1778672716.0,135.0,-0.496094,3.84375,-9.375,,,,,,,,,,
acc,1778672716.0,135.0,-0.417969,3.882812,-9.953125,,,,,,,,,,
acc,1778672716.0,135.0,-0.382812,4.1875,-9.757812,,,,,,,,,,
acc,1778672716.0,135.0,-0.496094,3.460938,-10.03125,,,,,,,,,,
acc,1778672716.0,135.0,-0.535156,3.34375,-9.800781,,,,,,,,,,
acc,1778672716.0,135.0,-0.457031,3.726562,-10.148438,,,,,,,,,,
acc,1778672716.0,135.0,-0.265625,3.5,-9.839844,,,,,,,,,,
acc,1778672716.0,135.0,-0.304688,3.957031,-9.570312,,,,,,,,,,
acc,1778672716.0,135.0,-0.382812,4.265625,-9.796875,,,,,,,,,,
acc,1778672716.0,135.0,-0.34375,4.304688,-9.796875,,,,,,,,,,
acc,1778672716.0,135.0,-0.496094,4.148438,-9.496094,,,,,,,,,,
acc,1778672716.0,135.0,-0.457031,3.84375,-10.074219,,,,,,,,,,
acc,1778672716.0,135.0,-0.417969,3.574219,-9.652344,,,,,,,,,,
acc,1778672716.0,135.0,-0.457031,3.882812,-9.875,,,,,,,,,,
acc,1778672716.0,135.0,-0.457031,3.804688,-9.917969,,,,,,,,,,
acc,1778672716.0,135.0,-0.34375,3.613281,-9.492188,,,,,,,,,,
acc,1778672716.0,135.0,-0.304688,4.074219,-10.074219,,,,,,,,,,
acc,1778672716.0,135.0,-0.191406,4.113281,-9.6875,,,,,,,,,,
acc,1778672716.0,135.0,-0.226562,3.652344,-9.992188,,,,,,,,,,
acc,1778672716.0,135.0,-0.496094,3.84375,-9.453125,,,,,,,,,,
acc,1778672716.0,135.0,-0.574219,4.074219,-10.5625,,,,,,,,,,
acc,1778672716.0,135.0,-0.34375,3.765625,-9.726562,,,,,,,,,,
acc,1778672716.0,135.0,-0.34375,4.035156,-9.800781,,,,,,,,,,
acc,1778672716.0,135.0,-0.304688,4.113281,-10.152344,,,,,,,,,,
acc,1778672716.0,135.0,-0.226562,3.921875,-9.34375,,,,,,,,,,
acc,1778672716.0,135.0,-0.113281,3.804688,-9.917969,,,,,,,,,,
acc,1778672716.0,135.0,-0.226562,3.5,-9.648438,,,,,,,,,,
acc,1778672716.0,135.0,-0.265625,3.5,-9.726562,,,,,,,,,,
acc,1778672716.0,135.0,-0.382812,3.308594,-9.835938,,,,,,,,,,
acc,1778672716.0,135.0,-0.152344,3.460938,-9.875,,,,,,,,,,
acc,1778672716.0,135.0,0.0,3.460938,-9.574219,,,,,,,,,,
acc,1778672716.0,135.0,-0.265625,3.921875,-10.109375,,,,,,,,,,
acc,1778672716.0,135.0,-0.613281,4.148438,-9.839844,,,,,,,,,,
acc,1778672716.0,135.0,-0.496094,4.265625,-10.070312,,,,,,,,,,
acc,1778672716.0,135.0,-0.152344,3.765625,-9.878906,,,,,,,,,,
acc,1778672716.0,135.0,0.078125,3.308594,-9.691406,,,,,,,,,,
acc,1778672716.0,135.0,-0.035156,3.652344,-9.691406,,,,,,,,,,
acc,1778672716.0,135.0,-0.191406,3.957031,-9.417969,,,,,,,,,,
acc,1778672716.0,135.0,-0.265625,3.765625,-9.835938,,,,,,,,,,
acc,1778672716.0,135.0,-0.265625,3.191406,-9.800781,,,,,,,,,,
acc,1778672716.0,135.0,-0.34375,3.34375,-9.992188,,,,,,,,,,
acc,1778672716.0,135.0,-0.574219,3.308594,-9.613281,,,,,,,,,,
acc,1778672716.0,135.0,-0.382812,3.34375,-10.03125,,,,,,,,,,
acc,1778672716.0,135.0,-0.265625,3.421875,-9.574219,,,,,,,,,,
acc,1778672716.0,135.0,-0.265625,3.269531,-9.957031,,,,,,,,,,
acc,1778672716.0,135.0,-0.265625,3.652344,-9.652344,,,,,,,,,,
acc,1778672716.0,135.0,-0.417969,3.5,-9.191406,,,,,,,,,,
acc,1778672716.0,135.0,-0.226562,3.5,-10.183594,,,,,,,,,,
acc,1778672716.0,135.0,0.117188,3.382812,-9.347656,,,,,,,,,,
acc,1778672716.0,135.0,0.0,3.652344,-9.691406,,,,,,,,,,
acc,1778672716.0,135.0,-0.265625,3.691406,-9.875,,,,,,,,,,
acc,1778672716.0,135.0,-0.265625,3.804688,-9.800781,,,,,,,,,,
acc,1778672716.0,135.0,-0.226562,4.035156,-9.691406,,,,,,,,,,
acc,1778672716.0,135.0,-0.191406,3.882812,-9.917969,,,,,,,,,,
acc,1778672716.0,135.0,-0.265625,4.035156,-9.570312,,,,,,,,,,
acc,1778672716.0,135.0,-0.304688,3.804688,-9.648438,,,,,,,,,,
acc,1778672716.0,135.0,-0.265625,3.765625,-9.875,,,,,,,,,,
acc,1778672716.0,135.0,-0.191406,3.957031,-9.570312,,,,,,,,,,
acc,1778672716.0,135.0,-0.226562,3.804688,-9.796875,,,,,,,,,,
acc,1778672716.0,135.0,-0.304688,3.726562,-9.613281,,,,,,,,,,
acc,1778672716.0,135.0,-0.304688,4.035156,-9.6875,,,,,,,,,,
acc,1778672716.0,135.0,-0.265625,4.074219,-9.730469,,,,,,,,,,
acc,1778672716.0,135.0,-0.304688,3.691406,-9.875,,,,,,,,,,
acc,1778672716.0,135.0,-0.265625,3.535156,-9.613281,,,,,,,,,,
acc,1778672716.0,135.0,-0.34375,3.765625,-9.726562,,,,,,,,,,
acc,1778672716.0,135.0,-0.152344,3.652344,-9.757812,,,,,,,,,,
acc,1778672716.0,135.0,-0.191406,3.691406,-9.835938,,,,,,,,,,
acc,1778672716.0,135.0,-0.265625,4.1875,-9.839844,,,,,,,,,,
acc,1778672716.0,135.0,-0.304688,3.882812,-9.839844,,,,,,,,,,
acc,1778672716.0,135.0,-0.265625,3.726562,-9.761719,,,,,,,,,,
acc,1778672716.0,135.0,-0.113281,3.613281,-9.800781,,,,,,,,,,
acc,1778672716.0,135.0,-0.152344,3.460938,-9.914062,,,,,,,,,,
acc,1778672716.0,135.0,-0.265625,3.382812,-9.652344,,,,,,,,,,
acc,1778672716.0,135.0,-0.152344,3.5,-10.148438,,,,,,,,,,
acc,1778672716.0,135.0,-0.113281,3.652344,-9.609375,,,,,,,,,,
acc,1778672716.0,135.0,-0.035156,3.574219,-9.570312,,,,,,,,,,
acc,1778672716.0,135.0,-0.035156,3.726562,-9.800781,,,,,,,,,,
acc,1778672716.0,135.0,0.0,3.421875,-9.378906,,,,,,,,,,
acc,1778672716.0,135.0,-0.226562,3.269531,-9.953125,,,,,,,,,,
acc,1778672716.0,135.0,-0.265625,3.726562,-9.457031,,,,,,,,,,
acc,1778672716.0,135.0,-0.34375,3.691406,-9.796875,,,,,,,,,,
acc,1778672716.0,135.0,-0.304688,3.535156,-9.761719,,,,,,,,,,
acc,1778672716.0,135.0,-0.265625,3.804688,-9.648438,,,,,,,,,,
acc,1778672716.0,135.0,-0.074219,3.921875,-10.148438,,,,,,,,,,
acc,1778672716.0,135.0,-0.226562,3.957031,-9.914062,,,,,,,,,,
acc,1778672716.0,135.0,-0.382812,3.613281,-9.914062,,,,,,,,,,
acc,1778672716.0,135.0,-0.457031,3.996094,-10.03125,,,,,,,,,,
acc,1778672716.0,135.0,-0.226562,4.226562,-10.183594,,,,,,,,,,
acc,1778672716.0,135.0,-0.191406,3.726562,-9.613281,,,,,,,,,,
acc,1778672716.0,135.0,-0.265625,3.5,-9.996094,,,,,,,,,,
acc,1778672716.0,135.0,-0.382812,3.613281,-9.875,,,,,,,,,,
acc,1778672716.0,135.0,-0.304688,3.5,-9.6875,,,,,,,,,,
acc,1778672716.0,135.0,-0.382812,3.652344,-9.800781,,,,,,,,,,
acc,1778672716.0,135.0,-0.226562,3.804688,-9.839844,,,,,,,,,,
acc,1778672716.0,135.0,-0.265625,3.996094,-9.6875,,,,,,,,,,
acc,1778672716.0,135.0,-0.226562,3.996094,-9.757812,,,,,,,,,,
acc,1778672716.0,135.0,-0.226562,3.84375,-9.574219,,,,,,,,,,
acc,1778672716.0,135.0,-0.265625,3.765625,-9.800781,,,,,,,,,,
acc,1778672716.0,135.0,-0.191406,3.726562,-9.6875,,,,,,,,,,
acc,1778672716.0,135.0,-0.152344,3.84375,-9.691406,,,,,,,,,,
acc,1778672716.0,135.0,-0.265625,3.996094,-9.917969,,,,,,,,,,
acc,1778672716.0,135.0,-0.382812,4.148438,-9.652344,,,,,,,,,,
acc,1778672716.0,135.0,-0.496094,3.804688,-10.070312,,,,,,,,,,
acc,1778672716.0,135.0,-0.417969,3.726562,-9.835938,,,,,,,,,,
acc,1778672716.0,135.0,-0.496094,3.613281,-9.757812,,,,,,,,,,
acc,1778672716.0,135.0,-0.304688,3.0,-9.796875,,,,,,,,,,
acc,1778672716.0,135.0,-0.304688,3.34375,-9.457031,,,,,,,,,,
acc,1778672716.0,135.0,-0.382812,3.078125,-9.992188,,,,,,,,,,
acc,1778672716.0,135.0,-0.417969,3.0,-9.914062,,,,,,,,,,
acc,1778672716.0,135.0,-0.613281,3.804688,-9.6875,,,,,,,,,,
acc,1778672716.0,135.0,-0.648438,3.765625,-10.21875,,,,,,,,,,
acc,1778672716.0,135.0,-0.382812,3.691406,-9.613281,,,,,,,,,,
acc,1778672716.0,135.0,-0.265625,3.84375,-9.613281,,,,,,,,,,
acc,1778672716.0,135.0,-0.265625,3.652344,-9.726562,,,,,,,,,,
acc,1778672716.0,135.0,-0.265625,3.269531,-9.613281,,,,,,,,,,
acc,1778672716.0,135.0,-0.265625,3.34375,-9.917969,,,,,,,,,,
acc,1778672716.0,135.0,-0.191406,3.726562,-9.570312,,,,,,,,,,
acc,1778672716.0,135.0,-0.113281,3.726562,-9.914062,,,,,,,,,,
acc,1778672716.0,135.0,-0.382812,4.226562,-9.757812,,,,,,,,,,
acc,1778672716.0,135.0,-0.535156,4.265625,-10.070312,,,,,,,,,,
acc,1778672716.0,135.0,-0.382812,3.804688,-10.070312,,,,,,,,,,
acc,1778672716.0,135.0,-0.382812,3.691406,-9.726562,,,,,,,,,,
acc,1778672716.0,135.0,-0.457031,3.421875,-10.070312,,,,,,,,,,
acc,1778672716.0,135.0,-0.265625,3.804688,-9.691406,,,,,,,,,,
acc,1778672716.0,135.0,-0.152344,3.421875,-9.613281,,,,,,,,,,
acc,1778672716.0,135.0,-0.191406,3.421875,-9.648438,,,,,,,,,,
acc,1778672716.0,135.0,-0.417969,4.035156,-9.414062,,,,,,,,,,
acc,1778672716.0,135.0,-0.382812,3.308594,-10.03125,,,,,,,,,,
acc,1778672716.0,135.0,-0.304688,3.804688,-9.574219,,,,,,,,,,
acc,1778672717.0,136.0,-0.265625,3.421875,-9.757812,,,,,,,,,,
acc,1778672717.0,136.0,-0.265625,3.691406,-10.109375,,,,,,,,,,
acc,1778672717.0,136.0,-0.074219,3.535156,-9.570312,,,,,,,,,,
acc,1778672717.0,136.0,-0.191406,3.382812,-10.113281,,,,,,,,,,
acc,1778672717.0,136.0,-0.191406,3.191406,-9.375,,,,,,,,,,
acc,1778672717.0,136.0,-0.191406,3.308594,-10.152344,,,,,,,,,,
acc,1778672717.0,136.0,-0.113281,3.460938,-9.730469,,,,,,,,,,
acc,1778672717.0,136.0,-0.191406,3.613281,-9.457031,,,,,,,,,,
acc,1778672717.0,136.0,-0.226562,3.535156,-9.757812,,,,,,,,,,
acc,1778672717.0,136.0,0.039062,3.421875,-9.796875,,,,,,,,,,
acc,1778672717.0,136.0,0.0,3.535156,-9.53125,,,,,,,,,,
acc,1778672717.0,136.0,-0.191406,3.152344,-9.726562,,,,,,,,,,
acc,1778672717.0,136.0,-0.191406,3.460938,-9.570312,,,,,,,,,,
acc,1778672717.0,136.0,-0.304688,3.652344,-9.839844,,,,,,,,,,
acc,1778672717.0,136.0,-0.191406,3.765625,-9.574219,,,,,,,,,,
acc,1778672717.0,136.0,-0.226562,4.035156,-9.757812,,,,,,,,,,
acc,1778672717.0,136.0,-0.304688,3.613281,-9.652344,,,,,,,,,,
acc,1778672717.0,136.0,-0.417969,3.765625,-9.570312,,,,,,,,,,
acc,1778672717.0,136.0,-0.382812,3.652344,-9.609375,,,,,,,,,,
acc,1778672717.0,136.0,-0.191406,3.652344,-9.796875,,,,,,,,,,
acc,1778672717.0,136.0,-0.265625,4.074219,-9.574219,,,,,,,,,,
acc,1778672717.0,136.0,-0.304688,4.304688,-9.730469,,,,,,,,,,
acc,1778672717.0,136.0,-0.152344,3.765625,-9.761719,,,,,,,,,,
acc,1778672717.0,136.0,-0.074219,3.382812,-9.6875,,,,,,,,,,
acc,1778672717.0,136.0,-0.304688,3.460938,-9.726562,,,,,,,,,,
acc,1778672717.0,136.0,-0.417969,3.535156,-9.730469,,,,,,,,,,
acc,1778672717.0,136.0,-0.226562,3.535156,-9.691406,,,,,,,,,,
acc,1778672717.0,136.0,-0.113281,3.421875,-9.570312,,,,,,,,,,
acc,1778672717.0,136.0,-0.152344,3.421875,-9.796875,,,,,,,,,,
acc,1778672717.0,136.0,-0.265625,3.5,-9.496094,,,,,,,,,,
acc,1778672717.0,136.0,-0.382812,3.804688,-9.535156,,,,,,,,,,
acc,1778672717.0,136.0,-0.074219,3.652344,-10.035156,,,,,,,,,,
acc,1778672717.0,136.0,-0.152344,3.765625,-9.1875,,,,,,,,,,
acc,1778672717.0,136.0,-0.304688,3.691406,-9.875,,,,,,,,,,
acc,1778672717.0,136.0,-0.191406,3.460938,-9.570312,,,,,,,,,,
acc,1778672717.0,136.0,-0.113281,3.535156,-9.574219,,,,,,,,,,
acc,1778672717.0,136.0,-0.304688,3.765625,-9.992188,,,,,,,,,,
acc,1778672717.0,136.0,-0.304688,3.726562,-9.957031,,,,,,,,,,
acc,1778672717.0,136.0,-0.382812,3.765625,-9.6875,,,,,,,,,,
acc,1778672717.0,136.0,-0.191406,3.726562,-10.113281,,,,,,,,,,
acc,1778672717.0,136.0,0.078125,3.613281,-9.574219,,,,,,,,,,
acc,1778672717.0,136.0,-0.191406,3.574219,-9.875,,,,,,,,,,
acc,1778672717.0,136.0,-0.304688,3.382812,-9.917969,,,,,,,,,,
acc,1778672717.0,136.0,-0.265625,3.765625,-9.992188,,,,,,,,,,
acc,1778672717.0,136.0,-0.191406,3.5,-9.957031,,,,,,,,,,
acc,1778672717.0,136.0,-0.074219,3.34375,-9.917969,,,,,,,,,,
acc,1778672717.0,136.0,-0.113281,3.765625,-9.917969,,,,,,,,,,
acc,1778672717.0,136.0,-0.191406,3.230469,-9.875,,,,,,,,,,
acc,1778672717.0,136.0,-0.226562,3.5,-9.953125,,,,,,,,,,
acc,1778672717.0,136.0,-0.113281,3.421875,-9.957031,,,,,,,,,,
acc,1778672717.0,136.0,-0.152344,3.5,-9.414062,,,,,,,,,,
acc,1778672717.0,136.0,-0.191406,3.996094,-9.652344,,,,,,,,,,
acc,1778672717.0,136.0,-0.035156,3.765625,-9.613281,,,,,,,,,,
acc,1778672717.0,136.0,0.039062,3.957031,-9.574219,,,,,,,,,,
acc,1778672717.0,136.0,-0.113281,4.113281,-10.03125,,,,,,,,,,
acc,1778672717.0,136.0,-0.152344,3.84375,-9.730469,,,,,,,,,,
acc,1778672717.0,136.0,-0.152344,4.113281,-9.914062,,,,,,,,,,
acc,1778672717.0,136.0,-0.152344,3.574219,-9.839844,,,,,,,,,,
acc,1778672717.0,136.0,-0.035156,3.574219,-9.726562,,,,,,,,,,
acc,1778672717.0,136.0,0.0,3.574219,-9.957031,,,,,,,,,,
acc,1778672717.0,136.0,-0.113281,3.230469,-9.652344,,,,,,,,,,
acc,1778672717.0,136.0,-0.191406,3.691406,-9.914062,,,,,,,,,,
acc,1778672717.0,136.0,-0.113281,3.921875,-10.152344,,,,,,,,,,
acc,1778672717.0,136.0,-0.152344,4.074219,-9.570312,,,,,,,,,,
acc,1778672717.0,136.0,-0.191406,4.1875,-10.035156,,,,,,,,,,
acc,1778672717.0,136.0,-0.226562,4.226562,-9.875,,,,,,,,,,
acc,1778672717.0,136.0,-0.226562,3.996094,-9.730469,,,,,,,,,,
acc,1778672717.0,136.0,-0.152344,3.613281,-9.835938,,,,,,,,,,
acc,1778672717.0,136.0,-0.152344,3.652344,-9.730469,,,,,,,,,,
acc,1778672717.0,136.0,-0.265625,3.652344,-9.917969,,,,,,,,,,
acc,1778672717.0,136.0,-0.34375,3.691406,-9.796875,,,,,,,,,,
acc,1778672717.0,136.0,-0.417969,3.804688,-9.839844,,,,,,,,,,
acc,1778672717.0,136.0,-0.304688,3.652344,-9.957031,,,,,,,,,,
acc,1778672717.0,136.0,-0.34375,3.574219,-9.839844,,,,,,,,,,
acc,1778672717.0,136.0,-0.417969,3.765625,-9.652344,,,,,,,,,,
acc,1778672717.0,136.0,-0.382812,3.574219,-10.035156,,,,,,,,,,
acc,1778672717.0,136.0,-0.34375,3.421875,-9.726562,,,,,,,,,,
acc,1778672717.0,136.0,-0.417969,3.460938,-9.691406,,,,,,,,,,
acc,1778672717.0,136.0,-0.496094,3.535156,-10.074219,,,,,,,,,,
acc,1778672717.0,136.0,-0.382812,3.882812,-9.875,,,,,,,,,,
acc,1778672717.0,136.0,-0.382812,3.804688,-9.878906,,,,,,,,,,
acc,1778672717.0,136.0,-0.382812,3.34375,-9.914062,,,,,,,,,,
acc,1778672717.0,136.0,-0.304688,3.0,-9.6875,,,,,,,,,,
acc,1778672717.0,136.0,-0.417969,2.617188,-9.953125,,,,,,,,,,
acc,1778672717.0,136.0,-0.265625,2.847656,-9.691406,,,,,,,,,,
acc,1778672717.0,136.0,-0.265625,3.0,-10.070312,,,,,,,,,,
acc,1778672717.0,136.0,-0.417969,3.269531,-9.914062,,,,,,,,,,
acc,1778672717.0,136.0,-0.457031,3.691406,-9.726562,,,,,,,,,,
acc,1778672717.0,136.0,-0.457031,3.84375,-10.21875,,,,,,,,,,
acc,1778672717.0,136.0,-0.417969,3.726562,-9.691406,,,,,,,,,,
acc,1778672717.0,136.0,-0.382812,3.535156,-10.21875,,,,,,,,,,
acc,1778672717.0,136.0,-0.417969,3.230469,-9.878906,,,,,,,,,,
acc,1778672717.0,136.0,-0.417969,3.382812,-9.800781,,,,,,,,,,
acc,1778672717.0,136.0,-0.417969,3.535156,-10.074219,,,,,,,,,,
acc,1778672717.0,136.0,-0.191406,3.804688,-9.875,,,,,,,,,,
acc,1778672717.0,136.0,-0.304688,3.957031,-9.726562,,,,,,,,,,
acc,1778672717.0,136.0,-0.34375,3.996094,-10.257812,,,,,,,,,,
acc,1778672717.0,136.0,-0.382812,4.113281,-9.757812,,,,,,,,,,
acc,1778672717.0,136.0,-0.417969,3.996094,-9.800781,,,,,,,,,,
acc,1778672717.0,136.0,-0.496094,4.1875,-10.074219,,,,,,,,,,
acc,1778672717.0,136.0,-0.34375,3.882812,-9.691406,,,,,,,,,,
acc,1778672717.0,136.0,-0.304688,3.882812,-9.796875,,,,,,,,,,
acc,1778672717.0,136.0,-0.265625,3.957031,-9.839844,,,,,,,,,,
acc,1778672717.0,136.0,-0.382812,3.957031,-9.875,,,,,,,,,,
acc,1778672717.0,136.0,-0.457031,4.1875,-10.109375,,,,,,,,,,
acc,1778672717.0,136.0,-0.265625,3.765625,-9.835938,,,,,,,,,,
acc,1778672717.0,136.0,-0.152344,3.535156,-9.757812,,,,,,,,,,
acc,1778672717.0,136.0,-0.152344,3.84375,-9.648438,,,,,,,,,,
acc,1778672717.0,136.0,-0.074219,3.804688,-9.730469,,,,,,,,,,
acc,1778672717.0,136.0,0.0,3.382812,-9.648438,,,,,,,,,,
acc,1778672717.0,136.0,-0.113281,3.382812,-9.574219,,,,,,,,,,
acc,1778672717.0,136.0,-0.035156,3.191406,-9.878906,,,,,,,,,,
acc,1778672717.0,136.0,-0.035156,3.421875,-9.726562,,,,,,,,,,
acc,1778672717.0,136.0,-0.074219,3.652344,-9.613281,,,,,,,,,,
acc,1778672717.0,136.0,-0.265625,3.84375,-9.878906,,,,,,,,,,
acc,1778672717.0,136.0,-0.382812,3.957031,-9.609375,,,,,,,,,,
acc,1778672717.0,136.0,-0.304688,3.882812,-9.761719,,,,,,,,,,
acc,1778672717.0,136.0,-0.226562,3.765625,-9.761719,,,,,,,,,,
acc,1778672717.0,136.0,-0.113281,3.5,-9.53125,,,,,,,,,,
acc,1778672717.0,136.0,-0.113281,3.652344,-9.730469,,,,,,,,,,
acc,1778672717.0,136.0,-0.152344,3.269531,-9.53125,,,,,,,,,,
acc,1778672717.0,136.0,-0.226562,3.152344,-9.953125,,,,,,,,,,
acc,1778672717.0,136.0,-0.113281,3.535156,-9.800781,,,,,,,,,,
acc,1778672717.0,136.0,-0.113281,3.460938,-9.691406,,,,,,,,,,
acc,1778672717.0,136.0,-0.304688,3.726562,-9.878906,,,,,,,,,,
acc,1778672717.0,136.0,-0.34375,3.574219,-9.761719,,,,,,,,,,
acc,1778672717.0,136.0,-0.152344,3.882812,-9.730469,,,,,,,,,,
acc,1778672717.0,136.0,-0.152344,3.882812,-9.800781,,,,,,,,,,
acc,1778672718.0,137.0,-0.304688,3.574219,-9.800781,,,,,,,,,,
acc,1778672718.0,137.0,-0.304688,3.921875,-9.691406,,,,,,,,,,
acc,1778672718.0,137.0,-0.191406,3.882812,-10.113281,,,,,,,,,,
acc,1778672718.0,137.0,-0.265625,3.882812,-9.652344,,,,,,,,,,
acc,1778672718.0,137.0,-0.304688,3.726562,-9.761719,,,,,,,,,,
acc,1778672718.0,137.0,-0.34375,3.765625,-9.917969,,,,,,,,,,
acc,1778672718.0,137.0,-0.34375,3.726562,-9.347656,,,,,,,,,,
acc,1778672718.0,137.0,-0.152344,4.074219,-9.652344,,,,,,,,,,
acc,1778672718.0,137.0,-0.152344,4.226562,-9.609375,,,,,,,,,,
acc,1778672718.0,137.0,-0.265625,4.074219,-9.53125,,,,,,,,,,
acc,1778672718.0,137.0,-0.265625,3.882812,-9.957031,,,,,,,,,,
acc,1778672718.0,137.0,-0.34375,3.382812,-9.453125,,,,,,,,,,
acc,1778672718.0,137.0,-0.34375,3.269531,-9.914062,,,,,,,,,,
acc,1778672718.0,137.0,-0.34375,3.191406,-9.726562,,,,,,,,,,
acc,1778672718.0,137.0,-0.34375,3.574219,-9.652344,,,,,,,,,,
acc,1778672718.0,137.0,-0.382812,3.84375,-9.875,,,,,,,,,,
acc,1778672718.0,137.0,-0.382812,3.382812,-9.648438,,,,,,,,,,
acc,1778672718.0,137.0,-0.34375,3.308594,-9.730469,,,,,,,,,,
acc,1778672718.0,137.0,-0.417969,3.117188,-9.875,,,,,,,,,,
acc,1778672718.0,137.0,-0.417969,3.382812,-10.03125,,,,,,,,,,
acc,1778672718.0,137.0,-0.457031,3.5,-10.074219,,,,,,,,,,
acc,1778672718.0,137.0,-0.574219,3.308594,-9.6875,,,,,,,,,,
acc,1778672718.0,137.0,-0.496094,3.613281,-9.691406,,,,,,,,,,
acc,1778672718.0,137.0,-0.34375,4.226562,-9.835938,,,,,,,,,,
acc,1778672718.0,137.0,-0.191406,4.148438,-9.414062,,,,,,,,,,
acc,1778672718.0,137.0,-0.304688,3.804688,-9.347656,,,,,,,,,,
acc,1778672718.0,137.0,-0.496094,3.613281,-9.953125,,,,,,,,,,
acc,1778672718.0,137.0,-0.417969,3.460938,-9.691406,,,,,,,,,,
acc,1778672718.0,137.0,-0.265625,3.421875,-9.992188,,,,,,,,,,
acc,1778672718.0,137.0,-0.265625,3.535156,-10.113281,,,,,,,,,,
acc,1778672718.0,137.0,-0.226562,3.652344,-9.992188,,,,,,,,,,
acc,1778672718.0,137.0,-0.382812,3.921875,-9.652344,,,,,,,,,,
acc,1778672718.0,137.0,-0.226562,4.113281,-9.992188,,,,,,,,,,
acc,1778672718.0,137.0,-0.074219,4.378906,-9.957031,,,,,,,,,,
acc,1778672718.0,137.0,0.0,5.070312,-9.835938,,,,,,,,,,
acc,1778672718.0,137.0,-0.074219,4.722656,-9.878906,,,,,,,,,,
acc,1778672718.0,137.0,0.0,4.265625,-9.796875,,,,,,,,,,
acc,1778672718.0,137.0,-0.113281,4.1875,-9.574219,,,,,,,,,,
acc,1778672718.0,137.0,-0.074219,3.921875,-9.992188,,,,,,,,,,
acc,1778672718.0,137.0,-0.074219,3.726562,-9.613281,,,,,,,,,,
acc,1778672718.0,137.0,-0.226562,3.765625,-9.726562,,,,,,,,,,
acc,1778672718.0,137.0,-0.191406,3.765625,-9.914062,,,,,,,,,,
acc,1778672718.0,137.0,0.0,4.035156,-9.757812,,,,,,,,,,
acc,1778672718.0,137.0,-0.113281,4.226562,-9.875,,,,,,,,,,
acc,1778672718.0,137.0,-0.113281,4.035156,-10.074219,,,,,,,,,,
acc,1778672718.0,137.0,0.039062,3.691406,-9.796875,,,,,,,,,,
acc,1778672718.0,137.0,-0.035156,3.5,-9.914062,,,,,,,,,,
acc,1778672718.0,137.0,-0.035156,3.152344,-9.835938,,,,,,,,,,
acc,1778672718.0,137.0,-0.152344,3.117188,-9.835938,,,,,,,,,,
acc,1778672718.0,137.0,-0.191406,3.0,-9.917969,,,,,,,,,,
acc,1778672718.0,137.0,-0.265625,3.117188,-9.839844,,,,,,,,,,
acc,1778672718.0,137.0,-0.382812,3.117188,-9.800781,,,,,,,,,,
acc,1778672718.0,137.0,-0.417969,2.960938,-9.800781,,,,,,,,,,
acc,1778672718.0,137.0,-0.074219,3.535156,-9.996094,,,,,,,,,,
acc,1778672718.0,137.0,0.078125,3.726562,-9.730469,,,,,,,,,,
acc,1778672718.0,137.0,-0.035156,4.113281,-9.875,,,,,,,,,,
acc,1778672718.0,137.0,-0.074219,3.996094,-9.726562,,,,,,,,,,
acc,1778672718.0,137.0,0.039062,3.882812,-9.875,,,,,,,,,,
acc,1778672718.0,137.0,-0.191406,4.035156,-9.839844,,,,,,,,,,
acc,1778672718.0,137.0,-0.191406,3.804688,-9.757812,,,,,,,,,,
acc,1778672718.0,137.0,-0.304688,3.421875,-9.648438,,,,,,,,,,
acc,1778672718.0,137.0,-0.113281,3.652344,-9.730469,,,,,,,,,,
acc,1778672718.0,137.0,-0.191406,3.691406,-9.648438,,,,,,,,,,
acc,1778672718.0,137.0,-0.265625,3.574219,-9.835938,,,,,,,,,,
acc,1778672718.0,137.0,-0.457031,3.996094,-9.609375,,,,,,,,,,
acc,1778672718.0,137.0,-0.535156,4.226562,-9.953125,,,,,,,,,,
acc,1778672718.0,137.0,-0.382812,4.378906,-9.835938,,,,,,,,,,
acc,1778672718.0,137.0,-0.6875,4.457031,-10.074219,,,,,,,,,,
acc,1778672718.0,137.0,-0.878906,4.378906,-9.953125,,,,,,,,,,
acc,1778672718.0,137.0,-0.917969,4.035156,-9.992188,,,,,,,,,,
acc,1778672718.0,137.0,-0.839844,4.1875,-9.875,,,,,,,,,,
acc,1778672718.0,137.0,-0.6875,3.996094,-9.757812,,,,,,,,,,
acc,1778672718.0,137.0,-0.457031,3.535156,-9.730469,,,,,,,,,,
acc,1778672718.0,137.0,-0.382812,3.535156,-9.375,,,,,,,,,,
acc,1778672718.0,137.0,-0.535156,3.84375,-9.757812,,,,,,,,,,
acc,1778672718.0,137.0,-0.765625,3.957031,-9.6875,,,,,,,,,,
acc,1778672718.0,137.0,-0.765625,3.652344,-9.6875,,,,,,,,,,
acc,1778672718.0,137.0,-0.765625,3.957031,-9.917969,,,,,,,,,,
acc,1778672718.0,137.0,-0.726562,3.882812,-9.835938,,,,,,,,,,
acc,1778672718.0,137.0,-0.648438,3.691406,-9.574219,,,,,,,,,,
acc,1778672718.0,137.0,-0.574219,3.652344,-9.761719,,,,,,,,,,
acc,1778672718.0,137.0,-0.457031,3.652344,-9.648438,,,,,,,,,,
acc,1778672718.0,137.0,-0.613281,3.652344,-9.492188,,,,,,,,,,
acc,1778672718.0,137.0,-0.726562,3.84375,-9.730469,,,,,,,,,,
acc,1778672718.0,137.0,-0.496094,3.765625,-9.6875,,,,,,,,,,
acc,1778672718.0,137.0,-0.34375,3.691406,-9.226562,,,,,,,,,,
acc,1778672718.0,137.0,-0.457031,3.460938,-9.800781,,,,,,,,,,
acc,1778672718.0,137.0,-0.496094,3.421875,-9.726562,,,,,,,,,,
acc,1778672718.0,137.0,-0.574219,4.035156,-9.917969,,,,,,,,,,
acc,1778672718.0,137.0,-0.535156,4.035156,-10.21875,,,,,,,,,,
acc,1778672718.0,137.0,-0.417969,4.378906,-9.953125,,,,,,,,,,
acc,1778672718.0,137.0,-0.535156,4.339844,-10.109375,,,,,,,,,,
acc,1778672718.0,137.0,-0.113281,3.921875,-9.726562,,,,,,,,,,
acc,1778672718.0,137.0,0.078125,3.382812,-9.609375,,,,,,,,,,
acc,1778672718.0,137.0,-0.074219,3.460938,-9.613281,,,,,,,,,,
acc,1778672718.0,137.0,-0.191406,3.726562,-9.535156,,,,,,,,,,
acc,1778672718.0,137.0,-0.191406,3.421875,-9.757812,,,,,,,,,,
acc,1778672718.0,137.0,-0.226562,3.613281,-9.757812,,,,,,,,,,
acc,1778672718.0,137.0,-0.074219,3.726562,-9.917969,,,,,,,,,,
acc,1778672718.0,137.0,0.0,3.921875,-9.613281,,,,,,,,,,
acc,1778672718.0,137.0,0.078125,4.1875,-9.757812,,,,,,,,,,
acc,1778672718.0,137.0,0.039062,3.382812,-9.53125,,,,,,,,,,
acc,1778672718.0,137.0,0.117188,3.269531,-9.609375,,,,,,,,,,
acc,1778672718.0,137.0,0.117188,3.0,-9.304688,,,,,,,,,,
acc,1778672718.0,137.0,0.039062,2.730469,-9.417969,,,,,,,,,,
acc,1778672718.0,137.0,0.230469,3.039062,-9.378906,,,,,,,,,,
acc,1778672718.0,137.0,0.269531,3.382812,-9.375,,,,,,,,,,
acc,1778672718.0,137.0,0.078125,3.691406,-9.496094,,,,,,,,,,
acc,1778672718.0,137.0,0.117188,3.765625,-9.613281,,,,,,,,,,
acc,1778672718.0,137.0,0.191406,3.691406,-9.453125,,,,,,,,,,
acc,1778672718.0,137.0,0.269531,3.152344,-9.375,,,,,,,,,,
acc,1778672718.0,137.0,0.269531,3.117188,-9.453125,,,,,,,,,,
acc,1778672718.0,137.0,0.382812,3.460938,-9.375,,,,,,,,,,
acc,1778672718.0,137.0,0.382812,3.691406,-9.457031,,,,,,,,,,
acc,1778672718.0,137.0,0.269531,3.613281,-9.53125,,,,,,,,,,
acc,1778672718.0,137.0,0.117188,3.804688,-9.570312,,,,,,,,,,
acc,1778672718.0,137.0,0.191406,3.957031,-9.726562,,,,,,,,,,
acc,1778672718.0,137.0,0.382812,3.957031,-9.453125,,,,,,,,,,
acc,1778672718.0,137.0,0.269531,3.957031,-9.492188,,,,,,,,,,
acc,1778672718.0,137.0,0.347656,3.574219,-9.53125,,,,,,,,,,
acc,1778672718.0,137.0,0.382812,3.460938,-9.304688,,,,,,,,,,
acc,1778672718.0,137.0,0.347656,3.382812,-9.457031,,,,,,,,,,
acc,1778672718.0,137.0,0.382812,3.421875,-9.6875,,,,,,,,,,
acc,1778672718.0,137.0,0.191406,3.652344,-9.535156,,,,,,,,,,
acc,1778672718.0,137.0,0.039062,3.691406,-9.917969,,,,,,,,,,
acc,1778672718.0,137.0,-0.074219,3.691406,-9.875,,,,,,,,,,
acc,1778672719.0,138.0,0.078125,3.84375,-10.074219,,,,,,,,,,
acc,1778672719.0,138.0,0.269531,3.882812,-9.992188,,,,,,,,,,
acc,1778672719.0,138.0,0.269531,3.535156,-10.03125,,,,,,,,,,
acc,1778672719.0,138.0,0.347656,3.726562,-9.917969,,,,,,,,,,
acc,1778672719.0,138.0,0.308594,3.535156,-10.074219,,,,,,,,,,
acc,1778672719.0,138.0,0.230469,3.535156,-10.035156,,,,,,,,,,
acc,1778672719.0,138.0,0.191406,3.765625,-10.109375,,,,,,,,,,
acc,1778672719.0,138.0,0.117188,3.726562,-10.109375,,,,,,,,,,
acc,1778672719.0,138.0,0.191406,3.726562,-9.878906,,,,,,,,,,
acc,1778672719.0,138.0,0.269531,3.652344,-10.074219,,,,,,,,,,
acc,1778672719.0,138.0,0.347656,3.152344,-9.917969,,,,,,,,,,
acc,1778672719.0,138.0,0.460938,3.921875,-9.996094,,,,,,,,,,
acc,1778672719.0,138.0,0.652344,4.113281,-9.730469,,,,,,,,,,
acc,1778672719.0,138.0,0.691406,4.074219,-9.914062,,,,,,,,,,
acc,1778672719.0,138.0,0.539062,4.1875,-10.148438,,,,,,,,,,
acc,1778672719.0,138.0,0.460938,3.921875,-9.996094,,,,,,,,,,
acc,1778672719.0,138.0,0.347656,3.804688,-10.148438,,,,,,,,,,
acc,1778672719.0,138.0,0.5,4.035156,-10.148438,,,,,,,,,,
acc,1778672719.0,138.0,0.613281,3.84375,-9.953125,,,,,,,,,,
acc,1778672719.0,138.0,0.652344,3.652344,-9.953125,,,,,,,,,,
acc,1778672719.0,138.0,0.539062,3.921875,-9.996094,,,,,,,,,,
acc,1778672719.0,138.0,0.460938,4.1875,-10.109375,,,,,,,,,,
acc,1778672719.0,138.0,0.539062,4.1875,-10.074219,,,,,,,,,,
acc,1778672719.0,138.0,0.539062,4.457031,-10.03125,,,,,,,,,,
acc,1778672719.0,138.0,0.539062,4.417969,-9.914062,,,,,,,,,,
acc,1778672719.0,138.0,0.769531,4.074219,-10.222656,,,,,,,,,,
acc,1778672719.0,138.0,0.804688,3.921875,-9.992188,,,,,,,,,,
acc,1778672719.0,138.0,0.804688,3.652344,-10.113281,,,,,,,,,,
acc,1778672719.0,138.0,0.84375,3.726562,-10.375,,,,,,,,,,
acc,1778672719.0,138.0,0.730469,3.765625,-9.914062,,,,,,,,,,
acc,1778672719.0,138.0,0.730469,3.117188,-10.222656,,,,,,,,,,
acc,1778672719.0,138.0,0.804688,3.269531,-10.035156,,,,,,,,,,
acc,1778672719.0,138.0,0.691406,3.382812,-9.796875,,,,,,,,,,
acc,1778672719.0,138.0,0.613281,3.421875,-10.035156,,,,,,,,,,
acc,1778672719.0,138.0,0.769531,3.726562,-9.875,,,,,,,,,,
acc,1778672719.0,138.0,0.804688,3.652344,-10.070312,,,,,,,,,,
acc,1778672719.0,138.0,0.691406,3.921875,-10.03125,,,,,,,,,,
acc,1778672719.0,138.0,0.613281,3.957031,-9.835938,,,,,,,,,,
acc,1778672719.0,138.0,0.652344,3.691406,-10.070312,,,,,,,,,,
acc,1778672719.0,138.0,0.84375,3.535156,-9.914062,,,,,,,,,,
acc,1778672719.0,138.0,0.921875,3.382812,-9.878906,,,,,,,,,,
acc,1778672719.0,138.0,0.769531,3.308594,-9.757812,,,,,,,,,,
acc,1778672719.0,138.0,0.691406,3.308594,-9.839844,,,,,,,,,,
acc,1778672719.0,138.0,0.730469,3.804688,-10.03125,,,,,,,,,,
acc,1778672719.0,138.0,0.882812,3.691406,-9.652344,,,,,,,,,,
acc,1778672719.0,138.0,0.882812,3.804688,-10.070312,,,,,,,,,,
acc,1778672719.0,138.0,0.730469,3.921875,-9.730469,,,,,,,,,,
acc,1778672719.0,138.0,0.652344,3.804688,-9.878906,,,,,,,,,,
acc,1778672719.0,138.0,0.730469,3.957031,-9.917969,,,,,,,,,,
acc,1778672719.0,138.0,0.691406,4.035156,-9.957031,,,,,,,,,,
acc,1778672719.0,138.0,0.769531,4.035156,-9.992188,,,,,,,,,,
acc,1778672719.0,138.0,0.730469,4.1875,-9.839844,,,,,,,,,,
acc,1778672719.0,138.0,0.84375,3.957031,-9.800781,,,,,,,,,,
acc,1778672719.0,138.0,0.960938,3.84375,-9.992188,,,,,,,,,,
acc,1778672719.0,138.0,1.074219,3.691406,-9.414062,,,,,,,,,,
acc,1778672719.0,138.0,1.113281,3.613281,-9.730469,,,,,,,,,,
acc,1778672719.0,138.0,1.152344,3.460938,-9.757812,,,,,,,,,,
acc,1778672719.0,138.0,1.113281,3.613281,-9.53125,,,,,,,,,,
acc,1778672719.0,138.0,1.035156,3.882812,-9.992188,,,,,,,,,,
acc,1778672719.0,138.0,1.113281,3.574219,-9.6875,,,,,,,,,,
acc,1778672719.0,138.0,1.152344,3.652344,-9.953125,,,,,,,,,,
acc,1778672719.0,138.0,1.113281,3.765625,-9.613281,,,,,,,,,,
acc,1778672719.0,138.0,1.1875,3.691406,-9.796875,,,,,,,,,,
acc,1778672719.0,138.0,1.226562,3.382812,-9.757812,,,,,,,,,,
acc,1778672719.0,138.0,1.226562,3.5,-9.691406,,,,,,,,,,
acc,1778672719.0,138.0,1.074219,3.460938,-9.878906,,,,,,,,,,
acc,1778672719.0,138.0,1.1875,2.886719,-9.570312,,,,,,,,,,
acc,1778672719.0,138.0,1.34375,2.808594,-9.757812,,,,,,,,,,
acc,1778672719.0,138.0,1.304688,2.65625,-9.308594,,,,,,,,,,
acc,1778672719.0,138.0,1.34375,2.769531,-9.757812,,,,,,,,,,
acc,1778672719.0,138.0,1.378906,3.34375,-9.265625,,,,,,,,,,
acc,1778672719.0,138.0,1.152344,3.421875,-9.535156,,,,,,,,,,
acc,1778672719.0,138.0,1.378906,3.652344,-9.875,,,,,,,,,,
acc,1778672719.0,138.0,1.570312,3.652344,-9.148438,,,,,,,,,,
acc,1778672719.0,138.0,1.496094,3.882812,-9.53125,,,,,,,,,,
acc,1778672719.0,138.0,1.417969,2.960938,-9.414062,,,,,,,,,,
acc,1778672719.0,138.0,1.535156,3.382812,-9.53125,,,,,,,,,,
acc,1778672719.0,138.0,1.304688,3.382812,-9.378906,,,,,,,,,,
acc,1778672719.0,138.0,1.457031,2.925781,-9.691406,,,,,,,,,,
acc,1778672719.0,138.0,1.378906,2.925781,-9.453125,,,,,,,,,,
acc,1778672719.0,138.0,1.304688,2.925781,-9.378906,,,,,,,,,,
acc,1778672719.0,138.0,1.457031,3.613281,-9.757812,,,,,,,,,,
acc,1778672719.0,138.0,1.535156,3.574219,-9.1875,,,,,,,,,,
acc,1778672719.0,138.0,1.417969,3.5,-9.800781,,,,,,,,,,
acc,1778672719.0,138.0,1.304688,3.308594,-8.925781,,,,,,,,,,
acc,1778672719.0,138.0,1.496094,3.382812,-9.730469,,,,,,,,,,
acc,1778672719.0,138.0,1.535156,3.117188,-9.265625,,,,,,,,,,
acc,1778672719.0,138.0,1.570312,2.960938,-9.492188,,,,,,,,,,
acc,1778672719.0,138.0,1.417969,3.152344,-9.453125,,,,,,,,,,
acc,1778672719.0,138.0,1.378906,3.078125,-9.414062,,,,,,,,,,
acc,1778672719.0,138.0,1.570312,3.078125,-9.574219,,,,,,,,,,
acc,1778672719.0,138.0,1.570312,3.574219,-9.570312,,,,,,,,,,
acc,1778672719.0,138.0,1.535156,3.765625,-9.6875,,,,,,,,,,
acc,1778672719.0,138.0,1.34375,3.652344,-9.375,,,,,,,,,,
acc,1778672719.0,138.0,1.34375,3.308594,-10.074219,,,,,,,,,,
acc,1778672719.0,138.0,1.535156,3.421875,-9.269531,,,,,,,,,,
acc,1778672719.0,138.0,1.457031,3.460938,-9.800781,,,,,,,,,,
acc,1778672719.0,138.0,1.304688,3.078125,-9.613281,,,,,,,,,,
acc,1778672719.0,138.0,1.34375,3.574219,-9.652344,,,,,,,,,,
acc,1778672719.0,138.0,1.265625,3.921875,-9.648438,,,,,,,,,,
acc,1778672719.0,138.0,1.417969,3.765625,-9.726562,,,,,,,,,,
acc,1778672719.0,138.0,1.496094,3.957031,-9.375,,,,,,,,,,
acc,1778672719.0,138.0,1.417969,3.5,-9.914062,,,,,,,,,,
acc,1778672719.0,138.0,1.609375,3.535156,-9.652344,,,,,,,,,,
acc,1778672719.0,138.0,1.496094,3.269531,-9.609375,,,,,,,,,,
acc,1778672719.0,138.0,1.457031,2.960938,-9.800781,,,,,,,,,,
acc,1778672719.0,138.0,1.457031,3.726562,-9.875,,,,,,,,,,
acc,1778672719.0,138.0,1.378906,3.691406,-9.878906,,,,,,,,,,
acc,1778672719.0,138.0,1.496094,3.535156,-9.691406,,,,,,,,,,
acc,1778672719.0,138.0,1.378906,3.921875,-9.6875,,,,,,,,,,
acc,1778672719.0,138.0,1.34375,3.421875,-10.070312,,,,,,,,,,
acc,1778672719.0,138.0,1.417969,3.308594,-9.347656,,,,,,,,,,
acc,1778672719.0,138.0,1.378906,3.535156,-9.914062,,,,,,,,,,
acc,1778672719.0,138.0,1.34375,2.960938,-10.03125,,,,,,,,,,
acc,1778672719.0,138.0,1.535156,3.039062,-9.835938,,,,,,,,,,
acc,1778672719.0,138.0,1.457031,3.152344,-9.992188,,,,,,,,,,
acc,1778672719.0,138.0,1.378906,3.152344,-9.835938,,,,,,,,,,
acc,1778672719.0,138.0,1.457031,2.808594,-10.03125,,,,,,,,,,
acc,1778672719.0,138.0,1.496094,2.886719,-9.613281,,,,,,,,,,
acc,1778672719.0,138.0,1.34375,3.152344,-9.835938,,,,,,,,,,
acc,1778672719.0,138.0,1.226562,2.886719,-9.878906,,,,,,,,,,
acc,1778672719.0,138.0,1.1875,2.808594,-9.648438,,,,,,,,,,
acc,1778672719.0,138.0,1.304688,2.886719,-9.953125,,,,,,,,,,
acc,1778672719.0,138.0,1.457031,2.925781,-9.757812,,,,,,,,,,
acc,1778672719.0,138.0,1.648438,3.0,-9.613281,,,,,,,,,,
acc,1778672719.0,138.0,1.417969,3.078125,-9.730469,,,,,,,,,,
acc,1778672719.0,138.0,1.378906,2.886719,-10.113281,,,,,,,,,,
acc,1778672719.0,138.0,1.535156,3.230469,-9.613281,,,,,,,,,,
acc,1778672720.0,139.0,1.570312,3.574219,-10.035156,,,,,,,,,,
acc,1778672720.0,139.0,1.417969,3.039062,-10.03125,,,,,,,,,,
acc,1778672720.0,139.0,1.457031,3.269531,-9.875,,,,,,,,,,
acc,1778672720.0,139.0,1.378906,3.574219,-9.878906,,,,,,,,,,
acc,1778672720.0,139.0,1.417969,3.421875,-10.113281,,,,,,,,,,
acc,1778672720.0,139.0,1.417969,3.308594,-9.574219,,,,,,,,,,
acc,1778672720.0,139.0,1.570312,3.078125,-9.835938,,,,,,,,,,
acc,1778672720.0,139.0,1.648438,3.308594,-9.652344,,,,,,,,,,
acc,1778672720.0,139.0,1.535156,3.460938,-9.757812,,,,,,,,,,
acc,1778672720.0,139.0,1.535156,3.0,-9.800781,,,,,,,,,,
acc,1778672720.0,139.0,1.535156,2.925781,-9.835938,,,,,,,,,,
acc,1778672720.0,139.0,1.378906,3.421875,-9.878906,,,,,,,,,,
acc,1778672720.0,139.0,1.535156,3.460938,-9.730469,,,,,,,,,,
acc,1778672720.0,139.0,1.496094,3.726562,-9.730469,,,,,,,,,,
acc,1778672720.0,139.0,1.457031,3.84375,-9.800781,,,,,,,,,,
acc,1778672720.0,139.0,1.570312,3.230469,-9.839844,,,,,,,,,,
acc,1778672720.0,139.0,1.648438,3.613281,-9.917969,,,,,,,,,,
acc,1778672720.0,139.0,1.535156,3.574219,-9.796875,,,,,,,,,,
acc,1778672720.0,139.0,1.648438,3.039062,-9.878906,,,,,,,,,,
acc,1778672720.0,139.0,1.6875,3.34375,-9.691406,,,,,,,,,,
acc,1778672720.0,139.0,1.800781,3.308594,-9.761719,,,,,,,,,,
acc,1778672720.0,139.0,1.992188,2.925781,-9.761719,,,,,,,,,,
acc,1778672720.0,139.0,2.183594,2.617188,-9.726562,,,,,,,,,,
acc,1778672720.0,139.0,2.070312,2.3125,-9.917969,,,,,,,,,,
acc,1778672720.0,139.0,1.917969,2.464844,-9.839844,,,,,,,,,,
acc,1778672720.0,139.0,1.765625,2.886719,-9.992188,,,,,,,,,,
acc,1778672720.0,139.0,1.726562,2.925781,-9.953125,,,,,,,,,,
acc,1778672720.0,139.0,1.800781,2.886719,-9.914062,,,,,,,,,,
acc,1778672720.0,139.0,1.839844,2.886719,-9.761719,,,,,,,,,,
acc,1778672720.0,139.0,1.878906,2.925781,-9.800781,,,,,,,,,,
acc,1778672720.0,139.0,2.03125,3.078125,-9.6875,,,,,,,,,,
acc,1778672720.0,139.0,2.03125,2.65625,-10.035156,,,,,,,,,,
acc,1778672720.0,139.0,2.148438,2.847656,-9.574219,,,,,,,,,,
acc,1778672720.0,139.0,1.992188,3.078125,-9.6875,,,,,,,,,,
acc,1778672720.0,139.0,1.878906,3.191406,-9.652344,,,,,,,,,,
acc,1778672720.0,139.0,2.183594,2.847656,-9.875,,,,,,,,,,
acc,1778672720.0,139.0,2.300781,3.117188,-9.457031,,,,,,,,,,
acc,1778672720.0,139.0,2.109375,3.421875,-9.757812,,,,,,,,,,
acc,1778672720.0,139.0,1.992188,3.0,-9.839844,,,,,,,,,,
acc,1778672720.0,139.0,1.800781,2.925781,-9.613281,,,,,,,,,,
acc,1778672720.0,139.0,1.917969,3.039062,-9.875,,,,,,,,,,
acc,1778672720.0,139.0,2.070312,2.886719,-9.6875,,,,,,,,,,
acc,1778672720.0,139.0,2.03125,2.886719,-9.453125,,,,,,,,,,
acc,1778672720.0,139.0,1.800781,3.0,-9.878906,,,,,,,,,,
acc,1778672720.0,139.0,1.878906,2.65625,-9.648438,,,,,,,,,,
acc,1778672720.0,139.0,1.992188,2.65625,-9.652344,,,,,,,,,,
acc,1778672720.0,139.0,1.878906,2.769531,-9.574219,,,,,,,,,,
acc,1778672720.0,139.0,2.070312,2.65625,-9.414062,,,,,,,,,,
acc,1778672720.0,139.0,1.992188,2.234375,-9.496094,,,,,,,,,,
acc,1778672720.0,139.0,2.070312,2.347656,-9.726562,,,,,,,,,,
acc,1778672720.0,139.0,1.992188,2.273438,-9.269531,,,,,,,,,,
acc,1778672720.0,139.0,1.878906,2.121094,-9.839844,,,,,,,,,,
acc,1778672720.0,139.0,1.917969,2.082031,-9.6875,,,,,,,,,,
acc,1778672720.0,139.0,1.917969,2.464844,-9.535156,,,,,,,,,,
acc,1778672720.0,139.0,1.800781,2.960938,-9.726562,,,,,,,,,,
acc,1778672720.0,139.0,1.917969,2.769531,-9.691406,,,,,,,,,,
acc,1778672720.0,139.0,2.070312,2.730469,-9.417969,,,,,,,,,,
acc,1778672720.0,139.0,1.992188,2.886719,-9.730469,,,,,,,,,,
acc,1778672720.0,139.0,2.03125,2.847656,-9.53125,,,,,,,,,,
acc,1778672720.0,139.0,1.800781,3.0,-9.535156,,,,,,,,,,
acc,1778672720.0,139.0,1.765625,2.847656,-9.800781,,,,,,,,,,
acc,1778672720.0,139.0,1.992188,2.847656,-9.800781,,,,,,,,,,
acc,1778672720.0,139.0,1.992188,3.0,-9.839844,,,,,,,,,,
acc,1778672720.0,139.0,2.109375,2.886719,-9.953125,,,,,,,,,,
acc,1778672720.0,139.0,2.070312,2.65625,-9.757812,,,,,,,,,,
acc,1778672720.0,139.0,2.109375,2.234375,-10.035156,,,,,,,,,,
acc,1778672720.0,139.0,2.148438,2.15625,-9.917969,,,,,,,,,,
acc,1778672720.0,139.0,2.222656,2.15625,-9.835938,,,,,,,,,,
acc,1778672720.0,139.0,2.261719,2.042969,-9.996094,,,,,,,,,,
acc,1778672720.0,139.0,2.339844,2.15625,-9.648438,,,,,,,,,,
acc,1778672720.0,139.0,2.375,2.503906,-9.800781,,,,,,,,,,
acc,1778672720.0,139.0,2.300781,2.695312,-9.730469,,,,,,,,,,
acc,1778672720.0,139.0,2.300781,2.769531,-9.839844,,,,,,,,,,
acc,1778672720.0,139.0,2.222656,2.847656,-9.839844,,,,,,,,,,
acc,1778672720.0,139.0,2.183594,2.617188,-10.070312,,,,,,,,,,
acc,1778672720.0,139.0,2.222656,2.847656,-9.957031,,,,,,,,,,
acc,1778672720.0,139.0,2.148438,2.960938,-9.878906,,,,,,,,,,
acc,1778672720.0,139.0,2.070312,2.617188,-9.953125,,,,,,,,,,
acc,1778672720.0,139.0,2.109375,2.464844,-9.730469,,,,,,,,,,
acc,1778672720.0,139.0,1.917969,2.886719,-9.996094,,,,,,,,,,
acc,1778672720.0,139.0,1.957031,2.960938,-10.074219,,,,,,,,,,
acc,1778672720.0,139.0,1.957031,2.578125,-9.875,,,,,,,,,,
acc,1778672720.0,139.0,1.992188,2.464844,-9.914062,,,,,,,,,,
acc,1778672720.0,139.0,2.03125,2.273438,-9.726562,,,,,,,,,,
acc,1778672720.0,139.0,1.992188,2.425781,-9.796875,,,,,,,,,,
acc,1778672720.0,139.0,2.03125,2.695312,-9.53125,,,,,,,,,,
acc,1778672720.0,139.0,2.183594,2.769531,-9.878906,,,,,,,,,,
acc,1778672720.0,139.0,2.261719,2.539062,-9.609375,,,,,,,,,,
acc,1778672720.0,139.0,2.183594,2.347656,-9.914062,,,,,,,,,,
acc,1778672720.0,139.0,2.222656,2.195312,-9.796875,,,,,,,,,,
acc,1778672720.0,139.0,2.222656,2.503906,-9.6875,,,,,,,,,,
acc,1778672720.0,139.0,2.222656,2.347656,-9.957031,,,,,,,,,,
acc,1778672720.0,139.0,2.339844,1.738281,-9.613281,,,,,,,,,,
acc,1778672720.0,139.0,2.222656,2.003906,-9.996094,,,,,,,,,,
acc,1778672720.0,139.0,2.148438,2.15625,-9.761719,,,,,,,,,,
acc,1778672720.0,139.0,2.070312,2.15625,-9.757812,,,,,,,,,,
acc,1778672720.0,139.0,2.183594,2.195312,-9.914062,,,,,,,,,,
acc,1778672720.0,139.0,2.148438,2.234375,-9.6875,,,,,,,,,,
acc,1778672720.0,139.0,2.300781,2.273438,-9.652344,,,,,,,,,,
acc,1778672720.0,139.0,2.339844,2.386719,-9.6875,,,,,,,,,,
acc,1778672720.0,139.0,2.222656,2.539062,-9.609375,,,,,,,,,,
acc,1778672720.0,139.0,2.261719,2.082031,-9.726562,,,,,,,,,,
acc,1778672720.0,139.0,2.339844,2.15625,-9.875,,,,,,,,,,
acc,1778672720.0,139.0,2.183594,2.347656,-9.492188,,,,,,,,,,
acc,1778672720.0,139.0,2.339844,2.195312,-9.996094,,,,,,,,,,
acc,1778672720.0,139.0,2.453125,2.617188,-9.378906,,,,,,,,,,
acc,1778672720.0,139.0,2.183594,2.695312,-9.648438,,,,,,,,,,
acc,1778672720.0,139.0,2.183594,2.617188,-9.761719,,,,,,,,,,
acc,1778672720.0,139.0,2.375,3.039062,-9.457031,,,,,,,,,,
acc,1778672720.0,139.0,2.300781,2.886719,-9.648438,,,,,,,,,,
acc,1778672720.0,139.0,2.375,2.425781,-9.726562,,,,,,,,,,
acc,1778672720.0,139.0,2.339844,2.617188,-9.992188,,,,,,,,,,
acc,1778672720.0,139.0,2.339844,2.3125,-9.957031,,,,,,,,,,
acc,1778672720.0,139.0,2.300781,2.042969,-9.875,,,,,,,,,,
acc,1778672720.0,139.0,2.109375,2.15625,-10.222656,,,,,,,,,,
acc,1778672720.0,139.0,2.070312,1.8125,-9.917969,,,,,,,,,,
acc,1778672720.0,139.0,2.261719,1.621094,-9.957031,,,,,,,,,,
acc,1778672720.0,139.0,2.339844,1.890625,-9.914062,,,,,,,,,,
acc,1778672720.0,139.0,2.339844,1.738281,-10.113281,,,,,,,,,,
acc,1778672720.0,139.0,2.222656,2.15625,-9.953125,,,,,,,,,,
acc,1778672720.0,139.0,2.070312,2.3125,-10.113281,,,,,,,,,,
acc,1778672720.0,139.0,2.070312,2.234375,-10.03125,,,,,,,,,,
acc,1778672720.0,139.0,2.339844,2.3125,-10.152344,,,,,,,,,,
acc,1778672720.0,139.0,2.339844,2.273438,-9.609375,,,,,,,,,,
acc,1778672720.0,139.0,2.261719,2.195312,-9.726562,,,,,,,,,,
acc,1778672720.0,139.0,2.261719,2.386719,-9.726562,,,,,,,,,,
acc,1778672721.0,140.0,2.222656,2.347656,-9.457031,,,,,,,,,,
acc,1778672721.0,140.0,2.414062,2.15625,-9.761719,,,,,,,,,,
acc,1778672721.0,140.0,2.53125,2.003906,-9.53125,,,,,,,,,,
acc,1778672721.0,140.0,2.492188,2.15625,-9.496094,,,,,,,,,,
acc,1778672721.0,140.0,2.339844,2.15625,-9.691406,,,,,,,,,,
acc,1778672721.0,140.0,2.339844,2.082031,-9.570312,,,,,,,,,,
acc,1778672721.0,140.0,2.453125,2.003906,-9.574219,,,,,,,,,,
acc,1778672721.0,140.0,2.453125,2.121094,-9.609375,,,,,,,,,,
acc,1778672721.0,140.0,2.414062,2.3125,-9.691406,,,,,,,,,,
acc,1778672721.0,140.0,2.414062,2.195312,-9.53125,,,,,,,,,,
acc,1778672721.0,140.0,2.53125,2.195312,-9.691406,,,,,,,,,,
acc,1778672721.0,140.0,2.375,1.8125,-9.609375,,,,,,,,,,
acc,1778672721.0,140.0,2.375,1.738281,-9.835938,,,,,,,,,,
acc,1778672721.0,140.0,2.339844,1.621094,-9.613281,,,,,,,,,,
acc,1778672721.0,140.0,2.375,1.851562,-9.835938,,,,,,,,,,
acc,1778672721.0,140.0,2.53125,1.699219,-9.613281,,,,,,,,,,
acc,1778672721.0,140.0,2.53125,1.621094,-9.691406,,,,,,,,,,
acc,1778672721.0,140.0,2.53125,1.699219,-9.796875,,,,,,,,,,
acc,1778672721.0,140.0,2.605469,1.660156,-9.613281,,,,,,,,,,
acc,1778672721.0,140.0,2.605469,1.507812,-9.613281,,,,,,,,,,
acc,1778672721.0,140.0,2.644531,1.660156,-9.757812,,,,,,,,,,
acc,1778672721.0,140.0,2.683594,1.660156,-9.691406,,,,,,,,,,
acc,1778672721.0,140.0,2.53125,1.507812,-9.492188,,,,,,,,,,
acc,1778672721.0,140.0,2.453125,1.507812,-9.800781,,,,,,,,,,
acc,1778672721.0,140.0,2.492188,1.429688,-9.796875,,,,,,,,,,
acc,1778672721.0,140.0,2.566406,1.316406,-9.453125,,,,,,,,,,
acc,1778672721.0,140.0,2.492188,1.351562,-9.835938,,,,,,,,,,
acc,1778672721.0,140.0,2.414062,1.46875,-9.800781,,,,,,,,,,
acc,1778672721.0,140.0,2.339844,1.429688,-9.691406,,,,,,,,,,
acc,1778672721.0,140.0,2.300781,1.46875,-9.730469,,,,,,,,,,
acc,1778672721.0,140.0,2.339844,1.542969,-9.726562,,,,,,,,,,
acc,1778672721.0,140.0,2.453125,1.8125,-9.914062,,,,,,,,,,
acc,1778672721.0,140.0,2.414062,1.851562,-9.574219,,,,,,,,,,
acc,1778672721.0,140.0,2.375,1.507812,-9.757812,,,,,,,,,,
acc,1778672721.0,140.0,2.261719,1.8125,-9.726562,,,,,,,,,,
acc,1778672721.0,140.0,2.261719,1.890625,-9.574219,,,,,,,,,,
acc,1778672721.0,140.0,2.222656,1.773438,-9.914062,,,,,,,,,,
acc,1778672721.0,140.0,2.261719,1.851562,-9.457031,,,,,,,,,,
acc,1778672721.0,140.0,2.222656,1.929688,-9.835938,,,,,,,,,,
acc,1778672721.0,140.0,2.375,1.621094,-9.53125,,,,,,,,,,
acc,1778672721.0,140.0,2.261719,1.582031,-9.726562,,,,,,,,,,
acc,1778672721.0,140.0,2.03125,1.738281,-9.835938,,,,,,,,,,
acc,1778672721.0,140.0,2.222656,1.699219,-9.730469,,,,,,,,,,
acc,1778672721.0,140.0,2.375,1.773438,-9.761719,,,,,,,,,,
acc,1778672721.0,140.0,2.453125,1.738281,-9.609375,,,,,,,,,,
acc,1778672721.0,140.0,2.453125,1.699219,-9.796875,,,,,,,,,,
acc,1778672721.0,140.0,2.339844,1.699219,-9.835938,,,,,,,,,,
acc,1778672721.0,140.0,2.375,1.582031,-9.691406,,,,,,,,,,
acc,1778672721.0,140.0,2.414062,1.929688,-9.839844,,,,,,,,,,
acc,1778672721.0,140.0,2.566406,2.003906,-9.796875,,,,,,,,,,
acc,1778672721.0,140.0,2.605469,1.964844,-9.613281,,,,,,,,,,
acc,1778672721.0,140.0,2.605469,1.8125,-9.761719,,,,,,,,,,
acc,1778672721.0,140.0,2.566406,1.738281,-9.652344,,,,,,,,,,
acc,1778672721.0,140.0,2.53125,1.8125,-9.800781,,,,,,,,,,
acc,1778672721.0,140.0,2.566406,1.738281,-9.6875,,,,,,,,,,
acc,1778672721.0,140.0,2.722656,1.582031,-9.726562,,,,,,,,,,
acc,1778672721.0,140.0,2.683594,1.46875,-9.691406,,,,,,,,,,
acc,1778672721.0,140.0,2.644531,1.542969,-9.609375,,,,,,,,,,
acc,1778672721.0,140.0,2.605469,1.46875,-9.6875,,,,,,,,,,
acc,1778672721.0,140.0,2.683594,1.660156,-9.691406,,,,,,,,,,
acc,1778672721.0,140.0,2.644531,1.773438,-9.761719,,,,,,,,,,
acc,1778672721.0,140.0,2.757812,1.429688,-9.761719,,,,,,,,,,
acc,1778672721.0,140.0,2.796875,1.46875,-9.726562,,,,,,,,,,
acc,1778672721.0,140.0,2.683594,1.46875,-9.648438,,,,,,,,,,
acc,1778672721.0,140.0,2.796875,1.46875,-9.726562,,,,,,,,,,
acc,1778672721.0,140.0,2.757812,1.582031,-9.757812,,,,,,,,,,
acc,1778672721.0,140.0,2.796875,1.582031,-9.839844,,,,,,,,,,
acc,1778672721.0,140.0,2.835938,1.507812,-9.609375,,,,,,,,,,
acc,1778672721.0,140.0,2.757812,1.582031,-9.800781,,,,,,,,,,
acc,1778672721.0,140.0,2.683594,1.238281,-9.648438,,,,,,,,,,
acc,1778672721.0,140.0,2.644531,1.238281,-9.800781,,,,,,,,,,
acc,1778672721.0,140.0,2.605469,1.507812,-9.957031,,,,,,,,,,
acc,1778672721.0,140.0,2.605469,1.429688,-9.648438,,,,,,,,,,
acc,1778672721.0,140.0,2.566406,1.46875,-9.839844,,,,,,,,,,
acc,1778672721.0,140.0,2.53125,1.507812,-9.730469,,,,,,,,,,
acc,1778672721.0,140.0,2.492188,1.46875,-9.835938,,,,,,,,,,
acc,1778672721.0,140.0,2.605469,1.277344,-9.839844,,,,,,,,,,
acc,1778672721.0,140.0,2.605469,1.238281,-9.761719,,,,,,,,,,
acc,1778672721.0,140.0,2.53125,1.238281,-9.953125,,,,,,,,,,
acc,1778672721.0,140.0,2.605469,0.96875,-9.726562,,,,,,,,,,
acc,1778672721.0,140.0,2.644531,1.007812,-9.800781,,,,,,,,,,
acc,1778672721.0,140.0,2.644531,1.085938,-9.875,,,,,,,,,,
acc,1778672721.0,140.0,2.722656,1.046875,-9.800781,,,,,,,,,,
acc,1778672721.0,140.0,2.722656,0.855469,-9.757812,,,,,,,,,,
acc,1778672721.0,140.0,2.683594,0.855469,-9.839844,,,,,,,,,,
acc,1778672721.0,140.0,2.644531,0.855469,-9.878906,,,,,,,,,,
acc,1778672721.0,140.0,2.605469,1.007812,-9.613281,,,,,,,,,,
acc,1778672721.0,140.0,2.683594,0.96875,-9.875,,,,,,,,,,
acc,1778672721.0,140.0,2.835938,0.96875,-9.53125,,,,,,,,,,
acc,1778672721.0,140.0,2.796875,1.238281,-9.839844,,,,,,,,,,
acc,1778672721.0,140.0,2.722656,1.316406,-9.800781,,,,,,,,,,
acc,1778672721.0,140.0,2.722656,1.238281,-9.726562,,,,,,,,,,
acc,1778672721.0,140.0,2.722656,1.351562,-9.878906,,,,,,,,,,
acc,1778672721.0,140.0,2.875,1.507812,-9.800781,,,,,,,,,,
acc,1778672721.0,140.0,2.914062,1.46875,-9.648438,,,,,,,,,,
acc,1778672721.0,140.0,2.953125,1.316406,-9.613281,,,,,,,,,,
acc,1778672721.0,140.0,2.988281,1.390625,-9.613281,,,,,,,,,,
acc,1778672721.0,140.0,2.875,1.351562,-9.574219,,,,,,,,,,
acc,1778672721.0,140.0,2.875,1.429688,-9.6875,,,,,,,,,,
acc,1778672721.0,140.0,2.875,1.429688,-9.613281,,,,,,,,,,
acc,1778672721.0,140.0,2.875,1.390625,-9.613281,,,,,,,,,,
acc,1778672721.0,140.0,2.988281,1.46875,-9.453125,,,,,,,,,,
acc,1778672721.0,140.0,2.953125,1.507812,-9.492188,,,,,,,,,,
acc,1778672721.0,140.0,2.914062,1.390625,-9.613281,,,,,,,,,,
acc,1778672721.0,140.0,2.914062,1.351562,-9.691406,,,,,,,,,,
acc,1778672721.0,140.0,2.875,1.238281,-9.648438,,,,,,,,,,
acc,1778672721.0,140.0,2.835938,1.046875,-9.613281,,,,,,,,,,
acc,1778672721.0,140.0,2.875,1.160156,-9.691406,,,,,,,,,,
acc,1778672721.0,140.0,2.914062,1.199219,-9.652344,,,,,,,,,,
acc,1778672721.0,140.0,2.875,1.316406,-9.652344,,,,,,,,,,
acc,1778672721.0,140.0,2.875,1.085938,-9.757812,,,,,,,,,,
acc,1778672721.0,140.0,2.835938,0.96875,-9.648438,,,,,,,,,,
acc,1778672721.0,140.0,2.835938,1.007812,-9.730469,,,,,,,,,,
acc,1778672721.0,140.0,2.875,1.046875,-9.761719,,,,,,,,,,
acc,1778672721.0,140.0,2.796875,1.085938,-9.726562,,,,,,,,,,
acc,1778672721.0,140.0,2.683594,1.238281,-9.800781,,,,,,,,,,
acc,1778672721.0,140.0,2.644531,1.316406,-9.652344,,,,,,,,,,
acc,1778672721.0,140.0,2.757812,1.316406,-9.652344,,,,,,,,,,
acc,1778672721.0,140.0,2.757812,1.351562,-9.835938,,,,,,,,,,
acc,1778672721.0,140.0,2.683594,1.238281,-9.691406,,,,,,,,,,
acc,1778672721.0,140.0,2.722656,1.160156,-9.6875,,,,,,,,,,
acc,1778672721.0,140.0,2.757812,1.238281,-9.800781,,,,,,,,,,
acc,1778672721.0,140.0,2.796875,1.199219,-9.730469,,,,,,,,,,
acc,1778672721.0,140.0,2.757812,1.238281,-9.757812,,,,,,,,,,
acc,1778672721.0,140.0,2.757812,1.085938,-9.691406,,,,,,,,,,
acc,1778672721.0,140.0,2.722656,1.199219,-9.875,,,,,,,,,,
acc,1778672722.0,141.0,2.757812,1.125,-9.691406,,,,,,,,,,
acc,1778672722.0,141.0,2.796875,1.199219,-9.875,,,,,,,,,,
acc,1778672722.0,141.0,2.683594,1.125,-9.800781,,,,,,,,,,
acc,1778672722.0,141.0,2.683594,1.085938,-9.835938,,,,,,,,,,
acc,1778672722.0,141.0,2.722656,1.238281,-9.761719,,,,,,,,,,
acc,1778672722.0,141.0,2.757812,1.125,-9.757812,,,,,,,,,,
acc,1778672722.0,141.0,2.796875,1.046875,-9.730469,,,,,,,,,,
acc,1778672722.0,141.0,2.835938,1.007812,-9.875,,,,,,,,,,
acc,1778672722.0,141.0,2.835938,0.96875,-9.757812,,,,,,,,,,
acc,1778672722.0,141.0,2.914062,0.855469,-9.796875,,,,,,,,,,
acc,1778672722.0,141.0,2.914062,0.855469,-9.839844,,,,,,,,,,
acc,1778672722.0,141.0,2.875,0.855469,-9.878906,,,,,,,,,,
acc,1778672722.0,141.0,2.914062,0.855469,-9.761719,,,,,,,,,,
acc,1778672722.0,141.0,2.875,0.777344,-9.730469,,,,,,,,,,
acc,1778672722.0,141.0,2.914062,0.855469,-9.839844,,,,,,,,,,
acc,1778672722.0,141.0,3.066406,0.894531,-9.761719,,,,,,,,,,
acc,1778672722.0,141.0,3.066406,0.703125,-9.726562,,,,,,,,,,
acc,1778672722.0,141.0,2.875,0.585938,-9.800781,,,,,,,,,,
acc,1778672722.0,141.0,2.835938,0.550781,-9.835938,,,,,,,,,,
acc,1778672722.0,141.0,2.835938,0.855469,-9.796875,,,,,,,,,,
acc,1778672722.0,141.0,2.796875,1.007812,-9.652344,,,,,,,,,,
acc,1778672722.0,141.0,2.835938,0.703125,-9.730469,,,,,,,,,,
acc,1778672722.0,141.0,2.914062,0.777344,-9.730469,,,,,,,,,,
acc,1778672722.0,141.0,2.835938,0.816406,-9.613281,,,,,,,,,,
acc,1778672722.0,141.0,2.835938,0.703125,-9.730469,,,,,,,,,,
acc,1778672722.0,141.0,2.683594,0.777344,-9.730469,,,,,,,,,,
acc,1778672722.0,141.0,2.683594,0.816406,-9.796875,,,,,,,,,,
acc,1778672722.0,141.0,2.875,0.777344,-9.730469,,,,,,,,,,
acc,1778672722.0,141.0,2.914062,0.742188,-9.730469,,,,,,,,,,
acc,1778672722.0,141.0,2.796875,0.855469,-9.730469,,,,,,,,,,
acc,1778672722.0,141.0,2.796875,0.816406,-9.835938,,,,,,,,,,
acc,1778672722.0,141.0,2.722656,0.511719,-9.691406,,,,,,,,,,
acc,1778672722.0,141.0,2.757812,0.433594,-9.730469,,,,,,,,,,
acc,1778672722.0,141.0,2.875,0.664062,-9.835938,,,,,,,,,,
acc,1778672722.0,141.0,2.914062,0.816406,-9.652344,,,,,,,,,,
acc,1778672722.0,141.0,2.875,0.625,-9.757812,,,,,,,,,,
acc,1778672722.0,141.0,2.757812,0.664062,-9.757812,,,,,,,,,,
acc,1778672722.0,141.0,2.683594,0.894531,-9.691406,,,,,,,,,,
acc,1778672722.0,141.0,2.683594,1.125,-9.757812,,,,,,,,,,
acc,1778672722.0,141.0,2.796875,1.316406,-9.648438,,,,,,,,,,
acc,1778672722.0,141.0,2.722656,1.085938,-9.535156,,,,,,,,,,
acc,1778672722.0,141.0,2.683594,1.125,-9.757812,,,,,,,,,,
acc,1778672722.0,141.0,2.722656,1.277344,-9.6875,,,,,,,,,,
acc,1778672722.0,141.0,2.605469,1.199219,-9.648438,,,,,,,,,,
acc,1778672722.0,141.0,2.683594,1.046875,-9.839844,,,,,,,,,,
acc,1778672722.0,141.0,2.644531,0.933594,-9.730469,,,,,,,,,,
acc,1778672722.0,141.0,2.566406,1.085938,-9.761719,,,,,,,,,,
acc,1778672722.0,141.0,2.605469,1.085938,-9.726562,,,,,,,,,,
acc,1778672722.0,141.0,2.644531,1.085938,-9.730469,,,,,,,,,,
acc,1778672722.0,141.0,2.605469,0.894531,-9.761719,,,,,,,,,,
acc,1778672722.0,141.0,2.683594,0.816406,-9.6875,,,,,,,,,,
acc,1778672722.0,141.0,2.722656,0.703125,-9.726562,,,,,,,,,,
acc,1778672722.0,141.0,2.683594,0.777344,-9.757812,,,,,,,,,,
acc,1778672722.0,141.0,2.757812,0.703125,-9.730469,,,,,,,,,,
acc,1778672722.0,141.0,2.796875,0.664062,-9.726562,,,,,,,,,,
acc,1778672722.0,141.0,2.796875,0.816406,-9.691406,,,,,,,,,,
acc,1778672722.0,141.0,2.835938,0.816406,-9.6875,,,,,,,,,,
acc,1778672722.0,141.0,2.796875,0.816406,-9.691406,,,,,,,,,,
acc,1778672722.0,141.0,2.835938,0.777344,-9.730469,,,,,,,,,,
acc,1778672722.0,141.0,2.796875,0.777344,-9.6875,,,,,,,,,,
acc,1778672722.0,141.0,2.835938,0.777344,-9.609375,,,,,,,,,,
acc,1778672722.0,141.0,2.796875,0.703125,-9.6875,,,,,,,,,,
acc,1778672722.0,141.0,2.757812,0.625,-9.730469,,,,,,,,,,
acc,1778672722.0,141.0,2.796875,0.703125,-9.726562,,,,,,,,,,
acc,1778672722.0,141.0,2.796875,0.742188,-9.652344,,,,,,,,,,
acc,1778672722.0,141.0,2.796875,0.703125,-9.6875,,,,,,,,,,
acc,1778672722.0,141.0,2.835938,0.472656,-9.796875,,,,,,,,,,
acc,1778672722.0,141.0,2.757812,0.355469,-9.652344,,,,,,,,,,
acc,1778672722.0,141.0,2.722656,0.511719,-9.730469,,,,,,,,,,
acc,1778672722.0,141.0,2.683594,0.664062,-9.757812,,,,,,,,,,
acc,1778672722.0,141.0,2.796875,0.472656,-9.648438,,,,,,,,,,
acc,1778672722.0,141.0,2.796875,0.394531,-9.796875,,,,,,,,,,
acc,1778672722.0,141.0,2.796875,0.394531,-9.761719,,,,,,,,,,
acc,1778672722.0,141.0,2.757812,0.394531,-9.730469,,,,,,,,,,
acc,1778672722.0,141.0,2.722656,0.355469,-9.835938,,,,,,,,,,
acc,1778672722.0,141.0,2.722656,0.355469,-9.875,,,,,,,,,,
acc,1778672722.0,141.0,2.757812,0.511719,-9.6875,,,,,,,,,,
acc,1778672722.0,141.0,2.722656,0.394531,-9.796875,,,,,,,,,,
acc,1778672722.0,141.0,2.796875,0.320312,-9.757812,,,,,,,,,,
acc,1778672722.0,141.0,2.796875,0.472656,-9.730469,,,,,,,,,,
acc,1778672722.0,141.0,2.722656,0.433594,-9.839844,,,,,,,,,,
acc,1778672722.0,141.0,2.757812,0.433594,-9.757812,,,,,,,,,,
acc,1778672722.0,141.0,2.796875,0.320312,-9.875,,,,,,,,,,
acc,1778672722.0,141.0,2.796875,0.355469,-9.757812,,,,,,,,,,
acc,1778672722.0,141.0,2.796875,0.394531,-9.761719,,,,,,,,,,
acc,1778672722.0,141.0,2.757812,0.320312,-9.917969,,,,,,,,,,
acc,1778672722.0,141.0,2.757812,0.433594,-9.757812,,,,,,,,,,
acc,1778672722.0,141.0,2.722656,0.433594,-9.796875,,,,,,,,,,
acc,1778672722.0,141.0,2.683594,0.472656,-9.761719,,,,,,,,,,
acc,1778672722.0,141.0,2.644531,0.394531,-9.691406,,,,,,,,,,
acc,1778672722.0,141.0,2.683594,0.472656,-9.761719,,,,,,,,,,
acc,1778672722.0,141.0,2.683594,0.550781,-9.757812,,,,,,,,,,
acc,1778672722.0,141.0,2.683594,0.472656,-9.726562,,,,,,,,,,
acc,1778672722.0,141.0,2.683594,0.472656,-9.796875,,,,,,,,,,
acc,1778672722.0,141.0,2.644531,0.320312,-9.796875,,,,,,,,,,
acc,1778672722.0,141.0,2.605469,0.394531,-9.726562,,,,,,,,,,
acc,1778672722.0,141.0,2.644531,0.394531,-9.691406,,,,,,,,,,
acc,1778672722.0,141.0,2.683594,0.320312,-9.796875,,,,,,,,,,
acc,1778672722.0,141.0,2.683594,0.355469,-9.761719,,,,,,,,,,
acc,1778672722.0,141.0,2.644531,0.355469,-9.796875,,,,,,,,,,
acc,1778672722.0,141.0,2.644531,0.394531,-9.835938,,,,,,,,,,
acc,1778672722.0,141.0,2.722656,0.394531,-9.761719,,,,,,,,,,
acc,1778672722.0,141.0,2.757812,0.511719,-9.796875,,,,,,,,,,
acc,1778672722.0,141.0,2.722656,0.550781,-9.796875,,,,,,,,,,
acc,1778672722.0,141.0,2.796875,0.550781,-9.761719,,,,,,,,,,
acc,1778672722.0,141.0,2.757812,0.433594,-9.757812,,,,,,,,,,
acc,1778672722.0,141.0,2.757812,0.511719,-9.839844,,,,,,,,,,
acc,1778672722.0,141.0,2.757812,0.511719,-9.726562,,,,,,,,,,
acc,1778672722.0,141.0,2.722656,0.433594,-9.761719,,,,,,,,,,
acc,1778672722.0,141.0,2.644531,0.625,-9.835938,,,,,,,,,,
acc,1778672722.0,141.0,2.605469,0.511719,-9.648438,,,,,,,,,,
acc,1778672722.0,141.0,2.644531,0.472656,-9.796875,,,,,,,,,,
acc,1778672722.0,141.0,2.722656,0.511719,-9.757812,,,,,,,,,,
acc,1778672722.0,141.0,2.683594,0.511719,-9.613281,,,,,,,,,,
acc,1778672722.0,141.0,2.605469,0.511719,-9.800781,,,,,,,,,,
acc,1778672722.0,141.0,2.644531,0.355469,-9.761719,,,,,,,,,,
acc,1778672722.0,141.0,2.683594,0.394531,-9.691406,,,,,,,,,,
acc,1778672722.0,141.0,2.683594,0.394531,-9.800781,,,,,,,,,,
acc,1778672722.0,141.0,2.644531,0.433594,-9.730469,,,,,,,,,,
acc,1778672722.0,141.0,2.566406,0.550781,-9.6875,,,,,,,,,,
acc,1778672722.0,141.0,2.566406,0.511719,-9.800781,,,,,,,,,,
acc,1778672722.0,141.0,2.53125,0.394531,-9.648438,,,,,,,,,,
acc,1778672722.0,141.0,2.492188,0.394531,-9.730469,,,,,,,,,,
acc,1778672722.0,141.0,2.53125,0.394531,-9.800781,,,,,,,,,,
acc,1778672722.0,141.0,2.53125,0.320312,-9.726562,,,,,,,,,,
acc,1778672722.0,141.0,2.492188,0.320312,-9.726562,,,,,,,,,,
acc,1778672722.0,141.0,2.453125,0.355469,-9.761719,,,,,,,,,,
acc,1778672722.0,141.0,2.453125,0.394531,-9.691406,,,,,,,,,,
acc,1778672723.0,142.0,2.492188,0.394531,-9.730469,,,,,,,,,,
acc,1778672723.0,142.0,2.53125,0.394531,-9.730469,,,,,,,,,,
acc,1778672723.0,142.0,2.566406,0.355469,-9.800781,,,,,,,,,,
acc,1778672723.0,142.0,2.53125,0.320312,-9.761719,,,,,,,,,,
acc,1778672723.0,142.0,2.566406,0.203125,-9.796875,,,,,,,,,,
acc,1778672723.0,142.0,2.53125,0.164062,-9.800781,,,,,,,,,,
acc,1778672723.0,142.0,2.53125,0.242188,-9.691406,,,,,,,,,,
acc,1778672723.0,142.0,2.53125,0.164062,-9.730469,,,,,,,,,,
acc,1778672723.0,142.0,2.453125,0.164062,-9.757812,,,,,,,,,,
acc,1778672723.0,142.0,2.453125,0.28125,-9.757812,,,,,,,,,,
acc,1778672723.0,142.0,2.375,0.28125,-9.800781,,,,,,,,,,
acc,1778672723.0,142.0,2.375,0.28125,-9.730469,,,,,,,,,,
acc,1778672723.0,142.0,2.375,0.242188,-9.730469,,,,,,,,,,
acc,1778672723.0,142.0,2.375,0.242188,-9.730469,,,,,,,,,,
acc,1778672723.0,142.0,2.414062,0.28125,-9.757812,,,,,,,,,,
acc,1778672723.0,142.0,2.414062,0.320312,-9.839844,,,,,,,,,,
acc,1778672723.0,142.0,2.375,0.394531,-9.730469,,,,,,,,,,
acc,1778672723.0,142.0,2.339844,0.355469,-9.757812,,,,,,,,,,
acc,1778672723.0,142.0,2.339844,0.433594,-9.726562,,,,,,,,,,
acc,1778672723.0,142.0,2.375,0.394531,-9.691406,,,,,,,,,,
acc,1778672723.0,142.0,2.339844,0.355469,-9.730469,,,,,,,,,,
acc,1778672723.0,142.0,2.300781,0.355469,-9.726562,,,,,,,,,,
acc,1778672723.0,142.0,2.261719,0.28125,-9.726562,,,,,,,,,,
acc,1778672723.0,142.0,2.300781,0.242188,-9.730469,,,,,,,,,,
acc,1778672723.0,142.0,2.375,0.28125,-9.730469,,,,,,,,,,
acc,1778672723.0,142.0,2.300781,0.28125,-9.691406,,,,,,,,,,
acc,1778672723.0,142.0,2.261719,0.320312,-9.691406,,,,,,,,,,
acc,1778672723.0,142.0,2.261719,0.355469,-9.730469,,,,,,,,,,
acc,1778672723.0,142.0,2.222656,0.433594,-9.761719,,,,,,,,,,
acc,1778672723.0,142.0,2.300781,0.394531,-9.648438,,,,,,,,,,
acc,1778672723.0,142.0,2.222656,0.320312,-9.691406,,,,,,,,,,
acc,1778672723.0,142.0,2.222656,0.355469,-9.800781,,,,,,,,,,
acc,1778672723.0,142.0,2.183594,0.394531,-9.691406,,,,,,,,,,
acc,1778672723.0,142.0,2.148438,0.355469,-9.726562,,,,,,,,,,
acc,1778672723.0,142.0,2.148438,0.320312,-9.726562,,,,,,,,,,
acc,1778672723.0,142.0,2.148438,0.320312,-9.6875,,,,,,,,,,
acc,1778672723.0,142.0,2.148438,0.355469,-9.761719,,,,,,,,,,
acc,1778672723.0,142.0,2.183594,0.320312,-9.652344,,,,,,,,,,
acc,1778672723.0,142.0,2.148438,0.320312,-9.6875,,,,,,,,,,
acc,1778672723.0,142.0,2.148438,0.28125,-9.730469,,,,,,,,,,
acc,1778672723.0,142.0,2.109375,0.242188,-9.691406,,,,,,,,,,
acc,1778672723.0,142.0,2.070312,0.28125,-9.761719,,,,,,,,,,
acc,1778672723.0,142.0,2.070312,0.355469,-9.800781,,,,,,,,,,
acc,1778672723.0,142.0,2.070312,0.320312,-9.757812,,,,,,,,,,
acc,1778672723.0,142.0,2.070312,0.320312,-9.757812,,,,,,,,,,
acc,1778672723.0,142.0,2.070312,0.355469,-9.800781,,,,,,,,,,
acc,1778672723.0,142.0,1.992188,0.320312,-9.761719,,,,,,,,,,
acc,1778672723.0,142.0,1.992188,0.28125,-9.730469,,,,,,,,,,
acc,1778672723.0,142.0,1.957031,0.242188,-9.726562,,,,,,,,,,
acc,1778672723.0,142.0,1.992188,0.242188,-9.757812,,,,,,,,,,
acc,1778672723.0,142.0,1.992188,0.242188,-9.730469,,,,,,,,,,
acc,1778672723.0,142.0,1.957031,0.242188,-9.761719,,,,,,,,,,
acc,1778672723.0,142.0,1.917969,0.203125,-9.839844,,,,,,,,,,
acc,1778672723.0,142.0,1.917969,0.320312,-9.800781,,,,,,,,,,
acc,1778672723.0,142.0,1.878906,0.355469,-9.800781,,,,,,,,,,
acc,1778672723.0,142.0,1.957031,0.320312,-9.800781,,,,,,,,,,
acc,1778672723.0,142.0,1.917969,0.28125,-9.796875,,,,,,,,,,
acc,1778672723.0,142.0,1.917969,0.28125,-9.761719,,,,,,,,,,
acc,1778672723.0,142.0,1.878906,0.28125,-9.796875,,,,,,,,,,
acc,1778672723.0,142.0,1.839844,0.28125,-9.839844,,,,,,,,,,
acc,1778672723.0,142.0,1.839844,0.320312,-9.800781,,,,,,,,,,
acc,1778672723.0,142.0,1.839844,0.242188,-9.761719,,,,,,,,,,
acc,1778672723.0,142.0,1.800781,0.28125,-9.757812,,,,,,,,,,
acc,1778672723.0,142.0,1.800781,0.242188,-9.800781,,,,,,,,,,
acc,1778672723.0,142.0,1.839844,0.203125,-9.761719,,,,,,,,,,
acc,1778672723.0,142.0,1.800781,0.164062,-9.757812,,,,,,,,,,
acc,1778672723.0,142.0,1.726562,0.164062,-9.796875,,,,,,,,,,
acc,1778672723.0,142.0,1.6875,0.164062,-9.796875,,,,,,,,,,
acc,1778672723.0,142.0,1.6875,0.242188,-9.796875,,,,,,,,,,
acc,1778672723.0,142.0,1.6875,0.242188,-9.726562,,,,,,,,,,
acc,1778672723.0,142.0,1.648438,0.203125,-9.757812,,,,,,,,,,
acc,1778672723.0,142.0,1.648438,0.242188,-9.757812,,,,,,,,,,
acc,1778672723.0,142.0,1.609375,0.28125,-9.800781,,,,,,,,,,
acc,1778672723.0,142.0,1.609375,0.28125,-9.835938,,,,,,,,,,
acc,1778672723.0,142.0,1.570312,0.242188,-9.761719,,,,,,,,,,
acc,1778672723.0,142.0,1.535156,0.28125,-9.796875,,,,,,,,,,
acc,1778672723.0,142.0,1.535156,0.28125,-9.796875,,,,,,,,,,
acc,1778672723.0,142.0,1.457031,0.242188,-9.761719,,,,,,,,,,
acc,1778672723.0,142.0,1.457031,0.203125,-9.839844,,,,,,,,,,
acc,1778672723.0,142.0,1.496094,0.203125,-9.761719,,,,,,,,,,
acc,1778672723.0,142.0,1.457031,0.203125,-9.726562,,,,,,,,,,
acc,1778672723.0,142.0,1.417969,0.164062,-9.761719,,,,,,,,,,
acc,1778672723.0,142.0,1.417969,0.164062,-9.796875,,,,,,,,,,
acc,1778672723.0,142.0,1.378906,0.164062,-9.796875,,,,,,,,,,
acc,1778672723.0,142.0,1.34375,0.203125,-9.761719,,,,,,,,,,
acc,1778672723.0,142.0,1.34375,0.203125,-9.839844,,,,,,,,,,
acc,1778672723.0,142.0,1.34375,0.164062,-9.761719,,,,,,,,,,
acc,1778672723.0,142.0,1.34375,0.164062,-9.761719,,,,,,,,,,
acc,1778672723.0,142.0,1.304688,0.164062,-9.757812,,,,,,,,,,
acc,1778672723.0,142.0,1.304688,0.203125,-9.757812,,,,,,,,,,
acc,1778672723.0,142.0,1.265625,0.242188,-9.800781,,,,,,,,,,
acc,1778672723.0,142.0,1.265625,0.242188,-9.730469,,,,,,,,,,
acc,1778672723.0,142.0,1.265625,0.242188,-9.800781,,,,,,,,,,
acc,1778672723.0,142.0,1.226562,0.242188,-9.761719,,,,,,,,,,
acc,1778672723.0,142.0,1.265625,0.242188,-9.757812,,,,,,,,,,
acc,1778672723.0,142.0,1.226562,0.242188,-9.761719,,,,,,,,,,
acc,1778672723.0,142.0,1.226562,0.203125,-9.761719,,,,,,,,,,
acc,1778672723.0,142.0,1.152344,0.242188,-9.761719,,,,,,,,,,
acc,1778672723.0,142.0,1.152344,0.242188,-9.796875,,,,,,,,,,
acc,1778672723.0,142.0,1.152344,0.242188,-9.761719,,,,,,,,,,
acc,1778672723.0,142.0,1.113281,0.242188,-9.761719,,,,,,,,,,
acc,1778672723.0,142.0,1.113281,0.203125,-9.761719,,,,,,,,,,
acc,1778672723.0,142.0,1.074219,0.242188,-9.730469,,,,,,,,,,
acc,1778672723.0,142.0,1.074219,0.203125,-9.730469,,,,,,,,,,
acc,1778672723.0,142.0,1.074219,0.203125,-9.757812,,,,,,,,,,
acc,1778672723.0,142.0,1.035156,0.203125,-9.761719,,,,,,,,,,
acc,1778672723.0,142.0,1.035156,0.203125,-9.761719,,,,,,,,,,
acc,1778672723.0,142.0,0.996094,0.164062,-9.761719,,,,,,,,,,
acc,1778672723.0,142.0,0.960938,0.164062,-9.796875,,,,,,,,,,
acc,1778672723.0,142.0,0.960938,0.164062,-9.796875,,,,,,,,,,
acc,1778672723.0,142.0,0.921875,0.203125,-9.800781,,,,,,,,,,
acc,1778672723.0,142.0,0.921875,0.203125,-9.757812,,,,,,,,,,
acc,1778672723.0,142.0,0.921875,0.203125,-9.835938,,,,,,,,,,
acc,1778672723.0,142.0,0.921875,0.203125,-9.800781,,,,,,,,,,
acc,1778672723.0,142.0,0.960938,0.203125,-9.761719,,,,,,,,,,
acc,1778672723.0,142.0,0.921875,0.203125,-9.835938,,,,,,,,,,
acc,1778672723.0,142.0,0.921875,0.203125,-9.800781,,,,,,,,,,
acc,1778672723.0,142.0,0.882812,0.203125,-9.796875,,,,,,,,,,
acc,1778672723.0,142.0,0.882812,0.203125,-9.796875,,,,,,,,,,
acc,1778672723.0,142.0,0.921875,0.203125,-9.757812,,,,,,,,,,
acc,1778672723.0,142.0,0.882812,0.203125,-9.761719,,,,,,,,,,
acc,1778672723.0,142.0,0.882812,0.242188,-9.796875,,,,,,,,,,
acc,1778672723.0,142.0,0.882812,0.242188,-9.796875,,,,,,,,,,
acc,1778672723.0,142.0,0.804688,0.242188,-9.800781,,,,,,,,,,
acc,1778672723.0,142.0,0.769531,0.242188,-9.796875,,,,,,,,,,
acc,1778672723.0,142.0,0.769531,0.203125,-9.761719,,,,,,,,,,
acc,1778672723.0,142.0,0.769531,0.203125,-9.796875,,,,,,,,,,
acc,1778672724.0,143.0,0.769531,0.242188,-9.761719,,,,,,,,,,
acc,1778672724.0,143.0,0.769531,0.203125,-9.796875,,,,,,,,,,
acc,1778672724.0,143.0,0.691406,0.203125,-9.800781,,,,,,,,,,
acc,1778672724.0,143.0,0.691406,0.203125,-9.800781,,,,,,,,,,
acc,1778672724.0,143.0,0.691406,0.242188,-9.757812,,,,,,,,,,
acc,1778672724.0,143.0,0.691406,0.203125,-9.757812,,,,,,,,,,
acc,1778672724.0,143.0,0.730469,0.203125,-9.800781,,,,,,,,,,
acc,1778672724.0,143.0,0.730469,0.203125,-9.757812,,,,,,,,,,
acc,1778672724.0,143.0,0.691406,0.164062,-9.800781,,,,,,,,,,
acc,1778672724.0,143.0,0.652344,0.203125,-9.761719,,,,,,,,,,
acc,1778672724.0,143.0,0.613281,0.164062,-9.796875,,,,,,,,,,
acc,1778672724.0,143.0,0.574219,0.203125,-9.757812,,,,,,,,,,
acc,1778672724.0,143.0,0.574219,0.164062,-9.800781,,,,,,,,,,
acc,1778672724.0,143.0,0.574219,0.164062,-9.800781,,,,,,,,,,
acc,1778672724.0,143.0,0.574219,0.164062,-9.757812,,,,,,,,,,
acc,1778672724.0,143.0,0.574219,0.164062,-9.835938,,,,,,,,,,
acc,1778672724.0,143.0,0.613281,0.164062,-9.796875,,,,,,,,,,
acc,1778672724.0,143.0,0.574219,0.164062,-9.835938,,,,,,,,,,
acc,1778672724.0,143.0,0.539062,0.164062,-9.796875,,,,,,,,,,
acc,1778672724.0,143.0,0.539062,0.164062,-9.796875,,,,,,,,,,
acc,1778672724.0,143.0,0.5,0.164062,-9.839844,,,,,,,,,,
acc,1778672724.0,143.0,0.460938,0.164062,-9.839844,,,,,,,,,,
acc,1778672724.0,143.0,0.5,0.128906,-9.835938,,,,,,,,,,
acc,1778672724.0,143.0,0.5,0.164062,-9.839844,,,,,,,,,,
acc,1778672724.0,143.0,0.5,0.164062,-9.796875,,,,,,,,,,
acc,1778672724.0,143.0,0.5,0.164062,-9.796875,,,,,,,,,,
acc,1778672724.0,143.0,0.5,0.164062,-9.839844,,,,,,,,,,
acc,1778672724.0,143.0,0.5,0.164062,-9.839844,,,,,,,,,,
acc,1778672724.0,143.0,0.460938,0.164062,-9.878906,,,,,,,,,,
acc,1778672724.0,143.0,0.460938,0.164062,-9.839844,,,,,,,,,,
acc,1778672724.0,143.0,0.460938,0.164062,-9.796875,,,,,,,,,,
acc,1778672724.0,143.0,0.421875,0.164062,-9.835938,,,,,,,,,,
acc,1778672724.0,143.0,0.421875,0.164062,-9.800781,,,,,,,,,,
acc,1778672724.0,143.0,0.421875,0.164062,-9.835938,,,,,,,,,,
acc,1778672724.0,143.0,0.421875,0.164062,-9.835938,,,,,,,,,,
acc,1778672724.0,143.0,0.421875,0.203125,-9.800781,,,,,,,,,,
acc,1778672724.0,143.0,0.382812,0.203125,-9.796875,,,,,,,,,,
acc,1778672724.0,143.0,0.421875,0.203125,-9.800781,,,,,,,,,,
acc,1778672724.0,143.0,0.421875,0.203125,-9.800781,,,,,,,,,,
acc,1778672724.0,143.0,0.421875,0.164062,-9.800781,,,,,,,,,,
acc,1778672724.0,143.0,0.421875,0.203125,-9.800781,,,,,,,,,,
acc,1778672724.0,143.0,0.421875,0.203125,-9.800781,,,,,,,,,,
acc,1778672724.0,143.0,0.382812,0.203125,-9.796875,,,,,,,,,,
acc,1778672724.0,143.0,0.382812,0.203125,-9.796875,,,,,,,,,,
acc,1778672724.0,143.0,0.382812,0.203125,-9.796875,,,,,,,,,,
acc,1778672724.0,143.0,0.347656,0.203125,-9.757812,,,,,,,,,,
acc,1778672724.0,143.0,0.382812,0.203125,-9.796875,,,,,,,,,,
acc,1778672724.0,143.0,0.347656,0.203125,-9.757812,,,,,,,,,,
acc,1778672724.0,143.0,0.347656,0.203125,-9.800781,,,,,,,,,,
acc,1778672724.0,143.0,0.347656,0.203125,-9.800781,,,,,,,,,,
acc,1778672724.0,143.0,0.347656,0.203125,-9.800781,,,,,,,,,,
acc,1778672724.0,143.0,0.308594,0.203125,-9.796875,,,,,,,,,,
acc,1778672724.0,143.0,0.308594,0.242188,-9.796875,,,,,,,,,,
acc,1778672724.0,143.0,0.308594,0.242188,-9.796875,,,,,,,,,,
acc,1778672724.0,143.0,0.308594,0.203125,-9.796875,,,,,,,,,,
acc,1778672724.0,143.0,0.308594,0.203125,-9.796875,,,,,,,,,,
acc,1778672724.0,143.0,0.308594,0.203125,-9.796875,,,,,,,,,,
acc,1778672724.0,143.0,0.308594,0.242188,-9.796875,,,,,,,,,,
acc,1778672724.0,143.0,0.308594,0.242188,-9.761719,,,,,,,,,,
acc,1778672724.0,143.0,0.308594,0.242188,-9.796875,,,,,,,,,,
acc,1778672724.0,143.0,0.269531,0.203125,-9.796875,,,,,,,,,,
acc,1778672724.0,143.0,0.308594,0.203125,-9.761719,,,,,,,,,,
acc,1778672724.0,143.0,0.269531,0.242188,-9.796875,,,,,,,,,,
acc,1778672724.0,143.0,0.269531,0.242188,-9.761719,,,,,,,,,,
acc,1778672724.0,143.0,0.269531,0.242188,-9.796875,,,,,,,,,,
acc,1778672724.0,143.0,0.269531,0.242188,-9.796875,,,,,,,,,,
acc,1778672724.0,143.0,0.269531,0.203125,-9.839844,,,,,,,,,,
acc,1778672724.0,143.0,0.230469,0.203125,-9.800781,,,,,,,,,,
acc,1778672724.0,143.0,0.269531,0.203125,-9.796875,,,,,,,,,,
acc,1778672724.0,143.0,0.191406,0.203125,-9.800781,,,,,,,,,,
acc,1778672724.0,143.0,0.230469,0.203125,-9.835938,,,,,,,,,,
acc,1778672724.0,143.0,0.230469,0.203125,-9.800781,,,,,,,,,,
acc,1778672724.0,143.0,0.191406,0.203125,-9.800781,,,,,,,,,,
acc,1778672724.0,143.0,0.230469,0.164062,-9.835938,,,,,,,,,,
acc,1778672724.0,143.0,0.230469,0.203125,-9.835938,,,,,,,,,,
acc,1778672724.0,143.0,0.230469,0.203125,-9.835938,,,,,,,,,,
acc,1778672724.0,143.0,0.230469,0.203125,-9.800781,,,,,,,,,,
acc,1778672724.0,143.0,0.191406,0.164062,-9.800781,,,,,,,,,,
acc,1778672724.0,143.0,0.191406,0.164062,-9.800781,,,,,,,,,,
acc,1778672724.0,143.0,0.191406,0.203125,-9.835938,,,,,,,,,,
acc,1778672724.0,143.0,0.191406,0.203125,-9.835938,,,,,,,,,,
acc,1778672724.0,143.0,0.230469,0.164062,-9.800781,,,,,,,,,,
acc,1778672724.0,143.0,0.191406,0.203125,-9.800781,,,,,,,,,,
acc,1778672724.0,143.0,0.191406,0.164062,-9.835938,,,,,,,,,,
acc,1778672724.0,143.0,0.15625,0.203125,-9.839844,,,,,,,,,,
acc,1778672724.0,143.0,0.15625,0.203125,-9.796875,,,,,,,,,,
acc,1778672724.0,143.0,0.15625,0.164062,-9.839844,,,,,,,,,,
acc,1778672724.0,143.0,0.191406,0.164062,-9.800781,,,,,,,,,,
acc,1778672724.0,143.0,0.191406,0.203125,-9.757812,,,,,,,,,,
acc,1778672724.0,143.0,0.191406,0.164062,-9.835938,,,,,,,,,,
acc,1778672724.0,143.0,0.191406,0.203125,-9.800781,,,,,,,,,,
acc,1778672724.0,143.0,0.15625,0.203125,-9.839844,,,,,,,,,,
acc,1778672724.0,143.0,0.15625,0.164062,-9.839844,,,,,,,,,,
acc,1778672724.0,143.0,0.191406,0.203125,-9.757812,,,,,,,,,,
acc,1778672724.0,143.0,0.191406,0.164062,-9.835938,,,,,,,,,,
acc,1778672724.0,143.0,0.191406,0.164062,-9.800781,,,,,,,,,,
acc,1778672724.0,143.0,0.191406,0.164062,-9.800781,,,,,,,,,,
acc,1778672724.0,143.0,0.191406,0.164062,-9.835938,,,,,,,,,,
acc,1778672724.0,143.0,0.191406,0.164062,-9.800781,,,,,,,,,,
acc,1778672724.0,143.0,0.191406,0.128906,-9.796875,,,,,,,,,,
acc,1778672724.0,143.0,0.191406,0.128906,-9.796875,,,,,,,,,,
acc,1778672724.0,143.0,0.191406,0.128906,-9.796875,,,,,,,,,,
acc,1778672724.0,143.0,0.191406,0.164062,-9.757812,,,,,,,,,,
acc,1778672724.0,143.0,0.191406,0.164062,-9.800781,,,,,,,,,,
acc,1778672724.0,143.0,0.230469,0.128906,-9.796875,,,,,,,,,,
acc,1778672724.0,143.0,0.191406,0.164062,-9.800781,,,,,,,,,,
acc,1778672724.0,143.0,0.191406,0.164062,-9.757812,,,,,,,,,,
acc,1778672724.0,143.0,0.191406,0.164062,-9.757812,,,,,,,,,,
acc,1778672724.0,143.0,0.191406,0.164062,-9.757812,,,,,,,,,,
acc,1778672724.0,143.0,0.191406,0.164062,-9.757812,,,,,,,,,,
acc,1778672724.0,143.0,0.15625,0.164062,-9.796875,,,,,,,,,,
acc,1778672724.0,143.0,0.15625,0.164062,-9.796875,,,,,,,,,,
acc,1778672724.0,143.0,0.117188,0.128906,-9.800781,,,,,,,,,,
acc,1778672724.0,143.0,0.078125,0.164062,-9.761719,,,,,,,,,,
acc,1778672724.0,143.0,0.078125,0.203125,-9.796875,,,,,,,,,,
acc,1778672724.0,143.0,0.039062,0.164062,-9.796875,,,,,,,,,,
acc,1778672724.0,143.0,0.039062,0.164062,-9.796875,,,,,,,,,,
acc,1778672724.0,143.0,0.0,0.203125,-9.796875,,,,,,,,,,
acc,1778672724.0,143.0,0.0,0.203125,-9.796875,,,,,,,,,,
acc,1778672724.0,143.0,-0.074219,0.203125,-9.800781,,,,,,,,,,
acc,1778672724.0,143.0,-0.074219,0.203125,-9.800781,,,,,,,,,,
acc,1778672724.0,143.0,-0.113281,0.203125,-9.839844,,,,,,,,,,
acc,1778672724.0,143.0,-0.113281,0.203125,-9.839844,,,,,,,,,,
acc,1778672724.0,143.0,-0.113281,0.203125,-9.878906,,,,,,,,,,
acc,1778672724.0,143.0,-0.152344,0.203125,-9.839844,,,,,,,,,,
acc,1778672724.0,143.0,-0.191406,0.203125,-9.835938,,,,,,,,,,
acc,1778672725.0,144.0,-0.191406,0.203125,-9.875,,,,,,,,,,
acc,1778672725.0,144.0,-0.191406,0.242188,-9.835938,,,,,,,,,,
acc,1778672725.0,144.0,-0.191406,0.203125,-9.835938,,,,,,,,,,
acc,1778672725.0,144.0,-0.191406,0.203125,-9.835938,,,,,,,,,,
acc,1778672725.0,144.0,-0.191406,0.242188,-9.835938,,,,,,,,,,
acc,1778672725.0,144.0,-0.226562,0.203125,-9.878906,,,,,,,,,,
acc,1778672725.0,144.0,-0.191406,0.203125,-9.835938,,,,,,,,,,
acc,1778672725.0,144.0,-0.226562,0.203125,-9.839844,,,,,,,,,,
acc,1778672725.0,144.0,-0.191406,0.203125,-9.835938,,,,,,,,,,
acc,1778672725.0,144.0,-0.226562,0.203125,-9.839844,,,,,,,,,,
acc,1778672725.0,144.0,-0.226562,0.203125,-9.839844,,,,,,,,,,
acc,1778672725.0,144.0,-0.226562,0.203125,-9.796875,,,,,,,,,,
acc,1778672725.0,144.0,-0.226562,0.203125,-9.796875,,,,,,,,,,
acc,1778672725.0,144.0,-0.226562,0.203125,-9.796875,,,,,,,,,,
acc,1778672725.0,144.0,-0.226562,0.164062,-9.839844,,,,,,,,,,
acc,1778672725.0,144.0,-0.226562,0.203125,-9.796875,,,,,,,,,,
acc,1778672725.0,144.0,-0.226562,0.203125,-9.839844,,,,,,,,,,
acc,1778672725.0,144.0,-0.191406,0.203125,-9.800781,,,,,,,,,,
acc,1778672725.0,144.0,-0.191406,0.203125,-9.757812,,,,,,,,,,
acc,1778672725.0,144.0,-0.191406,0.203125,-9.757812,,,,,,,,,,
acc,1778672725.0,144.0,-0.191406,0.164062,-9.800781,,,,,,,,,,
acc,1778672725.0,144.0,-0.152344,0.203125,-9.796875,,,,,,,,,,
acc,1778672725.0,144.0,-0.191406,0.203125,-9.800781,,,,,,,,,,
acc,1778672725.0,144.0,-0.152344,0.203125,-9.761719,,,,,,,,,,
acc,1778672725.0,144.0,-0.152344,0.203125,-9.761719,,,,,,,,,,
acc,1778672725.0,144.0,-0.113281,0.203125,-9.761719,,,,,,,,,,
acc,1778672725.0,144.0,-0.113281,0.203125,-9.761719,,,,,,,,,,
acc,1778672725.0,144.0,-0.113281,0.203125,-9.761719,,,,,,,,,,
acc,1778672725.0,144.0,-0.113281,0.203125,-9.796875,,,,,,,,,,
acc,1778672725.0,144.0,-0.074219,0.203125,-9.757812,,,,,,,,,,
acc,1778672725.0,144.0,-0.074219,0.203125,-9.757812,,,,,,,,,,
acc,1778672725.0,144.0,-0.035156,0.164062,-9.761719,,,,,,,,,,
acc,1778672725.0,144.0,-0.035156,0.164062,-9.761719,,,,,,,,,,
acc,1778672725.0,144.0,-0.035156,0.164062,-9.761719,,,,,,,,,,
acc,1778672725.0,144.0,-0.035156,0.203125,-9.761719,,,,,,,,,,
acc,1778672725.0,144.0,0.0,0.164062,-9.761719,,,,,,,,,,
acc,1778672725.0,144.0,0.0,0.164062,-9.761719,,,,,,,,,,
acc,1778672725.0,144.0,0.0,0.203125,-9.761719,,,,,,,,,,
acc,1778672725.0,144.0,0.0,0.164062,-9.761719,,,,,,,,,,
acc,1778672725.0,144.0,0.0,0.164062,-9.761719,,,,,,,,,,
acc,1778672725.0,144.0,0.039062,0.164062,-9.796875,,,,,,,,,,
acc,1778672725.0,144.0,0.0,0.164062,-9.839844,,,,,,,,,,
acc,1778672725.0,144.0,0.0,0.164062,-9.796875,,,,,,,,,,
acc,1778672725.0,144.0,0.039062,0.164062,-9.796875,,,,,,,,,,
acc,1778672725.0,144.0,0.0,0.164062,-9.796875,,,,,,,,,,
acc,1778672725.0,144.0,0.0,0.164062,-9.796875,,,,,,,,,,
acc,1778672725.0,144.0,0.0,0.164062,-9.839844,,,,,,,,,,
acc,1778672725.0,144.0,0.0,0.164062,-9.839844,,,,,,,,,,
acc,1778672725.0,144.0,-0.035156,0.164062,-9.796875,,,,,,,,,,
acc,1778672725.0,144.0,-0.035156,0.164062,-9.839844,,,,,,,,,,
acc,1778672725.0,144.0,-0.035156,0.203125,-9.839844,,,,,,,,,,
acc,1778672725.0,144.0,-0.035156,0.203125,-9.796875,,,,,,,,,,
acc,1778672725.0,144.0,-0.035156,0.203125,-9.839844,,,,,,,,,,
acc,1778672725.0,144.0,-0.074219,0.203125,-9.835938,,,,,,,,,,
acc,1778672725.0,144.0,-0.074219,0.164062,-9.875,,,,,,,,,,
acc,1778672725.0,144.0,-0.074219,0.203125,-9.800781,,,,,,,,,,
acc,1778672725.0,144.0,-0.074219,0.203125,-9.800781,,,,,,,,,,
acc,1778672725.0,144.0,-0.074219,0.203125,-9.835938,,,,,,,,,,
acc,1778672725.0,144.0,-0.113281,0.164062,-9.796875,,,,,,,,,,
acc,1778672725.0,144.0,-0.113281,0.203125,-9.839844,,,,,,,,,,
acc,1778672725.0,144.0,-0.113281,0.164062,-9.796875,,,,,,,,,,
acc,1778672725.0,144.0,-0.113281,0.203125,-9.796875,,,,,,,,,,
acc,1778672725.0,144.0,-0.113281,0.203125,-9.796875,,,,,,,,,,
acc,1778672725.0,144.0,-0.113281,0.164062,-9.796875,,,,,,,,,,
acc,1778672725.0,144.0,-0.152344,0.164062,-9.796875,,,,,,,,,,
acc,1778672725.0,144.0,-0.152344,0.203125,-9.796875,,,,,,,,,,
acc,1778672725.0,144.0,-0.152344,0.203125,-9.796875,,,,,,,,,,
acc,1778672725.0,144.0,-0.113281,0.203125,-9.796875,,,,,,,,,,
acc,1778672725.0,144.0,-0.152344,0.203125,-9.796875,,,,,,,,,,
acc,1778672725.0,144.0,-0.152344,0.203125,-9.761719,,,,,,,,,,
acc,1778672725.0,144.0,-0.152344,0.203125,-9.796875,,,,,,,,,,
acc,1778672725.0,144.0,-0.152344,0.203125,-9.761719,,,,,,,,,,
acc,1778672725.0,144.0,-0.113281,0.203125,-9.761719,,,,,,,,,,
acc,1778672725.0,144.0,-0.152344,0.164062,-9.839844,,,,,,,,,,
acc,1778672725.0,144.0,-0.152344,0.203125,-9.796875,,,,,,,,,,
acc,1778672725.0,144.0,-0.152344,0.164062,-9.761719,,,,,,,,,,
acc,1778672725.0,144.0,-0.152344,0.203125,-9.761719,,,,,,,,,,
acc,1778672725.0,144.0,-0.113281,0.203125,-9.761719,,,,,,,,,,
acc,1778672725.0,144.0,-0.074219,0.203125,-9.800781,,,,,,,,,,
acc,1778672725.0,144.0,-0.113281,0.203125,-9.796875,,,,,,,,,,
acc,1778672725.0,144.0,-0.074219,0.203125,-9.800781,,,,,,,,,,
acc,1778672725.0,144.0,-0.074219,0.203125,-9.800781,,,,,,,,,,
acc,1778672725.0,144.0,-0.113281,0.203125,-9.796875,,,,,,,,,,
acc,1778672725.0,144.0,-0.074219,0.203125,-9.835938,,,,,,,,,,
acc,1778672725.0,144.0,-0.074219,0.164062,-9.757812,,,,,,,,,,
acc,1778672725.0,144.0,-0.035156,0.164062,-9.796875,,,,,,,,,,
acc,1778672725.0,144.0,-0.035156,0.164062,-9.761719,,,,,,,,,,
acc,1778672725.0,144.0,-0.035156,0.203125,-9.761719,,,,,,,,,,
acc,1778672725.0,144.0,-0.035156,0.203125,-9.796875,,,,,,,,,,
acc,1778672725.0,144.0,-0.035156,0.203125,-9.796875,,,,,,,,,,
acc,1778672725.0,144.0,-0.035156,0.164062,-9.796875,,,,,,,,,,
acc,1778672725.0,144.0,0.0,0.164062,-9.796875,,,,,,,,,,
acc,1778672725.0,144.0,-0.035156,0.203125,-9.796875,,,,,,,,,,
acc,1778672725.0,144.0,-0.035156,0.164062,-9.796875,,,,,,,,,,
acc,1778672725.0,144.0,-0.035156,0.164062,-9.796875,,,,,,,,,,
acc,1778672725.0,144.0,-0.035156,0.203125,-9.796875,,,,,,,,,,
acc,1778672725.0,144.0,-0.035156,0.203125,-9.796875,,,,,,,,,,
acc,1778672725.0,144.0,-0.035156,0.203125,-9.796875,,,,,,,,,,
acc,1778672725.0,144.0,-0.035156,0.203125,-9.796875,,,,,,,,,,
acc,1778672725.0,144.0,-0.035156,0.203125,-9.796875,,,,,,,,,,
acc,1778672725.0,144.0,-0.035156,0.203125,-9.796875,,,,,,,,,,
acc,1778672725.0,144.0,-0.035156,0.164062,-9.796875,,,,,,,,,,
acc,1778672725.0,144.0,-0.035156,0.203125,-9.796875,,,,,,,,,,
acc,1778672725.0,144.0,-0.074219,0.164062,-9.800781,,,,,,,,,,
acc,1778672725.0,144.0,-0.074219,0.203125,-9.835938,,,,,,,,,,
acc,1778672725.0,144.0,-0.074219,0.203125,-9.800781,,,,,,,,,,
acc,1778672725.0,144.0,-0.074219,0.203125,-9.800781,,,,,,,,,,
acc,1778672725.0,144.0,-0.074219,0.164062,-9.800781,,,,,,,,,,
acc,1778672725.0,144.0,-0.074219,0.164062,-9.800781,,,,,,,,,,
acc,1778672725.0,144.0,-0.113281,0.164062,-9.796875,,,,,,,,,,
acc,1778672725.0,144.0,-0.074219,0.164062,-9.835938,,,,,,,,,,
acc,1778672725.0,144.0,-0.074219,0.164062,-9.800781,,,,,,,,,,
acc,1778672725.0,144.0,-0.074219,0.164062,-9.800781,,,,,,,,,,
acc,1778672725.0,144.0,-0.074219,0.164062,-9.800781,,,,,,,,,,
acc,1778672725.0,144.0,-0.113281,0.164062,-9.839844,,,,,,,,,,
acc,1778672725.0,144.0,-0.113281,0.164062,-9.796875,,,,,,,,,,
acc,1778672725.0,144.0,-0.113281,0.203125,-9.796875,,,,,,,,,,
acc,1778672725.0,144.0,-0.152344,0.203125,-9.796875,,,,,,,,,,
acc,1778672725.0,144.0,-0.113281,0.164062,-9.796875,,,,,,,,,,
acc,1778672725.0,144.0,-0.113281,0.164062,-9.796875,,,,,,,,,,
acc,1778672725.0,144.0,-0.113281,0.203125,-9.796875,,,,,,,,,,
acc,1778672725.0,144.0,-0.113281,0.164062,-9.796875,,,,,,,,,,
acc,1778672725.0,144.0,-0.113281,0.164062,-9.796875,,,,,,,,,,
acc,1778672725.0,144.0,-0.113281,0.164062,-9.796875,,,,,,,,,,
acc,1778672725.0,144.0,-0.074219,0.164062,-9.800781,,,,,,,,,,
acc,1778672725.0,144.0,-0.074219,0.164062,-9.835938,,,,,,,,,,
acc,1778672726.0,145.0,-0.074219,0.164062,-9.757812,,,,,,,,,,
acc,1778672726.0,145.0,-0.113281,0.203125,-9.796875,,,,,,,,,,
acc,1778672726.0,145.0,-0.113281,0.203125,-9.761719,,,,,,,,,,
acc,1778672726.0,145.0,-0.113281,0.203125,-9.796875,,,,,,,,,,
acc,1778672726.0,145.0,-0.113281,0.203125,-9.796875,,,,,,,,,,
acc,1778672726.0,145.0,-0.074219,0.203125,-9.800781,,,,,,,,,,
acc,1778672726.0,145.0,-0.074219,0.164062,-9.800781,,,,,,,,,,
acc,1778672726.0,145.0,-0.074219,0.203125,-9.800781,,,,,,,,,,
acc,1778672726.0,145.0,-0.074219,0.203125,-9.800781,,,,,,,,,,
acc,1778672726.0,145.0,-0.074219,0.164062,-9.800781,,,,,,,,,,
acc,1778672726.0,145.0,-0.074219,0.203125,-9.800781,,,,,,,,,,
acc,1778672726.0,145.0,-0.074219,0.203125,-9.800781,,,,,,,,,,
acc,1778672726.0,145.0,-0.074219,0.203125,-9.800781,,,,,,,,,,
acc,1778672726.0,145.0,-0.074219,0.203125,-9.800781,,,,,,,,,,
acc,1778672726.0,145.0,-0.074219,0.203125,-9.757812,,,,,,,,,,
acc,1778672726.0,145.0,-0.074219,0.203125,-9.800781,,,,,,,,,,
acc,1778672726.0,145.0,-0.074219,0.164062,-9.835938,,,,,,,,,,
acc,1778672726.0,145.0,-0.035156,0.164062,-9.839844,,,,,,,,,,
acc,1778672726.0,145.0,-0.074219,0.203125,-9.835938,,,,,,,,,,
acc,1778672726.0,145.0,-0.074219,0.164062,-9.800781,,,,,,,,,,
acc,1778672726.0,145.0,-0.074219,0.164062,-9.835938,,,,,,,,,,
acc,1778672726.0,145.0,-0.113281,0.203125,-9.796875,,,,,,,,,,
acc,1778672726.0,145.0,-0.074219,0.164062,-9.800781,,,,,,,,,,
acc,1778672726.0,145.0,-0.074219,0.164062,-9.800781,,,,,,,,,,
acc,1778672726.0,145.0,-0.035156,0.203125,-9.796875,,,,,,,,,,
acc,1778672726.0,145.0,-0.074219,0.164062,-9.800781,,,,,,,,,,
acc,1778672726.0,145.0,-0.035156,0.164062,-9.839844,,,,,,,,,,
acc,1778672726.0,145.0,-0.035156,0.164062,-9.839844,,,,,,,,,,
acc,1778672726.0,145.0,-0.035156,0.164062,-9.796875,,,,,,,,,,
acc,1778672726.0,145.0,-0.113281,0.203125,-9.796875,,,,,,,,,,
acc,1778672726.0,145.0,-0.074219,0.203125,-9.835938,,,,,,,,,,
acc,1778672726.0,145.0,-0.074219,0.203125,-9.757812,,,,,,,,,,
acc,1778672726.0,145.0,-0.074219,0.203125,-9.757812,,,,,,,,,,
acc,1778672726.0,145.0,-0.074219,0.203125,-9.800781,,,,,,,,,,
acc,1778672726.0,145.0,-0.074219,0.164062,-9.800781,,,,,,,,,,
acc,1778672726.0,145.0,-0.074219,0.164062,-9.800781,,,,,,,,,,
acc,1778672726.0,145.0,-0.074219,0.164062,-9.800781,,,,,,,,,,
acc,1778672726.0,145.0,-0.074219,0.164062,-9.800781,,,,,,,,,,
acc,1778672726.0,145.0,-0.074219,0.203125,-9.800781,,,,,,,,,,
acc,1778672726.0,145.0,-0.113281,0.203125,-9.796875,,,,,,,,,,
acc,1778672726.0,145.0,-0.113281,0.164062,-9.796875,,,,,,,,,,
acc,1778672726.0,145.0,-0.113281,0.203125,-9.796875,,,,,,,,,,
acc,1778672726.0,145.0,-0.074219,0.164062,-9.800781,,,,,,,,,,
acc,1778672726.0,145.0,-0.113281,0.203125,-9.796875,,,,,,,,,,
acc,1778672726.0,145.0,-0.074219,0.203125,-9.835938,,,,,,,,,,
acc,1778672726.0,145.0,-0.074219,0.164062,-9.835938,,,,,,,,,,
acc,1778672726.0,145.0,-0.074219,0.164062,-9.835938,,,,,,,,,,
acc,1778672726.0,145.0,-0.074219,0.203125,-9.800781,,,,,,,,,,
acc,1778672726.0,145.0,-0.074219,0.203125,-9.835938,,,,,,,,,,
acc,1778672726.0,145.0,-0.113281,0.203125,-9.796875,,,,,,,,,,
acc,1778672726.0,145.0,-0.113281,0.203125,-9.796875,,,,,,,,,,
acc,1778672726.0,145.0,-0.113281,0.203125,-9.796875,,,,,,,,,,
acc,1778672726.0,145.0,-0.074219,0.203125,-9.800781,,,,,,,,,,
acc,1778672726.0,145.0,-0.113281,0.203125,-9.839844,,,,,,,,,,
acc,1778672726.0,145.0,-0.113281,0.164062,-9.796875,,,,,,,,,,
acc,1778672726.0,145.0,-0.074219,0.164062,-9.800781,,,,,,,,,,
acc,1778672726.0,145.0,-0.074219,0.164062,-9.835938,,,,,,,,,,
acc,1778672726.0,145.0,-0.074219,0.164062,-9.835938,,,,,,,,,,
acc,1778672726.0,145.0,-0.113281,0.203125,-9.839844,,,,,,,,,,
acc,1778672726.0,145.0,-0.074219,0.203125,-9.800781,,,,,,,,,,
acc,1778672726.0,145.0,-0.074219,0.203125,-9.800781,,,,,,,,,,
acc,1778672726.0,145.0,-0.074219,0.203125,-9.800781,,,,,,,,,,
acc,1778672726.0,145.0,-0.074219,0.203125,-9.835938,,,,,,,,,,
acc,1778672726.0,145.0,-0.035156,0.164062,-9.839844,,,,,,,,,,
acc,1778672726.0,145.0,-0.074219,0.164062,-9.800781,,,,,,,,,,
acc,1778672726.0,145.0,-0.035156,0.164062,-9.796875,,,,,,,,,,
acc,1778672726.0,145.0,-0.074219,0.164062,-9.757812,,,,,,,,,,
acc,1778672726.0,145.0,-0.035156,0.164062,-9.839844,,,,,,,,,,
acc,1778672726.0,145.0,-0.074219,0.164062,-9.800781,,,,,,,,,,
acc,1778672726.0,145.0,-0.074219,0.203125,-9.800781,,,,,,,,,,
acc,1778672726.0,145.0,-0.074219,0.203125,-9.800781,,,,,,,,,,
acc,1778672726.0,145.0,-0.035156,0.164062,-9.761719,,,,,,,,,,
acc,1778672726.0,145.0,-0.074219,0.164062,-9.800781,,,,,,,,,,
acc,1778672726.0,145.0,-0.074219,0.164062,-9.800781,,,,,,,,,,
acc,1778672726.0,145.0,-0.074219,0.203125,-9.835938,,,,,,,,,,
acc,1778672726.0,145.0,-0.074219,0.164062,-9.800781,,,,,,,,,,
acc,1778672726.0,145.0,-0.074219,0.164062,-9.757812,,,,,,,,,,
acc,1778672726.0,145.0,-0.113281,0.203125,-9.796875,,,,,,,,,,
acc,1778672726.0,145.0,-0.113281,0.203125,-9.761719,,,,,,,,,,
acc,1778672726.0,145.0,-0.074219,0.203125,-9.800781,,,,,,,,,,
acc,1778672726.0,145.0,-0.113281,0.164062,-9.796875,,,,,,,,,,
acc,1778672726.0,145.0,-0.074219,0.164062,-9.835938,,,,,,,,,,
acc,1778672726.0,145.0,-0.074219,0.164062,-9.835938,,,,,,,,,,
acc,1778672726.0,145.0,-0.074219,0.164062,-9.800781,,,,,,,,,,
acc,1778672726.0,145.0,-0.074219,0.203125,-9.835938,,,,,,,,,,
acc,1778672726.0,145.0,-0.113281,0.164062,-9.796875,,,,,,,,,,
acc,1778672726.0,145.0,-0.074219,0.203125,-9.835938,,,,,,,,,,
acc,1778672726.0,145.0,-0.113281,0.203125,-9.796875,,,,,,,,,,
acc,1778672726.0,145.0,-0.113281,0.164062,-9.796875,,,,,,,,,,
acc,1778672726.0,145.0,-0.113281,0.164062,-9.796875,,,,,,,,,,
acc,1778672726.0,145.0,-0.074219,0.164062,-9.800781,,,,,,,,,,
acc,1778672726.0,145.0,-0.035156,0.164062,-9.839844,,,,,,,,,,
acc,1778672726.0,145.0,-0.074219,0.203125,-9.835938,,,,,,,,,,
acc,1778672726.0,145.0,-0.074219,0.164062,-9.835938,,,,,,,,,,
acc,1778672726.0,145.0,-0.074219,0.164062,-9.800781,,,,,,,,,,
acc,1778672726.0,145.0,-0.074219,0.164062,-9.800781,,,,,,,,,,
acc,1778672726.0,145.0,-0.074219,0.203125,-9.800781,,,,,,,,,,
acc,1778672726.0,145.0,-0.074219,0.203125,-9.835938,,,,,,,,,,
acc,1778672726.0,145.0,-0.074219,0.203125,-9.800781,,,,,,,,,,
acc,1778672726.0,145.0,-0.074219,0.203125,-9.835938,,,,,,,,,,
acc,1778672726.0,145.0,-0.113281,0.203125,-9.796875,,,,,,,,,,
acc,1778672726.0,145.0,-0.074219,0.164062,-9.800781,,,,,,,,,,
acc,1778672726.0,145.0,-0.074219,0.164062,-9.835938,,,,,,,,,,
acc,1778672726.0,145.0,-0.074219,0.164062,-9.800781,,,,,,,,,,
acc,1778672726.0,145.0,-0.074219,0.203125,-9.800781,,,,,,,,,,
acc,1778672726.0,145.0,-0.074219,0.203125,-9.800781,,,,,,,,,,
acc,1778672726.0,145.0,-0.074219,0.203125,-9.835938,,,,,,,,,,
acc,1778672726.0,145.0,-0.113281,0.203125,-9.839844,,,,,,,,,,
acc,1778672726.0,145.0,-0.113281,0.203125,-9.796875,,,,,,,,,,
acc,1778672726.0,145.0,-0.074219,0.203125,-9.757812,,,,,,,,,,
acc,1778672726.0,145.0,-0.074219,0.203125,-9.800781,,,,,,,,,,
acc,1778672726.0,145.0,-0.074219,0.203125,-9.800781,,,,,,,,,,
acc,1778672726.0,145.0,-0.035156,0.203125,-9.796875,,,,,,,,,,
acc,1778672726.0,145.0,-0.035156,0.203125,-9.796875,,,,,,,,,,
acc,1778672726.0,145.0,-0.074219,0.203125,-9.800781,,,,,,,,,,
acc,1778672726.0,145.0,-0.074219,0.203125,-9.800781,,,,,,,,,,
acc,1778672726.0,145.0,-0.074219,0.164062,-9.757812,,,,,,,,,,
acc,1778672726.0,145.0,-0.074219,0.203125,-9.800781,,,,,,,,,,
acc,1778672726.0,145.0,-0.074219,0.203125,-9.800781,,,,,,,,,,
acc,1778672726.0,145.0,-0.074219,0.164062,-9.757812,,,,,,,,,,
acc,1778672726.0,145.0,-0.035156,0.203125,-9.796875,,,,,,,,,,
acc,1778672726.0,145.0,-0.035156,0.164062,-9.796875,,,,,,,,,,
acc,1778672726.0,145.0,-0.035156,0.164062,-9.761719,,,,,,,,,,
acc,1778672726.0,145.0,-0.035156,0.164062,-9.761719,,,,,,,,,,
acc,1778672726.0,145.0,-0.074219,0.203125,-9.800781,,,,,,,,,,
acc,1778672726.0,145.0,-0.074219,0.164062,-9.835938,,,,,,,,,,
acc,1778672726.0,145.0,-0.113281,0.164062,-9.796875,,,,,,,,,,
acc,1778672727.0,146.0,-0.074219,0.164062,-9.800781,,,,,,,,,,
acc,1778672727.0,146.0,-0.074219,0.164062,-9.800781,,,,,,,,,,
acc,1778672727.0,146.0,-0.074219,0.164062,-9.835938,,,,,,,,,,
acc,1778672727.0,146.0,-0.074219,0.164062,-9.835938,,,,,,,,,,
acc,1778672727.0,146.0,-0.074219,0.164062,-9.800781,,,,,,,,,,
acc,1778672727.0,146.0,-0.074219,0.164062,-9.800781,,,,,,,,,,
acc,1778672727.0,146.0,-0.074219,0.164062,-9.800781,,,,,,,,,,
acc,1778672727.0,146.0,-0.074219,0.164062,-9.800781,,,,,,,,,,
acc,1778672727.0,146.0,-0.074219,0.164062,-9.800781,,,,,,,,,,
acc,1778672727.0,146.0,-0.074219,0.164062,-9.835938,,,,,,,,,,
acc,1778672727.0,146.0,-0.113281,0.203125,-9.796875,,,,,,,,,,
acc,1778672727.0,146.0,-0.113281,0.164062,-9.796875,,,,,,,,,,
acc,1778672727.0,146.0,-0.074219,0.164062,-9.835938,,,,,,,,,,
acc,1778672727.0,146.0,-0.113281,0.164062,-9.796875,,,,,,,,,,
acc,1778672727.0,146.0,-0.074219,0.128906,-9.839844,,,,,,,,,,
acc,1778672727.0,146.0,-0.074219,0.128906,-9.839844,,,,,,,,,,
acc,1778672727.0,146.0,-0.113281,0.164062,-9.796875,,,,,,,,,,
acc,1778672727.0,146.0,-0.113281,0.203125,-9.796875,,,,,,,,,,
acc,1778672727.0,146.0,-0.113281,0.203125,-9.839844,,,,,,,,,,
acc,1778672727.0,146.0,-0.113281,0.203125,-9.839844,,,,,,,,,,
acc,1778672727.0,146.0,-0.113281,0.203125,-9.839844,,,,,,,,,,
acc,1778672727.0,146.0,-0.113281,0.203125,-9.796875,,,,,,,,,,
acc,1778672727.0,146.0,-0.074219,0.164062,-9.800781,,,,,,,,,,
acc,1778672727.0,146.0,-0.074219,0.164062,-9.800781,,,,,,,,,,
acc,1778672727.0,146.0,-0.074219,0.164062,-9.800781,,,,,,,,,,
acc,1778672727.0,146.0,-0.074219,0.203125,-9.800781,,,,,,,,,,
acc,1778672727.0,146.0,-0.074219,0.203125,-9.835938,,,,,,,,,,
acc,1778672727.0,146.0,-0.113281,0.203125,-9.796875,,,,,,,,,,
acc,1778672727.0,146.0,-0.074219,0.203125,-9.800781,,,,,,,,,,
acc,1778672727.0,146.0,-0.113281,0.242188,-9.796875,,,,,,,,,,
acc,1778672727.0,146.0,-0.113281,0.242188,-9.796875,,,,,,,,,,
acc,1778672727.0,146.0,-0.074219,0.203125,-9.800781,,,,,,,,,,
acc,1778672727.0,146.0,-0.074219,0.203125,-9.800781,,,,,,,,,,
acc,1778672727.0,146.0,-0.074219,0.164062,-9.835938,,,,,,,,,,
acc,1778672727.0,146.0,-0.035156,0.203125,-9.796875,,,,,,,,,,
acc,1778672727.0,146.0,-0.074219,0.164062,-9.800781,,,,,,,,,,
acc,1778672727.0,146.0,-0.035156,0.164062,-9.796875,,,,,,,,,,
acc,1778672727.0,146.0,-0.074219,0.164062,-9.835938,,,,,,,,,,
acc,1778672727.0,146.0,-0.074219,0.203125,-9.800781,,,,,,,,,,
acc,1778672727.0,146.0,-0.074219,0.203125,-9.800781,,,,,,,,,,
acc,1778672727.0,146.0,-0.074219,0.203125,-9.800781,,,,,,,,,,
acc,1778672727.0,146.0,-0.074219,0.164062,-9.800781,,,,,,,,,,
acc,1778672727.0,146.0,-0.074219,0.164062,-9.800781,,,,,,,,,,
acc,1778672727.0,146.0,-0.074219,0.164062,-9.875,,,,,,,,,,
acc,1778672727.0,146.0,-0.074219,0.164062,-9.835938,,,,,,,,,,
acc,1778672727.0,146.0,-0.074219,0.164062,-9.800781,,,,,,,,,,
acc,1778672727.0,146.0,-0.074219,0.203125,-9.800781,,,,,,,,,,
acc,1778672727.0,146.0,-0.074219,0.242188,-9.800781,,,,,,,,,,
acc,1778672727.0,146.0,-0.074219,0.242188,-9.800781,,,,,,,,,,
acc,1778672727.0,146.0,-0.113281,0.203125,-9.796875,,,,,,,,,,
acc,1778672727.0,146.0,-0.074219,0.203125,-9.800781,,,,,,,,,,
acc,1778672727.0,146.0,-0.074219,0.203125,-9.800781,,,,,,,,,,
acc,1778672727.0,146.0,-0.074219,0.203125,-9.800781,,,,,,,,,,
acc,1778672727.0,146.0,-0.074219,0.164062,-9.800781,,,,,,,,,,
acc,1778672727.0,146.0,-0.074219,0.203125,-9.800781,,,,,,,,,,
acc,1778672727.0,146.0,-0.074219,0.203125,-9.835938,,,,,,,,,,
acc,1778672727.0,146.0,-0.074219,0.203125,-9.835938,,,,,,,,,,
acc,1778672727.0,146.0,-0.074219,0.203125,-9.835938,,,,,,,,,,
acc,1778672727.0,146.0,-0.074219,0.203125,-9.800781,,,,,,,,,,
acc,1778672727.0,146.0,-0.074219,0.164062,-9.800781,,,,,,,,,,
acc,1778672727.0,146.0,-0.074219,0.164062,-9.800781,,,,,,,,,,
acc,1778672727.0,146.0,-0.035156,0.164062,-9.796875,,,,,,,,,,
acc,1778672727.0,146.0,-0.035156,0.164062,-9.839844,,,,,,,,,,
acc,1778672727.0,146.0,-0.035156,0.164062,-9.839844,,,,,,,,,,
acc,1778672727.0,146.0,-0.074219,0.164062,-9.800781,,,,,,,,,,
acc,1778672727.0,146.0,-0.074219,0.164062,-9.800781,,,,,,,,,,
acc,1778672727.0,146.0,-0.074219,0.164062,-9.800781,,,,,,,,,,
acc,1778672727.0,146.0,-0.074219,0.203125,-9.800781,,,,,,,,,,
acc,1778672727.0,146.0,-0.074219,0.203125,-9.800781,,,,,,,,,,
acc,1778672727.0,146.0,-0.074219,0.203125,-9.800781,,,,,,,,,,
acc,1778672727.0,146.0,-0.113281,0.164062,-9.796875,,,,,,,,,,
acc,1778672727.0,146.0,-0.074219,0.203125,-9.800781,,,,,,,,,,
acc,1778672727.0,146.0,-0.074219,0.203125,-9.800781,,,,,,,,,,
acc,1778672727.0,146.0,-0.074219,0.164062,-9.835938,,,,,,,,,,
acc,1778672727.0,146.0,-0.074219,0.164062,-9.800781,,,,,,,,,,
acc,1778672727.0,146.0,-0.074219,0.203125,-9.800781,,,,,,,,,,
acc,1778672727.0,146.0,-0.113281,0.203125,-9.839844,,,,,,,,,,
acc,1778672727.0,146.0,-0.113281,0.203125,-9.796875,,,,,,,,,,
acc,1778672727.0,146.0,-0.074219,0.164062,-9.800781,,,,,,,,,,
acc,1778672727.0,146.0,-0.113281,0.164062,-9.796875,,,,,,,,,,
acc,1778672727.0,146.0,-0.074219,0.128906,-9.796875,,,,,,,,,,
acc,1778672727.0,146.0,-0.074219,0.128906,-9.839844,,,,,,,,,,
acc,1778672727.0,146.0,-0.074219,0.164062,-9.800781,,,,,,,,,,
acc,1778672727.0,146.0,-0.074219,0.164062,-9.800781,,,,,,,,,,
acc,1778672727.0,146.0,-0.113281,0.164062,-9.839844,,,,,,,,,,
acc,1778672727.0,146.0,-0.074219,0.203125,-9.800781,,,,,,,,,,
acc,1778672727.0,146.0,-0.113281,0.164062,-9.839844,,,,,,,,,,
acc,1778672727.0,146.0,-0.074219,0.164062,-9.800781,,,,,,,,,,
acc,1778672727.0,146.0,-0.074219,0.203125,-9.835938,,,,,,,,,,
acc,1778672727.0,146.0,-0.035156,0.164062,-9.796875,,,,,,,,,,
acc,1778672727.0,146.0,-0.035156,0.164062,-9.796875,,,,,,,,,,
acc,1778672727.0,146.0,-0.074219,0.164062,-9.835938,,,,,,,,,,
acc,1778672727.0,146.0,-0.074219,0.164062,-9.800781,,,,,,,,,,
acc,1778672727.0,146.0,-0.035156,0.164062,-9.796875,,,,,,,,,,
acc,1778672727.0,146.0,-0.074219,0.164062,-9.800781,,,,,,,,,,
acc,1778672727.0,146.0,-0.113281,0.203125,-9.796875,,,,,,,,,,
acc,1778672727.0,146.0,-0.074219,0.203125,-9.800781,,,,,,,,,,
acc,1778672727.0,146.0,-0.113281,0.203125,-9.796875,,,,,,,,,,
acc,1778672727.0,146.0,-0.074219,0.203125,-9.800781,,,,,,,,,,
acc,1778672727.0,146.0,-0.074219,0.164062,-9.835938,,,,,,,,,,
acc,1778672727.0,146.0,-0.074219,0.203125,-9.800781,,,,,,,,,,
acc,1778672727.0,146.0,-0.074219,0.203125,-9.835938,,,,,,,,,,
acc,1778672727.0,146.0,-0.074219,0.164062,-9.800781,,,,,,,,,,
acc,1778672727.0,146.0,-0.074219,0.203125,-9.800781,,,,,,,,,,
acc,1778672727.0,146.0,-0.074219,0.242188,-9.800781,,,,,,,,,,
acc,1778672727.0,146.0,-0.074219,0.203125,-9.800781,,,,,,,,,,
acc,1778672727.0,146.0,-0.074219,0.203125,-9.800781,,,,,,,,,,
acc,1778672727.0,146.0,-0.074219,0.203125,-9.800781,,,,,,,,,,
acc,1778672727.0,146.0,-0.074219,0.203125,-9.800781,,,,,,,,,,
acc,1778672727.0,146.0,-0.074219,0.203125,-9.800781,,,,,,,,,,
acc,1778672727.0,146.0,-0.074219,0.203125,-9.835938,,,,,,,,,,
acc,1778672727.0,146.0,-0.035156,0.203125,-9.796875,,,,,,,,,,
acc,1778672727.0,146.0,-0.074219,0.203125,-9.800781,,,,,,,,,,
acc,1778672727.0,146.0,-0.035156,0.203125,-9.796875,,,,,,,,,,
acc,1778672727.0,146.0,-0.074219,0.242188,-9.800781,,,,,,,,,,
acc,1778672727.0,146.0,-0.074219,0.242188,-9.757812,,,,,,,,,,
acc,1778672727.0,146.0,-0.113281,0.203125,-9.796875,,,,,,,,,,
acc,1778672727.0,146.0,-0.074219,0.203125,-9.800781,,,,,,,,,,
acc,1778672727.0,146.0,-0.074219,0.203125,-9.800781,,,,,,,,,,
acc,1778672727.0,146.0,-0.074219,0.203125,-9.835938,,,,,,,,,,
acc,1778672727.0,146.0,-0.074219,0.164062,-9.835938,,,,,,,,,,
acc,1778672727.0,146.0,-0.074219,0.164062,-9.835938,,,,,,,,,,
acc,1778672727.0,146.0,-0.074219,0.203125,-9.800781,,,,,,,,,,
acc,1778672727.0,146.0,-0.074219,0.203125,-9.800781,,,,,,,,,,
acc,1778672727.0,146.0,-0.113281,0.164062,-9.761719,,,,,,,,,,
acc,1778672727.0,146.0,-0.113281,0.164062,-9.796875,,,,,,,,,,
acc,1778672727.0,146.0,-0.113281,0.203125,-9.796875,,,,,,,,,,
acc,1778672727.0,146.0,-0.113281,0.203125,-9.839844,,,,,,,,,,
acc,1778672728.0,147.0,-0.113281,0.164062,-9.839844,,,,,,,,,,
acc,1778672728.0,147.0,-0.074219,0.164062,-9.800781,,,,,,,,,,
acc,1778672728.0,147.0,-0.074219,0.128906,-9.839844,,,,,,,,,,
acc,1778672728.0,147.0,-0.074219,0.128906,-9.796875,,,,,,,,,,
acc,1778672728.0,147.0,-0.074219,0.128906,-9.839844,,,,,,,,,,
acc,1778672728.0,147.0,-0.074219,0.128906,-9.796875,,,,,,,,,,
acc,1778672728.0,147.0,-0.113281,0.164062,-9.796875,,,,,,,,,,
acc,1778672728.0,147.0,-0.074219,0.128906,-9.796875,,,,,,,,,,
acc,1778672728.0,147.0,-0.113281,0.164062,-9.796875,,,,,,,,,,
acc,1778672728.0,147.0,-0.074219,0.128906,-9.839844,,,,,,,,,,
acc,1778672728.0,147.0,-0.074219,0.164062,-9.835938,,,,,,,,,,
acc,1778672728.0,147.0,-0.074219,0.164062,-9.800781,,,,,,,,,,
acc,1778672728.0,147.0,-0.035156,0.164062,-9.796875,,,,,,,,,,
acc,1778672728.0,147.0,-0.074219,0.164062,-9.800781,,,,,,,,,,
acc,1778672728.0,147.0,-0.074219,0.164062,-9.800781,,,,,,,,,,
acc,1778672728.0,147.0,-0.074219,0.203125,-9.800781,,,,,,,,,,
acc,1778672728.0,147.0,-0.074219,0.203125,-9.800781,,,,,,,,,,
acc,1778672728.0,147.0,-0.035156,0.203125,-9.796875,,,,,,,,,,
acc,1778672728.0,147.0,-0.113281,0.203125,-9.796875,,,,,,,,,,
acc,1778672728.0,147.0,-0.074219,0.203125,-9.800781,,,,,,,,,,
acc,1778672728.0,147.0,-0.035156,0.164062,-9.796875,,,,,,,,,,
acc,1778672728.0,147.0,-0.074219,0.203125,-9.800781,,,,,,,,,,
acc,1778672728.0,147.0,-0.035156,0.203125,-9.796875,,,,,,,,,,
acc,1778672728.0,147.0,-0.035156,0.203125,-9.796875,,,,,,,,,,
acc,1778672728.0,147.0,-0.074219,0.242188,-9.800781,,,,,,,,,,
acc,1778672728.0,147.0,-0.035156,0.203125,-9.796875,,,,,,,,,,
acc,1778672728.0,147.0,-0.074219,0.203125,-9.800781,,,,,,,,,,
acc,1778672728.0,147.0,-0.074219,0.164062,-9.800781,,,,,,,,,,
acc,1778672728.0,147.0,-0.074219,0.164062,-9.757812,,,,,,,,,,
acc,1778672728.0,147.0,-0.074219,0.164062,-9.800781,,,,,,,,,,
acc,1778672728.0,147.0,-0.074219,0.164062,-9.800781,,,,,,,,,,
acc,1778672728.0,147.0,-0.074219,0.164062,-9.800781,,,,,,,,,,
acc,1778672728.0,147.0,-0.035156,0.164062,-9.796875,,,,,,,,,,
acc,1778672728.0,147.0,-0.074219,0.203125,-9.800781,,,,,,,,,,
acc,1778672728.0,147.0,-0.113281,0.203125,-9.796875,,,,,,,,,,
acc,1778672728.0,147.0,-0.113281,0.203125,-9.761719,,,,,,,,,,
acc,1778672728.0,147.0,-0.113281,0.203125,-9.796875,,,,,,,,,,
acc,1778672728.0,147.0,-0.113281,0.203125,-9.796875,,,,,,,,,,
acc,1778672728.0,147.0,-0.074219,0.203125,-9.800781,,,,,,,,,,
acc,1778672728.0,147.0,-0.074219,0.203125,-9.835938,,,,,,,,,,
acc,1778672728.0,147.0,-0.074219,0.164062,-9.835938,,,,,,,,,,
acc,1778672728.0,147.0,-0.074219,0.164062,-9.800781,,,,,,,,,,
acc,1778672728.0,147.0,-0.113281,0.164062,-9.839844,,,,,,,,,,
acc,1778672728.0,147.0,-0.074219,0.203125,-9.800781,,,,,,,,,,
acc,1778672728.0,147.0,-0.113281,0.203125,-9.796875,,,,,,,,,,
acc,1778672728.0,147.0,-0.074219,0.203125,-9.835938,,,,,,,,,,
acc,1778672728.0,147.0,-0.113281,0.203125,-9.796875,,,,,,,,,,
acc,1778672728.0,147.0,-0.074219,0.164062,-9.835938,,,,,,,,,,
acc,1778672728.0,147.0,-0.113281,0.164062,-9.796875,,,,,,,,,,
acc,1778672728.0,147.0,-0.074219,0.164062,-9.800781,,,,,,,,,,
acc,1778672728.0,147.0,-0.074219,0.164062,-9.835938,,,,,,,,,,
acc,1778672728.0,147.0,-0.074219,0.164062,-9.800781,,,,,,,,,,
acc,1778672728.0,147.0,-0.074219,0.203125,-9.800781,,,,,,,,,,
acc,1778672728.0,147.0,-0.113281,0.164062,-9.796875,,,,,,,,,,
acc,1778672728.0,147.0,-0.074219,0.203125,-9.800781,,,,,,,,,,
acc,1778672728.0,147.0,-0.113281,0.203125,-9.796875,,,,,,,,,,
acc,1778672728.0,147.0,-0.074219,0.164062,-9.835938,,,,,,,,,,
acc,1778672728.0,147.0,-0.074219,0.164062,-9.800781,,,,,,,,,,
acc,1778672728.0,147.0,-0.074219,0.164062,-9.800781,,,,,,,,,,
acc,1778672728.0,147.0,-0.074219,0.164062,-9.800781,,,,,,,,,,
acc,1778672728.0,147.0,-0.074219,0.164062,-9.800781,,,,,,,,,,
acc,1778672728.0,147.0,-0.074219,0.164062,-9.800781,,,,,,,,,,
acc,1778672728.0,147.0,-0.074219,0.203125,-9.835938,,,,,,,,,,
acc,1778672728.0,147.0,-0.074219,0.203125,-9.800781,,,,,,,,,,
acc,1778672728.0,147.0,-0.113281,0.203125,-9.796875,,,,,,,,,,
acc,1778672728.0,147.0,-0.074219,0.203125,-9.800781,,,,,,,,,,
acc,1778672728.0,147.0,-0.074219,0.164062,-9.800781,,,,,,,,,,
acc,1778672728.0,147.0,-0.074219,0.164062,-9.800781,,,,,,,,,,
acc,1778672728.0,147.0,-0.074219,0.164062,-9.800781,,,,,,,,,,
acc,1778672728.0,147.0,-0.074219,0.164062,-9.800781,,,,,,,,,,
acc,1778672728.0,147.0,-0.074219,0.164062,-9.800781,,,,,,,,,,
acc,1778672728.0,147.0,-0.035156,0.164062,-9.796875,,,,,,,,,,
acc,1778672728.0,147.0,-0.074219,0.164062,-9.800781,,,,,,,,,,
acc,1778672728.0,147.0,-0.074219,0.203125,-9.757812,,,,,,,,,,
acc,1778672728.0,147.0,-0.074219,0.203125,-9.800781,,,,,,,,,,
acc,1778672728.0,147.0,-0.074219,0.203125,-9.800781,,,,,,,,,,
acc,1778672728.0,147.0,-0.074219,0.203125,-9.835938,,,,,,,,,,
acc,1778672728.0,147.0,-0.074219,0.164062,-9.800781,,,,,,,,,,
acc,1778672728.0,147.0,-0.035156,0.164062,-9.796875,,,,,,,,,,
acc,1778672728.0,147.0,-0.035156,0.164062,-9.796875,,,,,,,,,,
acc,1778672728.0,147.0,-0.074219,0.164062,-9.800781,,,,,,,,,,
acc,1778672728.0,147.0,-0.074219,0.203125,-9.835938,,,,,,,,,,
acc,1778672728.0,147.0,-0.074219,0.203125,-9.835938,,,,,,,,,,
acc,1778672728.0,147.0,-0.113281,0.203125,-9.796875,,,,,,,,,,
acc,1778672728.0,147.0,-0.113281,0.203125,-9.796875,,,,,,,,,,
acc,1778672728.0,147.0,-0.113281,0.203125,-9.796875,,,,,,,,,,
acc,1778672728.0,147.0,-0.074219,0.164062,-9.800781,,,,,,,,,,
acc,1778672728.0,147.0,-0.113281,0.203125,-9.796875,,,,,,,,,,
acc,1778672728.0,147.0,-0.074219,0.164062,-9.835938,,,,,,,,,,
acc,1778672728.0,147.0,-0.074219,0.203125,-9.800781,,,,,,,,,,
acc,1778672728.0,147.0,-0.074219,0.203125,-9.800781,,,,,,,,,,
acc,1778672728.0,147.0,-0.074219,0.203125,-9.800781,,,,,,,,,,
acc,1778672728.0,147.0,-0.074219,0.203125,-9.800781,,,,,,,,,,
acc,1778672728.0,147.0,-0.113281,0.203125,-9.796875,,,,,,,,,,
acc,1778672728.0,147.0,-0.113281,0.242188,-9.796875,,,,,,,,,,
acc,1778672728.0,147.0,-0.074219,0.203125,-9.800781,,,,,,,,,,
acc,1778672728.0,147.0,-0.074219,0.164062,-9.800781,,,,,,,,,,
acc,1778672728.0,147.0,-0.035156,0.164062,-9.796875,,,,,,,,,,
acc,1778672728.0,147.0,-0.074219,0.203125,-9.800781,,,,,,,,,,
acc,1778672728.0,147.0,-0.074219,0.164062,-9.835938,,,,,,,,,,
acc,1778672728.0,147.0,-0.074219,0.203125,-9.835938,,,,,,,,,,
acc,1778672728.0,147.0,-0.074219,0.203125,-9.835938,,,,,,,,,,
acc,1778672728.0,147.0,-0.074219,0.164062,-9.800781,,,,,,,,,,
acc,1778672728.0,147.0,-0.074219,0.164062,-9.800781,,,,,,,,,,
acc,1778672728.0,147.0,-0.074219,0.164062,-9.835938,,,,,,,,,,
acc,1778672728.0,147.0,-0.074219,0.203125,-9.800781,,,,,,,,,,
acc,1778672728.0,147.0,-0.035156,0.164062,-9.839844,,,,,,,,,,
acc,1778672728.0,147.0,-0.035156,0.164062,-9.839844,,,,,,,,,,
acc,1778672728.0,147.0,-0.035156,0.164062,-9.839844,,,,,,,,,,
acc,1778672728.0,147.0,-0.074219,0.164062,-9.800781,,,,,,,,,,
acc,1778672728.0,147.0,-0.035156,0.164062,-9.796875,,,,,,,,,,
acc,1778672728.0,147.0,-0.074219,0.164062,-9.800781,,,,,,,,,,
acc,1778672728.0,147.0,-0.074219,0.203125,-9.800781,,,,,,,,,,
acc,1778672728.0,147.0,-0.074219,0.203125,-9.835938,,,,,,,,,,
acc,1778672728.0,147.0,-0.035156,0.203125,-9.796875,,,,,,,,,,
acc,1778672728.0,147.0,-0.074219,0.164062,-9.800781,,,,,,,,,,
acc,1778672728.0,147.0,-0.035156,0.164062,-9.796875,,,,,,,,,,
acc,1778672728.0,147.0,-0.074219,0.164062,-9.800781,,,,,,,,,,
acc,1778672728.0,147.0,-0.035156,0.164062,-9.796875,,,,,,,,,,
acc,1778672728.0,147.0,-0.035156,0.164062,-9.796875,,,,,,,,,,
acc,1778672728.0,147.0,-0.074219,0.203125,-9.800781,,,,,,,,,,
acc,1778672728.0,147.0,-0.074219,0.203125,-9.800781,,,,,,,,,,
acc,1778672728.0,147.0,-0.074219,0.203125,-9.800781,,,,,,,,,,
acc,1778672728.0,147.0,-0.074219,0.164062,-9.800781,,,,,,,,,,
acc,1778672728.0,147.0,-0.074219,0.203125,-9.757812,,,,,,,,,,
acc,1778672728.0,147.0,-0.074219,0.164062,-9.800781,,,,,,,,,,
acc,1778672728.0,147.0,-0.035156,0.164062,-9.796875,,,,,,,,,,
acc,1778672728.0,147.0,-0.074219,0.164062,-9.800781,,,,,,,,,,
acc,1778672728.0,147.0,-0.074219,0.128906,-9.839844,,,,,,,,,,
acc,1778672729.0,148.0,-0.074219,0.164062,-9.800781,,,,,,,,,,
acc,1778672729.0,148.0,-0.074219,0.203125,-9.800781,,,,,,,,,,
acc,1778672729.0,148.0,-0.074219,0.203125,-9.800781,,,,,,,,,,
acc,1778672729.0,148.0,-0.113281,0.164062,-9.796875,,,,,,,,,,
acc,1778672729.0,148.0,-0.074219,0.203125,-9.800781,,,,,,,,,,
acc,1778672729.0,148.0,-0.074219,0.203125,-9.800781,,,,,,,,,,
acc,1778672729.0,148.0,-0.074219,0.164062,-9.835938,,,,,,,,,,
acc,1778672729.0,148.0,-0.074219,0.164062,-9.800781,,,,,,,,,,
acc,1778672729.0,148.0,-0.074219,0.164062,-9.800781,,,,,,,,,,
acc,1778672729.0,148.0,-0.074219,0.203125,-9.800781,,,,,,,,,,
acc,1778672729.0,148.0,-0.074219,0.203125,-9.800781,,,,,,,,,,
acc,1778672729.0,148.0,-0.113281,0.203125,-9.839844,,,,,,,,,,
acc,1778672729.0,148.0,-0.074219,0.203125,-9.800781,,,,,,,,,,
acc,1778672729.0,148.0,-0.074219,0.242188,-9.757812,,,,,,,,,,
acc,1778672729.0,148.0,-0.074219,0.203125,-9.800781,,,,,,,,,,
acc,1778672729.0,148.0,-0.113281,0.203125,-9.796875,,,,,,,,,,
acc,1778672729.0,148.0,-0.074219,0.203125,-9.835938,,,,,,,,,,
acc,1778672729.0,148.0,-0.074219,0.164062,-9.800781,,,,,,,,,,
acc,1778672729.0,148.0,-0.074219,0.164062,-9.835938,,,,,,,,,,
acc,1778672729.0,148.0,-0.074219,0.164062,-9.800781,,,,,,,,,,
acc,1778672729.0,148.0,-0.074219,0.203125,-9.800781,,,,,,,,,,
acc,1778672729.0,148.0,-0.074219,0.203125,-9.800781,,,,,,,,,,
acc,1778672729.0,148.0,-0.074219,0.203125,-9.800781,,,,,,,,,,
acc,1778672729.0,148.0,-0.113281,0.242188,-9.796875,,,,,,,,,,
acc,1778672729.0,148.0,-0.074219,0.203125,-9.800781,,,,,,,,,,
acc,1778672729.0,148.0,-0.074219,0.203125,-9.757812,,,,,,,,,,
acc,1778672729.0,148.0,-0.074219,0.203125,-9.800781,,,,,,,,,,
acc,1778672729.0,148.0,-0.074219,0.164062,-9.835938,,,,,,,,,,
acc,1778672729.0,148.0,-0.035156,0.164062,-9.796875,,,,,,,,,,
acc,1778672729.0,148.0,-0.074219,0.164062,-9.835938,,,,,,,,,,
acc,1778672729.0,148.0,-0.074219,0.164062,-9.835938,,,,,,,,,,
acc,1778672729.0,148.0,-0.074219,0.203125,-9.800781,,,,,,,,,,
acc,1778672729.0,148.0,-0.074219,0.203125,-9.757812,,,,,,,,,,
acc,1778672729.0,148.0,-0.074219,0.203125,-9.800781,,,,,,,,,,
acc,1778672729.0,148.0,-0.035156,0.164062,-9.796875,,,,,,,,,,
acc,1778672729.0,148.0,-0.074219,0.164062,-9.757812,,,,,,,,,,
acc,1778672729.0,148.0,-0.035156,0.164062,-9.796875,,,,,,,,,,
acc,1778672729.0,148.0,-0.074219,0.164062,-9.800781,,,,,,,,,,
acc,1778672729.0,148.0,-0.035156,0.164062,-9.839844,,,,,,,,,,
acc,1778672729.0,148.0,-0.035156,0.164062,-9.796875,,,,,,,,,,
acc,1778672729.0,148.0,-0.074219,0.164062,-9.800781,,,,,,,,,,
acc,1778672729.0,148.0,-0.074219,0.164062,-9.835938,,,,,,,,,,
acc,1778672729.0,148.0,-0.074219,0.203125,-9.835938,,,,,,,,,,
acc,1778672729.0,148.0,-0.113281,0.164062,-9.796875,,,,,,,,,,
acc,1778672729.0,148.0,-0.074219,0.203125,-9.800781,,,,,,,,,,
acc,1778672729.0,148.0,-0.074219,0.164062,-9.800781,,,,,,,,,,
acc,1778672729.0,148.0,-0.074219,0.164062,-9.835938,,,,,,,,,,
acc,1778672729.0,148.0,-0.035156,0.164062,-9.796875,,,,,,,,,,
acc,1778672729.0,148.0,-0.035156,0.164062,-9.878906,,,,,,,,,,
acc,1778672729.0,148.0,-0.074219,0.164062,-9.835938,,,,,,,,,,
acc,1778672729.0,148.0,-0.074219,0.203125,-9.835938,,,,,,,,,,
acc,1778672729.0,148.0,-0.074219,0.203125,-9.800781,,,,,,,,,,
acc,1778672729.0,148.0,-0.113281,0.203125,-9.796875,,,,,,,,,,
acc,1778672729.0,148.0,-0.074219,0.203125,-9.800781,,,,,,,,,,
acc,1778672729.0,148.0,-0.074219,0.164062,-9.835938,,,,,,,,,,
acc,1778672729.0,148.0,-0.074219,0.203125,-9.835938,,,,,,,,,,
acc,1778672729.0,148.0,-0.074219,0.164062,-9.835938,,,,,,,,,,
acc,1778672729.0,148.0,-0.035156,0.164062,-9.796875,,,,,,,,,,
acc,1778672729.0,148.0,-0.035156,0.164062,-9.796875,,,,,,,,,,
acc,1778672729.0,148.0,-0.074219,0.203125,-9.800781,,,,,,,,,,
acc,1778672729.0,148.0,-0.074219,0.203125,-9.757812,,,,,,,,,,
acc,1778672729.0,148.0,-0.113281,0.203125,-9.796875,,,,,,,,,,
acc,1778672729.0,148.0,-0.113281,0.203125,-9.796875,,,,,,,,,,
acc,1778672729.0,148.0,-0.074219,0.203125,-9.800781,,,,,,,,,,
acc,1778672729.0,148.0,-0.074219,0.164062,-9.800781,,,,,,,,,,
acc,1778672729.0,148.0,-0.074219,0.203125,-9.800781,,,,,,,,,,
acc,1778672729.0,148.0,-0.074219,0.203125,-9.800781,,,,,,,,,,
acc,1778672729.0,148.0,-0.035156,0.203125,-9.796875,,,,,,,,,,
acc,1778672729.0,148.0,-0.074219,0.203125,-9.835938,,,,,,,,,,
acc,1778672729.0,148.0,-0.074219,0.203125,-9.800781,,,,,,,,,,
acc,1778672729.0,148.0,-0.074219,0.203125,-9.800781,,,,,,,,,,
acc,1778672729.0,148.0,-0.113281,0.203125,-9.796875,,,,,,,,,,
acc,1778672729.0,148.0,-0.113281,0.203125,-9.796875,,,,,,,,,,
acc,1778672729.0,148.0,-0.113281,0.164062,-9.796875,,,,,,,,,,
acc,1778672729.0,148.0,-0.074219,0.203125,-9.800781,,,,,,,,,,
acc,1778672729.0,148.0,-0.074219,0.203125,-9.835938,,,,,,,,,,
acc,1778672729.0,148.0,-0.074219,0.164062,-9.800781,,,,,,,,,,
acc,1778672729.0,148.0,-0.074219,0.164062,-9.835938,,,,,,,,,,
acc,1778672729.0,148.0,-0.074219,0.164062,-9.800781,,,,,,,,,,
acc,1778672729.0,148.0,-0.074219,0.203125,-9.800781,,,,,,,,,,
acc,1778672729.0,148.0,-0.113281,0.203125,-9.796875,,,,,,,,,,
acc,1778672729.0,148.0,-0.113281,0.203125,-9.839844,,,,,,,,,,
acc,1778672729.0,148.0,-0.074219,0.203125,-9.800781,,,,,,,,,,
acc,1778672729.0,148.0,-0.074219,0.203125,-9.800781,,,,,,,,,,
acc,1778672729.0,148.0,-0.074219,0.164062,-9.800781,,,,,,,,,,
acc,1778672729.0,148.0,-0.074219,0.164062,-9.800781,,,,,,,,,,
acc,1778672729.0,148.0,-0.074219,0.164062,-9.835938,,,,,,,,,,
acc,1778672729.0,148.0,-0.035156,0.203125,-9.796875,,,,,,,,,,
acc,1778672729.0,148.0,-0.074219,0.164062,-9.835938,,,,,,,,,,
acc,1778672729.0,148.0,-0.074219,0.164062,-9.835938,,,,,,,,,,
acc,1778672729.0,148.0,-0.113281,0.203125,-9.796875,,,,,,,,,,
acc,1778672729.0,148.0,-0.074219,0.203125,-9.800781,,,,,,,,,,
acc,1778672729.0,148.0,-0.035156,0.164062,-9.796875,,,,,,,,,,
acc,1778672729.0,148.0,-0.074219,0.164062,-9.800781,,,,,,,,,,
acc,1778672729.0,148.0,-0.074219,0.203125,-9.835938,,,,,,,,,,
acc,1778672729.0,148.0,-0.074219,0.164062,-9.800781,,,,,,,,,,
acc,1778672729.0,148.0,-0.035156,0.164062,-9.796875,,,,,,,,,,
acc,1778672729.0,148.0,-0.074219,0.164062,-9.800781,,,,,,,,,,
acc,1778672729.0,148.0,-0.074219,0.203125,-9.800781,,,,,,,,,,
acc,1778672729.0,148.0,-0.074219,0.203125,-9.800781,,,,,,,,,,
acc,1778672729.0,148.0,-0.074219,0.203125,-9.800781,,,,,,,,,,
acc,1778672729.0,148.0,-0.074219,0.203125,-9.800781,,,,,,,,,,
acc,1778672729.0,148.0,-0.074219,0.164062,-9.800781,,,,,,,,,,
acc,1778672729.0,148.0,-0.074219,0.203125,-9.800781,,,,,,,,,,
acc,1778672729.0,148.0,-0.035156,0.164062,-9.796875,,,,,,,,,,
acc,1778672729.0,148.0,-0.074219,0.164062,-9.800781,,,,,,,,,,
acc,1778672729.0,148.0,-0.074219,0.164062,-9.835938,,,,,,,,,,
acc,1778672729.0,148.0,-0.074219,0.164062,-9.835938,,,,,,,,,,
acc,1778672729.0,148.0,-0.113281,0.203125,-9.796875,,,,,,,,,,
acc,1778672729.0,148.0,-0.074219,0.203125,-9.800781,,,,,,,,,,
acc,1778672729.0,148.0,-0.074219,0.203125,-9.800781,,,,,,,,,,
acc,1778672729.0,148.0,-0.074219,0.203125,-9.800781,,,,,,,,,,
acc,1778672729.0,148.0,-0.113281,0.203125,-9.761719,,,,,,,,,,
acc,1778672729.0,148.0,-0.035156,0.164062,-9.839844,,,,,,,,,,
acc,1778672729.0,148.0,-0.074219,0.203125,-9.835938,,,,,,,,,,
acc,1778672729.0,148.0,-0.074219,0.203125,-9.800781,,,,,,,,,,
acc,1778672729.0,148.0,-0.074219,0.203125,-9.800781,,,,,,,,,,
acc,1778672729.0,148.0,-0.074219,0.203125,-9.800781,,,,,,,,,,
acc,1778672729.0,148.0,-0.113281,0.203125,-9.796875,,,,,,,,,,
acc,1778672729.0,148.0,-0.074219,0.203125,-9.800781,,,,,,,,,,
acc,1778672729.0,148.0,-0.074219,0.203125,-9.835938,,,,,,,,,,
acc,1778672729.0,148.0,-0.074219,0.203125,-9.800781,,,,,,,,,,
acc,1778672729.0,148.0,-0.074219,0.203125,-9.800781,,,,,,,,,,
acc,1778672729.0,148.0,-0.074219,0.203125,-9.757812,,,,,,,,,,
acc,1778672729.0,148.0,-0.074219,0.164062,-9.800781,,,,,,,,,,
acc,1778672729.0,148.0,-0.035156,0.164062,-9.796875,,,,,,,,,,
acc,1778672729.0,148.0,-0.074219,0.203125,-9.800781,,,,,,,,,,
acc,1778672729.0,148.0,-0.074219,0.203125,-9.835938,,,,,,,,,,
acc,1778672729.0,148.0,-0.074219,0.164062,-9.800781,,,,,,,,,,
gyro,1778672674.0,93.0,,,,0.0,-0.001953,0.0,,,,,,,
gyro,1778672674.0,93.0,,,,-0.001953,-0.001953,0.0,,,,,,,
gyro,1778672674.0,93.0,,,,-0.001953,0.001953,-0.001953,,,,,,,
gyro,1778672674.0,93.0,,,,-0.001953,-0.001953,-0.003906,,,,,,,
gyro,1778672674.0,93.0,,,,0.003906,0.0,0.0,,,,,,,
gyro,1778672674.0,93.0,,,,0.001953,0.0,0.0,,,,,,,
gyro,1778672674.0,93.0,,,,-0.001953,0.0,0.001953,,,,,,,
gyro,1778672674.0,93.0,,,,0.005859,-0.001953,0.001953,,,,,,,
gyro,1778672674.0,93.0,,,,0.001953,0.0,0.0,,,,,,,
gyro,1778672674.0,93.0,,,,0.0,0.0,0.001953,,,,,,,
gyro,1778672674.0,93.0,,,,0.0,0.001953,0.0,,,,,,,
gyro,1778672674.0,93.0,,,,0.0,0.0,0.001953,,,,,,,
gyro,1778672674.0,93.0,,,,0.0,0.0,0.0,,,,,,,
gyro,1778672674.0,93.0,,,,0.003906,0.0,0.001953,,,,,,,
gyro,1778672674.0,93.0,,,,-0.003906,0.001953,0.0,,,,,,,
gyro,1778672674.0,93.0,,,,0.0,0.0,0.0,,,,,,,
gyro,1778672674.0,93.0,,,,-0.001953,0.001953,-0.001953,,,,,,,
gyro,1778672674.0,93.0,,,,-0.003906,0.0,-0.001953,,,,,,,
gyro,1778672674.0,93.0,,,,-0.001953,-0.001953,0.0,,,,,,,
gyro,1778672674.0,93.0,,,,-0.001953,0.0,0.0,,,,,,,
gyro,1778672675.0,94.0,,,,0.001953,0.0,0.001953,,,,,,,
gyro,1778672675.0,94.0,,,,0.003906,-0.001953,0.001953,,,,,,,
gyro,1778672675.0,94.0,,,,0.0,0.0,0.0,,,,,,,
gyro,1778672675.0,94.0,,,,0.0,-0.001953,0.001953,,,,,,,
gyro,1778672675.0,94.0,,,,0.0,-0.001953,-0.001953,,,,,,,
gyro,1778672675.0,94.0,,,,0.001953,0.0,0.0,,,,,,,
gyro,1778672675.0,94.0,,,,0.0,0.0,0.0,,,,,,,
gyro,1778672675.0,94.0,,,,-0.001953,0.0,0.001953,,,,,,,
gyro,1778672675.0,94.0,,,,0.0,0.0,0.0,,,,,,,
gyro,1778672675.0,94.0,,,,-0.003906,0.0,0.0,,,,,,,
gyro,1778672675.0,94.0,,,,0.0,0.0,0.0,,,,,,,
gyro,1778672675.0,94.0,,,,0.0,0.0,0.001953,,,,,,,
gyro,1778672675.0,94.0,,,,0.001953,0.001953,0.001953,,,,,,,
gyro,1778672675.0,94.0,,,,-0.001953,0.0,0.0,,,,,,,
gyro,1778672675.0,94.0,,,,0.0,0.0,0.0,,,,,,,
gyro,1778672675.0,94.0,,,,0.003906,0.001953,0.0,,,,,,,
gyro,1778672675.0,94.0,,,,0.0,-0.001953,0.001953,,,,,,,
gyro,1778672675.0,94.0,,,,0.0,0.0,-0.001953,,,,,,,
gyro,1778672676.0,95.0,,,,0.0,0.001953,0.0,,,,,,,
gyro,1778672676.0,95.0,,,,0.001953,0.0,0.001953,,,,,,,
gyro,1778672676.0,95.0,,,,0.001953,0.001953,0.0,,,,,,,
gyro,1778672676.0,95.0,,,,-0.001953,-0.001953,0.001953,,,,,,,
gyro,1778672676.0,95.0,,,,-0.003906,0.001953,0.0,,,,,,,
gyro,1778672676.0,95.0,,,,0.003906,0.001953,0.0,,,,,,,
gyro,1778672676.0,95.0,,,,-0.001953,-0.001953,0.001953,,,,,,,
gyro,1778672676.0,95.0,,,,-0.001953,0.001953,0.001953,,,,,,,
gyro,1778672676.0,95.0,,,,0.0,0.0,0.0,,,,,,,
gyro,1778672676.0,95.0,,,,0.003906,0.0,0.003906,,,,,,,
gyro,1778672676.0,95.0,,,,0.0,0.0,0.001953,,,,,,,
gyro,1778672676.0,95.0,,,,0.0,0.001953,0.0,,,,,,,
gyro,1778672676.0,95.0,,,,0.0,0.0,0.0,,,,,,,
gyro,1778672676.0,95.0,,,,0.001953,0.001953,0.0,,,,,,,
gyro,1778672676.0,95.0,,,,0.0,-0.001953,0.0,,,,,,,
gyro,1778672676.0,95.0,,,,0.001953,-0.001953,-0.001953,,,,,,,
gyro,1778672676.0,95.0,,,,0.001953,-0.003906,0.0,,,,,,,
gyro,1778672676.0,95.0,,,,0.003906,-0.007812,-0.001953,,,,,,,
gyro,1778672677.0,96.0,,,,0.001953,-0.009766,-0.001953,,,,,,,
gyro,1778672677.0,96.0,,,,0.001953,-0.011719,-0.005859,,,,,,,
gyro,1778672677.0,96.0,,,,0.0,-0.011719,-0.007812,,,,,,,
gyro,1778672677.0,96.0,,,,0.0,-0.009766,-0.007812,,,,,,,
gyro,1778672677.0,96.0,,,,-0.001953,-0.011719,-0.005859,,,,,,,
gyro,1778672677.0,96.0,,,,0.0,-0.007812,-0.009766,,,,,,,
gyro,1778672677.0,96.0,,,,0.0,-0.009766,-0.009766,,,,,,,
gyro,1778672677.0,96.0,,,,0.005859,-0.011719,-0.011719,,,,,,,
gyro,1778672677.0,96.0,,,,0.0,-0.013672,-0.019531,,,,,,,
gyro,1778672677.0,96.0,,,,0.0,-0.015625,-0.021484,,,,,,,
gyro,1778672677.0,96.0,,,,-0.001953,-0.015625,-0.021484,,,,,,,
gyro,1778672677.0,96.0,,,,-0.003906,-0.011719,-0.027344,,,,,,,
gyro,1778672677.0,96.0,,,,-0.003906,-0.011719,-0.029297,,,,,,,
gyro,1778672677.0,96.0,,,,-0.005859,-0.003906,-0.03125,,,,,,,
gyro,1778672677.0,96.0,,,,-0.005859,0.0,-0.039062,,,,,,,
gyro,1778672677.0,96.0,,,,-0.003906,0.001953,-0.041016,,,,,,,
gyro,1778672677.0,96.0,,,,-0.007812,0.0,-0.044922,,,,,,,
gyro,1778672677.0,96.0,,,,0.0,0.0,-0.046875,,,,,,,
gyro,1778672677.0,96.0,,,,-0.001953,0.0,-0.050781,,,,,,,
gyro,1778672678.0,97.0,,,,0.005859,0.001953,-0.058594,,,,,,,
gyro,1778672678.0,97.0,,,,0.001953,0.001953,-0.0625,,,,,,,
gyro,1778672678.0,97.0,,,,0.0,0.001953,-0.064453,,,,,,,
gyro,1778672678.0,97.0,,,,-0.001953,0.003906,-0.068359,,,,,,,
gyro,1778672678.0,97.0,,,,0.0,0.003906,-0.070312,,,,,,,
gyro,1778672678.0,97.0,,,,-0.005859,0.003906,-0.070312,,,,,,,
gyro,1778672678.0,97.0,,,,-0.009766,0.005859,-0.072266,,,,,,,
gyro,1778672678.0,97.0,,,,-0.011719,0.003906,-0.074219,,,,,,,
gyro,1778672678.0,97.0,,,,-0.005859,0.005859,-0.082031,,,,,,,
gyro,1778672678.0,97.0,,,,-0.003906,0.005859,-0.087891,,,,,,,
gyro,1778672678.0,97.0,,,,-0.007812,0.007812,-0.091797,,,,,,,
gyro,1778672678.0,97.0,,,,-0.011719,0.003906,-0.097656,,,,,,,
gyro,1778672678.0,97.0,,,,0.001953,0.0,-0.099609,,,,,,,
gyro,1778672678.0,97.0,,,,0.009766,0.0,-0.107422,,,,,,,
gyro,1778672678.0,97.0,,,,0.001953,-0.005859,-0.111328,,,,,,,
gyro,1778672678.0,97.0,,,,0.003906,-0.005859,-0.117188,,,,,,,
gyro,1778672678.0,97.0,,,,0.007812,-0.003906,-0.117188,,,,,,,
gyro,1778672678.0,97.0,,,,0.0,0.0,-0.125,,,,,,,
gyro,1778672679.0,98.0,,,,-0.001953,0.001953,-0.125,,,,,,,
gyro,1778672679.0,98.0,,,,0.009766,0.003906,-0.128906,,,,,,,
gyro,1778672679.0,98.0,,,,0.007812,0.003906,-0.134766,,,,,,,
gyro,1778672679.0,98.0,,,,-0.001953,0.001953,-0.140625,,,,,,,
gyro,1778672679.0,98.0,,,,-0.011719,-0.005859,-0.142578,,,,,,,
gyro,1778672679.0,98.0,,,,-0.011719,-0.009766,-0.146484,,,,,,,
gyro,1778672679.0,98.0,,,,-0.011719,-0.011719,-0.148438,,,,,,,
gyro,1778672679.0,98.0,,,,-0.019531,-0.005859,-0.148438,,,,,,,
gyro,1778672679.0,98.0,,,,-0.013672,0.017578,-0.154297,,,,,,,
gyro,1778672679.0,98.0,,,,-0.001953,0.023438,-0.15625,,,,,,,
gyro,1778672679.0,98.0,,,,0.001953,0.023438,-0.160156,,,,,,,
gyro,1778672679.0,98.0,,,,0.0,0.017578,-0.164062,,,,,,,
gyro,1778672679.0,98.0,,,,0.005859,0.003906,-0.166016,,,,,,,
gyro,1778672679.0,98.0,,,,-0.003906,-0.003906,-0.173828,,,,,,,
gyro,1778672679.0,98.0,,,,0.019531,-0.013672,-0.175781,,,,,,,
gyro,1778672679.0,98.0,,,,0.011719,-0.013672,-0.177734,,,,,,,
gyro,1778672679.0,98.0,,,,-0.007812,-0.009766,-0.181641,,,,,,,
gyro,1778672679.0,98.0,,,,-0.011719,0.003906,-0.193359,,,,,,,
gyro,1778672680.0,99.0,,,,-0.005859,0.007812,-0.193359,,,,,,,
gyro,1778672680.0,99.0,,,,-0.019531,0.001953,-0.193359,,,,,,,
gyro,1778672680.0,99.0,,,,-0.011719,0.001953,-0.193359,,,,,,,
gyro,1778672680.0,99.0,,,,-0.005859,0.005859,-0.199219,,,,,,,
gyro,1778672680.0,99.0,,,,0.0,0.009766,-0.203125,,,,,,,
gyro,1778672680.0,99.0,,,,0.007812,0.015625,-0.207031,,,,,,,
gyro,1778672680.0,99.0,,,,-0.001953,0.011719,-0.207031,,,,,,,
gyro,1778672680.0,99.0,,,,0.0,0.007812,-0.210938,,,,,,,
gyro,1778672680.0,99.0,,,,-0.011719,0.007812,-0.214844,,,,,,,
gyro,1778672680.0,99.0,,,,-0.011719,0.003906,-0.216797,,,,,,,
gyro,1778672680.0,99.0,,,,-0.015625,0.0,-0.220703,,,,,,,
gyro,1778672680.0,99.0,,,,-0.019531,0.001953,-0.224609,,,,,,,
gyro,1778672680.0,99.0,,,,-0.017578,-0.001953,-0.220703,,,,,,,
gyro,1778672680.0,99.0,,,,-0.015625,-0.003906,-0.224609,,,,,,,
gyro,1778672680.0,99.0,,,,-0.013672,-0.003906,-0.230469,,,,,,,
gyro,1778672680.0,99.0,,,,0.005859,0.007812,-0.234375,,,,,,,
gyro,1778672680.0,99.0,,,,0.001953,0.015625,-0.236328,,,,,,,
gyro,1778672681.0,100.0,,,,0.001953,0.003906,-0.236328,,,,,,,
gyro,1778672681.0,100.0,,,,0.0,0.001953,-0.234375,,,,,,,
gyro,1778672681.0,100.0,,,,-0.005859,0.005859,-0.232422,,,,,,,
gyro,1778672681.0,100.0,,,,-0.011719,0.005859,-0.232422,,,,,,,
gyro,1778672681.0,100.0,,,,0.005859,0.0,-0.234375,,,,,,,
gyro,1778672681.0,100.0,,,,0.003906,0.003906,-0.236328,,,,,,,
gyro,1778672681.0,100.0,,,,0.009766,0.003906,-0.242188,,,,,,,
gyro,1778672681.0,100.0,,,,0.013672,0.003906,-0.244141,,,,,,,
gyro,1778672681.0,100.0,,,,0.0,0.003906,-0.248047,,,,,,,
gyro,1778672681.0,100.0,,,,-0.015625,0.001953,-0.248047,,,,,,,
gyro,1778672681.0,100.0,,,,-0.009766,-0.007812,-0.248047,,,,,,,
gyro,1778672681.0,100.0,,,,-0.001953,0.0,-0.253906,,,,,,,
gyro,1778672681.0,100.0,,,,0.005859,0.007812,-0.253906,,,,,,,
gyro,1778672681.0,100.0,,,,0.0,0.013672,-0.251953,,,,,,,
gyro,1778672681.0,100.0,,,,-0.003906,0.021484,-0.257812,,,,,,,
gyro,1778672681.0,100.0,,,,-0.003906,0.023438,-0.257812,,,,,,,
gyro,1778672681.0,100.0,,,,-0.009766,0.03125,-0.261719,,,,,,,
gyro,1778672682.0,101.0,,,,-0.007812,0.025391,-0.259766,,,,,,,
gyro,1778672682.0,101.0,,,,0.0,0.021484,-0.263672,,,,,,,
gyro,1778672682.0,101.0,,,,0.001953,0.007812,-0.259766,,,,,,,
gyro,1778672682.0,101.0,,,,-0.007812,-0.013672,-0.265625,,,,,,,
gyro,1778672682.0,101.0,,,,0.007812,-0.025391,-0.267578,,,,,,,
gyro,1778672682.0,101.0,,,,0.013672,-0.019531,-0.273438,,,,,,,
gyro,1778672682.0,101.0,,,,0.005859,-0.005859,-0.271484,,,,,,,
gyro,1778672682.0,101.0,,,,0.005859,0.003906,-0.271484,,,,,,,
gyro,1778672682.0,101.0,,,,0.005859,0.015625,-0.273438,,,,,,,
gyro,1778672682.0,101.0,,,,-0.001953,0.019531,-0.271484,,,,,,,
gyro,1778672682.0,101.0,,,,0.0,0.029297,-0.273438,,,,,,,
gyro,1778672682.0,101.0,,,,0.009766,0.021484,-0.269531,,,,,,,
gyro,1778672682.0,101.0,,,,0.007812,0.011719,-0.273438,,,,,,,
gyro,1778672682.0,101.0,,,,0.011719,0.007812,-0.271484,,,,,,,
gyro,1778672682.0,101.0,,,,0.019531,-0.003906,-0.271484,,,,,,,
gyro,1778672682.0,101.0,,,,0.001953,0.001953,-0.275391,,,,,,,
gyro,1778672682.0,101.0,,,,0.005859,0.003906,-0.275391,,,,,,,
gyro,1778672682.0,101.0,,,,0.003906,0.011719,-0.279297,,,,,,,
gyro,1778672683.0,102.0,,,,0.013672,0.015625,-0.279297,,,,,,,
gyro,1778672683.0,102.0,,,,0.021484,0.023438,-0.275391,,,,,,,
gyro,1778672683.0,102.0,,,,0.019531,0.027344,-0.283203,,,,,,,
gyro,1778672683.0,102.0,,,,0.021484,0.021484,-0.279297,,,,,,,
gyro,1778672683.0,102.0,,,,0.023438,0.013672,-0.283203,,,,,,,
gyro,1778672683.0,102.0,,,,0.013672,0.003906,-0.285156,,,,,,,
gyro,1778672683.0,102.0,,,,0.007812,-0.003906,-0.28125,,,,,,,
gyro,1778672683.0,102.0,,,,0.005859,-0.011719,-0.28125,,,,,,,
gyro,1778672683.0,102.0,,,,0.021484,-0.013672,-0.283203,,,,,,,
gyro,1778672683.0,102.0,,,,0.005859,-0.007812,-0.283203,,,,,,,
gyro,1778672683.0,102.0,,,,0.007812,0.0,-0.285156,,,,,,,
gyro,1778672683.0,102.0,,,,-0.007812,0.005859,-0.283203,,,,,,,
gyro,1778672683.0,102.0,,,,-0.015625,0.007812,-0.289062,,,,,,,
gyro,1778672683.0,102.0,,,,-0.011719,0.003906,-0.291016,,,,,,,
gyro,1778672683.0,102.0,,,,-0.011719,0.001953,-0.289062,,,,,,,
gyro,1778672683.0,102.0,,,,-0.009766,0.001953,-0.287109,,,,,,,
gyro,1778672683.0,102.0,,,,-0.005859,0.003906,-0.289062,,,,,,,
gyro,1778672683.0,102.0,,,,-0.003906,0.007812,-0.289062,,,,,,,
gyro,1778672683.0,102.0,,,,-0.011719,0.015625,-0.291016,,,,,,,
gyro,1778672684.0,103.0,,,,0.001953,0.017578,-0.289062,,,,,,,
gyro,1778672684.0,103.0,,,,-0.007812,0.009766,-0.289062,,,,,,,
gyro,1778672684.0,103.0,,,,-0.001953,0.001953,-0.291016,,,,,,,
gyro,1778672684.0,103.0,,,,-0.007812,0.001953,-0.291016,,,,,,,
gyro,1778672684.0,103.0,,,,-0.005859,0.003906,-0.289062,,,,,,,
gyro,1778672684.0,103.0,,,,-0.011719,0.001953,-0.291016,,,,,,,
gyro,1778672684.0,103.0,,,,-0.001953,0.003906,-0.292969,,,,,,,
gyro,1778672684.0,103.0,,,,0.005859,0.011719,-0.292969,,,,,,,
gyro,1778672684.0,103.0,,,,0.0,0.013672,-0.294922,,,,,,,
gyro,1778672684.0,103.0,,,,-0.003906,0.011719,-0.292969,,,,,,,
gyro,1778672684.0,103.0,,,,0.001953,0.007812,-0.292969,,,,,,,
gyro,1778672684.0,103.0,,,,0.005859,0.003906,-0.298828,,,,,,,
gyro,1778672684.0,103.0,,,,0.009766,0.009766,-0.294922,,,,,,,
gyro,1778672684.0,103.0,,,,-0.005859,0.011719,-0.294922,,,,,,,
gyro,1778672684.0,103.0,,,,-0.009766,0.005859,-0.294922,,,,,,,
gyro,1778672684.0,103.0,,,,0.005859,0.007812,-0.292969,,,,,,,
gyro,1778672684.0,103.0,,,,0.005859,0.007812,-0.296875,,,,,,,
gyro,1778672684.0,103.0,,,,-0.007812,0.0,-0.294922,,,,,,,
gyro,1778672684.0,103.0,,,,-0.001953,-0.003906,-0.294922,,,,,,,
gyro,1778672684.0,103.0,,,,-0.005859,-0.003906,-0.300781,,,,,,,
gyro,1778672685.0,104.0,,,,0.011719,0.007812,-0.300781,,,,,,,
gyro,1778672685.0,104.0,,,,-0.003906,0.013672,-0.300781,,,,,,,
gyro,1778672685.0,104.0,,,,0.009766,0.015625,-0.300781,,,,,,,
gyro,1778672685.0,104.0,,,,0.011719,0.011719,-0.302734,,,,,,,
gyro,1778672685.0,104.0,,,,0.009766,0.013672,-0.302734,,,,,,,
gyro,1778672685.0,104.0,,,,0.005859,0.007812,-0.302734,,,,,,,
gyro,1778672685.0,104.0,,,,0.001953,0.005859,-0.300781,,,,,,,
gyro,1778672685.0,104.0,,,,-0.013672,0.007812,-0.300781,,,,,,,
gyro,1778672685.0,104.0,,,,-0.015625,0.011719,-0.300781,,,,,,,
gyro,1778672685.0,104.0,,,,-0.013672,0.007812,-0.300781,,,,,,,
gyro,1778672685.0,104.0,,,,-0.001953,0.007812,-0.296875,,,,,,,
gyro,1778672685.0,104.0,,,,-0.019531,0.009766,-0.298828,,,,,,,
gyro,1778672685.0,104.0,,,,-0.015625,0.007812,-0.302734,,,,,,,
gyro,1778672685.0,104.0,,,,-0.009766,0.007812,-0.302734,,,,,,,
gyro,1778672685.0,104.0,,,,0.009766,0.009766,-0.300781,,,,,,,
gyro,1778672685.0,104.0,,,,0.009766,0.015625,-0.298828,,,,,,,
gyro,1778672685.0,104.0,,,,0.009766,0.013672,-0.294922,,,,,,,
gyro,1778672686.0,105.0,,,,-0.003906,0.013672,-0.296875,,,,,,,
gyro,1778672686.0,105.0,,,,-0.005859,0.013672,-0.296875,,,,,,,
gyro,1778672686.0,105.0,,,,0.009766,0.015625,-0.296875,,,,,,,
gyro,1778672686.0,105.0,,,,0.001953,0.015625,-0.298828,,,,,,,
gyro,1778672686.0,105.0,,,,-0.003906,0.015625,-0.298828,,,,,,,
gyro,1778672686.0,105.0,,,,0.005859,0.013672,-0.294922,,,,,,,
gyro,1778672686.0,105.0,,,,-0.001953,0.015625,-0.292969,,,,,,,
gyro,1778672686.0,105.0,,,,-0.003906,0.017578,-0.294922,,,,,,,
gyro,1778672686.0,105.0,,,,0.0,0.017578,-0.292969,,,,,,,
gyro,1778672686.0,105.0,,,,0.011719,0.013672,-0.289062,,,,,,,
gyro,1778672686.0,105.0,,,,0.025391,0.011719,-0.291016,,,,,,,
gyro,1778672686.0,105.0,,,,0.013672,0.005859,-0.291016,,,,,,,
gyro,1778672686.0,105.0,,,,0.005859,0.007812,-0.289062,,,,,,,
gyro,1778672686.0,105.0,,,,-0.009766,0.013672,-0.289062,,,,,,,
gyro,1778672686.0,105.0,,,,-0.001953,0.017578,-0.285156,,,,,,,
gyro,1778672686.0,105.0,,,,0.019531,0.013672,-0.287109,,,,,,,
gyro,1778672686.0,105.0,,,,0.017578,0.003906,-0.287109,,,,,,,
gyro,1778672686.0,105.0,,,,0.007812,0.007812,-0.283203,,,,,,,
gyro,1778672687.0,106.0,,,,0.003906,0.001953,-0.283203,,,,,,,
gyro,1778672687.0,106.0,,,,-0.003906,0.009766,-0.285156,,,,,,,
gyro,1778672687.0,106.0,,,,0.011719,0.009766,-0.283203,,,,,,,
gyro,1778672687.0,106.0,,,,0.005859,0.013672,-0.285156,,,,,,,
gyro,1778672687.0,106.0,,,,0.015625,0.011719,-0.283203,,,,,,,
gyro,1778672687.0,106.0,,,,0.015625,0.015625,-0.287109,,,,,,,
gyro,1778672687.0,106.0,,,,0.015625,0.011719,-0.283203,,,,,,,
gyro,1778672687.0,106.0,,,,-0.005859,0.007812,-0.287109,,,,,,,
gyro,1778672687.0,106.0,,,,0.005859,-0.001953,-0.287109,,,,,,,
gyro,1778672687.0,106.0,,,,0.007812,0.0,-0.291016,,,,,,,
gyro,1778672687.0,106.0,,,,0.007812,-0.003906,-0.287109,,,,,,,
gyro,1778672687.0,106.0,,,,-0.003906,-0.001953,-0.287109,,,,,,,
gyro,1778672687.0,106.0,,,,-0.009766,-0.003906,-0.289062,,,,,,,
gyro,1778672687.0,106.0,,,,-0.001953,0.001953,-0.294922,,,,,,,
gyro,1778672687.0,106.0,,,,-0.011719,-0.003906,-0.291016,,,,,,,
gyro,1778672687.0,106.0,,,,-0.019531,-0.001953,-0.294922,,,,,,,
gyro,1778672687.0,106.0,,,,-0.017578,-0.011719,-0.292969,,,,,,,
gyro,1778672688.0,107.0,,,,-0.009766,-0.009766,-0.294922,,,,,,,
gyro,1778672688.0,107.0,,,,-0.005859,-0.003906,-0.294922,,,,,,,
gyro,1778672688.0,107.0,,,,-0.011719,0.0,-0.292969,,,,,,,
gyro,1778672688.0,107.0,,,,-0.019531,0.015625,-0.291016,,,,,,,
gyro,1778672688.0,107.0,,,,-0.005859,0.023438,-0.291016,,,,,,,
gyro,1778672688.0,107.0,,,,0.007812,0.037109,-0.292969,,,,,,,
gyro,1778672688.0,107.0,,,,0.0,0.033203,-0.291016,,,,,,,
gyro,1778672688.0,107.0,,,,-0.003906,0.025391,-0.292969,,,,,,,
gyro,1778672688.0,107.0,,,,-0.003906,0.013672,-0.291016,,,,,,,
gyro,1778672688.0,107.0,,,,0.003906,0.011719,-0.294922,,,,,,,
gyro,1778672688.0,107.0,,,,0.005859,0.011719,-0.292969,,,,,,,
gyro,1778672688.0,107.0,,,,0.001953,0.009766,-0.294922,,,,,,,
gyro,1778672688.0,107.0,,,,0.001953,0.009766,-0.294922,,,,,,,
gyro,1778672688.0,107.0,,,,0.001953,0.007812,-0.298828,,,,,,,
gyro,1778672688.0,107.0,,,,0.007812,0.009766,-0.302734,,,,,,,
gyro,1778672688.0,107.0,,,,0.017578,0.005859,-0.304688,,,,,,,
gyro,1778672688.0,107.0,,,,0.003906,0.001953,-0.304688,,,,,,,
gyro,1778672688.0,107.0,,,,0.001953,-0.001953,-0.304688,,,,,,,
gyro,1778672688.0,107.0,,,,0.007812,-0.007812,-0.302734,,,,,,,
gyro,1778672688.0,107.0,,,,0.005859,-0.007812,-0.302734,,,,,,,
gyro,1778672689.0,108.0,,,,0.001953,-0.011719,-0.304688,,,,,,,
gyro,1778672689.0,108.0,,,,0.005859,-0.011719,-0.304688,,,,,,,
gyro,1778672689.0,108.0,,,,0.003906,-0.005859,-0.308594,,,,,,,
gyro,1778672689.0,108.0,,,,0.011719,0.011719,-0.3125,,,,,,,
gyro,1778672689.0,108.0,,,,0.017578,0.025391,-0.314453,,,,,,,
gyro,1778672689.0,108.0,,,,0.017578,0.023438,-0.3125,,,,,,,
gyro,1778672689.0,108.0,,,,0.013672,0.017578,-0.3125,,,,,,,
gyro,1778672689.0,108.0,,,,0.005859,0.013672,-0.318359,,,,,,,
gyro,1778672689.0,108.0,,,,-0.003906,0.005859,-0.314453,,,,,,,
gyro,1778672689.0,108.0,,,,0.007812,0.003906,-0.316406,,,,,,,
gyro,1778672689.0,108.0,,,,0.027344,-0.001953,-0.316406,,,,,,,
gyro,1778672689.0,108.0,,,,0.017578,-0.007812,-0.318359,,,,,,,
gyro,1778672689.0,108.0,,,,0.009766,-0.001953,-0.318359,,,,,,,
gyro,1778672689.0,108.0,,,,-0.007812,-0.003906,-0.316406,,,,,,,
gyro,1778672689.0,108.0,,,,0.009766,0.009766,-0.316406,,,,,,,
gyro,1778672689.0,108.0,,,,0.007812,0.013672,-0.314453,,,,,,,
gyro,1778672690.0,109.0,,,,0.0,0.011719,-0.314453,,,,,,,
gyro,1778672690.0,109.0,,,,-0.005859,0.015625,-0.318359,,,,,,,
gyro,1778672690.0,109.0,,,,-0.007812,0.023438,-0.318359,,,,,,,
gyro,1778672690.0,109.0,,,,-0.009766,0.007812,-0.318359,,,,,,,
gyro,1778672690.0,109.0,,,,0.0,0.005859,-0.318359,,,,,,,
gyro,1778672690.0,109.0,,,,0.0,0.003906,-0.318359,,,,,,,
gyro,1778672690.0,109.0,,,,0.009766,-0.001953,-0.318359,,,,,,,
gyro,1778672690.0,109.0,,,,0.003906,-0.003906,-0.318359,,,,,,,
gyro,1778672690.0,109.0,,,,-0.009766,0.003906,-0.316406,,,,,,,
gyro,1778672690.0,109.0,,,,-0.015625,0.017578,-0.316406,,,,,,,
gyro,1778672690.0,109.0,,,,-0.003906,0.023438,-0.314453,,,,,,,
gyro,1778672690.0,109.0,,,,0.009766,0.019531,-0.318359,,,,,,,
gyro,1778672690.0,109.0,,,,0.001953,0.015625,-0.3125,,,,,,,
gyro,1778672690.0,109.0,,,,-0.007812,0.011719,-0.320312,,,,,,,
gyro,1778672690.0,109.0,,,,0.001953,0.003906,-0.324219,,,,,,,
gyro,1778672690.0,109.0,,,,0.013672,0.0,-0.320312,,,,,,,
gyro,1778672690.0,109.0,,,,0.005859,0.001953,-0.318359,,,,,,,
gyro,1778672690.0,109.0,,,,-0.005859,0.0,-0.318359,,,,,,,
gyro,1778672691.0,110.0,,,,-0.007812,0.001953,-0.318359,,,,,,,
gyro,1778672691.0,110.0,,,,0.003906,0.007812,-0.316406,,,,,,,
gyro,1778672691.0,110.0,,,,0.013672,0.007812,-0.322266,,,,,,,
gyro,1778672691.0,110.0,,,,0.005859,0.011719,-0.318359,,,,,,,
gyro,1778672691.0,110.0,,,,-0.001953,0.011719,-0.314453,,,,,,,
gyro,1778672691.0,110.0,,,,-0.007812,0.013672,-0.318359,,,,,,,
gyro,1778672691.0,110.0,,,,0.005859,0.013672,-0.318359,,,,,,,
gyro,1778672691.0,110.0,,,,0.007812,0.011719,-0.316406,,,,,,,
gyro,1778672691.0,110.0,,,,0.009766,0.005859,-0.318359,,,,,,,
gyro,1778672691.0,110.0,,,,0.011719,0.007812,-0.320312,,,,,,,
gyro,1778672691.0,110.0,,,,0.017578,0.011719,-0.316406,,,,,,,
gyro,1778672691.0,110.0,,,,0.011719,0.013672,-0.314453,,,,,,,
gyro,1778672691.0,110.0,,,,0.009766,0.015625,-0.304688,,,,,,,
gyro,1778672691.0,110.0,,,,0.011719,0.013672,-0.306641,,,,,,,
gyro,1778672691.0,110.0,,,,0.011719,0.013672,-0.304688,,,,,,,
gyro,1778672691.0,110.0,,,,0.003906,0.003906,-0.304688,,,,,,,
gyro,1778672691.0,110.0,,,,-0.001953,0.003906,-0.308594,,,,,,,
gyro,1778672691.0,110.0,,,,-0.005859,0.003906,-0.3125,,,,,,,
gyro,1778672692.0,111.0,,,,-0.005859,0.005859,-0.3125,,,,,,,
gyro,1778672692.0,111.0,,,,0.001953,0.001953,-0.3125,,,,,,,
gyro,1778672692.0,111.0,,,,0.007812,0.005859,-0.3125,,,,,,,
gyro,1778672692.0,111.0,,,,0.011719,0.005859,-0.306641,,,,,,,
gyro,1778672692.0,111.0,,,,0.005859,0.001953,-0.306641,,,,,,,
gyro,1778672692.0,111.0,,,,0.023438,0.001953,-0.306641,,,,,,,
gyro,1778672692.0,111.0,,,,0.025391,0.003906,-0.306641,,,,,,,
gyro,1778672692.0,111.0,,,,0.021484,0.003906,-0.308594,,,,,,,
gyro,1778672692.0,111.0,,,,0.013672,0.003906,-0.306641,,,,,,,
gyro,1778672692.0,111.0,,,,-0.001953,0.007812,-0.308594,,,,,,,
gyro,1778672692.0,111.0,,,,0.0,0.003906,-0.306641,,,,,,,
gyro,1778672692.0,111.0,,,,0.009766,0.001953,-0.3125,,,,,,,
gyro,1778672692.0,111.0,,,,0.001953,0.0,-0.306641,,,,,,,
gyro,1778672692.0,111.0,,,,0.001953,0.003906,-0.308594,,,,,,,
gyro,1778672692.0,111.0,,,,0.0,0.007812,-0.306641,,,,,,,
gyro,1778672692.0,111.0,,,,-0.019531,0.011719,-0.3125,,,,,,,
gyro,1778672692.0,111.0,,,,-0.007812,0.013672,-0.308594,,,,,,,
gyro,1778672692.0,111.0,,,,0.011719,0.017578,-0.308594,,,,,,,
gyro,1778672693.0,112.0,,,,0.009766,0.027344,-0.306641,,,,,,,
gyro,1778672693.0,112.0,,,,0.001953,0.025391,-0.306641,,,,,,,
gyro,1778672693.0,112.0,,,,-0.009766,0.023438,-0.308594,,,,,,,
gyro,1778672693.0,112.0,,,,-0.015625,0.015625,-0.3125,,,,,,,
gyro,1778672693.0,112.0,,,,0.007812,0.005859,-0.308594,,,,,,,
gyro,1778672693.0,112.0,,,,0.007812,-0.005859,-0.308594,,,,,,,
gyro,1778672693.0,112.0,,,,-0.001953,-0.015625,-0.308594,,,,,,,
gyro,1778672693.0,112.0,,,,-0.009766,-0.007812,-0.308594,,,,,,,
gyro,1778672693.0,112.0,,,,0.013672,0.011719,-0.308594,,,,,,,
gyro,1778672693.0,112.0,,,,0.005859,0.015625,-0.306641,,,,,,,
gyro,1778672693.0,112.0,,,,0.013672,0.029297,-0.306641,,,,,,,
gyro,1778672693.0,112.0,,,,0.011719,0.025391,-0.306641,,,,,,,
gyro,1778672693.0,112.0,,,,0.021484,0.013672,-0.310547,,,,,,,
gyro,1778672693.0,112.0,,,,0.015625,0.003906,-0.308594,,,,,,,
gyro,1778672693.0,112.0,,,,0.005859,0.003906,-0.306641,,,,,,,
gyro,1778672693.0,112.0,,,,0.005859,-0.001953,-0.306641,,,,,,,
gyro,1778672693.0,112.0,,,,-0.001953,-0.009766,-0.306641,,,,,,,
gyro,1778672693.0,112.0,,,,-0.005859,-0.005859,-0.3125,,,,,,,
gyro,1778672694.0,113.0,,,,0.0,-0.003906,-0.3125,,,,,,,
gyro,1778672694.0,113.0,,,,-0.007812,0.013672,-0.310547,,,,,,,
gyro,1778672694.0,113.0,,,,0.009766,0.027344,-0.308594,,,,,,,
gyro,1778672694.0,113.0,,,,0.011719,0.023438,-0.308594,,,,,,,
gyro,1778672694.0,113.0,,,,0.005859,0.019531,-0.308594,,,,,,,
gyro,1778672694.0,113.0,,,,0.001953,0.021484,-0.304688,,,,,,,
gyro,1778672694.0,113.0,,,,0.007812,0.015625,-0.306641,,,,,,,
gyro,1778672694.0,113.0,,,,0.019531,0.009766,-0.306641,,,,,,,
gyro,1778672694.0,113.0,,,,0.013672,0.0,-0.304688,,,,,,,
gyro,1778672694.0,113.0,,,,0.001953,0.001953,-0.304688,,,,,,,
gyro,1778672694.0,113.0,,,,0.0,0.003906,-0.304688,,,,,,,
gyro,1778672694.0,113.0,,,,0.005859,0.005859,-0.308594,,,,,,,
gyro,1778672694.0,113.0,,,,0.017578,0.013672,-0.308594,,,,,,,
gyro,1778672694.0,113.0,,,,0.001953,0.015625,-0.306641,,,,,,,
gyro,1778672694.0,113.0,,,,0.007812,0.017578,-0.306641,,,,,,,
gyro,1778672694.0,113.0,,,,0.009766,0.015625,-0.306641,,,,,,,
gyro,1778672694.0,113.0,,,,0.007812,-0.007812,-0.302734,,,,,,,
gyro,1778672695.0,114.0,,,,-0.003906,-0.015625,-0.302734,,,,,,,
gyro,1778672695.0,114.0,,,,-0.001953,-0.011719,-0.306641,,,,,,,
gyro,1778672695.0,114.0,,,,-0.003906,-0.005859,-0.308594,,,,,,,
gyro,1778672695.0,114.0,,,,0.0,0.0,-0.304688,,,,,,,
gyro,1778672695.0,114.0,,,,-0.003906,0.023438,-0.302734,,,,,,,
gyro,1778672695.0,114.0,,,,-0.003906,0.039062,-0.304688,,,,,,,
gyro,1778672695.0,114.0,,,,0.0,0.037109,-0.304688,,,,,,,
gyro,1778672695.0,114.0,,,,0.005859,0.027344,-0.302734,,,,,,,
gyro,1778672695.0,114.0,,,,0.007812,0.015625,-0.304688,,,,,,,
gyro,1778672695.0,114.0,,,,-0.003906,0.001953,-0.300781,,,,,,,
gyro,1778672695.0,114.0,,,,0.0,-0.011719,-0.300781,,,,,,,
gyro,1778672695.0,114.0,,,,-0.001953,-0.011719,-0.300781,,,,,,,
gyro,1778672695.0,114.0,,,,-0.005859,0.0,-0.296875,,,,,,,
gyro,1778672695.0,114.0,,,,-0.017578,0.011719,-0.296875,,,,,,,
gyro,1778672695.0,114.0,,,,-0.013672,0.017578,-0.302734,,,,,,,
gyro,1778672695.0,114.0,,,,0.0,0.019531,-0.296875,,,,,,,
gyro,1778672695.0,114.0,,,,0.001953,0.017578,-0.300781,,,,,,,
gyro,1778672695.0,114.0,,,,0.0,0.011719,-0.298828,,,,,,,
gyro,1778672695.0,114.0,,,,-0.003906,0.013672,-0.298828,,,,,,,
gyro,1778672696.0,115.0,,,,0.009766,0.017578,-0.300781,,,,,,,
gyro,1778672696.0,115.0,,,,0.017578,0.021484,-0.296875,,,,,,,
gyro,1778672696.0,115.0,,,,0.019531,0.011719,-0.296875,,,,,,,
gyro,1778672696.0,115.0,,,,0.023438,0.003906,-0.296875,,,,,,,
gyro,1778672696.0,115.0,,,,0.0,-0.007812,-0.298828,,,,,,,
gyro,1778672696.0,115.0,,,,0.001953,-0.011719,-0.300781,,,,,,,
gyro,1778672696.0,115.0,,,,0.007812,-0.003906,-0.296875,,,,,,,
gyro,1778672696.0,115.0,,,,0.013672,0.003906,-0.300781,,,,,,,
gyro,1778672696.0,115.0,,,,0.011719,0.011719,-0.296875,,,,,,,
gyro,1778672696.0,115.0,,,,0.011719,0.017578,-0.296875,,,,,,,
gyro,1778672696.0,115.0,,,,0.001953,0.027344,-0.300781,,,,,,,
gyro,1778672696.0,115.0,,,,0.005859,0.021484,-0.300781,,,,,,,
gyro,1778672696.0,115.0,,,,0.013672,0.019531,-0.296875,,,,,,,
gyro,1778672696.0,115.0,,,,-0.003906,0.011719,-0.296875,,,,,,,
gyro,1778672696.0,115.0,,,,0.009766,0.009766,-0.296875,,,,,,,
gyro,1778672696.0,115.0,,,,0.007812,0.009766,-0.298828,,,,,,,
gyro,1778672696.0,115.0,,,,0.013672,0.017578,-0.298828,,,,,,,
gyro,1778672696.0,115.0,,,,0.001953,0.009766,-0.300781,,,,,,,
gyro,1778672697.0,116.0,,,,-0.003906,0.0,-0.296875,,,,,,,
gyro,1778672697.0,116.0,,,,-0.001953,-0.003906,-0.300781,,,,,,,
gyro,1778672697.0,116.0,,,,0.007812,-0.015625,-0.298828,,,,,,,
gyro,1778672697.0,116.0,,,,0.0,-0.011719,-0.300781,,,,,,,
gyro,1778672697.0,116.0,,,,0.001953,-0.005859,-0.300781,,,,,,,
gyro,1778672697.0,116.0,,,,0.0,0.007812,-0.298828,,,,,,,
gyro,1778672697.0,116.0,,,,-0.005859,0.015625,-0.296875,,,,,,,
gyro,1778672697.0,116.0,,,,-0.003906,0.023438,-0.294922,,,,,,,
gyro,1778672697.0,116.0,,,,0.0,0.023438,-0.298828,,,,,,,
gyro,1778672697.0,116.0,,,,0.003906,0.005859,-0.300781,,,,,,,
gyro,1778672697.0,116.0,,,,-0.007812,0.0,-0.304688,,,,,,,
gyro,1778672697.0,116.0,,,,-0.005859,-0.005859,-0.304688,,,,,,,
gyro,1778672697.0,116.0,,,,0.0,-0.003906,-0.298828,,,,,,,
gyro,1778672697.0,116.0,,,,0.001953,0.001953,-0.298828,,,,,,,
gyro,1778672697.0,116.0,,,,-0.001953,0.011719,-0.296875,,,,,,,
gyro,1778672697.0,116.0,,,,-0.003906,0.017578,-0.300781,,,,,,,
gyro,1778672697.0,116.0,,,,0.009766,0.015625,-0.300781,,,,,,,
gyro,1778672697.0,116.0,,,,0.017578,0.007812,-0.300781,,,,,,,
gyro,1778672698.0,117.0,,,,-0.009766,-0.003906,-0.300781,,,,,,,
gyro,1778672698.0,117.0,,,,-0.001953,-0.019531,-0.302734,,,,,,,
gyro,1778672698.0,117.0,,,,0.007812,-0.013672,-0.300781,,,,,,,
gyro,1778672698.0,117.0,,,,0.015625,0.011719,-0.298828,,,,,,,
gyro,1778672698.0,117.0,,,,0.019531,0.027344,-0.294922,,,,,,,
gyro,1778672698.0,117.0,,,,0.019531,0.041016,-0.294922,,,,,,,
gyro,1778672698.0,117.0,,,,0.03125,0.050781,-0.296875,,,,,,,
gyro,1778672698.0,117.0,,,,0.005859,0.039062,-0.298828,,,,,,,
gyro,1778672698.0,117.0,,,,-0.001953,0.017578,-0.296875,,,,,,,
gyro,1778672698.0,117.0,,,,-0.003906,0.0,-0.296875,,,,,,,
gyro,1778672698.0,117.0,,,,-0.007812,-0.015625,-0.304688,,,,,,,
gyro,1778672698.0,117.0,,,,-0.017578,-0.021484,-0.302734,,,,,,,
gyro,1778672698.0,117.0,,,,-0.015625,-0.023438,-0.304688,,,,,,,
gyro,1778672698.0,117.0,,,,-0.001953,-0.023438,-0.302734,,,,,,,
gyro,1778672698.0,117.0,,,,0.003906,-0.017578,-0.308594,,,,,,,
gyro,1778672698.0,117.0,,,,-0.011719,-0.009766,-0.3125,,,,,,,
gyro,1778672698.0,117.0,,,,-0.017578,0.0,-0.3125,,,,,,,
gyro,1778672699.0,118.0,,,,-0.007812,0.013672,-0.308594,,,,,,,
gyro,1778672699.0,118.0,,,,0.005859,0.03125,-0.308594,,,,,,,
gyro,1778672699.0,118.0,,,,0.005859,0.033203,-0.306641,,,,,,,
gyro,1778672699.0,118.0,,,,-0.005859,0.029297,-0.308594,,,,,,,
gyro,1778672699.0,118.0,,,,-0.005859,0.017578,-0.308594,,,,,,,
gyro,1778672699.0,118.0,,,,-0.015625,0.011719,-0.308594,,,,,,,
gyro,1778672699.0,118.0,,,,-0.001953,0.007812,-0.308594,,,,,,,
gyro,1778672699.0,118.0,,,,0.0,0.003906,-0.308594,,,,,,,
gyro,1778672699.0,118.0,,,,0.011719,-0.001953,-0.308594,,,,,,,
gyro,1778672699.0,118.0,,,,0.005859,-0.003906,-0.306641,,,,,,,
gyro,1778672699.0,118.0,,,,-0.003906,0.0,-0.3125,,,,,,,
gyro,1778672699.0,118.0,,,,-0.011719,0.011719,-0.308594,,,,,,,
gyro,1778672699.0,118.0,,,,-0.011719,0.015625,-0.308594,,,,,,,
gyro,1778672699.0,118.0,,,,0.001953,0.023438,-0.306641,,,,,,,
gyro,1778672699.0,118.0,,,,0.011719,0.021484,-0.308594,,,,,,,
gyro,1778672699.0,118.0,,,,0.011719,0.007812,-0.3125,,,,,,,
gyro,1778672699.0,118.0,,,,0.011719,0.0,-0.314453,,,,,,,
gyro,1778672699.0,118.0,,,,-0.001953,-0.001953,-0.3125,,,,,,,
gyro,1778672700.0,119.0,,,,-0.003906,-0.001953,-0.310547,,,,,,,
gyro,1778672700.0,119.0,,,,-0.003906,0.0,-0.308594,,,,,,,
gyro,1778672700.0,119.0,,,,0.005859,0.0,-0.308594,,,,,,,
gyro,1778672700.0,119.0,,,,0.017578,0.007812,-0.308594,,,,,,,
gyro,1778672700.0,119.0,,,,0.011719,0.003906,-0.310547,,,,,,,
gyro,1778672700.0,119.0,,,,0.0,0.001953,-0.314453,,,,,,,
gyro,1778672700.0,119.0,,,,0.017578,0.007812,-0.310547,,,,,,,
gyro,1778672700.0,119.0,,,,0.005859,0.011719,-0.314453,,,,,,,
gyro,1778672700.0,119.0,,,,0.009766,0.009766,-0.310547,,,,,,,
gyro,1778672700.0,119.0,,,,-0.005859,0.011719,-0.310547,,,,,,,
gyro,1778672700.0,119.0,,,,0.003906,0.017578,-0.3125,,,,,,,
gyro,1778672700.0,119.0,,,,0.003906,0.021484,-0.310547,,,,,,,
gyro,1778672700.0,119.0,,,,0.013672,0.021484,-0.314453,,,,,,,
gyro,1778672700.0,119.0,,,,0.007812,0.015625,-0.3125,,,,,,,
gyro,1778672700.0,119.0,,,,-0.005859,0.011719,-0.3125,,,,,,,
gyro,1778672700.0,119.0,,,,-0.007812,0.007812,-0.3125,,,,,,,
gyro,1778672700.0,119.0,,,,-0.001953,0.001953,-0.3125,,,,,,,
gyro,1778672700.0,119.0,,,,0.0,0.003906,-0.308594,,,,,,,
gyro,1778672701.0,120.0,,,,-0.001953,0.009766,-0.314453,,,,,,,
gyro,1778672701.0,120.0,,,,-0.001953,0.001953,-0.314453,,,,,,,
gyro,1778672701.0,120.0,,,,0.009766,0.001953,-0.308594,,,,,,,
gyro,1778672701.0,120.0,,,,0.005859,0.003906,-0.314453,,,,,,,
gyro,1778672701.0,120.0,,,,0.007812,0.009766,-0.308594,,,,,,,
gyro,1778672701.0,120.0,,,,0.007812,0.021484,-0.308594,,,,,,,
gyro,1778672701.0,120.0,,,,0.005859,0.017578,-0.308594,,,,,,,
gyro,1778672701.0,120.0,,,,-0.003906,0.013672,-0.306641,,,,,,,
gyro,1778672701.0,120.0,,,,-0.011719,0.009766,-0.306641,,,,,,,
gyro,1778672701.0,120.0,,,,-0.017578,0.009766,-0.308594,,,,,,,
gyro,1778672701.0,120.0,,,,-0.005859,0.003906,-0.308594,,,,,,,
gyro,1778672701.0,120.0,,,,-0.001953,0.001953,-0.306641,,,,,,,
gyro,1778672701.0,120.0,,,,0.009766,0.007812,-0.306641,,,,,,,
gyro,1778672701.0,120.0,,,,0.013672,0.011719,-0.306641,,,,,,,
gyro,1778672701.0,120.0,,,,0.005859,0.011719,-0.306641,,,,,,,
gyro,1778672701.0,120.0,,,,0.0,0.011719,-0.304688,,,,,,,
gyro,1778672701.0,120.0,,,,0.013672,0.003906,-0.302734,,,,,,,
gyro,1778672702.0,121.0,,,,0.029297,0.009766,-0.300781,,,,,,,
gyro,1778672702.0,121.0,,,,0.025391,0.003906,-0.298828,,,,,,,
gyro,1778672702.0,121.0,,,,0.009766,0.009766,-0.300781,,,,,,,
gyro,1778672702.0,121.0,,,,0.0,0.003906,-0.302734,,,,,,,
gyro,1778672702.0,121.0,,,,-0.005859,0.009766,-0.304688,,,,,,,
gyro,1778672702.0,121.0,,,,-0.013672,0.007812,-0.304688,,,,,,,
gyro,1778672702.0,121.0,,,,-0.007812,0.0,-0.302734,,,,,,,
gyro,1778672702.0,121.0,,,,-0.005859,0.0,-0.300781,,,,,,,
gyro,1778672702.0,121.0,,,,-0.001953,0.007812,-0.302734,,,,,,,
gyro,1778672702.0,121.0,,,,0.001953,0.017578,-0.298828,,,,,,,
gyro,1778672702.0,121.0,,,,0.0,0.027344,-0.302734,,,,,,,
gyro,1778672702.0,121.0,,,,0.005859,0.03125,-0.300781,,,,,,,
gyro,1778672702.0,121.0,,,,0.011719,0.023438,-0.306641,,,,,,,
gyro,1778672702.0,121.0,,,,0.001953,0.001953,-0.302734,,,,,,,
gyro,1778672702.0,121.0,,,,0.007812,-0.025391,-0.304688,,,,,,,
gyro,1778672702.0,121.0,,,,0.019531,-0.037109,-0.308594,,,,,,,
gyro,1778672702.0,121.0,,,,0.029297,-0.033203,-0.3125,,,,,,,
gyro,1778672702.0,121.0,,,,0.029297,-0.021484,-0.3125,,,,,,,
gyro,1778672702.0,121.0,,,,0.003906,-0.001953,-0.308594,,,,,,,
gyro,1778672703.0,122.0,,,,-0.001953,0.015625,-0.3125,,,,,,,
gyro,1778672703.0,122.0,,,,0.005859,0.027344,-0.314453,,,,,,,
gyro,1778672703.0,122.0,,,,0.023438,0.027344,-0.314453,,,,,,,
gyro,1778672703.0,122.0,,,,0.029297,0.023438,-0.3125,,,,,,,
gyro,1778672703.0,122.0,,,,0.003906,0.017578,-0.314453,,,,,,,
gyro,1778672703.0,122.0,,,,-0.013672,0.009766,-0.3125,,,,,,,
gyro,1778672703.0,122.0,,,,-0.019531,0.011719,-0.316406,,,,,,,
gyro,1778672703.0,122.0,,,,0.0,0.011719,-0.316406,,,,,,,
gyro,1778672703.0,122.0,,,,0.013672,0.005859,-0.318359,,,,,,,
gyro,1778672703.0,122.0,,,,0.033203,0.003906,-0.3125,,,,,,,
gyro,1778672703.0,122.0,,,,0.017578,0.001953,-0.314453,,,,,,,
gyro,1778672703.0,122.0,,,,0.013672,0.007812,-0.318359,,,,,,,
gyro,1778672703.0,122.0,,,,0.021484,0.007812,-0.318359,,,,,,,
gyro,1778672703.0,122.0,,,,0.025391,0.013672,-0.316406,,,,,,,
gyro,1778672703.0,122.0,,,,0.027344,0.015625,-0.3125,,,,,,,
gyro,1778672703.0,122.0,,,,0.015625,0.017578,-0.310547,,,,,,,
gyro,1778672703.0,122.0,,,,0.011719,0.013672,-0.3125,,,,,,,
gyro,1778672703.0,122.0,,,,0.013672,0.011719,-0.316406,,,,,,,
gyro,1778672703.0,122.0,,,,0.015625,0.013672,-0.308594,,,,,,,
gyro,1778672703.0,122.0,,,,0.0,0.015625,-0.310547,,,,,,,
gyro,1778672704.0,123.0,,,,0.007812,0.0,-0.316406,,,,,,,
gyro,1778672704.0,123.0,,,,-0.005859,0.001953,-0.3125,,,,,,,
gyro,1778672704.0,123.0,,,,-0.001953,0.001953,-0.3125,,,,,,,
gyro,1778672704.0,123.0,,,,0.005859,0.001953,-0.3125,,,,,,,
gyro,1778672704.0,123.0,,,,0.017578,0.007812,-0.3125,,,,,,,
gyro,1778672704.0,123.0,,,,0.013672,0.009766,-0.308594,,,,,,,
gyro,1778672704.0,123.0,,,,0.017578,0.007812,-0.308594,,,,,,,
gyro,1778672704.0,123.0,,,,0.019531,0.003906,-0.306641,,,,,,,
gyro,1778672704.0,123.0,,,,0.013672,0.007812,-0.306641,,,,,,,
gyro,1778672704.0,123.0,,,,0.009766,0.005859,-0.308594,,,,,,,
gyro,1778672704.0,123.0,,,,0.003906,0.011719,-0.306641,,,,,,,
gyro,1778672704.0,123.0,,,,0.011719,0.011719,-0.310547,,,,,,,
gyro,1778672704.0,123.0,,,,0.019531,0.009766,-0.308594,,,,,,,
gyro,1778672704.0,123.0,,,,-0.001953,0.011719,-0.308594,,,,,,,
gyro,1778672704.0,123.0,,,,0.0,0.001953,-0.308594,,,,,,,
gyro,1778672704.0,123.0,,,,0.011719,0.007812,-0.3125,,,,,,,
gyro,1778672704.0,123.0,,,,-0.005859,0.009766,-0.306641,,,,,,,
gyro,1778672705.0,124.0,,,,-0.007812,0.007812,-0.304688,,,,,,,
gyro,1778672705.0,124.0,,,,-0.001953,0.007812,-0.304688,,,,,,,
gyro,1778672705.0,124.0,,,,0.011719,0.003906,-0.304688,,,,,,,
gyro,1778672705.0,124.0,,,,0.019531,0.003906,-0.304688,,,,,,,
gyro,1778672705.0,124.0,,,,0.007812,0.003906,-0.306641,,,,,,,
gyro,1778672705.0,124.0,,,,-0.005859,0.003906,-0.306641,,,,,,,
gyro,1778672705.0,124.0,,,,-0.003906,0.003906,-0.306641,,,,,,,
gyro,1778672705.0,124.0,,,,0.003906,0.007812,-0.306641,,,,,,,
gyro,1778672705.0,124.0,,,,0.007812,0.007812,-0.304688,,,,,,,
gyro,1778672705.0,124.0,,,,0.005859,0.001953,-0.302734,,,,,,,
gyro,1778672705.0,124.0,,,,0.007812,-0.001953,-0.304688,,,,,,,
gyro,1778672705.0,124.0,,,,0.009766,0.0,-0.304688,,,,,,,
gyro,1778672705.0,124.0,,,,-0.007812,-0.003906,-0.302734,,,,,,,
gyro,1778672705.0,124.0,,,,-0.003906,0.0,-0.304688,,,,,,,
gyro,1778672705.0,124.0,,,,0.003906,0.005859,-0.298828,,,,,,,
gyro,1778672705.0,124.0,,,,0.001953,0.009766,-0.300781,,,,,,,
gyro,1778672705.0,124.0,,,,-0.007812,0.013672,-0.302734,,,,,,,
gyro,1778672705.0,124.0,,,,-0.005859,0.015625,-0.304688,,,,,,,
gyro,1778672705.0,124.0,,,,0.0,0.015625,-0.304688,,,,,,,
gyro,1778672706.0,125.0,,,,0.017578,0.003906,-0.302734,,,,,,,
gyro,1778672706.0,125.0,,,,0.007812,0.001953,-0.304688,,,,,,,
gyro,1778672706.0,125.0,,,,-0.001953,-0.001953,-0.302734,,,,,,,
gyro,1778672706.0,125.0,,,,0.001953,0.007812,-0.304688,,,,,,,
gyro,1778672706.0,125.0,,,,-0.005859,0.007812,-0.302734,,,,,,,
gyro,1778672706.0,125.0,,,,-0.015625,0.009766,-0.300781,,,,,,,
gyro,1778672706.0,125.0,,,,-0.011719,0.009766,-0.302734,,,,,,,
gyro,1778672706.0,125.0,,,,-0.003906,0.007812,-0.306641,,,,,,,
gyro,1778672706.0,125.0,,,,0.0,0.001953,-0.306641,,,,,,,
gyro,1778672706.0,125.0,,,,-0.003906,0.001953,-0.306641,,,,,,,
gyro,1778672706.0,125.0,,,,-0.019531,0.009766,-0.306641,,,,,,,
gyro,1778672706.0,125.0,,,,-0.017578,0.017578,-0.310547,,,,,,,
gyro,1778672706.0,125.0,,,,0.001953,0.013672,-0.304688,,,,,,,
gyro,1778672706.0,125.0,,,,0.019531,0.009766,-0.304688,,,,,,,
gyro,1778672706.0,125.0,,,,0.009766,0.007812,-0.302734,,,,,,,
gyro,1778672706.0,125.0,,,,-0.011719,0.003906,-0.306641,,,,,,,
gyro,1778672707.0,126.0,,,,0.003906,0.013672,-0.310547,,,,,,,
gyro,1778672707.0,126.0,,,,0.007812,0.009766,-0.304688,,,,,,,
gyro,1778672707.0,126.0,,,,0.005859,0.013672,-0.304688,,,,,,,
gyro,1778672707.0,126.0,,,,-0.015625,0.001953,-0.308594,,,,,,,
gyro,1778672707.0,126.0,,,,-0.005859,-0.001953,-0.304688,,,,,,,
gyro,1778672707.0,126.0,,,,-0.003906,0.003906,-0.302734,,,,,,,
gyro,1778672707.0,126.0,,,,0.009766,0.007812,-0.302734,,,,,,,
gyro,1778672707.0,126.0,,,,0.003906,0.009766,-0.300781,,,,,,,
gyro,1778672707.0,126.0,,,,0.005859,0.009766,-0.296875,,,,,,,
gyro,1778672707.0,126.0,,,,0.001953,0.009766,-0.304688,,,,,,,
gyro,1778672707.0,126.0,,,,0.005859,0.015625,-0.304688,,,,,,,
gyro,1778672707.0,126.0,,,,0.011719,0.011719,-0.300781,,,,,,,
gyro,1778672707.0,126.0,,,,0.005859,0.021484,-0.304688,,,,,,,
gyro,1778672707.0,126.0,,,,0.019531,0.025391,-0.302734,,,,,,,
gyro,1778672707.0,126.0,,,,0.009766,0.015625,-0.302734,,,,,,,
gyro,1778672707.0,126.0,,,,0.009766,0.015625,-0.302734,,,,,,,
gyro,1778672707.0,126.0,,,,0.011719,0.007812,-0.300781,,,,,,,
gyro,1778672708.0,127.0,,,,0.011719,0.007812,-0.302734,,,,,,,
gyro,1778672708.0,127.0,,,,0.0,0.011719,-0.302734,,,,,,,
gyro,1778672708.0,127.0,,,,-0.013672,0.015625,-0.304688,,,,,,,
gyro,1778672708.0,127.0,,,,0.003906,0.013672,-0.304688,,,,,,,
gyro,1778672708.0,127.0,,,,0.007812,0.009766,-0.302734,,,,,,,
gyro,1778672708.0,127.0,,,,-0.003906,0.0,-0.304688,,,,,,,
gyro,1778672708.0,127.0,,,,0.011719,-0.009766,-0.302734,,,,,,,
gyro,1778672708.0,127.0,,,,0.021484,-0.009766,-0.306641,,,,,,,
gyro,1778672708.0,127.0,,,,0.005859,-0.011719,-0.304688,,,,,,,
gyro,1778672708.0,127.0,,,,-0.015625,-0.011719,-0.304688,,,,,,,
gyro,1778672708.0,127.0,,,,-0.027344,-0.001953,-0.304688,,,,,,,
gyro,1778672708.0,127.0,,,,-0.005859,0.009766,-0.304688,,,,,,,
gyro,1778672708.0,127.0,,,,0.015625,0.017578,-0.304688,,,,,,,
gyro,1778672708.0,127.0,,,,0.001953,0.021484,-0.302734,,,,,,,
gyro,1778672708.0,127.0,,,,-0.013672,0.023438,-0.304688,,,,,,,
gyro,1778672708.0,127.0,,,,-0.003906,0.021484,-0.306641,,,,,,,
gyro,1778672708.0,127.0,,,,0.007812,0.013672,-0.310547,,,,,,,
gyro,1778672708.0,127.0,,,,0.009766,0.007812,-0.310547,,,,,,,
gyro,1778672709.0,128.0,,,,0.007812,0.007812,-0.306641,,,,,,,
gyro,1778672709.0,128.0,,,,0.013672,0.011719,-0.308594,,,,,,,
gyro,1778672709.0,128.0,,,,-0.005859,0.017578,-0.308594,,,,,,,
gyro,1778672709.0,128.0,,,,-0.015625,0.013672,-0.3125,,,,,,,
gyro,1778672709.0,128.0,,,,0.001953,0.013672,-0.316406,,,,,,,
gyro,1778672709.0,128.0,,,,0.021484,0.011719,-0.3125,,,,,,,
gyro,1778672709.0,128.0,,,,0.013672,-0.003906,-0.3125,,,,,,,
gyro,1778672709.0,128.0,,,,-0.013672,-0.005859,-0.3125,,,,,,,
gyro,1778672709.0,128.0,,,,-0.013672,-0.005859,-0.314453,,,,,,,
gyro,1778672709.0,128.0,,,,-0.001953,-0.005859,-0.314453,,,,,,,
gyro,1778672709.0,128.0,,,,0.0,-0.003906,-0.3125,,,,,,,
gyro,1778672709.0,128.0,,,,-0.003906,0.003906,-0.3125,,,,,,,
gyro,1778672709.0,128.0,,,,0.009766,0.005859,-0.314453,,,,,,,
gyro,1778672709.0,128.0,,,,0.011719,0.017578,-0.3125,,,,,,,
gyro,1778672709.0,128.0,,,,0.005859,0.017578,-0.3125,,,,,,,
gyro,1778672709.0,128.0,,,,0.0,0.017578,-0.314453,,,,,,,
gyro,1778672710.0,129.0,,,,0.003906,0.017578,-0.3125,,,,,,,
gyro,1778672710.0,129.0,,,,0.0,0.015625,-0.314453,,,,,,,
gyro,1778672710.0,129.0,,,,0.0,0.013672,-0.314453,,,,,,,
gyro,1778672710.0,129.0,,,,0.011719,0.003906,-0.316406,,,,,,,
gyro,1778672710.0,129.0,,,,0.023438,-0.001953,-0.316406,,,,,,,
gyro,1778672710.0,129.0,,,,0.009766,-0.003906,-0.318359,,,,,,,
gyro,1778672710.0,129.0,,,,0.0,-0.001953,-0.316406,,,,,,,
gyro,1778672710.0,129.0,,,,0.011719,0.003906,-0.314453,,,,,,,
gyro,1778672710.0,129.0,,,,0.017578,0.013672,-0.314453,,,,,,,
gyro,1778672710.0,129.0,,,,-0.003906,0.017578,-0.314453,,,,,,,
gyro,1778672710.0,129.0,,,,-0.001953,0.013672,-0.314453,,,,,,,
gyro,1778672710.0,129.0,,,,0.005859,0.021484,-0.318359,,,,,,,
gyro,1778672710.0,129.0,,,,-0.003906,0.019531,-0.318359,,,,,,,
gyro,1778672710.0,129.0,,,,-0.011719,0.011719,-0.318359,,,,,,,
gyro,1778672710.0,129.0,,,,0.0,0.007812,-0.316406,,,,,,,
gyro,1778672710.0,129.0,,,,0.005859,0.003906,-0.314453,,,,,,,
gyro,1778672710.0,129.0,,,,0.009766,0.003906,-0.3125,,,,,,,
gyro,1778672711.0,130.0,,,,-0.003906,0.007812,-0.314453,,,,,,,
gyro,1778672711.0,130.0,,,,-0.011719,0.017578,-0.3125,,,,,,,
gyro,1778672711.0,130.0,,,,-0.001953,0.017578,-0.3125,,,,,,,
gyro,1778672711.0,130.0,,,,0.0,0.021484,-0.316406,,,,,,,
gyro,1778672711.0,130.0,,,,0.009766,0.015625,-0.308594,,,,,,,
gyro,1778672711.0,130.0,,,,0.0,0.007812,-0.304688,,,,,,,
gyro,1778672711.0,130.0,,,,0.007812,0.009766,-0.302734,,,,,,,
gyro,1778672711.0,130.0,,,,0.001953,0.005859,-0.298828,,,,,,,
gyro,1778672711.0,130.0,,,,0.001953,0.001953,-0.300781,,,,,,,
gyro,1778672711.0,130.0,,,,0.003906,-0.001953,-0.300781,,,,,,,
gyro,1778672711.0,130.0,,,,0.007812,0.0,-0.302734,,,,,,,
gyro,1778672711.0,130.0,,,,0.009766,0.005859,-0.306641,,,,,,,
gyro,1778672711.0,130.0,,,,0.001953,0.009766,-0.304688,,,,,,,
gyro,1778672711.0,130.0,,,,-0.003906,0.007812,-0.304688,,,,,,,
gyro,1778672711.0,130.0,,,,-0.015625,0.009766,-0.304688,,,,,,,
gyro,1778672711.0,130.0,,,,-0.009766,0.013672,-0.306641,,,,,,,
gyro,1778672711.0,130.0,,,,0.0,0.011719,-0.304688,,,,,,,
gyro,1778672712.0,131.0,,,,0.003906,0.019531,-0.304688,,,,,,,
gyro,1778672712.0,131.0,,,,0.013672,0.017578,-0.302734,,,,,,,
gyro,1778672712.0,131.0,,,,0.013672,0.015625,-0.304688,,,,,,,
gyro,1778672712.0,131.0,,,,0.003906,0.007812,-0.302734,,,,,,,
gyro,1778672712.0,131.0,,,,0.0,0.003906,-0.306641,,,,,,,
gyro,1778672712.0,131.0,,,,0.013672,0.003906,-0.304688,,,,,,,
gyro,1778672712.0,131.0,,,,0.011719,0.0,-0.306641,,,,,,,
gyro,1778672712.0,131.0,,,,0.0,0.003906,-0.306641,,,,,,,
gyro,1778672712.0,131.0,,,,-0.001953,0.011719,-0.304688,,,,,,,
gyro,1778672712.0,131.0,,,,0.009766,0.019531,-0.306641,,,,,,,
gyro,1778672712.0,131.0,,,,0.017578,0.015625,-0.308594,,,,,,,
gyro,1778672712.0,131.0,,,,0.005859,0.013672,-0.304688,,,,,,,
gyro,1778672712.0,131.0,,,,0.009766,0.007812,-0.308594,,,,,,,
gyro,1778672712.0,131.0,,,,0.015625,-0.001953,-0.308594,,,,,,,
gyro,1778672712.0,131.0,,,,0.017578,-0.003906,-0.304688,,,,,,,
gyro,1778672712.0,131.0,,,,0.013672,0.0,-0.306641,,,,,,,
gyro,1778672712.0,131.0,,,,0.005859,-0.001953,-0.306641,,,,,,,
gyro,1778672712.0,131.0,,,,0.001953,-0.003906,-0.306641,,,,,,,
gyro,1778672713.0,132.0,,,,0.0,0.003906,-0.306641,,,,,,,
gyro,1778672713.0,132.0,,,,-0.001953,0.0,-0.310547,,,,,,,
gyro,1778672713.0,132.0,,,,-0.003906,-0.001953,-0.308594,,,,,,,
gyro,1778672713.0,132.0,,,,0.0,0.001953,-0.308594,,,,,,,
gyro,1778672713.0,132.0,,,,0.005859,0.007812,-0.308594,,,,,,,
gyro,1778672713.0,132.0,,,,0.005859,0.009766,-0.308594,,,,,,,
gyro,1778672713.0,132.0,,,,0.013672,0.021484,-0.306641,,,,,,,
gyro,1778672713.0,132.0,,,,0.013672,0.023438,-0.306641,,,,,,,
gyro,1778672713.0,132.0,,,,0.005859,0.027344,-0.306641,,,,,,,
gyro,1778672713.0,132.0,,,,-0.001953,0.027344,-0.306641,,,,,,,
gyro,1778672713.0,132.0,,,,0.005859,0.019531,-0.306641,,,,,,,
gyro,1778672713.0,132.0,,,,0.0,0.011719,-0.306641,,,,,,,
gyro,1778672713.0,132.0,,,,0.001953,0.003906,-0.3125,,,,,,,
gyro,1778672713.0,132.0,,,,0.0,-0.007812,-0.3125,,,,,,,
gyro,1778672713.0,132.0,,,,-0.009766,-0.011719,-0.310547,,,,,,,
gyro,1778672713.0,132.0,,,,-0.005859,0.001953,-0.3125,,,,,,,
gyro,1778672713.0,132.0,,,,0.003906,0.015625,-0.306641,,,,,,,
gyro,1778672713.0,132.0,,,,0.007812,0.033203,-0.306641,,,,,,,
gyro,1778672714.0,133.0,,,,0.005859,0.029297,-0.306641,,,,,,,
gyro,1778672714.0,133.0,,,,0.001953,0.013672,-0.308594,,,,,,,
gyro,1778672714.0,133.0,,,,0.001953,-0.001953,-0.306641,,,,,,,
gyro,1778672714.0,133.0,,,,0.0,-0.001953,-0.308594,,,,,,,
gyro,1778672714.0,133.0,,,,0.0,-0.003906,-0.308594,,,,,,,
gyro,1778672714.0,133.0,,,,0.005859,-0.001953,-0.308594,,,,,,,
gyro,1778672714.0,133.0,,,,0.007812,-0.001953,-0.3125,,,,,,,
gyro,1778672714.0,133.0,,,,0.009766,-0.001953,-0.308594,,,,,,,
gyro,1778672714.0,133.0,,,,0.001953,0.0,-0.306641,,,,,,,
gyro,1778672714.0,133.0,,,,0.001953,0.009766,-0.3125,,,,,,,
gyro,1778672714.0,133.0,,,,0.001953,0.017578,-0.308594,,,,,,,
gyro,1778672714.0,133.0,,,,0.005859,0.023438,-0.308594,,,,,,,
gyro,1778672714.0,133.0,,,,0.021484,0.021484,-0.306641,,,,,,,
gyro,1778672714.0,133.0,,,,0.0,0.013672,-0.306641,,,,,,,
gyro,1778672714.0,133.0,,,,0.007812,0.007812,-0.310547,,,,,,,
gyro,1778672714.0,133.0,,,,0.011719,0.009766,-0.308594,,,,,,,
gyro,1778672715.0,134.0,,,,0.011719,0.007812,-0.3125,,,,,,,
gyro,1778672715.0,134.0,,,,0.011719,0.005859,-0.310547,,,,,,,
gyro,1778672715.0,134.0,,,,0.005859,0.007812,-0.310547,,,,,,,
gyro,1778672715.0,134.0,,,,-0.001953,0.013672,-0.308594,,,,,,,
gyro,1778672715.0,134.0,,,,-0.001953,0.015625,-0.308594,,,,,,,
gyro,1778672715.0,134.0,,,,0.001953,0.011719,-0.308594,,,,,,,
gyro,1778672715.0,134.0,,,,0.007812,0.009766,-0.308594,,,,,,,
gyro,1778672715.0,134.0,,,,0.029297,0.003906,-0.304688,,,,,,,
gyro,1778672715.0,134.0,,,,0.025391,-0.003906,-0.308594,,,,,,,
gyro,1778672715.0,134.0,,,,0.007812,-0.009766,-0.306641,,,,,,,
gyro,1778672715.0,134.0,,,,0.0,0.0,-0.308594,,,,,,,
gyro,1778672715.0,134.0,,,,0.011719,0.015625,-0.308594,,,,,,,
gyro,1778672715.0,134.0,,,,-0.005859,0.023438,-0.306641,,,,,,,
gyro,1778672715.0,134.0,,,,-0.015625,0.021484,-0.306641,,,,,,,
gyro,1778672715.0,134.0,,,,-0.005859,0.019531,-0.304688,,,,,,,
gyro,1778672715.0,134.0,,,,0.001953,0.013672,-0.308594,,,,,,,
gyro,1778672715.0,134.0,,,,0.001953,0.0,-0.3125,,,,,,,
gyro,1778672715.0,134.0,,,,-0.003906,-0.005859,-0.308594,,,,,,,
gyro,1778672715.0,134.0,,,,-0.015625,-0.003906,-0.308594,,,,,,,
gyro,1778672716.0,135.0,,,,-0.011719,0.0,-0.306641,,,,,,,
gyro,1778672716.0,135.0,,,,0.001953,0.007812,-0.308594,,,,,,,
gyro,1778672716.0,135.0,,,,0.003906,0.013672,-0.306641,,,,,,,
gyro,1778672716.0,135.0,,,,0.007812,0.017578,-0.306641,,,,,,,
gyro,1778672716.0,135.0,,,,0.009766,0.015625,-0.304688,,,,,,,
gyro,1778672716.0,135.0,,,,0.001953,0.013672,-0.306641,,,,,,,
gyro,1778672716.0,135.0,,,,-0.005859,0.013672,-0.310547,,,,,,,
gyro,1778672716.0,135.0,,,,0.003906,0.007812,-0.306641,,,,,,,
gyro,1778672716.0,135.0,,,,0.009766,0.007812,-0.304688,,,,,,,
gyro,1778672716.0,135.0,,,,0.009766,0.011719,-0.306641,,,,,,,
gyro,1778672716.0,135.0,,,,0.005859,0.007812,-0.306641,,,,,,,
gyro,1778672716.0,135.0,,,,-0.001953,0.003906,-0.306641,,,,,,,
gyro,1778672716.0,135.0,,,,0.009766,0.0,-0.306641,,,,,,,
gyro,1778672716.0,135.0,,,,0.013672,0.007812,-0.308594,,,,,,,
gyro,1778672716.0,135.0,,,,0.015625,0.0,-0.306641,,,,,,,
gyro,1778672716.0,135.0,,,,0.013672,0.005859,-0.304688,,,,,,,
gyro,1778672716.0,135.0,,,,0.011719,0.013672,-0.308594,,,,,,,
gyro,1778672716.0,135.0,,,,0.011719,0.011719,-0.304688,,,,,,,
gyro,1778672716.0,135.0,,,,0.017578,0.015625,-0.304688,,,,,,,
gyro,1778672717.0,136.0,,,,-0.005859,0.013672,-0.304688,,,,,,,
gyro,1778672717.0,136.0,,,,-0.003906,0.009766,-0.304688,,,,,,,
gyro,1778672717.0,136.0,,,,0.003906,0.013672,-0.306641,,,,,,,
gyro,1778672717.0,136.0,,,,-0.001953,0.011719,-0.308594,,,,,,,
gyro,1778672717.0,136.0,,,,0.001953,0.007812,-0.308594,,,,,,,
gyro,1778672717.0,136.0,,,,0.001953,0.011719,-0.308594,,,,,,,
gyro,1778672717.0,136.0,,,,-0.001953,0.009766,-0.306641,,,,,,,
gyro,1778672717.0,136.0,,,,-0.005859,0.001953,-0.306641,,,,,,,
gyro,1778672717.0,136.0,,,,0.0,-0.005859,-0.306641,,,,,,,
gyro,1778672717.0,136.0,,,,0.011719,-0.007812,-0.306641,,,,,,,
gyro,1778672717.0,136.0,,,,0.011719,-0.009766,-0.302734,,,,,,,
gyro,1778672717.0,136.0,,,,0.009766,-0.001953,-0.304688,,,,,,,
gyro,1778672717.0,136.0,,,,-0.007812,0.001953,-0.308594,,,,,,,
gyro,1778672717.0,136.0,,,,-0.001953,0.015625,-0.306641,,,,,,,
gyro,1778672717.0,136.0,,,,0.007812,0.017578,-0.306641,,,,,,,
gyro,1778672717.0,136.0,,,,0.0,0.013672,-0.308594,,,,,,,
gyro,1778672717.0,136.0,,,,-0.001953,0.007812,-0.306641,,,,,,,
gyro,1778672717.0,136.0,,,,-0.009766,0.005859,-0.302734,,,,,,,
gyro,1778672718.0,137.0,,,,-0.001953,0.003906,-0.304688,,,,,,,
gyro,1778672718.0,137.0,,,,0.005859,0.001953,-0.3125,,,,,,,
gyro,1778672718.0,137.0,,,,0.005859,0.005859,-0.306641,,,,,,,
gyro,1778672718.0,137.0,,,,-0.011719,0.011719,-0.304688,,,,,,,
gyro,1778672718.0,137.0,,,,-0.005859,0.011719,-0.302734,,,,,,,
gyro,1778672718.0,137.0,,,,0.003906,0.017578,-0.308594,,,,,,,
gyro,1778672718.0,137.0,,,,0.003906,-0.011719,-0.308594,,,,,,,
gyro,1778672718.0,137.0,,,,0.005859,-0.009766,-0.314453,,,,,,,
gyro,1778672718.0,137.0,,,,0.025391,0.007812,-0.3125,,,,,,,
gyro,1778672718.0,137.0,,,,0.023438,0.027344,-0.3125,,,,,,,
gyro,1778672718.0,137.0,,,,0.019531,0.035156,-0.310547,,,,,,,
gyro,1778672718.0,137.0,,,,0.025391,0.048828,-0.3125,,,,,,,
gyro,1778672718.0,137.0,,,,0.019531,0.048828,-0.3125,,,,,,,
gyro,1778672718.0,137.0,,,,0.011719,0.042969,-0.3125,,,,,,,
gyro,1778672718.0,137.0,,,,-0.007812,0.023438,-0.3125,,,,,,,
gyro,1778672718.0,137.0,,,,-0.005859,0.005859,-0.3125,,,,,,,
gyro,1778672718.0,137.0,,,,-0.009766,-0.009766,-0.316406,,,,,,,
gyro,1778672719.0,138.0,,,,-0.007812,-0.011719,-0.308594,,,,,,,
gyro,1778672719.0,138.0,,,,-0.013672,-0.005859,-0.3125,,,,,,,
gyro,1778672719.0,138.0,,,,0.0,-0.013672,-0.316406,,,,,,,
gyro,1778672719.0,138.0,,,,0.013672,-0.007812,-0.3125,,,,,,,
gyro,1778672719.0,138.0,,,,0.005859,0.0,-0.306641,,,,,,,
gyro,1778672719.0,138.0,,,,0.0,0.011719,-0.304688,,,,,,,
gyro,1778672719.0,138.0,,,,0.011719,0.039062,-0.302734,,,,,,,
gyro,1778672719.0,138.0,,,,0.013672,0.041016,-0.298828,,,,,,,
gyro,1778672719.0,138.0,,,,0.011719,0.041016,-0.296875,,,,,,,
gyro,1778672719.0,138.0,,,,0.001953,0.035156,-0.294922,,,,,,,
gyro,1778672719.0,138.0,,,,-0.003906,0.011719,-0.296875,,,,,,,
gyro,1778672719.0,138.0,,,,-0.011719,0.005859,-0.294922,,,,,,,
gyro,1778672719.0,138.0,,,,-0.007812,0.0,-0.289062,,,,,,,
gyro,1778672719.0,138.0,,,,0.021484,-0.003906,-0.289062,,,,,,,
gyro,1778672719.0,138.0,,,,0.007812,0.0,-0.279297,,,,,,,
gyro,1778672719.0,138.0,,,,-0.005859,0.005859,-0.28125,,,,,,,
gyro,1778672720.0,139.0,,,,-0.001953,0.011719,-0.279297,,,,,,,
gyro,1778672720.0,139.0,,,,0.009766,0.019531,-0.279297,,,,,,,
gyro,1778672720.0,139.0,,,,0.021484,0.023438,-0.277344,,,,,,,
gyro,1778672720.0,139.0,,,,0.033203,0.023438,-0.273438,,,,,,,
gyro,1778672720.0,139.0,,,,0.013672,0.017578,-0.271484,,,,,,,
gyro,1778672720.0,139.0,,,,0.009766,0.015625,-0.269531,,,,,,,
gyro,1778672720.0,139.0,,,,0.025391,0.003906,-0.267578,,,,,,,
gyro,1778672720.0,139.0,,,,0.023438,0.003906,-0.263672,,,,,,,
gyro,1778672720.0,139.0,,,,0.005859,-0.001953,-0.259766,,,,,,,
gyro,1778672720.0,139.0,,,,0.011719,0.003906,-0.257812,,,,,,,
gyro,1778672720.0,139.0,,,,0.003906,-0.001953,-0.253906,,,,,,,
gyro,1778672720.0,139.0,,,,0.013672,-0.001953,-0.25,,,,,,,
gyro,1778672720.0,139.0,,,,0.021484,0.001953,-0.248047,,,,,,,
gyro,1778672720.0,139.0,,,,0.021484,0.007812,-0.244141,,,,,,,
gyro,1778672720.0,139.0,,,,0.005859,0.007812,-0.246094,,,,,,,
gyro,1778672720.0,139.0,,,,0.007812,0.003906,-0.242188,,,,,,,
gyro,1778672720.0,139.0,,,,0.021484,0.003906,-0.236328,,,,,,,
gyro,1778672720.0,139.0,,,,0.019531,0.003906,-0.236328,,,,,,,
gyro,1778672720.0,139.0,,,,0.011719,0.013672,-0.232422,,,,,,,
gyro,1778672721.0,140.0,,,,0.019531,0.013672,-0.226562,,,,,,,
gyro,1778672721.0,140.0,,,,0.021484,0.015625,-0.222656,,,,,,,
gyro,1778672721.0,140.0,,,,0.023438,0.011719,-0.21875,,,,,,,
gyro,1778672721.0,140.0,,,,0.017578,0.003906,-0.21875,,,,,,,
gyro,1778672721.0,140.0,,,,0.003906,0.0,-0.208984,,,,,,,
gyro,1778672721.0,140.0,,,,0.009766,0.011719,-0.205078,,,,,,,
gyro,1778672721.0,140.0,,,,0.013672,0.015625,-0.203125,,,,,,,
gyro,1778672721.0,140.0,,,,0.017578,0.013672,-0.199219,,,,,,,
gyro,1778672721.0,140.0,,,,0.019531,0.009766,-0.193359,,,,,,,
gyro,1778672721.0,140.0,,,,0.021484,0.003906,-0.1875,,,,,,,
gyro,1778672721.0,140.0,,,,0.021484,0.001953,-0.1875,,,,,,,
gyro,1778672721.0,140.0,,,,0.011719,0.007812,-0.183594,,,,,,,
gyro,1778672721.0,140.0,,,,-0.001953,0.011719,-0.179688,,,,,,,
gyro,1778672721.0,140.0,,,,0.007812,0.009766,-0.167969,,,,,,,
gyro,1778672721.0,140.0,,,,0.009766,0.001953,-0.160156,,,,,,,
gyro,1778672721.0,140.0,,,,0.007812,-0.001953,-0.152344,,,,,,,
gyro,1778672721.0,140.0,,,,-0.001953,-0.001953,-0.154297,,,,,,,
gyro,1778672721.0,140.0,,,,0.011719,0.0,-0.150391,,,,,,,
gyro,1778672722.0,141.0,,,,0.015625,0.005859,-0.144531,,,,,,,
gyro,1778672722.0,141.0,,,,0.007812,0.003906,-0.140625,,,,,,,
gyro,1778672722.0,141.0,,,,0.005859,0.001953,-0.136719,,,,,,,
gyro,1778672722.0,141.0,,,,0.0,-0.009766,-0.130859,,,,,,,
gyro,1778672722.0,141.0,,,,0.001953,-0.005859,-0.130859,,,,,,,
gyro,1778672722.0,141.0,,,,-0.003906,-0.007812,-0.126953,,,,,,,
gyro,1778672722.0,141.0,,,,0.009766,-0.005859,-0.121094,,,,,,,
gyro,1778672722.0,141.0,,,,0.013672,0.001953,-0.117188,,,,,,,
gyro,1778672722.0,141.0,,,,0.013672,0.007812,-0.113281,,,,,,,
gyro,1778672722.0,141.0,,,,0.013672,0.003906,-0.111328,,,,,,,
gyro,1778672722.0,141.0,,,,0.017578,0.003906,-0.105469,,,,,,,
gyro,1778672722.0,141.0,,,,0.009766,0.0,-0.099609,,,,,,,
gyro,1778672722.0,141.0,,,,0.009766,0.0,-0.09375,,,,,,,
gyro,1778672722.0,141.0,,,,0.003906,-0.001953,-0.09375,,,,,,,
gyro,1778672722.0,141.0,,,,-0.003906,-0.003906,-0.087891,,,,,,,
gyro,1778672722.0,141.0,,,,-0.001953,-0.003906,-0.082031,,,,,,,
gyro,1778672722.0,141.0,,,,0.0,-0.001953,-0.066406,,,,,,,
gyro,1778672722.0,141.0,,,,-0.001953,0.0,-0.064453,,,,,,,
gyro,1778672723.0,142.0,,,,0.001953,0.0,-0.060547,,,,,,,
gyro,1778672723.0,142.0,,,,-0.001953,0.001953,-0.058594,,,,,,,
gyro,1778672723.0,142.0,,,,-0.001953,-0.001953,-0.056641,,,,,,,
gyro,1778672723.0,142.0,,,,0.001953,-0.001953,-0.050781,,,,,,,
gyro,1778672723.0,142.0,,,,0.0,-0.003906,-0.044922,,,,,,,
gyro,1778672723.0,142.0,,,,0.003906,-0.003906,-0.042969,,,,,,,
gyro,1778672723.0,142.0,,,,0.005859,0.0,-0.044922,,,,,,,
gyro,1778672723.0,142.0,,,,0.001953,-0.005859,-0.041016,,,,,,,
gyro,1778672723.0,142.0,,,,0.005859,-0.007812,-0.03125,,,,,,,
gyro,1778672723.0,142.0,,,,0.001953,-0.009766,-0.029297,,,,,,,
gyro,1778672723.0,142.0,,,,0.001953,-0.007812,-0.029297,,,,,,,
gyro,1778672723.0,142.0,,,,0.007812,-0.007812,-0.027344,,,,,,,
gyro,1778672723.0,142.0,,,,0.001953,-0.009766,-0.023438,,,,,,,
gyro,1778672723.0,142.0,,,,0.001953,-0.007812,-0.021484,,,,,,,
gyro,1778672723.0,142.0,,,,0.001953,-0.007812,-0.017578,,,,,,,
gyro,1778672723.0,142.0,,,,0.0,-0.007812,-0.017578,,,,,,,
gyro,1778672723.0,142.0,,,,0.003906,-0.003906,-0.013672,,,,,,,
gyro,1778672723.0,142.0,,,,-0.001953,-0.005859,-0.017578,,,,,,,
gyro,1778672723.0,142.0,,,,0.001953,-0.005859,-0.011719,,,,,,,
gyro,1778672724.0,143.0,,,,0.0,-0.003906,-0.011719,,,,,,,
gyro,1778672724.0,143.0,,,,0.005859,-0.003906,-0.011719,,,,,,,
gyro,1778672724.0,143.0,,,,-0.001953,-0.007812,-0.007812,,,,,,,
gyro,1778672724.0,143.0,,,,-0.003906,-0.003906,-0.007812,,,,,,,
gyro,1778672724.0,143.0,,,,0.001953,0.0,-0.005859,,,,,,,
gyro,1778672724.0,143.0,,,,0.003906,0.0,-0.005859,,,,,,,
gyro,1778672724.0,143.0,,,,0.0,-0.001953,-0.003906,,,,,,,
gyro,1778672724.0,143.0,,,,-0.003906,-0.005859,-0.003906,,,,,,,
gyro,1778672724.0,143.0,,,,0.001953,-0.001953,-0.003906,,,,,,,
gyro,1778672724.0,143.0,,,,0.001953,-0.001953,-0.003906,,,,,,,
gyro,1778672724.0,143.0,,,,0.001953,-0.005859,0.0,,,,,,,
gyro,1778672724.0,143.0,,,,0.005859,0.0,0.001953,,,,,,,
gyro,1778672724.0,143.0,,,,0.0,0.0,0.0,,,,,,,
gyro,1778672724.0,143.0,,,,0.0,0.0,0.001953,,,,,,,
gyro,1778672724.0,143.0,,,,0.001953,0.0,0.0,,,,,,,
gyro,1778672724.0,143.0,,,,-0.001953,-0.007812,0.001953,,,,,,,
gyro,1778672725.0,144.0,,,,-0.001953,-0.007812,0.0,,,,,,,
gyro,1778672725.0,144.0,,,,0.0,-0.003906,0.001953,,,,,,,
gyro,1778672725.0,144.0,,,,-0.001953,-0.001953,0.001953,,,,,,,
gyro,1778672725.0,144.0,,,,-0.001953,0.0,-0.001953,,,,,,,
gyro,1778672725.0,144.0,,,,0.0,0.001953,0.001953,,,,,,,
gyro,1778672725.0,144.0,,,,0.0,0.003906,0.0,,,,,,,
gyro,1778672725.0,144.0,,,,0.0,0.001953,0.001953,,,,,,,
gyro,1778672725.0,144.0,,,,-0.001953,-0.001953,0.0,,,,,,,
gyro,1778672725.0,144.0,,,,0.001953,0.0,0.0,,,,,,,
gyro,1778672725.0,144.0,,,,0.0,-0.001953,0.0,,,,,,,
gyro,1778672725.0,144.0,,,,0.001953,-0.001953,0.0,,,,,,,
gyro,1778672725.0,144.0,,,,0.0,0.0,0.0,,,,,,,
gyro,1778672725.0,144.0,,,,0.0,-0.003906,0.0,,,,,,,
gyro,1778672725.0,144.0,,,,0.001953,0.001953,0.001953,,,,,,,
gyro,1778672725.0,144.0,,,,0.003906,0.0,0.0,,,,,,,
gyro,1778672725.0,144.0,,,,-0.001953,-0.003906,0.0,,,,,,,
gyro,1778672725.0,144.0,,,,-0.001953,-0.001953,0.0,,,,,,,
gyro,1778672725.0,144.0,,,,0.0,0.0,0.0,,,,,,,
gyro,1778672726.0,145.0,,,,-0.001953,0.0,0.0,,,,,,,
gyro,1778672726.0,145.0,,,,-0.001953,-0.001953,0.0,,,,,,,
gyro,1778672726.0,145.0,,,,0.0,-0.003906,-0.003906,,,,,,,
gyro,1778672726.0,145.0,,,,-0.001953,0.0,0.001953,,,,,,,
gyro,1778672726.0,145.0,,,,-0.003906,-0.001953,0.0,,,,,,,
gyro,1778672726.0,145.0,,,,0.0,0.0,0.001953,,,,,,,
gyro,1778672726.0,145.0,,,,0.0,-0.001953,0.001953,,,,,,,
gyro,1778672726.0,145.0,,,,0.0,0.001953,0.001953,,,,,,,
gyro,1778672726.0,145.0,,,,-0.001953,0.0,-0.001953,,,,,,,
gyro,1778672726.0,145.0,,,,0.001953,0.0,0.0,,,,,,,
gyro,1778672726.0,145.0,,,,-0.003906,0.0,0.0,,,,,,,
gyro,1778672726.0,145.0,,,,0.001953,0.001953,0.0,,,,,,,
gyro,1778672726.0,145.0,,,,-0.001953,0.0,0.0,,,,,,,
gyro,1778672726.0,145.0,,,,-0.003906,0.0,0.0,,,,,,,
gyro,1778672726.0,145.0,,,,-0.001953,0.0,0.001953,,,,,,,
gyro,1778672726.0,145.0,,,,-0.001953,0.0,0.001953,,,,,,,
gyro,1778672726.0,145.0,,,,0.0,0.001953,0.0,,,,,,,
gyro,1778672726.0,145.0,,,,0.0,0.001953,-0.003906,,,,,,,
gyro,1778672726.0,145.0,,,,0.001953,0.0,0.001953,,,,,,,
gyro,1778672727.0,146.0,,,,0.0,0.0,0.0,,,,,,,
gyro,1778672727.0,146.0,,,,0.0,0.0,-0.003906,,,,,,,
gyro,1778672727.0,146.0,,,,-0.001953,0.0,0.0,,,,,,,
gyro,1778672727.0,146.0,,,,0.0,0.0,0.001953,,,,,,,
gyro,1778672727.0,146.0,,,,-0.001953,0.001953,-0.001953,,,,,,,
gyro,1778672727.0,146.0,,,,0.0,0.0,0.0,,,,,,,
gyro,1778672727.0,146.0,,,,-0.001953,0.0,0.0,,,,,,,
gyro,1778672727.0,146.0,,,,-0.003906,0.0,0.0,,,,,,,
gyro,1778672727.0,146.0,,,,0.001953,-0.001953,0.0,,,,,,,
gyro,1778672727.0,146.0,,,,0.001953,0.0,0.001953,,,,,,,
gyro,1778672727.0,146.0,,,,0.001953,0.001953,0.001953,,,,,,,
gyro,1778672727.0,146.0,,,,-0.001953,-0.001953,0.0,,,,,,,
gyro,1778672727.0,146.0,,,,0.0,0.0,0.0,,,,,,,
gyro,1778672727.0,146.0,,,,0.001953,0.0,0.0,,,,,,,
gyro,1778672727.0,146.0,,,,-0.003906,0.0,-0.003906,,,,,,,
gyro,1778672727.0,146.0,,,,-0.001953,-0.001953,0.001953,,,,,,,
gyro,1778672727.0,146.0,,,,0.0,0.003906,0.0,,,,,,,
gyro,1778672727.0,146.0,,,,0.0,0.0,0.0,,,,,,,
gyro,1778672728.0,147.0,,,,0.0,-0.003906,0.0,,,,,,,
gyro,1778672728.0,147.0,,,,-0.001953,0.0,0.0,,,,,,,
gyro,1778672728.0,147.0,,,,0.0,0.0,0.0,,,,,,,
gyro,1778672728.0,147.0,,,,0.0,0.001953,0.0,,,,,,,
gyro,1778672728.0,147.0,,,,0.0,-0.001953,0.001953,,,,,,,
gyro,1778672728.0,147.0,,,,0.0,-0.001953,0.001953,,,,,,,
gyro,1778672728.0,147.0,,,,-0.001953,0.001953,0.0,,,,,,,
gyro,1778672728.0,147.0,,,,0.0,0.0,0.0,,,,,,,
gyro,1778672728.0,147.0,,,,0.001953,0.001953,0.0,,,,,,,
gyro,1778672728.0,147.0,,,,0.0,0.001953,0.0,,,,,,,
gyro,1778672728.0,147.0,,,,-0.003906,0.0,0.0,,,,,,,
gyro,1778672728.0,147.0,,,,0.0,0.0,0.0,,,,,,,
gyro,1778672728.0,147.0,,,,-0.001953,0.0,0.0,,,,,,,
gyro,1778672728.0,147.0,,,,0.0,0.001953,0.0,,,,,,,
gyro,1778672728.0,147.0,,,,-0.001953,0.0,-0.001953,,,,,,,
gyro,1778672728.0,147.0,,,,0.0,-0.001953,-0.001953,,,,,,,
gyro,1778672728.0,147.0,,,,0.0,0.0,-0.001953,,,,,,,
gyro,1778672728.0,147.0,,,,0.0,-0.001953,0.001953,,,,,,,
gyro,1778672728.0,147.0,,,,-0.003906,0.0,0.0,,,,,,,
gyro,1778672729.0,148.0,,,,0.0,0.0,0.0,,,,,,,
gyro,1778672729.0,148.0,,,,-0.001953,-0.001953,0.0,,,,,,,
gyro,1778672729.0,148.0,,,,-0.001953,0.0,-0.001953,,,,,,,
gyro,1778672729.0,148.0,,,,0.001953,-0.001953,0.003906,,,,,,,
gyro,1778672729.0,148.0,,,,0.001953,0.0,-0.001953,,,,,,,
gyro,1778672729.0,148.0,,,,0.0,0.0,-0.001953,,,,,,,
gyro,1778672729.0,148.0,,,,-0.001953,0.0,0.0,,,,,,,
gyro,1778672729.0,148.0,,,,-0.001953,0.0,0.0,,,,,,,
gyro,1778672729.0,148.0,,,,-0.001953,0.0,0.0,,,,,,,
gyro,1778672729.0,148.0,,,,0.001953,0.0,0.0,,,,,,,
gyro,1778672729.0,148.0,,,,0.0,-0.003906,0.0,,,,,,,
gyro,1778672729.0,148.0,,,,0.0,0.0,0.001953,,,,,,,
gyro,1778672729.0,148.0,,,,-0.001953,0.0,0.001953,,,,,,,
gyro,1778672729.0,148.0,,,,0.0,-0.001953,0.001953,,,,,,,
gyro,1778672729.0,148.0,,,,-0.001953,0.0,0.001953,,,,,,,
gyro,1778672729.0,148.0,,,,0.001953,0.001953,0.0,,,,,,,
gyro,1778672729.0,148.0,,,,0.001953,0.0,0.001953,,,,,,,
gps,1778672674.0,93.0,,,,,,,57.77758,11.913383,-6.9,0.072228,6.0,18.675980690432446,57.265521133853746
gps,1778672675.0,94.0,,,,,,,57.777573,11.913355,-9.0,0.038892,6.0,17.01589351787413,56.48715482644384
gps,1778672676.0,95.0,,,,,,,57.777573,11.913346,-9.3,0.07408,6.0,16.48229406974039,56.48715482644384
gps,1778672677.0,96.0,,,,,,,57.777573,11.913346,-9.1,0.214832,6.0,16.48229406974039,56.48715482644384
gps,1778672678.0,97.0,,,,,,,57.777573,11.913336,-9.0,2.455752,6.0,15.88940579382671,56.48715482644384
gps,1778672679.0,98.0,,,,,,,57.777554,11.913298,-8.0,10.323048,7.0,13.636430345354709,54.37444628038701
gps,1778672680.0,99.0,,,,,,,57.777554,11.913233,-7.2,17.490288,7.0,9.782656552104342,54.37444628038701
gps,1778672681.0,100.0,,,,,,,57.777546,11.913125,-5.8,24.020441,7.0,3.3794631725194213,53.48488478701263
gps,1778672682.0,101.0,,,,,,,57.777508,11.912991,-5.9,30.009809,7.0,-4.565239724441078,49.259467693484325
gps,1778672683.0,102.0,,,,,,,57.777451,11.912867,-5.4,34.541649,7.0,-11.917054345299317,42.921342053899195
gps,1778672684.0,103.0,,,,,,,57.777367,11.912768,-4.5,36.736275,7.0,-17.78664827665621,33.5809463734682
gps,1778672685.0,104.0,,,,,,,57.777271,11.912695,-3.8,34.489796,7.0,-22.114732690731813,22.90620845297564
gps,1778672686.0,105.0,,,,,,,57.777172,11.912689,-3.7,38.197498,7.0,-22.470465656091445,11.89788497317501
gps,1778672687.0,106.0,,,,,,,57.777077,11.912746,-1.4,37.160381,7.0,-19.091002483572026,1.33434224006157
gps,1778672688.0,107.0,,,,,,,57.777,11.912833,-1.0,36.728867,7.0,-13.932874483500129,-7.227687132959515
gps,1778672689.0,108.0,,,,,,,57.776936,11.912962,-1.1,38.10675,7.0,-6.284615724402183,-14.344179079954555
gps,1778672690.0,109.0,,,,,,,57.776897,11.913113,-1.4,38.303062,7.0,2.667997241517289,-18.68079136086198
gps,1778672691.0,110.0,,,,,,,57.776897,11.913285,-0.4,38.949413,7.0,12.86567558676121,-18.68079136086198
gps,1778672692.0,111.0,,,,,,,57.77692,11.91345,-1.9,38.525303,7.0,22.648332138865552,-16.123302066703317
gps,1778672693.0,112.0,,,,,,,57.776962,11.913605,-1.6,39.10498,7.0,31.838100415244785,-11.45310422648782
gps,1778672694.0,113.0,,,,,,,57.777035,11.913731,-0.5,38.634571,7.0,39.308492691380046,-3.3358556001539252
gps,1778672695.0,114.0,,,,,,,57.777122,11.91381,-0.1,37.927109,7.0,43.992310070909575,6.338125639585135
gps,1778672696.0,115.0,,,,,,,57.777214,11.913833,0.6,38.760509,7.0,45.35595310541676,16.568082813390504
gps,1778672697.0,116.0,,,,,,,57.777309,11.913808,1.0,38.812366,7.0,43.87373241563255,27.131625547918592
gps,1778672698.0,117.0,,,,,,,57.777386,11.913731,1.1,37.560413,7.0,39.308492691380046,35.69365492093968
gps,1778672699.0,118.0,,,,,,,57.777458,11.913607,0.8,40.408787,7.0,31.956678070333236,43.6997083613091
gps,1778672700.0,119.0,,,,,,,57.777515,11.913452,0.5,40.486572,7.0,22.76690979404829,50.037834000894236
gps,1778672701.0,120.0,,,,,,,57.777523,11.91328,0.2,39.012383,7.0,12.569231448898655,50.92739549426861
gps,1778672702.0,121.0,,,,,,,57.777515,11.913098,1.2,38.871628,7.0,1.778664827646763,50.037834000894236
gps,1778672703.0,122.0,,,,,,,57.777473,11.912931,0.8,39.040161,7.0,-8.122569379734603,45.367636160678735
gps,1778672704.0,123.0,,,,,,,57.777409,11.912795,1.7,39.438339,7.0,-16.18584993178355,38.251144213683695
gps,1778672705.0,124.0,,,,,,,57.777309,11.912716,3.0,38.982746,7.0,-20.869667311313076,27.131625547918592
gps,1778672706.0,125.0,,,,,,,57.777214,11.912679,2.6,40.08839,7.0,-23.063353932005132,16.568082813390504
gps,1778672707.0,126.0,,,,,,,57.777134,11.912691,2.6,36.056587,7.0,-22.351888001002997,7.672467879646705
gps,1778672708.0,127.0,,,,,,,57.777035,11.912765,1.4,39.729103,7.0,-17.964514759430312,-3.3358556001539252
gps,1778672709.0,128.0,,,,,,,57.776962,11.912876,1.2,37.61412,7.0,-11.383454896976998,-11.45310422648782
gps,1778672710.0,129.0,,,,,,,57.77692,11.913029,0.9,39.232769,7.0,-2.3122642759690786,-16.123302066703317
gps,1778672711.0,130.0,,,,,,,57.776897,11.913204,0.8,40.062466,7.0,8.063280552143235,-18.68079136086198
gps,1778672712.0,131.0,,,,,,,57.776905,11.913385,0.6,39.927269,7.0,18.794558345709472,-17.791229866072953
gps,1778672713.0,132.0,,,,,,,57.776936,11.913562,0.5,41.668148,7.0,29.288680828815945,-14.344179079954555
gps,1778672714.0,133.0,,,,,,,57.777,11.913698,0.1,38.156757,7.0,37.351961380959175,-7.227687132959515
gps,1778672715.0,134.0,,,,,,,57.777077,11.913796,0.3,37.869698,7.0,43.162266484630415,1.33434224006157
gps,1778672716.0,135.0,,,,,,,57.777164,11.913853,1.6,35.823238,7.0,46.54172965714984,11.00832347980063
gps,1778672717.0,136.0,,,,,,,57.777271,11.913838,1.7,37.98637,7.0,45.65239724327931,22.90620845297564
gps,1778672718.0,137.0,,,,,,,57.777351,11.913772,1.2,38.367882,7.0,41.739334622437575,31.80182338813409
gps,1778672719.0,138.0,,,,,,,57.777431,11.913655,0.2,39.230919,7.0,34.80254179462463,40.69743832046324
gps,1778672720.0,139.0,,,,,,,57.777481,11.913511,0.8,37.645603,7.0,26.264950621844736,46.257197654053115
gps,1778672721.0,140.0,,,,,,,57.777508,11.913364,1.2,32.887814,7.0,17.54949296619645,49.259467693484325
gps,1778672722.0,141.0,,,,,,,57.777508,11.913253,0.2,21.89064,7.0,10.968433103837421,49.259467693484325
gps,1778672723.0,142.0,,,,,,,57.777508,11.913179,0.6,11.780572,7.0,6.581059862359026,49.259467693484325
gps,1778672724.0,143.0,,,,,,,57.777508,11.913153,0.4,3.598436,7.0,5.039550344983447,49.259467693484325
gps,1778672725.0,144.0,,,,,,,57.777508,11.913145,0.7,0.190756,7.0,4.565239724252501,49.259467693484325
gps,1778672726.0,145.0,,,,,,,57.777508,11.913141,1.1,0.053708,7.0,4.328084413887027,49.259467693484325
gps,1778672727.0,146.0,,,,,,,57.777515,11.913136,1.3,0.053708,7.0,4.031640276024473,50.037834000894236
gps,1778672728.0,147.0,,,,,,,57.777515,11.913136,1.5,0.470408,7.0,4.031640276024473,50.037834000894236
gps,1778672729.0,148.0,,,,,,,57.777515,11.913138,1.9,0.318544,7.0,4.150217931301499,50.037834000894236
