sensor,time,t,ax,ay,az,wx,wy,wz,lat,lon,alt,v_kmh,satellites,x,y
acc,1778672593.0,12.0,-0.074219,0.089844,-9.796875,,,,,,,,,,
acc,1778672593.0,12.0,-0.08642787116348856,0.089844,-9.80908418371459,,,,,,,,,,
acc,1778672593.0,12.0,-0.09282356866596454,0.089844,-9.807106587298572,,,,,,,,,,
acc,1778672593.0,12.0,-0.08924380876511316,0.08232777301738922,-9.80588946239945,,,,,,,,,,
acc,1778672593.0,12.0,-0.08681845963937355,0.08984656835494338,-9.804434321183258,,,,,,,,,,
acc,1778672593.0,12.0,-0.09049804955022589,0.08984621122774364,-9.803926330507238,,,,,,,,,,
acc,1778672593.0,12.0,-0.09328073341101534,0.08984594115088207,-9.807836199698711,,,,,,,,,,
acc,1778672593.0,12.0,-0.09120470330044511,0.08984572973843634,-9.806642405822162,,,,,,,,,,
acc,1778672593.0,12.0,-0.09337440672306617,0.0860063685008715,-9.80568244527575,,,,,,,,,,
acc,1778672593.0,12.0,-0.09515716452278526,0.08635005199268456,-9.80524349072066,,,,,,,,,,
acc,1778672593.0,12.0,-0.09343468086964454,0.08663748255141263,-9.80455505461385,,,,,,,,,,
acc,1778672593.0,12.0,-0.094944653317551,0.08688144481813304,-9.800998691132325,,,,,,,,,,
acc,1778672593.0,12.0,-0.09624242346660257,0.08709112211898953,-9.800983283861829,,,,,,,,,,
acc,1778672593.0,12.0,-0.09736987263376601,0.0846884673630353,-9.800711437137462,,,,,,,,,,
acc,1778672593.0,12.0,-0.09835854102581533,0.08500881626384056,-9.80071575955924,,,,,,,,,,
acc,1778672593.0,12.0,-0.09923263387537418,0.08529204033149534,-9.800719581060969,,,,,,,,,,
acc,1778672593.0,12.0,-0.10217546927168918,0.08554425881150282,-9.80072298420875,,,,,,,,,,
acc,1778672593.0,12.0,-0.1027593383903744,0.08371659349937541,-9.800520677880161,,,,,,,,,,
acc,1778672593.0,12.0,-0.10133164200464731,0.08206902971937853,-9.800533700183701,,,,,,,,,,
acc,1778672593.0,12.0,-0.10190182016791262,0.0824400218911564,-9.800545500395485,,,,,,,,,,
acc,1778672593.0,12.0,-0.10242092678781248,0.08277778384822262,-9.800556243648117,,,,,,,,,,
acc,1778672593.0,12.0,-0.1028955652211699,0.08308661213128435,-9.800566066602407,,,,,,,,,,
acc,1778672593.0,12.0,-0.10333124733064551,0.08337009308936501,-9.802049963895788,,,,,,,,,,
acc,1778672593.0,12.0,-0.10373261005117886,0.08363124379094326,-9.800265450236996,,,,,,,,,,
acc,1778672593.0,12.0,-0.10410358236107707,0.08387262066537567,-9.798616056508632,,,,,,,,,,
acc,1778672593.0,12.0,-0.10444751542125878,0.08409640417930804,-9.798697189967891,,,,,,,,,,
acc,1778672593.0,12.0,-0.10335325184711801,0.08430446549683618,-9.800186692670314,,,,,,,,,,
acc,1778672593.0,12.0,-0.10370084891028473,0.08313071914726859,-9.80157520125742,,,,,,,,,,
acc,1778672593.0,12.0,-0.10270123599339909,0.0833583399547523,-9.802872744897005,,,,,,,,,,
acc,1778672593.0,12.0,-0.10304901481621748,0.08357153707468136,-9.80280398489655,,,,,,,,,,
acc,1778672593.0,12.0,-0.1033754560858676,0.08377165374064563,-9.802739443583572,,,,,,,,,,
acc,1778672593.0,12.0,-0.10368248693620216,0.08395987133391433,-9.802678739940843,,,,,,,,,,
acc,1778672593.0,12.0,-0.10397180907869412,0.08413723304619779,-9.803681253592078,,,,,,,,,,
acc,1778672593.0,12.0,-0.10309889335711628,0.084304663508988,-9.803481565362645,,,,,,,,,,
acc,1778672593.0,12.0,-0.1033899116104806,0.08446298516942143,-9.80217626798069,,,,,,,,,,
acc,1778672593.0,12.0,-0.10366553575346099,0.08461293202487714,-9.802137387573776,,,,,,,,,,
acc,1778672593.0,12.0,-0.10180280813723228,0.08475516120031187,-9.802100508319462,,,,,,,,,,
acc,1778672593.0,12.0,-0.1010704966079324,0.08489026275355717,-9.801961778381603,,,,,,,,,,
acc,1778672593.0,12.0,-0.10037393995230014,0.0850187680171425,-9.802944483888998,,,,,,,,,,
acc,1778672593.0,12.0,-0.09971053779383769,0.08613193763173414,-9.803880414871019,,,,,,,,,,
acc,1778672593.0,12.0,-0.10004730424114802,0.08622405667948387,-9.803803499367405,,,,,,,,,,
acc,1778672593.0,12.0,-0.1003688109085134,0.08631200156912304,-9.803730069109037,,,,,,,,,,
acc,1778672593.0,12.0,-0.09974650441483157,0.08639605516197305,-9.803566933932414,,,,,,,,,,
acc,1778672593.0,12.0,-0.09915109904096213,0.08647647527872264,-9.802590869670754,,,,,,,,,,
acc,1778672593.0,12.0,-0.09858085129124641,0.08566004725077032,-9.80254947427499,,,,,,,,,,
acc,1778672593.0,12.0,-0.09803416548369236,0.0857539361576574,-9.803386372410094,,,,,,,,,,
acc,1778672593.0,12.0,-0.09750957841581369,0.0858440297830811,-9.803242943561665,,,,,,,,,,
acc,1778672593.0,12.0,-0.09785075306872805,0.08508553017969957,-9.80310518927472,,,,,,,,,,
acc,1778672593.0,12.0,-0.09817871125603418,0.08518666784415611,-9.803055790395694,,,,,,,,,,
acc,1778672593.0,12.0,-0.09849422516358174,0.0852839678688179,-9.802110566440437,,,,,,,,,,
acc,1778672593.0,12.0,-0.09879800777182605,0.08537765012676887,-9.802083251548206,,,,,,,,,,
acc,1778672593.0,12.0,-0.09830125011278641,0.08546791794913482,-9.801977989412697,,,,,,,,,,
acc,1778672593.0,12.0,-0.09859920223350449,0.08555495965125326,-9.801954180902095,,,,,,,,,,
acc,1778672593.0,12.0,-0.09812177630325393,0.08487399770204597,-9.801931207057246,,,,,,,,,,
acc,1778672593.0,12.0,-0.09766077369262918,0.08421646065508263,-9.801909023506289,,,,,,,,,,
acc,1778672593.0,12.0,-0.09721533683054553,0.08358112533993947,-9.801887588982707,,,,,,,,,,
acc,1778672593.0,12.0,-0.09751621058856935,0.08369841490434334,-9.801866865058503,,,,,,,,,,
acc,1778672593.0,12.0,-0.09780728790950675,0.08381188552539327,-9.801846815904412,,,,,,,,,,
acc,1778672593.0,12.0,-0.09808905437453966,0.0839217264971164,-9.80246759470495,,,,,,,,,,
acc,1778672593.0,12.0,-0.098361963797122,0.084028114729532,-9.80306885995483,,,,,,,,,,
acc,1778672593.0,12.0,-0.09862644077724755,0.0841312157443813,-9.80302830195339,,,,,,,,,,
acc,1778672593.0,12.0,-0.09888288301322788,0.08423118457632744,-9.802988976093834,,,,,,,,,,
acc,1778672593.0,12.0,-0.09913166339742012,0.08432816658993271,-9.802950825192475,,,,,,,,,,
acc,1778672593.0,12.0,-0.09937313191909979,0.08375566026327315,-9.803580433536037,,,,,,,,,,
acc,1778672593.0,12.0,-0.09894903538925415,0.08385830915464303,-9.80346738049557,,,,,,,,,,
acc,1778672593.0,12.0,-0.09918781964592362,0.08330720950476,-9.803357545122747,,,,,,,,,,
acc,1778672593.0,12.0,-0.09877661971344431,0.08277155041707267,-9.803315113193824,,,,,,,,,,
acc,1778672593.0,12.0,-0.09901278535347274,0.08288670663535447,-9.80327385183329,,,,,,,,,,
acc,1778672593.0,12.0,-0.09924253466743388,0.08299873420272379,-9.80323371149249,,,,,,,,,,
acc,1778672593.0,12.0,-0.0994661352991707,0.08310776362441753,-9.803194645410395,,,,,,,,,,
acc,1778672593.0,12.0,-0.09968384004268115,0.08321391816477174,-9.803156609420439,,,,,,,,,,
acc,1778672593.0,12.0,-0.10050507564316209,0.08331731434210209,-9.803667835459233,,,,,,,,,,
acc,1778672593.0,12.0,-0.10070228896464482,0.08341806238356797,-9.803623273328652,,,,,,,,,,
acc,1778672593.0,12.0,-0.10089452285873751,0.08351626664374466,-9.803579836344648,,,,,,,,,,
acc,1778672593.0,12.0,-0.10049083476183256,0.08302087476096622,-9.80353748077683,,,,,,,,,,
acc,1778672593.0,12.0,-0.10068254061865634,0.08312314342175424,-9.804023117137545,,,,,,,,,,
acc,1778672593.0,12.0,-0.10028960781464198,0.08322293524699499,-9.80391698131276,,,,,,,,,,
acc,1778672593.0,12.0,-0.10048073389594675,0.08332034267972058,-9.80387084554757,,,,,,,,,,
acc,1778672593.0,12.0,-0.10066735381072624,0.08284593931118849,-9.803768850472679,,,,,,,,,,
acc,1778672593.0,12.0,-0.1008496313771628,0.08294706704641992,-9.803104736168255,,,,,,,,,,
acc,1778672593.0,12.0,-0.10102772242703274,0.0830458720990132,-9.803071446461676,,,,,,,,,,
acc,1778672593.0,12.0,-0.10120177528619893,0.08314243676027204,-9.803038911594735,,,,,,,,,,
acc,1778672593.0,12.0,-0.10137193122086338,0.08268657219532716,-9.80295208266627,,,,,,,,,,
acc,1778672593.0,12.0,-0.10099255018643492,0.0822407872122976,-9.80341296224269,,,,,,,,,,
acc,1778672593.0,12.0,-0.10062145461432444,0.0823461717645771,-9.803322342626615,,,,,,,,,,
acc,1778672593.0,12.0,-0.10025836528629747,0.08244928268571791,-9.803233678093864,,,,,,,,,,
acc,1778672593.0,12.0,-0.09990301567140793,0.08255019566577546,-9.803146903558963,,,,,,,,,,
acc,1778672593.0,12.0,-0.09955515121369134,0.08264898299412304,-9.803061956860661,,,,,,,,,,
acc,1778672593.0,12.0,-0.0992145286672434,0.08274571374827774,-9.802978778599572,,,,,,,,,,
acc,1778672593.0,12.0,-0.09888091547504706,0.08336181115730416,-9.802428087848792,,,,,,,,,,
acc,1778672593.0,12.0,-0.09907174923895104,0.0839653749048464,-9.802872170149339,,,,,,,,,,
acc,1778672593.0,12.0,-0.09874468451414581,0.08404273821304598,-9.802793246776087,,,,,,,,,,
acc,1778672593.0,12.0,-0.09842412549039475,0.08411856267429099,-9.802715893281315,,,,,,,,,,
acc,1778672593.0,12.0,-0.09810987276566871,0.08419289545478272,-9.802640061547692,,,,,,,,,,
acc,1778672593.0,12.0,-0.09780173524336945,0.08426578175617057,-9.80211227360797,,,,,,,,,,
acc,1778672593.0,12.0,-0.09749952970406589,0.08433726491685285,-9.802045159548516,,,,,,,,,,
acc,1778672593.0,12.0,-0.09720308040340277,0.08490479368508923,-9.801979323839365,,,,,,,,,,
acc,1778672593.0,12.0,-0.09740654519686147,0.08546162545060522,-9.801964159146507,,,,,,,,,,
acc,1778672593.0,12.0,-0.09760621459135925,0.08551674709626747,-9.801949277333348,,,,,,,,,,
acc,1778672593.0,12.0,-0.09780219736064949,0.0860592454922468,-9.801397426343671,,,,,,,,,,
acc,1778672593.0,12.0,-0.09799459801583857,0.0865918282657399,-9.801389764198532,,,,,,,,,,
acc,1778672593.0,12.0,-0.09818351701256257,0.08711477348722019,-9.801382240706625,,,,,,,,,,
acc,1778672593.0,12.0,-0.09788901553086045,0.08714831312632466,-9.801854899725575,,,,,,,,,,
acc,1778672593.0,12.0,-0.09759973973052267,0.08718125763271191,-9.801794039415752,,,,,,,,,,
acc,1778672593.0,12.0,-0.09779034488611307,0.08721362317058912,-9.801781725958023,,,,,,,,,,
acc,1778672593.0,12.0,-0.09797763205473183,0.08724542530065779,-9.802194686662968,,,,,,,,,,
acc,1778672593.0,12.0,-0.09816168948626186,0.08727667900811033,-9.802177683900105,,,,,,,,,,
acc,1778672593.0,12.0,-0.09881001724353641,0.08730739872908741,-9.801646818677302,,,,,,,,,,
acc,1778672593.0,12.0,-0.09898230232842753,0.08733759837569392,-9.801636510625192,,,,,,,,,,
acc,1778672593.0,12.0,-0.09915169696839204,0.08736729135966406,-9.801626375512354,,,,,,,,,,
acc,1778672593.0,12.0,-0.09931827494887316,0.08693595582143172,-9.801570358981632,,,,,,,,,,
acc,1778672593.0,12.0,-0.09948210744954786,0.08651172940414432,-9.802019445123127,,,,,,,,,,
acc,1778672593.0,12.0,-0.09964326315896632,0.0865506466165138,-9.802004981462245,,,,,,,,,,
acc,1778672593.0,12.0,-0.0998018083832146,0.08658893342735345,-9.80199075209137,,,,,,,,,,
acc,1778672593.0,12.0,-0.0999578071489606,0.08662660529835212,-9.802383633869802,,,,,,,,,,
acc,1778672593.0,12.0,-0.1001113213012186,0.08666367716435489,-9.802365167802197,,,,,,,,,,
acc,1778672593.0,12.0,-0.10026241059614514,0.08670016345577222,-9.802346993418315,,,,,,,,,,
acc,1778672593.0,12.0,-0.10041113278915792,0.08628982892607694,-9.802284482278584,,,,,,,,,,
acc,1778672593.0,12.0,-0.1005575437186498,0.08633026209310043,-9.801778551847402,,,,,,,,,,
acc,1778672593.0,12.0,-0.10114427168028096,0.0863700718894808,-9.801280421502177,,,,,,,,,,
acc,1778672593.0,12.0,-0.101281226181936,0.08596847407196438,-9.801230709397686,,,,,,,,,,
acc,1778672593.0,12.0,-0.10141610200969466,0.08601203445697407,-9.801620814629686,,,,,,,,,,
acc,1778672593.0,12.0,-0.1015489463700399,0.08561757305995556,-9.802048777399785,,,,,,,,,,
acc,1778672593.0,12.0,-0.10167980496802366,0.08566471436371184,-9.802034636689358,,,,,,,,,,
acc,1778672593.0,12.0,-0.10137464956749304,0.08571115625002065,-9.802454789391302,,,,,,,,,,
acc,1778672593.0,12.0,-0.10150647399987998,0.08532441742127977,-9.802868754316476,,,,,,,,,,
acc,1778672593.0,12.0,-0.10120543736902304,0.08494333289880501,-9.803233575710555,,,,,,,,,,
acc,1778672593.0,12.0,-0.10090877048250184,0.08456778006836646,-9.803593101482585,,,,,,,,,,
acc,1778672594.0,13.0,-0.10061637943692296,0.0841976400569561,-9.80394744543256,,,,,,,,,,
acc,1778672594.0,13.0,-0.100754651609498,0.08425928694582867,-9.803912874220014,,,,,,,,,,
acc,1778672594.0,13.0,-0.10046590102305335,0.08389498931594458,-9.803878794389188,,,,,,,,,,
acc,1778672594.0,13.0,-0.10018122670335934,0.08311216735007852,-9.803802831120182,,,,,,,,,,
acc,1778672594.0,13.0,-0.09990054412519044,0.08276262894142361,-9.803770161528345,,,,,,,,,,
acc,1778672594.0,13.0,-0.09962377123995043,0.08241795933457896,-9.80373794699885,,,,,,,,,,
acc,1778672594.0,13.0,-0.09935082838395831,0.08249774295981965,-9.803664213118838,,,,,,,,,,
acc,1778672594.0,13.0,-0.09908163819075941,0.0825764296483376,-9.803591492998232,,,,,,,,,,
acc,1778672594.0,13.0,-0.09881612550725812,0.0826540413680513,-9.803144328948482,,,,,,,,,,
acc,1778672594.0,13.0,-0.09855421731347994,0.08273059946334897,-9.802703235411826,,,,,,,,,,
acc,1778672594.0,13.0,-0.09871057620413122,0.0828061246775349,-9.802682826432964,,,,,,,,,,
acc,1778672594.0,13.0,-0.09845127514955125,0.08288063717431776,-9.802621336902591,,,,,,,,,,
acc,1778672594.0,13.0,-0.09819543009476694,0.08254172828603817,-9.80214823864071,,,,,,,,,,
acc,1778672594.0,13.0,-0.097531668033555,0.08261861621026437,-9.80213384255342,,,,,,,,,,
acc,1778672594.0,13.0,-0.09728685696357767,0.08269449143544305,-9.802078618377857,,,,,,,,,,
acc,1778672594.0,13.0,-0.09704525166322783,0.08276937308425944,-9.802024117355804,,,,,,,,,,
acc,1778672594.0,13.0,-0.09721486205962147,0.08284327976540688,-9.802378406358024,,,,,,,,,,
acc,1778672594.0,13.0,-0.09738227654342911,0.08332326858160327,-9.802361760854179,,,,,,,,,,
acc,1778672594.0,13.0,-0.09754753558088755,0.08379707758516936,-9.802345329659692,,,,,,,,,,
acc,1778672594.0,13.0,-0.09771067857524164,0.08426481974791274,-9.802693657827074,,,,,,,,,,
acc,1778672594.0,13.0,-0.0978717439025097,0.08432253291058137,-9.802673872566997,,,,,,,,,,
acc,1778672594.0,13.0,-0.09762764525169147,0.08437951499573054,-9.802614027629948,,,,,,,,,,
acc,1778672594.0,13.0,-0.09738662246675019,0.08403357410222337,-9.80259515420009,,,,,,,,,,
acc,1778672594.0,13.0,-0.09754990569335452,0.08369196980970219,-9.80297781226372,,,,,,,,,,
acc,1778672594.0,13.0,-0.09771115250433038,0.08335462589550956,-9.802915257237583,,,,,,,,,,
acc,1778672594.0,13.0,-0.09787039841862916,0.08302146805056602,-9.803292958522501,,,,,,,,,,
acc,1778672594.0,13.0,-0.09802767807013825,0.08269242381743155,-9.803227457232724,,,,,,,,,,
acc,1778672594.0,13.0,-0.09858086161393664,0.08276525890853964,-9.80320254133574,,,,,,,,,,
acc,1778672594.0,13.0,-0.09873026584930077,0.08283720339452577,-9.803177930102692,,,,,,,,,,
acc,1778672594.0,13.0,-0.09887785189879518,0.0829082723467795,-9.80315361837786,,,,,,,,,,
acc,1778672594.0,13.0,-0.09902365030351848,0.08258305837110154,-9.803090061956935,,,,,,,,,,
acc,1778672594.0,13.0,-0.09916769087126269,0.0826564149329345,-9.80306673373659,,,,,,,,,,
acc,1778672594.0,13.0,-0.09931000269937286,0.08272889108726947,-9.803398191791649,,,,,,,,,,
acc,1778672594.0,13.0,-0.09945061419675763,0.08280050130211289,-9.803725689611477,,,,,,,,,,
acc,1778672594.0,13.0,-0.09958955310508726,0.08287125970566199,-9.80369610750395,,,,,,,,,,
acc,1778672594.0,13.0,-0.0997268465192134,0.0829411800967041,-9.80366687574599,,,,,,,,,,
acc,1778672594.0,13.0,-0.09986252090684365,0.08301027595463645,-9.803637988702238,,,,,,,,,,
acc,1778672594.0,13.0,-0.09999660212750189,0.08346887894982498,-9.803609440866829,,,,,,,,,,
acc,1778672594.0,13.0,-0.10051877315285856,0.0839221192072646,-9.803931921783875,,,,,,,,,,
acc,1778672594.0,13.0,-0.10064586295639162,0.08437008120015017,-9.803900544028624,,,,,,,,,,
acc,1778672594.0,13.0,-0.10077147870784994,0.08442450169603334,-9.80386953020851,,,,,,,,,,
acc,1778672594.0,13.0,-0.10089564331105695,0.08486600760644986,-9.803838874668712,,,,,,,,,,
acc,1778672594.0,13.0,-0.10063128430988964,0.08491533829178506,-9.803769864376441,,,,,,,,,,
acc,1778672594.0,13.0,-0.10036995549988006,0.08496410352859819,-9.804126789617136,,,,,,,,,,
acc,1778672594.0,13.0,-0.10049750344993406,0.08501231192811205,-9.804093736628513,,,,,,,,,,
acc,1778672594.0,13.0,-0.10062360043009953,0.08505997191476597,-9.804407849862793,,,,,,,,,,
acc,1778672594.0,13.0,-0.1007482682494104,0.08510709173156675,-9.804372127559734,,,,,,,,,,
acc,1778672594.0,13.0,-0.10087152825054416,0.08515367944525576,-9.803914206534214,,,,,,,,,,
acc,1778672594.0,13.0,-0.10060977452138718,0.08519974295129935,-9.803499808599465,,,,,,,,,,
acc,1778672594.0,13.0,-0.10073404340834677,0.08524528997870964,-9.803051740404968,,,,,,,,,,
acc,1778672594.0,13.0,-0.10047436458645052,0.08529032809470213,-9.802646942375079,,,,,,,,,,
acc,1778672594.0,13.0,-0.10021757730020786,0.0853348647091967,-9.803010743511882,,,,,,,,,,
acc,1778672594.0,13.0,-0.09958209713082833,0.08499736450232656,-9.802950813465793,,,,,,,,,,
acc,1778672594.0,13.0,-0.09933469004613515,0.08504464153449912,-9.802891546283677,,,,,,,,,,
acc,1778672594.0,13.0,-0.09909001048980139,0.08509139736314122,-9.802832932489963,,,,,,,,,,
acc,1778672594.0,13.0,-0.09884801970612962,0.08513763939408105,-9.802774962800598,,,,,,,,,,
acc,1778672594.0,13.0,-0.09860867971728049,0.0851833748845058,-9.802375988996681,,,,,,,,,,
acc,1778672594.0,13.0,-0.09837195330237639,0.08522861094695483,-9.802322596356076,,,,,,,,,,
acc,1778672594.0,13.0,-0.09813780397728394,0.08527335455318302,-9.802269784967168,,,,,,,,,,
acc,1778672594.0,13.0,-0.09828443695197565,0.08531761253789923,-9.802255368923944,,,,,,,,,,
acc,1778672594.0,13.0,-0.09805167687012037,0.08498357560445947,-9.801825514182088,,,,,,,,,,
acc,1778672594.0,13.0,-0.09782142812477138,0.08465314272176033,-9.801815423075611,,,,,,,,,,
acc,1778672594.0,13.0,-0.09759365645075792,0.08432626471542246,-9.801805440531684,,,,,,,,,,
acc,1778672594.0,13.0,-0.09736832823819817,0.08437945486312241,-9.801757911818076,,,,,,,,,,
acc,1778672594.0,13.0,-0.09714541051559317,0.08443207599944441,-9.802124663887643,,,,,,,,,,
acc,1778672594.0,13.0,-0.09730062609807959,0.08485989092531829,-9.80211173857288,,,,,,,,,,
acc,1778672594.0,13.0,-0.09745419028814231,0.08490778596694468,-9.802436793698046,,,,,,,,,,
acc,1778672594.0,13.0,-0.09760612501093817,0.08495517279501852,-9.802420898355832,,,,,,,,,,
acc,1778672594.0,13.0,-0.09775645178632089,0.08500205812135388,-9.802742337462291,,,,,,,,,,
acc,1778672594.0,13.0,-0.0979051917390011,0.08504844853452388,-9.803060383514717,,,,,,,,,,
acc,1778672594.0,13.0,-0.09767847269891848,0.0850943505029323,-9.803412468236154,,,,,,,,,,
acc,1778672594.0,13.0,-0.09745413481569032,0.08476621932466209,-9.803723502888996,,,,,,,,,,
acc,1778672594.0,13.0,-0.09760534404107017,0.08481473223442819,-9.804031278882373,,,,,,,,,,
acc,1778672594.0,13.0,-0.09775497290716754,0.08448986999091881,-9.803962970041107,,,,,,,,,,
acc,1778672594.0,13.0,-0.09790304165622965,0.08454093130415885,-9.804267909782544,,,,,,,,,,
acc,1778672594.0,13.0,-0.09804957017336204,0.08459146147044504,-9.80423468484407,,,,,,,,,,
acc,1778672594.0,13.0,-0.09782269593295197,0.08426957564445689,-9.804536509999414,,,,,,,,,,
acc,1778672594.0,13.0,-0.09796973970331159,0.08432260114914798,-9.804500786523699,,,,,,,,,,
acc,1778672594.0,13.0,-0.09811526429181432,0.08437507882114625,-9.804799578880838,,,,,,,,,,
acc,1778672594.0,13.0,-0.09788832869956339,0.08442701551097949,-9.80472432155276,,,,,,,,,,
acc,1778672594.0,13.0,-0.09766372748843265,0.08447841795218741,-9.804316238694627,,,,,,,,,,
acc,1778672594.0,13.0,-0.09744143173566695,0.08415890931666851,-9.80461606658713,,,,,,,,,,
acc,1778672594.0,13.0,-0.09759150222465865,0.08421277216978244,-9.804579731612057,,,,,,,,,,
acc,1778672594.0,13.0,-0.09737022883121182,0.08426608442874758,-9.804913587365224,,,,,,,,,,
acc,1778672594.0,13.0,-0.09752074847514286,0.08468838854748678,-9.80446799525133,,,,,,,,,,
acc,1778672594.0,13.0,-0.09766973565267285,0.08473712634824712,-9.804765492228263,,,,,,,,,,
acc,1778672594.0,13.0,-0.09781720893489997,0.08515437178236303,-9.804727852346327,,,,,,,,,,
acc,1778672594.0,13.0,-0.09796318658960297,0.08519864171111191,-9.804690594196204,,,,,,,,,,
acc,1778672594.0,13.0,-0.09810768658805569,0.08561095337961869,-9.804653713191053,,,,,,,,,,
acc,1778672594.0,13.0,-0.09788248605337899,0.08528260865899362,-9.804617204818017,,,,,,,,,,
acc,1778672594.0,13.0,-0.09802755262676781,0.08532558068954274,-9.804912272280282,,,,,,,,,,
acc,1778672594.0,13.0,-0.09817115882043766,0.08500035481611483,-9.804836604003372,,,,,,,,,,
acc,1778672594.0,13.0,-0.09831332189686193,0.0850459269364479,-9.805129225883604,,,,,,,,,,
acc,1778672594.0,13.0,-0.09808676963190989,0.08472374327678328,-9.805088340714613,,,,,,,,,,
acc,1778672594.0,13.0,-0.09822954856701903,0.08477185790876633,-9.805047864987612,,,,,,,,,,
acc,1778672594.0,13.0,-0.0983709000601534,0.08445264228097685,-9.80464095408011,,,,,,,,,,
acc,1778672594.0,13.0,-0.09851084072334351,0.08450324356317744,-9.804604725983985,,,,,,,,,,
acc,1778672594.0,13.0,-0.09864938691339799,0.08418692413301726,-9.804532220057327,,,,,,,,,,
acc,1778672594.0,13.0,-0.09878655473731329,0.08387375169658907,-9.804460435476482,,,,,,,,,,
acc,1778672594.0,13.0,-0.09855636968519334,0.08356369003780695,-9.804425961103433,,,,,,,,,,
acc,1778672594.0,13.0,-0.09832846754655461,0.08325670348722287,-9.803989454547331,,,,,,,,,,
acc,1778672594.0,13.0,-0.09846841127563309,0.08295275691064134,-9.803922868950355,,,,,,,,,,
acc,1778672594.0,13.0,-0.09860697126863925,0.08301721901190083,-9.803491538424803,,,,,,,,,,
acc,1778672594.0,13.0,-0.09874416322442402,0.08308104466282586,-9.803466196777016,,,,,,,,,,
acc,1778672594.0,13.0,-0.09924502658440461,0.08314424105925815,-9.803441104971503,,,,,,,,,,
acc,1778672594.0,13.0,-0.099376119399568,0.08320681529151497,-9.803416260193089,,,,,,,,,,
acc,1778672594.0,13.0,-0.09950592342037634,0.08326877434652348,-9.803719855219319,,,,,,,,,,
acc,1778672594.0,13.0,-0.09963445307217328,0.08333012510989983,-9.803692433953394,,,,,,,,,,
acc,1778672594.0,13.0,-0.09976172257229915,0.08339087436797442,-9.803665281535581,,,,,,,,,,
acc,1778672594.0,13.0,-0.09952361962718917,0.08345102880976507,-9.80360198420981,,,,,,,,,,
acc,1778672594.0,13.0,-0.09965180339489592,0.08314662729796271,-9.803539305839513,,,,,,,,,,
acc,1778672594.0,13.0,-0.09977873532240548,0.08320900151200855,-9.803513617085654,,,,,,,,,,
acc,1778672594.0,13.0,-0.09990442920034624,0.08327076734981431,-9.803488178890905,,,,,,,,,,
acc,1778672594.0,13.0,-0.10002889862586357,0.08333193149300276,-9.803063160563598,,,,,,,,,,
acc,1778672594.0,13.0,-0.10015215700635381,0.08339250052995417,-9.803041934087346,,,,,,,,,,
acc,1778672594.0,13.0,-0.10027421756310455,0.08345248095759521,-9.80334777308033,,,,,,,,,,
acc,1778672594.0,13.0,-0.10039509333484428,0.08351187918314316,-9.803323919319533,,,,,,,,,,
acc,1778672594.0,13.0,-0.10015193007623391,0.08357070152580695,-9.803264011975218,,,,,,,,,,
acc,1778672594.0,13.0,-0.10027384419813525,0.08326622240488388,-9.80320468478835,,,,,,,,,,
acc,1778672594.0,13.0,-0.10003199837277146,0.08332727853860906,-9.802819607080645,,,,,,,,,,
acc,1778672594.0,13.0,-0.09979248944606338,0.08338774470144429,-9.802764449348055,,,,,,,,,,
acc,1778672594.0,13.0,-0.09955529233443397,0.08344762722596209,-9.802709824015153,,,,,,,,,,
acc,1778672594.0,13.0,-0.09968255273043225,0.0838691028002361,-9.803017905094626,,,,,,,,,,
acc,1778672594.0,13.0,-0.0998085873565994,0.08428651872940644,-9.802997172764545,,,,,,,,,,
acc,1778672594.0,13.0,-0.09993340926583379,0.08469991824355892,-9.80297663992288,,,,,,,,,,
acc,1778672594.0,13.0,-0.10041882315089612,0.085109344002517,-9.802956304450788,,,,,,,,,,
acc,1778672594.0,13.0,-0.10053790842699187,0.08515318011387617,-9.802936164257247,,,,,,,,,,
acc,1778672594.0,13.0,-0.1002943155295745,0.08519659568373134,-9.802880065556678,,,,,,,,,,
acc,1778672595.0,14.0,-0.10005305730122889,0.08523959514544359,-9.802824504523269,,,,,,,,,,
acc,1778672595.0,14.0,-0.09981410918945482,0.0852821828750058,-9.802444305525688,,,,,,,,,,
acc,1778672595.0,14.0,-0.09957744695797399,0.0856855454795602,-9.802392809583093,,,,,,,,,,
acc,1778672595.0,14.0,-0.0993430466812062,0.08572398406738589,-9.802341805825034,,,,,,,,,,
acc,1778672595.0,14.0,-0.09911088473887367,0.08576205559756149,-9.80229128911191,,,,,,,,,,
acc,1778672595.0,14.0,-0.09888093781072964,0.08579976389430326,-9.801916489318847,,,,,,,,,,
acc,1778672595.0,14.0,-0.0990139235199352,0.08583711273347087,-9.801906002985499,,,,,,,,,,
acc,1778672595.0,14.0,-0.09878500733880409,0.08587410584339272,-9.801859554849058,,,,,,,,,,
acc,1778672595.0,14.0,-0.09855826965529028,0.0859107469056724,-9.801813548739712,,,,,,,,,,
acc,1778672595.0,14.0,-0.09833368797160877,0.08594703955597703,-9.801767980092558,,,,,,,,,,
acc,1778672595.0,14.0,-0.0981112400694649,0.08562264756155664,-9.801758875614354,,,,,,,,,,
acc,1778672595.0,14.0,-0.09789090400539315,0.08566157719639382,-9.80171383614015,,,,,,,,,,
acc,1778672595.0,14.0,-0.09767265810619982,0.08570013753464847,-9.802065381664164,,,,,,,,,,
acc,1778672595.0,14.0,-0.0978165233711358,0.08573833235864017,-9.802053543256878,,,,,,,,,,
acc,1778672595.0,14.0,-0.09795902595646458,0.0857761654044933,-9.802041816981983,,,,,,,,,,
acc,1778672595.0,14.0,-0.09810017976357162,0.08581364036289005,-9.802030201695562,,,,,,,,,,
acc,1778672595.0,14.0,-0.09823999852545327,0.08585076087980693,-9.802018696267549,,,,,,,,,,
acc,1778672595.0,14.0,-0.09837849580943064,0.08588753055723532,-9.802007299581515,,,,,,,,,,
acc,1778672595.0,14.0,-0.0985156850198046,0.08592395295388627,-9.801996010534445,,,,,,,,,,
acc,1778672595.0,14.0,-0.09865157940045356,0.0856005104921271,-9.802344349130278,,,,,,,,,,
acc,1778672595.0,14.0,-0.09878619203737561,0.08528011871093616,-9.802294022905555,,,,,,,,,,
acc,1778672595.0,14.0,-0.09891953586117623,0.08496274683415588,-9.80224417103878,,,,,,,,,,
acc,1778672595.0,14.0,-0.09905162364950333,0.08500764155580184,-9.802230713704306,,,,,,,,,,
acc,1778672595.0,14.0,-0.0991824680294307,0.08469291492400474,-9.802181465935364,,,,,,,,,,
acc,1778672595.0,14.0,-0.09967120328211869,0.08474027091193277,-9.802491803271298,,,,,,,,,,
acc,1778672595.0,14.0,-0.10015534355520034,0.08442813539383952,-9.802440176609357,,,,,,,,,,
acc,1778672595.0,14.0,-0.10027596267973544,0.08411893272413784,-9.802783901622321,,,,,,,,,,
acc,1778672595.0,14.0,-0.10039544913341672,0.08417153295657344,-9.802765499551953,,,,,,,,,,
acc,1778672595.0,14.0,-0.10051381420942568,0.08386481165204356,-9.802711390151865,,,,,,,,,,
acc,1778672595.0,14.0,-0.10063106907075288,0.08356096726448092,-9.802657788275216,,,,,,,,,,
acc,1778672595.0,14.0,-0.10038854506827531,0.08325997119935746,-9.802640555009503,,,,,,,,,,
acc,1778672595.0,14.0,-0.10014829329181175,0.08332041644636175,-9.802587623832071,,,,,,,,,,
acc,1778672595.0,14.0,-0.10026883692949258,0.08338029568601461,-9.8028937431836,,,,,,,,,,
acc,1778672595.0,14.0,-0.10038825240509655,0.08343961451875868,-9.80287435407583,,,,,,,,,,
acc,1778672595.0,14.0,-0.10050655086518183,0.08349837848157161,-9.802855146334286,,,,,,,,,,
acc,1778672595.0,14.0,-0.10062374333040967,0.08355659304889261,-9.80283611816958,,,,,,,,,,
acc,1778672595.0,14.0,-0.10038154857557285,0.08361426363353068,-9.802781440434767,,,,,,,,,,
acc,1778672595.0,14.0,-0.10049984746052816,0.08367139558755497,-9.802763094703227,,,,,,,,,,
acc,1778672595.0,14.0,-0.1006170420013302,0.08372799420316769,-9.803067286189902,,,,,,,,,,
acc,1778672595.0,14.0,-0.10037502920122136,0.08378406471356004,-9.803404448903999,,,,,,,,,,
acc,1778672595.0,14.0,-0.10013527348422609,0.0838396122937515,-9.803344597590502,,,,,,,,,,
acc,1778672595.0,14.0,-0.09989775276133778,0.08389464206141305,-9.803285304208782,,,,,,,,,,
acc,1778672595.0,14.0,-0.09966244518759419,0.08430710420573416,-9.803620310277255,,,,,,,,,,
acc,1778672595.0,14.0,-0.09942932915865922,0.08435783393791742,-9.803558508900352,,,,,,,,,,
acc,1778672595.0,14.0,-0.09955622103272882,0.08476592913038405,-9.803533064799517,,,,,,,,,,
acc,1778672595.0,14.0,-0.09932414663813076,0.08481244134343496,-9.803472080749389,,,,,,,,,,
acc,1778672595.0,14.0,-0.09909423087219635,0.08485852092540447,-9.80341166393943,,,,,,,,,,
acc,1778672595.0,14.0,-0.09886645276401315,0.08490417207927044,-9.803351808858945,,,,,,,,,,
acc,1778672595.0,14.0,-0.09864079157036164,0.08494939896237669,-9.803292510057071,,,,,,,,,,
acc,1778672595.0,14.0,-0.09841722677261978,0.08499420568705332,-9.803233762141964,,,,,,,,,,
acc,1778672595.0,14.0,-0.09819573807372457,0.0850385963212257,-9.803175559780005,,,,,,,,,,
acc,1778672595.0,14.0,-0.09797630539518909,0.08508257488901234,-9.803117897695007,,,,,,,,,,
acc,1778672595.0,14.0,-0.09775890887417388,0.08512614537131177,-9.803060770667452,,,,,,,,,,
acc,1778672595.0,14.0,-0.09790092931338079,0.08516931170637895,-9.803039911749098,,,,,,,,,,
acc,1778672595.0,14.0,-0.09804163289697501,0.08521207779039121,-9.803019246240817,,,,,,,,,,
acc,1778672595.0,14.0,-0.09818103230705874,0.08525444747800409,-9.802998772279958,,,,,,,,,,
acc,1778672595.0,14.0,-0.09831914009092059,0.08529642458289728,-9.802978488023665,,,,,,,,,,
acc,1778672595.0,14.0,-0.09845596866279994,0.08533801287831089,-9.802958391648627,,,,,,,,,,
acc,1778672595.0,14.0,-0.09823434327704647,0.08537921609757226,-9.802902764476782,,,,,,,,,,
acc,1778672595.0,14.0,-0.09801476928395485,0.0854200379346136,-9.802847652197089,,,,,,,,,,
acc,1778672595.0,14.0,-0.09815433402325574,0.08546048204448047,-9.80282875874654,,,,,,,,,,
acc,1778672595.0,14.0,-0.098292607780093,0.08550055204383161,-9.802810040061575,,,,,,,,,,
acc,1778672595.0,14.0,-0.09842960290408025,0.08554025151143009,-9.802398754315448,,,,,,,,,,
acc,1778672595.0,14.0,-0.09856533161572621,0.08557958398862595,-9.802383969463385,,,,,,,,,,
acc,1778672595.0,14.0,-0.098699806008072,0.08561855297983072,-9.802369321243615,,,,,,,,,,
acc,1778672595.0,14.0,-0.09918996651316679,0.08565716195298388,-9.802354808352563,,,,,,,,,,
acc,1778672595.0,14.0,-0.09931870702342843,0.08569541434001138,-9.802661635898813,,,,,,,,,,
acc,1778672595.0,14.0,-0.09908940990249596,0.08537645545018308,-9.802644455443412,,,,,,,,,,
acc,1778672595.0,14.0,-0.09921904402918136,0.08506044071020288,-9.802591753927041,,,,,,,,,,
acc,1778672595.0,14.0,-0.09934748190463275,0.08474734212380304,-9.802539538735187,,,,,,,,,,
acc,1778672595.0,14.0,-0.09947473489509215,0.08479388923068987,-9.80252347823192,,,,,,,,,,
acc,1778672595.0,14.0,-0.09960081424999821,0.08484000704047845,-9.8028286209564,,,,,,,,,,
acc,1778672595.0,14.0,-0.09972573110341831,0.0848856996258324,-9.802809923668839,,,,,,,,,,
acc,1778672595.0,14.0,-0.1002061582845923,0.08457430920859485,-9.803148060541684,,,,,,,,,,
acc,1778672595.0,14.0,-0.1003255268886914,0.08462241959092266,-9.80312645012996,,,,,,,,,,
acc,1778672595.0,14.0,-0.10044379571550709,0.08467008671846016,-9.803105038821178,,,,,,,,,,
acc,1778672595.0,14.0,-0.10056097516771582,0.0847173147839073,-9.80308382473204,,,,,,,,,,
acc,1778672595.0,14.0,-0.10032054221060419,0.08440756547828325,-9.803383696949778,,,,,,,,,,
acc,1778672595.0,14.0,-0.10008232281378569,0.0844571818627159,-9.803716457034618,,,,,,,,,,
acc,1778672595.0,14.0,-0.09984629608295881,0.08450634155822975,-9.80365402241438,,,,,,,,,,
acc,1778672595.0,14.0,-0.09996889072928568,0.08455504887272833,-9.803235703815064,,,,,,,,,,
acc,1778672595.0,14.0,-0.10009035748154979,0.08460330807066975,-9.803213305794275,,,,,,,,,,
acc,1778672595.0,14.0,-0.10021070696518573,0.0846511233735792,-9.803191113793698,,,,,,,,,,
acc,1778672595.0,14.0,-0.10032994969883711,0.08469849896055338,-9.803489869775634,,,,,,,,,,
acc,1778672595.0,14.0,-0.10009175167231275,0.08474543896875729,-9.80342952540117,,,,,,,,,,
acc,1778672595.0,14.0,-0.10021206257648356,0.08479194749391343,-9.803013407242599,,,,,,,,,,
acc,1778672595.0,14.0,-0.09997497303058207,0.08483802859078357,-9.802636750116005,,,,,,,,,,
acc,1778672595.0,14.0,-0.10009633256499195,0.08488368627364322,-9.802227919529939,,,,,,,,,,
acc,1778672595.0,14.0,-0.09986033034293805,0.08492892451674902,-9.802179100707505,,,,,,,,,,
acc,1778672595.0,14.0,-0.0996264957584778,0.08497374725479909,-9.8021307302771,,,,,,,,,,
acc,1778672595.0,14.0,-0.09939480848879188,0.08501815838338658,-9.802082804034793,,,,,,,,,,
acc,1778672595.0,14.0,-0.09916524841273563,0.08506216175944652,-9.802035317818378,,,,,,,,,,
acc,1778672595.0,14.0,-0.09893779560854236,0.08510576120169601,-9.80166772508897,,,,,,,,,,
acc,1778672595.0,14.0,-0.09906856492250164,0.08514896049106808,-9.801659640672936,,,,,,,,,,
acc,1778672595.0,14.0,-0.0988420209402469,0.08519176337113918,-9.801616020933311,,,,,,,,,,
acc,1778672595.0,14.0,-0.09861755542617608,0.08523417354855041,-9.801252316360447,,,,,,,,,,
acc,1778672595.0,14.0,-0.09839514895533859,0.08527619469342279,-9.801212414675021,,,,,,,,,,
acc,1778672595.0,14.0,-0.09817478229390868,0.0853178304397665,-9.801172878949421,,,,,,,,,,
acc,1778672595.0,14.0,-0.09831246849478943,0.08535908438588428,-9.801489746979112,,,,,,,,,,
acc,1778672595.0,14.0,-0.09809287961309006,0.08539996009476915,-9.801447687981724,,,,,,,,,,
acc,1778672595.0,14.0,-0.09787530371091141,0.0854404610944964,-9.801406014540746,,,,,,,,,,
acc,1778672595.0,14.0,-0.09801569698992431,0.08548059087861025,-9.80100873897904,,,,,,,,,,
acc,1778672595.0,14.0,-0.09815480368086708,0.08552035290650484,-9.80132703557063,,,,,,,,,,
acc,1778672595.0,14.0,-0.09829263576820549,0.08555975060380018,-9.80132206001558,,,,,,,,,,
acc,1778672595.0,14.0,-0.09842920511954355,0.08559878736271269,-9.801317130043623,,,,,,,,,,
acc,1778672595.0,14.0,-0.09856452348690228,0.08563746654242074,-9.801312245230523,,,,,,,,,,
acc,1778672595.0,14.0,-0.09869860250798082,0.08567579146942514,-9.801307405156175,,,,,,,,,,
acc,1778672595.0,14.0,-0.09883145370740033,0.08571376543790464,-9.801302609404557,,,,,,,,,,
acc,1778672595.0,14.0,-0.09896308849793102,0.08575139171006672,-9.80129785756368,,,,,,,,,,
acc,1778672595.0,14.0,-0.09909351818170252,0.08578867351649355,-9.801613413559616,,,,,,,,,,
acc,1778672595.0,14.0,-0.09957858431906062,0.08582561405648327,-9.801605830987285,,,,,,,,,,
acc,1778672595.0,14.0,-0.09970339609198357,0.08586221649838675,-9.801598317814404,,,,,,,,,,
acc,1778672595.0,14.0,-0.0998270656734839,0.08589848397993986,-9.80159087339691,,,,,,,,,,
acc,1778672595.0,14.0,-0.10030538816419791,0.08593441960859126,-9.801583497096953,,,,,,,,,,
acc,1778672595.0,14.0,-0.1007793344777826,0.08597002646182589,-9.801576188282837,,,,,,,,,,
acc,1778672595.0,14.0,-0.10124894518262949,0.08564955228920677,-9.801533373531287,,,,,,,,,,
acc,1778672595.0,14.0,-0.1017142604567398,0.08568775051784681,-9.80184669148844,,,,,,,,,,
acc,1778672595.0,14.0,-0.10217532009186324,0.08536987225494658,-9.801801416788544,,,,,,,,,,
acc,1778672595.0,14.0,-0.10263216349758301,0.08541061432271511,-9.801792124722622,,,,,,,,,,
acc,1778672595.0,14.0,-0.10308482970534803,0.08509528386432284,-9.80174735035181,,,,,,,,,,
acc,1778672595.0,14.0,-0.10353335737245319,0.08513852313443923,-9.80173855128219,,,,,,,,,,
acc,1778672595.0,14.0,-0.10433344950768116,0.08518136712911217,-9.801694267998863,,,,,,,,,,
acc,1778672595.0,14.0,-0.10512622832136916,0.08522381950400122,-9.80165038949128,,,,,,,,,,
acc,1778672595.0,14.0,-0.10591176142866959,0.0852658838798184,-9.801286834652695,,,,,,,,,,
acc,1778672595.0,14.0,-0.10669011579891362,0.0853075638426928,-9.80092660222607,,,,,,,,,,
acc,1778672595.0,14.0,-0.10746135776233279,0.08534886294453045,-9.800889716986834,,,,,,,,,,
acc,1778672595.0,14.0,-0.10854559784202719,0.08538978470336979,-9.800497556319844,,,,,,,,,,
acc,1778672595.0,14.0,-0.10961993237621542,0.0854303326037326,-9.80050013658266,,,,,,,,,,
acc,1778672595.0,14.0,-0.11068445280998768,0.08547051009697068,-9.800111547646315,,,,,,,,,,
acc,1778672596.0,15.0,-0.11173924971864962,0.08551032060160808,-9.799726508152668,,,,,,,,,,
acc,1778672596.0,15.0,-0.11313998003657653,0.08554976750367929,-9.79938054844632,,,,,,,,,,
acc,1778672596.0,15.0,-0.11452791819005048,0.0859444014768195,-9.799037748215714,,,,,,,,,,
acc,1778672596.0,15.0,-0.11590318214271492,0.086335431780582,-9.798698078325568,,,,,,,,,,
acc,1778672596.0,15.0,-0.1172658887396713,0.08636736532992637,-9.79836150991687,,,,,,,,,,
acc,1778672596.0,15.0,-0.11861615371890823,0.08675452340988254,-9.798347980702081,,,,,,,,,,
acc,1778672596.0,15.0,-0.11995409172259235,0.08713814700715564,-9.798334574999569,,,,,,,,,,
acc,1778672596.0,15.0,-0.12127981630822311,0.08716277248577821,-9.798321291671522,,,,,,,,,,
acc,1778672596.0,15.0,-0.12294893558052168,0.08754265970852625,-9.79830812959089,,,,,,,,,,
acc,1778672596.0,15.0,-0.12495829773210557,0.08756360266046247,-9.797939601521065,,,,,,,,,,
acc,1778672596.0,15.0,-0.12659385408798526,0.08758435448008688,-9.797929913552064,,,,,,,,,,
acc,1778672596.0,15.0,-0.12856994350743398,0.08796037545873878,-9.79795585802506,,,,,,,,,,
acc,1778672596.0,15.0,-0.130528001258354,0.08797751573508668,-9.797981565756677,,,,,,,,,,
acc,1778672596.0,15.0,-0.1324681932172698,0.08799449961941193,-9.79800703892474,,,,,,,,,,
acc,1778672596.0,15.0,-0.1347461157366814,0.08765588741286853,-9.797996738302595,,,,,,,,,,
acc,1778672596.0,15.0,-0.13700325697182184,0.08732036433532839,-9.79798653165211,,,,,,,,,,
acc,1778672596.0,15.0,-0.13923980796960536,0.08698790198774954,-9.797976418109382,,,,,,,,,,
acc,1778672596.0,15.0,-0.1414559579811819,0.08665847223802964,-9.798357351750937,,,,,,,,,,
acc,1778672596.0,15.0,-0.14365189447987428,0.08633204721833956,-9.798343864828105,,,,,,,,,,
acc,1778672596.0,15.0,-0.14582780317890848,0.08600859932248785,-9.798330500911284,,,,,,,,,,
acc,1778672596.0,15.0,-0.14798386804893998,0.08568810120331537,-9.798317258870568,,,,,,,,,,
acc,1778672596.0,15.0,-0.15044012028072187,0.08572591045459024,-9.798659522271121,,,,,,,,,,
acc,1778672596.0,15.0,-0.1528739748857287,0.08540799774430378,-9.798643287508908,,,,,,,,,,
acc,1778672596.0,15.0,-0.15528563748578927,0.08509298377760893,-9.798307374289937,,,,,,,,,,
acc,1778672596.0,15.0,-0.15767531177759997,0.08478084194742377,-9.798294343742498,,,,,,,,,,
acc,1778672596.0,15.0,-0.16004319955175353,0.08447154589564372,-9.79828143199378,,,,,,,,,,
acc,1778672596.0,15.0,-0.1623895007115531,0.08416506951068396,-9.798659518642529,,,,,,,,,,
acc,1778672596.0,15.0,-0.16506974591983886,0.08386138692504963,-9.798643285533641,,,,,,,,,,
acc,1778672596.0,15.0,-0.16772555975089806,0.0835604725129331,-9.798627200395247,,,,,,,,,,
acc,1778672596.0,15.0,-0.1707124946816028,0.08326230088783819,-9.798611261870333,,,,,,,,,,
acc,1778672596.0,15.0,-0.17331688372421578,0.08296684690023082,-9.798595468614549,,,,,,,,,,
acc,1778672596.0,15.0,-0.17625285235576132,0.08267408563521578,-9.798579819296089,,,,,,,,,,
acc,1778672596.0,15.0,-0.17916206443582058,0.08238399241023918,-9.798955150155992,,,,,,,,,,
acc,1778672596.0,15.0,-0.18204476518716262,0.0820965427728163,-9.798936229846156,,,,,,,,,,
acc,1778672596.0,15.0,-0.18490119754783377,0.08181171249828446,-9.799308306149861,,,,,,,,,,
acc,1778672596.0,15.0,-0.18773160219344573,0.08117419537862298,-9.799641465705044,,,,,,,,,,
acc,1778672596.0,15.0,-0.19053621755921993,0.08054248700698834,-9.79965182998881,,,,,,,,,,
acc,1778672596.0,15.0,-0.19367055057620675,0.07991653417821469,-9.7996620998428,,,,,,,,,,
acc,1778672596.0,15.0,-0.1967763278050754,0.07965154930476163,-9.800027550349496,,,,,,,,,,
acc,1778672596.0,15.0,-0.20020907945543154,0.07974424722824175,-9.800389671522638,,,,,,,,,,
acc,1778672596.0,15.0,-0.20361055942561443,0.07948083735618575,-9.800712970239188,,,,,,,,,,
acc,1778672596.0,15.0,-0.20698105398913377,0.07921982698730966,-9.800713588935132,,,,,,,,,,
acc,1778672596.0,15.0,-0.20996559391634118,0.07896119415851426,-9.800678679439205,,,,,,,,,,
acc,1778672596.0,15.0,-0.21327819662907574,0.07870491711056966,-9.800679609965485,,,,,,,,,,
acc,1778672596.0,15.0,-0.21656062748197447,0.07845097428614665,-9.801355486837732,,,,,,,,,,
acc,1778672596.0,15.0,-0.2198131625376151,0.078199344327869,-9.801350262470788,,,,,,,,,,
acc,1778672596.0,15.0,-0.22303607529891678,0.07830523905476006,-9.801309565114812,,,,,,,,,,
acc,1778672596.0,15.0,-0.22658485587456134,0.07805494115532742,-9.801269238392939,,,,,,,,,,
acc,1778672596.0,15.0,-0.23010131869985095,0.07780692264873292,-9.800909584061875,,,,,,,,,,
acc,1778672596.0,15.0,-0.23390545916003916,0.07756116268930875,-9.800908414783985,,,,,,,,,,
acc,1778672596.0,15.0,-0.23767495905026764,0.07731764062439896,-9.801226951942391,,,,,,,,,,
acc,1778672596.0,15.0,-0.24176533610506842,0.07743154609498362,-9.801542588604644,,,,,,,,,,
acc,1778672596.0,15.0,-0.24546327220413805,0.07754441441746633,-9.801500145514835,,,,,,,,,,
acc,1778672596.0,15.0,-0.2491275385535651,0.07730105355118548,-9.801493606294063,,,,,,,,,,
acc,1778672596.0,15.0,-0.25243876256157355,0.07741510575666916,-9.801487126610855,,,,,,,,,,
acc,1778672596.0,15.0,-0.2557198399601472,0.07752811958864333,-9.801800382572354,,,,,,,,,,
acc,1778672596.0,15.0,-0.2592907192673062,0.07728491531243797,-9.80211078663326,,,,,,,,,,
acc,1778672596.0,15.0,-0.26318426635293946,0.07739911037962524,-9.802418364852477,,,,,,,,,,
acc,1778672596.0,15.0,-0.26704236872069304,0.0775122658775327,-9.802723143048226,,,,,,,,,,
acc,1778672596.0,15.0,-0.2708653501786585,0.07762439130322972,-9.802705484249076,,,,,,,,,,
acc,1778672596.0,15.0,-0.2746535315460032,0.07773549606612258,-9.80268798619562,,,,,,,,,,
acc,1778672596.0,15.0,-0.2784072306813879,0.07820075056398247,-9.802670647419633,,,,,,,,,,
acc,1778672596.0,15.0,-0.2824819199795894,0.07830661270608433,-9.802653466466433,,,,,,,,,,
acc,1778672596.0,15.0,-0.2865195213405177,0.07841151128797373,-9.802956091339603,,,,,,,,,,
acc,1778672596.0,15.0,-0.2905203734274301,0.07816029556651496,-9.803291475020732,,,,,,,,,,
acc,1778672596.0,15.0,-0.29448481178175495,0.0782665224108206,-9.803588293324022,,,,,,,,,,
acc,1778672596.0,15.0,-0.2987683216273156,0.0783717824596981,-9.803917922764235,,,,,,,,,,
acc,1778672596.0,15.0,-0.3030128473375045,0.07847608453902664,-9.803853890550212,,,,,,,,,,
acc,1778672596.0,15.0,-0.30721874476914235,0.078579437393389,-9.804181099223888,,,,,,,,,,
acc,1778672596.0,15.0,-0.31174150957845503,0.07868184968683986,-9.804114675483897,,,,,,,,,,
acc,1778672596.0,15.0,-0.3162231161348128,0.0787833300036664,-9.804048856215994,,,,,,,,,,
acc,1778672596.0,15.0,-0.3206639400508132,0.07888388684914122,-9.804374283766354,,,,,,,,,,
acc,1778672596.0,15.0,-0.32506435348249896,0.07898352865026759,-9.804306105442704,,,,,,,,,,
acc,1778672596.0,15.0,-0.32942472516193966,0.07908226375651724,-9.804629188822975,,,,,,,,,,
acc,1778672596.0,15.0,-0.3337454204294861,0.07918010044056072,-9.804558694238763,,,,,,,,,,
acc,1778672596.0,15.0,-0.3383464075854668,0.07927704689899039,-9.804524350884773,,,,,,,,,,
acc,1778672596.0,15.0,-0.34326064422229086,0.07901798884204209,-9.804845442427903,,,,,,,,,,
acc,1778672596.0,15.0,-0.3481301678441385,0.07911640753735126,-9.804808492796587,,,,,,,,,,
acc,1778672596.0,15.0,-0.3529553862959463,0.07921393077401409,-9.804771879350044,,,,,,,,,,
acc,1778672596.0,15.0,-0.35773670367510046,0.07931056671930536,-9.804735599022012,,,,,,,,,,
acc,1778672596.0,15.0,-0.36282963210232877,0.07905121172975119,-9.804664140328043,,,,,,,,,,
acc,1778672596.0,15.0,-0.36787622579347523,0.07879421631488262,-9.804593331755076,,,,,,,,,,
acc,1778672596.0,15.0,-0.3728769072741289,0.07853955895778236,-9.804913781999359,,,,,,,,,,
acc,1778672596.0,15.0,-0.37783209519044375,0.07828721833909155,-9.804840705035014,,,,,,,,,,
acc,1778672596.0,15.0,-0.38274220434547007,0.07803717333515955,-9.805158902139365,,,,,,,,,,
acc,1778672596.0,15.0,-0.3876076457351272,0.07743431266366281,-9.805119105129123,,,,,,,,,,
acc,1778672596.0,15.0,-0.39278391460974327,0.0768369361686897,-9.80507967014918,,,,,,,,,,
acc,1778672596.0,15.0,-0.3979130962863264,0.07660007959676744,-9.804685508157789,,,,,,,,,,
acc,1778672596.0,15.0,-0.4033507125851555,0.07636537760751211,-9.804614508655469,,,,,,,,,,
acc,1778672596.0,15.0,-0.4087388661483229,0.07613281056155102,-9.804544154993058,,,,,,,,,,
acc,1778672596.0,15.0,-0.41439758084934486,0.0759023589996094,-9.804509947379213,,,,,,,,,,
acc,1778672596.0,15.0,-0.4200048234945967,0.07567400364082967,-9.804476050920162,,,,,,,,,,
acc,1778672596.0,15.0,-0.425916138107643,0.07544772538110724,-9.804406957105726,,,,,,,,,,
acc,1778672596.0,15.0,-0.4317736848918528,0.07522350529144249,-9.804338491751226,,,,,,,,,,
acc,1778672596.0,15.0,-0.4375779538183695,0.07500132461630898,-9.804270649129679,,,,,,,,,,
acc,1778672596.0,15.0,-0.4433294303687223,0.07478116477203747,-9.804594006620212,,,,,,,,,,
acc,1778672596.0,15.0,-0.4493836716206849,0.07456300734521575,-9.804878918203404,,,,,,,,,,
acc,1778672596.0,15.0,-0.45573792283140135,0.07434683409110407,-9.80484166902169,,,,,,,,,,
acc,1778672596.0,15.0,-0.4620343821471258,0.07448769920411696,-9.804769254120883,,,,,,,,,,
acc,1778672596.0,15.0,-0.4686286374276714,0.07462728316939515,-9.80473300213988,,,,,,,,,,
acc,1778672596.0,15.0,-0.47548247524434367,0.07476559765827975,-9.805016644359007,,,,,,,,,,
acc,1778672596.0,15.0,-0.48227398029849977,0.07490265423525881,-9.804587573239486,,,,,,,,,,
acc,1778672596.0,15.0,-0.48935878552358153,0.07503846435895982,-9.804872534541062,,,,,,,,,,
acc,1778672596.0,15.0,-0.4960240959018416,0.0751730393831325,-9.805154904315883,,,,,,,,,,
acc,1778672596.0,15.0,-0.5026287907383741,0.07495132880910228,-9.805079644420227,,,,,,,,,,
acc,1778672596.0,15.0,-0.5098835332421677,0.07508669458699517,-9.805005068942124,,,,,,,,,,
acc,1778672596.0,15.0,-0.5170723016338789,0.07522082935813652,-9.80461162537037,,,,,,,,,,
acc,1778672596.0,15.0,-0.5241956967606548,0.07535374433369496,-9.804541304548902,,,,,,,,,,
acc,1778672596.0,15.0,-0.5316093693205216,0.0754854506222903,-9.80450712601075,,,,,,,,,,
acc,1778672596.0,15.0,-0.5389556251532414,0.07597100395984424,-9.804473258277419,,,,,,,,,,
acc,1778672596.0,15.0,-0.546590121399759,0.07609709871421094,-9.804759248330846,,,,,,,,,,
acc,1778672596.0,15.0,-0.5541551946041673,0.07622204684656625,-9.804723089294809,,,,,,,,,,
acc,1778672596.0,15.0,-0.5612964365949776,0.07634585879754237,-9.804687259060993,,,,,,,,,,
acc,1778672596.0,15.0,-0.5687277813437813,0.07646854491232526,-9.804971300539918,,,,,,,,,,
acc,1778672596.0,15.0,-0.5764110883901236,0.07659011544153739,-9.804897712648154,,,,,,,,,,
acc,1778672596.0,15.0,-0.5843795771053735,0.0767105805421121,-9.804824793883714,,,,,,,,,,
acc,1778672596.0,15.0,-0.5922756099821016,0.07682995027815953,-9.805143083679003,,,,,,,,,,
acc,1778672596.0,15.0,-0.6004548891983519,0.07659319207816291,-9.805103436819184,,,,,,,,,,
acc,1778672596.0,15.0,-0.6085597975605125,0.07635858662403558,-9.805383690300793,,,,,,,,,,
acc,1778672596.0,15.0,-0.6173010738608149,0.07612611431858257,-9.805306355606175,,,,,,,,,,
acc,1778672596.0,15.0,-0.625607841372472,0.0755407261098549,-9.805229724069308,,,,,,,,,,
acc,1778672596.0,15.0,-0.6341941096520631,0.07531568883340503,-9.80483426190638,,,,,,,,,,
acc,1778672596.0,15.0,-0.6427023097904974,0.07509269764278562,-9.80515245885739,,,,,,,,,,
acc,1778672596.0,15.0,-0.6511331523801406,0.07487173391410029,-9.805077226835339,,,,,,,,,,
acc,1778672596.0,15.0,-0.659132316670128,0.07500781313646537,-9.805393213435446,,,,,,,,,,
acc,1778672596.0,15.0,-0.6670587530527887,0.07478762233337605,-9.80535129430334,,,,,,,,,,
acc,1778672596.0,15.0,-0.6752681460463481,0.07456943347233544,-9.805664787974614,,,,,,,,,,
acc,1778672596.0,15.0,-0.6840774529000365,0.07435322833337694,-9.805939931103323,,,,,,,,,,
acc,1778672597.0,16.0,-0.6931616978342028,0.07413898886285913,-9.805893043441605,,,,,,,,,,
acc,1778672597.0,16.0,-0.7021633524461781,0.07392669717193383,-9.805846582063758,,,,,,,,,,
acc,1778672597.0,16.0,-0.7110831683408858,0.07407136293218958,-9.805765043077287,,,,,,,,,,
acc,1778672597.0,16.0,-0.7199218902637141,0.07456973075803142,-9.806074771682722,,,,,,,,,,
acc,1778672597.0,16.0,-0.72868025616365,0.07506356774143112,-9.805991159252956,,,,,,,,,,
acc,1778672597.0,16.0,-0.7373589972558172,0.07555291511166308,-9.805908306967687,,,,,,,,,,
acc,1778672597.0,16.0,-0.7463138524101345,0.07568279939509913,-9.805861707524981,,,,,,,,,,
acc,1778672597.0,16.0,-0.7558973335888243,0.07581150288270888,-9.805780032204304,,,,,,,,,,
acc,1778672597.0,16.0,-0.7653936907197705,0.07593903631858166,-9.806089620356444,,,,,,,,,,
acc,1778672597.0,16.0,-0.7744487050025552,0.07571038973491097,-9.805686361905291,,,,,,,,,,
acc,1778672597.0,16.0,-0.7834214008393958,0.0758388414736371,-9.805961300540197,,,,,,,,,,
acc,1778672597.0,16.0,-0.7923125271956541,0.07561110664637355,-9.805559210332952,,,,,,,,,,
acc,1778672597.0,16.0,-0.8014778350792695,0.07538544210818111,-9.80551578431616,,,,,,,,,,
acc,1778672597.0,16.0,-0.810559823695815,0.07480682100221442,-9.805827770182923,,,,,,,,,,
acc,1778672597.0,16.0,-0.8195592510665539,0.07423345994240893,-9.805746404719372,,,,,,,,,,
acc,1778672597.0,16.0,-0.8287963849331642,0.07437533288927384,-9.806056293186113,,,,,,,,,,
acc,1778672597.0,16.0,-0.8383045539036543,0.07451591613570781,-9.806363364602122,,,,,,,,,,
acc,1778672597.0,16.0,-0.8480812939165706,0.07501022617850743,-9.806667644594736,,,,,,,,,,
acc,1778672597.0,16.0,-0.8577691593602532,0.07550004274065157,-9.80732416254393,,,,,,,,,,
acc,1778672597.0,16.0,-0.8677239710250938,0.07598540669871184,-9.807229198477167,,,,,,,,,,
acc,1778672597.0,16.0,-0.8775882905442987,0.07611135608401852,-9.807525607651922,,,,,,,,,,
acc,1778672597.0,16.0,-0.8873629410808475,0.07659116229606441,-9.807428813217214,,,,,,,,,,
acc,1778672597.0,16.0,-0.8970487382946012,0.07671160597055335,-9.807723407046293,,,,,,,,,,
acc,1778672597.0,16.0,-0.9066464904111031,0.07683095479711188,-9.80801532298095,,,,,,,,,,
acc,1778672597.0,16.0,-0.9161569982897385,0.07694921873449147,-9.808304585379348,,,,,,,,,,
acc,1778672597.0,16.0,-0.9252260474815067,0.07635640071927055,-9.808946217299326,,,,,,,,,,
acc,1778672597.0,16.0,-0.9345676666731024,0.07576897139893263,-9.809227018558191,,,,,,,,,,
acc,1778672597.0,16.0,-0.9438243713529989,0.07518688176038554,-9.809114762738854,,,,,,,,,,
acc,1778672597.0,16.0,-0.952996933851664,0.07532008620838376,-9.809394031215772,,,,,,,,,,
acc,1778672597.0,16.0,-0.9624411248556994,0.0758070761580275,-9.810025757499465,,,,,,,,,,
acc,1778672597.0,16.0,-0.9717994703764473,0.07660913741323133,-9.810261248108265,,,,,,,,,,
acc,1778672597.0,16.0,-0.9810727511741789,0.07708441077972675,-9.810885090929997,,,,,,,,,,
acc,1778672597.0,16.0,-0.9902617408961719,0.07787486090330757,-9.811467765596564,,,,,,,,,,
acc,1778672597.0,16.0,-0.9993672061418368,0.07901312909240536,-9.81204514396856,,,,,,,,,,
acc,1778672597.0,16.0,-1.0087094023080594,0.07978604852062751,-9.812617274213304,,,,,,,,,,
acc,1778672597.0,16.0,-1.017966682242128,0.08023244720198267,-9.813219701513997,,,,,,,,,,
acc,1778672597.0,16.0,-1.0274948103572463,0.08067478834564491,-9.813106659643472,,,,,,,,,,
acc,1778672597.0,16.0,-1.036936333024495,0.08075811723895018,-9.812994645261421,,,,,,,,,,
acc,1778672597.0,16.0,-1.045937046762225,0.08048568856139952,-9.813558142967283,,,,,,,,,,
acc,1778672597.0,16.0,-1.0545364563994466,0.08092572626112138,-9.813406528662513,,,,,,,,,,
acc,1778672597.0,16.0,-1.0633771960267313,0.08029678516032893,-9.813256292429758,,,,,,,,,,
acc,1778672597.0,16.0,-1.0718180872522451,0.08002855019696696,-9.81381740984703,,,,,,,,,,
acc,1778672597.0,16.0,-1.079827259021856,0.08011775138480672,-9.814053935202836,,,,,,,,,,
acc,1778672597.0,16.0,-1.0881186313479976,0.0802061418042791,-9.813897816091682,,,,,,,,,,
acc,1778672597.0,16.0,-1.0963346419571893,0.080293728827943,-9.81413361008012,,,,,,,,,,
acc,1778672597.0,16.0,-1.1047954667468562,0.0803805197612269,-9.814367260904902,,,,,,,,,,
acc,1778672597.0,16.0,-1.1128599000548844,0.08082150893395638,-9.815308771323595,,,,,,,,,,
acc,1778672597.0,16.0,-1.1208510352087466,0.0822879711560709,-9.81517674621927,,,,,,,,,,
acc,1778672597.0,16.0,-1.129089028080989,0.08374110465963978,-9.815720405748227,,,,,,,,,,
acc,1778672597.0,16.0,-1.137252145874131,0.0848260358102968,-9.81590413821677,,,,,,,,,,
acc,1778672597.0,16.0,-1.1453410694017698,0.08590110606320812,-9.815766703065592,,,,,,,,,,
acc,1778672597.0,16.0,-1.1533564732796866,0.08629192289801906,-9.815985511022484,,,,,,,,,,
acc,1778672597.0,16.0,-1.160979538147364,0.08632420317516751,-9.816202330256534,,,,,,,,,,
acc,1778672597.0,16.0,-1.168533318011052,0.08671117411468147,-9.816417178849935,,,,,,,,,,
acc,1778672597.0,16.0,-1.1756634500907241,0.08812410051874466,-9.816594578172792,,,,,,,,,,
acc,1778672597.0,16.0,-1.183083770149451,0.08881420042915268,-9.816450869313911,,,,,,,,,,
acc,1778672597.0,16.0,-1.1907561350040938,0.08917854178163023,-9.81701844141162,,,,,,,,,,
acc,1778672597.0,16.0,-1.198358767706923,0.08953957172921707,-9.817225872508155,,,,,,,,,,
acc,1778672597.0,16.0,-1.2058923022563304,0.08989732037890576,-9.817431418322803,,,,,,,,,,
acc,1778672597.0,16.0,-1.2130378814954703,0.09092629377799492,-9.81795458138123,,,,,,,,,,
acc,1778672597.0,16.0,-1.2197635265451656,0.09127143966251872,-9.817763017741461,,,,,,,,,,
acc,1778672597.0,16.0,-1.2267830348095987,0.09125846761819287,-9.817963681551033,,,,,,,,,,
acc,1778672597.0,16.0,-1.2337387455509927,0.09124561347162645,-9.81777203559176,,,,,,,,,,
acc,1778672597.0,16.0,-1.2402762493611412,0.0908778867280156,-9.817937120844363,,,,,,,,,,
acc,1778672597.0,16.0,-1.247109325825878,0.09086849117453155,-9.818136201893763,,,,,,,,,,
acc,1778672597.0,16.0,-1.253525310948434,0.09121416068251914,-9.81904344201721,,,,,,,,,,
acc,1778672597.0,16.0,-1.2602379728257214,0.0915566885732891,-9.819232468909547,,,,,,,,,,
acc,1778672597.0,16.0,-1.2668896268429946,0.09154112437982519,-9.819419777835689,,,,,,,,,,
acc,1778672597.0,16.0,-1.2734808276296035,0.09117071383732639,-9.819569888359789,,,,,,,,,,
acc,1778672597.0,16.0,-1.2800121247683525,0.0904486913346944,-9.819363647118422,,,,,,,,,,
acc,1778672597.0,16.0,-1.2861290756456127,0.0893782436681769,-9.819194776274058,,,,,,,,,,
acc,1778672597.0,16.0,-1.2918354464431625,0.08902748935096945,-9.818636957328088,,,,,,,,,,
acc,1778672597.0,16.0,-1.297844942308056,0.08903490942488805,-9.818119713062908,,,,,,,,,,
acc,1778672597.0,16.0,-1.303799821853573,0.08868727573743435,-9.817962146925266,,,,,,,,,,
acc,1778672597.0,16.0,-1.3103750487054193,0.0890527644576887,-9.817451035840325,,,,,,,,,,
acc,1778672597.0,16.0,-1.3172454946502203,0.09008939811237447,-9.818009509019996,,,,,,,,,,
acc,1778672597.0,16.0,-1.323698523697232,0.09076162505704148,-9.817462463404018,,,,,,,,,,
acc,1778672597.0,16.0,-1.3297734256396292,0.09142774263391376,-9.817310870509848,,,,,,,,,,
acc,1778672597.0,16.0,-1.3357931174654716,0.09105836539818982,-9.81677017457966,,,,,,,,,,
acc,1778672597.0,16.0,-1.3420775809435683,0.09033736950791936,-9.816269897441982,,,,,,,,,,
acc,1778672597.0,16.0,-1.3479854503461801,0.09033288601936945,-9.816093646580889,,,,,,,,,,
acc,1778672597.0,16.0,-1.353484643783489,0.09032844327754098,-9.815599518078125,,,,,,,,,,
acc,1778672597.0,16.0,-1.3589338597002432,0.08996905693013994,-9.815464855186049,,,,,,,,,,
acc,1778672597.0,16.0,-1.3650080151534723,0.08996792047934667,-9.815295920480477,,,,,,,,,,
acc,1778672597.0,16.0,-1.3710269679639033,0.08996679435675255,-9.815519000209791,,,,,,,,,,
acc,1778672597.0,16.0,-1.3769912199264498,0.09064013125660725,-9.814994590401035,,,,,,,,,,
acc,1778672597.0,16.0,-1.3825817898810002,0.09130734881479194,-9.814865425109511,,,,,,,,,,
acc,1778672597.0,16.0,-1.3877665695299726,0.09196850265580332,-9.814737433680676,,,,,,,,,,
acc,1778672597.0,16.0,-1.3935786902642475,0.09297863051864676,-9.814930092528867,,,,,,,,,,
acc,1778672597.0,16.0,-1.3993379902554122,0.09397957830647262,-9.815121000487151,,,,,,,,,,
acc,1778672597.0,16.0,-1.4053999227446994,0.09429696964784365,-9.815665146582107,,,,,,,,,,
acc,1778672597.0,16.0,-1.4110517914817933,0.09461147653652038,-9.816594824943815,,,,,,,,,,
acc,1778672597.0,16.0,-1.4163328188689521,0.09559758423534878,-9.817480549862132,,,,,,,,,,
acc,1778672597.0,16.0,-1.4218853295133596,0.09657473021734807,-9.817648280325214,,,,,,,,,,
acc,1778672597.0,16.0,-1.4273873791931735,0.09825294965412727,-9.818524431087148,,,,,,,,,,
acc,1778672597.0,16.0,-1.4331943986988254,0.09991591753367592,-9.818327693989799,,,,,,,,,,
acc,1778672597.0,16.0,-1.438948644444998,0.10156377248536001,-9.818878193157776,,,,,,,,,,
acc,1778672597.0,16.0,-1.4446505961176663,0.1021317184497526,-9.819068717687188,,,,,,,,,,
acc,1778672597.0,16.0,-1.450300729040495,0.10304948363765204,-9.819257510749289,,,,,,,,,,
acc,1778672597.0,16.0,-1.4555445428212404,0.10466886015664864,-9.819409092760212,,,,,,,,,,
acc,1778672597.0,16.0,-1.4607407015049214,0.10591854877334486,-9.81991426843284,,,,,,,,,,
acc,1778672597.0,16.0,-1.4665995894278419,0.10715688039911411,-9.820095377380373,,,,,,,,,,
acc,1778672597.0,16.0,-1.4724052326937582,0.10802897829280503,-9.82062981131871,,,,,,,,,,
acc,1778672597.0,16.0,-1.4774481647369089,0.10750874492446465,-9.820768922441903,,,,,,,,,,
acc,1778672597.0,16.0,-1.4821257922139868,0.10734821898383676,-9.82094226458642,,,,,,,,,,
acc,1778672597.0,16.0,-1.4867609103202037,0.10786359744012561,-9.820759051948624,,,,,,,,,,
acc,1778672597.0,16.0,-1.4920283507004573,0.10872927156979116,-9.820932483636065,,,,,,,,,,
acc,1778672597.0,16.0,-1.4976029009042315,0.10958707864168457,-9.821459309300177,,,,,,,,,,
acc,1778672597.0,16.0,-1.5027718118530005,0.11043709015991063,-9.821626377357997,,,,,,,,,,
acc,1778672597.0,16.0,-1.5065093468200492,0.11092439810308125,-9.821436948266271,,,,,,,,,,
acc,1778672597.0,16.0,-1.510567894742768,0.11108780301848509,-9.820894271015352,,,,,,,,,,
acc,1778672597.0,16.0,-1.5149445382388282,0.11124972295305471,-9.82067599984037,,,,,,,,,,
acc,1778672597.0,16.0,-1.5199558516019147,0.11243960254211847,-9.821205155181525,,,,,,,,,,
acc,1778672597.0,16.0,-1.5245666543531011,0.11464809049745563,-9.821374532486137,,,,,,,,,,
acc,1778672597.0,16.0,-1.5288160814931069,0.11719147745516292,-9.821506875448412,,,,,,,,,,
acc,1778672597.0,16.0,-1.5330268911376999,0.1193567819329451,-9.82167351079646,,,,,,,,,,
acc,1778672597.0,16.0,-1.5375189080345555,0.12011801039182397,-9.821803136749878,,,,,,,,,,
acc,1778672597.0,16.0,-1.542325071642927,0.12051734326810312,-9.820937650538509,,,,,,,,,,
acc,1778672597.0,16.0,-1.5470875584475896,0.1212680248019324,-9.82071898573032,,,,,,,,,,
acc,1778672597.0,16.0,-1.5511323235406496,0.12236686193862223,-9.82053780310011,,,,,,,,,,
acc,1778672597.0,16.0,-1.5554598045551153,0.12345571323254163,-9.821032717724721,,,,,,,,,,
acc,1778672597.0,16.0,-1.5601029272054905,0.12453466944150375,-9.82081318923552,,,,,,,,,,
acc,1778672597.0,16.0,-1.5650588320680112,0.12595878859282297,-9.821341096008068,,,,,,,,,,
acc,1778672597.0,16.0,-1.5696147224888168,0.12666002084433836,-9.821118765336694,,,,,,,,,,
acc,1778672597.0,16.0,-1.5741292107538871,0.12735488057057281,-9.821288927044387,,,,,,,,,,
acc,1778672597.0,16.0,-1.578602673148451,0.1280434256884896,-9.821812510148003,,,,,,,,,,
acc,1778672597.0,16.0,-1.5833904592735528,0.12872571358851082,-9.821585895807711,,,,,,,,,,
acc,1778672597.0,16.0,-1.58813473598572,0.13011174531288525,-9.821751812411767,,,,,,,,,,
acc,1778672597.0,16.0,-1.592835898718821,0.1311302139287317,-9.821525749783476,,,,,,,,,,
acc,1778672597.0,16.0,-1.5971393628882538,0.13213942714088603,-9.821692212854604,,,,,,,,,,
acc,1778672597.0,16.0,-1.6014037190642203,0.1334944363019619,-9.822212130418029,,,,,,,,,,
acc,1778672598.0,17.0,-1.6056293226756617,0.1344821646081082,-9.822372356066024,,,,,,,,,,
acc,1778672598.0,17.0,-1.6101715020473988,0.13510594076090104,-9.822140654642526,,,,,,,,,,
acc,1778672598.0,17.0,-1.6146724041891825,0.13678895824462825,-9.822266034846397,,,,,,,,,,
acc,1778672598.0,17.0,-1.6191324042420654,0.13877616232492992,-9.822070794583182,,,,,,,,,,
acc,1778672598.0,17.0,-1.6242618165422313,0.1400708598932225,-9.821486857865775,,,,,,,,,,
acc,1778672598.0,17.0,-1.6289896394640277,0.1420282394507449,-9.821653674045015,,,,,,,,,,
acc,1778672598.0,17.0,-1.6340294739139805,0.14396783130141244,-9.821428503772362,,,,,,,,,,
acc,1778672598.0,17.0,-1.6390235088505198,0.14588979710426767,-9.820885908073897,,,,,,,,,,
acc,1778672598.0,17.0,-1.6439721605099389,0.1471198499689856,-9.821022690291992,,,,,,,,,,
acc,1778672598.0,17.0,-1.6485208659334287,0.14901317166057948,-9.821548690642054,,,,,,,,,,
acc,1778672598.0,17.0,-1.6526732688271888,0.15056980729921124,-9.821359969401524,,,,,,,,,,
acc,1778672598.0,17.0,-1.6571429030128628,0.15140236472419813,-9.821492443610616,,,,,,,,,,
acc,1778672598.0,17.0,-1.6612169534431411,0.1522273563072089,-9.822014174836355,,,,,,,,,,
acc,1778672598.0,17.0,-1.665253981080345,0.15304485080760163,-9.82217619884392,,,,,,,,,,
acc,1778672598.0,17.0,-1.6696092883188633,0.15385491635970575,-9.821342833146876,,,,,,,,,,
acc,1778672598.0,17.0,-1.6735700510520064,0.15430264553932782,-9.821865923581626,,,,,,,,,,
acc,1778672598.0,17.0,-1.6771398456939488,0.154391331137873,-9.821638825055288,,,,,,,,,,
acc,1778672598.0,17.0,-1.6806772000323682,0.15380477415286878,-9.821058815480812,,,,,,,,,,
acc,1778672598.0,17.0,-1.6841824088861623,0.15357851310205645,-9.821548991784933,,,,,,,,,,
acc,1778672598.0,17.0,-1.6880107390463106,0.1543837283126089,-9.821324773428797,,,,,,,,,,
acc,1778672598.0,17.0,-1.6910943394590172,0.15589155718154127,-9.820783121876492,,,,,,,,,,
acc,1778672598.0,17.0,-1.6941499178964878,0.15806012899402402,-9.820210888727232,,,,,,,,,,
acc,1778672598.0,17.0,-1.697887668834359,0.1612739083548764,-9.819643855698592,,,,,,,,,,
acc,1778672598.0,17.0,-1.7012364789088035,0.16584285834790974,-9.820182384311924,,,,,,,,,,
acc,1778672598.0,17.0,-1.7041998917527892,0.168985913120674,-9.8199705848361,,,,,,,,,,
acc,1778672598.0,17.0,-1.7074913400470342,0.17210040569411322,-9.819796204766746,,,,,,,,,,
acc,1778672598.0,17.0,-1.71075287764619,0.17554156074908128,-9.821043287972053,,,,,,,,,,
acc,1778672598.0,17.0,-1.713629811326364,0.17788654044469748,-9.821178639520673,,,,,,,,,,
acc,1778672598.0,17.0,-1.7164806011966995,0.18056517539244207,-9.82095778699994,,,,,,,,,,
acc,1778672598.0,17.0,-1.7200154238002423,0.18148012040096018,-9.821839349096818,,,,,,,,,,
acc,1778672598.0,17.0,-1.7238730890091516,0.18203178608336537,-9.82196746659858,,,,,,,,,,
acc,1778672598.0,17.0,-1.7273407333537332,0.1818684907615588,-9.822839853237907,,,,,,,,,,
acc,1778672598.0,17.0,-1.730421892082041,0.18206165321556417,-9.823349338326626,,,,,,,,,,
acc,1778672598.0,17.0,-1.7334750511954762,0.18296299883815362,-9.822789290322296,,,,,,,,,,
acc,1778672598.0,17.0,-1.7368554388930044,0.18421111826398676,-9.82397367848495,,,,,,,,,,
acc,1778672598.0,17.0,-1.740205107800296,0.18576737463137857,-9.824792329997887,,,,,,,,,,
acc,1778672598.0,17.0,-1.744234275276636,0.18801942694092666,-9.82418366574867,,,,,,,,,,
acc,1778672598.0,17.0,-1.7482268283008904,0.18954107597179326,-9.82574585064249,,,,,,,,,,
acc,1778672598.0,17.0,-1.751828126076034,0.19037445388615537,-9.826193433259995,,,,,,,,,,
acc,1778672598.0,17.0,-1.7560711409018306,0.19155522301559322,-9.82667244316438,,,,,,,,,,
acc,1778672598.0,17.0,-1.7599561282788012,0.19304474092310184,-9.82750207358839,,,,,,,,,,
acc,1778672598.0,17.0,-1.7638058114764859,0.19523066079169488,-9.827933696871947,,,,,,,,,,
acc,1778672598.0,17.0,-1.7682949452497778,0.19775168074800198,-9.8280419281963,,,,,,,,,,
acc,1778672598.0,17.0,-1.7717138776536479,0.19886541092252635,-9.828149175987182,,,,,,,,,,
acc,1778672598.0,17.0,-1.7751017411114376,0.20028849893268866,-9.828965386620544,,,,,,,,,,
acc,1778672598.0,17.0,-1.7791332607233625,0.20169865488598487,-9.829064242735296,,,,,,,,,,
acc,1778672598.0,17.0,-1.7828086751400145,0.20206658954144488,-9.828807227336755,,,,,,,,,,
acc,1778672598.0,17.0,-1.7871251234192924,0.20278614470649964,-9.828872026065062,,,,,,,,,,
acc,1778672598.0,17.0,-1.7914023467916351,0.20417360356654157,-9.829681667629934,,,,,,,,,,
acc,1778672598.0,17.0,-1.7942563313481317,0.2048740117214486,-9.829383547081925,,,,,,,,,,
acc,1778672598.0,17.0,-1.79779431781719,0.20521309112800393,-9.829123630221305,,,,,,,,,,
acc,1778672598.0,17.0,-1.8009451805619638,0.20554908921774384,-9.828866075303576,,,,,,,,,,
acc,1778672598.0,17.0,-1.8040674104761847,0.20588203399251928,-9.827971922301316,,,,,,,,,,
acc,1778672598.0,17.0,-1.8078357099102915,0.2065669170110755,-9.827085894731763,,,,,,,,,,
acc,1778672598.0,17.0,-1.8112502964895227,0.207920018373316,-9.827201830044899,,,,,,,,,,
acc,1778672598.0,17.0,-1.8139239171664265,0.20961578744938575,-9.826287296987287,,,,,,,,,,
acc,1778672598.0,17.0,-1.816218269094277,0.21062170464485924,-9.826729958434047,,,,,,,,,,
acc,1778672598.0,17.0,-1.8192017080162235,0.21161848078454631,-9.825464749875284,,,,,,,,,,
acc,1778672598.0,17.0,-1.8225130083084584,0.21363561346769286,-9.825914885873829,,,,,,,,,,
acc,1778672598.0,17.0,-1.825084281603089,0.2156344159027976,-9.826041462303458,,,,,,,,,,
acc,1778672598.0,17.0,-1.827277216371688,0.21832499088803356,-9.825172977788686,,,,,,,,,,
acc,1778672598.0,17.0,-1.8294502233407275,0.22166555750067335,-9.824915828891713,,,,,,,,,,
acc,1778672598.0,17.0,-1.8319584561947215,0.2246562894198014,-9.824022069749933,,,,,,,,,,
acc,1778672598.0,17.0,-1.835153832091061,0.22761984375253888,-9.82342040685009,,,,,,,,,,
acc,1778672598.0,17.0,-1.8376102347853307,0.23087594547713222,-9.823179183949387,,,,,,,,,,
acc,1778672598.0,17.0,-1.8396893430007644,0.23410245814380945,-9.821946242833768,,,,,,,,,,
acc,1778672598.0,17.0,-1.8424594936632932,0.23729965064357522,-9.821114972766098,,,,,,,,,,
acc,1778672598.0,17.0,-1.8448495078946607,0.2387284399212445,-9.819900789709058,,,,,,,,,,
acc,1778672598.0,17.0,-1.8475727667736614,0.23978928209918665,-9.81869764024651,,,,,,,,,,
acc,1778672598.0,17.0,-1.8513006831635135,0.2415504198104949,-9.818144361676842,,,,,,,,,,
acc,1778672598.0,17.0,-1.8543202910061252,0.24436045250692454,-9.81830605559937,,,,,,,,,,
acc,1778672598.0,17.0,-1.8562475510169794,0.24746442755084438,-9.81811130784082,,,,,,,,,,
acc,1778672598.0,17.0,-1.858512269836716,0.2505401959994955,-9.817598861093654,,,,,,,,,,
acc,1778672598.0,17.0,-1.860756408596355,0.2542979405553932,-9.817801006539945,,,,,,,,,,
acc,1778672598.0,17.0,-1.8633351174788213,0.256992133488978,-9.817255876043061,,,,,,,,,,
acc,1778672598.0,17.0,-1.866564833871341,0.25966184363555256,-9.81710616600041,,,,,,,,,,
acc,1778672598.0,17.0,-1.869090760232499,0.2629817342997665,-9.817277294114998,,,,,,,,,,
acc,1778672598.0,17.0,-1.871593732895524,0.26524205246115345,-9.816452948690815,,,,,,,,,,
acc,1778672598.0,17.0,-1.8733640252344983,0.2671268584222047,-9.816310535016786,,,,,,,,,,
acc,1778672598.0,17.0,-1.8747632674680412,0.26899453670671813,-9.81581445244822,,,,,,,,,,
acc,1778672598.0,17.0,-1.8772146926016684,0.2701353078375552,-9.8156778409164,,,,,,,,,,
acc,1778672598.0,17.0,-1.8803182816617792,0.2709107495202077,-9.816252405883981,,,,,,,,,,
acc,1778672598.0,17.0,-1.8827192271374837,0.2720341075589944,-9.816431292193569,,,,,,,,,,
acc,1778672598.0,17.0,-1.8857727951849401,0.2731472573859705,-9.816963515874201,,,,,,,,,,
acc,1778672598.0,17.0,-1.8891535776957515,0.2746052637850967,-9.817845866047813,,,,,,,,,,
acc,1778672598.0,17.0,-1.8918292069267837,0.27675995585737023,-9.818400729670051,,,,,,,,,,
acc,1778672598.0,17.0,-1.89448052211515,0.278185132894354,-9.818240616256787,,,,,,,,,,
acc,1778672598.0,17.0,-1.89675277225607,0.2803072938553291,-9.819856799435849,,,,,,,,,,
acc,1778672598.0,17.0,-1.899004373957594,0.28241017027046916,-9.820393389279413,,,,,,,,,,
acc,1778672598.0,17.0,-1.9019099551409644,0.28413896546907347,-9.820179673801272,,,,,,,,,,
acc,1778672598.0,17.0,-1.9047891326744206,0.28620702262635667,-9.821068301471833,,,,,,,,,,
acc,1778672598.0,17.0,-1.9069677062889194,0.28754635222952063,-9.820883947440603,,,,,,,,,,
acc,1778672598.0,17.0,-1.909481454596628,0.28958344569018846,-9.820665774214229,,,,,,,,,,
acc,1778672598.0,17.0,-1.9116173880935738,0.29298639329710907,-9.821514480927538,,,,,,,,,,
acc,1778672598.0,17.0,-1.9130239773469364,0.2970683612455226,-9.822390978806126,,,,,,,,,,
acc,1778672598.0,17.0,-1.9144177846268438,0.3000483291550723,-9.822904539956264,,,,,,,,,,
acc,1778672598.0,17.0,-1.9165088605806473,0.30300121747115716,-9.823022977112723,,,,,,,,,,
acc,1778672598.0,17.0,-1.9189359062646345,0.30628223496168017,-9.824205235151538,,,,,,,,,,
acc,1778672598.0,17.0,-1.920630962455316,0.309533437166524,-9.823956880913913,,,,,,,,,,
acc,1778672598.0,17.0,-1.922665577974734,0.31449444110794356,-9.82445621236422,,,,,,,,,,
acc,1778672598.0,17.0,-1.9243267418890104,0.31905539166648655,-9.824241071925346,,,,,,,,,,
acc,1778672598.0,17.0,-1.926327773090629,0.32148059647871824,-9.824702326397487,,,,,,,,,,
acc,1778672598.0,17.0,-1.9279556579104615,0.32459368817721024,-9.82483992119367,,,,,,,,,,
acc,1778672598.0,17.0,-1.9292137781349747,0.3280334622639205,-9.824976265638266,,,,,,,,,,
acc,1778672598.0,17.0,-1.930815437233196,0.3317969500994331,-9.82472090498963,,,,,,,,,,
acc,1778672598.0,17.0,-1.9327575042987981,0.3341063699500032,-9.825887733276627,,,,,,,,,,
acc,1778672598.0,17.0,-1.9346819234169597,0.3371047287413656,-9.826334024181472,,,,,,,,,,
acc,1778672598.0,17.0,-1.936233892426354,0.34078578409868826,-9.827166725610013,,,,,,,,,,
acc,1778672598.0,17.0,-1.9367423561770933,0.344433388986026,-9.828311328203284,,,,,,,,,,
acc,1778672598.0,17.0,-1.937246199418815,0.3473379041907667,-9.828061155802871,,,,,,,,,,
acc,1778672598.0,17.0,-1.9391298287678704,0.350216025503794,-9.828842658902563,,,,,,,,,,
acc,1778672598.0,17.0,-1.9416707808315041,0.3527130302941601,-9.82997203190056,,,,,,,,,,
acc,1778672598.0,17.0,-1.9435142031843502,0.35589727834588897,-9.829706768454978,,,,,,,,,,
acc,1778672598.0,17.0,-1.9442759775551537,0.3594075620709278,-9.831183260616825,,,,,,,,,,
acc,1778672598.0,17.0,-1.9443563899923428,0.3614660792376457,-9.831936392555013,,,,,,,,,,
acc,1778672598.0,17.0,-1.9451105112290348,0.3656001886020941,-9.831298316257769,,,,,,,,,,
acc,1778672598.0,17.0,-1.9465677135488169,0.3686673286202037,-9.83208590612828,,,,,,,,,,
acc,1778672598.0,17.0,-1.948011673998892,0.3692573272773653,-9.832156405121516,,,,,,,,,,
acc,1778672598.0,17.0,-1.948413111060481,0.3709068607805538,-9.832545731450635,,,,,,,,,,
acc,1778672598.0,17.0,-1.9488109001892036,0.3725414046675456,-9.832257080464785,,,,,,,,,,
acc,1778672598.0,17.0,-1.9484951316142305,0.37309619894654633,-9.830586688343734,,,,,,,,,,
acc,1778672598.0,17.0,-1.9488921753851072,0.37329098025875307,-9.829321932163268,,,,,,,,,,
acc,1778672598.0,17.0,-1.9499600414323288,0.3731290292059732,-9.829737015732418,,,,,,,,,,
acc,1778672598.0,17.0,-1.9503437733210385,0.3740334459425563,-9.829828859437246,,,,,,,,,,
acc,1778672598.0,17.0,-1.950724018168649,0.3756395778296081,-9.830594298787883,,,,,,,,,,
acc,1778672598.0,17.0,-1.951100807662831,0.3779055538210301,-9.830642857811592,,,,,,,,,,
acc,1778672598.0,17.0,-1.9525035748095638,0.38050590079308616,-9.83143640369341,,,,,,,,,,
acc,1778672598.0,17.0,-1.9546035284502281,0.38272765564652683,-9.832187234982214,,,,,,,,,,
acc,1778672598.0,17.0,-1.9570038673185373,0.38425478175968025,-9.832931243333539,,,,,,,,,,
acc,1778672599.0,18.0,-1.9590629260108376,0.3888917386748294,-9.83366849074917,,,,,,,,,,
acc,1778672599.0,18.0,-1.9611032736734988,0.3913922522543251,-9.83336963717096,,,,,,,,,,
acc,1778672599.0,18.0,-1.9634445481934388,0.39351508096344845,-9.832434563617616,,,,,,,,,,
acc,1778672599.0,18.0,-1.9654450792948976,0.39909728924050014,-9.831507987241336,,,,,,,,,,
acc,1778672599.0,18.0,-1.9667174976413544,0.4032444073518209,-9.830838300763812,,,,,,,,,,
acc,1778672599.0,18.0,-1.9679783533012605,0.40561449583593345,-9.829890726418475,,,,,,,,,,
acc,1778672599.0,18.0,-1.9688727800309458,0.40622371199962154,-9.831365545989145,,,,,,,,,,
acc,1778672599.0,18.0,-1.9701140502591006,0.4075373256406015,-9.831052125252475,,,,,,,,,,
acc,1778672599.0,18.0,-1.971344040851448,0.4108978139812205,-9.831486980541177,,,,,,,,,,
acc,1778672599.0,18.0,-1.97220788301641,0.4128433923971306,-9.831562922020257,,,,,,,,,,
acc,1778672599.0,18.0,-1.9727089131029054,0.41338691844866055,-9.830608763042077,,,,,,,,,,
acc,1778672599.0,18.0,-1.9735603524335363,0.41530987791811214,-9.829663274668718,,,,,,,,,,
acc,1778672599.0,18.0,-1.9740490924085754,0.41859973563129427,-9.828761881596304,,,,,,,,,,
acc,1778672599.0,18.0,-1.9735039808223922,0.42221466002680746,-9.827478213972947,,,,,,,,,,
acc,1778672599.0,18.0,-1.9743481952019244,0.4247673338057406,-9.826880650276118,,,,,,,,,,
acc,1778672599.0,18.0,-1.9751847380638097,0.4269418397624174,-9.827708383556633,,,,,,,,,,
acc,1778672599.0,18.0,-1.974984277971492,0.4308359292503983,-9.826789251456029,,,,,,,,,,
acc,1778672599.0,18.0,-1.974785639493436,0.43295528890157714,-9.825913975146348,,,,,,,,,,
acc,1778672599.0,18.0,-1.9742338348493222,0.43643976191633593,-9.826395521470962,,,,,,,,,,
acc,1778672599.0,18.0,-1.9740420157656609,0.4395376088146723,-9.8247783953272,,,,,,,,,,
acc,1778672599.0,18.0,-1.9745263787188367,0.442287837335432,-9.824560327474076,,,,,,,,,,
acc,1778672599.0,18.0,-1.9739769300457395,0.44639743725042985,-9.82466371805221,,,,,,,,,,
acc,1778672599.0,18.0,-1.9737874455040076,0.4497597592415194,-9.823097823541014,,,,,,,,,,
acc,1778672599.0,18.0,-1.973599682839312,0.45273656515469973,-9.823924428318287,,,,,,,,,,
acc,1778672599.0,18.0,-1.9734136264045863,0.45675121573923466,-9.823075185185433,,,,,,,,,,
acc,1778672599.0,18.0,-1.9732292606949544,0.46211375670609,-9.823227565853365,,,,,,,,,,
acc,1778672599.0,18.0,-1.972691599169318,0.46778253857023133,-9.822384655239508,,,,,,,,,,
acc,1778672599.0,18.0,-1.9718038613767126,0.47375476938058114,-9.822862778541943,,,,,,,,,,
acc,1778672599.0,18.0,-1.9716341238450799,0.4782528630770254,-9.822271652650604,,,,,,,,,,
acc,1778672599.0,18.0,-1.9728503008225418,0.4834200151054726,-9.821437428599062,,,,,,,,,,
acc,1778672599.0,18.0,-1.972671054148904,0.4885402123939975,-9.822314625009414,,,,,,,,,,
acc,1778672599.0,18.0,-1.9728484074679933,0.4922295095950507,-9.821480010487063,,,,,,,,,,
acc,1778672599.0,18.0,-1.9730241491491478,0.49655972037636803,-9.8226762875924,,,,,,,,,,
acc,1778672599.0,18.0,-1.973198293837649,0.5001761430391133,-9.822477321942587,,,,,,,,,,
acc,1778672599.0,18.0,-1.9733708560456917,0.5016653975384895,-9.822280164325255,,,,,,,,,,
acc,1778672599.0,18.0,-1.972831907895281,0.5041705288596868,-9.822759237094843,,,,,,,,,,
acc,1778672599.0,18.0,-1.9730077995005444,0.5059784568812055,-9.822559517679242,,,,,,,,,,
acc,1778672599.0,18.0,-1.974211493549517,0.5070600228236205,-9.82307154629739,,,,,,,,,,
acc,1778672599.0,18.0,-1.9761141825837156,0.5105810274760223,-9.822478523388162,,,,,,,,,,
acc,1778672599.0,18.0,-1.9769346773402348,0.5137150741830214,-9.822600831591734,,,,,,,,,,
acc,1778672599.0,18.0,-1.976363344268139,0.5182050040934734,-9.823431952398652,,,,,,,,,,
acc,1778672599.0,18.0,-1.976826612821746,0.5212697705489924,-9.823190625551256,,,,,,,,,,
acc,1778672599.0,18.0,-1.978350566698234,0.5250166201002442,-9.824726328988959,,,,,,,,,,
acc,1778672599.0,18.0,-1.9795057101630482,0.5318531270781817,-9.82486370543719,,,,,,,,,,
acc,1778672599.0,18.0,-1.9802953855712555,0.53862750965497,-9.823295994108832,,,,,,,,,,
acc,1778672599.0,18.0,-1.9804034554644885,0.5449853612825241,-9.824475768908501,,,,,,,,,,
acc,1778672599.0,18.0,-1.9811849729142812,0.5516404092087844,-9.823586012455477,,,,,,,,,,
acc,1778672599.0,18.0,-1.982669321659795,0.559264382359921,-9.82444368418254,,,,,,,,,,
acc,1778672599.0,18.0,-1.9830752868565278,0.5633403987657382,-9.825258058646183,,,,,,,,,,
acc,1778672599.0,18.0,-1.9824481532471923,0.56496561250054,-9.826065032763793,,,,,,,,,,
acc,1778672599.0,18.0,-1.983566061266703,0.5662210866037762,-9.825160834481727,,,,,,,,,,
acc,1778672599.0,18.0,-1.9846738106847115,0.5653708472961086,-9.82667863419449,,,,,,,,,,
acc,1778672599.0,18.0,-1.9847420931957176,0.5666226389470066,-9.826762775373398,,,,,,,,,,
acc,1778672599.0,18.0,-1.9840998131052632,0.5692474270381994,-9.827946541315313,,,,,,,,,,
acc,1778672599.0,18.0,-1.9834633695118937,0.5725582962936278,-9.828729084766342,,,,,,,,,,
acc,1778672599.0,18.0,-1.9842170810134396,0.5775784127713282,-9.82989498255151,,,,,,,,,,
acc,1778672599.0,18.0,-1.9856738764241828,0.5832273493099097,-9.8310502856464,,,,,,,,,,
acc,1778672599.0,18.0,-1.986762471760943,0.5867306485029777,-9.831130195380222,,,,,,,,,,
acc,1778672599.0,18.0,-1.9871312418800955,0.5874333694931236,-9.831883808484465,,,,,,,,,,
acc,1778672599.0,18.0,-1.986822222326091,0.5884846757852844,-9.8322756114458,,,,,,,,,,
acc,1778672599.0,18.0,-1.9875454114203839,0.5905558292395007,-9.83159895002945,,,,,,,,,,
acc,1778672599.0,18.0,-1.988262028786418,0.5936730658060437,-9.833093739905594,,,,,,,,,,
acc,1778672599.0,18.0,-1.9879427336193607,0.5981463471228935,-9.834184481000321,,,,,,,,,,
acc,1778672599.0,18.0,-1.9883007785156026,0.6018690370172045,-9.834555377410709,,,,,,,,,,
acc,1778672599.0,18.0,-1.9893655027545276,0.604883468782658,-9.836378263706228,,,,,,,,,,
acc,1778672599.0,18.0,-1.9907755136135918,0.6088999084531664,-9.835025385829182,,,,,,,,,,
acc,1778672599.0,18.0,-1.9918177495671996,0.6139092506255693,-9.83506917325856,,,,,,,,,,
acc,1778672599.0,18.0,-1.9911111720646575,0.6168142711940945,-9.834367126389507,,,,,,,,,,
acc,1778672599.0,18.0,-1.9897010914963074,0.62001236095339,-9.834381401140252,,,,,,,,,,
acc,1778672599.0,18.0,-1.988658786457856,0.6238913221175845,-9.83372110762581,,,,,,,,,,
acc,1778672599.0,18.0,-1.9883358859178124,0.6277350345848681,-9.83306681429672,,,,,,,,,,
acc,1778672599.0,18.0,-1.9886903581614939,0.6311888476663845,-9.832134493463316,,,,,,,,,,
acc,1778672599.0,18.0,-1.9883671707295447,0.6349662464334511,-9.831494617930543,,,,,,,,,,
acc,1778672599.0,18.0,-1.988401891144439,0.6383543484236445,-9.831534995570596,,,,,,,,,,
acc,1778672599.0,18.0,-1.9894656964794672,0.6438059665494491,-9.831965462571365,,,,,,,,,,
acc,1778672599.0,18.0,-1.9905198348582451,0.6481786445931339,-9.831327123059276,,,,,,,,,,
acc,1778672599.0,18.0,-1.9908544612379113,0.6514466835904528,-9.830410611077285,,,,,,,,,,
acc,1778672599.0,18.0,-1.99086657929255,0.6546850254357448,-9.828402029333521,,,,,,,,,,
acc,1778672599.0,18.0,-1.9901686452625003,0.6592783113778113,-9.82715712711891,,,,,,,,,,
acc,1778672599.0,18.0,-1.989832024442459,0.6635103899333649,-9.82517811026726,,,,,,,,,,
acc,1778672599.0,18.0,-1.9894984625452488,0.6680234784893347,-9.825275886899595,,,,,,,,,,
acc,1778672599.0,18.0,-1.9888129607973912,0.6728505269240526,-9.825017804044785,,,,,,,,,,
acc,1778672599.0,18.0,-1.9874237645297639,0.6779886731495873,-9.825117037401142,,,,,,,,,,
acc,1778672599.0,18.0,-1.9864021539772159,0.6841095286600165,-9.825215369009463,,,,,,,,,,
acc,1778672599.0,18.0,-1.9864547307730858,0.6884354298419143,-9.825312807064082,,,,,,,,,,
acc,1778672599.0,18.0,-1.987181259187705,0.6930769918962603,-9.825089883087184,,,,,,,,,,
acc,1778672599.0,18.0,-1.987546223653322,0.6987412701239171,-9.82522395581942,,,,,,,,,,
acc,1778672599.0,18.0,-1.9865235003201906,0.7050285147012016,-9.823972438899744,,,,,,,,,,
acc,1778672599.0,18.0,-1.9862200034610396,0.7105841877034343,-9.823726200669936,,,,,,,,,,
acc,1778672599.0,18.0,-1.985564293561218,0.7167638139613337,-9.823872665373464,,,,,,,,,,
acc,1778672599.0,18.0,-1.9852695131515279,0.7215029137654275,-9.824337266633018,,,,,,,,,,
acc,1778672599.0,18.0,-1.9860068117819352,0.7241046445693275,-9.82309380720809,,,,,,,,,,
acc,1778672599.0,18.0,-1.986382448604428,0.7273926749788675,-9.825375817028657,,,,,,,,,,
acc,1778672599.0,18.0,-1.9853703006892813,0.7302958556257997,-9.825116826111355,,,,,,,,,,
acc,1778672599.0,18.0,-1.9836929118609254,0.7345570259146174,-9.824540721186182,,,,,,,,,,
acc,1778672599.0,18.0,-1.982705204152265,0.7408737784045251,-9.825389717037075,,,,,,,,,,
acc,1778672599.0,18.0,-1.9817264718863266,0.7464231877539479,-9.825840532622452,,,,,,,,,,
acc,1778672599.0,18.0,-1.9804016716418187,0.7526321107134598,-9.825257851282856,,,,,,,,,,
acc,1778672599.0,18.0,-1.9801538047108234,0.7594945360109754,-9.825709865146774,,,,,,,,,,
acc,1778672599.0,18.0,-1.980263161126429,0.7659396396034267,-9.826867704296516,,,,,,,,,,
acc,1778672599.0,18.0,-1.9806909912918278,0.7723261756109943,-9.82663065076729,,,,,,,,,,
acc,1778672599.0,18.0,-1.9787011621999486,0.778299714392567,-9.82778012259963,,,,,,,,,,
acc,1778672599.0,18.0,-1.9763744440316364,0.7835090288887705,-9.826860339375486,,,,,,,,,,
acc,1778672599.0,18.0,-1.975808202147546,0.7890259765335912,-9.828043218353686,,,,,,,,,,
acc,1778672599.0,18.0,-1.9759570476583335,0.7934633906142974,-9.828824883036413,,,,,,,,,,
acc,1778672599.0,18.0,-1.9771339408531188,0.796476110076505,-9.827540644090956,,,,,,,,,,
acc,1778672599.0,18.0,-1.976560797321987,0.7991064906780019,-9.830456683160133,,,,,,,,,,
acc,1778672599.0,18.0,-1.9742535289932326,0.8010030267685924,-9.82915761582892,,,,,,,,,,
acc,1778672599.0,18.0,-1.9729966364822853,0.8022078994425922,-9.83028412474589,,,,,,,,,,
acc,1778672599.0,18.0,-1.9721061273764424,0.8030468523360507,-9.83211032968824,,,,,,,,,,
acc,1778672599.0,18.0,-1.9715786722959252,0.8042331524734584,-9.832500074103914,,,,,,,,,,
acc,1778672599.0,18.0,-1.9707010484346101,0.8071480055421105,-9.836009981036149,,,,,,,,,,
acc,1778672599.0,18.0,-1.9708963033587872,0.8114207420895361,-9.835689850374518,,,,,,,,,,
acc,1778672599.0,18.0,-1.9710897839736001,0.8163290809799215,-9.836756999946159,,,,,,,,,,
acc,1778672599.0,18.0,-1.969542164322713,0.8215477880187646,-9.837494984706773,,,,,,,,,,
acc,1778672599.0,18.0,-1.9672986753535184,0.8267190719228356,-9.836522424673829,,,,,,,,,,
acc,1778672599.0,18.0,-1.9661049826003676,0.8321983345551555,-9.836552608291454,,,,,,,,,,
acc,1778672599.0,18.0,-1.9652770989367518,0.837272835427157,-9.836192052339646,,,,,,,,,,
acc,1778672599.0,18.0,-1.9651666711218243,0.8409168524494284,-9.835479801891488,,,,,,,,,,
acc,1778672599.0,18.0,-1.9643473140302519,0.8438178230209123,-9.8376492582169,,,,,,,,,,
acc,1778672599.0,18.0,-1.9614410986752093,0.8474023648083179,-9.838698602353462,,,,,,,,,,
acc,1778672599.0,18.0,-1.9606555963836523,0.8519837335648819,-9.839028478205055,,,,,,,,,,
acc,1778672599.0,18.0,-1.962326497757003,0.8572334126040158,-9.841130183743697,,,,,,,,,,
acc,1778672599.0,18.0,-1.9639822154124893,0.8631453107194442,-9.840763525098678,,,,,,,,,,
acc,1778672599.0,18.0,-1.9649129545870434,0.8693229631265641,-9.84075516924623,,,,,,,,,,
acc,1778672599.0,18.0,-1.9640959030667788,0.8744150781324983,-9.840356424046977,,,,,,,,,,
acc,1778672599.0,18.0,-1.9639962089454275,0.8791059494564162,-9.838967396471443,,,,,,,,,,
acc,1778672599.0,18.0,-1.9628325262010122,0.8823698230650197,-9.83893986792463,,,,,,,,,,
acc,1778672600.0,19.0,-1.9613599414614789,0.8852490755696173,-9.839658016630791,,,,,,,,,,
acc,1778672600.0,19.0,-1.9602202148518888,0.8870727637118837,-9.84033413596619,,,,,,,,,,
acc,1778672600.0,19.0,-1.9598007687408223,0.8895543090191721,-9.840294187667915,,,,,,,,,,
acc,1778672600.0,19.0,-1.9586752105558827,0.8944625788974055,-9.839899631478353,,,,,,,,,,
acc,1778672600.0,19.0,-1.9568854421162327,0.8996812084530637,-9.838195287406384,,,,,,,,,,
acc,1778672600.0,19.0,-1.9551119375550978,0.9062367866682347,-9.837500336762906,,,,,,,,,,
acc,1778672600.0,19.0,-1.9547389110730227,0.9144721263164274,-9.838551034131461,,,,,,,,,,
acc,1778672600.0,19.0,-1.9553986835953563,0.9216032300984821,-9.838562783491803,,,,,,,,,,
acc,1778672600.0,19.0,-1.9553780223169313,0.9265752287421526,-9.837828989913767,,,,,,,,,,
acc,1778672600.0,19.0,-1.9550025778881652,0.9311470843182003,-9.83578849116592,,,,,,,,,,
acc,1778672600.0,19.0,-1.95463054517582,0.9363873184272927,-9.835789849773441,,,,,,,,,,
acc,1778672600.0,19.0,-1.9535519695498145,0.9443486759209646,-9.83373238661963,,,,,,,,,,
acc,1778672600.0,19.0,-1.9524831950923605,0.9529476201513161,-9.832084085187072,,,,,,,,,,
acc,1778672600.0,19.0,-1.9511046562032417,0.9618233954647475,-9.831764135346193,,,,,,,,,,
acc,1778672600.0,19.0,-1.9504130826373618,0.9716479155173325,-9.829743254430134,,,,,,,,,,
acc,1778672600.0,19.0,-1.9500827553085425,0.9806732260659583,-9.832284306879346,,,,,,,,,,
acc,1778672600.0,19.0,-1.9494004679004444,0.9875577129539022,-9.831004126171234,,,,,,,,,,
acc,1778672600.0,19.0,-1.950463713392061,0.9922853357873707,-9.830693990070117,,,,,,,,,,
acc,1778672600.0,19.0,-1.9518722679185223,0.9976444363894599,-9.833616868297934,,,,,,,,,,
acc,1778672600.0,19.0,-1.9518836516685816,1.0033098089872403,-9.830514256847948,,,,,,,,,,
acc,1778672600.0,19.0,-1.9498006282294513,1.0127573361412416,-9.832018902921492,,,,,,,,,,
acc,1778672600.0,19.0,-1.9477365335165866,1.0217640413963063,-9.828966306778476,,,,,,,,,,
acc,1778672600.0,19.0,-1.9470755665583206,1.0303339396510507,-9.829029659520762,,,,,,,,,,
acc,1778672600.0,19.0,-1.946775567705227,1.037796552810331,-9.82877296003806,,,,,,,,,,
acc,1778672600.0,19.0,-1.9436740676441726,1.0448363903526103,-9.828163631414382,,,,,,,,,,
acc,1778672600.0,19.0,-1.9409557131533688,1.0525221886009604,-9.827240363316601,,,,,,,,,,
acc,1778672600.0,19.0,-1.938617031621785,1.0580438412013917,-9.826609458163434,,,,,,,,,,
acc,1778672600.0,19.0,-1.9376839730420212,1.063160355967907,-9.826694227914958,,,,,,,,,,
acc,1778672600.0,19.0,-1.9360849549660795,1.0675204435554364,-9.82823358710072,,,,,,,,,,
acc,1778672600.0,19.0,-1.9337905346992723,1.071840910416822,-9.829013521772243,,,,,,,,,,
acc,1778672600.0,19.0,-1.9329013351694464,1.0764770783931898,-9.829076445464546,,,,,,,,,,
acc,1778672600.0,19.0,-1.9320202159201285,1.0800417167341663,-9.83229799555847,,,,,,,,,,
acc,1778672600.0,19.0,-1.9294077616216512,1.0839289245089065,-9.832331072782669,,,,,,,,,,
acc,1778672600.0,19.0,-1.926464085260258,1.0877808086831604,-9.833464238280307,,,,,,,,,,
acc,1778672600.0,19.0,-1.9242570911842465,1.0908877666478407,-9.834232144744828,,,,,,,,,,
acc,1778672600.0,19.0,-1.9234545233810898,1.0939664912513711,-9.83570300582192,,,,,,,,,,
acc,1778672600.0,19.0,-1.9219848103011639,1.0970172390543613,-9.836060103045448,,,,,,,,,,
acc,1778672600.0,19.0,-1.919463549139604,1.0990108550787894,-9.835704022592585,,,,,,,,,,
acc,1778672600.0,19.0,-1.9162907607094646,1.1002764221529115,-9.836806537621175,,,,,,,,,,
acc,1778672600.0,19.0,-1.9138212421705907,1.1018854597270737,-9.836479168577295,,,,,,,,,,
acc,1778672600.0,19.0,-1.9127940298540687,1.1038348375493785,-9.838604039860586,,,,,,,,,,
acc,1778672600.0,19.0,-1.9117761519591814,1.1067959103055542,-9.839325240230398,,,,,,,,,,
acc,1778672600.0,19.0,-1.9097026291867476,1.1093751044971571,-9.841424248861882,,,,,,,,,,
acc,1778672600.0,19.0,-1.9076479488049065,1.1122858320744615,-9.842474783396659,,,,,,,,,,
acc,1778672600.0,19.0,-1.9056119395901627,1.1158800330553595,-9.842415382742034,,,,,,,,,,
acc,1778672600.0,19.0,-1.904304364552204,1.1190866112358893,-9.845231746940513,,,,,,,,,,
acc,1778672600.0,19.0,-1.9022987389543728,1.1243583544609839,-9.84479232249532,,,,,,,,,,
acc,1778672600.0,19.0,-1.9003113387557948,1.1285172890637576,-9.8468771544318,,,,,,,,,,
acc,1778672600.0,19.0,-1.897632065664725,1.131609030741564,-9.847168204979123,,,,,,,,,,
acc,1778672600.0,19.0,-1.8949771395013841,1.1343177155386153,-9.84706615455413,,,,,,,,,,
acc,1778672600.0,19.0,-1.892026862503356,1.1370017861397455,-9.850443697032023,,,,,,,,,,
acc,1778672600.0,19.0,-1.888748433290326,1.1400164280104668,-9.847543139790897,,,,,,,,,,
acc,1778672600.0,19.0,-1.8861742339301222,1.143678113721144,-9.849248003780163,,,,,,,,,,
acc,1778672600.0,19.0,-1.8829489883681496,1.1476614869763135,-9.84983697752069,,,,,,,,,,
acc,1778672600.0,19.0,-1.878688147511735,1.151963633643396,-9.848397293335188,,,,,,,,,,
acc,1778672600.0,19.0,-1.8751759672660857,1.156226686105237,-9.84828407401507,,,,,,,,,,
acc,1778672600.0,19.0,-1.8713407318125643,1.160096028738166,-9.84746194177814,,,,,,,,,,
acc,1778672600.0,19.0,-1.8682502803456837,1.1653500754539972,-9.847357222127057,,,,,,,,,,
acc,1778672600.0,19.0,-1.8651879122409698,1.1694914834582137,-9.84760841586849,,,,,,,,,,
acc,1778672600.0,19.0,-1.8610884687561189,1.1735952579121862,-9.848212288767654,,,,,,,,,,
acc,1778672600.0,19.0,-1.8577362192380233,1.1766323316149685,-9.849875577733755,,,,,,,,,,
acc,1778672600.0,19.0,-1.8561537648377893,1.1789318834278046,-9.851878713951459,,,,,,,,,,
acc,1778672600.0,19.0,-1.855295623086274,1.180855568017384,-9.853899150840668,,,,,,,,,,
acc,1778672600.0,19.0,-1.8544452793880692,1.1838266662719943,-9.854481362408908,,,,,,,,,,
acc,1778672600.0,19.0,-1.8525377593407313,1.1878001749230669,-9.852609017918759,,,,,,,,,,
acc,1778672600.0,19.0,-1.8496181731019299,1.1924475084132145,-9.851783087774066,,,,,,,,,,
acc,1778672600.0,19.0,-1.8460151848852075,1.2005312764460976,-9.849260824578936,,,,,,,,,,
acc,1778672600.0,19.0,-1.8441842702750701,1.2085415861565423,-9.847435919841226,,,,,,,,,,
acc,1778672600.0,19.0,-1.843079926102578,1.2164791050706856,-9.846976465781228,,,,,,,,,,
acc,1778672600.0,19.0,-1.8412756845969525,1.2243444946487563,-9.845917746353207,,,,,,,,,,
acc,1778672600.0,19.0,-1.8384584383970253,1.2290147066300214,-9.845507582507247,,,,,,,,,,
acc,1778672600.0,19.0,-1.8346018893693008,1.2325775852991923,-9.84336181312963,,,,,,,,,,
acc,1778672600.0,19.0,-1.8307803853376445,1.2333393456763753,-9.840880571782268,,,,,,,,,,
acc,1778672600.0,19.0,-1.8280585113767283,1.2340941838313393,-9.839841743139116,,,,,,,,,,
acc,1778672600.0,19.0,-1.8250064096758567,1.2372559337095033,-9.839096327539721,,,,,,,,,,
acc,1778672600.0,19.0,-1.8219820428464195,1.2418088176460658,-9.839067627381407,,,,,,,,,,
acc,1778672600.0,19.0,-1.8193401206434523,1.2497990034654807,-9.837335349644865,,,,,,,,,,
acc,1778672600.0,19.0,-1.8188165095670739,1.259100952313631,-9.837677613521265,,,,,,,,,,
acc,1778672600.0,19.0,-1.818297656617136,1.2658690985786925,-9.836987367116517,,,,,,,,,,
acc,1778672600.0,19.0,-1.8174285476836805,1.2711913708070428,-9.835309487356376,,,,,,,,,,
acc,1778672600.0,19.0,-1.8155024420218826,1.2754358787293667,-9.836060625755398,,,,,,,,,,
acc,1778672600.0,19.0,-1.8129194008537781,1.2785769217789211,-9.833290769534633,,,,,,,,,,
acc,1778672600.0,19.0,-1.8113892322181302,1.2823993543910495,-9.832320910477625,,,,,,,,,,
acc,1778672600.0,19.0,-1.8098729684368833,1.2847671867171926,-9.831395368112378,,,,,,,,,,
acc,1778672600.0,19.0,-1.8076960448604282,1.2874684640069978,-9.830762209340918,,,,,,,,,,
acc,1778672600.0,19.0,-1.806568312454938,1.2918845362355955,-9.831909631264452,,,,,,,,,,
acc,1778672600.0,19.0,-1.8065157223481432,1.2945211371854008,-9.829567960942736,,,,,,,,,,
acc,1778672600.0,19.0,-1.8053987156973605,1.2961043789005713,-9.82962584636654,,,,,,,,,,
acc,1778672600.0,19.0,-1.8021975558404073,1.2976732334790295,-9.826914463884362,,,,,,,,,,
acc,1778672600.0,19.0,-1.7990254853663252,1.2988728698755827,-9.825647585416982,,,,,,,,,,
acc,1778672600.0,19.0,-1.7969471343717869,1.3000616050101081,-9.826451019399835,,,,,,,,,,
acc,1778672600.0,19.0,-1.7962720405849695,1.300529596204082,-9.824513914025829,,,,,,,,,,
acc,1778672600.0,19.0,-1.7948931488165019,1.300993334697294,-9.82497268805363,,,,,,,,,,
acc,1778672600.0,19.0,-1.7911130162115576,1.301133391713011,-9.824362389616757,,,,,,,,,,
acc,1778672600.0,19.0,-1.7876867016162392,1.3023015851715376,-9.823118702203299,,,,,,,,,,
acc,1778672600.0,19.0,-1.7867407968783693,1.303814124876556,-9.822525251192136,,,,,,,,,,
acc,1778672600.0,19.0,-1.7854485168386485,1.3053129199239761,-9.823357058254532,,,,,,,,,,
acc,1778672600.0,19.0,-1.783138579854662,1.3067980952134213,-9.822512971657169,,,,,,,,,,
acc,1778672600.0,19.0,-1.781524071877335,1.3089442127992361,-9.822670461102113,,,,,,,,,,
acc,1778672600.0,19.0,-1.7796047586494328,1.313875055470361,-9.82460134650047,,,,,,,,,,
acc,1778672600.0,19.0,-1.7780223629941156,1.3205004326995402,-9.823036020235417,,,,,,,,,,
acc,1778672600.0,19.0,-1.7764543467869922,1.325326262402644,-9.824608621964728,,,,,,,,,,
acc,1778672600.0,19.0,-1.7738711792903363,1.3273040119744777,-9.823753162237063,,,,,,,,,,
acc,1778672600.0,19.0,-1.7730508181122453,1.331358093048788,-9.823899381898858,,,,,,,,,,
acc,1778672600.0,19.0,-1.7715279790208895,1.3329615540349182,-9.825464138139836,,,,,,,,,,
acc,1778672600.0,19.0,-1.7679601689548021,1.3341954823686828,-9.82488487727908,,,,,,,,,,
acc,1778672600.0,19.0,-1.765099218359671,1.3354181978250688,-9.82605021295818,,,,,,,,,,
acc,1778672600.0,19.0,-1.7629741982660898,1.3359198696491057,-9.828269853499204,,,,,,,,,,
acc,1778672600.0,19.0,-1.7601585558761765,1.3364169827119234,-9.830149856440096,,,,,,,,,,
acc,1778672600.0,19.0,-1.7566940613310225,1.3376195110870701,-9.831302842886931,,,,,,,,,,
acc,1778672600.0,19.0,-1.754290458280489,1.339485550207281,-9.833510255500927,,,,,,,,,,
acc,1778672600.0,19.0,-1.7540029915962976,1.344138859512257,-9.834987676404431,,,,,,,,,,
acc,1778672600.0,19.0,-1.7530082045148623,1.3501342544853665,-9.836061206552504,,,,,,,,,,
acc,1778672600.0,19.0,-1.7520224572011152,1.3529514648311807,-9.835740610451294,,,,,,,,,,
acc,1778672600.0,19.0,-1.7503712292236815,1.3546781803714234,-9.836132860297438,,,,,,,,,,
acc,1778672600.0,19.0,-1.7473151408909386,1.3550048340773586,-9.835776118708454,,,,,,,,,,
acc,1778672600.0,19.0,-1.744641794521634,1.3546540811506032,-9.836168045885925,,,,,,,,,,
acc,1778672600.0,19.0,-1.7433771121509007,1.3563653247800314,-9.836556411566985,,,,,,,,,,
acc,1778672600.0,19.0,-1.7421239221235956,1.359835845172142,-9.837651180760858,,,,,,,,,,
acc,1778672600.0,19.0,-1.740207681722465,1.3677829030348472,-9.838026068990617,,,,,,,,,,
acc,1778672600.0,19.0,-1.7386638162415047,1.374947812239932,-9.838007094419845,,,,,,,,,,
acc,1778672600.0,19.0,-1.736779018300596,1.3799888127989883,-9.839443651923686,,,,,,,,,,
acc,1778672600.0,19.0,-1.7349113477789162,1.3849840050896707,-9.83980225172058,,,,,,,,,,
acc,1778672600.0,19.0,-1.7334156108158674,1.389223863646522,-9.83980263109295,,,,,,,,,,
acc,1778672600.0,19.0,-1.7326079041049829,1.3923957939607454,-9.842252272368718,,,,,,,,,,
acc,1778672600.0,19.0,-1.731807537136528,1.393089635155976,-9.843969720771863,,,,,,,,,,
acc,1778672600.0,19.0,-1.7296300813730638,1.394132133098811,-9.843186793687105,,,,,,,,,,
acc,1778672600.0,19.0,-1.7278273742290813,1.3986438322165062,-9.845250711743619,,,,,,,,,,
acc,1778672601.0,20.0,-1.7263960103120264,1.4058832656674476,-9.84520158020876,,,,,,,,,,
acc,1778672601.0,20.0,-1.7256520916794795,1.41341188425226,-9.845152895138943,,,,,,,,,,
acc,1778672601.0,20.0,-1.7242404948554644,1.42051711837536,-9.843720281551112,,,,,,,,,,
acc,1778672601.0,20.0,-1.7224867636287469,1.4268833570595072,-9.843649562886021,,,,,,,,,,
acc,1778672601.0,20.0,-1.7203940070219508,1.435605515839483,-9.841875648508386,,,,,,,,,,
acc,1778672601.0,20.0,-1.7183202675833487,1.4442484151585189,-9.841502215773467,,,,,,,,,,
acc,1778672601.0,20.0,-1.716265372501295,1.4503990042737487,-9.841806614755543,,,,,,,,,,
acc,1778672601.0,20.0,-1.7149390740897408,1.455783769494295,-9.839339505773237,,,,,,,,,,
acc,1778672601.0,20.0,-1.713624827934926,1.460764631745326,-9.840054022824024,,,,,,,,,,
acc,1778672601.0,20.0,-1.7119675627388562,1.466055203078189,-9.839697143453073,,,,,,,,,,
acc,1778672601.0,20.0,-1.7113547573993682,1.4744214018836024,-9.837284706976211,,,,,,,,,,
acc,1778672601.0,20.0,-1.7100730824251007,1.483066537663119,-9.837272469264322,,,,,,,,,,
acc,1778672601.0,20.0,-1.7077381597893178,1.490603713842088,-9.837970266312713,,,,,,,,,,
acc,1778672601.0,20.0,-1.7082286911234783,1.4980723986609454,-9.836957884043418,,,,,,,,,,
acc,1778672601.0,20.0,-1.7093892032127949,1.504053349227438,-9.8415276794816,,,,,,,,,,
acc,1778672601.0,20.0,-1.7087998277822343,1.509305511789833,-9.840766943565477,,,,,,,,,,
acc,1778672601.0,20.0,-1.7078608463105567,1.5127706145273583,-9.841787956707925,,,,,,,,,,
acc,1778672601.0,20.0,-1.7066109209892857,1.5175886003198598,-9.842125253482353,,,,,,,,,,
acc,1778672601.0,20.0,-1.7056918304156097,1.524812069749821,-9.839655248991313,,,,,,,,,,
acc,1778672601.0,20.0,-1.7047810917447888,1.5337092312144018,-9.840721858615257,,,,,,,,,,
acc,1778672601.0,20.0,-1.7018198198806058,1.5407862102475105,-9.840713881393052,,,,,,,,,,
acc,1778672601.0,20.0,-1.6999148666464636,1.5474439180190878,-9.839002138323803,,,,,,,,,,
acc,1778672601.0,20.0,-1.7001215184589002,1.5550705263383837,-9.83730595009998,,,,,,,,,,
acc,1778672601.0,20.0,-1.6996163597575562,1.5577647852146566,-9.836583577621534,,,,,,,,,,
acc,1778672601.0,20.0,-1.6967020205265464,1.560079599212339,-9.835903272888814,,,,,,,,,,
acc,1778672601.0,20.0,-1.6934592025217126,1.5616989398960883,-9.834554711899235,,,,,,,,,,
acc,1778672601.0,20.0,-1.6916302233710443,1.561209261848119,-9.833608870693135,,,,,,,,,,
acc,1778672601.0,20.0,-1.6929415680213822,1.5624633753550115,-9.83295559753247,,,,,,,,,,
acc,1778672601.0,20.0,-1.6949509198545702,1.564061054335764,-9.835822429593462,,,,,,,,,,
acc,1778672601.0,20.0,-1.6941377853194124,1.5656442149872472,-9.836923868573702,,,,,,,,,,
acc,1778672601.0,20.0,-1.6926576015706174,1.5699817310771584,-9.84039357524013,,,,,,,,,,
acc,1778672601.0,20.0,-1.6929302011504554,1.5721855280020862,-9.842482875645088,,,,,,,,,,
acc,1778672601.0,20.0,-1.6942297327226616,1.573339898665199,-9.84142948667616,,,,,,,,,,
acc,1778672601.0,20.0,-1.6944880461300356,1.5803762157647645,-9.84318990619474,,,,,,,,,,
acc,1778672601.0,20.0,-1.6922947468746858,1.5880585255195612,-9.84244956884503,,,,,,,,,,
acc,1778672601.0,20.0,-1.6901213784321467,1.596025995929232,-9.841077015124228,,,,,,,,,,
acc,1778672601.0,20.0,-1.6893521306060695,1.600797361225222,-9.842130704960741,,,,,,,,,,
acc,1778672601.0,20.0,-1.6889448348169223,1.6055253684667832,-9.840761048800335,,,,,,,,,,
acc,1778672601.0,20.0,-1.6896061436824803,1.6105298790702074,-9.842137086368899,,,,,,,,,,
acc,1778672601.0,20.0,-1.689906472280281,1.6169087782730174,-9.843181143191572,,,,,,,,,,
acc,1778672601.0,20.0,-1.688819700833673,1.6218098462619956,-9.843470285527198,,,,,,,,,,
acc,1778672601.0,20.0,-1.6873878432533718,1.6249270448778035,-9.842691896885228,,,,,,,,,,
acc,1778672601.0,20.0,-1.6852590645219143,1.630110211547962,-9.842311046791092,,,,,,,,,,
acc,1778672601.0,20.0,-1.6845340012128642,1.633151983600161,-9.83983935397938,,,,,,,,,,
acc,1778672601.0,20.0,-1.6841704884296385,1.636876047288585,-9.840513825389408,,,,,,,,,,
acc,1778672601.0,20.0,-1.6824259171080829,1.6395368698432224,-9.84228256564571,,,,,,,,,,
acc,1778672601.0,20.0,-1.680697198946658,1.6432029131899237,-9.84222491170361,,,,,,,,,,
acc,1778672601.0,20.0,-1.6803685517143254,1.6499593463026536,-9.842522743446281,,,,,,,,,,
acc,1778672601.0,20.0,-1.67968792916929,1.6562994119136374,-9.844273228386887,,,,,,,,,,
acc,1778672601.0,20.0,-1.6793684533105335,1.662936835336851,-9.842884102822778,,,,,,,,,,
acc,1778672601.0,20.0,-1.6790518805729495,1.6705788379915265,-9.845305742318313,,,,,,,,,,
acc,1778672601.0,20.0,-1.6766438810223179,1.6753471605236394,-9.845930539903952,,,,,,,,,,
acc,1778672601.0,20.0,-1.6749677050203877,1.6856451306727376,-9.84342595626198,,,,,,,,,,
acc,1778672601.0,20.0,-1.6733067606608567,1.6948201126075608,-9.844777777447113,,,,,,,,,,
acc,1778672601.0,20.0,-1.6713059386693407,1.7028468258039848,-9.842283669116858,,,,,,,,,,
acc,1778672601.0,20.0,-1.669678269285389,1.712184970065998,-9.843645870422394,,,,,,,,,,
acc,1778672601.0,20.0,-1.6694497525851286,1.7196989155468112,-9.843220857079755,,,,,,,,,,
acc,1778672601.0,20.0,-1.6692233124476232,1.724375848027124,-9.842480238476917,,,,,,,,,,
acc,1778672601.0,20.0,-1.6679695299505541,1.7303946514918331,-9.843485682667021,,,,,,,,,,
acc,1778672601.0,20.0,-1.6670821025229117,1.7377431230870957,-9.838980010036751,,,,,,,,,,
acc,1778672601.0,20.0,-1.6654928157205775,1.7432854854187492,-9.838242425148168,,,,,,,,,,
acc,1778672601.0,20.0,-1.6621786292101595,1.7501973488142135,-9.838576446294395,,,,,,,,,,
acc,1778672601.0,20.0,-1.659249530031474,1.7573658705692115,-9.836848632040487,,,,,,,,,,
acc,1778672601.0,20.0,-1.6559920771186714,1.7624104508751917,-9.839325116687682,,,,,,,,,,
acc,1778672601.0,20.0,-1.6520542924924992,1.767054228609726,-9.839649299266668,,,,,,,,,,
acc,1778672601.0,20.0,-1.6506015654706494,1.7733951403845873,-9.841390401227693,,,,,,,,,,
acc,1778672601.0,20.0,-1.6512563340428428,1.7775841278696998,-9.844819519883686,,,,,,,,,,
acc,1778672601.0,20.0,-1.650165819954391,1.7810251168113886,-9.845129268423953,,,,,,,,,,
acc,1778672601.0,20.0,-1.6494401772925655,1.7841153695975664,-9.844690775239737,,,,,,,,,,
acc,1778672601.0,20.0,-1.6490406051474864,1.7854382081426368,-9.844966199340224,,,,,,,,,,
acc,1778672601.0,20.0,-1.646905322194398,1.78880782597427,-9.844529187987295,,,,,,,,,,
acc,1778672601.0,20.0,-1.645144413713653,1.7914723853477177,-9.843741176954884,,,,,,,,,,
acc,1778672601.0,20.0,-1.6447838777640291,1.7927283696769845,-9.842356886218033,,,,,,,,,,
acc,1778672601.0,20.0,-1.6426872762794515,1.7960317408058846,-9.84442834573719,,,,,,,,,,
acc,1778672601.0,20.0,-1.6388703942139329,1.7996600555207625,-9.8416179453302,,,,,,,,,,
acc,1778672601.0,20.0,-1.63615310017995,1.8025809700505617,-9.841601825244629,,,,,,,,,,
acc,1778672601.0,20.0,-1.632750565934936,1.8061497710167143,-9.8426507460555,,,,,,,,,,
acc,1778672601.0,20.0,-1.6307633128130006,1.8117804453456687,-9.840921402440268,,,,,,,,,,
acc,1778672601.0,20.0,-1.6298590216320485,1.8177149238227837,-9.843041409844774,,,,,,,,,,
acc,1778672601.0,20.0,-1.6275785769571902,1.8239504366507504,-9.843722287177345,,,,,,,,,,
acc,1778672601.0,20.0,-1.626348264135203,1.830129286514391,-9.845071415559957,,,,,,,,,,
acc,1778672601.0,20.0,-1.6254840931098835,1.8372813974556859,-9.841900209715558,,,,,,,,,,
acc,1778672601.0,20.0,-1.6242728131512532,1.8426291744054286,-9.844721255199184,,,,,,,,,,
acc,1778672601.0,20.0,-1.6223625985372825,1.8454790900463773,-9.842618125721138,,,,,,,,,,
acc,1778672601.0,20.0,-1.6204697423067265,1.8493680116088502,-9.841208545946499,,,,,,,,,,
acc,1778672601.0,20.0,-1.61930402844472,1.8538960231940846,-9.840450710046353,,,,,,,,,,
acc,1778672601.0,20.0,-1.6160546040372625,1.8587378589756822,-9.839415787651062,,,,,,,,,,
acc,1778672601.0,20.0,-1.6128347075971357,1.8649200581531216,-9.838070802323786,,,,,,,,,,
acc,1778672601.0,20.0,-1.6110284326243067,1.8717560205578476,-9.838441877389698,,,,,,,,,,
acc,1778672601.0,20.0,-1.6095935423825474,1.8781748927687807,-9.839519513081237,,,,,,,,,,
acc,1778672601.0,20.0,-1.607142291135931,1.8835060357533067,-9.838812529102716,,,,,,,,,,
acc,1778672601.0,20.0,-1.6026190111997067,1.8884337630455044,-9.83917686399517,,,,,,,,,,
acc,1778672601.0,20.0,-1.5991662349815952,1.8947010823123918,-9.838437490269014,,,,,,,,,,
acc,1778672601.0,20.0,-1.5978391381639518,1.9012664204470155,-9.83742086227948,,,,,,,,,,
acc,1778672601.0,20.0,-1.5965241008579398,1.909156460273722,-9.837442881665702,,,,,,,,,,
acc,1778672601.0,20.0,-1.5931267099300563,1.9187141439942146,-9.836719264875905,,,,,,,,,,
acc,1778672601.0,20.0,-1.5894407241473636,1.927155566588836,-9.833623956177483,,,,,,,,,,
acc,1778672601.0,20.0,-1.5864626717009545,1.935165319039054,-9.835419811257921,,,,,,,,,,
acc,1778672601.0,20.0,-1.583866643001662,1.941362953079772,-9.832336310873766,,,,,,,,,,
acc,1778672601.0,20.0,-1.5812942047728296,1.9461198974549372,-9.83378890519007,,,,,,,,,,
acc,1778672601.0,20.0,-1.57803521000906,1.9483843404132146,-9.831075186848434,,,,,,,,,,
acc,1778672601.0,20.0,-1.574805830179712,1.9509831769276746,-9.83111937590132,,,,,,,,,,
acc,1778672601.0,20.0,-1.5723157288052776,1.9514640939102157,-9.828784886801536,,,,,,,,,,
acc,1778672601.0,20.0,-1.5705581879605555,1.9522956115951775,-9.827855973349617,,,,,,,,,,
acc,1778672601.0,20.0,-1.569491056407071,1.9548589058494006,-9.82831987197309,,,,,,,,,,
acc,1778672601.0,20.0,-1.5674042219754771,1.956014536184766,-9.828424593311725,,,,,,,,,,
acc,1778672601.0,20.0,-1.5663657509453806,1.958544036058841,-9.82923829566851,,,,,,,,,,
acc,1778672601.0,20.0,-1.565336716644602,1.962079950068559,-9.831464469070589,,,,,,,,,,
acc,1778672601.0,20.0,-1.5639620624590465,1.9676780362865522,-9.834025374702367,,,,,,,,,,
acc,1778672601.0,20.0,-1.5629548708066778,1.9721958518744471,-9.832338916667139,,,,,,,,,,
acc,1778672601.0,20.0,-1.5609274315942325,1.9749332807650377,-9.834146449077734,,,,,,,,,,
acc,1778672601.0,20.0,-1.5571790833166137,1.9780007960362425,-9.832849346957131,,,,,,,,,,
acc,1778672601.0,20.0,-1.5538197585702274,1.9824248072840869,-9.830463633925786,,,,,,,,,,
acc,1778672601.0,20.0,-1.5508104278846617,1.9885479496167557,-9.83019390374309,,,,,,,,,,
acc,1778672601.0,20.0,-1.5488933468979653,1.995644850160763,-9.829536159414582,,,,,,,,,,
acc,1778672601.0,20.0,-1.5476681158783536,2.0020028219166566,-9.828884392099399,,,,,,,,,,
acc,1778672601.0,20.0,-1.5443952186034335,2.0086224944085043,-9.831823714106465,,,,,,,,,,
acc,1778672601.0,20.0,-1.54182650087208,2.0137976421142105,-9.82980229200359,,,,,,,,,,
acc,1778672601.0,20.0,-1.5403460198417098,2.019990656948894,-9.830603475022302,,,,,,,,,,
acc,1778672601.0,20.0,-1.5378140977373422,2.0285411750510884,-9.832071815855675,,,,,,,,,,
acc,1778672601.0,20.0,-1.5339208126477524,2.036339555142297,-9.829728671804208,,,,,,,,,,
acc,1778672601.0,20.0,-1.53144727728623,2.0447415085544285,-9.830849991233734,,,,,,,,,,
acc,1778672601.0,20.0,-1.5289962192812796,2.0520377031223416,-9.831286682804071,,,,,,,,,,
acc,1778672601.0,20.0,-1.5262124635169878,2.0554339599360554,-9.831328949964048,,,,,,,,,,
acc,1778672601.0,20.0,-1.522424604075838,2.0584443927223273,-9.828992556437496,,,,,,,,,,
acc,1778672602.0,21.0,-1.5193810980701972,2.0614274692911745,-9.825257528770809,,,,,,,,,,
acc,1778672602.0,21.0,-1.5173946488717882,2.0612597346384867,-9.82439617235488,,,,,,,,,,
acc,1778672602.0,21.0,-1.5150712890369786,2.064217227807446,-9.821412845298527,,,,,,,,,,
acc,1778672602.0,21.0,-1.5120946036180678,2.0671478458285817,-9.820870399104841,,,,,,,,,,
acc,1778672602.0,21.0,-1.5080800642536636,2.072856060012608,-9.82175274746426,,,,,,,,,,
acc,1778672602.0,21.0,-1.5061963091061865,2.0806067064127616,-9.818793441574165,,,,,,,,,,
acc,1778672602.0,21.0,-1.5053590719500085,2.087222027212685,-9.820759557941425,,,,,,,,,,
acc,1778672602.0,21.0,-1.502115681011803,2.094132195455112,-9.820187544812882,,,,,,,,,,
acc,1778672602.0,21.0,-1.498901763213823,2.1002696374120133,-9.819336756592492,,,,,,,,,,
acc,1778672602.0,21.0,-1.4960720125034284,2.1067062784494213,-9.819487614377756,,,,,,,,,,
acc,1778672602.0,21.0,-1.4932679761275276,2.1099607252499033,-9.818643186521665,,,,,,,,,,
acc,1778672602.0,21.0,-1.491873791326068,2.1138600276317305,-9.816741537689184,,,,,,,,,,
acc,1778672602.0,21.0,-1.491166704861637,2.117723896515703,-9.817306434719821,,,,,,,,,,
acc,1778672602.0,21.0,-1.4897916146016243,2.1219076247518536,-9.817156265818555,,,,,,,,,,
acc,1778672602.0,21.0,-1.4884290199762154,2.126763267507997,-9.817326938023776,,,,,,,,,,
acc,1778672602.0,21.0,-1.4860139039401683,2.1319297481433845,-9.817531553667111,,,,,,,,,,
acc,1778672602.0,21.0,-1.48433066703094,2.139818022076617,-9.81773430993991,,,,,,,,,,
acc,1778672602.0,21.0,-1.4833726585620794,2.142771577902019,-9.81722529110381,,,,,,,,,,
acc,1778672602.0,21.0,-1.4817134230134268,2.142894058179929,-9.818495724835186,,,,,,,,,,
acc,1778672602.0,21.0,-1.480069265166751,2.143015425462683,-9.816630910367598,,,,,,,,,,
acc,1778672602.0,21.0,-1.4770556861866204,2.142106289815717,-9.816096414828316,,,,,,,,,,
acc,1778672602.0,21.0,-1.4737145211528715,2.1436546809274257,-9.814217908861318,,,,,,,,,,
acc,1778672602.0,21.0,-1.4704037177459979,2.148667666962081,-9.815125205868386,,,,,,,,,,
acc,1778672602.0,21.0,-1.4667680292048209,2.1574687446163763,-9.814994858094126,,,,,,,,,,
acc,1778672602.0,21.0,-1.4635203495270817,2.1682486457626418,-9.81557562744268,,,,,,,,,,
acc,1778672602.0,21.0,-1.4613315820103259,2.1761618466437778,-9.817925955390296,,,,,,,,,,
acc,1778672602.0,21.0,-1.4584882749379446,2.184713080900303,-9.818125127680284,,,,,,,,,,
acc,1778672602.0,21.0,-1.4556708053885623,2.1942160089616936,-9.81796751920337,,,,,,,,,,
acc,1778672602.0,21.0,-1.4532339003467738,2.2015382790630516,-9.818840742984765,,,,,,,,,,
acc,1778672602.0,21.0,-1.4497542363013143,2.2077646106390914,-9.819386564247607,,,,,,,,,,
acc,1778672602.0,21.0,-1.4459512306685987,2.21286945918708,-9.819572463783738,,,,,,,,,,
acc,1778672602.0,21.0,-1.4442770870156154,2.2172534809985724,-9.819046741390618,,,,,,,,,,
acc,1778672602.0,21.0,-1.4419437182619907,2.2222721028746317,-9.81955519635761,,,,,,,,,,
acc,1778672602.0,21.0,-1.4378922204687812,2.228984461612434,-9.820413992697985,,,,,,,,,,
acc,1778672602.0,21.0,-1.435936339290622,2.2359907859955523,-9.818496252306629,,,,,,,,,,
acc,1778672602.0,21.0,-1.4336787640603723,2.2439983464393336,-9.82149447840811,,,,,,,,,,
acc,1778672602.0,21.0,-1.4317611711409324,2.252252608492188,-9.819566919494351,,,,,,,,,,
acc,1778672602.0,21.0,-1.429186574465046,2.2601123955151308,-9.819751180117498,,,,,,,,,,
acc,1778672602.0,21.0,-1.4266353735037631,2.2668358560755264,-9.82135363160797,,,,,,,,,,
acc,1778672602.0,21.0,-1.426201650113378,2.270019554258357,-9.818362458180395,,,,,,,,,,
acc,1778672602.0,21.0,-1.4257718680271798,2.2728193508764916,-9.817812227827822,,,,,,,,,,
acc,1778672602.0,21.0,-1.4221867934783978,2.276658599765265,-9.818331900989518,,,,,,,,,,
acc,1778672602.0,21.0,-1.4168949643131823,2.282202302640374,-9.814693748169816,,,,,,,,,,
acc,1778672602.0,21.0,-1.413745517184725,2.2880505908975657,-9.813573415422889,,,,,,,,,,
acc,1778672602.0,21.0,-1.4106246895161043,2.29416521145472,-9.812463263293939,,,,,,,,,,
acc,1778672602.0,21.0,-1.4075322212383456,2.3040578947515056,-9.811718170131075,,,,,,,,,,
acc,1778672602.0,21.0,-1.40482282550654,2.313186252685286,-9.813038647828675,,,,,,,,,,
acc,1778672602.0,21.0,-1.4028479830613376,2.320137356429939,-9.81154289907296,,,,,,,,,,
acc,1778672602.0,21.0,-1.4019204863295454,2.3280546945855956,-9.815243246079842,,,,,,,,,,
acc,1778672602.0,21.0,-1.4010014178882997,2.335545125025338,-9.813017522114688,,,,,,,,,,
acc,1778672602.0,21.0,-1.3990613011004704,2.341583117983154,-9.813580765427476,,,,,,,,,,
acc,1778672602.0,21.0,-1.3967838526474783,2.347211281093722,-9.814884317465031,,,,,,,,,,
acc,1778672602.0,21.0,-1.394527099682251,2.3517588911757277,-9.811951931586453,,,,,,,,,,
acc,1778672602.0,21.0,-1.3929652833293455,2.356620147359336,-9.811814925432731,,,,,,,,,,
acc,1778672602.0,21.0,-1.3914176594167469,2.361792190412082,-9.810330296811063,,,,,,,,,,
acc,1778672602.0,21.0,-1.3898840989757948,2.366562272623654,-9.811663386304541,,,,,,,,,,
acc,1778672602.0,21.0,-1.3890744068441427,2.3716439702148016,-9.811209534787862,,,,,,,,,,
acc,1778672602.0,21.0,-1.386887710674777,2.3763245279464367,-9.8124991401648,,,,,,,,,,
acc,1778672602.0,21.0,-1.3857502853626884,2.3802526201709737,-9.810333855715273,,,,,,,,,,
acc,1778672602.0,21.0,-1.3849781577646667,2.3855293881892035,-9.809572609325366,,,,,,,,,,
acc,1778672602.0,21.0,-1.3835031139621388,2.3866050927634914,-9.80881828048625,,,,,,,,,,
acc,1778672602.0,21.0,-1.3831063775808583,2.3907947258531985,-9.808390282837987,,,,,,,,,,
acc,1778672602.0,21.0,-1.383068208171308,2.3977150289874145,-9.80864061273769,,,,,,,,,,
acc,1778672602.0,21.0,-1.3837048238868235,2.4045724463739355,-9.809634094849365,,,,,,,,,,
acc,1778672602.0,21.0,-1.384690625448377,2.4093087402811455,-9.810618549052261,,,,,,,,,,
acc,1778672602.0,21.0,-1.386022430668953,2.4140019948333062,-9.81159405738423,,,,,,,,,,
acc,1778672602.0,21.0,-1.384892868275516,2.415138432323399,-9.811105332421967,,,,,,,,,,
acc,1778672602.0,21.0,-1.3830991320967547,2.4138507809800394,-9.809627151969872,,,,,,,,,,
acc,1778672602.0,21.0,-1.38164116325934,2.41850276138274,-9.810221204042998,,,,,,,,,,
acc,1778672602.0,21.0,-1.3791670431376237,2.426591143050383,-9.807011716017916,,,,,,,,,,
acc,1778672602.0,21.0,-1.3777448057341237,2.4307723882547267,-9.806600134869804,,,,,,,,,,
acc,1778672602.0,21.0,-1.3766904632584938,2.437009941450927,-9.807931626498457,,,,,,,,,,
acc,1778672602.0,21.0,-1.3763556343724188,2.4428358422814607,-9.809960951313569,,,,,,,,,,
acc,1778672602.0,21.0,-1.3742845154403822,2.447898869714509,-9.809522570058169,,,,,,,,,,
acc,1778672602.0,21.0,-1.370492875282036,2.4501471469027853,-9.808413734159283,,,,,,,,,,
acc,1778672602.0,21.0,-1.3660257576457564,2.4541143354558868,-9.80976423972132,,,,,,,,,,
acc,1778672602.0,21.0,-1.3636935368654948,2.460139777163051,-9.806203942420554,,,,,,,,,,
acc,1778672602.0,21.0,-1.3610275384359751,2.4636611904480676,-9.806864596030186,,,,,,,,,,
acc,1778672602.0,21.0,-1.3573563662534907,2.4647013388492276,-9.807838713603104,,,,,,,,,,
acc,1778672602.0,21.0,-1.3543929927925482,2.4653770644179245,-9.807419617414066,,,,,,,,,,
acc,1778672602.0,21.0,-1.3535508514571475,2.469205856613009,-9.809808556699688,,,,,,,,,,
acc,1778672602.0,21.0,-1.3520419245017417,2.476833492270942,-9.810045998549455,,,,,,,,,,
acc,1778672602.0,21.0,-1.3494818058784872,2.4850662437403055,-9.811701148000886,,,,,,,,,,
acc,1778672602.0,21.0,-1.3486842931749479,2.494289086558125,-9.814086683875445,,,,,,,,,,
acc,1778672602.0,21.0,-1.3482489893527219,2.5023632166381615,-9.814320744154314,,,,,,,,,,
acc,1778672602.0,21.0,-1.348527573830494,2.511073917707517,-9.81558207754302,,,,,,,,,,
acc,1778672602.0,21.0,-1.3477387323650023,2.518640559941706,-9.817932346876319,,,,,,,,,,
acc,1778672602.0,21.0,-1.345217717441389,2.5251090430079963,-9.816072651903111,,,,,,,,,,
acc,1778672602.0,21.0,-1.3437845148224619,2.530134375169325,-9.816608132830613,,,,,,,,,,
acc,1778672602.0,21.0,-1.3433937359609225,2.5385927158963484,-9.816109347721373,,,,,,,,,,
acc,1778672602.0,21.0,-1.3433614790213841,2.545909291021418,-9.815970056914644,,,,,,,,,,
acc,1778672602.0,21.0,-1.3415901825231096,2.5500356758302205,-9.816541964496851,,,,,,,,,,
acc,1778672602.0,21.0,-1.3387700785452086,2.5555089345204243,-9.81469490411985,,,,,,,,,,
acc,1778672602.0,21.0,-1.336685533874732,2.557098820730515,-9.814568466556924,,,,,,,,,,
acc,1778672602.0,21.0,-1.335649331796545,2.560449086467541,-9.813058816128242,,,,,,,,,,
acc,1778672602.0,21.0,-1.3339481166422327,2.561319642562273,-9.81291175156229,,,,,,,,,,
acc,1778672602.0,21.0,-1.3319073898036646,2.5604429551119288,-9.8103522524361,,,,,,,,,,
acc,1778672602.0,21.0,-1.3312695782393544,2.564082308739973,-9.808525944465144,,,,,,,,,,
acc,1778672602.0,21.0,-1.3309925243300862,2.568043552833898,-9.807426165040413,,,,,,,,,,
acc,1778672602.0,21.0,-1.3300080554136797,2.5688450969668546,-9.803496648926105,,,,,,,,,,
acc,1778672602.0,21.0,-1.327648161593493,2.57066875740564,-9.802087609629053,,,,,,,,,,
acc,1778672602.0,21.0,-1.3263746159482699,2.5738957112591856,-9.800691374466147,,,,,,,,,,
acc,1778672602.0,21.0,-1.3254321106013063,2.5749990377960894,-9.796219617854081,,,,,,,,,,
acc,1778672602.0,21.0,-1.3234687698824907,2.5778316800218386,-9.796580544262547,,,,,,,,,,
acc,1778672602.0,21.0,-1.3194289667686414,2.5799286490034143,-9.793104545571461,,,,,,,,,,
acc,1778672602.0,21.0,-1.3154258739020526,2.5812966299049065,-9.78969563720626,,,,,,,,,,
acc,1778672602.0,21.0,-1.3131984903735316,2.5858113777257254,-9.791180742332985,,,,,,,,,,
acc,1778672602.0,21.0,-1.3123757182942606,2.5874808632346604,-9.78675991578505,,,,,,,,,,
acc,1778672602.0,21.0,-1.3115604228581865,2.587750816077626,-9.786887327308254,,,,,,,,,,
acc,1778672602.0,21.0,-1.3104330687104437,2.5914969811856534,-9.786623115804836,,,,,,,,,,
acc,1778672602.0,21.0,-1.3099903972593177,2.5959190370095597,-9.784302505132304,,,,,,,,,,
acc,1778672602.0,21.0,-1.3102616810587693,2.6034246125933884,-9.786582045386945,,,,,,,,,,
acc,1778672602.0,21.0,-1.3091461287566277,2.612246354886564,-9.785362205781663,,,,,,,,,,
acc,1778672602.0,21.0,-1.3073307809977577,2.6216978654267225,-9.78340801494568,,,,,,,,,,
acc,1778672602.0,21.0,-1.305886900414616,2.6289691852464734,-9.784595285701124,,,,,,,,,,
acc,1778672602.0,21.0,-1.3033912370784242,2.6347900586732833,-9.784706873156082,,,,,,,,,,
acc,1778672602.0,21.0,-1.3019831556734278,2.640558037021614,-9.785562873594516,,,,,,,,,,
acc,1778672602.0,21.0,-1.3005878696980793,2.646273600956329,-9.788150428120895,,,,,,,,,,
acc,1778672602.0,21.0,-1.2992052628785469,2.6519372267744235,-9.78822970950708,,,,,,,,,,
acc,1778672602.0,21.0,-1.2974802491369672,2.6551001211287897,-9.79047356271467,,,,,,,,,,
acc,1778672602.0,21.0,-1.2940315781510225,2.6589442064606827,-9.793726434853962,,,,,,,,,,
acc,1778672602.0,21.0,-1.290969207486765,2.6637827601074426,-9.791376769702984,,,,,,,,,,
acc,1778672602.0,21.0,-1.2886091032806732,2.669642248645591,-9.793911492554718,,,,,,,,,,
acc,1778672602.0,21.0,-1.285596007392344,2.674383587709692,-9.793938422354998,,,,,,,,,,
acc,1778672602.0,21.0,-1.2812259301001527,2.6784074123856936,-9.792296763478532,,,,,,,,,,
acc,1778672602.0,21.0,-1.276895564302159,2.6830691011997554,-9.792373860904222,,,,,,,,,,
acc,1778672602.0,21.0,-1.2726045491345455,2.6845647250154943,-9.790391457639648,,,,,,,,,,
acc,1778672602.0,21.0,-1.2683525270127145,2.6864017287522644,-9.79048586884189,,,,,,,,,,
acc,1778672603.0,22.0,-1.2641391436014886,2.692055675607242,-9.789904983842352,,,,,,,,,,
acc,1778672603.0,22.0,-1.259964047785583,2.695208969865492,-9.788299977377141,,,,,,,,,,
acc,1778672603.0,22.0,-1.2551169499191088,2.6983336097045494,-9.788732870649255,,,,,,,,,,
acc,1778672603.0,22.0,-1.2492844982508267,2.702139797232303,-9.78603812657056,,,,,,,,,,
acc,1778672603.0,22.0,-1.2441794851482673,2.705911397409809,-9.787201497139403,,,,,,,,,,
acc,1778672603.0,22.0,-1.2391208620028262,2.7106781245847347,-9.785230592409654,,,,,,,,,,
acc,1778672603.0,22.0,-1.2348181398966669,2.7157564976268325,-9.784023033643766,,,,,,,,,,
acc,1778672603.0,22.0,-1.2309094880794653,2.721143693654325,-9.783145915544244,,,,,,,,,,
acc,1778672603.0,22.0,-1.224232118543181,2.7254170319948963,-9.781602329663517,,,,,,,,,,
acc,1778672603.0,22.0,-1.2176154271834696,2.730006508782062,-9.779007876152706,,,,,,,,,,
acc,1778672603.0,22.0,-1.212798195291112,2.7352642129956948,-9.776046533577718,,,,,,,,,,
acc,1778672603.0,22.0,-1.2076697764749071,2.7425329398223353,-9.775916337306963,,,,,,,,,,
acc,1778672603.0,22.0,-1.2019135220325978,2.7479962820455444,-9.773018582331154,,,,,,,,,,
acc,1778672603.0,22.0,-1.197238975514782,2.7534099781255694,-9.771531530562129,,,,,,,,,,
acc,1778672603.0,22.0,-1.1926069072449434,2.7594844118378328,-9.772862228013729,,,,,,,,,,
acc,1778672603.0,22.0,-1.1866325603091519,2.7651486754737844,-9.773435406240326,,,,,,,,,,
acc,1778672603.0,22.0,-1.182096873994979,2.7711164380266133,-9.773009461142593,,,,,,,,,,
acc,1778672603.0,22.0,-1.1783123367210662,2.777739903333334,-9.77290686316731,,,,,,,,,,
acc,1778672603.0,22.0,-1.174207219197953,2.7835932476645664,-9.774934995416189,,,,,,,,,,
acc,1778672603.0,22.0,-1.1697844436696516,2.787299098307445,-9.772046158029324,,,,,,,,,,
acc,1778672603.0,22.0,-1.1643724584640485,2.7913262442357754,-9.77131336980786,,,,,,,,,,
acc,1778672603.0,22.0,-1.1596840909874888,2.797766060250212,-9.770551746173963,,,,,,,,,,
acc,1778672603.0,22.0,-1.1550383273518599,2.803437424135577,-9.769832537878836,,,,,,,,,,
acc,1778672603.0,22.0,-1.1504347804101918,2.807672880648047,-9.770468741676837,,,,,,,,,,
acc,1778672603.0,22.0,-1.1458730665335723,2.8142836199397263,-9.769714793295089,,,,,,,,,,
acc,1778672603.0,22.0,-1.1427726708473145,2.8184205155772153,-9.767902792651446,,,,,,,,,,
acc,1778672603.0,22.0,-1.137961107114819,2.8228747895349255,-9.768521037950164,,,,,,,,,,
acc,1778672603.0,22.0,-1.1328383049511332,2.8272885868917506,-9.766045455938736,,,,,,,,,,
acc,1778672603.0,22.0,-1.128791454443818,2.8288580392877956,-9.766680579111945,,,,,,,,,,
acc,1778672603.0,22.0,-1.1244264164509217,2.8335369334436584,-9.76695495997281,,,,,,,,,,
acc,1778672603.0,22.0,-1.1208109677063338,2.8406225751596947,-9.766871876636406,,,,,,,,,,
acc,1778672603.0,22.0,-1.1161989729947925,2.845549525131374,-9.766541078683153,,,,,,,,,,
acc,1778672603.0,22.0,-1.1116288881143468,2.8507866740907337,-9.76582282151594,,,,,,,,,,
acc,1778672603.0,22.0,-1.1077747704987309,2.8542368996745906,-9.765785529524663,,,,,,,,,,
acc,1778672603.0,22.0,-1.1043106375541272,2.8590401344044736,-9.764364205502646,,,,,,,,,,
acc,1778672603.0,22.0,-1.100877983662662,2.865184092387076,-9.765724529977017,,,,,,,,,,
acc,1778672603.0,22.0,-1.0967665992229245,2.8709527519638205,-9.765013692900352,,,,,,,,,,
acc,1778672603.0,22.0,-1.0934024990467177,2.877343429210686,-9.765303220985775,,,,,,,,,,
acc,1778672603.0,22.0,-1.0900689689121064,2.882646633445707,-9.76388627976788,,,,,,,,,,
acc,1778672603.0,22.0,-1.084671436569804,2.885807343191256,-9.76386658539816,,,,,,,,,,
acc,1778672603.0,22.0,-1.0789679814866326,2.88822939849801,-9.764876470041484,,,,,,,,,,
acc,1778672603.0,22.0,-1.0757656198009637,2.8916943386621443,-9.76900088131381,,,,,,,,,,
acc,1778672603.0,22.0,-1.072592358416952,2.8947728306643685,-9.771419469531095,,,,,,,,,,
acc,1778672603.0,22.0,-1.069447932896149,2.8999176515280443,-9.771295816581501,,,,,,,,,,
acc,1778672603.0,22.0,-1.0653026811555049,2.9004721518380783,-9.771563752503802,,,,,,,,,,
acc,1778672603.0,22.0,-1.0604851652542493,2.903115907782525,-9.770480386194352,,,,,,,,,,
acc,1778672603.0,22.0,-1.0553564650099858,2.9085398757288936,-9.770365266824367,,,,,,,,,,
acc,1778672603.0,22.0,-1.0502743699711505,2.914943955379148,-9.771671058828048,,,,,,,,,,
acc,1778672603.0,22.0,-1.045948389263871,2.923029182044441,-9.770941679184709,,,,,,,,,,
acc,1778672603.0,22.0,-1.0434010520206696,2.9331352315966406,-9.77540144028675,,,,,,,,,,
acc,1778672603.0,22.0,-1.0394924918736332,2.939315809860936,-9.775951544341705,,,,,,,,,,
acc,1778672603.0,22.0,-1.0349095167168816,2.9471795661281406,-9.779620353115154,,,,,,,,,,
acc,1778672603.0,22.0,-1.030723158547123,2.9528775598169568,-9.779812642827553,,,,,,,,,,
acc,1778672603.0,22.0,-1.0276042424381644,2.953305767920403,-9.782487953939576,,,,,,,,,,
acc,1778672603.0,22.0,-1.0252236009834583,2.9572087502010875,-9.785103450684034,,,,,,,,,,
acc,1778672603.0,22.0,-1.022154660111462,2.9614312364048723,-9.785955847367756,,,,,,,,,,
acc,1778672603.0,22.0,-1.019468568901266,2.9631660869793546,-9.786090565571381,,,,,,,,,,
acc,1778672603.0,22.0,-1.0168068865718163,2.967334438043409,-9.789063790108306,,,,,,,,,,
acc,1778672603.0,22.0,-1.012785029495225,2.97320424340891,-9.787466427686537,,,,,,,,,,
acc,1778672603.0,22.0,-1.0084447487271757,2.9769264055024807,-9.786593513351118,,,,,,,,,,
acc,1778672603.0,22.0,-1.0051733178229056,2.97887541111489,-9.788106807904299,,,,,,,,,,
acc,1778672603.0,22.0,-1.0022865766352436,2.980132276657905,-9.78925138008088,,,,,,,,,,
acc,1778672603.0,22.0,-1.000490971156933,2.9813777208906393,-9.791805416640546,,,,,,,,,,
acc,1778672603.0,22.0,-0.9983567117323001,2.9850256094687055,-9.791851484642695,,,,,,,,,,
acc,1778672603.0,22.0,-0.9962418466169816,2.987965919993906,-9.792997531873107,,,,,,,,,,
acc,1778672603.0,22.0,-0.9927618286640602,2.9901695788783975,-9.792038861272312,,,,,,,,,,
acc,1778672603.0,22.0,-0.9878935688454588,2.996186849034925,-9.793147702338429,,,,,,,,,,
acc,1778672603.0,22.0,-0.9841344510688915,3.001439506794827,-9.792826601945,,,,,,,,,,
acc,1778672603.0,22.0,-0.9800545220526652,3.0045501293880976,-9.79321836115624,,,,,,,,,,
acc,1778672603.0,22.0,-0.9763666387738688,3.006603085277913,-9.793961522171026,,,,,,,,,,
acc,1778672603.0,22.0,-0.9727122677983084,3.010376718356433,-9.794342968205875,,,,,,,,,,
acc,1778672603.0,22.0,-0.9694460663685179,3.013406127277443,-9.793762536660344,,,,,,,,,,
acc,1778672603.0,22.0,-0.9665290218615976,3.017827872810457,-9.792477446942168,,,,,,,,,,
acc,1778672603.0,22.0,-0.9633190084391677,3.0239487700144636,-9.795747603869053,,,,,,,,,,
acc,1778672603.0,22.0,-0.9604576413514467,3.0285941805145646,-9.795757848672954,,,,,,,,,,
acc,1778672603.0,22.0,-0.9586871703079886,3.0328779101161722,-9.797223360008894,,,,,,,,,,
acc,1778672603.0,22.0,-0.9565778169181399,3.0395364838326606,-9.800698868863845,,,,,,,,,,
acc,1778672603.0,22.0,-0.9534582314654754,3.045105150125232,-9.801729015248352,,,,,,,,,,
acc,1778672603.0,22.0,-0.950686470616104,3.0506232131803075,-9.804169665818858,,,,,,,,,,
acc,1778672603.0,22.0,-0.9479398971392872,3.0581854272915128,-9.807333573942598,,,,,,,,,,
acc,1778672603.0,22.0,-0.9459282057007945,3.0628746954325834,-9.807629000661374,,,,,,,,,,
acc,1778672603.0,22.0,-0.9439347947794459,3.070325578637334,-9.810725978973075,,,,,,,,,,
acc,1778672603.0,22.0,-0.9412495747107723,3.0794480964090223,-9.810955084080234,,,,,,,,,,
acc,1778672603.0,22.0,-0.9379143173325485,3.0863934130632305,-9.812992428679156,,,,,,,,,,
acc,1778672603.0,22.0,-0.9346093678974392,3.092565684034491,-9.812881461745045,,,,,,,,,,
acc,1778672603.0,22.0,-0.9320088892671031,3.0983268958688313,-9.81561123371886,,,,,,,,,,
acc,1778672603.0,22.0,-0.9291125650435426,3.102296422096237,-9.817215811111426,,,,,,,,,,
acc,1778672603.0,22.0,-0.9255326274830439,3.1065848475527296,-9.818486330987584,,,,,,,,,,
acc,1778672603.0,22.0,-0.922340192168755,3.1118991979039863,-9.820064781975322,,,,,,,,,,
acc,1778672603.0,22.0,-0.9205611287748163,3.116100361614258,-9.820599480226862,,,,,,,,,,
acc,1778672603.0,22.0,-0.9180883084280547,3.120973281405354,-9.822549184869809,,,,,,,,,,
acc,1778672603.0,22.0,-0.9159929207137755,3.127896214758254,-9.822670850876746,,,,,,,,,,
acc,1778672603.0,22.0,-0.91356161230278,3.1340463149154894,-9.823501334834809,,,,,,,,,,
acc,1778672603.0,22.0,-0.9115073592995894,3.136661853815333,-9.824004804657248,,,,,,,,,,
acc,1778672603.0,22.0,-0.9098267353497862,3.1382242249054393,-9.825533108514765,,,,,,,,,,
acc,1778672603.0,22.0,-0.9081613834612636,3.140446827701257,-9.826337582743495,,,,,,,,,,
acc,1778672603.0,22.0,-0.905126803033702,3.144033604307515,-9.826815279190592,,,,,,,,,,
acc,1778672603.0,22.0,-0.9021197982563957,3.149007652648845,-9.825194340289269,,,,,,,,,,
acc,1778672603.0,22.0,-0.8991401185456132,3.154255968541418,-9.826392358172013,,,,,,,,,,
acc,1778672603.0,22.0,-0.8968619538688192,3.157397792169598,-9.82374585327754,,,,,,,,,,
acc,1778672603.0,22.0,-0.8942850146875188,3.160156103840346,-9.826021937255843,,,,,,,,,,
acc,1778672603.0,22.0,-0.8924059307815511,3.160085114176901,-9.824053236701358,,,,,,,,,,
acc,1778672603.0,22.0,-0.88986948409571,3.1631739675559234,-9.823451293461009,,,,,,,,,,
acc,1778672603.0,22.0,-0.8883854864977612,3.1665542195124328,-9.824274685429828,,,,,,,,,,
acc,1778672603.0,22.0,-0.8879443833250413,3.16851938374577,-9.826865431251056,,,,,,,,,,
acc,1778672603.0,22.0,-0.8878622502910413,3.171851061169213,-9.826628398432048,,,,,,,,,,
acc,1778672603.0,22.0,-0.8881358344718122,3.174832995767559,-9.83093708842065,,,,,,,,,,
acc,1778672603.0,22.0,-0.8873775325079081,3.1749835969393785,-9.830272590671715,,,,,,,,,,
acc,1778672603.0,22.0,-0.8873005505253475,3.1768721622591785,-9.833802738389634,,,,,,,,,,
acc,1778672603.0,22.0,-0.8875792389492438,3.18083786946798,-9.832508759617653,,,,,,,,,,
acc,1778672603.0,22.0,-0.8864710239849263,3.1857969397967816,-9.831865483323162,,,,,,,,,,
acc,1778672603.0,22.0,-0.8853728795226082,3.1886521462754707,-9.833002879610431,,,,,,,,,,
acc,1778672603.0,22.0,-0.8846396849108303,3.189032141784093,-9.830970742271393,,,,,,,,,,
acc,1778672603.0,22.0,-0.8852975147604493,3.192532387810888,-9.83176130742038,,,,,,,,,,
acc,1778672603.0,22.0,-0.8859493668196311,3.195326388345895,-9.831089319879887,,,,,,,,,,
acc,1778672603.0,22.0,-0.8855304010019194,3.1998343320948277,-9.832233769271255,,,,,,,,,,
acc,1778672603.0,22.0,-0.8854702041577325,3.207070053354346,-9.833332324533478,,,,,,,,,,
acc,1778672603.0,22.0,-0.8857655251911376,3.2138850517577278,-9.832646060944127,,,,,,,,,,
acc,1778672603.0,22.0,-0.8857031917410632,3.2188987886505216,-9.831327098699472,,,,,,,,,,
acc,1778672603.0,22.0,-0.88461202467609,3.2238669650257,-9.831368998594582,,,,,,,,,,
acc,1778672603.0,22.0,-0.8821464022883851,3.2287899948979613,-9.829387202917268,,,,,,,,,,
acc,1778672603.0,22.0,-0.8810875562589939,3.235407621201357,-9.830547119679881,,,,,,,,,,
acc,1778672603.0,22.0,-0.8814227030174128,3.2391963794940777,-9.830276630851095,,,,,,,,,,
acc,1778672603.0,22.0,-0.8817548042510829,3.2412113761368597,-9.830008599991547,,,,,,,,,,
acc,1778672604.0,23.0,-0.8806995167269865,3.2442374622751946,-9.830062481265994,,,,,,,,,,
acc,1778672604.0,23.0,-0.8792988478853733,3.2454967081833526,-9.828412034592235,,,,,,,,,,
acc,1778672604.0,23.0,-0.8775559453409776,3.2509331182348014,-9.828160947575675,,,,,,,,,,
acc,1778672604.0,23.0,-0.8765388134260458,3.257030059513452,-9.825853342126331,,,,,,,,,,
acc,1778672604.0,23.0,-0.8744660299214421,3.2612967609184453,-9.8263354389346,,,,,,,,,,
acc,1778672604.0,23.0,-0.8724120820859994,3.264850261033217,-9.82333448949966,,,,,,,,,,
acc,1778672604.0,23.0,-0.8707317605308381,3.268726431776513,-9.822774581061173,,,,,,,,,,
acc,1778672604.0,23.0,-0.8701316117836501,3.274306711904013,-9.82363962585581,,,,,,,,,,
acc,1778672604.0,23.0,-0.8702113458577406,3.2780969505759447,-9.82208303891361,,,,,,,,,,
acc,1778672604.0,23.0,-0.8702903553773192,3.28149778505365,-9.822563902626483,,,,,,,,,,
acc,1778672604.0,23.0,-0.8696942177395498,3.2858971157276486,-9.824850727153102,,,,,,,,,,
acc,1778672604.0,23.0,-0.8691034972865923,3.288517136396399,-9.825661402275228,,,,,,,,,,
acc,1778672604.0,23.0,-0.8691925739787048,3.2890190450343817,-9.828239546809488,,,,,,,,,,
acc,1778672604.0,23.0,-0.8692808412186487,3.290581296254044,-9.828664465487266,,,,,,,,,,
acc,1778672604.0,23.0,-0.8690133445885881,3.2935137129027052,-9.827026722775422,,,,,,,,,,
acc,1778672604.0,23.0,-0.8677188696025667,3.295035120456462,-9.828172595186237,,,,,,,,,,
acc,1778672604.0,23.0,-0.8657262341421342,3.2937384665941085,-9.823451112937802,,,,,,,,,,
acc,1778672604.0,23.0,-0.8641066678079868,3.2949028609195423,-9.823955039133528,,,,,,,,,,
acc,1778672604.0,23.0,-0.8635667221907499,3.295027274185847,-9.821650149906368,,,,,,,,,,
acc,1778672604.0,23.0,-0.862676712273119,3.293730691623636,-9.822170441701182,,,,,,,,,,
acc,1778672604.0,23.0,-0.8624692282722771,3.2952501274618733,-9.818816874949203,,,,,,,,,,
acc,1778672604.0,23.0,-0.8626185914805635,3.2974301851643597,-9.820392322238414,,,,,,,,,,
acc,1778672604.0,23.0,-0.8613822264966923,3.297851099700723,-9.81982364623196,,,,,,,,,,
acc,1778672604.0,23.0,-0.8598021347582574,3.2975937510546287,-9.81759180298811,,,,,,,,,,
acc,1778672604.0,23.0,-0.8578814397576142,3.29836814101866,-9.817794011766827,,,,,,,,,,
acc,1778672604.0,23.0,-0.8553037601028528,3.2984610648074812,-9.814515708596282,,,,,,,,,,
acc,1778672604.0,23.0,-0.8531044659515393,3.3002924768665887,-9.813751964580742,,,,,,,,,,
acc,1778672604.0,23.0,-0.8515995953631543,3.3038465793136527,-9.811539792097168,,,,,,,,,,
acc,1778672604.0,23.0,-0.8487240288329371,3.3070134233688866,-9.810803090644686,,,,,,,,,,
acc,1778672604.0,23.0,-0.84587459297179,3.309796519015491,-9.808262753211237,,,,,,,,,,
acc,1778672604.0,23.0,-0.8434060211873009,3.310105058973114,-9.805780994533805,,,,,,,,,,
acc,1778672604.0,23.0,-0.840959881654578,3.3100913277721293,-9.805700064534983,,,,,,,,,,
acc,1778672604.0,23.0,-0.837116105260632,3.3124914923041073,-9.805300402544685,,,,,,,,,,
acc,1778672604.0,23.0,-0.8340171904261395,3.3152248079838813,-9.80210013616179,,,,,,,,,,
acc,1778672604.0,23.0,-0.8316563684915308,3.3189626856951895,-9.802443119850398,,,,,,,,,,
acc,1778672604.0,23.0,-0.8282520961763739,3.3233765385181226,-9.80207305416498,,,,,,,,,,
acc,1778672604.0,23.0,-0.8242043206784683,3.323242207554826,-9.79890211514127,,,,,,,,,,
acc,1778672604.0,23.0,-0.8208677661480511,3.324493468183603,-9.799948588874269,,,,,,,,,,
acc,1778672604.0,23.0,-0.8168870930740497,3.3274726911162773,-9.799317218281761,,,,,,,,,,
acc,1778672604.0,23.0,-0.8132620694251316,3.333548545029537,-9.798940054647328,,,,,,,,,,
acc,1778672604.0,23.0,-0.8124742139543331,3.3388947485474505,-9.798921289211359,,,,,,,,,,
acc,1778672604.0,23.0,-0.8116935178346976,3.345221770425277,-9.800677530428093,,,,,,,,,,
acc,1778672604.0,23.0,-0.8119493251428878,3.352875668692081,-9.800997947171002,,,,,,,,,,
acc,1778672604.0,23.0,-0.8104634752132918,3.3566263787076025,-9.80035704091514,,,,,,,,,,
acc,1778672604.0,23.0,-0.8079617182719582,3.359988034644107,-9.79755666640073,,,,,,,,,,
acc,1778672604.0,23.0,-0.806867066048591,3.365768417152863,-9.795527166269117,,,,,,,,,,
acc,1778672604.0,23.0,-0.8082316263962886,3.373590566984699,-9.795184443359272,,,,,,,,,,
acc,1778672604.0,23.0,-0.8081994249752138,3.3823710449984534,-9.792466567311116,,,,,,,,,,
acc,1778672604.0,23.0,-0.8074575744517363,3.3893324009177426,-9.795381852242038,,,,,,,,,,
acc,1778672604.0,23.0,-0.8067224652261299,3.3959110215364476,-9.791916746231113,,,,,,,,,,
acc,1778672604.0,23.0,-0.8077333778079769,3.403814232231722,-9.791961802565938,,,,,,,,,,
acc,1778672604.0,23.0,-0.8073507331798654,3.4085219217733584,-9.789983143732492,,,,,,,,,,
acc,1778672604.0,23.0,-0.807646003970282,3.415600602847451,-9.788341932657879,,,,,,,,,,
acc,1778672604.0,23.0,-0.8076191241808415,3.4226149589717796,-9.78916490080988,,,,,,,,,,
acc,1778672604.0,23.0,-0.8072375177911743,3.4285361746284875,-9.78476239249231,,,,,,,,,,
acc,1778672604.0,23.0,-0.8082437500194316,3.435787945204051,-9.783914050097122,,,,,,,,,,
acc,1778672604.0,23.0,-0.8071465349347363,3.4398501143520592,-9.782327989712183,,,,,,,,,,
acc,1778672604.0,23.0,-0.8053848521205231,3.443875370009596,-9.776567744079282,,,,,,,,,,
acc,1778672604.0,23.0,-0.8050235488687617,3.449248418522741,-9.775758373222837,,,,,,,,,,
acc,1778672604.0,23.0,-0.8043105579688312,3.4552825740381077,-9.775346822451318,,,,,,,,,,
acc,1778672604.0,23.0,-0.8036040461153983,3.4601970019438606,-9.77146033704811,,,,,,,,,,
acc,1778672604.0,23.0,-0.8011646217509301,3.465066771766441,-9.771336312729767,,,,,,,,,,
acc,1778672604.0,23.0,-0.7980374321375963,3.4702472510934386,-9.771213415437487,,,,,,,,,,
acc,1778672604.0,23.0,-0.7966780014956234,3.474670722057348,-9.769068329194676,,,,,,,,,,
acc,1778672604.0,23.0,-0.7950114476864502,3.4801188998260146,-9.768682068327509,,,,,,,,,,
acc,1778672604.0,23.0,-0.7933600380812511,3.483778227484317,-9.767234423058587,,,,,,,,,,
acc,1778672604.0,23.0,-0.7920431115632176,3.48460007523925,-9.767148800202643,,,,,,,,,,
acc,1778672604.0,23.0,-0.7897087430031443,3.486479349157901,-9.76642502058634,,,,,,,,,,
acc,1778672604.0,23.0,-0.7884249963063251,3.490080878537192,-9.7667017237427,,,,,,,,,,
acc,1778672604.0,23.0,-0.7871529151925316,3.492584785915579,-9.770170613855996,,,,,,,,,,
acc,1778672604.0,23.0,-0.7862473554284413,3.493681569034685,-9.772933543413016,,,,,,,,,,
acc,1778672604.0,23.0,-0.7864149281052227,3.494768385534544,-9.773896529720055,,,,,,,,,,
acc,1778672604.0,23.0,-0.7848416362573317,3.4944609641622284,-9.777300039640597,,,,,,,,,,
acc,1778672604.0,23.0,-0.7815078140876695,3.4934463946491108,-9.77783289086173,,,,,,,,,,
acc,1778672604.0,23.0,-0.7796241520872043,3.492796015529455,-9.779070823537307,,,,,,,,,,
acc,1778672604.0,23.0,-0.7777576071827466,3.492506517355001,-9.782711286990956,,,,,,,,,,
acc,1778672604.0,23.0,-0.7755530529683132,3.493604011711296,-9.783549927235642,,,,,,,,,,
acc,1778672604.0,23.0,-0.7730135700681908,3.4964308747539135,-9.785481344495432,,,,,,,,,,
acc,1778672604.0,23.0,-0.7697872311648966,3.496463307886548,-9.788424610748129,,,,,,,,,,
acc,1778672604.0,23.0,-0.7673001430815442,3.497169884568935,-9.789956760226946,,,,,,,,,,
acc,1778672604.0,23.0,-0.7648356555101156,3.5006742675806928,-9.791794463353108,,,,,,,,,,
acc,1778672604.0,23.0,-0.7606542303951038,3.5041468057814154,-9.792941028743789,,,,,,,,,,
acc,1778672604.0,23.0,-0.7568657642393954,3.5068778650024126,-9.791308433320651,,,,,,,,,,
acc,1778672604.0,23.0,-0.7537861626714689,3.5106490011196074,-9.793524309740617,,,,,,,,,,
acc,1778672604.0,23.0,-0.7507345458670988,3.511581632227434,-9.791850919602819,,,,,,,,,,
acc,1778672604.0,23.0,-0.7463262886167789,3.51215082661451,-9.791293133646157,,,,,,,,,,
acc,1778672604.0,23.0,-0.7419580898071775,3.5123598777932292,-9.792444254688924,,,,,,,,,,
acc,1778672604.0,23.0,-0.7390139563298326,3.511892600108141,-9.790461211746601,,,,,,,,,,
acc,1778672604.0,23.0,-0.7360965765988489,3.513843330508227,-9.790874465584311,,,,,,,,,,
acc,1778672604.0,23.0,-0.7318213365911433,3.515776334352522,-9.789935087579297,,,,,,,,,,
acc,1778672604.0,23.0,-0.7258456135966124,3.5197860762667954,-9.789359207605017,,,,,,,,,,
acc,1778672604.0,23.0,-0.7213085546408492,3.5269185881407914,-9.78736869546335,,,,,,,,,,
acc,1778672604.0,23.0,-0.7164932571511196,3.531891982355016,-9.785751242240213,,,,,,,,,,
acc,1778672604.0,23.0,-0.7117217169328196,3.536820182651103,-9.784503457897838,,,,,,,,,,
acc,1778672604.0,23.0,-0.7062836037235872,3.542058561485847,-9.786745677706703,,,,,,,,,,
acc,1778672604.0,23.0,-0.7012498782585731,3.5475688149513727,-9.787583151247272,,,,,,,,,,
acc,1778672604.0,23.0,-0.696261894950081,3.5547683286663516,-9.78837752019053,,,,,,,,,,
acc,1778672604.0,23.0,-0.6913192381328351,3.5587787158190727,-9.788809708820365,,,,,,,,,,
acc,1778672604.0,23.0,-0.685711563284757,3.560303385628756,-9.789983397086528,,,,,,,,,,
acc,1778672604.0,23.0,-0.6818941788318275,3.5646184367300333,-9.790046022031282,,,,,,,,,,
acc,1778672604.0,23.0,-0.6802057870192492,3.5688942763677045,-9.79152794316256,,,,,,,,,,
acc,1778672604.0,23.0,-0.677503328720921,3.571746889953635,-9.793351368733008,,,,,,,,,,
acc,1778672604.0,23.0,-0.6737605336258732,3.5731537161790405,-9.792389482767975,,,,,,,,,,
acc,1778672604.0,23.0,-0.6693773115512003,3.574228290967274,-9.794205079409382,,,,,,,,,,
acc,1778672604.0,23.0,-0.6653533878326772,3.5752931009464213,-9.794974768339404,,,,,,,,,,
acc,1778672604.0,23.0,-0.6631053718318188,3.5773776439853155,-9.796447395634132,,,,,,,,,,
acc,1778672604.0,23.0,-0.6612327456353828,3.579088273633968,-9.796841746554383,,,,,,,,,,
acc,1778672604.0,23.0,-0.6583477362035529,3.579753958507893,-9.798971846635053,,,,,,,,,,
acc,1778672604.0,23.0,-0.6558439050231764,3.5814429942592234,-9.79969821929484,,,,,,,,,,
acc,1778672604.0,23.0,-0.65439223563622,3.5834716523706494,-9.800063029532797,,,,,,,,,,
acc,1778672604.0,23.0,-0.6529537577689,3.5851269049258656,-9.801844389957902,,,,,,,,,,
acc,1778672604.0,23.0,-0.6511733806874869,3.588186981241179,-9.802899630281493,,,,,,,,,,
acc,1778672604.0,23.0,-0.6497641529983718,3.5894444140930015,-9.804264748904462,,,,,,,,,,
acc,1778672604.0,23.0,-0.6487226929287762,3.5900159912923755,-9.806717860361005,,,,,,,,,,
acc,1778672604.0,23.0,-0.6480456676108318,3.591611774538554,-9.808403253061986,,,,,,,,,,
acc,1778672604.0,23.0,-0.6477297562886246,3.5935480275431844,-9.808298494238795,,,,,,,,,,
acc,1778672604.0,23.0,-0.6459968504280882,3.5947567438289623,-9.810714950495976,,,,,,,,,,
acc,1778672604.0,23.0,-0.6432502916742242,3.59840375074608,-9.810234214099273,,,,,,,,,,
acc,1778672604.0,23.0,-0.6415580913255299,3.6027275494431032,-9.809793349667464,,,,,,,,,,
acc,1778672604.0,23.0,-0.640591200868456,3.6038528501492157,-9.809711453204898,,,,,,,,,,
acc,1778672604.0,23.0,-0.6378937639965815,3.6049679250928404,-9.809949777447422,,,,,,,,,,
acc,1778672604.0,23.0,-0.634865877331604,3.6043335345153498,-9.807097726775005,,,,,,,,,,
acc,1778672604.0,23.0,-0.6322204672631738,3.6019655760508624,-9.807359802309549,,,,,,,,,,
acc,1778672604.0,23.0,-0.6285341929057654,3.6006840390456296,-9.80666108499992,,,,,,,,,,
acc,1778672604.0,23.0,-0.6248814162310993,3.598704205822503,-9.805223290036782,,,,,,,,,,
acc,1778672604.0,23.0,-0.6188480709726237,3.598836667158642,-9.80766769109805,,,,,,,,,,
acc,1778672604.0,23.0,-0.6135439807403522,3.5975835629794117,-9.806220748966673,,,,,,,,,,
acc,1778672604.0,23.0,-0.6107373639091629,3.5938925715277428,-9.80684575549277,,,,,,,,,,
acc,1778672605.0,24.0,-0.6083112129650688,3.590235120623701,-9.809239909539947,,,,,,,,,,
acc,1778672605.0,24.0,-0.6051971761547122,3.5852265345716083,-9.811292840166065,,,,,,,,,,
acc,1778672605.0,24.0,-0.6031763314331477,3.5809734039518775,-9.811871755900928,,,,,,,,,,
acc,1778672605.0,24.0,-0.6014933269065271,3.5767589221158094,-9.815569114538425,,,,,,,,,,
acc,1778672605.0,24.0,-0.5998256160738155,3.5753514705856535,-9.816144665539074,,,,,,,,,,
acc,1778672605.0,24.0,-0.5978535834584523,3.575696141442919,-9.816324530295166,,,,,,,,,,
acc,1778672605.0,24.0,-0.5951895474281722,3.576037680228638,-9.81831308199682,,,,,,,,,,
acc,1778672605.0,24.0,-0.5932596434070498,3.5774055154519058,-9.816769403732312,,,,,,,,,,
acc,1778672605.0,24.0,-0.592731647597648,3.5808552245102407,-9.817653514953278,,,,,,,,,,
acc,1778672605.0,24.0,-0.5904691170773402,3.5821792820451717,-9.816861257259253,,,,,,,,,,
acc,1778672605.0,24.0,-0.5871622429888723,3.5838462785475134,-9.815011295425418,,,,,,,,,,
acc,1778672605.0,24.0,-0.5835659515071339,3.584823688548974,-9.816621324539835,,,,,,,,,,
acc,1778672605.0,24.0,-0.580676778295448,3.584052884009608,-9.815802943055193,,,,,,,,,,
acc,1778672605.0,24.0,-0.5781688302591937,3.582579151243233,-9.815666436589899,,,,,,,,,,
acc,1778672605.0,24.0,-0.5756836722921279,3.5845974849396773,-9.81727051234633,,,,,,,,,,
acc,1778672605.0,24.0,-0.5728661264371795,3.589046743075415,-9.816126764189166,,,,,,,,,,
acc,1778672605.0,24.0,-0.5714585549175373,3.593455570189742,-9.812863611526991,,,,,,,,,,
acc,1778672605.0,24.0,-0.5693893359200448,3.601302999047996,-9.813783215219614,,,,,,,,,,
acc,1778672605.0,24.0,-0.5669839584271098,3.6066298519239552,-9.808837520388044,,,,,,,,,,
acc,1778672605.0,24.0,-0.5649554007041464,3.6115533371808053,-9.809119280538345,,,,,,,,,,
acc,1778672605.0,24.0,-0.5639746768121043,3.616432082049087,-9.806274776705717,,,,,,,,,,
acc,1778672605.0,24.0,-0.5623284266190366,3.6205920548167794,-9.804130550458103,,,,,,,,,,
acc,1778672605.0,24.0,-0.5596322417207419,3.624359254478466,-9.801686341676174,,,,,,,,,,
acc,1778672605.0,24.0,-0.5576704900599334,3.6315708955282404,-9.797560505434427,,,,,,,,,,
acc,1778672605.0,24.0,-0.55572656510663,3.6401013652236074,-9.797589770512056,,,,,,,,,,
acc,1778672605.0,24.0,-0.5527354013725025,3.6450756520029985,-9.794459571704337,,,,,,,,,,
acc,1778672605.0,24.0,-0.5487420187076271,3.648975336705861,-9.792813177072194,,,,,,,,,,
acc,1778672605.0,24.0,-0.544074991826968,3.650390319121234,-9.792211143502337,,,,,,,,,,
acc,1778672605.0,24.0,-0.5398053457228681,3.646219465404207,-9.7887748501584,,,,,,,,,,
acc,1778672605.0,24.0,-0.5362844311149213,3.6407021419011945,-9.788883951695443,,,,,,,,,,
acc,1778672605.0,24.0,-0.5345348442244393,3.634879993303238,-9.785832863862234,,,,,,,,,,
acc,1778672605.0,24.0,-0.5334755943450693,3.6350386911371526,-9.785578234413416,,,,,,,,,,
acc,1778672605.0,24.0,-0.5342007970566826,3.6372902413169697,-9.78745572580663,,,,,,,,,,
acc,1778672605.0,24.0,-0.5342094771173745,3.6395213313502297,-9.787896290908977,,,,,,,,,,
acc,1778672605.0,24.0,-0.5331531838937146,3.63789852002459,-9.787622910814418,,,,,,,,,,
acc,1778672605.0,24.0,-0.5338813163935001,3.632456810098164,-9.788416918457012,,,,,,,,,,
acc,1778672605.0,24.0,-0.5349223087536426,3.626354626192375,-9.789949137836734,,,,,,,,,,
acc,1778672605.0,24.0,-0.5331850996566427,3.620662855445538,-9.790722006734018,,,,,,,,,,
acc,1778672605.0,24.0,-0.5328480477260502,3.617117110145433,-9.790458452417669,,,,,,,,,,
acc,1778672605.0,24.0,-0.532869020406204,3.616727289110815,-9.79399543491942,,,,,,,,,,
acc,1778672605.0,24.0,-0.5325348407312892,3.616341010433622,-9.794412067144357,,,,,,,,,,
acc,1778672605.0,24.0,-0.5314937651590927,3.6194369072870423,-9.794469942514317,,,,,,,,,,
acc,1778672605.0,24.0,-0.5301426734833354,3.6245989748415144,-9.795201730236911,,,,,,,,,,
acc,1778672605.0,24.0,-0.5280939358168303,3.630069095750659,-9.793548591507978,,,,,,,,,,
acc,1778672605.0,24.0,-0.5257088444510698,3.6354895089177828,-9.793969284260532,,,,,,,,,,
acc,1778672605.0,24.0,-0.5216060940574755,3.6359976297728043,-9.79264682143857,,,,,,,,,,
acc,1778672605.0,24.0,-0.5168661876476262,3.6378855041717424,-9.79233027261887,,,,,,,,,,
acc,1778672605.0,24.0,-0.5145831243757122,3.639046290562019,-9.792407065542376,,,,,,,,,,
acc,1778672605.0,24.0,-0.5123208076141629,3.6395220904524157,-9.795961835088224,,,,,,,,,,
acc,1778672605.0,24.0,-0.5107889814705907,3.6417328993652216,-9.796680065777544,,,,,,,,,,
acc,1778672605.0,24.0,-0.5099455135162342,3.6445980566270677,-9.79845667330026,,,,,,,,,,
acc,1778672605.0,24.0,-0.5105295755393557,3.653010146715487,-9.798832765637648,,,,,,,,,,
acc,1778672605.0,24.0,-0.5096884648424206,3.666244334701031,-9.79572676592196,,,,,,,,,,
acc,1778672605.0,24.0,-0.5074706265261201,3.6790032909372266,-9.795417732669637,,,,,,,,,,
acc,1778672605.0,24.0,-0.5038885711039278,3.689906972099462,-9.791952300608342,,,,,,,,,,
acc,1778672605.0,24.0,-0.5013684663601897,3.6947836302436112,-9.789973728120504,,,,,,,,,,
acc,1778672605.0,24.0,-0.49748690033435056,3.696137308160538,-9.789397497014306,,,,,,,,,,
acc,1778672605.0,24.0,-0.4936406066335393,3.696768752385803,-9.787051675158073,,,,,,,,,,
acc,1778672605.0,24.0,-0.4898292647332809,3.6977494294510067,-9.785792073602686,,,,,,,,,,
acc,1778672605.0,24.0,-0.4860525570217504,3.700815489423638,-9.784224441719442,,,,,,,,,,
acc,1778672605.0,24.0,-0.482310168773305,3.7024693167789526,-9.78614972957322,,,,,,,,,,
acc,1778672605.0,24.0,-0.4793117207562666,3.704782553851425,-9.783478458853555,,,,,,,,,,
acc,1778672605.0,24.0,-0.4759855491887178,3.7046609992644206,-9.783990660288351,,,,,,,,,,
acc,1778672605.0,24.0,-0.4733995356342773,3.6975832094473993,-9.787976872641247,,,,,,,,,,
acc,1778672605.0,24.0,-0.4715114598152327,3.689149871213147,-9.788803158143889,,,,,,,,,,
acc,1778672605.0,24.0,-0.4699955120617461,3.6832424332003764,-9.79622431311623,,,,,,,,,,
acc,1778672605.0,24.0,-0.46778339821311793,3.672525640619195,-9.796975652991478,,,,,,,,,,
acc,1778672605.0,24.0,-0.4631776242791811,3.668508611047918,-9.797720165337807,,,,,,,,,,
acc,1778672605.0,24.0,-0.45687436187859204,3.670810986316758,-9.798422417838,,,,,,,,,,
acc,1778672605.0,24.0,-0.450628378091493,3.6737668778585504,-9.796349547056806,,,,,,,,,,
acc,1778672605.0,24.0,-0.44653345596134614,3.670767969041071,-9.796709292780637,,,,,,,,,,
acc,1778672605.0,24.0,-0.44350514500005817,3.663998169857279,-9.797420731218969,,,,,,,,,,
acc,1778672605.0,24.0,-0.43979442008351116,3.6614429924081437,-9.799936035206743,,,,,,,,,,
acc,1778672605.0,24.0,-0.43753728030332256,3.657881634160847,-9.799908219158269,,,,,,,,,,
acc,1778672605.0,24.0,-0.4338807861951412,3.6595706455981483,-9.800590588512065,,,,,,,,,,
acc,1778672605.0,24.0,-0.4309674517864852,3.6643680123455558,-9.800911795308137,,,,,,,,,,
acc,1778672605.0,24.0,-0.4294649621569135,3.662874377581379,-9.802330472021177,,,,,,,,,,
acc,1778672605.0,24.0,-0.4286860584915306,3.6666123228137515,-9.801961429982098,,,,,,,,,,
acc,1778672605.0,24.0,-0.42720430019701294,3.6678670355074785,-9.805109910288982,,,,,,,,,,
acc,1778672605.0,24.0,-0.42609097770475174,3.668755375593591,-9.805390049385686,,,,,,,,,,
acc,1778672605.0,24.0,-0.42601717217482793,3.6707005376184476,-9.807832935081782,,,,,,,,,,
acc,1778672605.0,24.0,-0.4259440373259187,3.66946882573855,-9.811566995040268,,,,,,,,,,
acc,1778672605.0,24.0,-0.42622652883688894,3.6672189065466023,-9.811823952078514,,,,,,,,,,
acc,1778672605.0,24.0,-0.42686142416916895,3.6632500999986624,-9.815166783342491,,,,,,,,,,
acc,1778672605.0,24.0,-0.42784551189356534,3.6620860912714552,-9.814645592527626,,,,,,,,,,
acc,1778672605.0,24.0,-0.42985006621195254,3.6606131926383343,-9.815584506560542,,,,,,,,,,
acc,1778672605.0,24.0,-0.43116196659509776,3.660538049346035,-9.816869850325775,,,,,,,,,,
acc,1778672605.0,24.0,-0.4321069746982192,3.6663915286569413,-9.814629345185072,,,,,,,,,,
acc,1778672605.0,24.0,-0.43233346274855644,3.672511284008755,-9.815532903412775,,,,,,,,,,
acc,1778672605.0,24.0,-0.4322029308973538,3.6785754283009022,-9.812949585519354,,,,,,,,,,
acc,1778672605.0,24.0,-0.4317541087064019,3.680786325015009,-9.81149014044589,,,,,,,,,,
acc,1778672605.0,24.0,-0.43162884152516623,3.6815572657381823,-9.81135733065193,,,,,,,,,,
acc,1778672605.0,24.0,-0.4329245779320756,3.6819662299562608,-9.810906260305337,,,,,,,,,,
acc,1778672605.0,24.0,-0.43314363630923036,3.6788928124970934,-9.814612392534272,,,,,,,,,,
acc,1778672605.0,24.0,-0.4344256075673265,3.6755278561921148,-9.812392401223407,,,,,,,,,,
acc,1778672605.0,24.0,-0.43708029119701747,3.6725129451220053,-9.817149932179737,,,,,,,,,,
acc,1778672605.0,24.0,-0.4393558895775392,3.670945296232007,-9.818030585486296,,,,,,,,,,
acc,1778672605.0,24.0,-0.4409363710080994,3.672160634599565,-9.81475013253781,,,,,,,,,,
acc,1778672605.0,24.0,-0.4410826251182257,3.67265498729886,-9.819841200238425,,,,,,,,,,
acc,1778672605.0,24.0,-0.44122755019711185,3.669346714970502,-9.815550388296725,,,,,,,,,,
acc,1778672605.0,24.0,-0.44243606181643,3.667452876276493,-9.816481080325884,,,,,,,,,,
acc,1778672605.0,24.0,-0.4432786206636596,3.665931208928943,-9.819817085984035,,,,,,,,,,
acc,1778672605.0,24.0,-0.44272915215450925,3.6623290656400265,-9.82031854072323,,,,,,,,,,
acc,1778672605.0,24.0,-0.44321408587603806,3.661173426478877,-9.82223530394217,,,,,,,,,,
acc,1778672605.0,24.0,-0.44440454557206543,3.659708821356414,-9.825483525817958,,,,,,,,,,
acc,1778672605.0,24.0,-0.4455841873968905,3.660316325397455,-9.827388848465962,,,,,,,,,,
acc,1778672605.0,24.0,-0.44604317701998963,3.661628250686759,-9.82998678981868,,,,,,,,,,
acc,1778672605.0,24.0,-0.4461430248806005,3.6632832161037223,-9.833519534648245,,,,,,,,,,
acc,1778672605.0,24.0,-0.44730686890453364,3.6631838099404903,-9.836416736471907,,,,,,,,,,
acc,1778672605.0,24.0,-0.44775020428353324,3.666563972457828,-9.836412386127657,,,,,,,,,,
acc,1778672605.0,24.0,-0.4478345401523165,3.669558457199435,-9.838573367577528,,,,,,,,,,
acc,1778672605.0,24.0,-0.44791810964944573,3.6739101015539104,-9.836526104807142,,,,,,,,,,
acc,1778672605.0,24.0,-0.44800091973904577,3.67893212546372,-9.837585655025213,,,,,,,,,,
acc,1778672605.0,24.0,-0.4484379481825307,3.6811397808215855,-9.839026042185026,,,,,,,,,,
acc,1778672605.0,24.0,-0.4471316726068268,3.6857411458668166,-9.839033475080337,,,,,,,,,,
acc,1778672605.0,24.0,-0.446192229110609,3.6871769940845636,-9.840070240479431,,,,,,,,,,
acc,1778672605.0,24.0,-0.44629072251434565,3.6868604618702805,-9.839074278913426,,,,,,,,,,
acc,1778672605.0,24.0,-0.4446489882134211,3.6854819025332377,-9.839436235248378,,,,,,,,,,
acc,1778672605.0,24.0,-0.4406084016225507,3.680317737578145,-9.83557080099213,,,,,,,,,,
acc,1778672605.0,24.0,-0.43660453239848224,3.6786791654642585,-9.83592909955352,,,,,,,,,,
acc,1778672605.0,24.0,-0.43402141779354875,3.67772992155492,-9.833195932976814,,,,,,,,,,
acc,1778672605.0,24.0,-0.4318167380802003,3.6771442653291473,-9.833256344877395,,,,,,,,,,
acc,1778672605.0,24.0,-0.42856719818758077,3.681426976400466,-9.831221904264604,,,,,,,,,,
acc,1778672605.0,24.0,-0.42673154913244093,3.68602573165992,-9.828886483480316,,,,,,,,,,
acc,1778672605.0,24.0,-0.4259774843676444,3.6919670683051145,-9.825826857992393,,,,,,,,,,
acc,1778672605.0,24.0,-0.42625967194074027,3.6982093769794364,-9.824214901010654,,,,,,,,,,
acc,1778672605.0,24.0,-0.42689426609707115,3.700561324711525,-9.820487785114835,,,,,,,,,,
acc,1778672605.0,24.0,-0.4261387227008084,3.6994132346075985,-9.819279306797043,,,,,,,,,,
acc,1778672606.0,25.0,-0.4257450068048729,3.6961812738144455,-9.818117304448066,,,,,,,,,,
acc,1778672606.0,25.0,-0.4263842777941707,3.6954279476096565,-9.81696586137446,,,,,,,,,,
acc,1778672606.0,25.0,-0.42772767227396025,3.695710867031363,-9.814724483768137,,,,,,,,,,
acc,1778672606.0,25.0,-0.42558018469289355,3.6946068537043586,-9.815272215684997,,,,,,,,,,
acc,1778672606.0,25.0,-0.4217128789456806,3.696317099787478,-9.811626363202278,,,,,,,,,,
acc,1778672606.0,25.0,-0.4199395160334367,3.698011804628913,-9.810888875066247,,,,,,,,,,
acc,1778672606.0,25.0,-0.4185372387747689,3.6986262150466223,-9.810158088586473,,,,,,,,,,
acc,1778672606.0,25.0,-0.418887036884203,3.7002999366396967,-9.80655870888099,,,,,,,,,,
acc,1778672606.0,25.0,-0.42168292164559024,3.70543712334437,-9.804411902502599,,,,,,,,,,
acc,1778672606.0,25.0,-0.42445339981711466,3.7146807313631562,-9.803385002303914,,,,,,,,,,
acc,1778672606.0,25.0,-0.4268437404985216,3.725260206710907,-9.799492208792804,,,,,,,,,,
acc,1778672606.0,25.0,-0.42921235982497,3.7346786505017726,-9.794321416531295,,,,,,,,,,
acc,1778672606.0,25.0,-0.43191441695483945,3.7450764020042913,-9.789872050245256,,,,,,,,,,
acc,1778672606.0,25.0,-0.4345919201194551,3.7588583421571893,-9.786102050790443,,,,,,,,,,
acc,1778672606.0,25.0,-0.4365351688972095,3.7728700056953692,-9.780307509744807,,,,,,,,,,
acc,1778672606.0,25.0,-0.43672141733703035,3.782920707093709,-9.778754222488732,,,,,,,,,,
acc,1778672606.0,25.0,-0.4358765732641009,3.7879815457532144,-9.775795184899847,,,,,,,,,,
acc,1778672606.0,25.0,-0.4333000737240728,3.7902276540586626,-9.77502832875498,,,,,,,,,,
acc,1778672606.0,25.0,-0.43142141637714354,3.7879097828109587,-9.773877985004157,,,,,,,,,,
acc,1778672606.0,25.0,-0.4302697723693923,3.787032839646507,-9.774441932907038,,,,,,,,,,
acc,1778672606.0,25.0,-0.4287736226487652,3.7868383036594517,-9.775710679684533,,,,,,,,,,
acc,1778672606.0,25.0,-0.42729106864669214,3.7852611645396,-9.773524726182176,,,,,,,,,,
acc,1778672606.0,25.0,-0.4268868812244508,3.789981267726458,-9.772068569374344,,,,,,,,,,
acc,1778672606.0,25.0,-0.4250665014409604,3.791854242509507,-9.768815314375452,,,,,,,,,,
acc,1778672606.0,25.0,-0.42432756719383896,3.7930357590386725,-9.767011487420776,,,,,,,,,,
acc,1778672606.0,25.0,-0.4239503095174192,3.7914023027883053,-9.767318355632161,,,,,,,,,,
acc,1778672606.0,25.0,-0.4225115856260148,3.787014957250771,-9.767267473516416,,,,,,,,,,
acc,1778672606.0,25.0,-0.42108593561674595,3.7836968801738697,-9.768601415594427,,,,,,,,,,
acc,1778672606.0,25.0,-0.42038317331945396,3.7807639257808896,-9.769568274183635,,,,,,,,,,
acc,1778672606.0,25.0,-0.41933183534650303,3.7771476818272447,-9.770916812016182,,,,,,,,,,
acc,1778672606.0,25.0,-0.41655070925782267,3.778782306312168,-9.771507668505805,,,,,,,,,,
acc,1778672606.0,25.0,-0.4134398938714783,3.7835612837759767,-9.768614481350923,,,,,,,,,,
acc,1778672606.0,25.0,-0.4089729759848548,3.7931598702846094,-9.765037652352145,,,,,,,,,,
acc,1778672606.0,25.0,-0.4049016204568034,3.8023162622551925,-9.76120935343746,,,,,,,,,,
acc,1778672606.0,25.0,-0.4022516237180873,3.8047870798782504,-9.75809028107632,,,,,,,,,,
acc,1778672606.0,25.0,-0.3992707460912455,3.8051411412991873,-9.757803779244252,,,,,,,,,,
acc,1778672606.0,25.0,-0.39631695610991136,3.8047820526812237,-9.756454986486343,,,,,,,,,,
acc,1778672606.0,25.0,-0.3947743694458836,3.803041856242882,-9.755118450393976,,,,,,,,,,
acc,1778672606.0,25.0,-0.39292633306579017,3.803056814977902,-9.752729165181696,,,,,,,,,,
acc,1778672606.0,25.0,-0.39109509004678555,3.8069052649173467,-9.751071515280053,,,,,,,,,,
acc,1778672606.0,25.0,-0.388570555151276,3.8086244490072287,-9.750529326525848,,,,,,,,,,
acc,1778672606.0,25.0,-0.3870983610995574,3.808588677952991,-9.748891666861022,,,,,,,,,,
acc,1778672606.0,25.0,-0.3867044485725126,3.807523822820583,-9.748688754103119,,,,,,,,,,
acc,1778672606.0,25.0,-0.3859591538094133,3.8067881115869295,-9.748132723467956,,,,,,,,,,
acc,1778672606.0,25.0,-0.3834812898737898,3.8092182928992675,-9.744458041970109,,,,,,,,,,
acc,1778672606.0,25.0,-0.37893163908687866,3.8133657235008847,-9.740497285395573,,,,,,,,,,
acc,1778672606.0,25.0,-0.3744233316032248,3.820599169419099,-9.733093846311275,,,,,,,,,,
acc,1778672606.0,25.0,-0.37066593345168436,3.824288209567886,-9.72742602725921,,,,,,,,,,
acc,1778672606.0,25.0,-0.3669426792945983,3.8265593650798397,-9.723265072087347,,,,,,,,,,
acc,1778672606.0,25.0,-0.3636082206342223,3.8319335858785224,-9.71843199545415,,,,,,,,,,
acc,1778672606.0,25.0,-0.3620433953404364,3.8348097050771486,-9.716376085110195,,,,,,,,,,
acc,1778672606.0,25.0,-0.35942789542215114,3.8362753176764297,-9.718562949463665,,,,,,,,,,
acc,1778672606.0,25.0,-0.35719112468525327,3.8332195375544433,-9.714127572526879,,,,,,,,,,
acc,1778672606.0,25.0,-0.35635905070018087,3.829126622232671,-9.717364269471377,,,,,,,,,,
acc,1778672606.0,25.0,-0.35624447052000896,3.8236865379751213,-9.72131699018606,,,,,,,,,,
acc,1778672606.0,25.0,-0.35613093154571374,3.8175859558783936,-9.72203909058665,,,,,,,,,,
acc,1778672606.0,25.0,-0.35740279522381563,3.81086637233723,-9.726907732798622,,,,,,,,,,
acc,1778672606.0,25.0,-0.35656879775940903,3.804562821437667,-9.728643932845744,,,,,,,,,,
acc,1778672606.0,25.0,-0.3553874080842424,3.800375351868281,-9.729973890583446,,,,,,,,,,
acc,1778672606.0,25.0,-0.3552816573543316,3.7941671343164938,-9.729232962716974,,,,,,,,,,
acc,1778672606.0,25.0,-0.35379249668776536,3.7911390352822054,-9.732332394900572,,,,,,,,,,
acc,1778672606.0,25.0,-0.3523168682292564,3.7881384530008573,-9.732279958527439,,,,,,,,,,
acc,1778672606.0,25.0,-0.3515290872838594,3.7848101665633522,-9.735706673101062,,,,,,,,,,
acc,1778672606.0,25.0,-0.3514583976464115,3.7853457609467087,-9.73661748897198,,,,,,,,,,
acc,1778672606.0,25.0,-0.3500039794673325,3.7862314500835796,-9.738620416901007,,,,,,,,,,
acc,1778672606.0,25.0,-0.3485627777865425,3.7846598255257446,-9.740960114808683,,,,,,,,,,
acc,1778672606.0,25.0,-0.34851904341200296,3.782747520763268,-9.741468221070752,,,,,,,,,,
acc,1778672606.0,25.0,-0.3491501447318406,3.7798231933299933,-9.743746546229834,,,,,,,,,,
acc,1778672606.0,25.0,-0.34977551114707256,3.7769254396628296,-9.746359129707873,,,,,,,,,,
acc,1778672606.0,25.0,-0.3500757182709095,3.7757933509638413,-9.746853668737943,,,,,,,,,,
acc,1778672606.0,25.0,-0.34895333210325136,3.7760559206188686,-9.750786893914036,,,,,,,,,,
acc,1778672606.0,25.0,-0.34784114521326853,3.7745767624986057,-9.751241197240994,,,,,,,,,,
acc,1778672606.0,25.0,-0.34744900663986666,3.7713717130103475,-9.752720772298582,,,,,,,,,,
acc,1778672606.0,25.0,-0.34635048976253824,3.766456455566636,-9.75599723274237,,,,,,,,,,
acc,1778672606.0,25.0,-0.34423255521182833,3.7605564636966937,-9.755765254175811,,,,,,,,,,
acc,1778672606.0,25.0,-0.3452575702136916,3.760247551323524,-9.756174318457473,,,,,,,,,,
acc,1778672606.0,25.0,-0.3455988324889798,3.758912046032102,-9.759383901691793,,,,,,,,,,
acc,1778672606.0,25.0,-0.34522707012010434,3.759682980203294,-9.761179948093151,,,,,,,,,,
acc,1778672606.0,25.0,-0.3452136477805078,3.7621862414710394,-9.760545902617887,,,,,,,,,,
acc,1778672606.0,25.0,-0.34413544391697753,3.762927422577371,-9.764390198939,,,,,,,,,,
acc,1778672606.0,25.0,-0.34203763779291196,3.761567564926806,-9.764081952332772,,,,,,,,,,
acc,1778672606.0,25.0,-0.3413432656300974,3.7591906644424573,-9.763741003358852,,,,,,,,,,
acc,1778672606.0,25.0,-0.33962580327522374,3.7530017269564975,-9.766171894451416,,,,,,,,,,
acc,1778672606.0,25.0,-0.3379239477372896,3.7472240000583574,-9.764747059478202,,,,,,,,,,
acc,1778672606.0,25.0,-0.33833185164997304,3.7432381088417594,-9.76855317930836,,,,,,,,,,
acc,1778672606.0,25.0,-0.3383810871101917,3.7371941344254545,-9.769875438000778,,,,,,,,,,
acc,1778672606.0,25.0,-0.3377199425269941,3.73468375688723,-9.77228607900086,,,,,,,,,,
acc,1778672606.0,25.0,-0.336390367581581,3.7339355241769505,-9.773964881540184,,,,,,,,,,
acc,1778672606.0,25.0,-0.33471791289336406,3.7324841581263435,-9.774918495935628,,,,,,,,,,
acc,1778672606.0,25.0,-0.3340900560787499,3.7327853135204507,-9.775153512071723,,,,,,,,,,
acc,1778672606.0,25.0,-0.3334679046854757,3.730989428731908,-9.77783565789937,,,,,,,,,,
acc,1778672606.0,25.0,-0.3318220068200636,3.7274705307142217,-9.777405230555924,,,,,,,,,,
acc,1778672606.0,25.0,-0.33122046550274814,3.7246935420414373,-9.777937125892722,,,,,,,,,,
acc,1778672606.0,25.0,-0.33026941961365136,3.721586817386583,-9.779884053091362,,,,,,,,,,
acc,1778672606.0,25.0,-0.3286525868225673,3.7178338947795564,-9.78007394652575,,,,,,,,,,
acc,1778672606.0,25.0,-0.32772487560067354,3.716173875592151,-9.77987164915186,,,,,,,,,,
acc,1778672606.0,25.0,-0.32822545988643076,3.714209473814192,-9.780381131803212,,,,,,,,,,
acc,1778672606.0,25.0,-0.3290409717945025,3.7150316646419212,-9.783015773530437,,,,,,,,,,
acc,1778672606.0,25.0,-0.32917463475946424,3.7193250494714447,-9.78253827376287,,,,,,,,,,
acc,1778672606.0,25.0,-0.3299815213847488,3.720810677905554,-9.783733447976019,,,,,,,,,,
acc,1778672606.0,25.0,-0.32975167567262037,3.7201885117745164,-9.780764657839331,,,,,,,,,,
acc,1778672606.0,25.0,-0.32813954769202974,3.7164482957631546,-9.782330920005203,,,,,,,,,,
acc,1778672606.0,25.0,-0.3272164985273685,3.7106477640676623,-9.780759245741438,,,,,,,,,,
acc,1778672606.0,25.0,-0.32736674073216665,3.7066392752840462,-9.78232555708779,,,,,,,,,,
acc,1778672606.0,25.0,-0.32854501771288747,3.7047615157321476,-9.782812740739788,,,,,,,,,,
acc,1778672606.0,25.0,-0.3283282257074538,3.7046401523214305,-9.784715362554865,,,,,,,,,,
acc,1778672606.0,25.0,-0.32740346199968257,3.7059042626648417,-9.785890753262342,,,,,,,,,,
acc,1778672606.0,25.0,-0.32684207260765125,3.706091982368893,-9.784677195524013,,,,,,,,,,
acc,1778672606.0,25.0,-0.3273506790457816,3.7066329670987153,-9.785533465647037,,,,,,,,,,
acc,1778672606.0,25.0,-0.3278546637071657,3.7054297031442585,-9.783577718549411,,,,,,,,,,
acc,1778672606.0,25.0,-0.32764414504365436,3.704592335188499,-9.782704647089579,,,,,,,,,,
acc,1778672606.0,25.0,-0.32708056853165673,3.705501918279347,-9.782868909397866,,,,,,,,,,
acc,1778672606.0,25.0,-0.32758700772448107,3.703953961460701,-9.78058241371639,,,,,,,,,,
acc,1778672606.0,25.0,-0.3280888448346158,3.704514374680954,-9.780730466691688,,,,,,,,,,
acc,1778672606.0,25.0,-0.3275212272743757,3.705069695349097,-9.780522203428637,,,,,,,,,,
acc,1778672606.0,25.0,-0.3259293676855468,3.705264998881279,-9.78138073617712,,,,,,,,,,
acc,1778672606.0,25.0,-0.3250264027309801,3.7058134985239413,-9.781911999906765,,,,,,,,,,
acc,1778672606.0,25.0,-0.32413164314330767,3.7060020430142404,-9.78311286515669,,,,,,,,,,
acc,1778672606.0,25.0,-0.3218606525382666,3.704130074079734,-9.784338321425766,,,,,,,,,,
acc,1778672606.0,25.0,-0.31858089869007544,3.7012102124901523,-9.78409727308989,,,,,,,,,,
acc,1778672606.0,25.0,-0.31568591019021064,3.70005622585362,-9.78389391864049,,,,,,,,,,
acc,1778672606.0,25.0,-0.3152309998051583,3.700297087473539,-9.785112277368997,,,,,,,,,,
acc,1778672606.0,25.0,-0.3165195559349602,3.697412056761109,-9.78486419598888,,,,,,,,,,
acc,1778672606.0,25.0,-0.3167670027302283,3.6962925844887504,-9.787138632080943,,,,,,,,,,
acc,1778672606.0,25.0,-0.315627830034289,3.6945088467410065,-9.788327505651568,,,,,,,,,,
acc,1778672606.0,25.0,-0.31449900915751927,3.6955100598800277,-9.78982504317785,,,,,,,,,,
acc,1778672606.0,25.0,-0.3136999134450322,3.6968571366308076,-9.78854023964533,,,,,,,,,,
acc,1778672606.0,25.0,-0.31326305008590544,3.697127068815058,-9.790426309249005,,,,,,,,,,
acc,1778672606.0,25.0,-0.3131851274248591,3.6994888516304867,-9.789845965475767,,,,,,,,,,
acc,1778672607.0,26.0,-0.31346287463120037,3.7007997725526898,-9.789306398813372,,,,,,,,,,
acc,1778672607.0,26.0,-0.31338313613699204,3.6992945447798196,-9.79154046799661,,,,,,,,,,
acc,1778672607.0,26.0,-0.31294915137688856,3.6946792916293756,-9.790240076162524,,,,,,,,,,
acc,1778672607.0,26.0,-0.3118446720219737,3.6914903488280024,-9.792110699117673,,,,,,,,,,
acc,1778672607.0,26.0,-0.3110696966365802,3.689750249657049,-9.791799022115335,,,,,,,,,,
acc,1778672607.0,26.0,-0.31101170528038624,3.6869610595123183,-9.791845148225413,,,,,,,,,,
acc,1778672607.0,26.0,-0.3102442991784858,3.6855815860306484,-9.794020653083203,,,,,,,,,,
acc,1778672607.0,26.0,-0.3088094374145618,3.6863089515565917,-9.792733217825592,,,,,,,,,,
acc,1778672607.0,26.0,-0.3077425762105246,3.6880946018192757,-9.793516281764523,,,,,,,,,,
acc,1778672607.0,26.0,-0.3080697806292732,3.6874147603165652,-9.794966668167694,,,,,,,,,,
acc,1778672607.0,26.0,-0.3094234117439359,3.6857116965796863,-9.797113807343887,,,,,,,,,,
acc,1778672607.0,26.0,-0.3121846074942615,3.6843435762310417,-9.795762769807618,,,,,,,,,,
acc,1778672607.0,26.0,-0.3135008466105274,3.681958488132888,-9.79722823642448,,,,,,,,,,
acc,1778672607.0,26.0,-0.3127108213385671,3.680624473706274,-9.797579997377019,,,,,,,,,,
acc,1778672607.0,26.0,-0.3126379168561982,3.682106817828588,-9.794130419965606,,,,,,,,,,
acc,1778672607.0,26.0,-0.3132755984137717,3.682865759051712,-9.795610719970282,,,,,,,,,,
acc,1778672607.0,26.0,-0.31216815258967595,3.681878470989887,-9.794663797329326,,,,,,,,,,
acc,1778672607.0,26.0,-0.31210017941296203,3.681965048958088,-9.793725479504815,,,,,,,,,,
acc,1778672607.0,26.0,-0.31203282391786585,3.681340907546361,-9.793754099631292,,,,,,,,,,
acc,1778672607.0,26.0,-0.31022673872275464,3.6800125051595867,-9.791759153947597,,,,,,,,,,
acc,1778672607.0,26.0,-0.3091469983065458,3.6801160394162604,-9.791450671484633,,,,,,,,,,
acc,1778672607.0,26.0,-0.30981640232173296,3.6808930711169783,-9.791180495691345,,,,,,,,,,
acc,1778672607.0,26.0,-0.31079919987110416,3.6830829070916398,-9.793042572924724,,,,,,,,,,
acc,1778672607.0,26.0,-0.3110986283297052,3.6855723111387455,-9.795917129253377,,,,,,,,,,
acc,1778672607.0,26.0,-0.31139533584066703,3.6877196262149265,-9.797381193184698,,,,,,,,,,
acc,1778672607.0,26.0,-0.3116893471296156,3.689492457482719,-9.798796458605535,,,,,,,,,,
acc,1778672607.0,26.0,-0.3116257249240561,3.6922785879233007,-9.79987939590107,,,,,,,,,,
acc,1778672607.0,26.0,-0.31156268086224026,3.6967787330944133,-9.799532627128247,,,,,,,,,,
acc,1778672607.0,26.0,-0.3118551714639318,3.7008830230531817,-9.799898942125026,,,,,,,,,,
acc,1778672607.0,26.0,-0.31076063325514375,3.6987026095845934,-9.799232519232316,,,,,,,,,,
acc,1778672607.0,26.0,-0.3103504795398864,3.695157638925369,-9.800311493984884,,,,,,,,,,
acc,1778672607.0,26.0,-0.31100894735536844,3.6954430146793156,-9.802410063992811,,,,,,,,,,
acc,1778672607.0,26.0,-0.3119809080837873,3.696435738905632,-9.803460163958544,,,,,,,,,,
acc,1778672607.0,26.0,-0.31155966556311154,3.6956801003415154,-9.804855683294708,,,,,,,,,,
acc,1778672607.0,26.0,-0.3111422509312327,3.698764964592742,-9.806593492215054,,,,,,,,,,
acc,1778672607.0,26.0,-0.3100541911295054,3.6983431308946098,-9.806505178937911,,,,,,,,,,
acc,1778672607.0,26.0,-0.3086210569036033,3.6968602269628037,-9.807482562583123,,,,,,,,,,
acc,1778672607.0,26.0,-0.3085853166738781,3.6971301310647817,-9.80674722628693,,,,,,,,,,
acc,1778672607.0,26.0,-0.3085499012205424,3.6960132206900513,-9.803888783278039,,,,,,,,,,
acc,1778672607.0,26.0,-0.30748539845764233,3.695971354241156,-9.807019749460094,,,,,,,,,,
acc,1778672607.0,26.0,-0.3081699016594842,3.69451000297043,-9.803093926501015,,,,,,,,,,
acc,1778672607.0,26.0,-0.30987759382113045,3.693061931199951,-9.805877144795494,,,,,,,,,,
acc,1778672607.0,26.0,-0.3105403588142624,3.694786216206627,-9.806150311926578,,,,,,,,,,
acc,1778672607.0,26.0,-0.31048717762375777,3.7013578777563003,-9.808231318151691,,,,,,,,,,
acc,1778672607.0,26.0,-0.3111444032449262,3.7012674436726027,-9.807489177810531,,,,,,,,,,
acc,1778672607.0,26.0,-0.3114406947929295,3.702917164057415,-9.808812590583049,,,,,,,,,,
acc,1778672607.0,26.0,-0.3110243612648234,3.702457598750926,-9.807035768091726,,,,,,,,,,
acc,1778672607.0,26.0,-0.30922744010872116,3.6967842024459174,-9.805594568331735,,,,,,,,,,
acc,1778672607.0,26.0,-0.30744684782262793,3.6984746626611678,-9.802036657963274,,,,,,,,,,
acc,1778672607.0,26.0,-0.30603740688442654,3.698055466976667,-9.802025247626439,,,,,,,,,,
acc,1778672607.0,26.0,-0.30499573550356773,3.6983145097680366,-9.800984540929377,,,,,,,,,,
acc,1778672607.0,26.0,-0.30570286261553803,3.703114767459543,-9.798533426009376,,,,,,,,,,
acc,1778672607.0,26.0,-0.30672304046671683,3.7036828065512544,-9.802742457107975,,,,,,,,,,
acc,1778672607.0,26.0,-0.30670454777373957,3.7032162837459834,-9.799600929487474,,,,,,,,,,
acc,1778672607.0,26.0,-0.30633125226583685,3.7044933329792284,-9.800676556445318,,,,,,,,,,
acc,1778672607.0,26.0,-0.3056063780850497,3.7057587774902214,-9.801351943812374,,,,,,,,,,
acc,1778672607.0,26.0,-0.30524306179634286,3.707367684506108,-9.798932984611694,,,,,,,,,,
acc,1778672607.0,26.0,-0.3062674179208873,3.7082520476154985,-9.798594816008592,,,,,,,,,,
acc,1778672607.0,26.0,-0.30696298907960123,3.7098382979423947,-9.79964408221112,,,,,,,,,,
acc,1778672607.0,26.0,-0.30694231594053406,3.7096708011125825,-9.799654413539638,,,,,,,,,,
acc,1778672607.0,26.0,-0.3072767924345641,3.7070555610339837,-9.800019621846525,,,,,,,,,,
acc,1778672607.0,26.0,-0.30654332600004836,3.7062034186836748,-9.801765882363334,,,,,,,,,,
acc,1778672607.0,26.0,-0.307910828218143,3.706068952502265,-9.802821836096246,,,,,,,,,,
acc,1778672607.0,26.0,-0.30752657107371867,3.7048708138261195,-9.802803290737586,,,,,,,,,,
acc,1778672607.0,26.0,-0.3071458057268838,3.705422895482663,-9.804524255671828,,,,,,,,,,
acc,1778672607.0,26.0,-0.3071234713077661,3.7038756567550535,-9.80101157482896,,,,,,,,,,
acc,1778672607.0,26.0,-0.3074563016180263,3.7026974488594133,-9.804204180960344,,,,,,,,,,
acc,1778672607.0,26.0,-0.30814106922685686,3.7036242510432884,-9.80349863576944,,,,,,,,,,
acc,1778672607.0,26.0,-0.3091390907587802,3.702803289479409,-9.804148378513036,,,,,,,,,,
acc,1778672607.0,26.0,-0.30945360485750734,3.7037291298749944,-9.806247576582775,,,,,,,,,,
acc,1778672607.0,26.0,-0.31150459360484306,3.703936615310256,-9.807582271956639,,,,,,,,,,
acc,1778672607.0,26.0,-0.31353694473497923,3.70275785347583,-9.808585371356312,,,,,,,,,,
acc,1778672607.0,26.0,-0.3141664567024084,3.6988210613963237,-9.808123986738526,,,,,,,,,,
acc,1778672607.0,26.0,-0.3151097247085533,3.698043747078239,-9.807063354319178,,,,,,,,,,
acc,1778672607.0,26.0,-0.31604442110842396,3.6979834289564195,-9.806970771340387,,,,,,,,,,
acc,1778672607.0,26.0,-0.31629618551929417,3.6961843262721428,-9.804855723940733,,,,,,,,,,
acc,1778672607.0,26.0,-0.316545662112291,3.694401572281722,-9.802369431047586,,,,,,,,,,
acc,1778672607.0,26.0,-0.31679287167713055,3.693664418469853,-9.801964531535416,,,,,,,,,,
acc,1778672607.0,26.0,-0.31703783481460984,3.694673305044865,-9.800604909160317,,,,,,,,,,
acc,1778672607.0,26.0,-0.318309971985852,3.6984772508176116,-9.800925985822685,,,,,,,,,,
acc,1778672607.0,26.0,-0.3202804817054351,3.6977030607536037,-9.799540306495583,,,,,,,,,,
acc,1778672607.0,26.0,-0.31942884895570783,3.6938122022716864,-9.800580980895848,,,,,,,,,,
acc,1778672607.0,26.0,-0.3179105259231051,3.6888918061491807,-9.798523998401937,,,,,,,,,,
acc,1778672607.0,26.0,-0.31779037100909757,3.6868203585199733,-9.79787006981219,,,,,,,,,,
acc,1778672607.0,26.0,-0.31905566978030464,3.6886013615571525,-9.798215998336342,,,,,,,,,,
acc,1778672607.0,26.0,-0.31821516706521635,3.6879169150589153,-9.799623677767801,,,,,,,,,,
acc,1778672607.0,26.0,-0.31738230211405016,3.6903623918099053,-9.796829967425325,,,,,,,,,,
acc,1778672607.0,26.0,-0.3165570055213935,3.6903718752212495,-9.798995668904475,,,,,,,,,,
acc,1778672607.0,26.0,-0.3143548466915664,3.6882869780005563,-9.798656930680572,,,,,,,,,,
acc,1778672607.0,26.0,-0.3128826318163057,3.688634788396522,-9.79381319611982,,,,,,,,,,
acc,1778672607.0,26.0,-0.3128081660684647,3.6875950763705565,-9.799449482418437,,,,,,,,,,
acc,1778672607.0,26.0,-0.3117049678664633,3.6858903740768625,-9.79775774378045,,,,,,,,,,
acc,1778672607.0,26.0,-0.3116412037131168,3.682461829966138,-9.798140187386638,,,,,,,,,,
acc,1778672607.0,26.0,-0.3115780189934131,3.679738870694866,-9.799584050082553,,,,,,,,,,
acc,1778672607.0,26.0,-0.31048599930729276,3.6770406553294848,-9.799239965157856,,,,,,,,,,
acc,1778672607.0,26.0,-0.3090489411810125,3.675751329926816,-9.799928407027783,,,,,,,,,,
acc,1778672607.0,26.0,-0.30971923625480335,3.6779878896117695,-9.800291125518111,,,,,,,,,,
acc,1778672607.0,26.0,-0.31141284939961483,3.680204125370857,-9.799940615301555,,,,,,,,,,
acc,1778672607.0,26.0,-0.31170670154044133,3.680625385761801,-9.801687593761718,,,,,,,,,,
acc,1778672607.0,26.0,-0.3106135124982946,3.682107721596141,-9.800330487958306,,,,,,,,,,
acc,1778672607.0,26.0,-0.31020469568961556,3.6828666546066047,-9.801009020097364,,,,,,,,,,
acc,1778672607.0,26.0,-0.3105095264895861,3.6832637202277128,-9.800013042359726,,,,,,,,,,
acc,1778672607.0,26.0,-0.3108115872500974,3.681598377563783,-9.799381086069523,,,,,,,,,,
acc,1778672607.0,26.0,-0.3104009705088708,3.678528302829966,-9.799358312920283,,,,,,,,,,
acc,1778672607.0,26.0,-0.3093196468244271,3.6779353916035973,-9.797276937531592,,,,,,,,,,
acc,1778672607.0,26.0,-0.3082481492772188,3.67699290646976,-9.798693150337908,,,,,,,,,,
acc,1778672607.0,26.0,-0.3061214941683392,3.677798318509666,-9.796653322820259,,,,,,,,,,
acc,1778672607.0,26.0,-0.3053985260882709,3.677212040751346,-9.795696925903624,,,,,,,,,,
acc,1778672607.0,26.0,-0.30400769853175486,3.675921157945746,-9.797482467353767,,,,,,,,,,
acc,1778672607.0,26.0,-0.3022745387562099,3.673612605522447,-9.79541813803207,,,,,,,,,,
acc,1778672607.0,26.0,-0.30265143198433836,3.6755136292300246,-9.793408071002265,,,,,,,,,,
acc,1778672607.0,26.0,-0.30195999683721675,3.676332483665927,-9.793830040684005,,,,,,,,,,
acc,1778672607.0,26.0,-0.3002454448089699,3.678563762326819,-9.789740101371397,,,,,,,,,,
acc,1778672607.0,26.0,-0.29854647315112387,3.681094232464758,-9.789449966317246,,,,,,,,,,
acc,1778672607.0,26.0,-0.29686294028270704,3.6839566787326423,-9.786748705891796,,,,,,,,,,
acc,1778672607.0,26.0,-0.29416530586178546,3.6864381426965145,-9.787195695781476,,,,,,,,,,
acc,1778672607.0,26.0,-0.2932315178978895,3.687867657208083,-9.784905376356184,,,,,,,,,,
acc,1778672607.0,26.0,-0.29195125362038277,3.689639143297854,-9.786788982103227,,,,,,,,,,
acc,1778672607.0,26.0,-0.2906826232806778,3.691039569876131,-9.784466864181224,,,,,,,,,,
acc,1778672607.0,26.0,-0.2900999503465346,3.6913623670906492,-9.785289551254209,,,,,,,,,,
acc,1778672607.0,26.0,-0.2909424375096045,3.690297869181461,-9.785394829822456,,,,,,,,,,
acc,1778672607.0,26.0,-0.2914223071023647,3.6875037027426965,-9.78553464606977,,,,,,,,,,
acc,1778672607.0,26.0,-0.2925722543281429,3.6878586308687993,-9.785992668288248,,,,,,,,,,
acc,1778672607.0,26.0,-0.2930373135510223,3.6868259718931773,-9.787901888023683,,,,,,,,,,
acc,1778672607.0,26.0,-0.2931431849432621,3.6858026968318796,-9.788693360561956,,,,,,,,,,
acc,1778672607.0,26.0,-0.293603056041016,3.6865280530935216,-9.788448240832746,,,,,,,,,,
acc,1778672607.0,26.0,-0.2944137100002089,3.6872468179429214,-9.791755011710318,,,,,,,,,,
acc,1778672607.0,26.0,-0.2958914357093279,3.6890239456845944,-9.791198097281884,,,,,,,,,,
acc,1778672608.0,27.0,-0.2966812948473299,3.6900750008748697,-9.791995111072604,,,,,,,,,,
acc,1778672608.0,27.0,-0.2960441111585516,3.6897321340737834,-9.792749387929332,,,,,,,,,,
acc,1778672608.0,27.0,-0.2968325829137208,3.6876530502689993,-9.790018145205313,,,,,,,,,,
acc,1778672608.0,27.0,-0.29793336621812333,3.6842084884769695,-9.789725483528553,,,,,,,,,,
acc,1778672608.0,27.0,-0.2976397756449425,3.6842738932553867,-9.78883204084163,,,,,,,,,,
acc,1778672608.0,27.0,-0.29734885296973207,3.685013141965668,-9.787556260858093,,,,,,,,,,
acc,1778672608.0,27.0,-0.29777050658294457,3.6853907021605403,-9.785617635788867,,,,,,,,,,
acc,1778672608.0,27.0,-0.29680395766360407,3.684380469592962,-9.787494769136355,,,,,,,,,,
acc,1778672608.0,27.0,-0.2958461919074022,3.6827049788737565,-9.784491799356292,,,,,,,,,,
acc,1778672608.0,27.0,-0.29557156777461874,3.6820741136169857,-9.786059686833832,,,,,,,,,,
acc,1778672608.0,27.0,-0.2956544100497231,3.6793546775775727,-9.787258364928505,,,,,,,,,,
acc,1778672608.0,27.0,-0.29538152866509165,3.681877960559707,-9.784612514246607,,,,,,,,,,
acc,1778672608.0,27.0,-0.29475615613060907,3.683703875847795,-9.787563675679415,,,,,,,,,,
acc,1778672608.0,27.0,-0.29381699902895114,3.6861876370662965,-9.783530679688576,,,,,,,,,,
acc,1778672608.0,27.0,-0.2935608144513051,3.6893587606385623,-9.785107300992896,,,,,,,,,,
acc,1778672608.0,27.0,-0.29366192871876995,3.6932110004082235,-9.7866695953223,,,,,,,,,,
acc,1778672608.0,27.0,-0.29411708592039687,3.692839636347502,-9.789282596362563,,,,,,,,,,
acc,1778672608.0,27.0,-0.2931837361377489,3.69421097960468,-9.788357683892395,,,,,,,,,,
acc,1778672608.0,27.0,-0.29190390605967687,3.6955698612768253,-9.789145014550838,,,,,,,,,,
acc,1778672608.0,27.0,-0.2920200768818781,3.700040098193716,-9.78790188489202,,,,,,,,,,
acc,1778672608.0,27.0,-0.29351955386478334,3.7020559424964925,-9.786670051723611,,,,,,,,,,
acc,1778672608.0,27.0,-0.2936210430728801,3.707532142994689,-9.791661325212205,,,,,,,,,,
acc,1778672608.0,27.0,-0.2930116683134198,3.7108642769626914,-9.791708702593004,,,,,,,,,,
acc,1778672608.0,27.0,-0.2924078310263189,3.70997752428622,-9.794595379985054,,,,,,,,,,
acc,1778672608.0,27.0,-0.2935488226604784,3.711548094968985,-9.794971066066642,,,,,,,,,,
acc,1778672608.0,27.0,-0.29503440771996176,3.7113650609781272,-9.79644372700443,,,,,,,,,,
acc,1778672608.0,27.0,-0.295832054789329,3.7101187958349064,-9.797903005669466,,,,,,,,,,
acc,1778672608.0,27.0,-0.2959125299830576,3.705760152085033,-9.795870358305235,,,,,,,,,,
acc,1778672608.0,27.0,-0.2970216739351465,3.7021510485651756,-9.79765432375126,,,,,,,,,,
acc,1778672608.0,27.0,-0.299185633350841,3.697864808832023,-9.794559032699285,,,,,,,,,,
acc,1778672608.0,27.0,-0.30026503416187034,3.6953568514311437,-9.793941134298914,,,,,,,,,,
acc,1778672608.0,27.0,-0.30133462630907987,3.696350358634762,-9.795778125229084,,,,,,,,,,
acc,1778672608.0,27.0,-0.30274946069858405,3.6935011923908148,-9.793374321725555,,,,,,,,,,
acc,1778672608.0,27.0,-0.3031220382456181,3.693127191315584,-9.795180968999722,,,,,,,,,,
acc,1778672608.0,27.0,-0.3031362683557371,3.692756588839629,-9.794876895479195,,,,,,,,,,
acc,1778672608.0,27.0,-0.3010560656127753,3.692034383218838,-9.794895052530146,,,,,,,,,,
acc,1778672608.0,27.0,-0.29934972773205015,3.6902893403324533,-9.79430960411835,,,,,,,,,,
acc,1778672608.0,27.0,-0.2983688282126448,3.688879622304616,-9.791954639628306,,,,,,,,,,
acc,1778672608.0,27.0,-0.2977163096757767,3.6874827145786373,-9.79139591115349,,,,,,,,,,
acc,1778672608.0,27.0,-0.2960403206171866,3.685424071558585,-9.792510594795838,,,,,,,,,,
acc,1778672608.0,27.0,-0.2933501614544529,3.6854784301661354,-9.789817016377823,,,,,,,,,,
acc,1778672608.0,27.0,-0.2924237808200442,3.685532294809533,-9.790946047654435,,,,,,,,,,
acc,1778672608.0,27.0,-0.2915058183340372,3.6827814338013787,-9.790680457447387,,,,,,,,,,
acc,1778672608.0,27.0,-0.28988626486554925,3.6814399411541427,-9.788322977153015,,,,,,,,,,
acc,1778672608.0,27.0,-0.2896657994105683,3.679791171421817,-9.78708731746124,,,,,,,,,,
acc,1778672608.0,27.0,-0.2884179373080099,3.6781573842871094,-9.787531230340957,,,,,,,,,,
acc,1778672608.0,27.0,-0.2864714820662184,3.679662147190731,-9.78729667104911,,,,,,,,,,
acc,1778672608.0,27.0,-0.2856076089387101,3.6818631687406276,-9.787738681503942,,,,,,,,,,
acc,1778672608.0,27.0,-0.2843966241718445,3.68159492398904,-9.790661435024361,,,,,,,,,,
acc,1778672608.0,27.0,-0.2842260438378549,3.682713487722553,-9.792137763813015,,,,,,,,,,
acc,1778672608.0,27.0,-0.28476694622486054,3.6866261140023577,-9.795375513127244,,,,,,,,,,
acc,1778672608.0,27.0,-0.28565789513082046,3.6856046550772374,-9.79538913917096,,,,,,,,,,
acc,1778672608.0,27.0,-0.28444645340640196,3.6839180400159477,-9.79717747752153,,,,,,,,,,
acc,1778672608.0,27.0,-0.2839204494067224,3.68118184796341,-9.797529699727209,,,,,,,,,,
acc,1778672608.0,27.0,-0.28307975786430717,3.679180461786016,-9.796884806466448,,,,,,,,,,
acc,1778672608.0,27.0,-0.28256617321523353,3.6782266625279663,-9.799050009615678,,,,,,,,,,
acc,1778672608.0,27.0,-0.28205725558059447,3.6772815305751267,-9.796297006634619,,,,,,,,,,
acc,1778672608.0,27.0,-0.2812334951370676,3.679504185116057,-9.797012191573938,,,,,,,,,,
acc,1778672608.0,27.0,-0.280736687731655,3.6823810803631725,-9.799850675431246,,,,,,,,,,
acc,1778672608.0,27.0,-0.2823386984256638,3.683137529324875,-9.800214100279296,,,,,,,,,,
acc,1778672608.0,27.0,-0.28254178960691084,3.681118371601622,-9.801639117043146,,,,,,,,,,
acc,1778672608.0,27.0,-0.28171362613595907,3.6777331913345677,-9.804080584530945,,,,,,,,,,
acc,1778672608.0,27.0,-0.2808929883005186,3.674023801806218,-9.801956297209799,,,,,,,,,,
acc,1778672608.0,27.0,-0.2797248459406677,3.6689637581903884,-9.804430385884796,,,,,,,,,,
acc,1778672608.0,27.0,-0.27856731865131185,3.666008495982798,-9.800279614135434,,,,,,,,,,
acc,1778672608.0,27.0,-0.2774203099718436,3.664144992144455,-9.803088406473952,,,,,,,,,,
acc,1778672608.0,27.0,-0.27663868609164183,3.6622984222221238,-9.79784943162181,,,,,,,,,,
acc,1778672608.0,27.0,-0.27444429966726347,3.6618529941559417,-9.798905471234912,,,,,,,,,,
acc,1778672608.0,27.0,-0.27297978656853283,3.6642158499320585,-9.797893114375562,,,,,,,,,,
acc,1778672608.0,27.0,-0.27362288524412665,3.6658473014783275,-9.795115129900955,,,,,,,,,,
acc,1778672608.0,27.0,-0.2749345782675836,3.6663990243051376,-9.798325823479514,,,,,,,,,,
acc,1778672608.0,27.0,-0.27555991348180336,3.666271304363685,-9.797354228319058,,,,,,,,,,
acc,1778672608.0,27.0,-0.27791889887035043,3.665789774170356,-9.796746433038203,,,,,,,,,,
acc,1778672608.0,27.0,-0.27851711515226624,3.6677618850237534,-9.799267864466406,,,,,,,,,,
acc,1778672608.0,27.0,-0.2791098953604447,3.6697160750342364,-9.797222814442325,,,,,,,,,,
acc,1778672608.0,27.0,-0.2803717271673294,3.669913174369435,-9.800449849561112,,,,,,,,,,
acc,1778672608.0,27.0,-0.2816220925348113,3.6686886173678137,-9.801837229678856,,,,,,,,,,
acc,1778672608.0,27.0,-0.28286109566000445,3.6678301589448794,-9.803957429476332,,,,,,,,,,
acc,1778672608.0,27.0,-0.2868930668821507,3.6694287667674033,-9.804957964871766,,,,,,,,,,
acc,1778672608.0,27.0,-0.2884391337109913,3.668208611644372,-9.807014311758856,,,,,,,,,,
acc,1778672608.0,27.0,-0.28720241848857564,3.668419409506995,-9.80766760143049,,,,,,,,,,
acc,1778672608.0,27.0,-0.2866513706546558,3.671751995410049,-9.804445823985345,,,,,,,,,,
acc,1778672608.0,27.0,-0.28752519553630806,3.6757642302800626,-9.80821066308882,,,,,,,,,,
acc,1778672608.0,27.0,-0.2873261854434774,3.6790300727852574,-9.809917984845745,,,,,,,,,,
acc,1778672608.0,27.0,-0.2888683164643041,3.678077640132768,-9.809479994032714,,,,,,,,,,
acc,1778672608.0,27.0,-0.2903964339281695,3.6750395588248463,-9.814263990434267,,,,,,,,,,
acc,1778672608.0,27.0,-0.2912362269041028,3.6734489502481775,-9.813751003422887,,,,,,,,,,
acc,1778672608.0,27.0,-0.2923878650662687,3.6704529304826785,-9.814662543263143,,,,,,,,,,
acc,1778672608.0,27.0,-0.2932095616331995,3.669933401276932,-9.815210838041903,,,,,,,,,,
acc,1778672608.0,27.0,-0.2940237913302664,3.6697735639651987,-9.815399188617064,,,,,,,,,,
acc,1778672608.0,27.0,-0.2972444020527118,3.666136504666917,-9.813917483662905,,,,,,,,,,
acc,1778672608.0,27.0,-0.301145670188866,3.666685599464525,-9.814117587127424,,,,,,,,,,
acc,1778672608.0,27.0,-0.3032721542826655,3.6690045406906786,-9.816126193625571,,,,,,,,,,
acc,1778672608.0,27.0,-0.30257507854653604,3.6684981732024378,-9.815986749737828,,,,,,,,,,
acc,1778672608.0,27.0,-0.3025942789547653,3.6690258071928255,-9.815174134721802,,,,,,,,,,
acc,1778672608.0,27.0,-0.3033232284331119,3.6709685117684967,-9.816427713232532,,,,,,,,,,
acc,1778672608.0,27.0,-0.3040455538471612,3.6735680009942415,-9.81422672929954,,,,,,,,,,
acc,1778672608.0,27.0,-0.3047613153906978,3.6737300973477724,-9.818293153189932,,,,,,,,,,
acc,1778672608.0,27.0,-0.3054705727105169,3.6742101881229354,-9.818134017842205,,,,,,,,,,
acc,1778672608.0,27.0,-0.30826768845350566,3.6740114870601532,-9.816982422891684,,,,,,,,,,
acc,1778672608.0,27.0,-0.3096195211525146,3.6734596207607195,-9.816835198330683,,,,,,,,,,
acc,1778672608.0,27.0,-0.3092197368800825,3.670144036617284,-9.815659911572014,,,,,,,,,,
acc,1778672608.0,27.0,-0.3091785563629636,3.669982285233205,-9.81548921049359,,,,,,,,,,
acc,1778672608.0,27.0,-0.30984767360574605,3.6670177675301097,-9.816029993233382,,,,,,,,,,
acc,1778672608.0,27.0,-0.31118514876208847,3.6679138250312895,-9.815855929171935,,,,,,,,,,
acc,1778672608.0,27.0,-0.31148107004996606,3.6702216052025727,-9.814689541166972,,,,,,,,,,
acc,1778672608.0,27.0,-0.3103899313522462,3.6738927851657244,-9.812113887022424,,,,,,,,,,
acc,1778672608.0,27.0,-0.30824381357469466,3.679944375566603,-9.812365874377912,,,,,,,,,,
acc,1778672608.0,27.0,-0.30682713049894983,3.683172232515909,-9.810201800933969,,,,,,,,,,
acc,1778672608.0,27.0,-0.3064527210649416,3.6870806901186004,-9.809761231045059,,,,,,,,,,
acc,1778672608.0,27.0,-0.30572674308044884,3.6892142983472644,-9.808650226401308,,,,,,,,,,
acc,1778672608.0,27.0,-0.30571730387902596,3.6881693202345693,-9.811382953833405,,,,,,,,,,
acc,1778672608.0,27.0,-0.30432357954482475,3.685394496213219,-9.809547279737332,,,,,,,,,,
acc,1778672608.0,27.0,-0.3036169493625407,3.6826448873998863,-9.811952388108708,,,,,,,,,,
acc,1778672608.0,27.0,-0.3032717112866101,3.6823695390631874,-9.811176433892399,,,,,,,,,,
acc,1778672608.0,27.0,-0.3025746395760468,3.685930329078391,-9.808987665610898,,,,,,,,,,
acc,1778672608.0,27.0,-0.3022388731126881,3.6870094963888054,-9.80852262528982,,,,,,,,,,
acc,1778672608.0,27.0,-0.3019061578054221,3.6915575225203265,-9.808807246935244,,,,,,,,,,
acc,1778672608.0,27.0,-0.3019314367885465,3.693650449156428,-9.811538547500126,,,,,,,,,,
acc,1778672608.0,27.0,-0.30195648605806996,3.693275091764413,-9.811085830411077,,,,,,,,,,
acc,1778672608.0,27.0,-0.3012713659802851,3.6949974397516843,-9.813476957760598,,,,,,,,,,
acc,1778672608.0,27.0,-0.300273004269479,3.693225471162527,-9.814781453112017,,,,,,,,,,
acc,1778672608.0,27.0,-0.29786384954101114,3.6932089373775043,-9.814618734706595,,,,,,,,,,
acc,1778672608.0,27.0,-0.29480215794638326,3.6938669921113556,-9.816942254621194,,,,,,,,,,
acc,1778672608.0,27.0,-0.2924427175518727,3.695228999645225,-9.812926264491235,,,,,,,,,,
acc,1778672608.0,27.0,-0.2904596885777313,3.6969335922025004,-9.813525831434223,,,,,,,,,,
acc,1778672609.0,28.0,-0.2884946796609714,3.6989776657530324,-9.812025655574859,,,,,,,,,,
acc,1778672609.0,28.0,-0.28587308877675716,3.703061973707905,-9.808444808478015,,,,,,,,,,
acc,1778672609.0,28.0,-0.2835947880634605,3.706079757859254,-9.809049604669044,,,,,,,,,,
acc,1778672609.0,28.0,-0.28204712321651126,3.7090701189904243,-9.807235134038166,,,,,,,,,,
acc,1778672609.0,28.0,-0.281897893121265,3.7141276098402876,-9.807495960933986,,,,,,,,,,
acc,1778672609.0,28.0,-0.2821049899610188,3.7160154389846656,-9.808464341206754,,,,,,,,,,
acc,1778672609.0,28.0,-0.28333960493079763,3.7199449223478203,-9.809459425121677,,,,,,,,,,
acc,1778672609.0,28.0,-0.28424352428366345,3.723164259680411,-9.809345068717528,,,,,,,,,,
acc,1778672609.0,28.0,-0.2840743351894419,3.724969971543207,-9.806817980530143,,,,,,,,,,
acc,1778672609.0,28.0,-0.2832322452657267,3.725339409385614,-9.804313856341135,,,,,,,,,,
acc,1778672609.0,28.0,-0.2837821784372186,3.724676090047941,-9.80112255483948,,,,,,,,,,
acc,1778672609.0,28.0,-0.28397215251681135,3.7229538948898573,-9.799025147541506,,,,,,,,,,
acc,1778672609.0,28.0,-0.28660966559132645,3.7205729203693925,-9.799005608854689,,,,,,,,,,
acc,1778672609.0,28.0,-0.2902526112688358,3.720307876547264,-9.798666780305089,,,,,,,,,,
acc,1778672609.0,28.0,-0.29247808208918263,3.722459012170478,-9.800070363418719,,,,,,,,,,
acc,1778672609.0,28.0,-0.29397339711569476,3.7239161618539467,-9.79968635585071,,,,,,,,,,
acc,1778672609.0,28.0,-0.29652002750321527,3.725715041078143,-9.799696303032844,,,,,,,,,,
acc,1778672609.0,28.0,-0.29904351630969433,3.730266306368162,-9.799351198050129,,,,,,,,,,
acc,1778672609.0,28.0,-0.2994497702837555,3.7292032447785264,-9.800038629131446,,,,,,,,,,
acc,1778672609.0,28.0,-0.29914239993799824,3.7246711780128816,-9.79759610984222,,,,,,,,,,
acc,1778672609.0,28.0,-0.30022219361700403,3.721564656583035,-9.799719354919802,,,,,,,,,,
acc,1778672609.0,28.0,-0.3020021076961534,3.719196306262383,-9.797989669553314,,,,,,,,,,
acc,1778672609.0,28.0,-0.3041208092243796,3.7182338392882173,-9.798689473031585,,,,,,,,,,
acc,1778672609.0,28.0,-0.3058652960466057,3.7162507183364637,-9.79771457333757,,,,,,,,,,
acc,1778672609.0,28.0,-0.30723895961626235,3.716699389233535,-9.797068000104852,,,,,,,,,,
acc,1778672609.0,28.0,-0.3089551113764603,3.718563848264393,-9.79745671150681,,,,,,,,,,
acc,1778672609.0,28.0,-0.3117205626367173,3.7204113646992734,-9.794008254411079,,,,,,,,,,
acc,1778672609.0,28.0,-0.3147803603611846,3.7218871216373053,-9.79371483750952,,,,,,,,,,
acc,1778672609.0,28.0,-0.31678294414768265,3.7254437717109172,-9.795518390469866,,,,,,,,,,
acc,1778672609.0,28.0,-0.31738295927142474,3.7317368438317082,-9.796595612574936,,,,,,,,,,
acc,1778672609.0,28.0,-0.3186519602491989,3.735878426397375,-9.796243180546371,,,,,,,,,,
acc,1778672609.0,28.0,-0.3209743331349092,3.7378880702897983,-9.798059252465265,,,,,,,,,,
acc,1778672609.0,28.0,-0.32327560229838076,3.741618794040087,-9.798403461860596,,,,,,,,,,
acc,1778672609.0,28.0,-0.3244910560174618,3.7425468743736756,-9.799809437785195,,,,,,,,,,
acc,1778672609.0,28.0,-0.3260504356017842,3.741727188431925,-9.800137743005497,,,,,,,,,,
acc,1778672609.0,28.0,-0.32795060666250897,3.7433642164047565,-9.80156345363841,,,,,,,,,,
acc,1778672609.0,28.0,-0.3270292744310031,3.7435665032109373,-9.804396073910477,,,,,,,,,,
acc,1778672609.0,28.0,-0.32682625619351297,3.743411980948479,-9.800884557872926,,,,,,,,,,
acc,1778672609.0,28.0,-0.3269800445841412,3.7446787281191174,-9.804362291278485,,,,,,,,,,
acc,1778672609.0,28.0,-0.32748739725192033,3.746288935044339,-9.805039680225448,,,,,,,,,,
acc,1778672609.0,28.0,-0.327280215989266,3.7475295389369077,-9.804965486651838,,,,,,,,,,
acc,1778672609.0,28.0,-0.3270749174112774,3.747019536609517,-9.804927461645365,,,,,,,,,,
acc,1778672609.0,28.0,-0.3261615426885933,3.744774836061974,-9.804889782177362,,,,,,,,,,
acc,1778672609.0,28.0,-0.3259664096489464,3.745319275233639,-9.802793645012818,,,,,,,,,,
acc,1778672609.0,28.0,-0.32612801158353916,3.74759809969311,-9.803804755877943,,,,,,,,,,
acc,1778672609.0,28.0,-0.32522324152451515,3.749501245300316,-9.800618080642307,,,,,,,,,,
acc,1778672609.0,28.0,-0.32503663495676466,3.7510676293477774,-9.800619561112947,,,,,,,,,,
acc,1778672609.0,28.0,-0.32556164765546497,3.751199914179667,-9.797852295401281,,,,,,,,,,
acc,1778672609.0,28.0,-0.32537196594459883,3.750301596873543,-9.79752394716986,,,,,,,,,,
acc,1778672609.0,28.0,-0.3248290370369882,3.749411442700492,-9.793719908233827,,,,,,,,,,
acc,1778672609.0,28.0,-0.32393607093855736,3.749913748389101,-9.792754673299598,,,,,,,,,,
acc,1778672609.0,28.0,-0.322376790159083,3.755629487601354,-9.792437144415183,,,,,,,,,,
acc,1778672609.0,28.0,-0.3225710114603257,3.7567852126065,-9.789353768230404,,,,,,,,,,
acc,1778672609.0,28.0,-0.32205353521184793,3.7561911026978256,-9.791196950827874,,,,,,,,,,
acc,1778672609.0,28.0,-0.32015639043320293,3.7541825262796924,-9.789544709721035,,,,,,,,,,
acc,1778672609.0,28.0,-0.3179215234969918,3.750133401977026,-9.789611321078294,,,,,,,,,,
acc,1778672609.0,28.0,-0.3153519942438322,3.745411139990515,-9.792162086804437,,,,,,,,,,
acc,1778672609.0,28.0,-0.3128058146568596,3.7400218572149946,-9.789791142740055,,,,,,,,,,
acc,1778672609.0,28.0,-0.3120221052359788,3.738870145591325,-9.791630350855122,,,,,,,,,,
acc,1778672609.0,28.0,-0.3123104209851164,3.74120757418,-9.78926423874854,,,,,,,,,,
acc,1778672609.0,28.0,-0.3118861841353273,3.741074487830507,-9.78933339878415,,,,,,,,,,
acc,1778672609.0,28.0,-0.3086970696551507,3.7412975817155725,-9.788762986438815,,,,,,,,,,
acc,1778672609.0,28.0,-0.30692129691840925,3.74222858094979,-9.783689692098415,,,,,,,,,,
acc,1778672609.0,28.0,-0.3055166317336509,3.7427961582923177,-9.787288183257347,,,,,,,,,,
acc,1778672609.0,28.0,-0.3023853982533332,3.7461628050703513,-9.78496152902571,,,,,,,,,,
acc,1778672609.0,28.0,-0.30066698054383384,3.7474045551233637,-9.785105282737037,,,,,,,,,,
acc,1778672609.0,28.0,-0.3003485492408147,3.7475701268151917,-9.789791298996247,,,,,,,,,,
acc,1778672609.0,28.0,-0.3003879824274723,3.743900557710607,-9.787122431193653,,,,,,,,,,
acc,1778672609.0,28.0,-0.30181141910029596,3.7371406308961928,-9.7893408520315,,,,,,,,,,
acc,1778672609.0,28.0,-0.3014825881265076,3.731507035962269,-9.788095942770527,,,,,,,,,,
acc,1778672609.0,28.0,-0.3008017744244898,3.724504769013324,-9.787217307944886,,,,,,,,,,
acc,1778672609.0,28.0,-0.3029313835464599,3.723849034167657,-9.787660039583177,,,,,,,,,,
acc,1778672609.0,28.0,-0.30575157325106767,3.727032894298485,-9.787743777197525,,,,,,,,,,
acc,1778672609.0,28.0,-0.30645183196133596,3.729477889619829,-9.788891648284084,,,,,,,,,,
acc,1778672609.0,28.0,-0.3071457273242677,3.731226228657882,-9.788964194100556,,,,,,,,,,
acc,1778672609.0,28.0,-0.3078333171644765,3.7308643767562124,-9.791201372945146,,,,,,,,,,
acc,1778672609.0,28.0,-0.3091890970552084,3.7294409186451616,-9.791252929975538,,,,,,,,,,
acc,1778672609.0,28.0,-0.3112424894213704,3.7294147575149617,-9.7903456071724,,,,,,,,,,
acc,1778672609.0,28.0,-0.3136321931888908,3.731483137656665,-9.793280165560173,,,,,,,,,,
acc,1778672609.0,28.0,-0.3160001813891769,3.7338876930037466,-9.791644488354086,,,,,,,,,,
acc,1778672609.0,28.0,-0.31763671872057,3.736270397825245,-9.789278247778103,,,,,,,,,,
acc,1778672609.0,28.0,-0.31822897547719037,3.7410807159954413,-9.78728847132954,,,,,,,,,,
acc,1778672609.0,28.0,-0.31775095590765623,3.7454923512813973,-9.783257976158529,,,,,,,,,,
acc,1778672609.0,28.0,-0.3179872128017898,3.7491539738830895,-9.77993854492629,,,,,,,,,,
acc,1778672609.0,28.0,-0.31960569370509184,3.7538472172233828,-9.776649277822797,,,,,,,,,,
acc,1778672609.0,28.0,-0.31982509634143436,3.759882183323213,-9.776868566105529,,,,,,,,,,
acc,1778672609.0,28.0,-0.32004250523580535,3.7634130435394404,-9.77431712895637,,,,,,,,,,
acc,1778672609.0,28.0,-0.3199029767321771,3.7672667801160653,-9.771788877067959,,,,,,,,,,
acc,1778672609.0,28.0,-0.32079411619080483,3.7693461645761626,-9.773436703389804,,,,,,,,,,
acc,1778672609.0,28.0,-0.3227420521498928,3.7675730171596604,-9.770916452049763,,,,,,,,,,
acc,1778672609.0,28.0,-0.3243173251732244,3.7700045805750046,-9.772927177078467,,,,,,,,,,
acc,1778672609.0,28.0,-0.3248488743389878,3.7751827898549335,-9.772541353776214,,,,,,,,,,
acc,1778672609.0,28.0,-0.32640500237894543,3.7803139440340168,-9.772797971330482,,,,,,,,,,
acc,1778672609.0,28.0,-0.3286569223031101,3.783659138026899,-9.77337173346635,,,,,,,,,,
acc,1778672609.0,28.0,-0.32946851345278244,3.7869739337812836,-9.771207034290388,,,,,,,,,,
acc,1778672609.0,28.0,-0.32995325306125195,3.7881997983479554,-9.77325061311817,,,,,,,,,,
acc,1778672609.0,28.0,-0.3290137225061256,3.7900889615885824,-9.773500785535122,,,,,,,,,,
acc,1778672609.0,28.0,-0.3291476330891235,3.7909315486080093,-9.77023451579074,,,,,,,,,,
acc,1778672609.0,28.0,-0.3299547650823049,3.7903466136551356,-9.77367130293616,,,,,,,,,,
acc,1778672609.0,28.0,-0.3321744278239275,3.7953399720790557,-9.776757383022835,,,,,,,,,,
acc,1778672609.0,28.0,-0.3340189493239621,3.7964898133035843,-9.779815419474762,,,,,,,,,,
acc,1778672609.0,28.0,-0.3341073767215699,3.7937955695389074,-9.780325413092934,,,,,,,,,,
acc,1778672609.0,28.0,-0.33245566788570075,3.7942495123279976,-9.781185734102298,,,,,,,,,,
acc,1778672609.0,28.0,-0.33046399749491545,3.792605026534338,-9.779624466300541,,,,,,,,,,
acc,1778672609.0,28.0,-0.32778049305324597,3.7916854170435648,-9.78088162213043,,,,,,,,,,
acc,1778672609.0,28.0,-0.32792561016211674,3.7942528386210905,-9.777228814293933,,,,,,,,,,
acc,1778672609.0,28.0,-0.32806940857183436,3.7954125587770666,-9.783406270374615,,,,,,,,,,
acc,1778672609.0,28.0,-0.3261175967234893,3.797236178670367,-9.778381653250792,,,,,,,,,,
acc,1778672609.0,28.0,-0.3238285594847689,3.8007825597600933,-9.781034464514981,,,,,,,,,,
acc,1778672609.0,28.0,-0.32120535218209906,3.802202410854356,-9.780219998314722,,,,,,,,,,
acc,1778672609.0,28.0,-0.320025847593462,3.8018700268846533,-9.77941293328099,,,,,,,,,,
acc,1778672609.0,28.0,-0.31814712869144884,3.802960528601875,-9.780672011340556,,,,,,,,,,
acc,1778672609.0,28.0,-0.3155755493328179,3.8008819228302584,-9.781209715350393,,,,,,,,,,
acc,1778672609.0,28.0,-0.31338230913053794,3.797437834727443,-9.779328762214213,,,,,,,,,,
acc,1778672609.0,28.0,-0.31191893183802766,3.7975037179777336,-9.77884926337918,,,,,,,,,,
acc,1778672609.0,28.0,-0.31046885245650385,3.8006927061274944,-9.777699692629142,,,,,,,,,,
acc,1778672609.0,28.0,-0.30867697928544485,3.804562639049637,-9.775460170332325,,,,,,,,,,
acc,1778672609.0,28.0,-0.3065464273392241,3.8083974053583667,-9.775654769838665,,,,,,,,,,
acc,1778672609.0,28.0,-0.3058195978329122,3.811487401070672,-9.771410524301722,,,,,,,,,,
acc,1778672609.0,28.0,-0.3054543439869929,3.8135199084317337,-9.773452253987747,,,,,,,,,,
acc,1778672609.0,28.0,-0.3040630092055442,3.813794613436961,-9.771251328750802,,,,,,,,,,
acc,1778672609.0,28.0,-0.30161941418028054,3.8105881567969004,-9.77254906898766,,,,,,,,,,
acc,1778672609.0,28.0,-0.30061788970754955,3.809505132124879,-9.772166681605698,,,,,,,,,,
acc,1778672609.0,28.0,-0.3010098371337291,3.8056277128710825,-9.769267505908022,,,,,,,,,,
acc,1778672609.0,28.0,-0.3003333193850877,3.8035248700286997,-9.772003138684273,,,,,,,,,,
acc,1778672609.0,28.0,-0.2986335491988668,3.8017960977822547,-9.76946041998422,,,,,,,,,,
acc,1778672609.0,28.0,-0.29904352860052286,3.802177338669402,-9.770774434455676,,,,,,,,,,
acc,1778672609.0,28.0,-0.3022185242790988,3.8050043804836515,-9.769698240788093,,,,,,,,,,
acc,1778672610.0,29.0,-0.3043352592000319,3.805356467264062,-9.76859633228066,,,,,,,,,,
acc,1778672610.0,29.0,-0.3036285228831125,3.8036110510413,-9.768498333568058,,,,,,,,,,
acc,1778672610.0,29.0,-0.3026087413629138,3.8050051992457643,-9.767442823142694,,,,,,,,,,
acc,1778672610.0,29.0,-0.3022726650119215,3.805002316812535,-9.767355306526484,,,,,,,,,,
acc,1778672610.0,29.0,-0.30438890794855944,3.804999460572373,-9.769078915674326,,,,,,,,,,
acc,1778672610.0,29.0,-0.3064859202941931,3.807445895602805,-9.768337596832927,,,,,,,,,,
acc,1778672610.0,29.0,-0.3071795058917497,3.808130757772529,-9.770371756274134,,,,,,,,,,
acc,1778672610.0,29.0,-0.30751182700802837,3.810193767413502,-9.770648089259689,,,,,,,,,,
acc,1778672610.0,29.0,-0.30887052832408607,3.8104986975202224,-9.768863111074293,,,,,,,,,,
acc,1778672610.0,29.0,-0.30986192116073524,3.8115107893190783,-9.769117658966627,,,,,,,,,,
acc,1778672610.0,29.0,-0.31052482857349056,3.814253016781915,-9.766246190157569,,,,,,,,,,
acc,1778672610.0,29.0,-0.31185615032938646,3.8159054308387055,-9.772487952496336,,,,,,,,,,
acc,1778672610.0,29.0,-0.3138853068151519,3.818927200089501,-9.769266389952314,,,,,,,,,,
acc,1778672610.0,29.0,-0.3151860914424765,3.8205371391988687,-9.774096336411517,,,,,,,,,,
acc,1778672610.0,29.0,-0.3161200938873191,3.8186537741196247,-9.772599490942895,,,,,,,,,,
acc,1778672610.0,29.0,-0.3160162088757906,3.817142494298797,-9.77356551283073,,,,,,,,,,
acc,1778672610.0,29.0,-0.31626822965510404,3.8163193768727828,-9.775907127252736,,,,,,,,,,
acc,1778672610.0,29.0,-0.3189672256024346,3.8196923463123955,-9.776133159559905,,,,,,,,,,
acc,1778672610.0,29.0,-0.32164169540189874,3.8220052650666725,-9.778131974008959,,,,,,,,,,
acc,1778672610.0,29.0,-0.32184259661043374,3.821492929833586,-9.778302294467341,,,,,,,,,,
acc,1778672610.0,29.0,-0.32065730129391806,3.8227245829428558,-9.778861532420752,,,,,,,,,,
acc,1778672610.0,29.0,-0.32086714782727843,3.825364909118722,-9.778066811953678,,,,,,,,,,
acc,1778672610.0,29.0,-0.3221044875038194,3.827626280513579,-9.780403016810574,,,,,,,,,,
acc,1778672610.0,29.0,-0.3219462214833552,3.8288021990205636,-9.779913756076084,,,,,,,,,,
acc,1778672610.0,29.0,-0.3217893936480146,3.831706773562808,-9.780422856096017,,,,,,,,,,
acc,1778672610.0,29.0,-0.32163399092881134,3.833555544701517,-9.781317785987309,,,,,,,,,,
acc,1778672610.0,29.0,-0.32148000037551877,3.835032554028848,-9.781849621753997,,,,,,,,,,
acc,1778672610.0,29.0,-0.3209724382950176,3.831988067071275,-9.781347215521166,,,,,,,,,,
acc,1778672610.0,29.0,-0.3197950502269482,3.8275513805179404,-9.78436354353309,,,,,,,,,,
acc,1778672610.0,29.0,-0.3196577703810638,3.8256042760618616,-9.785577634715521,,,,,,,,,,
acc,1778672610.0,29.0,-0.32055113806357277,3.823674865212121,-9.786035266290254,,,,,,,,,,
acc,1778672610.0,29.0,-0.3200520166828188,3.8224729198184906,-9.787908604571863,,,,,,,,,,
acc,1778672610.0,29.0,-0.31920246002621516,3.8233762002102885,-9.787990083441928,,,,,,,,,,
acc,1778672610.0,29.0,-0.3187155942685203,3.823561339734762,-9.788816248896206,,,,,,,,,,
acc,1778672610.0,29.0,-0.31858812358758776,3.824774196918408,-9.787221135915594,,,,,,,,,,
acc,1778672610.0,29.0,-0.31917173479715855,3.8253015944277045,-9.790503563304622,,,,,,,,,,
acc,1778672610.0,29.0,-0.31801070996975866,3.8261791702637766,-9.787792728698252,,,,,,,,,,
acc,1778672610.0,29.0,-0.31650527376142074,3.826338838813362,-9.788230231408912,,,,,,,,,,
acc,1778672610.0,29.0,-0.3153684794326651,3.8264970564328484,-9.787989320198097,,,,,,,,,,
acc,1778672610.0,29.0,-0.3152714244451949,3.8266538363070377,-9.787431121679974,,,,,,,,,,
acc,1778672610.0,29.0,-0.31482028054918854,3.826809191500919,-9.788617337357334,,,,,,,,,,
acc,1778672610.0,29.0,-0.3147282071204679,3.827673067594768,-9.789402308508983,,,,,,,,,,
acc,1778672610.0,29.0,-0.31463697037567395,3.830587902709777,-9.788866773418542,,,,,,,,,,
acc,1778672610.0,29.0,-0.31454656271174464,3.832446841182013,-9.78688073609415,,,,,,,,,,
acc,1778672610.0,29.0,-0.31481193836814353,3.8353182963590133,-9.78530321138492,,,,,,,,,,
acc,1778672610.0,29.0,-0.31436496988539764,3.838163658227377,-9.784804925354553,,,,,,,,,,
acc,1778672610.0,29.0,-0.31566139574834595,3.8382144220843895,-9.78289130204995,,,,,,,,,,
acc,1778672610.0,29.0,-0.31694604081093997,3.84209836086689,-9.783408839059481,,,,,,,,,,
acc,1778672610.0,29.0,-0.316834650305971,3.8414034369051397,-9.782572796590747,,,,,,,,,,
acc,1778672610.0,29.0,-0.31636930116128764,3.842809131355242,-9.779259591679601,,,,,,,,,,
acc,1778672610.0,29.0,-0.3166181133423765,3.842817681158189,-9.779064694460347,,,,,,,,,,
acc,1778672610.0,29.0,-0.3172196263063461,3.8421162206338906,-9.777558195197832,,,,,,,,,,
acc,1778672610.0,29.0,-0.3181351497398318,3.8417761052385515,-9.779189089291222,,,,,,,,,,
acc,1778672610.0,29.0,-0.31801295363826754,3.8376054352078635,-9.779740268817942,,,,,,,,,,
acc,1778672610.0,29.0,-0.3186017914963775,3.836596368219748,-9.778192136158287,,,,,,,,,,
acc,1778672610.0,29.0,-0.3195047550044361,3.834922041575363,-9.78088217303745,,,,,,,,,,
acc,1778672610.0,29.0,-0.31798574220311515,3.8315235970862385,-9.777548827608303,,,,,,,,,,
acc,1778672610.0,29.0,-0.31683549465374666,3.8340839654088246,-9.775665638016141,,,,,,,,,,
acc,1778672610.0,29.0,-0.31743503224380315,3.8348817346303243,-9.77695876826384,,,,,,,,,,
acc,1778672610.0,29.0,-0.3183485982538705,3.8346073600055988,-9.775080940622203,,,,,,,,,,
acc,1778672610.0,29.0,-0.3178694916556908,3.8371397057498555,-9.778154211137096,,,,,,,,,,
acc,1778672610.0,29.0,-0.317394738765149,3.8358154034959435,-9.77903426215764,,,,,,,,,,
acc,1778672610.0,29.0,-0.3172792708800776,3.83691690631462,-9.782071608295308,,,,,,,,,,
acc,1778672610.0,29.0,-0.3175198140410151,3.8376889322119694,-9.783661488382316,,,,,,,,,,
acc,1778672610.0,29.0,-0.3181131331265582,3.837744009969661,-9.784136532242663,,,,,,,,,,
acc,1778672610.0,29.0,-0.3176361662324175,3.8370886545941745,-9.784287782813372,,,,,,,,,,
acc,1778672610.0,29.0,-0.3175185044627028,3.8378591197912555,-9.784757135449974,,,,,,,,,,
acc,1778672610.0,29.0,-0.31775687367512884,3.837912651030977,-9.783518384692908,,,,,,,,,,
acc,1778672610.0,29.0,-0.31625374411215734,3.8397050285064878,-9.78576955599764,,,,,,,,,,
acc,1778672610.0,29.0,-0.31476427369452853,3.8428654893091427,-9.783456701741049,,,,,,,,,,
acc,1778672610.0,29.0,-0.3143177383472359,3.8449678305217114,-9.786098898787749,,,,,,,,,,
acc,1778672610.0,29.0,-0.3152596316362405,3.844956763928047,-9.786232317063416,,,,,,,,,,
acc,1778672610.0,29.0,-0.3176128310792323,3.8435614269899414,-9.784625190267299,,,,,,,,,,
acc,1778672610.0,29.0,-0.3182053049061393,3.8424982370842713,-9.788570142198974,,,,,,,,,,
acc,1778672610.0,29.0,-0.31598816775280697,3.8404153084841632,-9.78591237121637,,,,,,,,,,
acc,1778672610.0,29.0,-0.31553051071165783,3.842894876600752,-9.785373046219672,,,,,,,,,,
acc,1778672610.0,29.0,-0.3171713160051784,3.84776568349602,-9.786187498691678,,,,,,,,,,
acc,1778672610.0,29.0,-0.3167029075329223,3.850178457742617,-9.784971244386767,,,,,,,,,,
acc,1778672610.0,29.0,-0.3152093555054323,3.852888783278016,-9.784085509765742,,,,,,,,,,
acc,1778672610.0,29.0,-0.3140843373643366,3.8524507761223825,-9.78178795866918,,,,,,,,,,
acc,1778672610.0,29.0,-0.31328900983154084,3.849922445655982,-9.783380416319403,,,,,,,,,,
acc,1778672610.0,29.0,-0.31321085127071085,3.8460327195686186,-9.780024369009508,,,,,,,,,,
acc,1778672610.0,29.0,-0.31451776476845067,3.8428882725918942,-9.779219081686213,,,,,,,,,,
acc,1778672610.0,29.0,-0.3151383638891617,3.8408017996854142,-9.779734494307993,,,,,,,,,,
acc,1778672610.0,29.0,-0.3167827326748629,3.8394442194795837,-9.77822190848202,,,,,,,,,,
acc,1778672610.0,29.0,-0.3187671206283892,3.8391283849267093,-9.779136838687386,,,,,,,,,,
acc,1778672610.0,29.0,-0.3193491052671996,3.8388154204059117,-9.7751804185248,,,,,,,,,,
acc,1778672610.0,29.0,-0.31850593606343136,3.8423389269733246,-9.776442454581785,,,,,,,,,,
acc,1778672610.0,29.0,-0.3183803705754816,3.840967378680143,-9.773504424346235,,,,,,,,,,
acc,1778672610.0,29.0,-0.3192853461659414,3.83403532493,-9.773113355518564,,,,,,,,,,
acc,1778672610.0,29.0,-0.32124699252602607,3.8341236035202204,-9.773364775214226,,,,,,,,,,
acc,1778672610.0,29.0,-0.3231908131354879,3.832826709002633,-9.776063175540035,,,,,,,,,,
acc,1778672610.0,29.0,-0.3244070373453689,3.83083166691012,-9.775897324594435,,,,,,,,,,
acc,1778672610.0,29.0,-0.3263221421923708,3.8302391249479513,-9.77718834947429,,,,,,,,,,
acc,1778672610.0,29.0,-0.3278648824444532,3.828977529222102,-9.779532537040714,,,,,,,,,,
acc,1778672610.0,29.0,-0.3276542709218689,3.827017465156346,-9.775572521112696,,,,,,,,,,
acc,1778672610.0,29.0,-0.3274455732551947,3.828908848686334,-9.77999020111616,,,,,,,,,,
acc,1778672610.0,29.0,-0.32759373382639395,3.827304379590638,-9.778120329873772,,,,,,,,,,
acc,1778672610.0,29.0,-0.3280955098155143,3.8250045578925658,-9.780101086632522,,,,,,,,,,
acc,1778672610.0,29.0,-0.3289122025977765,3.827269203848641,-9.780643978713806,,,,,,,,,,
acc,1778672610.0,29.0,-0.32798213221158035,3.8274189671129264,-9.781501404873502,,,,,,,,,,
acc,1778672610.0,29.0,-0.32638608431611343,3.8282773020918133,-9.779582297667401,,,,,,,,,,
acc,1778672610.0,29.0,-0.32618891083577445,3.8284179046285325,-9.778071094873262,,,,,,,,,,
acc,1778672610.0,29.0,-0.32773286177954225,3.829267162124646,-9.779697328176669,,,,,,,,,,
acc,1778672610.0,29.0,-0.3282333734937923,3.8301087023009366,-9.778859518358543,,,,,,,,,,
acc,1778672610.0,29.0,-0.32837437521573126,3.8319719953332805,-9.78186295805726,,,,,,,,,,
acc,1778672610.0,29.0,-0.32677476295406777,3.831724061910263,-9.782389839770271,,,,,,,,,,
acc,1778672610.0,29.0,-0.3265740574974187,3.8307684397712585,-9.780462659233914,,,,,,,,,,
acc,1778672610.0,29.0,-0.32673013765232994,3.832980708538927,-9.781002265655175,,,,,,,,,,
acc,1778672610.0,29.0,-0.3240805633092597,3.8302743343974113,-9.782921339506675,,,,,,,,,,
acc,1778672610.0,29.0,-0.3218100368737052,3.8321361223080848,-9.782409194427034,,,,,,,,,,
acc,1778672610.0,29.0,-0.32303880838763105,3.831176755719498,-9.782895618055012,,,,,,,,,,
acc,1778672610.0,29.0,-0.32599575565426403,3.829551677840266,-9.784478010251854,,,,,,,,,,
acc,1778672610.0,29.0,-0.32683152919175784,3.828296329040956,-9.784590663404952,,,,,,,,,,
acc,1778672610.0,29.0,-0.32489096612381446,3.8235737224059925,-9.785767187270777,,,,,,,,,,
acc,1778672610.0,29.0,-0.32367796985372355,3.8226921635244895,-9.78487421980715,,,,,,,,,,
acc,1778672610.0,29.0,-0.324889767203417,3.8186949119003084,-9.783634405088407,,,,,,,,,,
acc,1778672610.0,29.0,-0.3247061909627469,3.81611835476022,-9.785565054686307,,,,,,,,,,
acc,1778672610.0,29.0,-0.3234948737699909,3.8181087800073517,-9.785348362303406,,,,,,,,,,
acc,1778672610.0,29.0,-0.32193960220994694,3.816247481762503,-9.786518000854993,,,,,,,,,,
acc,1778672610.0,29.0,-0.3210728928037088,3.8144030973911347,-9.784198345376911,,,,,,,,,,
acc,1778672610.0,29.0,-0.32056903016577765,3.8160541476447607,-9.786123870371748,,,,,,,,,,
acc,1778672610.0,29.0,-0.32077967883103575,3.814211520127145,-9.781074558042496,,,,,,,,,,
acc,1778672610.0,29.0,-0.31992350980828105,3.8134150368670685,-9.78228303324197,,,,,,,,,,
acc,1778672610.0,29.0,-0.31943009177191695,3.8123063239465447,-9.781457221125741,,,,,,,,,,
acc,1778672611.0,30.0,-0.3185861866326272,3.8122370951876827,-9.782342751599561,,,,,,,,,,
acc,1778672611.0,30.0,-0.31636558835459305,3.811813524659513,-9.77935110455245,,,,,,,,,,
acc,1778672611.0,30.0,-0.31487510159293053,3.808980032219435,-9.77780650828207,,,,,,,,,,
acc,1778672611.0,30.0,-0.315811930045364,3.8061722881153752,-9.778334757152908,,,,,,,,,,
acc,1778672611.0,30.0,-0.3164207689079774,3.80477442927676,-9.778148264032362,,,,,,,,,,
acc,1778672611.0,30.0,-0.31702407516799974,3.8023243694793356,-9.777963465600484,,,,,,,,,,
acc,1778672611.0,30.0,-0.3186513082356188,3.8016359063942384,-9.777780346457407,,,,,,,,,,
acc,1778672611.0,30.0,-0.3199087835516843,3.8062072100468103,-9.777953862203775,,,,,,,,,,
acc,1778672611.0,30.0,-0.32048039374228626,3.8096720701389706,-9.777522360721537,,,,,,,,,,
acc,1778672611.0,30.0,-0.3224311805404683,3.811366111888772,-9.776349353358768,,,,,,,,,,
acc,1778672611.0,30.0,-0.32329934586291775,3.811660388739796,-9.778665670638519,,,,,,,,,,
acc,1778672611.0,30.0,-0.3231302219999941,3.8115970296831128,-9.775352466871919,,,,,,,,,,
acc,1778672611.0,30.0,-0.32260766412833053,3.811534246378903,-9.775583539454352,,,,,,,,,,
acc,1778672611.0,30.0,-0.3234742257201126,3.8111170627346516,-9.77616748310898,,,,,,,,,,
acc,1778672611.0,30.0,-0.3240134362467141,3.8117685645030726,-9.772876980716498,,,,,,,,,,
acc,1778672611.0,30.0,-0.3262870886616776,3.8172771913435155,-9.775579813698084,,,,,,,,,,
acc,1778672611.0,30.0,-0.327120214816012,3.8213513896251357,-9.77477942030107,,,,,,,,,,
acc,1778672611.0,30.0,-0.3276262937375905,3.821199967108808,-9.774660738463174,,,,,,,,,,
acc,1778672611.0,30.0,-0.3274178503034427,3.821759844136611,-9.774223658602827,,,,,,,,,,
acc,1778672611.0,30.0,-0.32685633016291366,3.8240539752534333,-9.773826053994416,,,,,,,,,,
acc,1778672611.0,30.0,-0.32527051258570316,3.8242329557427497,-9.775810339069553,,,,,,,,,,
acc,1778672611.0,30.0,-0.3243735347381632,3.8219610444961654,-9.772558585541196,,,,,,,,,,
acc,1778672611.0,30.0,-0.3231652404383319,3.8263476508197223,-9.777678091866356,,,,,,,,,,
acc,1778672611.0,30.0,-0.32402673525739817,3.8292745301794966,-9.775793727632081,,,,,,,,,,
acc,1778672611.0,30.0,-0.32420596328030976,3.8311454034487866,-9.778505559179818,,,,,,,,,,
acc,1778672611.0,30.0,-0.32331865913891267,3.8382172829667796,-9.778672484818305,,,,,,,,,,
acc,1778672611.0,30.0,-0.3224394180524438,3.8445149667076777,-9.779938291435023,,,,,,,,,,
acc,1778672611.0,30.0,-0.3219231376113859,3.8514653551631435,-9.780802130272207,,,,,,,,,,
acc,1778672611.0,30.0,-0.3221214813158044,3.8548739100313276,-9.779989775325207,,,,,,,,,,
acc,1778672611.0,30.0,-0.32196306087023036,3.8530334928474033,-9.784012344270744,,,,,,,,,,
acc,1778672611.0,30.0,-0.32180608001306216,3.8508548289273095,-9.782070419812547,,,,,,,,,,
acc,1778672611.0,30.0,-0.32165052566256175,3.8486959628262927,-9.782595416292017,,,,,,,,,,
acc,1778672611.0,30.0,-0.3214963848558665,3.847266647272854,-9.782121736368564,,,,,,,,,,
acc,1778672611.0,30.0,-0.3227280065688731,3.8482640910623176,-9.779487068577868,,,,,,,,,,
acc,1778672611.0,30.0,-0.32327399809166774,3.849962403576712,-9.782839776501895,,,,,,,,,,
acc,1778672611.0,30.0,-0.32346006634086777,3.850260912383303,-9.779843612921049,,,,,,,,,,
acc,1778672611.0,30.0,-0.3246738438097912,3.849136843331242,-9.780708312114927,,,,,,,,,,
acc,1778672611.0,30.0,-0.3269414950102808,3.8487329305706046,-9.781920115441583,,,,,,,,,,
acc,1778672611.0,30.0,-0.32812363625743923,3.8452089846312094,-9.780032706801942,,,,,,,,,,
acc,1778672611.0,30.0,-0.3272007316821754,3.8413620904132935,-9.781996085528181,,,,,,,,,,
acc,1778672611.0,30.0,-0.32628621366788507,3.8403188861819775,-9.778297656049393,,,,,,,,,,
acc,1778672611.0,30.0,-0.32679987127275134,3.840350065185759,-9.77750805960456,,,,,,,,,,
acc,1778672611.0,30.0,-0.3276283377008809,3.842830226177185,-9.776335182198011,,,,,,,,,,
acc,1778672611.0,30.0,-0.3274198756929572,3.8449328878306903,-9.774108059395395,,,,,,,,,,
acc,1778672611.0,30.0,-0.3285976698289718,3.846661471447608,-9.772966078258978,,,,,,,,,,
acc,1778672611.0,30.0,-0.32940979941403664,3.8466350145056096,-9.772224930595767,,,,,,,,,,
acc,1778672611.0,30.0,-0.3295401107916265,3.845224427073385,-9.772129461757617,,,,,,,,,,
acc,1778672611.0,30.0,-0.3303436762858751,3.8438266578434166,-9.77029551868927,,,,,,,,,,
acc,1778672611.0,30.0,-0.3304655013957214,3.8427610577484543,-9.77057254445626,,,,,,,,,,
acc,1778672611.0,30.0,-0.3295213159694353,3.841385673494785,-9.770492091078516,,,,,,,,,,
acc,1778672611.0,30.0,-0.3292956522072932,3.8427915293634434,-9.769063492243511,,,,,,,,,,
acc,1778672611.0,30.0,-0.329072039082835,3.8435101717521225,-9.767612380922943,,,,,,,,,,
acc,1778672611.0,30.0,-0.3288504579616337,3.845251683785976,-9.76723935045823,,,,,,,,,,
acc,1778672611.0,30.0,-0.3296602904261242,3.848361741368247,-9.76615978622585,,,,,,,,,,
acc,1778672611.0,30.0,-0.3297883255573908,3.848674795612762,-9.766083928742798,,,,,,,,,,
acc,1778672611.0,30.0,-0.3305896354898799,3.851398785133012,-9.766754196668204,,,,,,,,,,
acc,1778672611.0,30.0,-0.33209359644266867,3.8527136504772552,-9.765324070234556,,,,,,,,,,
acc,1778672611.0,30.0,-0.33322891983458774,3.8533421291849455,-9.767066137506314,,,,,,,,,,
acc,1778672611.0,30.0,-0.3333245263389647,3.854284364233587,-9.764923243789301,,,,,,,,,,
acc,1778672611.0,30.0,-0.3327093314198611,3.8559279696965905,-9.768692268248445,,,,,,,,,,
acc,1778672611.0,30.0,-0.33245469772228237,3.8575566394904017,-9.765860159383342,,,,,,,,,,
acc,1778672611.0,30.0,-0.3329123014630516,3.8616197837401876,-9.767597355139177,,,,,,,,,,
acc,1778672611.0,30.0,-0.3323008524881651,3.865291034778045,-9.766904993802312,,,,,,,,,,
acc,1778672611.0,30.0,-0.331339988973746,3.8668346211100237,-9.767532306236532,,,,,,,,,,
acc,1778672611.0,30.0,-0.33038785695840805,3.8669798097523267,-9.768508879969708,,,,,,,,,,
acc,1778672611.0,30.0,-0.3301543188189632,3.8646744137298965,-9.76567843757915,,,,,,,,,,
acc,1778672611.0,30.0,-0.3292129611516067,3.8616800345246016,-9.76915662643472,,,,,,,,,,
acc,1778672611.0,30.0,-0.3276057285440578,3.861872063605072,-9.766284803522913,,,,,,,,,,
acc,1778672611.0,30.0,-0.3260131010805542,3.8603230150093055,-9.76656278085104,,,,,,,,,,
acc,1778672611.0,30.0,-0.3247899078155762,3.8594624811055493,-9.764069499431837,,,,,,,,,,
acc,1778672611.0,30.0,-0.3228678972422407,3.8579353287177924,-9.762699263571616,,,,,,,,,,
acc,1778672611.0,30.0,-0.3202534196096666,3.85606709200066,-9.76240638272794,,,,,,,,,,
acc,1778672611.0,30.0,-0.3183726327294021,3.8538608613472873,-9.760305832844319,,,,,,,,,,
acc,1778672611.0,30.0,-0.3161539750450961,3.849935346334157,-9.761348074536405,,,,,,,,,,
acc,1778672611.0,30.0,-0.3153398404296745,3.846045503016554,-9.76000256863899,,,,,,,,,,
acc,1778672611.0,30.0,-0.3135037039200937,3.84148107460686,-9.762112469629256,,,,,,,,,,
acc,1778672611.0,30.0,-0.311329290862404,3.8366386563731973,-9.762818826750557,,,,,,,,,,
acc,1778672611.0,30.0,-0.30917463699561953,3.835638374637493,-9.761459955925226,,,,,,,,,,
acc,1778672611.0,30.0,-0.30774949539926016,3.834647182599675,-9.764302040430442,,,,,,,,,,
acc,1778672611.0,30.0,-0.3056273716268419,3.833664997660407,-9.763604129712233,,,,,,,,,,
acc,1778672611.0,30.0,-0.30490889370635643,3.8351410123736276,-9.765326331960464,,,,,,,,,,
acc,1778672611.0,30.0,-0.30561680996169743,3.8355742052032133,-9.761779382828028,,,,,,,,,,
acc,1778672611.0,30.0,-0.3063182932845352,3.8335541962343536,-9.76149486106735,,,,,,,,,,
acc,1778672611.0,30.0,-0.30701340213181333,3.8340018086807257,-9.75869266167258,,,,,,,,,,
acc,1778672611.0,30.0,-0.3083766327033619,3.8312861556616,-9.75843618937213,,,,,,,,,,
acc,1778672611.0,30.0,-0.31079237890555117,3.8265363800603893,-9.757472115036787,,,,,,,,,,
acc,1778672611.0,30.0,-0.3114468311206411,3.825308431687258,-9.757830174478828,,,,,,,,,,
acc,1778672611.0,30.0,-0.31138541269145326,3.8230267474426562,-9.757581539718286,,,,,,,,,,
acc,1778672611.0,30.0,-0.3102951432453237,3.8259838043087573,-9.755524833847547,,,,,,,,,,
acc,1778672611.0,30.0,-0.3098892195018907,3.8292689517653193,-9.75526164458775,,,,,,,,,,
acc,1778672611.0,30.0,-0.3081026135353146,3.8290455812714543,-9.753580981696983,,,,,,,,,,
acc,1778672611.0,30.0,-0.3073616427507281,3.829889134983473,-9.753654932990033,,,,,,,,,,
acc,1778672611.0,30.0,-0.30872170881181454,3.827210854396612,-9.75021404346737,,,,,,,,,,
acc,1778672611.0,30.0,-0.3086850539443381,3.8235275116667564,-9.753832759401918,,,,,,,,,,
acc,1778672611.0,30.0,-0.3103880648462275,3.823711276203187,-9.74907688084503,,,,,,,,,,
acc,1778672611.0,30.0,-0.3124305620269563,3.8207696672563287,-9.75164102683835,,,,,,,,,,
acc,1778672611.0,30.0,-0.3130701278464191,3.815760485572965,-9.747579503131194,,,,,,,,,,
acc,1778672611.0,30.0,-0.31402335834385964,3.816369791918584,-9.746323619778364,,,,,,,,,,
acc,1778672611.0,30.0,-0.31464845020383825,3.8131399342770194,-9.749303250254652,,,,,,,,,,
acc,1778672611.0,30.0,-0.31317356731302787,3.807490152393961,-9.745617932018694,,,,,,,,,,
acc,1778672611.0,30.0,-0.3138063813411329,3.803276081765037,-9.74860397517684,,,,,,,,,,
acc,1778672611.0,30.0,-0.3154628540356824,3.7984258667021673,-9.750107515034511,,,,,,,,,,
acc,1778672611.0,30.0,-0.31607486500006887,3.7960334971671528,-9.74882865928937,,,,,,,,,,
acc,1778672611.0,30.0,-0.3156164201290943,3.7943728000575776,-9.75380883186178,,,,,,,,,,
acc,1778672611.0,30.0,-0.3148071703492239,3.791697793883812,-9.750366543838876,,,,,,,,,,
acc,1778672611.0,30.0,-0.3140052743335493,3.7904314667676386,-9.751854066992383,,,,,,,,,,
acc,1778672611.0,30.0,-0.313920606978549,3.7884667143063537,-9.754038014539287,,,,,,,,,,
acc,1778672611.0,30.0,-0.31312676728631705,3.7861648449606875,-9.756557078027503,,,,,,,,,,
acc,1778672611.0,30.0,-0.3126951121852656,3.7842388638793416,-9.759763183072899,,,,,,,,,,
acc,1778672611.0,30.0,-0.3133322740010072,3.7826853462267542,-9.76081035589819,,,,,,,,,,
acc,1778672611.0,30.0,-0.3128987514321379,3.7821753456505474,-9.76436827604232,,,,,,,,,,
acc,1778672611.0,30.0,-0.31108479743445305,3.7799306468382743,-9.765018639980171,,,,,,,,,,
acc,1778672611.0,30.0,-0.3092873270865544,3.7801556203159214,-9.767118453599288,,,,,,,,,,
acc,1778672611.0,30.0,-0.310629894188885,3.780023578568022,-9.770264080330314,,,,,,,,,,
acc,1778672611.0,30.0,-0.31057589937810076,3.7798927367016697,-9.771215830056093,,,,,,,,,,
acc,1778672611.0,30.0,-0.30807312082291444,3.779088645539283,-9.772904358094967,,,,,,,,,,
acc,1778672611.0,30.0,-0.3052736179476105,3.7772269668565803,-9.77212827693147,,,,,,,,,,
acc,1778672611.0,30.0,-0.3038839254485704,3.776092138138458,-9.770649315490376,,,,,,,,,,
acc,1778672611.0,30.0,-0.3031812904636061,3.777061916220153,-9.768864326162053,,,,,,,,,,
acc,1778672611.0,30.0,-0.3011006785985499,3.778022881794866,-9.767805489911584,,,,,,,,,,
acc,1778672611.0,30.0,-0.2983645352659508,3.7768808204880897,-9.76398753363574,,,,,,,,,,
acc,1778672611.0,30.0,-0.29565325564462386,3.7819965444289645,-9.764641357432273,,,,,,,,,,
acc,1778672611.0,30.0,-0.29328608120812016,3.7863913428077822,-9.763265925019647,,,,,,,,,,
acc,1778672611.0,30.0,-0.29165035024572594,3.791775605096029,-9.763216364451905,,,,,,,,,,
acc,1778672611.0,30.0,-0.2900294833958522,3.799560214254051,-9.767746326552578,,,,,,,,,,
acc,1778672611.0,30.0,-0.2884233455862615,3.8058897126884923,-9.768720955453668,,,,,,,,,,
acc,1778672611.0,30.0,-0.2858024029246079,3.8086830196487793,-9.770041689541149,,,,,,,,,,
acc,1778672611.0,30.0,-0.28249534449585595,3.8097116107624998,-9.769646583614469,,,,,,,,,,
acc,1778672612.0,31.0,-0.28024773781000695,3.812470187608654,-9.768545144522886,,,,,,,,,,
acc,1778672612.0,31.0,-0.27770108802212257,3.8137838316190917,-9.76951251445507,,,,,,,,,,
acc,1778672612.0,31.0,-0.2754970474050929,3.8178897745416167,-9.767702351947255,,,,,,,,,,
acc,1778672612.0,31.0,-0.2743779387032624,3.8243721771509835,-9.76697354213002,,,,,,,,,,
acc,1778672612.0,31.0,-0.272559066862315,3.828381902319483,-9.76866512606359,,,,,,,,,,
acc,1778672612.0,31.0,-0.27008228508618004,3.833384590610704,-9.766507702117352,,,,,,,,,,
acc,1778672612.0,31.0,-0.2690123810752372,3.838341818784476,-9.767138624795827,,,,,,,,,,
acc,1778672612.0,31.0,-0.26898159947691225,3.834912298308897,-9.767089375918943,,,,,,,,,,
acc,1778672612.0,31.0,-0.2682766593211176,3.836022007768779,-9.767360041986903,,,,,,,,,,
acc,1778672612.0,31.0,-0.2689624959617013,3.836802165732456,-9.770503473370981,,,,,,,,,,
acc,1778672612.0,31.0,-0.26893216767627304,3.835800398164686,-9.770423647651702,,,,,,,,,,
acc,1778672612.0,31.0,-0.2689021149881511,3.8407356735625213,-9.772474345221754,,,,,,,,,,
acc,1778672612.0,31.0,-0.2699372298003892,3.841792465209506,-9.773760971739513,,,,,,,,,,
acc,1778672612.0,31.0,-0.2712824148824346,3.844933957187368,-9.775745848226062,,,,,,,,,,
acc,1778672612.0,31.0,-0.27332530871639565,3.8449231984053576,-9.775973346097956,,,,,,,,,,
acc,1778672612.0,31.0,-0.2743202293580837,3.8421083012137616,-9.778293080207469,,,,,,,,,,
acc,1778672612.0,31.0,-0.27562558551954214,3.8389995159670804,-9.78023677280023,,,,,,,,,,
acc,1778672612.0,31.0,-0.2783389449978115,3.836238448093583,-9.78219829715064,,,,,,,,,,
acc,1778672612.0,31.0,-0.28102764780483064,3.831763137742556,-9.78449695863258,,,,,,,,,,
acc,1778672612.0,31.0,-0.2836919179991669,3.826654056878915,-9.784999904819621,,,,,,,,,,
acc,1778672612.0,31.0,-0.2859770067427631,3.8208814703026714,-9.788586489895119,,,,,,,,,,
acc,1778672612.0,31.0,-0.2885963014308278,3.81274756905999,-9.786283532132183,,,,,,,,,,
acc,1778672612.0,31.0,-0.29083682336677186,3.8071013526536936,-9.788190108747813,,,,,,,,,,
acc,1778672612.0,31.0,-0.29199209096388545,3.8018614150540246,-9.789369427405163,,,,,,,,,,
acc,1778672612.0,31.0,-0.2938467931192548,3.797698493536472,-9.787023860621334,,,,,,,,,,
acc,1778672612.0,31.0,-0.2963945739747263,3.793928362833483,-9.788923709770028,,,,,,,,,,
acc,1778672612.0,31.0,-0.29749933752667806,3.790192491827397,-9.790060858646807,,,,,,,,,,
acc,1778672612.0,31.0,-0.29791962366599756,3.78858487273774,-9.787709008732065,,,,,,,,,,
acc,1778672612.0,31.0,-0.29972046151539083,3.7862819296701358,-9.789567137485605,,,,,,,,,,
acc,1778672612.0,31.0,-0.30114996404267047,3.787833549986985,-9.790343477672687,,,,,,,,,,
acc,1778672612.0,31.0,-0.30572568352031276,3.78486300510573,-9.792568122777508,,,,,,,,,,
acc,1778672612.0,31.0,-0.30852048103624025,3.780854550480319,-9.79580196136056,,,,,,,,,,
acc,1778672612.0,31.0,-0.31196432011634684,3.785259726315418,-9.799041907966975,,,,,,,,,,
acc,1778672612.0,31.0,-0.3143474645089348,3.7844068645792945,-9.799057711335779,,,,,,,,,,
acc,1778672612.0,31.0,-0.3146146493981215,3.782496858507775,-9.80432687258886,,,,,,,,,,
acc,1778672612.0,31.0,-0.31626377724952626,3.7879165105111863,-9.801845385440778,,,,,,,,,,
acc,1778672612.0,31.0,-0.3189628136564795,3.791902542482372,-9.807053720355444,,,,,,,,,,
acc,1778672612.0,31.0,-0.31883309645892266,3.797946656374208,-9.808416584549743,,,,,,,,,,
acc,1778672612.0,31.0,-0.3200889198403679,3.8049652466182704,-9.806288398846347,,,,,,,,,,
acc,1778672612.0,31.0,-0.3223982348763819,3.808796354376579,-9.811846824706816,,,,,,,,,,
acc,1778672612.0,31.0,-0.3222372995330897,3.810853315649548,-9.808267602670696,,,,,,,,,,
acc,1778672612.0,31.0,-0.321722855770852,3.809767881442516,-9.809938912649883,,,,,,,,,,
acc,1778672612.0,31.0,-0.3215680576905018,3.810076681633706,-9.809181255162356,,,,,,,,,,
acc,1778672612.0,31.0,-0.3217696280550613,3.8135063793046706,-9.80942439738751,,,,,,,,,,
acc,1778672612.0,31.0,-0.32264380499605155,3.8217679471117534,-9.810020291919214,,,,,,,,,,
acc,1778672612.0,31.0,-0.3224806381232631,3.82683073732479,-9.808906933153624,,,,,,,,,,
acc,1778672612.0,31.0,-0.32196398310974506,3.8287238176762983,-9.810607927808583,,,,,,,,,,
acc,1778672612.0,31.0,-0.3218069938720594,3.831984066254048,-9.810163667388831,,,,,,,,,,
acc,1778672612.0,31.0,-0.3209414894960499,3.8303516522328094,-9.809439470971093,,,,,,,,,,
acc,1778672612.0,31.0,-0.3200838500774984,3.8269947395010533,-9.807621457571438,,,,,,,,,,
acc,1778672612.0,31.0,-0.31855957495949827,3.821928989728914,-9.80475507030247,,,,,,,,,,
acc,1778672612.0,31.0,-0.31704915113941146,3.8155249113016216,-9.802660157283285,,,,,,,,,,
acc,1778672612.0,31.0,-0.315197481888013,3.815426434796215,-9.799519377532624,,,,,,,,,,
acc,1778672612.0,31.0,-0.3147470099182068,3.8146189114392284,-9.79782700374811,,,,,,,,,,
acc,1778672612.0,31.0,-0.3146556023098004,3.815593562286786,-9.795795047023804,,,,,,,,,,
acc,1778672612.0,31.0,-0.3131806544268182,3.8189731273034973,-9.794455993244176,,,,,,,,,,
acc,1778672612.0,31.0,-0.3113641387377983,3.8191982781578453,-9.79277413677008,,,,,,,,,,
acc,1778672612.0,31.0,-0.3099191008375798,3.8190664212619376,-9.791143057917296,,,,,,,,,,
acc,1778672612.0,31.0,-0.30951659424329275,3.8189357625678015,-9.79023673353668,,,,,,,,,,
acc,1778672612.0,31.0,-0.308088345234331,3.8184513203266395,-9.78791877978251,,,,,,,,,,
acc,1778672612.0,31.0,-0.30702803669424095,3.819710612960375,-9.787680698775516,,,,,,,,,,
acc,1778672612.0,31.0,-0.30736173423197705,3.820638994815005,-9.785031010287788,,,,,,,,,,
acc,1778672612.0,31.0,-0.3069824667802237,3.8243276730649343,-9.785138638253402,,,,,,,,,,
acc,1778672612.0,31.0,-0.30593220750994254,3.826243499106082,-9.783186479006675,,,,,,,,,,
acc,1778672612.0,31.0,-0.3048914920902872,3.827112515724627,-9.782352457154364,,,,,,,,,,
acc,1778672612.0,31.0,-0.3041797012084923,3.8276186646089094,-9.782839396361751,,,,,,,,,,
acc,1778672612.0,31.0,-0.30279994928150966,3.8281202140485755,-9.782008528497233,,,,,,,,,,
acc,1778672612.0,31.0,-0.3014327353503005,3.827552311431968,-9.780475278209414,,,,,,,,,,
acc,1778672612.0,31.0,-0.30146231638847215,3.8284094346926643,-9.778210533784188,,,,,,,,,,
acc,1778672612.0,31.0,-0.30113665775910287,3.829578236569771,-9.78019047084758,,,,,,,,,,
acc,1778672612.0,31.0,-0.3001395201604541,3.830061979109166,-9.778673741499999,,,,,,,,,,
acc,1778672612.0,31.0,-0.29915144368848534,3.8315707349481527,-9.777525765741448,,,,,,,,,,
acc,1778672612.0,31.0,-0.2988467842775834,3.8292321442914043,-9.779476431026431,,,,,,,,,,
acc,1778672612.0,31.0,-0.2981899224881313,3.8279796991374577,-9.777966190257038,,,,,,,,,,
acc,1778672612.0,31.0,-0.2982489714133664,3.8274130733991987,-9.778492988075778,,,,,,,,,,
acc,1778672612.0,31.0,-0.29727807461822,3.8237278930774177,-9.77901499881019,,,,,,,,,,
acc,1778672612.0,31.0,-0.29631600049595835,3.8218155331782637,-9.776444056731448,,,,,,,,,,
acc,1778672612.0,31.0,-0.2963920780084041,3.8202755220174476,-9.77773011338108,,,,,,,,,,
acc,1778672612.0,31.0,-0.2968224259674528,3.818749505150133,-9.777300645135208,,,,,,,,,,
acc,1778672612.0,31.0,-0.29653893066132325,3.8189766880897844,-9.774745281624403,,,,,,,,,,
acc,1778672612.0,31.0,-0.29590304065550893,3.8188468448133412,-9.774307433508707,,,,,,,,,,
acc,1778672612.0,31.0,-0.2956278999303225,3.818718181440633,-9.7710338336431,,,,,,,,,,
acc,1778672612.0,31.0,-0.29468082117270417,3.8175612781150448,-9.770913685019936,,,,,,,,,,
acc,1778672612.0,31.0,-0.293387386876748,3.8129362223662255,-9.769800731603382,,,,,,,,,,
acc,1778672612.0,31.0,-0.29278013538331993,3.8079982242753636,-9.768697891747795,,,,,,,,,,
acc,1778672612.0,31.0,-0.2935982673358581,3.8041344985007197,-9.77037380627892,,,,,,,,,,
acc,1778672612.0,31.0,-0.29472844131133147,3.803110119110403,-9.769975682361707,,,,,,,,,,
acc,1778672612.0,31.0,-0.296203307013683,3.8013851157626704,-9.77305985070157,,,,,,,,,,
acc,1778672612.0,31.0,-0.2966353703607574,3.8010601586660195,-9.770543023873806,,,,,,,,,,
acc,1778672612.0,31.0,-0.29706350748869514,3.8059561616310065,-9.770817800527096,,,,,,,,,,
acc,1778672612.0,31.0,-0.2995820576177007,3.8111626357162316,-9.767966376657458,,,,,,,,,,
acc,1778672612.0,31.0,-0.30101281784025896,3.812168694217266,-9.77003940378744,,,,,,,,,,
acc,1778672612.0,31.0,-0.30140117650010895,3.8141950105736804,-9.768259956810756,,,,,,,,,,
acc,1778672612.0,31.0,-0.30246044436542674,3.814463580832772,-9.766106214693316,,,,,,,,,,
acc,1778672612.0,31.0,-0.30422001915178376,3.812280445241387,-9.768196145371238,,,,,,,,,,
acc,1778672612.0,31.0,-0.30525367180572793,3.8101171481037723,-9.76781781015859,,,,,,,,,,
acc,1778672612.0,31.0,-0.3069878641496647,3.8107777362341477,-9.76673298938325,,,,,,,,,,
acc,1778672612.0,31.0,-0.3069669649674102,3.812816692417311,-9.770485568434953,,,,,,,,,,
acc,1778672612.0,31.0,-0.3065912848383297,3.8204100983171645,-9.768702067098673,,,,,,,,,,
acc,1778672612.0,31.0,-0.3076033894744207,3.827934501891878,-9.768638611006272,,,,,,,,,,
acc,1778672612.0,31.0,-0.3051276225260892,3.8343256266805,-9.771379958637104,,,,,,,,,,
acc,1778672612.0,31.0,-0.303384285846977,3.846231643343197,-9.770298262487893,,,,,,,,,,
acc,1778672612.0,31.0,-0.3023667237423609,3.8541958321691916,-9.772350099450197,,,,,,,,,,
acc,1778672612.0,31.0,-0.30135840836472333,3.860703278406432,-9.772253493185428,,,,,,,,,,
acc,1778672612.0,31.0,-0.3020985883693199,3.860549221630827,-9.77318716484262,,,,,,,,,,
acc,1778672612.0,31.0,-0.301412176988263,3.8575923286142384,-9.774467313870316,,,,,,,,,,
acc,1778672612.0,31.0,-0.30073200312195514,3.856756608833811,-9.774351468186538,,,,,,,,,,
acc,1778672612.0,31.0,-0.3011229135838228,3.8587327195302397,-9.77565654047646,,,,,,,,,,
acc,1778672612.0,31.0,-0.3004453682939071,3.85788663686051,-9.77730471516819,,,,,,,,,,
acc,1778672612.0,31.0,-0.29909955076439415,3.8587875753420553,-9.775068782085954,,,,,,,,,,
acc,1778672612.0,31.0,-0.29776596286411156,3.8569115941424803,-9.778461639587798,,,,,,,,,,
acc,1778672612.0,31.0,-0.296089522600161,3.8522484240662984,-9.780758762231692,,,,,,,,,,
acc,1778672612.0,31.0,-0.29545771642728885,3.847982590632224,-9.778881906968603,,,,,,,,,,
acc,1778672612.0,31.0,-0.29483165156411895,3.8406318178243968,-9.782240114079512,,,,,,,,,,
acc,1778672612.0,31.0,-0.29421127583857937,3.834057784222535,-9.783083035937327,,,,,,,,,,
acc,1778672612.0,31.0,-0.29359653755269305,3.829602289864415,-9.783243859774046,,,,,,,,,,
acc,1778672612.0,31.0,-0.2929873854782694,3.825187283197117,-9.784077660456505,,,,,,,,,,
acc,1778672612.0,31.0,-0.29309371057378214,3.8222322615714366,-9.784939378637251,,,,,,,,,,
acc,1778672612.0,31.0,-0.2931990694785094,3.8185941600002113,-9.786467704540309,,,,,,,,,,
acc,1778672612.0,31.0,-0.2908541965696762,3.8163734892670877,-9.78801763669533,,,,,,,,,,
acc,1778672612.0,31.0,-0.28959553533847254,3.8176516634378106,-9.789163019182917,,,,,,,,,,
acc,1778672612.0,31.0,-0.28834831173521375,3.8189182226638203,-9.79100793514325,,,,,,,,,,
acc,1778672612.0,31.0,-0.28640248919059075,3.8236519469419306,-9.792516609597522,,,,,,,,,,
acc,1778672612.0,31.0,-0.28553924301084466,3.8294075496230637,-9.792946680111816,,,,,,,,,,
acc,1778672612.0,31.0,-0.28397390863400734,3.8316321849869244,-9.794082775150128,,,,,,,,,,
acc,1778672612.0,31.0,-0.28242279866622283,3.8306773977461748,-9.790984444892233,,,,,,,,,,
acc,1778672612.0,31.0,-0.28227015475642875,3.8294118193750513,-9.792102867585161,,,,,,,,,,
acc,1778672613.0,32.0,-0.28176392708229114,3.829542112396977,-9.790797365148562,,,,,,,,,,
acc,1778672613.0,32.0,-0.2809428321552242,3.8268669852521504,-9.789539220352308,,,,,,,,,,
acc,1778672613.0,32.0,-0.27941926599682804,3.8273753653056493,-9.78864747026452,,,,,,,,,,
acc,1778672613.0,32.0,-0.2782645155545049,3.828908534774256,-9.7887577293202,,,,,,,,,,
acc,1778672613.0,32.0,-0.27814965853600626,3.830427772120761,-9.789576919070663,,,,,,,,,,
acc,1778672613.0,32.0,-0.2797751779205894,3.83541186931135,-9.7899982085977,,,,,,,,,,
acc,1778672613.0,32.0,-0.2831252677553408,3.8396762461374268,-9.792900429484247,,,,,,,,,,
acc,1778672613.0,32.0,-0.28679987663584067,3.8435469011234416,-9.794746877442389,,,,,,,,,,
acc,1778672613.0,32.0,-0.29115102647340235,3.8477373537951234,-9.795476148619153,,,,,,,,,,
acc,1778672613.0,32.0,-0.29546263681317014,3.853629059927825,-9.795879325394784,,,,,,,,,,
acc,1778672613.0,32.0,-0.2990251343219969,3.8587572946815123,-9.795923867586957,,,,,,,,,,
acc,1778672613.0,32.0,-0.30010599360980456,3.860360254009544,-9.79110496874692,,,,,,,,,,
acc,1778672613.0,32.0,-0.30085755447975576,3.8598543525704376,-9.790163496127926,,,,,,,,,,
acc,1778672613.0,32.0,-0.30192176231323753,3.857968677419277,-9.786745810037676,,,,,,,,,,
acc,1778672613.0,32.0,-0.30613549749313346,3.857484508566003,-9.785879444054112,,,,,,,,,,
acc,1778672613.0,32.0,-0.31169531278925544,3.8566497685612027,-9.784985456497637,,,,,,,,,,
acc,1778672613.0,32.0,-0.3161752052305815,3.854438243045681,-9.785483963637304,,,,,,,,,,
acc,1778672613.0,32.0,-0.3195494847777614,3.8522468139670796,-9.785622969913367,,,,,,,,,,
acc,1778672613.0,32.0,-0.3236030344160149,3.8514596696144103,-9.78402138033872,,,,,,,,,,
acc,1778672613.0,32.0,-0.32761974889046974,3.8496502781033475,-9.783499239036546,,,,,,,,,,
acc,1778672613.0,32.0,-0.329860630245795,3.848886728829655,-9.783017345951345,,,,,,,,,,
acc,1778672613.0,32.0,-0.33243611017707625,3.8519637542570124,-9.78179440490105,,,,,,,,,,
acc,1778672613.0,32.0,-0.3353076628681962,3.8539834182830295,-9.783706280474133,,,,,,,,,,
acc,1778672613.0,32.0,-0.3371237122298891,3.8570141293914317,-9.782867535114303,,,,,,,,,,
acc,1778672613.0,32.0,-0.3392782297615078,3.860372261784052,-9.782355878962585,,,,,,,,,,
acc,1778672613.0,32.0,-0.3414131688956066,3.8591563095074983,-9.781174443113827,,,,,,,,,,
acc,1778672613.0,32.0,-0.34388366931721553,3.852413941298606,-9.779968248775411,,,,,,,,,,
acc,1778672613.0,32.0,-0.3463317199612676,3.849530974694749,-9.780831815386117,,,,,,,,,,
acc,1778672613.0,32.0,-0.34875752483198313,3.849833403955005,-9.78204249642154,,,,,,,,,,
acc,1778672613.0,32.0,-0.34974142081175036,3.8511624941335896,-9.783597146692237,,,,,,,,,,
acc,1778672613.0,32.0,-0.35071637599325195,3.856313142910333,-9.784427737007817,,,,,,,,,,
acc,1778672613.0,32.0,-0.35100803334866015,3.8603875869847903,-9.78528627399473,,,,,,,,,,
acc,1778672613.0,32.0,-0.3498771751054965,3.858142095398499,-9.783368276608744,,,,,,,,,,
acc,1778672613.0,32.0,-0.3466977930318683,3.8548876088559623,-9.784555908471727,,,,,,,,,,
acc,1778672613.0,32.0,-0.3452866351225299,3.853402028962367,-9.782254082797342,,,,,,,,,,
acc,1778672613.0,32.0,-0.34491770973411773,3.853314319645954,-9.783132372079411,,,,,,,,,,
acc,1778672613.0,32.0,-0.34419716596094346,3.852517474722169,-9.783292747591812,,,,,,,,,,
acc,1778672613.0,32.0,-0.34245376982073766,3.8527927652453884,-9.783451665749846,,,,,,,,,,
acc,1778672613.0,32.0,-0.34140064534830533,3.8544499250738133,-9.784283578070784,,,,,,,,,,
acc,1778672613.0,32.0,-0.3403570907629853,3.8571214351973273,-9.784078530642367,,,,,,,,,,
acc,1778672613.0,32.0,-0.3382936190543672,3.855615556216136,-9.783555870007513,,,,,,,,,,
acc,1778672613.0,32.0,-0.336248898397337,3.8506446960015555,-9.78019822832579,,,,,,,,,,
acc,1778672613.0,32.0,-0.33351282576449776,3.8425598087287534,-9.77793600149101,,,,,,,,,,
acc,1778672613.0,32.0,-0.3301271870135172,3.8331640190319107,-9.774025987861316,,,,,,,,,,
acc,1778672613.0,32.0,-0.3264173431675478,3.827687246393635,-9.77150038161213,,,,,,,,,,
acc,1778672613.0,32.0,-0.3234511438175178,3.8260938781662057,-9.767258393213208,,,,,,,,,,
acc,1778672613.0,32.0,-0.3208313661429922,3.826254321776828,-9.765504217662599,,,,,,,,,,
acc,1778672613.0,32.0,-0.3193002982435605,3.824319003872154,-9.763375517326306,,,,,,,,,,
acc,1778672613.0,32.0,-0.3163987724608809,3.8199520071522572,-9.760556228149115,,,,,,,,,,
acc,1778672613.0,32.0,-0.31245870974799095,3.8132109229773263,-9.754638854651297,,,,,,,,,,
acc,1778672613.0,32.0,-0.30681511824604285,3.801632556244414,-9.749520680135292,,,,,,,,,,
acc,1778672613.0,32.0,-0.3005483816503269,3.7936735725346504,-9.744058559042614,,,,,,,,,,
acc,1778672613.0,32.0,-0.2963973918481384,3.789585055069663,-9.73797163472243,,,,,,,,,,
acc,1778672613.0,32.0,-0.2937039879299549,3.7897222976101514,-9.736128621118889,,,,,,,,,,
acc,1778672613.0,32.0,-0.2913545267576184,3.7915976256903114,-9.734266860873857,,,,,,,,,,
acc,1778672613.0,32.0,-0.28938138632308497,3.7938108741793815,-9.734835789656197,,,,,,,,,,
acc,1778672613.0,32.0,-0.2874261760874118,3.801222017706382,-9.7333762427692,,,,,,,,,,
acc,1778672613.0,32.0,-0.28619866575042135,3.805797082422459,-9.733633797307387,,,,,,,,,,
acc,1778672613.0,32.0,-0.28498230996891016,3.809265669400823,-9.734243973185453,,,,,,,,,,
acc,1778672613.0,32.0,-0.2827121038853143,3.812028298577544,-9.733109271629747,,,,,,,,,,
acc,1778672613.0,32.0,-0.2776937947479768,3.809867292731388,-9.732020375623259,,,,,,,,,,
acc,1778672613.0,32.0,-0.27201115504285944,3.802862878884646,-9.727072243981176,,,,,,,,,,
acc,1778672613.0,32.0,-0.26744504867477337,3.795567153337709,-9.724973312868878,,,,,,,,,,
acc,1778672613.0,32.0,-0.2650147386861872,3.7925263321377707,-9.723212922446171,,,,,,,,,,
acc,1778672613.0,32.0,-0.26292598067267775,3.791252475980381,-9.722923888561603,,,,,,,,,,
acc,1778672613.0,32.0,-0.2619211069854731,3.7910195955768513,-9.72540622298395,,,,,,,,,,
acc,1778672613.0,32.0,-0.2612803264972861,3.7935930675657388,-9.726410640463614,,,,,,,,,,
acc,1778672613.0,32.0,-0.260290407096205,3.794403812291582,-9.730245661199351,,,,,,,,,,
acc,1778672613.0,32.0,-0.2582445797344665,3.794852227895014,-9.73227099644493,,,,,,,,,,
acc,1778672613.0,32.0,-0.2576372083557235,3.796325968731632,-9.732538594508675,,,,,,,,,,
acc,1778672613.0,32.0,-0.2570353562443435,3.7956920139402013,-9.73766679714314,,,,,,,,,,
acc,1778672613.0,32.0,-0.2567584406595034,3.7947443525697455,-9.739305228090874,,,,,,,,,,
acc,1778672613.0,32.0,-0.2571939831658647,3.792385437460653,-9.742703597432403,,,,,,,,,,
acc,1778672613.0,32.0,-0.2576255678374899,3.7907578907720243,-9.74642605618429,,,,,,,,,,
acc,1778672613.0,32.0,-0.2576982597791949,3.7908844755929683,-9.748304357952353,,,,,,,,,,
acc,1778672613.0,32.0,-0.25848022379322366,3.7917198336670825,-9.74945565869957,,,,,,,,,,
acc,1778672613.0,32.0,-0.2568058166770226,3.79009833541179,-9.7523713244598,,,,,,,,,,
acc,1778672613.0,32.0,-0.2555015869023135,3.7881366101610126,-9.752136791574094,,,,,,,,,,
acc,1778672613.0,32.0,-0.2542092088431796,3.789671376740823,-9.752188362974623,,,,,,,,,,
acc,1778672613.0,32.0,-0.25257361302801373,3.79261206195338,-9.75507919627477,,,,,,,,,,
acc,1778672613.0,32.0,-0.2505979092366936,3.795171062980997,-9.755459000499142,,,,,,,,,,
acc,1778672613.0,32.0,-0.2493500915718187,3.796322439105761,-9.758000645652166,,,,,,,,,,
acc,1778672613.0,32.0,-0.24775865122447255,3.796398458109673,-9.761193632799753,,,,,,,,,,
acc,1778672613.0,32.0,-0.24792100519626556,3.798923051633973,-9.764357604833407,,,,,,,,,,
acc,1778672613.0,32.0,-0.24808188383515828,3.799685362060568,-9.76681838714337,,,,,,,,,,
acc,1778672613.0,32.0,-0.24582752959207402,3.801115183541427,-9.768866351852246,,,,,,,,,,
acc,1778672613.0,32.0,-0.2446230610239841,3.802532012037582,-9.770185764702628,,,,,,,,,,
acc,1778672613.0,32.0,-0.24481390853574775,3.80535583088609,-9.77152869131379,,,,,,,,,,
acc,1778672613.0,32.0,-0.24535799265046263,3.8084734658044965,-9.773178881979414,,,,,,,,,,
acc,1778672613.0,32.0,-0.24660705614476947,3.8119177321184887,-9.775169047995776,,,,,,,,,,
acc,1778672613.0,32.0,-0.24784476922708837,3.8163956034047395,-9.776821652598814,,,,,,,,,,
acc,1778672613.0,32.0,-0.24836131149330512,3.819412918389923,-9.779524143250818,,,,,,,,,,
acc,1778672613.0,32.0,-0.24958308341568405,3.8227577763917413,-9.781456649004166,,,,,,,,,,
acc,1778672613.0,32.0,-0.25079375292834766,3.8229485356186204,-9.784436488219043,,,,,,,,,,
acc,1778672613.0,32.0,-0.2512834973735508,3.8252318649322445,-9.788738116685654,,,,,,,,,,
acc,1778672613.0,32.0,-0.25176879144353514,3.8257551035492714,-9.789557484658829,,,,,,,,,,
acc,1778672613.0,32.0,-0.2532790756270014,3.825918625651492,-9.794203043146041,,,,,,,,,,
acc,1778672613.0,32.0,-0.25548556828411206,3.8260806618058503,-9.794937256219951,,,,,,,,,,
acc,1778672613.0,32.0,-0.25838194287258853,3.825176322020777,-9.797830089660488,,,,,,,,,,
acc,1778672613.0,32.0,-0.26192643598039717,3.8211564965062332,-9.800306170304674,,,,,,,,,,
acc,1778672613.0,32.0,-0.26543871979120415,3.8199774358758507,-9.8009849234216,,,,,,,,,,
acc,1778672613.0,32.0,-0.26859961049466985,3.818454127758356,-9.804461744791597,,,,,,,,,,
acc,1778672613.0,32.0,-0.2717317777490101,3.8165896912909343,-9.805457697404309,,,,,,,,,,
acc,1778672613.0,32.0,-0.2758648826156911,3.81928576607211,-9.808574406647637,,,,,,,,,,
acc,1778672613.0,32.0,-0.2806703711104032,3.819863037708348,-9.80956849038274,,,,,,,,,,
acc,1778672613.0,32.0,-0.2843672879747925,3.821109501871821,-9.81296731169767,,,,,,,,,,
acc,1778672613.0,32.0,-0.2873561721724202,3.818191535606616,-9.812856573005032,,,,,,,,,,
acc,1778672613.0,32.0,-0.2899629341942934,3.8149451235292764,-9.815941542006753,,,,,,,,,,
acc,1778672613.0,32.0,-0.29393037003164674,3.812402641232519,-9.814419414252734,,,,,,,,,,
acc,1778672613.0,32.0,-0.29889116236783536,3.81059319545654,-9.816034821872876,,,,,,,,,,
acc,1778672613.0,32.0,-0.3031324370267952,3.8119238959531545,-9.817671044421424,,,,,,,,,,
acc,1778672613.0,32.0,-0.30698019977826735,3.812923036777579,-9.818227494895757,,,,,,,,,,
acc,1778672613.0,32.0,-0.31079299737972105,3.814942498319263,-9.8201632597361,,,,,,,,,,
acc,1778672613.0,32.0,-0.3145711475642897,3.8172985795963803,-9.819951636112728,,,,,,,,,,
acc,1778672613.0,32.0,-0.31831496517782204,3.821372583520001,-9.82297213129889,,,,,,,,,,
acc,1778672613.0,32.0,-0.3213148386582481,3.825054595548342,-9.822734983072802,,,,,,,,,,
acc,1778672613.0,32.0,-0.3239679753745718,3.8262538833107658,-9.824274825973895,,,,,,,,,,
acc,1778672613.0,32.0,-0.327626402719705,3.831985841837789,-9.825800676110486,,,,,,,,,,
acc,1778672613.0,32.0,-0.3316065562923048,3.835216447952752,-9.826638222362659,,,,,,,,,,
acc,1778672613.0,32.0,-0.33381120897972516,3.836678364423508,-9.827823119490132,,,,,,,,,,
acc,1778672613.0,32.0,-0.33493092418997844,3.8381269962579654,-9.825518583931155,,,,,,,,,,
acc,1778672613.0,32.0,-0.3356855026204787,3.8388880259013516,-9.82948239718345,,,,,,,,,,
acc,1778672613.0,32.0,-0.33540382404533564,3.8399616073770826,-9.824003576502871,,,,,,,,,,
acc,1778672613.0,32.0,-0.3361541051697247,3.8455690019277515,-9.825886853294197,,,,,,,,,,
acc,1778672613.0,32.0,-0.33622313011211846,3.8514804121724877,-9.82597818944851,,,,,,,,,,
acc,1778672613.0,32.0,-0.3362915278153549,3.8566281719842292,-9.822590021168397,,,,,,,,,,
acc,1778672613.0,32.0,-0.3373887040267709,3.8655627896172837,-9.824486143131713,,,,,,,,,,
acc,1778672613.0,32.0,-0.3367365773653187,3.866074506428085,-9.823631796404475,,,,,,,,,,
acc,1778672613.0,32.0,-0.3357354058080737,3.865516678790311,-9.823069186297207,,,,,,,,,,
acc,1778672614.0,33.0,-0.33580823552922806,3.8653188819825384,-9.8228666504789,,,,,,,,,,
acc,1778672614.0,33.0,-0.3362353652101121,3.8630285790394874,-9.822985431632123,,,,,,,,,,
acc,1778672614.0,33.0,-0.3369780900054209,3.860049155760681,-9.822783656903992,,,,,,,,,,
acc,1778672614.0,33.0,-0.3363296946501285,3.8536181415484467,-9.822228753957168,,,,,,,,,,
acc,1778672614.0,33.0,-0.3356871913527237,3.843411930624361,-9.818519686453147,,,,,,,,,,
acc,1778672614.0,33.0,-0.3350505265712649,3.838551966436159,-9.81523478897682,,,,,,,,,,
acc,1778672614.0,33.0,-0.3330352763422521,3.834055632825346,-9.812299218316898,,,,,,,,,,
acc,1778672614.0,33.0,-0.33139330983017445,3.831694461559379,-9.808041447043651,,,,,,,,,,
acc,1778672614.0,33.0,-0.33012122586735154,3.8321589736708566,-9.808685402995499,,,,,,,,,,
acc,1778672614.0,33.0,-0.3285057397332487,3.8332937029708996,-9.802685643918302,,,,,,,,,,
acc,1778672614.0,33.0,-0.3261950011101148,3.8309394554664493,-9.802277870936228,,,,,,,,,,
acc,1778672614.0,33.0,-0.3232308222129806,3.829990963154252,-9.798146659386637,,,,,,,,,,
acc,1778672614.0,33.0,-0.32061304663121704,3.827666728101353,-9.795756827046949,,,,,,,,,,
acc,1778672614.0,33.0,-0.3173446299497177,3.823624271923788,-9.794418120577514,,,,,,,,,,
acc,1778672614.0,33.0,-0.3144608755941497,3.823097224552429,-9.787518601125806,,,,,,,,,,
acc,1778672614.0,33.0,-0.3119227937250674,3.8222199956725422,-9.785899785689274,,,,,,,,,,
acc,1778672614.0,33.0,-0.3090883083419427,3.825539345376516,-9.780852509648392,,,,,,,,,,
acc,1778672614.0,33.0,-0.3062795803178464,3.828154093418511,-9.777164472001113,,,,,,,,,,
acc,1778672614.0,33.0,-0.30349637559211,3.8293252156169406,-9.775320278548339,,,,,,,,,,
acc,1778672614.0,33.0,-0.30141290050509906,3.8280719247110415,-9.770014169085233,,,,,,,,,,
acc,1778672614.0,33.0,-0.29970332001656574,3.8268300226322016,-9.768944884053772,,,,,,,,,,
acc,1778672614.0,33.0,-0.2972993420873583,3.8241795406205634,-9.765365052640133,,,,,,,,,,
acc,1778672614.0,33.0,-0.295627142070667,3.825067312714105,-9.763983043909489,,,,,,,,,,
acc,1778672614.0,33.0,-0.2949995376133432,3.8290707210900115,-9.762613593682504,,,,,,,,,,
acc,1778672614.0,33.0,-0.2940581688706343,3.831972855535231,-9.758452360749345,,,,,,,,,,
acc,1778672614.0,33.0,-0.29277039270189575,3.835913512292523,-9.754364435872832,,,,,,,,,,
acc,1778672614.0,33.0,-0.29149431873254905,3.839108427125164,-9.753792323895714,,,,,,,,,,
acc,1778672614.0,33.0,-0.29022984062309676,3.8415998710526393,-9.752160516371477,,,,,,,,,,
acc,1778672614.0,33.0,-0.29036122390846464,3.8419743713439254,-9.750898499080373,,,,,,,,,,
acc,1778672614.0,33.0,-0.2904914132958249,3.8402511740445173,-9.752771653503832,,,,,,,,,,
acc,1778672614.0,33.0,-0.29097538140772866,3.8385436356762797,-9.749693752236936,,,,,,,,,,
acc,1778672614.0,33.0,-0.29248435168227804,3.8396203466734136,-9.751542360000958,,,,,,,,,,
acc,1778672614.0,33.0,-0.2918853061940239,3.839657873401909,-9.749540532987998,,,,,,,,,,
acc,1778672614.0,33.0,-0.2920016460357658,3.837955726438317,-9.748302323846712,,,,,,,,,,
acc,1778672614.0,33.0,-0.2928268522282151,3.838008379800132,-9.74739484298307,,,,,,,,,,
acc,1778672614.0,33.0,-0.2919052269768129,3.840154858235708,-9.746886064656362,,,,,,,,,,
acc,1778672614.0,33.0,-0.2906370148875566,3.8429562696002293,-9.744962044400358,,,,,,,,,,
acc,1778672614.0,33.0,-0.29147462167118027,3.845057785879791,-9.742700546207951,,,,,,,,,,
acc,1778672614.0,33.0,-0.28914541905705515,3.8454008636228347,-9.747381434927295,,,,,,,,,,
acc,1778672614.0,33.0,-0.2858079821803231,3.8509588309029295,-9.745062457040067,,,,,,,,,,
acc,1778672614.0,33.0,-0.2856245766417448,3.853662065079951,-9.743119513797694,,,,,,,,,,
acc,1778672614.0,33.0,-0.28508786687398,3.8563407345957295,-9.74609275697923,,,,,,,,,,
acc,1778672614.0,33.0,-0.2835266342142598,3.8649229933513443,-9.746554222215053,,,,,,,,,,
acc,1778672614.0,33.0,-0.2823345595512973,3.869948598576664,-9.746408053585604,,,,,,,,,,
acc,1778672614.0,33.0,-0.2807983465743909,3.87180483184556,-9.747257118898233,,,,,,,,,,
acc,1778672614.0,33.0,-0.2810154351450405,3.875383529948647,-9.745294232461317,,,,,,,,,,
acc,1778672614.0,33.0,-0.2812305510019522,3.8716174063425077,-9.749241628449616,,,,,,,,,,
acc,1778672614.0,33.0,-0.27867497025524424,3.8675305351596574,-9.749674479456738,,,,,,,,,,
acc,1778672614.0,33.0,-0.27820141251778086,3.866959476388282,-9.750848824081073,,,,,,,,,,
acc,1778672614.0,33.0,-0.2801814324673776,3.86536419777194,-9.756556066131738,,,,,,,,,,
acc,1778672614.0,33.0,-0.28214345970301324,3.8676170518957265,-9.753798746246694,,,,,,,,,,
acc,1778672614.0,33.0,-0.28373268686638425,3.871233804931939,-9.757668860547023,,,,,,,,,,
acc,1778672614.0,33.0,-0.28356813982212364,3.873078359353692,-9.755256399406452,,,,,,,,,,
acc,1778672614.0,33.0,-0.28446998244695926,3.8741962194213824,-9.755279622500991,,,,,,,,,,
acc,1778672614.0,33.0,-0.2871029716723403,3.8735645886591543,-9.757077470692662,,,,,,,,,,
acc,1778672614.0,33.0,-0.2890021019280185,3.870844394070537,-9.756445210634595,,,,,,,,,,
acc,1778672614.0,33.0,-0.2908839745255241,3.8653801764485562,-9.757877496105804,,,,,,,,,,
acc,1778672614.0,33.0,-0.29239377542700024,3.8634442873748247,-9.760006707922836,,,,,,,,,,
acc,1778672614.0,33.0,-0.29321541828566916,3.8632653226732447,-9.763855903980398,,,,,,,,,,
acc,1778672614.0,33.0,-0.2954139656706301,3.8655372495641003,-9.76380098219259,,,,,,,,,,
acc,1778672614.0,33.0,-0.29759253455273027,3.868462969416512,-9.765521395615222,,,,,,,,,,
acc,1778672614.0,33.0,-0.2983669355712749,3.87274647375781,-9.765841804496054,,,,,,,,,,
acc,1778672614.0,33.0,-0.29980873777521,3.8749322441230603,-9.764100501682204,,,,,,,,,,
acc,1778672614.0,33.0,-0.3008824763505241,3.8711702214133674,-9.766528125963994,,,,,,,,,,
acc,1778672614.0,33.0,-0.3026563903495429,3.866732443000979,-9.762721777270253,,,,,,,,,,
acc,1778672614.0,33.0,-0.3061535172292946,3.8665235983763946,-9.765161930210645,,,,,,,,,,
acc,1778672614.0,33.0,-0.307879532553945,3.861098644419926,-9.765485605603113,,,,,,,,,,
acc,1778672614.0,33.0,-0.30887993070563274,3.858136758722789,-9.764067007031176,,,,,,,,,,
acc,1778672614.0,33.0,-0.31129110336956356,3.855911720722888,-9.766530430043389,,,,,,,,,,
acc,1778672614.0,33.0,-0.3136803653754418,3.8571855763999254,-9.765492802228364,,,,,,,,,,
acc,1778672614.0,33.0,-0.31569294496786143,3.8626364543720793,-9.764429109120275,,,,,,,,,,
acc,1778672614.0,33.0,-0.3173322741989262,3.865588534149885,-9.766498785527586,,,,,,,,,,
acc,1778672614.0,33.0,-0.3196666392535163,3.8702531206537403,-9.766455350958248,,,,,,,,,,
acc,1778672614.0,33.0,-0.32233475338481304,3.8776795555937693,-9.767796672905787,,,,,,,,,,
acc,1778672614.0,33.0,-0.323558756727541,3.885038505496764,-9.769835747797213,,,,,,,,,,
acc,1778672614.0,33.0,-0.3230323047017924,3.889171385658996,-9.768413113243994,,,,,,,,,,
acc,1778672614.0,33.0,-0.32286560747867554,3.89259227149594,-9.771192013451099,,,,,,,,,,
acc,1778672614.0,33.0,-0.32372982510371023,3.894917176864731,-9.771425398286809,,,,,,,,,,
acc,1778672614.0,33.0,-0.32565108387161457,3.894807175455493,-9.774496392858412,,,,,,,,,,
acc,1778672614.0,33.0,-0.32475064772038903,3.890154604786553,-9.775054721203958,,,,,,,,,,
acc,1778672614.0,33.0,-0.32318396476951844,3.884514912620484,-9.777382802984391,,,,,,,,,,
acc,1778672614.0,33.0,-0.32230594766933374,3.881695210930003,-9.777240463849527,,,,,,,,,,
acc,1778672614.0,33.0,-0.32214585095260134,3.8813503975726453,-9.777809350803992,,,,,,,,,,
acc,1778672614.0,33.0,-0.32127726733563516,3.8785594522662064,-9.779437962611802,,,,,,,,,,
acc,1778672614.0,33.0,-0.31974214747065854,3.8782431339796686,-9.778992974904773,,,,,,,,,,
acc,1778672614.0,33.0,-0.3178660065907312,3.880023993663073,-9.779155471329442,,,,,,,,,,
acc,1778672614.0,33.0,-0.3173912853694547,3.8824631087033756,-9.777967623665674,,,,,,,,,,
acc,1778672614.0,33.0,-0.31589147795776396,3.8834956882613016,-9.777535997131137,,,,,,,,,,
acc,1778672614.0,33.0,-0.3123109959604593,3.8841639137660096,-9.778776627720928,,,,,,,,,,
acc,1778672614.0,33.0,-0.30876305029615136,3.883796666966003,-9.773794080797472,,,,,,,,,,
acc,1778672614.0,33.0,-0.3056023161632747,3.8820483864801423,-9.773684352875343,,,,,,,,,,
acc,1778672614.0,33.0,-0.3017603623355985,3.882729763815451,-9.772546222018423,,,,,,,,,,
acc,1778672614.0,33.0,-0.29901822436603226,3.885854214696624,-9.771063462652766,,,,,,,,,,
acc,1778672614.0,33.0,-0.2973304046293582,3.8868559788073824,-9.771652986507858,,,,,,,,,,
acc,1778672614.0,33.0,-0.29427356052210607,3.8899429342046807,-9.771278741950795,,,,,,,,,,
acc,1778672614.0,33.0,-0.2922738944257591,3.8937117797343093,-9.770552927344989,,,,,,,,,,
acc,1778672614.0,33.0,-0.28961796129652145,3.893612731934797,-9.769833708316462,,,,,,,,,,
acc,1778672614.0,33.0,-0.284536897681846,3.892804660649408,-9.768766063156859,,,,,,,,,,
acc,1778672614.0,33.0,-0.28124133907351445,3.891293990697927,-9.765897789347344,,,,,,,,,,
acc,1778672614.0,33.0,-0.27971506034164284,3.886318383049263,-9.76376551257095,,,,,,,,,,
acc,1778672614.0,33.0,-0.2768182892938358,3.88138798943252,-9.763107971715206,,,,,,,,,,
acc,1778672614.0,33.0,-0.27430280337690544,3.8785967025236734,-9.761036540755752,,,,,,,,,,
acc,1778672614.0,33.0,-0.27319454693502476,3.874801380375842,-9.759658371448788,,,,,,,,,,
acc,1778672614.0,33.0,-0.2713864287380465,3.8713955086164775,-9.757937754895538,,,,,,,,,,
acc,1778672614.0,33.0,-0.2703046737941386,3.8711442900724697,-9.756587744682436,,,,,,,,,,
acc,1778672614.0,33.0,-0.2702621489539085,3.869830450891386,-9.756314896605502,,,,,,,,,,
acc,1778672614.0,33.0,-0.2709299431767667,3.870303386876467,-9.754305195255082,,,,,,,,,,
acc,1778672614.0,33.0,-0.2719466308349919,3.8707720252271214,-9.7523137563376,,,,,,,,,,
acc,1778672614.0,33.0,-0.2732735562131105,3.8719108432706375,-9.752115250028403,,,,,,,,,,
acc,1778672614.0,33.0,-0.27391398536348743,3.8730393127177596,-9.747694446129238,,,,,,,,,,
acc,1778672614.0,33.0,-0.27419363307254246,3.874867460241617,-9.74920625100262,,,,,,,,,,
acc,1778672614.0,33.0,-0.2765650340393262,3.8770339569105965,-9.746515719899838,,,,,,,,,,
acc,1778672614.0,33.0,-0.2789148857589466,3.878115871918541,-9.748748177741943,,,,,,,,,,
acc,1778672614.0,33.0,-0.27879411873683424,3.879187955415812,-9.75099584329211,,,,,,,,,,
acc,1778672614.0,33.0,-0.2786744491412833,3.877481554926498,-9.751448247867293,,,,,,,,,,
acc,1778672614.0,33.0,-0.2789108378604008,3.877884964275538,-9.752925941427327,,,,,,,,,,
acc,1778672614.0,33.0,-0.2787901076221,3.8761904042461572,-9.75439020698248,,,,,,,,,,
acc,1778672614.0,33.0,-0.27902544533667434,3.8766055464592406,-9.754421301286863,,,,,,,,,,
acc,1778672614.0,33.0,-0.27890367364445345,3.8787562488993994,-9.758037279650118,,,,,,,,,,
acc,1778672614.0,33.0,-0.27842803764779633,3.8787931040681896,-9.758035232502912,,,,,,,,,,
acc,1778672614.0,33.0,-0.27969606558961807,3.88298273705329,-9.761227905355025,,,,,,,,,,
acc,1778672614.0,33.0,-0.28201746519434995,3.8840105946768397,-9.760948394946091,,,,,,,,,,
acc,1778672614.0,33.0,-0.2818685046056354,3.885384073790048,-9.760635921039682,,,,,,,,,,
acc,1778672614.0,33.0,-0.28069149759477635,3.893347449949256,-9.762740066669462,,,,,,,,,,
acc,1778672614.0,33.0,-0.2805545862562452,3.896730387314886,-9.763760188143548,,,,,,,,,,
acc,1778672614.0,33.0,-0.28251322259201245,3.902496354418423,-9.765161504853802,,,,,,,,,,
acc,1778672615.0,34.0,-0.2869033258452083,3.90647059270329,-9.767934449427091,,,,,,,,,,
acc,1778672615.0,34.0,-0.2891592320834475,3.90799494558192,-9.76894286318963,,,,,,,,,,
acc,1778672615.0,34.0,-0.2900102676829254,3.913339082679662,-9.772036416899542,,,,,,,,,,
acc,1778672615.0,34.0,-0.2908535698047103,3.9203739895491645,-9.775776297334957,,,,,,,,,,
acc,1778672615.0,34.0,-0.2913342469505433,3.9273449692511297,-9.775613053291115,,,,,,,,,,
acc,1778672615.0,34.0,-0.2911006234829467,3.9304189664768847,-9.777226128796972,,,,,,,,,,
acc,1778672615.0,34.0,-0.29122409384454695,3.9324001354590687,-9.77992494391806,,,,,,,,,,
acc,1778672615.0,34.0,-0.29205636576083865,3.9354281956933184,-9.7822442636739,,,,,,,,,,
acc,1778672615.0,34.0,-0.29288107470761043,3.933885170669553,-9.784187545678279,,,,,,,,,,
acc,1778672615.0,34.0,-0.2940177659112651,3.934450470868787,-9.786077674451548,,,,,,,,,,
acc,1778672615.0,34.0,-0.2951441278454124,3.933981224972594,-9.78621128559568,,,,,,,,,,
acc,1778672615.0,34.0,-0.2952308543260185,3.9345456523131483,-9.787763547864962,,,,,,,,,,
acc,1778672615.0,34.0,-0.29428738357648565,3.936844283306266,-9.78372873560805,,,,,,,,,,
acc,1778672615.0,34.0,-0.2947368571836858,3.9384475880488994,-9.788036795520103,,,,,,,,,,
acc,1778672615.0,34.0,-0.2941173428677359,3.934782821848872,-9.785348376772303,,,,,,,,,,
acc,1778672615.0,34.0,-0.2935034581636916,3.931861290518007,-9.78651801519241,,,,,,,,,,
acc,1778672615.0,34.0,-0.2939600554090764,3.9293212784052587,-9.786647624899588,,,,,,,,,,
acc,1778672615.0,34.0,-0.29405754171897636,3.926094415098369,-9.786385591605018,,,,,,,,,,
acc,1778672615.0,34.0,-0.2941541421573529,3.926730510966385,-9.786871375524145,,,,,,,,,,
acc,1778672615.0,34.0,-0.2942498647742426,3.9304845301332865,-9.78422904146826,,,,,,,,,,
acc,1778672615.0,34.0,-0.2950546410934012,3.9338849685975132,-9.785089384028904,,,,,,,,,,
acc,1778672615.0,34.0,-0.29411277161778043,3.93689953594855,-9.783492643222672,,,,,,,,,,
acc,1778672615.0,34.0,-0.29349892845331405,3.938147376829378,-9.782975306627486,,,,,,,,,,
acc,1778672615.0,34.0,-0.29360060508736524,3.9414781819503864,-9.783456585915937,,,,,,,,,,
acc,1778672615.0,34.0,-0.2926719486371744,3.941300045136345,-9.785353357021231,,,,,,,,,,
acc,1778672615.0,34.0,-0.2924261692901294,3.9390292235339546,-9.78652295018513,,,,,,,,,,
acc,1778672615.0,34.0,-0.29115322332633026,3.9374534754742845,-9.78842735117594,,,,,,,,,,
acc,1778672615.0,34.0,-0.29024680657124385,3.936601979088246,-9.791734311880699,,,,,,,,,,
acc,1778672615.0,34.0,-0.29037803568470444,3.93437384945903,-9.790822614693894,,,,,,,,,,
acc,1778672615.0,34.0,-0.2897981305799922,3.9339052998321398,-9.796486076817779,,,,,,,,,,
acc,1778672615.0,34.0,-0.2892234951528283,3.9372746532910208,-9.795850667102119,,,,,,,,,,
acc,1778672615.0,34.0,-0.2890090523775004,3.93780915279489,-9.79554050794271,,,,,,,,,,
acc,1778672615.0,34.0,-0.2874121873651024,3.940788060543705,-9.798782830412339,,,,,,,,,,
acc,1778672615.0,34.0,-0.2882790986005307,3.942000565866028,-9.794647884417394,,,,,,,,,,
acc,1778672615.0,34.0,-0.28842820854730467,3.9390134459012858,-9.799602156601546,,,,,,,,,,
acc,1778672615.0,34.0,-0.2889309252848931,3.936763402941044,-9.794039900008668,,,,,,,,,,
acc,1778672615.0,34.0,-0.2894290737662553,3.9380124808812593,-9.797295858709251,,,,,,,,,,
acc,1778672615.0,34.0,-0.2899226955037647,3.9368009429626687,-9.794558795939052,,,,,,,,,,
acc,1778672615.0,34.0,-0.28970189899855725,3.9356004144559917,-9.793976403137208,,,,,,,,,,
acc,1778672615.0,34.0,-0.2901930415356085,3.9357951571381498,-9.79471267572009,,,,,,,,,,
acc,1778672615.0,34.0,-0.2931289863083336,3.9349587301192077,-9.79089868883496,,,,,,,,,,
acc,1778672615.0,34.0,-0.2942634247051313,3.9313256676516564,-9.797626363157228,,,,,,,,,,
acc,1778672615.0,34.0,-0.2971623813454409,3.9274061519095564,-9.792791993505483,,,,,,,,,,
acc,1778672615.0,34.0,-0.3003544712681865,3.923841720760302,-9.794639426836298,,,,,,,,,,
acc,1778672615.0,34.0,-0.30213318332210287,3.9231139162638966,-9.794056301330386,,,,,,,,,,
acc,1778672615.0,34.0,-0.3031857993406206,3.9220377636537447,-9.790283773369643,,,,,,,,,,
acc,1778672615.0,34.0,-0.30422885009241674,3.9213263519639994,-9.789740228286622,,,,,,,,,,
acc,1778672615.0,34.0,-0.3056173842718228,3.9209763667436865,-9.789840557299664,,,,,,,,,,
acc,1778672615.0,34.0,-0.30631886237582534,3.9220139327953705,-9.790259451109806,,,,,,,,,,
acc,1778672615.0,34.0,-0.30733344255234984,3.920237834165335,-9.787550834784568,,,,,,,,,,
acc,1778672615.0,34.0,-0.3086937648725226,3.918477875188146,-9.789410400886553,,,,,,,,,,
acc,1778672615.0,34.0,-0.30968676398299916,3.9146751091055,-9.78851982139899,,,,,,,,,,
acc,1778672615.0,34.0,-0.31035126307315036,3.9094870340139285,-9.785117071607361,,,,,,,,,,
acc,1778672615.0,34.0,-0.3120391329032237,3.9067953689907373,-9.784868946661339,,,,,,,,,,
acc,1778672615.0,34.0,-0.3137116648277057,3.904838096132304,-9.781179905457714,,,,,,,,,,
acc,1778672615.0,34.0,-0.3153689982242566,3.903573047555975,-9.77926371976108,,,,,,,,,,
acc,1778672615.0,34.0,-0.3159818620693269,3.900580161968738,-9.77704547929424,,,,,,,,,,
acc,1778672615.0,34.0,-0.3165891567362362,3.8983244057790074,-9.776267261552025,,,,,,,,,,
acc,1778672615.0,34.0,-0.3185753037409752,3.8981834424113977,-9.77609955604873,,,,,,,,,,
acc,1778672615.0,34.0,-0.3222827350358964,3.9001380635394325,-9.773164641779372,,,,,,,,,,
acc,1778672615.0,34.0,-0.3252465528451995,3.903459293664197,-9.77479996633782,,,,,,,,,,
acc,1778672615.0,34.0,-0.3264440962652315,3.906395372452861,-9.77365169774773,,,,,,,,,,
acc,1778672615.0,34.0,-0.3269563191691928,3.90618106709959,-9.77215889277188,,,,,,,,,,
acc,1778672615.0,34.0,-0.32849329656775095,3.9077080509372526,-9.773838851069982,,,,,,,,,,
acc,1778672615.0,34.0,-0.3303712690144586,3.9102505589100214,-9.7709244801381,,,,,,,,,,
acc,1778672615.0,34.0,-0.3315222434329087,3.9100012209464965,-9.775348894082953,,,,,,,,,,
acc,1778672615.0,34.0,-0.3302489878326816,3.911138519659485,-9.771107428081125,,,,,,,,,,
acc,1778672615.0,34.0,-0.3300167116161066,3.915389187172084,-9.775565682999877,,,,,,,,,,
acc,1778672615.0,34.0,-0.32943157526492634,3.9203111609176227,-9.772671114468354,,,,,,,,,,
acc,1778672615.0,34.0,-0.32711242344681435,3.9206448391522484,-9.773636485503351,,,,,,,,,,
acc,1778672615.0,34.0,-0.3241399078065635,3.9213304560673765,-9.771824351349741,,,,,,,,,,
acc,1778672615.0,34.0,-0.3211944038252965,3.921654871826604,-9.772761922677892,,,,,,,,,,
acc,1778672615.0,34.0,-0.3175657334103395,3.9233962048431676,-9.773336012392832,,,,,,,,,,
acc,1778672615.0,34.0,-0.3153544081312683,3.925441190627459,-9.771526608679757,,,,,,,,,,
acc,1778672615.0,34.0,-0.31316317746954137,3.9264381842096365,-9.773922245264488,,,,,,,,,,
acc,1778672615.0,34.0,-0.3092525170539287,3.9256867852922945,-9.771717049152086,,,,,,,,,,
acc,1778672615.0,34.0,-0.3047029641611155,3.925971614487922,-9.772691089910001,,,,,,,,,,
acc,1778672615.0,34.0,-0.30260852463761223,3.931826824306608,-9.772271908517308,,,,,,,,,,
acc,1778672615.0,34.0,-0.29985867930040266,3.9334757233901523,-9.771537068870137,,,,,,,,,,
acc,1778672615.0,34.0,-0.2967788604130326,3.934399706066637,-9.770808906812038,,,,,,,,,,
acc,1778672615.0,34.0,-0.2937270282640303,3.938084034201497,-9.767567098540324,,,,,,,,,,
acc,1778672615.0,34.0,-0.29070292853405,3.940350511431106,-9.76889831788448,,,,,,,,,,
acc,1778672615.0,34.0,-0.2887357092623092,3.9450456581855464,-9.768158640160069,,,,,,,,,,
acc,1778672615.0,34.0,-0.28817072820397077,3.948988206860827,-9.76948448408406,,,,,,,,,,
acc,1778672615.0,34.0,-0.2879658520668893,3.9497712254637074,-9.772963581230806,,,,,,,,,,
acc,1778672615.0,34.0,-0.28673343761995174,3.95264143221082,-9.770092658356408,,,,,,,,,,
acc,1778672615.0,34.0,-0.2855122222928158,3.9523618534043115,-9.77072649840375,,,,,,,,,,
acc,1778672615.0,34.0,-0.2843021043175376,3.9482511789452723,-9.767840409849166,,,,,,,,,,
acc,1778672615.0,34.0,-0.28171861194285097,3.9444973261646648,-9.765335518439308,,,,,,,,,,
acc,1778672615.0,34.0,-0.27983303439325236,3.941132556021811,-9.763598816316579,,,,,,,,,,
acc,1778672615.0,34.0,-0.2783195531199554,3.9364139911005243,-9.760812992350628,,,,,,,,,,
acc,1778672615.0,34.0,-0.2768198250594184,3.931028371794487,-9.760537252313306,,,,,,,,,,
acc,1778672615.0,34.0,-0.2756886960948763,3.9260466541262016,-9.760264017963676,,,,,,,,,,
acc,1778672615.0,34.0,-0.27421287499443553,3.9204357768254714,-9.759638295671637,,,,,,,,,,
acc,1778672615.0,34.0,-0.2741348357916792,3.9151953537529964,-9.758663297630802,,,,,,,,,,
acc,1778672615.0,34.0,-0.27512240014934985,3.912096854668778,-9.756632256036854,,,,,,,,,,
acc,1778672615.0,34.0,-0.2757460286002641,3.9090265120724483,-9.755329603431584,,,,,,,,,,
acc,1778672615.0,34.0,-0.27636399005356166,3.9066940027361334,-9.752583428582,,,,,,,,,,
acc,1778672615.0,34.0,-0.2769763360060304,3.9061220219149173,-9.750217179462037,,,,,,,,,,
acc,1778672615.0,34.0,-0.2782575557605924,3.905555238762194,-9.749682754175065,,,,,,,,,,
acc,1778672615.0,34.0,-0.27988209466823666,3.9042836734120256,-9.74702338738225,,,,,,,,,,
acc,1778672615.0,34.0,-0.28323121293577813,3.90199426290378,-9.747866861071927,,,,,,,,,,
acc,1778672615.0,34.0,-0.2869048590778331,3.898660753089527,-9.748347699139453,,,,,,,,,,
acc,1778672615.0,34.0,-0.2909000840649134,3.8974518388801425,-9.747794767717712,,,,,,,,,,
acc,1778672615.0,34.0,-0.2941490803454614,3.8973188046481084,-9.749696126175495,,,,,,,,,,
acc,1778672615.0,34.0,-0.29633914341470546,3.897861417590555,-9.750160341459107,,,,,,,,,,
acc,1778672615.0,34.0,-0.2998936759873357,3.8998189650024844,-9.749626432666895,,,,,,,,,,
acc,1778672615.0,34.0,-0.3044808115275469,3.902078200412155,-9.751830623033694,,,,,,,,,,
acc,1778672615.0,34.0,-0.3083163214142389,3.906411200293499,-9.751884976629913,,,,,,,,,,
acc,1778672615.0,34.0,-0.3121169774943821,3.9086105311532284,-9.752293807168092,,,,,,,,,,
acc,1778672615.0,34.0,-0.315528134715881,3.9073112019403418,-9.75518368228233,,,,,,,,,,
acc,1778672615.0,34.0,-0.3175239233738379,3.907443545178968,-9.755562537027965,,,,,,,,,,
acc,1778672615.0,34.0,-0.31914661425197377,3.9082491240704518,-9.754979537740654,,,,,,,,,,
acc,1778672615.0,34.0,-0.3190152268330935,3.909757315189617,-9.758199978111886,,,,,,,,,,
acc,1778672615.0,34.0,-0.3188850333497827,3.9133461047104916,-9.75759301203423,,,,,,,,,,
acc,1778672615.0,34.0,-0.31978542300011265,3.918286644227723,-9.758659905502615,,,,,,,,,,
acc,1778672615.0,34.0,-0.32000319241159986,3.9207330230664272,-9.759362142189689,,,,,,,,,,
acc,1778672615.0,34.0,-0.3174147467463355,3.9217728004156185,-9.760412959328715,,,,,,,,,,
acc,1778672615.0,34.0,-0.31520479350387326,3.9228031291648446,-9.762554625402183,,,,,,,,,,
acc,1778672615.0,34.0,-0.3133698841843052,3.9220847624932973,-9.761517631911547,,,,,,,,,,
acc,1778672615.0,34.0,-0.31084171630441043,3.9238221890341705,-9.765672565408265,,,,,,,,,,
acc,1778672615.0,34.0,-0.3073071221866793,3.926218265614889,-9.762832402638814,,,,,,,,,,
acc,1778672615.0,34.0,-0.3045145800464726,3.930686872259853,-9.76527155031125,,,,,,,,,,
acc,1778672615.0,34.0,-0.3017474141212697,3.9368542047423754,-9.766304162204774,,,,,,,,,,
acc,1778672615.0,34.0,-0.2990053938139103,3.9415811229171913,-9.765233096156845,,,,,,,,,,
acc,1778672615.0,34.0,-0.296288290622702,3.947294486983112,-9.76903479930477,,,,,,,,,,
acc,1778672615.0,34.0,-0.29253097462779687,3.9484478675123453,-9.767974413941378,,,,,,,,,,
acc,1778672615.0,34.0,-0.28916277274135066,3.945757130890224,-9.769656902814964,,,,,,,,,,
acc,1778672616.0,35.0,-0.28653511080330835,3.9437652745492984,-9.769939731772348,,,,,,,,,,
acc,1778672616.0,35.0,-0.2832213941571575,3.941117089294297,-9.770219990624048,,,,,,,,,,
acc,1778672616.0,35.0,-0.279227857076511,3.9391673976503587,-9.771527102772493,,,,,,,,,,
acc,1778672616.0,35.0,-0.27633551331186956,3.939010259251482,-9.771118498691216,,,,,,,,,,
acc,1778672616.0,35.0,-0.27449885272086577,3.9388545487908764,-9.773127387694265,,,,,,,,,,
acc,1778672616.0,35.0,-0.27267888211758873,3.937990320658661,-9.770964908921982,,,,,,,,,,
acc,1778672616.0,35.0,-0.2715853824718303,3.937843878520509,-9.769886984386693,,,,,,,,,,
acc,1778672616.0,35.0,-0.2705018196079445,3.9338651308985866,-9.770842160835242,,,,,,,,,,
acc,1778672616.0,35.0,-0.2690731323684528,3.929922538704239,-9.769055419094713,,,,,,,,,,
acc,1778672616.0,35.0,-0.2686868278541868,3.9266902116622093,-9.768314313769968,,,,,,,,,,
acc,1778672616.0,35.0,-0.2676296045552869,3.9241971898551604,-9.766870010337364,,,,,,,,,,
acc,1778672616.0,35.0,-0.26587205575609113,3.925205487843674,-9.764764393214861,,,,,,,,,,
acc,1778672616.0,35.0,-0.26484041067888386,3.924820252381406,-9.76264241576521,,,,,,,,,,
acc,1778672616.0,35.0,-0.26520251121066807,3.9251129558809295,-9.760894682790308,,,,,,,,,,
acc,1778672616.0,35.0,-0.26556132128505316,3.92472856126935,-9.760227735200221,,,,,,,,,,
acc,1778672616.0,35.0,-0.26520692908173216,3.9208689943414687,-9.75779202121328,,,,,,,,,,
acc,1778672616.0,35.0,-0.2641813281022129,3.9177189381038753,-9.755768897028126,,,,,,,,,,
acc,1778672616.0,35.0,-0.26383947608699054,3.916336839542661,-9.754083624664577,,,,,,,,,,
acc,1778672616.0,35.0,-0.26456563402269084,3.917061603843519,-9.752058704829649,,,,,,,,,,
acc,1778672616.0,35.0,-0.2649302314877908,3.917424811250791,-9.75147205098814,,,,,,,,,,
acc,1778672616.0,35.0,-0.26600143935238585,3.9184946507763425,-9.75128119337137,,,,,,,,,,
acc,1778672616.0,35.0,-0.2677373512776864,3.917815435841255,-9.751092070104045,,,,,,,,,,
acc,1778672616.0,35.0,-0.26878305045816725,3.9150480894837107,-9.752573000300465,,,,,,,,,,
acc,1778672616.0,35.0,-0.27084865636085237,3.9126608612441967,-9.752372138205676,,,,,,,,,,
acc,1778672616.0,35.0,-0.2732504535916698,3.909585393442444,-9.75494183410147,,,,,,,,,,
acc,1778672616.0,35.0,-0.27527546358685095,3.9096970707896994,-9.756778246182762,,,,,,,,,,
acc,1778672616.0,35.0,-0.2786664429454326,3.911547065991058,-9.75859797053457,,,,,,,,,,
acc,1778672616.0,35.0,-0.282026608007593,3.9123153556238046,-9.762424473622868,,,,,,,,,,
acc,1778672616.0,35.0,-0.28432682965242134,3.9169102999265006,-9.764512366429013,,,,,,,,,,
acc,1778672616.0,35.0,-0.2866061488663874,3.920753556703515,-9.768001151533712,,,,,,,,,,
acc,1778672616.0,35.0,-0.288864755592759,3.9225030800947276,-9.771458233567705,,,,,,,,,,
acc,1778672616.0,35.0,-0.29145780890933654,3.923881743552512,-9.773464035353143,,,,,,,,,,
acc,1778672616.0,35.0,-0.2929623952987412,3.925247878905593,-9.775487104501444,,,,,,,,,,
acc,1778672616.0,35.0,-0.2951632419384295,3.926956561772018,-9.777101324521297,,,,,,,,,,
acc,1778672616.0,35.0,-0.2969891274081772,3.928969194102581,-9.781150141217074,,,,,,,,,,
acc,1778672616.0,35.0,-0.29950835343921767,3.934122735315541,-9.782393433028886,,,,,,,,,,
acc,1778672616.0,35.0,-0.30200468691637805,3.938519512955768,-9.785400253918239,,,,,,,,,,
acc,1778672616.0,35.0,-0.30167409969132897,3.9414919655639733,-9.790758028007797,,,,,,,,,,
acc,1778672616.0,35.0,-0.30134651655792083,3.9475611106756143,-9.78910977545307,,,,,,,,,,
acc,1778672616.0,35.0,-0.30208680462500354,3.951125839314266,-9.789890271751927,,,,,,,,,,
acc,1778672616.0,35.0,-0.3010810329109345,3.952599365590666,-9.79105414079392,,,,,,,,,,
acc,1778672616.0,35.0,-0.2997294390095059,3.954378978231522,-9.788728759147432,,,,,,,,,,
acc,1778672616.0,35.0,-0.299419527275523,3.9564973810606667,-9.791678010055872,,,,,,,,,,
acc,1778672616.0,35.0,-0.2987574608915732,3.956502230129456,-9.78931146486357,,,,,,,,,,
acc,1778672616.0,35.0,-0.29778194338251146,3.956507035134089,-9.789770660969458,,,,,,,,,,
acc,1778672616.0,35.0,-0.29819966144349985,3.957576699969566,-9.786392048073447,,,,,,,,,,
acc,1778672616.0,35.0,-0.29825862186950636,3.954803008389726,-9.786877773321756,,,,,,,,,,
acc,1778672616.0,35.0,-0.29728763737933595,3.952409483500687,-9.786613648636779,,,,,,,,,,
acc,1778672616.0,35.0,-0.2977098472670487,3.949327776267931,-9.784683589214621,,,,,,,,,,
acc,1778672616.0,35.0,-0.2988026587494598,3.943505340204132,-9.785149345103946,,,,,,,,,,
acc,1778672616.0,35.0,-0.2988561396559051,3.938765213466212,-9.782487165015723,,,,,,,,,,
acc,1778672616.0,35.0,-0.2981991928528418,3.935807493594284,-9.78091407093203,,,,,,,,,,
acc,1778672616.0,35.0,-0.29790318667642285,3.9346159926988307,-9.779355271770912,,,,,,,,,,
acc,1778672616.0,35.0,-0.298674764756338,3.932050948228001,-9.77543236103673,,,,,,,,,,
acc,1778672616.0,35.0,-0.30011376967407555,3.9308935835776246,-9.774633307562356,,,,,,,,,,
acc,1778672616.0,35.0,-0.2991259272003227,3.9280073942905385,-9.77210218251541,,,,,,,,,,
acc,1778672616.0,35.0,-0.29814706138716995,3.9251474322029765,-9.768529154655756,,,,,,,,,,
acc,1778672616.0,35.0,-0.29785152893655886,3.921958497211329,-9.768431766395482,,,,,,,,,,
acc,1778672616.0,35.0,-0.2972037111694526,3.918798540511116,-9.767376860875183,,,,,,,,,,
acc,1778672616.0,35.0,-0.29656178021161045,3.917761602314723,-9.766331541426624,,,,,,,,,,
acc,1778672616.0,35.0,-0.2956062151552664,3.9149947451498477,-9.765970150126805,,,,,,,,,,
acc,1778672616.0,35.0,-0.29359443904274096,3.91363740170517,-9.765292575425978,,,,,,,,,,
acc,1778672616.0,35.0,-0.29195590599023796,3.915451590576856,-9.76462115793977,,,,,,,,,,
acc,1778672616.0,35.0,-0.29033226251323413,3.9151549901223124,-9.765269223904992,,,,,,,,,,
acc,1778672616.0,35.0,-0.28907834416867967,3.915216055777519,-9.764562524257355,,,,,,,,,,
acc,1778672616.0,35.0,-0.288510249539761,3.9176903374763374,-9.765566084808361,,,,,,,,,,
acc,1778672616.0,35.0,-0.28794731726497064,3.9187577641285105,-9.764892181904727,,,,,,,,,,
acc,1778672616.0,35.0,-0.28845440392786775,3.9208449000623604,-9.764543870263106,,,,,,,,,,
acc,1778672616.0,35.0,-0.2882469499904167,3.9225935934038914,-9.763524294590384,,,,,,,,,,
acc,1778672616.0,35.0,-0.2880413812154649,3.928479499765373,-9.764217822263834,,,,,,,,,,
acc,1778672616.0,35.0,-0.28819265133285427,3.9329275582642045,-9.763201209434184,,,,,,,,,,
acc,1778672616.0,35.0,-0.2883425468378547,3.9369802257823183,-9.76251330211884,,,,,,,,,,
acc,1778672616.0,35.0,-0.2884910802217583,3.9417059987865892,-9.764280911227551,,,,,,,,,,
acc,1778672616.0,35.0,-0.28899322563578256,3.9432651244511203,-9.763973657733809,,,,,,,,,,
acc,1778672616.0,35.0,-0.2894908079852765,3.946549423894697,-9.766082967250506,,,,,,,,,,
acc,1778672616.0,35.0,-0.29033883050887144,3.950478307643887,-9.766007807832063,,,,,,,,,,
acc,1778672616.0,35.0,-0.2908241851615732,3.9508928237223064,-9.766998234892187,,,,,,,,,,
acc,1778672616.0,35.0,-0.2902402258351231,3.9492092694939256,-9.766630785257032,,,,,,,,,,
acc,1778672616.0,35.0,-0.2907264765220746,3.9496353174967798,-9.765947207273797,,,,,,,,,,
acc,1778672616.0,35.0,-0.29120830858206964,3.9465788194925464,-9.766938185019539,,,,,,,,,,
acc,1778672616.0,35.0,-0.29062085867319776,3.9445794963541325,-9.763376588756376,,,,,,,,,,
acc,1778672616.0,35.0,-0.2911036504971307,3.9450476157430985,-9.763716487792507,,,,,,,,,,
acc,1778672616.0,35.0,-0.2905171516306897,3.9483157174428287,-9.762349459797667,,,,,,,,,,
acc,1778672616.0,35.0,-0.28890658231268956,3.9501342561843282,-9.76134982503505,,,,,,,,,,
acc,1778672616.0,35.0,-0.28695568668644666,3.9516167931131863,-9.758939408823167,,,,,,,,,,
acc,1778672616.0,35.0,-0.2857324517514364,3.9541152580723318,-9.759319629124418,,,,,,,,,,
acc,1778672616.0,35.0,-0.2848752942941743,3.9558810955894455,-9.760370832585522,,,,,,,,,,
acc,1778672616.0,35.0,-0.28470036421886286,3.9541522122476467,-9.757933818252935,,,,,,,,,,
acc,1778672616.0,35.0,-0.2845270237572363,3.9535039339143125,-9.758287682134268,,,,,,,,,,
acc,1778672616.0,35.0,-0.28332585841672786,3.9538909557101376,-9.758283359545205,,,,,,,,,,
acc,1778672616.0,35.0,-0.28178063737051423,3.9504408243619573,-9.756575237914483,,,,,,,,,,
acc,1778672616.0,35.0,-0.2798944961873126,3.9498262719214554,-9.760171643158973,,,,,,,,,,
acc,1778672616.0,35.0,-0.27940985644975713,3.950601674911715,-9.758481865882061,,,,,,,,,,
acc,1778672616.0,35.0,-0.2803494859682567,3.9485657955320987,-9.761670480115148,,,,,,,,,,
acc,1778672616.0,35.0,-0.2819550152180131,3.9476133199633585,-9.763410253703562,,,,,,,,,,
acc,1778672616.0,35.0,-0.2831909930289354,3.9470244614447174,-9.764069323322339,,,,,,,,,,
acc,1778672616.0,35.0,-0.28477070111271235,3.945731030417659,-9.768591534468289,,,,,,,,,,
acc,1778672616.0,35.0,-0.2859810923981465,3.943739411255322,-9.765724846625004,,,,,,,,,,
acc,1778672616.0,35.0,-0.2871804846912805,3.9438601937527005,-9.76884764289461,,,,,,,,,,
acc,1778672616.0,35.0,-0.28662963617279724,3.941211145953826,-9.77123212925045,,,,,,,,,,
acc,1778672616.0,35.0,-0.286438764151235,3.938586170417114,-9.769086872952654,,,,,,,,,,
acc,1778672616.0,35.0,-0.28763399751812024,3.9373694193027053,-9.771824147165445,,,,,,,,,,
acc,1778672616.0,35.0,-0.28849889313414145,3.9379030576547756,-9.771696816854465,,,,,,,,,,
acc,1778672616.0,35.0,-0.2886460057777194,3.9370474758535488,-9.772316079692619,,,,,,,,,,
acc,1778672616.0,35.0,-0.28950170513531664,3.9369096014759855,-9.77122587688246,,,,,,,,,,
acc,1778672616.0,35.0,-0.2892847342275641,3.939186750937508,-9.773269284485012,,,,,,,,,,
acc,1778672616.0,35.0,-0.2887147641037573,3.940058836720174,-9.771460487137626,,,,,,,,,,
acc,1778672616.0,35.0,-0.2888599150981056,3.9409229977392335,-9.771691432315974,,,,,,,,,,
acc,1778672616.0,35.0,-0.28829380536423227,3.943163676916206,-9.771316838396558,,,,,,,,,,
acc,1778672616.0,35.0,-0.28879774344205467,3.9478332600484674,-9.768070414480587,,,,,,,,,,
acc,1778672616.0,35.0,-0.2892971021651639,3.950011144720187,-9.76836766007595,,,,,,,,,,
acc,1778672616.0,35.0,-0.2897919231467869,3.9514948003798738,-9.765148035749526,,,,,,,,,,
acc,1778672616.0,35.0,-0.2909566858960983,3.9547043156249337,-9.764797399128781,,,,,,,,,,
acc,1778672616.0,35.0,-0.292110864285901,3.9578846655629625,-9.762355654336325,,,,,,,,,,
acc,1778672616.0,35.0,-0.2932545544977275,3.9599712117285395,-9.760255565428583,,,,,,,,,,
acc,1778672616.0,35.0,-0.29406837533843827,3.9620387971617603,-9.759629919945894,,,,,,,,,,
acc,1778672616.0,35.0,-0.2948748008770939,3.96479752679542,-9.756170229253833,,,,,,,,,,
acc,1778672616.0,35.0,-0.2956738983158226,3.9692705201545166,-9.75657561347119,,,,,,,,,,
acc,1778672616.0,35.0,-0.29575581069920653,3.974057837667533,-9.754883010364226,,,,,,,,,,
acc,1778672616.0,35.0,-0.29548200787290885,3.9794760813539765,-9.755264597356987,,,,,,,,,,
acc,1778672616.0,35.0,-0.2955656639911738,3.983105756032329,-9.756743114670693,,,,,,,,,,
acc,1778672616.0,35.0,-0.29564855991477135,3.983578743767379,-9.756468854725279,,,,,,,,,,
acc,1778672616.0,35.0,-0.29537573169112186,3.9833375007637337,-9.757226496152425,,,,,,,,,,
acc,1778672616.0,35.0,-0.294075982647585,3.982424011694393,-9.756628376239398,,,,,,,,,,
acc,1778672616.0,35.0,-0.2927880446026021,3.9804539292185823,-9.756994102852087,,,,,,,,,,
acc,1778672616.0,35.0,-0.29080187759399395,3.9785017491535397,-9.758776371324698,,,,,,,,,,
acc,1778672616.0,35.0,-0.2902181209794825,3.9748279761360563,-9.756744302214521,,,,,,,,,,
acc,1778672616.0,35.0,-0.28999463990229263,3.9739918142888992,-9.761652544249566,,,,,,,,,,
acc,1778672616.0,35.0,-0.2901281604890012,3.9720983563521552,-9.762008109915557,,,,,,,,,,
acc,1778672617.0,36.0,-0.28923105862108445,3.9702221045284403,-9.763034882781469,,,,,,,,,,
acc,1778672617.0,36.0,-0.2879871470679506,3.9676884641893433,-9.76408781958086,,,,,,,,,,
acc,1778672617.0,36.0,-0.2860446064763969,3.9665622182970304,-9.763391855517014,,,,,,,,,,
acc,1778672617.0,36.0,-0.28411971801871627,3.9671855394377795,-9.76270221577446,,,,,,,,,,
acc,1778672617.0,36.0,-0.2815378830134444,3.968158167234055,-9.763758175564758,,,,,,,,,,
acc,1778672617.0,36.0,-0.28036388040652527,3.966672691312054,-9.762745739607963,,,,,,,,,,
acc,1778672617.0,36.0,-0.2795555078964089,3.961012107030108,-9.764156274751766,,,,,,,,,,
acc,1778672617.0,36.0,-0.2787544811786172,3.9582071974332007,-9.765553992168464,,,,,,,,,,
acc,1778672617.0,36.0,-0.2782802009144432,3.955782738209515,-9.765199666565834,,,,,,,,,,
acc,1778672617.0,36.0,-0.27749076308682596,3.9547646812887813,-9.764848560768753,,,,,,,,,,
acc,1778672617.0,36.0,-0.2756436045820216,3.9568795791811273,-9.765885016426504,,,,,,,,,,
acc,1778672617.0,36.0,-0.27519759328189625,3.9575908877969703,-9.764462788353411,,,,,,,,,,
acc,1778672617.0,36.0,-0.275110605808451,3.9579407708800276,-9.767632547480252,,,,,,,,,,
acc,1778672617.0,36.0,-0.27466943794158316,3.957258065392659,-9.76754330681286,,,,,,,,,,
acc,1778672617.0,36.0,-0.2745872498884504,3.955161698476055,-9.769265207576208,,,,,,,,,,
acc,1778672617.0,36.0,-0.2727664760079379,3.9524099523473692,-9.768877157648078,,,,,,,,,,
acc,1778672617.0,36.0,-0.2706072768898528,3.949328240854139,-9.767782710436213,,,,,,,,,,
acc,1778672617.0,36.0,-0.26953260220609054,3.945919571524211,-9.768047076077933,,,,,,,,,,
acc,1778672617.0,36.0,-0.2684676932391788,3.9446361807840207,-9.764510897528927,,,,,,,,,,
acc,1778672617.0,36.0,-0.26776742302013923,3.94616867948121,-9.763811088897501,,,,,,,,,,
acc,1778672617.0,36.0,-0.2667185544795824,3.9466223577442454,-9.762407706889476,,,,,,,,,,
acc,1778672617.0,36.0,-0.2660341789253345,3.944303171554223,-9.759597212339006,,,,,,,,,,
acc,1778672617.0,36.0,-0.2660304606600898,3.9461581728528015,-9.759332520262081,,,,,,,,,,
acc,1778672617.0,36.0,-0.2667367088172422,3.947321879225025,-9.759673673945635,,,,,,,,,,
acc,1778672617.0,36.0,-0.2684659392476577,3.9484750108371838,-9.759692260105163,,,,,,,,,,
acc,1778672617.0,36.0,-0.2712443594175926,3.9517119673256893,-9.761450010051238,,,,,,,,,,
acc,1778672617.0,36.0,-0.2732875990668035,3.9510858638340203,-9.761416950952892,,,,,,,,,,
acc,1778672617.0,36.0,-0.273927900607835,3.95149485896567,-9.763868961029726,,,,,,,,,,
acc,1778672617.0,36.0,-0.2742074218671483,3.9512256992281407,-9.76140015872222,,,,,,,,,,
acc,1778672617.0,36.0,-0.27448440307828387,3.949539120114196,-9.766301586707911,,,,,,,,,,
acc,1778672617.0,36.0,-0.27649820000454645,3.947193428902835,-9.76526603842379,,,,,,,,,,
acc,1778672617.0,36.0,-0.27849369728080936,3.9472828242661793,-9.766618167818116,,,,,,,,,,
acc,1778672617.0,36.0,-0.2801160903379391,3.949465710823656,-9.769413378941497,,,,,,,,,,
acc,1778672617.0,36.0,-0.2793099695303004,3.9505993611428396,-9.769059486006817,,,,,,,,,,
acc,1778672617.0,36.0,-0.2798955449615575,3.9548464134150905,-9.770732114681113,,,,,,,,,,
acc,1778672617.0,36.0,-0.2808307609616636,3.9590548721384593,-9.769620811219234,,,,,,,,,,
acc,1778672617.0,36.0,-0.282431916799276,3.9635800497912754,-9.76990396814592,,,,,,,,,,
acc,1778672617.0,36.0,-0.28366356093985273,3.969093506579102,-9.770858990260711,,,,,,,,,,
acc,1778672617.0,36.0,-0.2855939455945166,3.973172500004847,-9.769391563002394,,,,,,,,,,
acc,1778672617.0,36.0,-0.2871518177174068,3.9740907234659533,-9.771096668407214,,,,,,,,,,
acc,1778672617.0,36.0,-0.28976043673635543,3.974645632043442,-9.769662575694763,,,,,,,,,,
acc,1778672617.0,36.0,-0.29234535087503216,3.976934830771804,-9.77101025659649,,,,,,,,,,
acc,1778672617.0,36.0,-0.2955812138170412,3.9792032272360647,-9.77092582566825,,,,,,,,,,
acc,1778672617.0,36.0,-0.2987876720268684,3.983190352237936,-9.77016772370139,,,,,,,,,,
acc,1778672617.0,36.0,-0.3016455162087072,3.9878511783198363,-9.772540214301142,,,,,,,,,,
acc,1778672617.0,36.0,-0.30305752549887915,3.990730318151726,-9.769318176846902,,,,,,,,,,
acc,1778672617.0,36.0,-0.3048116745267493,3.9932283239828883,-9.771378919982398,,,,,,,,,,
acc,1778672617.0,36.0,-0.3069048451342655,3.995348659230476,-9.770652195045022,,,,,,,,,,
acc,1778672617.0,36.0,-0.3089789948122096,3.9943260231100273,-9.770287044817806,,,,,,,,,,
acc,1778672617.0,36.0,-0.3099694019989437,3.9887691109671817,-9.771948518496133,,,,,,,,,,
acc,1778672617.0,36.0,-0.3102763709450849,3.9846470661583515,-9.771820058005744,,,,,,,,,,
acc,1778672617.0,36.0,-0.311254988696231,3.982301811619905,-9.772757668348104,,,,,,,,,,
acc,1778672617.0,36.0,-0.3136445788811194,3.979303439545472,-9.773367291082641,,,,,,,,,,
acc,1778672617.0,36.0,-0.31391815098880416,3.979810979454075,-9.773935879731518,,,,,,,,,,
acc,1778672617.0,36.0,-0.3141892371090713,3.9837925817278443,-9.77318591934877,,,,,,,,,,
acc,1778672617.0,36.0,-0.3137479271984221,3.986353631725323,-9.772052317825949,,,,,,,,,,
acc,1778672617.0,36.0,-0.3129556566711328,3.9888914091087786,-9.771958417543809,,,,,,,,,,
acc,1778672617.0,36.0,-0.3132354891098148,3.988956860044114,-9.769416105230919,,,,,,,,,,
acc,1778672617.0,36.0,-0.3135127786725893,3.9869274126756764,-9.771475958477703,,,,,,,,,,
acc,1778672617.0,36.0,-0.3148169485144482,3.987010710717072,-9.767873126842206,,,,,,,,,,
acc,1778672617.0,36.0,-0.31507986713782166,3.9884776227257954,-9.767817203444073,,,,,,,,,,
acc,1778672617.0,36.0,-0.313956025675355,3.9909960991105238,-9.765312522914014,,,,,,,,,,
acc,1778672617.0,36.0,-0.3114225314470104,3.9938466606140848,-9.762866097120781,,,,,,,,,,
acc,1778672617.0,36.0,-0.30891205942961963,3.9945770151305866,-9.762855673291272,,,,,,,,,,
acc,1778672617.0,36.0,-0.3071343330511902,3.9932064292729055,-9.761141505862916,,,,,,,,,,
acc,1778672617.0,36.0,-0.3043433610696533,3.9925582307516727,-9.762211648039115,,,,,,,,,,
acc,1778672617.0,36.0,-0.30051284754029023,3.9908510280922247,-9.760858294730353,,,,,,,,,,
acc,1778672617.0,36.0,-0.2956877423673605,3.989159339018451,-9.761895516125199,,,,,,,,,,
acc,1778672617.0,36.0,-0.2922908544977296,3.991316649692772,-9.763633244780397,,,,,,,,,,
acc,1778672617.0,36.0,-0.2899542346635019,3.9920699947669367,-9.7632963732738,,,,,,,,,,
acc,1778672617.0,36.0,-0.2883487806495049,3.993171455864101,-9.765731304781179,,,,,,,,,,
acc,1778672617.0,36.0,-0.2874678482512375,3.99493734610668,-9.766014311828595,,,,,,,,,,
acc,1778672617.0,36.0,-0.2855300265995467,3.992853553237787,-9.767714612420015,,,,,,,,,,
acc,1778672617.0,36.0,-0.28151551065796215,3.991498628715673,-9.765956291142645,,,,,,,,,,
acc,1778672617.0,36.0,-0.2761531042674975,3.9915403874873867,-9.765278842380315,,,,,,,,,,
acc,1778672617.0,36.0,-0.27048446502895296,3.9922916994253996,-9.765210990155307,,,,,,,,,,
acc,1778672617.0,36.0,-0.26486733749582747,3.991971280593783,-9.762410516143662,,,,,,,,,,
acc,1778672617.0,36.0,-0.25965621534759553,3.9927186769467977,-9.76382409750925,,,,,,,,,,
acc,1778672617.0,36.0,-0.25413748561054034,3.99171993983755,-9.763485491697622,,,,,,,,,,
acc,1778672617.0,36.0,-0.24834943791709982,3.99246962015863,-9.761730097575619,,,,,,,,,,
acc,1778672617.0,36.0,-0.24328841619710748,3.992502555397381,-9.762084958503856,,,,,,,,,,
acc,1778672617.0,36.0,-0.23965775558656646,3.9928901531225174,-9.76204612954148,,,,,,,,,,
acc,1778672617.0,36.0,-0.23712499078357305,3.995723503096431,-9.762362624283805,,,,,,,,,,
acc,1778672617.0,36.0,-0.23323087065504336,3.9964368024868255,-9.763031213855394,,,,,,,,,,
acc,1778672617.0,36.0,-0.22901716607182834,3.9971436200274275,-9.7623803456732,,,,,,,,,,
acc,1778672617.0,36.0,-0.22622612291055422,3.9964596437115967,-9.763439230341435,,,,,,,,,,
acc,1778672617.0,36.0,-0.2251997750243931,3.99681128283027,-9.764452998418948,,,,,,,,,,
acc,1778672617.0,36.0,-0.22489268633682613,3.9996090009585297,-9.765812516019766,,,,,,,,,,
acc,1778672617.0,36.0,-0.22490785561997345,4.0016713541157225,-9.765491344622351,,,,,,,,,,
acc,1778672617.0,36.0,-0.2242484578708007,4.0037149663857585,-9.765421561360204,,,,,,,,,,
acc,1778672617.0,36.0,-0.22395001393321937,4.005030084522789,-9.764358515627697,,,,,,,,,,
acc,1778672617.0,36.0,-0.22539361467833627,4.002854577549985,-9.762275720803492,,,,,,,,,,
acc,1778672617.0,36.0,-0.22749853549876917,4.003148105024189,-9.764364965346992,,,,,,,,,,
acc,1778672617.0,36.0,-0.22993929947440023,4.003438965173811,-9.761536684919374,,,,,,,,,,
acc,1778672617.0,36.0,-0.23164795125764534,4.0030172496031895,-9.761893303415055,,,,,,,,,,
acc,1778672617.0,36.0,-0.2326666380127358,4.004693669762145,-9.761252775581742,,,,,,,,,,
acc,1778672617.0,36.0,-0.23541540050253112,4.003941085104617,-9.757458870363505,,,,,,,,,,
acc,1778672617.0,36.0,-0.2398785172905721,4.002485406653506,-9.7620056481588,,,,,,,,,,
acc,1778672617.0,36.0,-0.24430107712172064,4.0013979179263846,-9.761364099433328,,,,,,,,,,
acc,1778672617.0,36.0,-0.24903841940320257,3.997161113409536,-9.765165466327383,,,,,,,,,,
acc,1778672617.0,36.0,-0.2537327128029681,3.99228838013185,-9.770742611078337,,,,,,,,,,
acc,1778672617.0,36.0,-0.2583843485121339,3.9867499843313614,-9.772435439323232,,,,,,,,,,
acc,1778672617.0,36.0,-0.262993714167009,3.9774282895597244,-9.775887720733328,,,,,,,,,,
acc,1778672617.0,36.0,-0.26756119388139804,3.9716699676752913,-9.779308630786819,,,,,,,,,,
acc,1778672617.0,36.0,-0.2720871682786105,3.9694426378179055,-9.78092361843095,,,,,,,,,,
acc,1778672617.0,36.0,-0.2783113472047167,3.969010384142262,-9.782168968686516,,,,,,,,,,
acc,1778672617.0,36.0,-0.2837690335257478,3.9675171640078526,-9.78446789668025,,,,,,,,,,
acc,1778672617.0,36.0,-0.2877927541914711,3.965682542109871,-9.78781083749329,,,,,,,,,,
acc,1778672617.0,36.0,-0.2931642816614786,3.9628351916262035,-9.790023002688288,,,,,,,,,,
acc,1778672617.0,36.0,-0.29813203554818907,3.9631374189981434,-9.796758634491168,,,,,,,,,,
acc,1778672617.0,36.0,-0.3034096085446307,3.9620525290802315,-9.8002738607307,,,,,,,,,,
acc,1778672617.0,36.0,-0.306899890826914,3.9574988323433353,-9.803757143625292,,,,,,,,,,
acc,1778672617.0,36.0,-0.3086191237518957,3.95611021926544,-9.808238173496049,,,,,,,,,,
acc,1778672617.0,36.0,-0.3096128011365146,3.9554441482526874,-9.810655177896123,,,,,,,,,,
acc,1778672617.0,36.0,-0.31130738147190373,3.954784129918956,-9.814363591745487,,,,,,,,,,
acc,1778672617.0,36.0,-0.313341524695851,3.955159518397384,-9.817718839313976,,,,,,,,,,
acc,1778672617.0,36.0,-0.31606711601419846,3.9530822212663286,-9.821363064699261,,,,,,,,,,
acc,1778672617.0,36.0,-0.31841297773544486,3.953118104362489,-9.824370734039482,,,,,,,,,,
acc,1778672617.0,36.0,-0.3203825514275959,3.95698729760766,-9.829729339782782,,,,,,,,,,
acc,1778672617.0,36.0,-0.3216242946983572,3.9629156345030756,-9.829821253093119,,,,,,,,,,
acc,1778672617.0,36.0,-0.32285475407701,3.9684351289241264,-9.832716567350667,,,,,,,,,,
acc,1778672617.0,36.0,-0.323399593827743,3.973230037752299,-9.834911133214735,,,,,,,,,,
acc,1778672617.0,36.0,-0.3239394825446284,3.9765615093156006,-9.835275426268064,,,,,,,,,,
acc,1778672617.0,36.0,-0.3237645416715214,3.9802176691114473,-9.836736806794747,,,,,,,,,,
acc,1778672617.0,36.0,-0.3246205905577487,3.982456233971618,-9.836729547927394,,,,,,,,,,
acc,1778672617.0,36.0,-0.3265337548173002,3.982225191369074,-9.836722355022369,,,,,,,,,,
acc,1778672618.0,37.0,-0.3284295338897531,3.983735590051152,-9.835721312705513,,,,,,,,,,
acc,1778672618.0,37.0,-0.3282137913017242,3.984202854397735,-9.834054937811093,,,,,,,,,,
acc,1778672618.0,37.0,-0.3272900674751572,3.9871151470515347,-9.832403705494825,,,,,,,,,,
acc,1778672618.0,37.0,-0.32605527024069364,3.988261633532247,-9.829347612885996,,,,,,,,,,
acc,1778672618.0,37.0,-0.3255061320528429,3.989397701732421,-9.826319291411576,,,,,,,,,,
acc,1778672618.0,37.0,-0.32531695481990314,3.9911978845984986,-9.823992917898394,,,,,,,,,,
acc,1778672618.0,37.0,-0.32410008753186564,3.990212967138756,-9.821368217048185,,,,,,,,,,
acc,1778672618.0,37.0,-0.3225393163110203,3.989236999759608,-9.817666969361566,,,,,,,,,,
acc,1778672618.0,37.0,-0.3213476898066364,3.9840813031333573,-9.815064258916975,,,,,,,,,,
acc,1778672618.0,37.0,-0.32048635918992263,3.980711789713905,-9.811775267026619,,,,,,,,,,
acc,1778672618.0,37.0,-0.3193133881896218,3.9766629628929198,-9.809261589652438,,,,,,,,,,
acc,1778672618.0,37.0,-0.31815107613833676,3.9709115956373053,-9.807835657905311,,,,,,,,,,
acc,1778672618.0,37.0,-0.31731879359024945,3.966277395342576,-9.804257382447263,,,,,,,,,,
acc,1778672618.0,37.0,-0.31546467406076634,3.9640990685326174,-9.8032318863936,,,,,,,,,,
acc,1778672618.0,37.0,-0.3129174705367795,3.959881736383313,-9.799092005574167,,,,,,,,,,
acc,1778672618.0,37.0,-0.3090090428939024,3.9563771659861335,-9.795628688336041,,,,,,,,,,
acc,1778672618.0,37.0,-0.3065205025793681,3.9515200711946847,-9.790847966190425,,,,,,,,,,
acc,1778672618.0,37.0,-0.30511947946796414,3.9477365135400304,-9.791612667310677,,,,,,,,,,
acc,1778672618.0,37.0,-0.3047605876940442,3.943312908407883,-9.788927248483379,,,,,,,,,,
acc,1778672618.0,37.0,-0.3044049572190987,3.940313863005733,-9.788999470795938,,,,,,,,,,
acc,1778672618.0,37.0,-0.3036975875466816,3.9387264412502683,-9.789461502034886,,,,,,,,,,
acc,1778672618.0,37.0,-0.30299664583989333,3.9378633772489167,-9.786050195061636,,,,,,,,,,
acc,1778672618.0,37.0,-0.30372193895494265,3.939776897845206,-9.78724895940935,,,,,,,,,,
acc,1778672618.0,37.0,-0.3033757468241272,3.9416730300163154,-9.78804636519986,,,,,,,,,,
acc,1778672618.0,37.0,-0.30374263322288925,3.942167560865158,-9.786103286484986,,,,,,,,,,
acc,1778672618.0,37.0,-0.30375122390098436,3.9409182651625354,-9.787976006657717,,,,,,,,,,
acc,1778672618.0,37.0,-0.30237536560630296,3.9400352837554453,-9.786033567300604,,,,,,,,,,
acc,1778672618.0,37.0,-0.29994710643084,3.9398702587560104,-9.786522550113064,,,,,,,,,,
acc,1778672618.0,37.0,-0.2978958840414862,3.941446066043009,-9.788426954739384,,,,,,,,,,
acc,1778672618.0,37.0,-0.29760263407400633,3.942297621118169,-9.788184255876573,,,,,,,,,,
acc,1778672618.0,37.0,-0.2980219815433748,3.9455907123977725,-9.78936362771977,,,,,,,,,,
acc,1778672618.0,37.0,-0.29843751834453847,3.9505932115849465,-9.786663151865046,,,,,,,,,,
acc,1778672618.0,37.0,-0.2967549755634538,3.951006683515429,-9.783277273885163,,,,,,,,,,
acc,1778672618.0,37.0,-0.29611712232786114,3.9510614273089653,-9.78063210556592,,,,,,,,,,
acc,1778672618.0,37.0,-0.29690493062048007,3.9535649389536562,-9.779430839523489,,,,,,,,,,
acc,1778672618.0,37.0,-0.2973306182172151,3.955335777296389,-9.776501147782344,,,,,,,,,,
acc,1778672618.0,37.0,-0.29601310485059784,3.959894750876211,-9.776721782143154,,,,,,,,,,
acc,1778672618.0,37.0,-0.2957369639569131,3.965441696482801,-9.77523657324752,,,,,,,,,,
acc,1778672618.0,37.0,-0.2958183032541314,3.971293207091338,-9.774474793283666,,,,,,,,,,
acc,1778672618.0,37.0,-0.29486949427528814,3.977091544217133,-9.771909614317883,,,,,,,,,,
acc,1778672618.0,37.0,-0.29321937462029235,3.98006845832588,-9.770077669033498,,,,,,,,,,
acc,1778672618.0,37.0,-0.29158424982984826,3.9836927499931094,-9.769362768742697,,,,,,,,,,
acc,1778672618.0,37.0,-0.29067391627756545,3.98625470717531,-9.766844043447922,,,,,,,,,,
acc,1778672618.0,37.0,-0.2915111877331762,3.9880834508657665,-9.765768071424786,,,,,,,,,,
acc,1778672618.0,37.0,-0.29301528906185753,3.9888661764629334,-9.763991935186455,,,,,,,,,,
acc,1778672618.0,37.0,-0.292411418872517,3.9879024475561304,-9.765355642532361,,,,,,,,,,
acc,1778672618.0,37.0,-0.29216800699532236,3.986237552639753,-9.762518359684728,,,,,,,,,,
acc,1778672618.0,37.0,-0.2943760723509233,3.985972148673726,-9.763540495840717,,,,,,,,,,
acc,1778672618.0,37.0,-0.2965640727125535,3.9850347181959958,-9.764553343704693,,,,,,,,,,
acc,1778672618.0,37.0,-0.29802225777956753,3.984780244552208,-9.761368380596423,,,,,,,,,,
acc,1778672618.0,37.0,-0.2998221629786365,3.9848830542060396,-9.765524670360396,,,,,,,,,,
acc,1778672618.0,37.0,-0.30089577955727825,3.9836005587062866,-9.763040822394187,,,,,,,,,,
acc,1778672618.0,37.0,-0.30195964003421644,3.9819747556463234,-9.765513570487517,,,,,,,,,,
acc,1778672618.0,37.0,-0.302339394790398,3.9807186882560996,-9.765834050476363,,,,,,,,,,
acc,1778672618.0,37.0,-0.3020057660288033,3.9791190731497954,-9.765761152998925,,,,,,,,,,
acc,1778672618.0,37.0,-0.30203013985828425,3.9785988883736976,-9.769877525035124,,,,,,,,,,
acc,1778672618.0,37.0,-0.304503557514966,3.9784028980018173,-9.766679683804938,,,,,,,,,,
acc,1778672618.0,37.0,-0.3062445662507652,3.9792735921160194,-9.771888106879706,,,,,,,,,,
acc,1778672618.0,37.0,-0.30587545065830823,3.9801363741128974,-9.771760195357995,,,,,,,,,,
acc,1778672618.0,37.0,-0.30550968927007277,3.9806363450303786,-9.770675043945339,,,,,,,,,,
acc,1778672618.0,37.0,-0.3068865842874803,3.9825161435513805,-9.776166628045807,,,,,,,,,,
acc,1778672618.0,37.0,-0.3086059381308183,3.9857632309924464,-9.775999837013043,,,,,,,,,,
acc,1778672618.0,37.0,-0.31169403887710223,3.98550213725255,-9.778674292169397,,,,,,,,,,
acc,1778672618.0,37.0,-0.3151090394000614,3.982829645151795,-9.780295044135903,,,,,,,,,,
acc,1778672618.0,37.0,-0.31746360729544226,3.9822757418969124,-9.78186557374617,,,,,,,,,,
acc,1778672618.0,37.0,-0.3187318754135157,3.981371901176615,-9.782711899103576,,,,,,,,,,
acc,1778672618.0,37.0,-0.3189592185570119,3.982890053824183,-9.779752391922175,,,,,,,,,,
acc,1778672618.0,37.0,-0.3191844958020546,3.983365001674904,-9.78203778532185,,,,,,,,,,
acc,1778672618.0,37.0,-0.3186977932877386,3.9838356336090976,-9.780504269173235,,,,,,,,,,
acc,1778672618.0,37.0,-0.3182155135061966,3.9846569597066654,-9.778629726523619,,,,,,,,,,
acc,1778672618.0,37.0,-0.317063177993354,3.9847608896668665,-9.78060585432486,,,,,,,,,,
acc,1778672618.0,37.0,-0.3155663521385753,3.985218836974642,-9.781108665152694,,,,,,,,,,
acc,1778672618.0,37.0,-0.31443808991991035,3.986027593712739,-9.78029352468102,,,,,,,,,,
acc,1778672618.0,37.0,-0.31434948951007147,3.9868290011669782,-9.781509097238212,,,,,,,,,,
acc,1778672618.0,37.0,-0.31529109427188673,3.986913193487306,-9.783068594580746,,,,,,,,,,
acc,1778672618.0,37.0,-0.31590466604090073,3.9859672116057587,-9.783229549648059,,,,,,,,,,
acc,1778672618.0,37.0,-0.31615770042531594,3.9874436060346126,-9.783034080321075,,,,,,,,,,
acc,1778672618.0,37.0,-0.317082873725526,3.9889065842639693,-9.782165948976692,,,,,,,,,,
acc,1778672618.0,37.0,-0.3173252015744538,3.9872325646190427,-9.77850147028527,,,,,,,,,,
acc,1778672618.0,37.0,-0.3151160620413002,3.9876680514761405,-9.777674527392492,,,,,,,,,,
acc,1778672618.0,37.0,-0.3115426263552151,3.9867152100960928,-9.774015368507628,,,,,,,,,,
acc,1778672618.0,37.0,-0.30938603387942787,3.987155398224988,-9.77290972402599,,,,,,,,,,
acc,1778672618.0,37.0,-0.30831393306390825,3.9868816536697267,-9.770749223193437,,,,,,,,,,
acc,1778672618.0,37.0,-0.3065416419421352,3.983486693079299,-9.76963776426415,,,,,,,,,,
acc,1778672618.0,37.0,-0.3034010940528934,3.979767621189859,-9.769885272776266,,,,,,,,,,
acc,1778672618.0,37.0,-0.3006440465282582,3.976437306792287,-9.767716761188817,,,,,,,,,,
acc,1778672618.0,37.0,-0.29929642358226866,3.9752315589623914,-9.770821456656465,,,,,,,,,,
acc,1778672618.0,37.0,-0.2993454175796792,3.9736818061556405,-9.767934505203161,,,,,,,,,,
acc,1778672618.0,37.0,-0.29800959545378647,3.972501097939505,-9.769262385872373,,,,,,,,,,
acc,1778672618.0,37.0,-0.2977153121750432,3.9720410516155398,-9.768554894171935,,,,,,,,,,
acc,1778672618.0,37.0,-0.29813363572299,3.9694908822537656,-9.767498869772576,,,,,,,,,,
acc,1778672618.0,37.0,-0.2985481579072471,3.967638324906272,-9.766452441612364,,,,,,,,,,
acc,1778672618.0,37.0,-0.29721958058979264,3.9640632693209836,-9.765415522488953,,,,,,,,,,
acc,1778672618.0,37.0,-0.29693247628491565,3.960165729897565,-9.765701399093548,,,,,,,,,,
acc,1778672618.0,37.0,-0.29771287534384006,3.9612021476698676,-9.764316333936362,,,,,,,,,,
acc,1778672618.0,37.0,-0.2988056593097004,3.9590699403344503,-9.767132462141225,,,,,,,,,,
acc,1778672618.0,37.0,-0.29921407472307704,3.954898308565671,-9.76569889835713,,,,,,,,,,
acc,1778672618.0,37.0,-0.29926381703591176,3.94969968149469,-9.761545123195415,,,,,,,,,,
acc,1778672618.0,37.0,-0.2975737655648246,3.943873865876878,-9.760517303190355,,,,,,,,,,
acc,1778672618.0,37.0,-0.2955441100507657,3.9405147612035196,-9.756020148677015,,,,,,,,,,
acc,1778672618.0,37.0,-0.29353289829587764,3.9392804847190384,-9.75362266960826,,,,,,,,,,
acc,1778672618.0,37.0,-0.29260485710662526,3.937702453414377,-9.754370680351611,,,,,,,,,,
acc,1778672618.0,37.0,-0.29200471656898463,3.937558627165518,-9.753088578996048,,,,,,,,,,
acc,1778672618.0,37.0,-0.29211997131220463,3.938090546159682,-9.753167004820252,,,,,,,,,,
acc,1778672618.0,37.0,-0.2915242369985541,3.936168357130009,-9.755693983293737,,,,,,,,,,
acc,1778672618.0,37.0,-0.29128888706522676,3.9325243026152266,-9.754754827762671,,,,,,,,,,
acc,1778672618.0,37.0,-0.2907007049285816,3.9278839620781336,-9.755883006562309,,,,,,,,,,
acc,1778672618.0,37.0,-0.28908846763648544,3.9257350542700933,-9.757000933445827,,,,,,,,,,
acc,1778672618.0,37.0,-0.28749088096669234,3.9204464759336872,-9.754949503624244,,,,,,,,,,
acc,1778672618.0,37.0,-0.28590781178697977,3.9162708591315245,-9.756040419017603,,,,,,,,,,
acc,1778672618.0,37.0,-0.2833097281273878,3.9128076159212446,-9.756766459339111,,,,,,,,,,
acc,1778672618.0,37.0,-0.28105472102532597,3.9083464436314297,-9.75649198725748,,,,,,,,,,
acc,1778672618.0,37.0,-0.27882020548334957,3.90637507594413,-9.759024245517573,,,,,,,,,,
acc,1778672618.0,37.0,-0.27802586055984774,3.906835393302122,-9.759368200536183,,,,,,,,,,
acc,1778672618.0,37.0,-0.2786231048661608,3.908001460326898,-9.761483866116762,,,,,,,,,,
acc,1778672618.0,37.0,-0.2795698837046483,3.9074175984584976,-9.764645200760295,,,,,,,,,,
acc,1778672618.0,37.0,-0.27944316462600016,3.9050997095417648,-9.763944171696911,,,,,,,,,,
acc,1778672618.0,37.0,-0.2807019679691724,3.8979398473296514,-9.765308313076225,,,,,,,,,,
acc,1778672618.0,37.0,-0.28056496148490717,3.8918744478190104,-9.766305096541526,,,,,,,,,,
acc,1778672618.0,37.0,-0.2800742291368591,3.8896978016526687,-9.766227918603624,,,,,,,,,,
acc,1778672618.0,37.0,-0.28132729790991395,3.8896352294247705,-9.769701114249454,,,,,,,,,,
acc,1778672618.0,37.0,-0.28224950337380406,3.8895732257993245,-9.77172288322012,,,,,,,,,,
acc,1778672618.0,37.0,-0.2834828051302992,3.889156823835926,-9.770993032641433,,,,,,,,,,
acc,1778672618.0,37.0,-0.2850598614773241,3.887679302279932,-9.77374848876568,,,,,,,,,,
acc,1778672618.0,37.0,-0.2852382250751749,3.8862152071657947,-9.773319698643965,,,,,,,,,,
acc,1778672619.0,38.0,-0.2854149678584486,3.8854743582067344,-9.77317877805074,,,,,,,,,,
acc,1778672619.0,38.0,-0.28559010455571054,3.8864795741257283,-9.77133529970073,,,,,,,,,,
acc,1778672619.0,38.0,-0.2854086789011122,3.8905993590988714,-9.771957847695047,,,,,,,,,,
acc,1778672619.0,38.0,-0.284873931025849,3.8922679360629764,-9.770125464107322,,,,,,,,,,
acc,1778672619.0,38.0,-0.2846990133387446,3.8945957887125124,-9.770404035183715,,,,,,,,,,
acc,1778672619.0,38.0,-0.28452568515275173,3.8951631460757663,-9.771035045706947,,,,,,,,,,
acc,1778672619.0,38.0,-0.28332453197632657,3.8936310442424165,-9.771305351290081,,,,,,,,,,
acc,1778672619.0,38.0,-0.2821342938442328,3.8917933974159005,-9.770898762295063,,,,,,,,,,
acc,1778672619.0,38.0,-0.2819842716174877,3.8889075551317247,-9.768721040988783,,,,,,,,,,
acc,1778672619.0,38.0,-0.2821905835239506,3.8895266022568844,-9.770432239519483,,,,,,,,,,
acc,1778672619.0,38.0,-0.2831049441925783,3.8929442601916846,-9.768613719343348,,,,,,,,,,
acc,1778672619.0,38.0,-0.28433047244054593,3.89249722517452,-9.768267093025562,,,,,,,,,,
acc,1778672619.0,38.0,-0.28589982591798585,3.8930836524736483,-9.768562551375902,,,,,,,,,,
acc,1778672619.0,38.0,-0.2860705566432884,3.889831114603502,-9.770630160984114,,,,,,,,,,
acc,1778672619.0,38.0,-0.28588476505440463,3.8859337038059505,-9.77022970753639,,,,,,,,,,
acc,1778672619.0,38.0,-0.28779496532138577,3.8827461385040047,-9.770826807839045,,,,,,,,,,
acc,1778672619.0,38.0,-0.2900427691089126,3.880297471680943,-9.773193309250473,,,,,,,,,,
acc,1778672619.0,38.0,-0.29191518502042957,3.8796103979991963,-9.773798973256135,,,,,,,,,,
acc,1778672619.0,38.0,-0.29238621512259666,3.8817337949395974,-9.777522837099207,,,,,,,,,,
acc,1778672619.0,38.0,-0.2935274031834501,3.880323727469449,-9.777734187228491,,,,,,,,,,
acc,1778672619.0,38.0,-0.2939837828371427,3.87892647347659,-9.780428385552645,,,,,,,,,,
acc,1778672619.0,38.0,-0.2947909770795073,3.879316752651778,-9.78405651265329,,,,,,,,,,
acc,1778672619.0,38.0,-0.29523587446319294,3.8772542199908075,-9.786693259135628,,,,,,,,,,
acc,1778672619.0,38.0,-0.2953217672296483,3.8745004972141612,-9.784372011061414,,,,,,,,,,
acc,1778672619.0,38.0,-0.2950519086161329,3.873511130577153,-9.785550521851196,,,,,,,,,,
acc,1778672619.0,38.0,-0.2920157695159367,3.870116983495396,-9.785049988476565,,,,,,,,,,
acc,1778672619.0,38.0,-0.28900722022986686,3.8691674504512275,-9.783844070883632,,,,,,,,,,
acc,1778672619.0,38.0,-0.2881203045004555,3.8696464112126137,-9.785737320859662,,,,,,,,,,
acc,1778672619.0,38.0,-0.2886258192045208,3.8683461834630104,-9.784134692162217,,,,,,,,,,
acc,1778672619.0,38.0,-0.2884168075928443,3.8716013399196854,-9.786060795582582,,,,,,,,,,
acc,1778672619.0,38.0,-0.2864703626169301,3.8758563254560197,-9.786159065747405,,,,,,,,,,
acc,1778672619.0,38.0,-0.2831572343464657,3.8765939709025963,-9.785901472057134,,,,,,,,,,
acc,1778672619.0,38.0,-0.28196851647097393,3.877324913263415,-9.786356160877347,,,,,,,,,,
acc,1778672619.0,38.0,-0.28217497154662297,3.878049213450339,-9.785457841329446,,,,,,,,,,
acc,1778672619.0,38.0,-0.281669608815421,3.877737531774189,-9.786271523256612,,,,,,,,,,
acc,1778672619.0,38.0,-0.2801394383374254,3.8812623186160007,-9.787468276364539,,,,,,,,,,
acc,1778672619.0,38.0,-0.27965257277681954,3.885429513508457,-9.786595345229967,,,,,,,,,,
acc,1778672619.0,38.0,-0.2802350349251938,3.889239373113519,-9.787789155723027,,,,,,,,,,
acc,1778672619.0,38.0,-0.2797473006652298,3.8933340794131936,-9.786167881719612,,,,,,,,,,
acc,1778672619.0,38.0,-0.278944531100135,3.897746538326255,-9.785945711364441,,,,,,,,,,
acc,1778672619.0,38.0,-0.2781490564126319,3.8986402352544354,-9.786045027315403,,,,,,,,,,
acc,1778672619.0,38.0,-0.27910014299470026,3.8964021074459154,-9.785540000301518,,,,,,,,,,
acc,1778672619.0,38.0,-0.2800425869220182,3.8913800816368966,-9.786707897412226,,,,,,,,,,
acc,1778672619.0,38.0,-0.2799115723241353,3.8857292533939214,-9.784422010677893,,,,,,,,,,
acc,1778672619.0,38.0,-0.2783973773658445,3.878745413184432,-9.785955037974848,,,,,,,,,,
acc,1778672619.0,38.0,-0.27618700947165875,3.8756231688693017,-9.784350430851996,,,,,,,,,,
acc,1778672619.0,38.0,-0.27609103103703936,3.874623600360354,-9.782760405015047,,,,,,,,,,
acc,1778672619.0,38.0,-0.2763508956322463,3.874343047702112,-9.785053958545413,,,,,,,,,,
acc,1778672619.0,38.0,-0.2745140952599789,3.874065044464512,-9.784522434062874,,,,,,,,,,
acc,1778672619.0,38.0,-0.2734039187796586,3.8706658638909786,-9.784670177890598,,,,,,,,,,
acc,1778672619.0,38.0,-0.27297825981285834,3.8658777068714185,-9.7838226734622,,,,,,,,,,
acc,1778672619.0,38.0,-0.2729114397282824,3.861842993128106,-9.784651214384963,,,,,,,,,,
acc,1778672619.0,38.0,-0.2728452268470172,3.8602942086997674,-9.784158853141127,,,,,,,,,,
acc,1778672619.0,38.0,-0.2724246447907493,3.8590789657023397,-9.78391943565827,,,,,,,,,,
acc,1778672619.0,38.0,-0.27307278811612934,3.859294631053405,-9.78368219379505,,,,,,,,,,
acc,1778672619.0,38.0,-0.27407000344728794,3.859863307484298,-9.783802078641886,,,,,,,,,,
acc,1778672619.0,38.0,-0.2750581569454005,3.857267618324593,-9.783601406665088,,,,,,,,,,
acc,1778672619.0,38.0,-0.27603733095659183,3.853311145641647,-9.78340255822218,,,,,,,,,,
acc,1778672619.0,38.0,-0.2762976835318251,3.853224262194485,-9.783524984155976,,,,,,,,,,
acc,1778672619.0,38.0,-0.2765556702473527,3.854167568316701,-9.784391724582377,,,,,,,,,,
acc,1778672619.0,38.0,-0.2768113126020676,3.85336296980474,-9.787025424947752,,,,,,,,,,
acc,1778672619.0,38.0,-0.2767096610389261,3.8563993190139096,-9.784736652796974,,,,,,,,,,
acc,1778672619.0,38.0,-0.2783482658790749,3.8590531147262284,-9.78978098970779,,,,,,,,,,
acc,1778672619.0,38.0,-0.27929754221728753,3.8627476894388852,-9.788532080855138,,,,,,,,,,
acc,1778672619.0,38.0,-0.2798832305772494,3.8670831293164216,-9.788252923249782,,,,,,,,,,
acc,1778672619.0,38.0,-0.28046359670642607,3.8689654014991044,-9.787692329334426,,,,,,,,,,
acc,1778672619.0,38.0,-0.2810386889686616,3.8732443401708756,-9.786817362199663,,,,,,,,,,
acc,1778672619.0,38.0,-0.28263795533583946,3.8774843955376608,-9.786553786478873,,,,,,,,,,
acc,1778672619.0,38.0,-0.28319328890176704,3.8816859209374077,-9.787002547628102,,,,,,,,,,
acc,1778672619.0,38.0,-0.2840985378485386,3.885529799083713,-9.786453316048217,,,,,,,,,,
acc,1778672619.0,38.0,-0.28499556067346427,3.8872444438378317,-9.787293446319437,,,,,,,,,,
acc,1778672619.0,38.0,-0.2855294703550105,3.8885885365183634,-9.785676676895637,,,,,,,,,,
acc,1778672619.0,38.0,-0.28534859569174414,3.8885360443355035,-9.787943729861809,,,,,,,,,,
acc,1778672619.0,38.0,-0.28413996461392377,3.885005363793264,-9.78706647821583,,,,,,,,,,
acc,1778672619.0,38.0,-0.28361674572010964,3.880086901763323,-9.786800638743493,,,,,,,,,,
acc,1778672619.0,38.0,-0.28345325224901213,3.8783723324247505,-9.788312051119643,,,,,,,,,,
acc,1778672619.0,38.0,-0.28261680619150925,3.875963410979871,-9.785301654585645,,,,,,,,,,
acc,1778672619.0,38.0,-0.2817879610345223,3.878119948593563,-9.783348013987057,,,,,,,,,,
acc,1778672619.0,38.0,-0.2812861151211411,3.881641260361073,-9.784571333426328,,,,,,,,,,
acc,1778672619.0,38.0,-0.2807888295506867,3.8816518990334004,-9.78503810939946,,,,,,,,,,
acc,1778672619.0,38.0,-0.2817159281507124,3.8816624410306475,-9.784187261526773,,,,,,,,,,
acc,1778672619.0,38.0,-0.2829540785787413,3.8816728872313138,-9.788136192977223,,,,,,,,,,
acc,1778672619.0,38.0,-0.28386150126266113,3.8823576767800088,-9.791055334256143,,,,,,,,,,
acc,1778672619.0,38.0,-0.2840507545248151,3.883391214412342,-9.788729941764501,,,,,,,,,,
acc,1778672619.0,38.0,-0.2856226498374767,3.8872195963219958,-9.791288716705848,,,,,,,,,,
acc,1778672619.0,38.0,-0.2847664901653282,3.887853982161317,-9.789671136069753,,,,,,,,,,
acc,1778672619.0,38.0,-0.2845925488081195,3.8888375741097247,-9.788068254611664,,,,,,,,,,
acc,1778672619.0,38.0,-0.285130120713987,3.890877122430086,-9.78885821535384,,,,,,,,,,
acc,1778672619.0,38.0,-0.28566280762991403,3.8883545682363274,-9.786907759244814,,,,,,,,,,
acc,1778672619.0,38.0,-0.28548072131246804,3.887594278608596,-9.787033827294113,,,,,,,,,,
acc,1778672619.0,38.0,-0.28530028963846477,3.8854565269293144,-9.787868682379697,,,,,,,,,,
acc,1778672619.0,38.0,-0.28409209752440306,3.883338201293943,-9.785536753072591,,,,,,,,,,
acc,1778672619.0,38.0,-0.2846342171000055,3.882268525222875,-9.78432641218274,,,,,,,,,,
acc,1778672619.0,38.0,-0.28272214504482035,3.8801791693980467,-9.78660573519031,,,,,,,,,,
acc,1778672619.0,38.0,-0.2832767135672682,3.8854211014240567,-9.78467574767873,,,,,,,,,,
acc,1778672619.0,38.0,-0.28521061355728156,3.888521095749742,-9.790040105456262,,,,,,,,,,
acc,1778672619.0,38.0,-0.286097530797092,3.8881142546369984,-9.786623540634038,,,,,,,,,,
acc,1778672619.0,38.0,-0.28765082677189496,3.8884210431794837,-9.787462124051004,,,,,,,,,,
acc,1778672619.0,38.0,-0.28745067505072514,3.886950207763643,-9.788293087144975,,,,,,,,,,
acc,1778672619.0,38.0,-0.2865779038617167,3.8820140726687082,-9.78492790116579,,,,,,,,,,
acc,1778672619.0,38.0,-0.28535810189126126,3.8802819908627173,-9.786491825726129,,,,,,,,,,
acc,1778672619.0,38.0,-0.2845043462027323,3.8785656487226317,-9.783462475471039,,,,,,,,,,
acc,1778672619.0,38.0,-0.28330338693628465,3.8768649032199396,-9.782945413014367,,,,,,,,,,
acc,1778672619.0,38.0,-0.28246830272551726,3.8769189453073865,-9.782433049175447,,,,,,,,,,
acc,1778672619.0,38.0,-0.28267021617464305,3.873493830943868,-9.780505475989273,,,,,,,,,,
acc,1778672619.0,38.0,-0.28216035308730353,3.8732235446559,-9.781364160742301,,,,,,,,,,
acc,1778672619.0,38.0,-0.28027076137509077,3.8718908110020713,-9.779126833279003,,,,,,,,,,
acc,1778672619.0,38.0,-0.2791082732770014,3.8664170844453256,-9.77726480757905,,,,,,,,,,
acc,1778672619.0,38.0,-0.2796956815498889,3.86166753666971,-9.777088037237629,,,,,,,,,,
acc,1778672619.0,38.0,-0.28027775196290555,3.8549023485937606,-9.776664403626095,,,,,,,,,,
acc,1778672619.0,38.0,-0.27947016211381753,3.847133733218945,-9.776528592685134,,,,,,,,,,
acc,1778672619.0,38.0,-0.27795997831089686,3.843624319406118,-9.779233746412931,,,,,,,,,,
acc,1778672619.0,38.0,-0.2782028595248436,3.8467491650726218,-9.777015778318034,,,,,,,,,,
acc,1778672619.0,38.0,-0.2798278954647146,3.850910518330797,-9.77936153406232,,,,,,,,,,
acc,1778672619.0,38.0,-0.28076372620511486,3.856063456846361,-9.777497375604026,,,,,,,,,,
acc,1778672619.0,38.0,-0.27924178760715296,3.8590752663578853,-9.777070022278386,,,,,,,,,,
acc,1778672619.0,38.0,-0.27702374644081623,3.860320374460069,-9.775901125377343,,,,,,,,,,
acc,1778672619.0,38.0,-0.2772751353226999,3.8615541680934578,-9.776482183084953,,,,,,,,,,
acc,1778672619.0,38.0,-0.2789086016201576,3.8610374173926503,-9.776028551506487,,,,,,,,,,
acc,1778672619.0,38.0,-0.27914286256345316,3.8608803242500613,-9.775898518641304,,,,,,,,,,
acc,1778672619.0,38.0,-0.2758963202950837,3.8614345912685017,-9.7778994653047,,,,,,,,,,
acc,1778672619.0,38.0,-0.27406365071150707,3.863013221633743,-9.774983689371975,,,,,,,,,,
acc,1778672619.0,38.0,-0.27331252925626737,3.8617732705913346,-9.774543674812245,,,,,,,,,,
acc,1778672619.0,38.0,-0.27256823334513236,3.8608995580153818,-9.774143162172468,,,,,,,,,,
acc,1778672619.0,38.0,-0.2721501683669623,3.859004384938402,-9.773000862052282,,,,,,,,,,
acc,1778672619.0,38.0,-0.27209087326339615,3.855032130018057,-9.773927742265656,,,,,,,,,,
acc,1778672619.0,38.0,-0.2727420496166107,3.8538647042542786,-9.775911103285468,,,,,,,,,,
acc,1778672620.0,39.0,-0.2737422704140622,3.852033457862233,-9.77549816463484,,,,,,,,,,
acc,1778672620.0,39.0,-0.274378440293946,3.8498638813977695,-9.775727913241637,,,,,,,,,,
acc,1778672620.0,39.0,-0.27291452566841057,3.845974687491885,-9.77840483940675,,,,,,,,,,
acc,1778672620.0,39.0,-0.2732032556053557,3.8442151387687358,-9.77651387111749,,,,,,,,,,
acc,1778672620.0,39.0,-0.27384432358703675,3.8428265410805857,-9.778864187761627,,,,,,,,,,
acc,1778672620.0,39.0,-0.27238526255357304,3.8386463255947403,-9.777678987031754,,,,,,,,,,
acc,1778672620.0,39.0,-0.2695550983876916,3.836953370705378,-9.775084691116115,,,,,,,,,,
acc,1778672620.0,39.0,-0.267105614086778,3.8366601708383423,-9.776738062281735,,,,,,,,,,
acc,1778672620.0,39.0,-0.26641772126857544,3.834985264410775,-9.775607676306814,,,,,,,,,,
acc,1778672620.0,39.0,-0.2657360794271452,3.8329706072280025,-9.776546362399975,,,,,,,,,,
acc,1778672620.0,39.0,-0.26506063175900063,3.827140621288851,-9.778860889431437,,,,,,,,,,
acc,1778672620.0,39.0,-0.26506576025092876,3.8251972494584545,-9.780479945762925,,,,,,,,,,
acc,1778672620.0,39.0,-0.2657807747735533,3.826750211765725,-9.782403766007219,,,,,,,,,,
acc,1778672620.0,39.0,-0.2661343300873067,3.828644023864078,-9.78154136241581,,,,,,,,,,
acc,1778672620.0,39.0,-0.26510030168713244,3.8284263321761136,-9.782781099146712,,,,,,,,,,
acc,1778672620.0,39.0,-0.2640756696454321,3.827500676961351,-9.781560304903664,,,,,,,,,,
acc,1778672620.0,39.0,-0.262705377715629,3.824524633207945,-9.780350604186024,,,,,,,,,,
acc,1778672620.0,39.0,-0.2623769378648305,3.8226050332215014,-9.776667127422801,,,,,,,,,,
acc,1778672620.0,39.0,-0.2631163860867695,3.8168692406808455,-9.7813943280015,,,,,,,,,,
acc,1778672620.0,39.0,-0.26349415306744683,3.813989806253032,-9.781925468220365,,,,,,,,,,
acc,1778672620.0,39.0,-0.2635135163669732,3.8139052794586097,-9.781706345813852,,,,,,,,,,
acc,1778672620.0,39.0,-0.26353270370953014,3.814886415178253,-9.783619021591988,,,,,,,,,,
acc,1778672620.0,39.0,-0.2614574131519525,3.816888035230023,-9.782390613032286,,,,,,,,,,
acc,1778672620.0,39.0,-0.2594009810454708,3.8178420662372003,-9.781883290737207,,,,,,,,,,
acc,1778672620.0,39.0,-0.2577182068813162,3.818787427833231,-9.783794358592457,,,,,,,,,,
acc,1778672620.0,39.0,-0.2574350861386989,3.8169199626221286,-9.781144491453267,,,,,,,,,,
acc,1778672620.0,39.0,-0.25786447987440636,3.813330134643041,-9.783807699873279,,,,,,,,,,
acc,1778672620.0,39.0,-0.25690560074200175,3.810482860559182,-9.783571473368525,,,,,,,,,,
acc,1778672620.0,39.0,-0.2556004642157524,3.8083358983211295,-9.78692256010365,,,,,,,,,,
acc,1778672620.0,39.0,-0.25533658769238265,3.804824074916502,-9.786019093607978,,,,,,,,,,
acc,1778672620.0,39.0,-0.25543007991189387,3.8030834966163214,-9.787218140578885,,,,,,,,,,
acc,1778672620.0,39.0,-0.2548482842806383,3.8020686678248676,-9.787341388150258,,,,,,,,,,
acc,1778672620.0,39.0,-0.2545912429199257,3.801382528335919,-9.78572418307244,,,,,,,,,,
acc,1778672620.0,39.0,-0.25540144082403843,3.8024774600195888,-9.786215977301989,,,,,,,,,,
acc,1778672620.0,39.0,-0.25584931457478427,3.8021425766402426,-9.78535442598146,,,,,,,,,,
acc,1778672620.0,39.0,-0.25490874752697645,3.800071403710746,-9.787624407286069,,,,,,,,,,
acc,1778672620.0,39.0,-0.2550061275889909,3.795924748272782,-9.786040124734305,,,,,,,,,,
acc,1778672620.0,39.0,-0.25616751715241537,3.790076441382303,-9.788268380639998,,,,,,,,,,
acc,1778672620.0,39.0,-0.2573183530089359,3.788469876859023,-9.791541291571994,,,,,,,,,,
acc,1778672620.0,39.0,-0.25877820756219777,3.7865229496353785,-9.79269015756951,,,,,,,,,,
acc,1778672620.0,39.0,-0.26022479621608985,3.788072379770611,-9.793438118443001,,,,,,,,,,
acc,1778672620.0,39.0,-0.2613387630190093,3.7920569953363708,-9.79488921512704,,,,,,,,,,
acc,1778672620.0,39.0,-0.261377712644736,3.798099705693852,-9.795652687221578,,,,,,,,,,
acc,1778672620.0,39.0,-0.2621262409638586,3.8012832780211596,-9.794350421444994,,,,,,,,,,
acc,1778672620.0,39.0,-0.26389736735058983,3.8013142171986636,-9.796183693126503,,,,,,,,,,
acc,1778672620.0,39.0,-0.2652974374944981,3.800315466092935,-9.795870507713746,,,,,,,,,,
acc,1778672620.0,39.0,-0.26601034673410473,3.796521554599928,-9.795276195206363,,,,,,,,,,
acc,1778672620.0,39.0,-0.2656518741746905,3.7973056877607942,-9.794332312438005,,,,,,,,,,
acc,1778672620.0,39.0,-0.2642672590572625,3.800851437211844,-9.795775283458065,,,,,,,,,,
acc,1778672620.0,39.0,-0.26463456789676415,3.804719927722763,-9.794116932772024,,,,,,,,,,
acc,1778672620.0,39.0,-0.26535350072369274,3.808908235588232,-9.797017220604705,,,,,,,,,,
acc,1778672620.0,39.0,-0.2657109387355794,3.809579809273122,-9.795702555125352,,,,,,,,,,
acc,1778672620.0,39.0,-0.2657101577984541,3.8102452802754514,-9.79439983619226,,,,,,,,,,
acc,1778672620.0,39.0,-0.26535441309723873,3.8094848387831193,-9.79619716447524,,,,,,,,,,
acc,1778672620.0,39.0,-0.2646824336835953,3.8084118401138327,-9.79418001832486,,,,,,,,,,
acc,1778672620.0,39.0,-0.2650459697740915,3.806993630157787,-9.794949934988407,,,,,,,,,,
acc,1778672620.0,39.0,-0.26611612590894,3.8066177077184493,-9.796777758807785,,,,,,,,,,
acc,1778672620.0,39.0,-0.26717655738761426,3.8048608304299867,-9.795429774990842,,,,,,,,,,
acc,1778672620.0,39.0,-0.26751742903253306,3.802409985493384,-9.797927667624991,,,,,,,,,,
acc,1778672620.0,39.0,-0.2668257939952052,3.80207571526435,-9.800047899791341,,,,,,,,,,
acc,1778672620.0,39.0,-0.26645991135422975,3.799330711639291,-9.801438932481998,,,,,,,,,,
acc,1778672620.0,39.0,-0.26783669530787535,3.7976400522877305,-9.804237189935046,,,,,,,,,,
acc,1778672620.0,39.0,-0.2685265299620372,3.795609794417092,-9.807648963151433,,,,,,,,,,
acc,1778672620.0,39.0,-0.26747076331215874,3.792568585731793,-9.808260991298544,,,,,,,,,,
acc,1778672620.0,39.0,-0.2667795523326585,3.789909974702074,-9.808547990448078,,,,,,,,,,
acc,1778672620.0,39.0,-0.2664140898960388,3.787594990250433,-9.808477410736243,,,,,,,,,,
acc,1778672620.0,39.0,-0.26747181373492807,3.788105278557432,-9.808726948892627,,,,,,,,,,
acc,1778672620.0,39.0,-0.26919436416572134,3.7886109298043107,-9.810039113868863,,,,,,,,,,
acc,1778672620.0,39.0,-0.2698718614960001,3.7887570243552378,-9.810309954973725,,,,,,,,,,
acc,1778672620.0,39.0,-0.27018824054130136,3.786452516922177,-9.809193964000068,,,,,,,,,,
acc,1778672620.0,39.0,-0.2694723354719817,3.7827845799574256,-9.810182417732188,,,,,,,,,,
acc,1778672620.0,39.0,-0.268762935930618,3.7826286484912157,-9.809458050927496,,,,,,,,,,
acc,1778672620.0,39.0,-0.2683794502141014,3.7800603630400835,-9.810408601418283,,,,,,,,,,
acc,1778672620.0,39.0,-0.27009375282721304,3.7785448160000663,-9.808936752257363,,,,,,,,,,
acc,1778672620.0,39.0,-0.27214744819696685,3.779847277120835,-9.808188201539336,,,,,,,,,,
acc,1778672620.0,39.0,-0.2731530722194044,3.7821673026455587,-9.809150291326391,,,,,,,,,,
acc,1778672620.0,39.0,-0.27308466359041583,3.786560549320946,-9.807334905741993,,,,,,,,,,
acc,1778672620.0,39.0,-0.2733718474606331,3.7895295030506757,-9.805926482036893,,,,,,,,,,
acc,1778672620.0,39.0,-0.273656421651472,3.7903771739468826,-9.804530856871965,,,,,,,,,,
acc,1778672620.0,39.0,-0.27290900074278257,3.7908621801674824,-9.804141819632722,,,,,,,,,,
acc,1778672620.0,39.0,-0.2721683717508217,3.7882190754801246,-9.802016975859773,,,,,,,,,,
acc,1778672620.0,39.0,-0.27175394037002626,3.7845350855544746,-9.80101183868931,,,,,,,,,,
acc,1778672620.0,39.0,-0.27134327498426164,3.787167483178952,-9.80242960629437,,,,,,,,,,
acc,1778672620.0,39.0,-0.27235620663942994,3.789420988983121,-9.800355825086877,,,,,,,,,,
acc,1778672620.0,39.0,-0.27403437191924435,3.789914684188168,-9.800679165210523,,,,,,,,,,
acc,1778672620.0,39.0,-0.27431292565908816,3.792498196659008,-9.802064461505381,,,,,,,,,,
acc,1778672620.0,39.0,-0.27423397728216364,3.7947032615356626,-9.802407769374502,,,,,,,,,,
acc,1778672620.0,39.0,-0.2745107171805859,3.7961783560501035,-9.801718548423073,,,,,,,,,,
acc,1778672620.0,39.0,-0.2737555331707738,3.7976400461775484,-9.799615725249328,,,,,,,,,,
acc,1778672620.0,39.0,-0.2733266790355788,3.797349121043971,-9.799981285122037,,,,,,,,,,
acc,1778672620.0,39.0,-0.27258225454345053,3.79532150690561,-9.799349617414228,,,,,,,,,,
acc,1778672620.0,39.0,-0.2725190330132937,3.7933123179761576,-9.800037062859001,,,,,,,,,,
acc,1778672620.0,39.0,-0.27281135684646124,3.7913213868232036,-9.799404888291214,,,,,,,,,,
acc,1778672620.0,39.0,-0.2723910825715528,3.7897035093092537,-9.799417393207824,,,,,,,,,,
acc,1778672620.0,39.0,-0.2705902655658948,3.7867159718501155,-9.801204620619124,,,,,,,,,,
acc,1778672620.0,39.0,-0.26951574546637613,3.784784982602827,-9.800845809346784,,,,,,,,,,
acc,1778672620.0,39.0,-0.27228462590262714,3.784965844062865,-9.801519658689417,,,,,,,,,,
acc,1778672620.0,39.0,-0.2750283451410367,3.7847900911493353,-9.8043171825723,,,,,,,,,,
acc,1778672620.0,39.0,-0.2742684573746627,3.7856808297341793,-9.803610610520186,,,,,,,,,,
acc,1778672620.0,39.0,-0.2731605130396344,3.786208512281399,-9.803904373960366,,,,,,,,,,
acc,1778672620.0,39.0,-0.2706782658392578,3.7832527343415676,-9.803485526210562,,,,,,,,,,
acc,1778672620.0,39.0,-0.268538042574554,3.7789394450548297,-9.801721617126894,,,,,,,,,,
acc,1778672620.0,39.0,-0.2692215039895173,3.7739554185878377,-9.800364202148478,,,,,,,,,,
acc,1778672620.0,39.0,-0.2678044511543693,3.7686617117951546,-9.801432893142536,,,,,,,,,,
acc,1778672620.0,39.0,-0.2660453135000486,3.7655104131872315,-9.802811340207876,,,,,,,,,,
acc,1778672620.0,39.0,-0.2653670557792973,3.759938485548195,-9.802118451952705,,,,,,,,,,
acc,1778672620.0,39.0,-0.26433999970642535,3.7568664560985,-9.801076898295095,,,,,,,,,,
acc,1778672620.0,39.0,-0.26261234399952016,3.7545322752374886,-9.801038715066621,,,,,,,,,,
acc,1778672620.0,39.0,-0.25951601682984665,3.753248705446942,-9.799297040492782,,,,,,,,,,
acc,1778672620.0,39.0,-0.2568027972721489,3.7547810358079685,-9.797606687115566,,,,,,,,,,
acc,1778672620.0,39.0,-0.25446919488765934,3.753140243722424,-9.795541228991787,,,,,,,,,,
acc,1778672620.0,39.0,-0.25247626568292997,3.7532536944220607,-9.79555334915262,,,,,,,,,,
acc,1778672620.0,39.0,-0.25050144650034084,3.753721085040139,-9.792477149946158,,,,,,,,,,
acc,1778672620.0,39.0,-0.24889954363220002,3.754894151962175,-9.795001873490712,,,,,,,,,,
acc,1778672620.0,39.0,-0.2494065010181389,3.756730997337634,-9.79228565648011,,,,,,,,,,
acc,1778672620.0,39.0,-0.25164818429403313,3.7596160545407864,-9.79520258537265,,,,,,,,,,
acc,1778672620.0,39.0,-0.2542244588587207,3.762119923971244,-9.793513944513064,,,,,,,,,,
acc,1778672620.0,39.0,-0.2550379897801094,3.7625067459403936,-9.793225019473622,,,,,,,,,,
acc,1778672620.0,39.0,-0.25445975712587815,3.764274414626002,-9.793648652569813,,,,,,,,,,
acc,1778672620.0,39.0,-0.2531768463173986,3.766380991123402,-9.793074530366106,,,,,,,,,,
acc,1778672620.0,39.0,-0.2522605643566855,3.766729092188525,-9.793854492750976,,,,,,,,,,
acc,1778672620.0,39.0,-0.252736979684437,3.767428991784766,-9.792888034828705,,,,,,,,,,
acc,1778672620.0,39.0,-0.2532090657604955,3.7670576278024073,-9.79473459541879,,,,,,,,,,
acc,1778672620.0,39.0,-0.2526474527907014,3.7625365348185316,-9.795854443424483,,,,,,,,,,
acc,1778672620.0,39.0,-0.252410410688826,3.7549328220395854,-9.793449946407002,,,,,,,,,,
acc,1778672620.0,39.0,-0.25324042611575676,3.7508768796960212,-9.796995239150812,,,,,,,,,,
acc,1778672620.0,39.0,-0.25267852817009556,3.7482421651672,-9.795680773419958,,,,,,,,,,
acc,1778672620.0,39.0,-0.25279617454254133,3.7501394580627454,-9.794378252420222,,,,,,,,,,
acc,1778672620.0,39.0,-0.25429712275430055,3.7520195099964626,-9.794755911569892,,,,,,,,,,
acc,1778672621.0,40.0,-0.2551099933688632,3.752143144957809,-9.797650392914239,,,,,,,,,,
acc,1778672621.0,40.0,-0.25556051554277104,3.7505263237496984,-9.796294479350996,,,,,,,,,,
acc,1778672621.0,40.0,-0.2563619055330763,3.746510423862937,-9.799139485158115,,,,,,,,,,
acc,1778672621.0,40.0,-0.2560911096875939,3.7428504844250168,-9.799154401829545,,,,,,,,,,
acc,1778672621.0,40.0,-0.25688767809583424,3.742702468723873,-9.798175277263516,,,,,,,,,,
acc,1778672621.0,40.0,-0.2569670753432404,3.743975663329807,-9.798163461464954,,,,,,,,,,
acc,1778672621.0,40.0,-0.25601635104939685,3.7434979555594814,-9.798151753038182,,,,,,,,,,
acc,1778672621.0,40.0,-0.2561036661656691,3.743344056198972,-9.797501207093319,,,,,,,,,,
acc,1778672621.0,40.0,-0.2565451586980284,3.7428720879296264,-9.798205449297232,,,,,,,,,,
acc,1778672621.0,40.0,-0.2566276684663726,3.7399551431853957,-9.80071362244376,,,,,,,,,,
acc,1778672621.0,40.0,-0.256709428457089,3.7332310688961163,-9.800039796438801,,,,,,,,,,
acc,1778672621.0,40.0,-0.2557610454359818,3.727952468104013,-9.802850768033755,,,,,,,,,,
acc,1778672621.0,40.0,-0.25517624227542984,3.724461167365789,-9.801802559719066,,,,,,,,,,
acc,1778672621.0,40.0,-0.25527119157582695,3.7241607905077334,-9.804597512841333,,,,,,,,,,
acc,1778672621.0,40.0,-0.2571046107403925,3.725247514123655,-9.807722038700245,,,,,,,,,,
acc,1778672621.0,40.0,-0.2596313020065285,3.726679324305856,-9.805919631844151,,,,,,,,,,
acc,1778672621.0,40.0,-0.2621350328811651,3.7312218270213875,-9.810735981747229,,,,,,,,,,
acc,1778672621.0,40.0,-0.2632316411004402,3.7350131278422998,-9.81242035558573,,,,,,,,,,
acc,1778672621.0,40.0,-0.2649927225638998,3.7398348709979765,-9.813024519792613,,,,,,,,,,
acc,1778672621.0,40.0,-0.2663828390641375,3.7439028656755613,-9.815007564784247,,,,,,,,,,
acc,1778672621.0,40.0,-0.2670858851102044,3.746549523017184,-9.813493924209872,,,,,,,,,,
acc,1778672621.0,40.0,-0.26707260984602177,3.7460484262294194,-9.812739465289773,,,,,,,,,,
acc,1778672621.0,40.0,-0.26670448435541966,3.7458713503906935,-9.811246435247858,,,,,,,,,,
acc,1778672621.0,40.0,-0.26602023665832764,3.7464058253856467,-9.81115133439651,,,,,,,,,,
acc,1778672621.0,40.0,-0.26427731240684615,3.745906034398049,-9.808998297644639,,,,,,,,,,
acc,1778672621.0,40.0,-0.26290518812150077,3.744700852445976,-9.811727862105414,,,,,,,,,,
acc,1778672621.0,40.0,-0.2619005033790721,3.7410573568327274,-9.81265778650944,,,,,,,,,,
acc,1778672621.0,40.0,-0.26228931925335996,3.741280606389529,-9.814644164056924,,,,,,,,,,
acc,1778672621.0,40.0,-0.26370400195178056,3.7435961307889736,-9.814837664076626,,,,,,,,,,
acc,1778672621.0,40.0,-0.26304702005150277,3.7476299463808544,-9.816484765362935,,,,,,,,,,
acc,1778672621.0,40.0,-0.2616860756022205,3.7505977060874054,-9.814993195623385,,,,,,,,,,
acc,1778672621.0,40.0,-0.26136689829010007,3.7524735938582148,-9.815538485718612,,,,,,,,,,
acc,1778672621.0,40.0,-0.2627899631548453,3.752593102496975,-9.814374982366028,,,,,,,,,,
acc,1778672621.0,40.0,-0.263525658159094,3.7527115251442766,-9.813896490202733,,,,,,,,,,
acc,1778672621.0,40.0,-0.2638997060280871,3.755633107844793,-9.813138373110018,,,,,,,,,,
acc,1778672621.0,40.0,-0.26391538401200926,3.756433838178853,-9.810931776416657,,,,,,,,,,
acc,1778672621.0,40.0,-0.2635759486673592,3.7565173595320855,-9.807715831323803,,,,,,,,,,
acc,1778672621.0,40.0,-0.26221019777090304,3.7594043580913983,-9.809072678824549,,,,,,,,,,
acc,1778672621.0,40.0,-0.260146925006919,3.7622651220972188,-9.806583560241549,,,,,,,,,,
acc,1778672621.0,40.0,-0.26019670502879594,3.7643899573125386,-9.806885802438106,,,,,,,,,,
acc,1778672621.0,40.0,-0.2606010035533319,3.7668504456310696,-9.809670057793662,,,,,,,,,,
acc,1778672621.0,40.0,-0.2599722190268312,3.7671942806984307,-9.808950346874292,,,,,,,,,,
acc,1778672621.0,40.0,-0.2600235866260089,3.76718002042861,-9.809550549168295,,,,,,,,,,
acc,1778672621.0,40.0,-0.2614588583488403,3.7692601932859358,-9.806311661117746,,,,,,,,,,
acc,1778672621.0,40.0,-0.2646559146013206,3.7713214633260352,-9.804877041417548,,,,,,,,,,
acc,1778672621.0,40.0,-0.26746895698991546,3.7789369712265963,-9.8062241910332,,,,,,,,,,
acc,1778672621.0,40.0,-0.2699014660143529,3.78612830509752,-9.803725462691125,,,,,,,,,,
acc,1778672621.0,40.0,-0.271956908720856,3.7876813214220166,-9.804728106000681,,,,,,,,,,
acc,1778672621.0,40.0,-0.27363870247584593,3.7881908252257706,-9.805366676378968,,,,,,,,,,
acc,1778672621.0,40.0,-0.27463077526528273,3.785217033735219,-9.804686070879155,,,,,,,,,,
acc,1778672621.0,40.0,-0.27525887117922276,3.782625227270914,-9.804970061462946,,,,,,,,,,
acc,1778672621.0,40.0,-0.27588125949909437,3.7828257147250848,-9.804257556610441,,,,,,,,,,
acc,1778672621.0,40.0,-0.2771724303646837,3.786503045685224,-9.80216716456669,,,,,,,,,,
acc,1778672621.0,40.0,-0.27951676259024777,3.794335567316724,-9.800805700837328,,,,,,,,,,
acc,1778672621.0,40.0,-0.279745497091055,3.797233868387187,-9.79697184015377,,,,,,,,,,
acc,1778672621.0,40.0,-0.2796171821893799,3.798366499515145,-9.796367519686832,,,,,,,,,,
acc,1778672621.0,40.0,-0.2788155950287945,3.7994888382680627,-9.794348825495184,,,,,,,,,,
acc,1778672621.0,40.0,-0.27869573027522093,3.7988261420455784,-9.791993504595089,,,,,,,,,,
acc,1778672621.0,40.0,-0.27822198388859704,3.7992343713295136,-9.790688995955042,,,,,,,,,,
acc,1778672621.0,40.0,-0.277433075087111,3.7992839292042904,-9.790141768558584,,,,,,,,,,
acc,1778672621.0,40.0,-0.2766513352085489,3.796564294923631,-9.79059341958045,,,,,,,,,,
acc,1778672621.0,40.0,-0.27761603178945793,3.7973480396972894,-9.790047060699669,,,,,,,,,,
acc,1778672621.0,40.0,-0.2799563329477844,3.797059768066812,-9.792593866799864,,,,,,,,,,
acc,1778672621.0,40.0,-0.2801810730122171,3.798513448681877,-9.79373316790133,,,,,,,,,,
acc,1778672621.0,40.0,-0.27830946729062384,3.8041425265852196,-9.794507145156214,,,,,,,,,,
acc,1778672621.0,40.0,-0.276809830881407,3.809365481421871,-9.79317979471822,,,,,,,,,,
acc,1778672621.0,40.0,-0.27567879273533685,3.810387870911474,-9.790480135188353,,,,,,,,,,
acc,1778672621.0,40.0,-0.2731736615805597,3.8089517044914403,-9.789934805738445,,,,,,,,,,
acc,1778672621.0,40.0,-0.26962639140299893,3.806144217805346,-9.786874168649833,,,,,,,,,,
acc,1778672621.0,40.0,-0.2668212974792016,3.801622910455865,-9.785261209259959,,,,,,,,,,
acc,1778672621.0,40.0,-0.26716539741983286,3.800940821625516,-9.786822105003743,,,,,,,,,,
acc,1778672621.0,40.0,-0.2682162940237869,3.799590501843347,-9.78520961872339,,,,,,,,,,
acc,1778672621.0,40.0,-0.2678377757175586,3.7978974817424254,-9.787835886772069,,,,,,,,,,
acc,1778672621.0,40.0,-0.26781766791988004,3.801082891706629,-9.788982920846239,,,,,,,,,,
acc,1778672621.0,40.0,-0.2681527137051014,3.8011156518221694,-9.79082947338496,,,,,,,,,,
acc,1778672621.0,40.0,-0.26919463843000263,3.8011481142420283,-9.790564942504353,,,,,,,,,,
acc,1778672621.0,40.0,-0.2684877623599025,3.7997959107633057,-9.791722680720307,,,,,,,,,,
acc,1778672621.0,40.0,-0.26533804445445314,3.7967166622622766,-9.792479433189163,,,,,,,,,,
acc,1778672621.0,40.0,-0.2632463485169033,3.7967890989060744,-9.788401767032859,,,,,,,,,,
acc,1778672621.0,40.0,-0.2636229345110802,3.798600209989652,-9.789224191461651,,,,,,,,,,
acc,1778672621.0,40.0,-0.2636411275558931,3.8024891577123676,-9.787625371450767,,,,,,,,,,
acc,1778672621.0,40.0,-0.2622747843699007,3.805313365984031,-9.784230749648998,,,,,,,,,,
acc,1778672621.0,40.0,-0.26056589555917026,3.809851252054868,-9.785410544100689,,,,,,,,,,
acc,1778672621.0,40.0,-0.25922749742983864,3.8122535981879326,-9.781397113913027,,,,,,,,,,
acc,1778672621.0,40.0,-0.2575462997351906,3.813924181236837,-9.783348094083948,,,,,,,,,,
acc,1778672621.0,40.0,-0.2548509792679922,3.8128108416513085,-9.782832071026693,,,,,,,,,,
acc,1778672621.0,40.0,-0.25356451337003,3.81238205741001,-9.783705108050125,,,,,,,,,,
acc,1778672621.0,40.0,-0.2536741086729502,3.8144064349057083,-9.783505317258449,,,,,,,,,,
acc,1778672621.0,40.0,-0.25378270806825987,3.8139631512887697,-9.782277941945683,,,,,,,,,,
acc,1778672621.0,40.0,-0.25321588233181574,3.815973161166651,-9.77861244555873,,,,,,,,,,
acc,1778672621.0,40.0,-0.25158931301145493,3.81377630781088,-9.77529972545576,,,,,,,,,,
acc,1778672621.0,40.0,-0.24997752455051173,3.812983779385057,-9.775886248167279,,,,,,,,,,
acc,1778672621.0,40.0,-0.24976474445424493,3.8104591200926454,-9.774728108384608,,,,,,,,,,
acc,1778672621.0,40.0,-0.2509737631880336,3.8083123735874818,-9.776384719866616,,,,,,,,,,
acc,1778672621.0,40.0,-0.2524912719027452,3.8089893619524315,-9.778345753992605,,,,,,,,,,
acc,1778672621.0,40.0,-0.2536755143061247,3.8106896075655436,-9.774680495579188,,,,,,,,,,
acc,1778672621.0,40.0,-0.25378410092825215,3.812729364586055,-9.77669251058589,,,,,,,,,,
acc,1778672621.0,40.0,-0.25389170080879025,3.8133662151455137,-9.773432740643477,,,,,,,,,,
acc,1778672621.0,40.0,-0.25470825554840454,3.8143522494168076,-9.775101123310542,,,,,,,,,,
acc,1778672621.0,40.0,-0.25619182841674065,3.815329323458886,-9.776754345154549,,,,,,,,,,
acc,1778672621.0,40.0,-0.2587268142615558,3.8162975186945864,-9.778392543943985,,,,,,,,,,
acc,1778672621.0,40.0,-0.2619486969749016,3.8161920213994,-9.779660894421982,,,,,,,,,,
acc,1778672621.0,40.0,-0.26407640758888423,3.8167974063195347,-9.780172292230588,,,,,,,,,,
acc,1778672621.0,40.0,-0.2654748507694905,3.817042328250094,-9.779969101175734,,,,,,,,,,
acc,1778672621.0,40.0,-0.2661861478302348,3.814161320951702,-9.779519286939427,,,,,,,,,,
acc,1778672621.0,40.0,-0.2675654195107244,3.8123358938109178,-9.775843364470509,,,,,,,,,,
acc,1778672621.0,40.0,-0.26825771928541375,3.810882025438524,-9.777099376246388,,,,,,,,,,
acc,1778672621.0,40.0,-0.2678788245421282,3.8087314359342415,-9.776640136148666,,,,,,,,,,
acc,1778672621.0,40.0,-0.2678583437281277,3.8125283198115736,-9.777924410997631,,,,,,,,,,
acc,1778672621.0,40.0,-0.26957738170764173,3.814551368200686,-9.778451588470254,,,,,,,,,,
acc,1778672621.0,40.0,-0.2702513985047697,3.820034707320694,-9.780038869816028,,,,,,,,,,
acc,1778672621.0,40.0,-0.27020935778443095,3.8264976186305075,-9.780227356409519,,,,,,,,,,
acc,1778672621.0,40.0,-0.26878332818580597,3.8287486969380398,-9.779739691925284,,,,,,,,,,
acc,1778672621.0,40.0,-0.2659858952935659,3.833073622929094,-9.779575935416034,,,,,,,,,,
acc,1778672621.0,40.0,-0.2663375866489057,3.837004276861485,-9.777709828663113,,,,,,,,,,
acc,1778672621.0,40.0,-0.2666860821364663,3.8391598797187445,-9.780013783116415,,,,,,,,,,
acc,1778672621.0,40.0,-0.2656470398894366,3.842325294363509,-9.777398270587218,,,,,,,,,,
acc,1778672621.0,40.0,-0.26390750692838894,3.848585648039109,-9.78041498884567,,,,,,,,,,
acc,1778672621.0,40.0,-0.263248675750363,3.851310447655638,-9.77960615190613,,,,,,,,,,
acc,1778672621.0,40.0,-0.2629152988755024,3.8564597519583512,-9.77940810544637,,,,,,,,,,
acc,1778672621.0,40.0,-0.2625849514422148,3.8640115291392734,-9.781696627424664,,,,,,,,,,
acc,1778672621.0,40.0,-0.26296754764269387,3.8680160169178825,-9.779065822657484,,,,,,,,,,
acc,1778672621.0,40.0,-0.2637016289122454,3.869179879188449,-9.781357455006619,,,,,,,,,,
acc,1778672621.0,40.0,-0.2630446685761047,3.8685938326007445,-9.78014959761393,,,,,,,,,,
acc,1778672621.0,40.0,-0.26132878372156765,3.8673031697779434,-9.779307677961144,,,,,,,,,,
acc,1778672621.0,40.0,-0.25927352048843416,3.8691834424226497,-9.778473408948189,,,,,,,,,,
acc,1778672621.0,40.0,-0.25794686634935016,3.8727859614524283,-9.779741024594756,,,,,,,,,,
acc,1778672621.0,40.0,-0.2573422003331374,3.876355743895661,-9.77993221774879,,,,,,,,,,
acc,1778672621.0,40.0,-0.2591567999559157,3.8802480580947916,-9.781896509632894,,,,,,,,,,
acc,1778672622.0,41.0,-0.25921557738048645,3.8816557278960797,-9.783133019092125,,,,,,,,,,
acc,1778672622.0,41.0,-0.2585993824124128,3.8854998804107095,-9.783967826999124,,,,,,,,,,
acc,1778672622.0,41.0,-0.2590181960275396,3.884765531724384,-9.783126704930002,,,,,,,,,,
acc,1778672622.0,41.0,-0.2594332038256687,3.884392817939138,-9.783642102801142,,,,,,,,,,
acc,1778672622.0,41.0,-0.2581050986221084,3.8840234910553866,-9.783158911493238,,,,,,,,,,
acc,1778672622.0,41.0,-0.25714403295400656,3.8822731493877884,-9.781970178377282,,,,,,,,,,
acc,1778672622.0,41.0,-0.25757607153008577,3.8829524842716023,-9.784270912805932,,,,,,,,,,
acc,1778672622.0,41.0,-0.25835914588556136,3.8836256459457723,-9.7823621421469,,,,,,,,,,
acc,1778672622.0,41.0,-0.2587801425630919,3.885002623141113,-9.782884487705342,,,,,,,,,,
acc,1778672622.0,41.0,-0.25884234272526274,3.881823518697393,-9.779568450414112,,,,,,,,,,
acc,1778672622.0,41.0,-0.2578745776184657,3.8800931684815816,-9.777347440817863,,,,,,,,,,
acc,1778672622.0,41.0,-0.2590099011814429,3.8776686095624684,-9.774401186847756,,,,,,,,,,
acc,1778672622.0,41.0,-0.2601349079028519,3.8766504538522537,-9.773611503795246,,,,,,,,,,
acc,1778672622.0,41.0,-0.2612496915332527,3.8767064446706376,-9.77140913143337,,,,,,,,,,
acc,1778672622.0,41.0,-0.2619993831978458,3.876052003145873,-9.772385970281999,,,,,,,,,,
acc,1778672622.0,41.0,-0.2630972240844743,3.877497803076343,-9.772005065000437,,,,,,,,,,
acc,1778672622.0,41.0,-0.2648595270138692,3.8810247683658465,-9.773686421152682,,,,,,,,,,
acc,1778672622.0,41.0,-0.2652214538328848,3.883454789228603,-9.772938727634394,,,,,,,,,,
acc,1778672622.0,41.0,-0.2645506826383871,3.8851882898830357,-9.77145240151615,,,,,,,,,,
acc,1778672622.0,41.0,-0.26456044510820204,3.885166696209617,-9.771044476255478,,,,,,,,,,
acc,1778672622.0,41.0,-0.2663094515466464,3.885500269621456,-9.767836030778845,,,,,,,,,,
acc,1778672622.0,41.0,-0.2687524971567285,3.8882445827613927,-9.768809844525277,,,,,,,,,,
acc,1778672622.0,41.0,-0.2683691062987878,3.8923483288579948,-9.76771600899703,,,,,,,,,,
acc,1778672622.0,41.0,-0.2676697319528525,3.896095316235149,-9.76762600990334,,,,,,,,,,
acc,1778672622.0,41.0,-0.26697671291791325,3.899453283361416,-9.76753682864381,,,,,,,,,,
acc,1778672622.0,41.0,-0.2662899914423838,3.9027807361779634,-9.767838923007155,,,,,,,,,,
acc,1778672622.0,41.0,-0.265254548526039,3.9025992775223135,-9.767747806976928,,,,,,,,,,
acc,1778672622.0,41.0,-0.26525791486959976,3.9009996025384397,-9.764924280561466,,,,,,,,,,
acc,1778672622.0,41.0,-0.2663261450301773,3.899414464021444,-9.766989457277699,,,,,,,,,,
acc,1778672622.0,41.0,-0.2670297062627385,3.8981987007370233,-9.767261031320114,,,,,,,,,,
acc,1778672622.0,41.0,-0.26808183591092377,3.898058879668442,-9.76657172620411,,,,,,,,,,
acc,1778672622.0,41.0,-0.26912440471210164,3.8985947674472587,-9.766882590586233,,,,,,,,,,
acc,1778672622.0,41.0,-0.26980253777356994,3.900545650808047,-9.768575001009008,,,,,,,,,,
acc,1778672622.0,41.0,-0.27185887945462095,3.903153244497162,-9.768867661357099,,,,,,,,,,
acc,1778672622.0,41.0,-0.2728671257409605,3.903323371667689,-9.77057752752832,,,,,,,,,,
acc,1778672622.0,41.0,-0.27315628640757406,3.903136982008615,-9.77017755236806,,,,,,,,,,
acc,1778672622.0,41.0,-0.27241341029672217,3.90224236255117,-9.77077512661191,,,,,,,,,,
acc,1778672622.0,41.0,-0.27132232302995946,3.901000901763365,-9.768953490573546,,,,,,,,,,
acc,1778672622.0,41.0,-0.2705961123968848,3.9011905875687245,-9.768852246314351,,,,,,,,,,
acc,1778672622.0,41.0,-0.27161583362138036,3.900668617039039,-9.770171787343699,,,,,,,,,,
acc,1778672622.0,41.0,-0.2712064232306601,3.9015357606355416,-9.770059472253974,,,,,,,,,,
acc,1778672622.0,41.0,-0.27080073320854237,3.9020400535181907,-9.768954281186463,,,,,,,,,,
acc,1778672622.0,41.0,-0.2697243005605703,3.9032496964559753,-9.768853029742859,,,,,,,,,,
acc,1778672622.0,41.0,-0.2686576496043116,3.90061471097815,-9.766338936516574,,,,,,,,,,
acc,1778672622.0,41.0,-0.2668907588181778,3.898358640836813,-9.764557612748536,,,,,,,,,,
acc,1778672622.0,41.0,-0.2647849531513723,3.897152471963074,-9.764212341382912,,,,,,,,,,
acc,1778672622.0,41.0,-0.2641181484986803,3.89283356012236,-9.760427036542579,,,,,,,,,,
acc,1778672622.0,41.0,-0.263102441418261,3.8892638274623317,-9.758734938470818,,,,,,,,,,
acc,1778672622.0,41.0,-0.2620959642079599,3.8864009717286847,-9.754963913185152,,,,,,,,,,
acc,1778672622.0,41.0,-0.26145359476811164,3.8835641311593485,-9.754989794142265,,,,,,,,,,
acc,1778672622.0,41.0,-0.2611365300413469,3.883202334666488,-9.751891736325916,,,,,,,,,,
acc,1778672622.0,41.0,-0.26224221179343654,3.8838732259157114,-9.751342094110111,,,,,,,,,,
acc,1778672622.0,41.0,-0.26227295165573133,3.8859578859517785,-9.750761952208899,,,,,,,,,,
acc,1778672622.0,41.0,-0.2616289739065713,3.888698040669101,-9.749122178642455,,,,,,,,,,
acc,1778672622.0,41.0,-0.2616652863459963,3.8900289243150445,-9.749236647692907,,,,,,,,,,
acc,1778672622.0,41.0,-0.2620562396698567,3.891347714038014,-9.74867563827324,,,,,,,,,,
acc,1778672622.0,41.0,-0.2634730403945512,3.8936839288718197,-9.746735355915327,,,,,,,,,,
acc,1778672622.0,41.0,-0.2642025281818525,3.8970638086071423,-9.746552037851943,,,,,,,,,,
acc,1778672622.0,41.0,-0.2655998252872618,3.9010874131839417,-9.74807422394667,,,,,,,,,,
acc,1778672622.0,41.0,-0.2673393867348805,3.904400016437747,-9.747878739405104,,,,,,,,,,
acc,1778672622.0,41.0,-0.26803374050053214,3.905233252294043,-9.749388869580109,,,,,,,,,,
acc,1778672622.0,41.0,-0.26662748103578177,3.9046745455132617,-9.748471515125754,,,,,,,,,,
acc,1778672622.0,41.0,-0.26523400044445106,3.9030560122833577,-9.74795295293101,,,,,,,,,,
acc,1778672622.0,41.0,-0.2645631152371662,3.903546490429921,-9.746019237714327,,,,,,,,,,
acc,1778672622.0,41.0,-0.2638983264561511,3.9057718533026953,-9.747191303663843,,,,,,,,,,
acc,1778672622.0,41.0,-0.2628846169289051,3.906947584861912,-9.745229015299026,,,,,,,,,,
acc,1778672622.0,41.0,-0.26223508089317205,3.908467603247107,-9.745343358613873,,,,,,,,,,
acc,1778672622.0,41.0,-0.2626208564155128,3.908234467247231,-9.745172689821668,,,,,,,,,,
acc,1778672622.0,41.0,-0.2622931846214084,3.9048442518367374,-9.74429364837341,,,,,,,,,,
acc,1778672622.0,41.0,-0.26093909037849405,3.903224176462101,-9.742357691401269,,,,,,,,,,
acc,1778672622.0,41.0,-0.2585679009289163,3.90232876465665,-9.743953495546872,,,,,,,,,,
acc,1778672622.0,41.0,-0.25795759148595304,3.8983177859919476,-9.74099122954278,,,,,,,,,,
acc,1778672622.0,41.0,-0.2576722954224665,3.8939882847821714,-9.744374277956927,,,,,,,,,,
acc,1778672622.0,41.0,-0.258099533604745,3.8907275263936554,-9.743537986147155,,,,,,,,,,
acc,1778672622.0,41.0,-0.2571385185067223,3.8878513698262456,-9.745123064791857,,,,,,,,,,
acc,1778672622.0,41.0,-0.25654119805867737,3.885711281923663,-9.744279968652995,,,,,,,,,,
acc,1778672622.0,41.0,-0.2548844111363597,3.8842650704815296,-9.743764001258373,,,,,,,,,,
acc,1778672622.0,41.0,-0.25462704148593385,3.88528127536462,-9.742542789896515,,,,,,,,,,
acc,1778672622.0,41.0,-0.25543691408354724,3.885613807579898,-9.739948304942379,,,,,,,,,,
acc,1778672622.0,41.0,-0.25588446548389876,3.885943318029141,-9.739116738198998,,,,,,,,,,
acc,1778672622.0,41.0,-0.25529854078837455,3.8852049397641086,-9.736872862749115,,,,,,,,,,
acc,1778672622.0,41.0,-0.2550374078847689,3.8875969748336954,-9.736104737332395,,,,,,,,,,
acc,1778672622.0,41.0,-0.2544591805183008,3.886843569561546,-9.733533261488613,,,,,,,,,,
acc,1778672622.0,41.0,-0.2521468749020054,3.886451972360296,-9.732085550854453,,,,,,,,,,
acc,1778672622.0,41.0,-0.25053001979937795,3.885354001022734,-9.731715890173641,,,,,,,,,,
acc,1778672622.0,41.0,-0.24892785728173378,3.882171703559813,-9.733408397832537,,,,,,,,,,
acc,1778672622.0,41.0,-0.24769521560896532,3.8853012256113826,-9.733630156726182,,,,,,,,,,
acc,1778672622.0,41.0,-0.24821311688950576,3.891526012854725,-9.734204871326794,,,,,,,,,,
acc,1778672622.0,41.0,-0.24908127370322256,3.897339272825703,-9.734774363416683,,,,,,,,,,
acc,1778672622.0,41.0,-0.24887663796183254,3.90068593594712,-9.734344774765912,,,,,,,,,,
acc,1778672622.0,41.0,-0.24728949995264216,3.903292254845857,-9.73391908984637,,,,,,,,,,
acc,1778672622.0,41.0,-0.24607174625855002,3.9034611188102013,-9.73175794050278,,,,,,,,,,
acc,1778672622.0,41.0,-0.24486505845997944,3.9011791829689004,-9.730645829868426,,,,,,,,,,
acc,1778672622.0,41.0,-0.24331437422617833,3.9016867161219126,-9.72993429035705,,,,,,,,,,
acc,1778672622.0,41.0,-0.24316214309452658,3.9032545407458503,-9.726744447940606,,,,,,,,,,
acc,1778672622.0,41.0,-0.2426918278946132,3.9048081183315166,-9.730221464461255,,,,,,,,,,
acc,1778672622.0,41.0,-0.24151585387968222,3.9067025401171462,-9.729123315996288,,,,,,,,,,
acc,1778672622.0,41.0,-0.24106049873658336,3.9068404143495816,-9.72977447923919,,,,,,,,,,
acc,1778672622.0,41.0,-0.23989934883437042,3.9083614066079813,-9.73219456140062,,,,,,,,,,
acc,1778672622.0,41.0,-0.23839378868779146,3.90812923563159,-9.729694112223937,,,,,,,,,,
acc,1778672622.0,41.0,-0.23654693891302989,3.906479309156817,-9.733818763013122,,,,,,,,,,
acc,1778672622.0,41.0,-0.23542680435051988,3.9066192119197316,-9.7305936218587,,,,,,,,,,
acc,1778672622.0,41.0,-0.23431684860503907,3.907077310780492,-9.733325727771858,,,,,,,,,,
acc,1778672622.0,41.0,-0.23321697918027534,3.9057919141522808,-9.73081499953058,,,,,,,,,,
acc,1778672622.0,41.0,-0.2314171717864345,3.905938063368266,-9.7310958284388,,,,,,,,,,
acc,1778672622.0,41.0,-0.22998869035081582,3.9057279136456255,-9.732793970684074,,,,,,,,,,
acc,1778672622.0,41.0,-0.2296380841301707,3.907933453625223,-9.730252580232769,,,,,,,,,,
acc,1778672622.0,41.0,-0.23102999659807355,3.9094445132851967,-9.732313346964055,,,,,,,,,,
acc,1778672622.0,41.0,-0.23031496611072025,3.9102319091039353,-9.731551160135274,,,,,,,,,,
acc,1778672622.0,41.0,-0.23028086239083123,3.911367111521868,-9.731541326397094,,,,,,,,,,
acc,1778672622.0,41.0,-0.23131197207072351,3.908658361975447,-9.733199916894016,,,,,,,,,,
acc,1778672622.0,41.0,-0.23233371191495503,3.906684159843199,-9.733139597229057,,,,,,,,,,
acc,1778672622.0,41.0,-0.23160683438697566,3.9040179649235958,-9.734783664018822,,,,,,,,,,
acc,1778672622.0,41.0,-0.23053159123462194,3.9010210363109676,-9.73644829439431,,,,,,,,,,
acc,1778672622.0,41.0,-0.23120546073354595,3.8987612738353743,-9.736003494502219,,,,,,,,,,
acc,1778672622.0,41.0,-0.2297789031454207,3.9003556823562477,-9.736911613116188,,,,,,,,,,
acc,1778672622.0,41.0,-0.22872027065599312,3.9015806314067443,-9.735433202935537,,,,,,,,,,
acc,1778672622.0,41.0,-0.22696132547177808,3.900700154721552,-9.736381998227428,,,,,,,,,,
acc,1778672622.0,41.0,-0.2269576967462228,3.9022769443647993,-9.738032104319846,,,,,,,,,,
acc,1778672622.0,41.0,-0.22837396626341397,3.900680198466718,-9.738211846955886,,,,,,,,,,
acc,1778672622.0,41.0,-0.22906744239758933,3.9005178276865267,-9.74328849596407,,,,,,,,,,
acc,1778672622.0,41.0,-0.22939964595805792,3.9017413033000774,-9.74313649999175,,,,,,,,,,
acc,1778672622.0,41.0,-0.22869943069149468,3.903663593656245,-9.747813427139022,,,,,,,,,,
acc,1778672622.0,41.0,-0.2283605401509246,3.907307757663892,-9.747300845080442,,,,,,,,,,
acc,1778672622.0,41.0,-0.22802472915536712,3.9091794648826697,-9.74920669188125,,,,,,,,,,
acc,1778672622.0,41.0,-0.22698203708656375,3.91170860191428,-9.74793602204016,,,,,,,,,,
acc,1778672623.0,42.0,-0.22491942005665594,3.914569718102819,-9.748416231632444,,,,,,,,,,
acc,1778672623.0,42.0,-0.22461487899329,3.917049873161098,-9.747862677446502,,,,,,,,,,
acc,1778672623.0,42.0,-0.2243131053365068,3.9181231198007054,-9.746639715209588,,,,,,,,,,
acc,1778672623.0,42.0,-0.22365911216506612,3.9209259463818333,-9.748516075428663,,,,,,,,,,
acc,1778672623.0,42.0,-0.22404046196716754,3.9212540379762806,-9.747961613948394,,,,,,,,,,
acc,1778672623.0,42.0,-0.22441834639109953,3.918455444567587,-9.751636292380091,,,,,,,,,,
acc,1778672623.0,42.0,-0.22514776778780404,3.9153273205891717,-9.751443942279174,,,,,,,,,,
acc,1778672623.0,42.0,-0.22551558997125096,3.9118726514435656,-9.753667111045742,,,,,,,,,,
acc,1778672623.0,42.0,-0.2255250988432889,3.9091593079862554,-9.75310133575536,,,,,,,,,,
acc,1778672623.0,42.0,-0.22553452130689708,3.907500021102139,-9.754209045704664,,,,,,,,,,
acc,1778672623.0,42.0,-0.2258988290078541,3.9117837521522056,-9.755342184101027,,,,,,,,,,
acc,1778672623.0,42.0,-0.22625982619456178,3.914289223666748,-9.75646502551273,,,,,,,,,,
acc,1778672623.0,42.0,-0.22697251381069228,3.915387556708494,-9.756193292601791,,,,,,,,,,
acc,1778672623.0,42.0,-0.22732375427573373,3.9175053181812984,-9.759402703415448,,,,,,,,,,
acc,1778672623.0,42.0,-0.2249030702412327,3.918574426129285,-9.760808113742465,,,,,,,,,,
acc,1778672623.0,42.0,-0.222859345069354,3.920343751580125,-9.763265656406876,,,,,,,,,,
acc,1778672623.0,42.0,-0.2215086297836572,3.9192927718379487,-9.76534590526922,,,,,,,,,,
acc,1778672623.0,42.0,-0.22017018863377572,3.9203456369483978,-9.768507639391029,,,,,,,,,,
acc,1778672623.0,42.0,-0.21848893922237378,3.9210339727551573,-9.76816197703638,,,,,,,,,,
acc,1778672623.0,42.0,-0.21717793841648028,3.9227809479670905,-9.76742899054266,,,,,,,,,,
acc,1778672623.0,42.0,-0.21520441258136205,3.925541448222216,-9.769471406614356,,,,,,,,,,
acc,1778672623.0,42.0,-0.21392325872138504,3.928986805152507,-9.769116986374222,,,,,,,,,,
acc,1778672623.0,42.0,-0.21474805042507852,3.932720321063413,-9.769049759853223,,,,,,,,,,
acc,1778672623.0,42.0,-0.21418097622487253,3.9353905008664083,-9.77388167485997,,,,,,,,,,
acc,1778672623.0,42.0,-0.21326408424544535,3.9366520545568453,-9.772777245270918,,,,,,,,,,
acc,1778672623.0,42.0,-0.21338492423723363,3.93683724084058,-9.776829861110418,,,,,,,,,,
acc,1778672623.0,42.0,-0.2121203043184111,3.9394700096265973,-9.778822344536536,,,,,,,,,,
acc,1778672623.0,42.0,-0.2101927379008557,3.939984559625111,-9.779021885862775,,,,,,,,,,
acc,1778672623.0,42.0,-0.2089571258188848,3.939110062928825,-9.78134941183153,,,,,,,,,,
acc,1778672623.0,42.0,-0.20705830363997269,3.939982845585987,-9.784685196385936,,,,,,,,,,
acc,1778672623.0,42.0,-0.20620613636722557,3.9398182970994196,-9.782737157627906,,,,,,,,,,
acc,1778672623.0,42.0,-0.20465178022183358,3.942778947477249,-9.78815462600012,,,,,,,,,,
acc,1778672623.0,42.0,-0.20417645221937547,3.9422340195671564,-9.785820098283956,,,,,,,,,,
acc,1778672623.0,42.0,-0.20437987277489073,3.941339081718592,-9.789434724508407,,,,,,,,,,
acc,1778672623.0,42.0,-0.20493641568037713,3.9414816763410325,-9.791987094991901,,,,,,,,,,
acc,1778672623.0,42.0,-0.20481346292974412,3.937789338962854,-9.793486871685783,,,,,,,,,,
acc,1778672623.0,42.0,-0.2050110948812081,3.939703532355245,-9.796747855830896,,,,,,,,,,
acc,1778672623.0,42.0,-0.20556190178448547,3.940570922073999,-9.794690202025276,,,,,,,,,,
acc,1778672623.0,42.0,-0.20646267429015144,3.941430429702926,-9.796520386073858,,,,,,,,,,
acc,1778672623.0,42.0,-0.20664531963086177,3.9408977559595604,-9.793399904909803,,,,,,,,,,
acc,1778672623.0,42.0,-0.20615187606125293,3.9372107247463033,-9.793076512716889,,,,,,,,,,
acc,1778672623.0,42.0,-0.207402249162853,3.9335571980934416,-9.789987326504301,,,,,,,,,,
acc,1778672623.0,42.0,-0.20931569822597607,3.9264582061773465,-9.791824751870486,,,,,,,,,,
acc,1778672623.0,42.0,-0.2098273886058497,3.9194237237784333,-9.792971042025233,,,,,,,,,,
acc,1778672623.0,42.0,-0.21171880009287544,3.9149024300053807,-9.79133817386728,,,,,,,,,,
acc,1778672623.0,42.0,-0.2156873276053526,3.911806592759597,-9.7977068927551,,,,,,,,,,
acc,1778672623.0,42.0,-0.21894535428770412,3.912572524036857,-9.79496609486192,,,,,,,,,,
acc,1778672623.0,42.0,-0.22284821310700573,3.9126570569170274,-9.79782317188183,,,,,,,,,,
acc,1778672623.0,42.0,-0.2235919025210942,3.913060289048794,-9.797495088299844,,,,,,,,,,
acc,1778672623.0,42.0,-0.2250387574739305,3.9141697895886565,-9.796140586011019,,,,,,,,,,
acc,1778672623.0,42.0,-0.22750187379122236,3.9156241788048916,-9.799022484628027,,,,,,,,,,
acc,1778672623.0,42.0,-0.22923267479732135,3.915680980877925,-9.801168262401413,,,,,,,,,,
acc,1778672623.0,42.0,-0.23165768041032891,3.9132880014671527,-9.804323950331332,,,,,,,,,,
acc,1778672623.0,42.0,-0.235125544070815,3.9143954327529102,-9.807095991229872,,,,,,,,,,
acc,1778672623.0,42.0,-0.23888137127729758,3.9175871042001744,-9.809523374797495,,,,,,,,,,
acc,1778672623.0,42.0,-0.24192863049062716,3.9211047433500283,-9.81047333168128,,,,,,,,,,
acc,1778672623.0,42.0,-0.24494819883983093,3.923525513733913,-9.810349761768594,,,,,,,,,,
acc,1778672623.0,42.0,-0.24652046268758712,3.9238299827018315,-9.809872343892149,,,,,,,,,,
acc,1778672623.0,42.0,-0.24878837179124272,3.922037381376198,-9.810109206098842,,,,,,,,,,
acc,1778672623.0,42.0,-0.2527750047740847,3.9220359057942704,-9.808320601083764,,,,,,,,,,
acc,1778672623.0,42.0,-0.25605097239989844,3.923063843668687,-9.812405191327565,,,,,,,,,,
acc,1778672623.0,42.0,-0.25894220908330995,3.9244374113906493,-9.810560228018605,,,,,,,,,,
acc,1778672623.0,42.0,-0.26283657274834005,3.9254435264529874,-9.813950037277063,,,,,,,,,,
acc,1778672623.0,42.0,-0.26602110952033975,3.928534802351307,-9.815250233689767,,,,,,,,,,
acc,1778672623.0,42.0,-0.2691767079681328,3.9284742838101843,-9.813414911448971,,,,,,,,,,
acc,1778672623.0,42.0,-0.2733330311057849,3.926994449941361,-9.816743285446048,,,,,,,,,,
acc,1778672623.0,42.0,-0.27500231984714985,3.923433759984589,-9.814148968644403,,,,,,,,,,
acc,1778672623.0,42.0,-0.27527207771087153,3.9219997300499267,-9.814346968573014,,,,,,,,,,
acc,1778672623.0,42.0,-0.2755393842477358,3.921998596610786,-9.81358475792131,,,,,,,,,,
acc,1778672623.0,42.0,-0.2771886235542512,3.9223169408848824,-9.812474502722193,,,,,,,,,,
acc,1778672623.0,42.0,-0.2791778468566361,3.921248030499755,-9.815207972788617,,,,,,,,,,
acc,1778672623.0,42.0,-0.2811489938129257,3.920543795223938,-9.813337540218534,,,,,,,,,,
acc,1778672623.0,42.0,-0.28381216131937514,3.919136026797048,-9.81602767338446,,,,,,,,,,
acc,1778672623.0,42.0,-0.2853862247613525,3.915646747413614,-9.814149792082178,,,,,,,,,,
acc,1778672623.0,42.0,-0.28520665179052285,3.9139285082740014,-9.814383278888013,,,,,,,,,,
acc,1778672623.0,42.0,-0.2846737397634358,3.9115514538231233,-9.811810407790968,,,,,,,,,,
acc,1778672623.0,42.0,-0.28450064124190233,3.908131096498815,-9.811674687683537,,,,,,,,,,
acc,1778672623.0,42.0,-0.28571348659857393,3.9079010183821032,-9.809516895148272,,,,,,,,,,
acc,1778672623.0,42.0,-0.28659583416180484,3.9087024401515893,-9.805319901588742,,,,,,,,,,
acc,1778672623.0,42.0,-0.2853758692562432,3.9091416084305144,-9.805953094239023,,,,,,,,,,
acc,1778672623.0,42.0,-0.2824276576582491,3.9085473858792805,-9.80104305843522,,,,,,,,,,
acc,1778672623.0,42.0,-0.2816005313200326,3.907958563110203,-9.800366238800036,,,,,,,,,,
acc,1778672623.0,42.0,-0.2814553594668522,3.9112087272783658,-9.801399407839707,,,,,,,,,,
acc,1778672623.0,42.0,-0.28028210676276566,3.9175530603467736,-9.796921217231816,,,,,,,,,,
acc,1778672623.0,42.0,-0.2797939447545311,3.9241947124474503,-9.795926891561853,,,,,,,,,,
acc,1778672623.0,42.0,-0.27931021874169276,3.927971774764712,-9.794977095826104,,,,,,,,,,
acc,1778672623.0,42.0,-0.2788308884137496,3.9285908108068983,-9.792225609613636,,,,,,,,,,
acc,1778672623.0,42.0,-0.27768148463955244,3.9281748124486526,-9.791912888403797,,,,,,,,,,
acc,1778672623.0,42.0,-0.27689748742917747,3.929146965232879,-9.789899170613035,,,,,,,,,,
acc,1778672623.0,42.0,-0.27644008192294117,3.928725913022774,-9.788258722613731,,,,,,,,,,
acc,1778672623.0,42.0,-0.27566736551001225,3.9314323905617257,-9.784893848909775,,,,,,,,,,
acc,1778672623.0,42.0,-0.27383677647009813,3.9337593121931222,-9.781914514049998,,,,,,,,,,
acc,1778672623.0,42.0,-0.27028348047621503,3.9336513178115715,-9.780737088944981,,,,,,,,,,
acc,1778672623.0,42.0,-0.2660880445854165,3.93492867569794,-9.777760032775538,,,,,,,,,,
acc,1778672623.0,42.0,-0.26398953329339014,3.934100122515173,-9.775910427379989,,,,,,,,,,
acc,1778672623.0,42.0,-0.261590624048952,3.9325691658752735,-9.775461991424352,,,,,,,,,,
acc,1778672623.0,42.0,-0.2585035813891758,3.932117015656641,-9.77082903247092,,,,,,,,,,
acc,1778672623.0,42.0,-0.2544151910636537,3.931314012415878,-9.770746248351266,,,,,,,,,,
acc,1778672623.0,42.0,-0.2513933525515819,3.9312282388101583,-9.767185542052095,,,,,,,,,,
acc,1778672623.0,42.0,-0.24978334481032433,3.925889743149341,-9.76365719238143,,,,,,,,,,
acc,1778672623.0,42.0,-0.24992730011267142,3.9181859881781564,-9.765414406801794,,,,,,,,,,
acc,1778672623.0,42.0,-0.24797564373125083,3.9112266765634125,-9.759807857226088,,,,,,,,,,
acc,1778672623.0,42.0,-0.24675165495415,3.9050405378057245,-9.763019916353139,,,,,,,,,,
acc,1778672623.0,42.0,-0.24692315963973024,3.9030992113399368,-9.760203858570963,,,,,,,,,,
acc,1778672623.0,42.0,-0.2484774767467154,3.9008205642016582,-9.760572588643221,,,,,,,,,,
acc,1778672623.0,42.0,-0.2476038986044662,3.899237052630685,-9.75955360619357,,,,,,,,,,
acc,1778672623.0,42.0,-0.24567335529251863,3.8973484632339117,-9.755100703287473,,,,,,,,,,
acc,1778672623.0,42.0,-0.24376035509351213,3.8965064448437405,-9.754486406387048,,,,,,,,,,
acc,1778672623.0,42.0,-0.24395904213287378,3.898476305079621,-9.750753988097516,,,,,,,,,,
acc,1778672623.0,42.0,-0.24451089453631977,3.897624037835277,-9.748759325128614,,,,,,,,,,
acc,1778672623.0,42.0,-0.24470276132040386,3.9002581806238266,-9.747883185791304,,,,,,,,,,
acc,1778672623.0,42.0,-0.2456028172186068,3.902193948320002,-9.745559648424877,,,,,,,,,,
acc,1778672623.0,42.0,-0.2451103232768097,3.9034021927945286,-9.746025958091549,,,,,,,,,,
acc,1778672623.0,42.0,-0.24529674296937845,3.9105273975508794,-9.742370421060812,,,,,,,,,,
acc,1778672623.0,42.0,-0.24583643950110123,3.9168779219563508,-9.740451940720117,,,,,,,,,,
acc,1778672623.0,42.0,-0.24601626087554251,3.923880670905994,-9.740645197416594,,,,,,,,,,
acc,1778672623.0,42.0,-0.24654941904896335,3.9314942231856387,-9.737358023512643,,,,,,,,,,
acc,1778672623.0,42.0,-0.2481071323881666,3.9376542191591137,-9.738644289468308,,,,,,,,,,
acc,1778672623.0,42.0,-0.24933121407107828,3.9399246021772045,-9.737824572493121,,,,,,,,,,
acc,1778672623.0,42.0,-0.2494792779477182,3.9414999156380506,-9.737722227945847,,,,,,,,,,
acc,1778672623.0,42.0,-0.24859659629999212,3.944800255777208,-9.735171548102024,,,,,,,,,,
acc,1778672623.0,42.0,-0.2470120030679489,3.9435270364133577,-9.73225358141672,,,,,,,,,,
acc,1778672623.0,42.0,-0.2468261710737919,3.9457440523322824,-9.732237364679621,,,,,,,,,,
acc,1778672623.0,42.0,-0.24770693125513976,3.950745158098354,-9.730056003044304,,,,,,,,,,
acc,1778672623.0,42.0,-0.24857968784742554,3.953251543724917,-9.729704785143943,,,,,,,,,,
acc,1778672623.0,42.0,-0.24944451358036526,3.9592138279303355,-9.730705635357197,,,,,,,,,,
acc,1778672623.0,42.0,-0.24959154788876123,3.962672666722536,-9.730313019798627,,,,,,,,,,
acc,1778672623.0,42.0,-0.24938227521557466,3.9640412653881016,-9.73162781031333,,,,,,,,,,
acc,1778672623.0,42.0,-0.2485004750450343,3.9636580947275797,-9.73261118573204,,,,,,,,,,
acc,1778672624.0,43.0,-0.24762668791408107,3.9632784059916184,-9.735005490350911,,,,,,,,,,
acc,1778672624.0,43.0,-0.2471158027805562,3.9646415002210267,-9.736313134099396,,,,,,,,,,
acc,1778672624.0,43.0,-0.2476389692652624,3.963187980736472,-9.738993266017157,,,,,,,,,,
acc,1778672624.0,43.0,-0.24641803989539923,3.9641969348991912,-9.743743346749197,,,,,,,,,,
acc,1778672624.0,43.0,-0.24417880523133234,3.9623924843803664,-9.742912788298197,,,,,,,,,,
acc,1778672624.0,43.0,-0.24160495702759918,3.957835698422841,-9.74553294824938,,,,,,,,,,
acc,1778672624.0,43.0,-0.24008389778448,3.9554146150618235,-9.743976194809084,,,,,,,,,,
acc,1778672624.0,43.0,-0.23928659325018498,3.950921237963755,-9.744101922676256,,,,,,,,,,
acc,1778672624.0,43.0,-0.23743163043741208,3.945084321894082,-9.747421209433593,,,,,,,,,,
acc,1778672624.0,43.0,-0.23491909474022057,3.942779112047641,-9.747551135425494,,,,,,,,,,
acc,1778672624.0,43.0,-0.23310381998787916,3.941879220868639,-9.751513516985662,,,,,,,,,,
acc,1778672624.0,43.0,-0.23272490615522098,3.938893203582599,-9.751925723028785,,,,,,,,,,
acc,1778672624.0,43.0,-0.23163950293073363,3.9380286241889677,-9.756167819522474,,,,,,,,,,
acc,1778672624.0,43.0,-0.22985403028081502,3.938556272255454,-9.756182760416902,,,,,,,,,,
acc,1778672624.0,43.0,-0.22705538241922482,3.9387241546507217,-9.757262469035947,,,,,,,,,,
acc,1778672624.0,43.0,-0.22566653716427115,3.9441085186072926,-9.758332366194079,,,,,,,,,,
acc,1778672624.0,43.0,-0.2242903125374145,3.9470301831514507,-9.756659302680243,,,,,,,,,,
acc,1778672624.0,43.0,-0.22328155562670482,3.946091661903891,-9.757379719120678,,,,,,,,,,
acc,1778672624.0,43.0,-0.2226369362895373,3.945161669128156,-9.758803512584578,,,,,,,,,,
acc,1778672624.0,43.0,-0.22235313647049612,3.944950059958858,-9.760214367841193,,,,,,,,,,
acc,1778672624.0,43.0,-0.22274635385358693,3.9457697737587507,-9.76093797327484,,,,,,,,,,
acc,1778672624.0,43.0,-0.22384593065017436,3.9472919713404657,-9.761619508846344,,,,,,,,,,
acc,1778672624.0,43.0,-0.22355114453288102,3.949119813003783,-9.760981469021981,,,,,,,,,,
acc,1778672624.0,43.0,-0.22116474272265943,3.951640968365055,-9.761662609341641,,,,,,,,,,
acc,1778672624.0,43.0,-0.2188000264743314,3.952754851819394,-9.759923780002644,,,,,,,,,,
acc,1778672624.0,43.0,-0.21819613140974667,3.951054377085265,-9.75994009341399,,,,,,,,,,
acc,1778672624.0,43.0,-0.21862712407030777,3.9518186201147723,-9.761376123851138,,,,,,,,,,
acc,1778672624.0,43.0,-0.21766982933310647,3.9515465183150944,-9.763154066655375,,,,,,,,,,
acc,1778672624.0,43.0,-0.21498190098347914,3.948117691192388,-9.7649158530485,,,,,,,,,,
acc,1778672624.0,43.0,-0.21302833084294256,3.948198687657022,-9.764851299357538,,,,,,,,,,
acc,1778672624.0,43.0,-0.21315131315836622,3.947249548048099,-9.765852235769438,,,,,,,,,,
acc,1778672624.0,43.0,-0.21362814877712633,3.948403336943624,-9.767554009168329,,,,,,,,,,
acc,1778672624.0,43.0,-0.2141006513249512,3.949546641200561,-9.768530385683974,,,,,,,,,,
acc,1778672624.0,43.0,-0.21456886017705315,3.9468459198706167,-9.770953249359694,,,,,,,,,,
acc,1778672624.0,43.0,-0.21677214703237366,3.9466190056828743,-9.770869336464065,,,,,,,,,,
acc,1778672624.0,43.0,-0.22037527758463113,3.9449742882275878,-9.771851080503918,,,,,,,,,,
acc,1778672624.0,43.0,-0.22323573335934518,3.9419601456382187,-9.775592645116683,,,,,,,,,,
acc,1778672624.0,43.0,-0.22536026314449706,3.9396833256116617,-9.77653146780034,,,,,,,,,,
acc,1778672624.0,43.0,-0.22888535230292856,3.9377466627757585,-9.77955606281509,,,,,,,,,,
acc,1778672624.0,43.0,-0.23340780853824697,3.9351531694747983,-9.781843240284399,,,,,,,,,,
acc,1778672624.0,43.0,-0.23614983590940644,3.9308439109230906,-9.78063096849399,,,,,,,,,,
acc,1778672624.0,43.0,-0.23780205169278068,3.926573811197293,-9.782553416373927,,,,,,,,,,
acc,1778672624.0,43.0,-0.239439253563796,3.9226974762291977,-9.782328587716066,,,,,,,,,,
acc,1778672624.0,43.0,-0.24283640499739476,3.9185014042773525,-9.783525667375198,,,,,,,,,,
acc,1778672624.0,43.0,-0.24687712432216943,3.914343462609197,-9.783682468959084,,,,,,,,,,
acc,1778672624.0,43.0,-0.250881125073971,3.911607666550556,-9.786642081841501,,,,,,,,,,
acc,1778672624.0,43.0,-0.2541743026454359,3.9078673309999328,-9.787799964185481,,,,,,,,,,
acc,1778672624.0,43.0,-0.2574375546587879,3.9048354226676523,-9.789337789913633,,,,,,,,,,
acc,1778672624.0,43.0,-0.2603161912782593,3.9035703983854644,-9.793239917803325,,,,,,,,,,
acc,1778672624.0,43.0,-0.26316866933033717,3.902316869553142,-9.793627921156425,,,,,,,,,,
acc,1778672624.0,43.0,-0.26425588475285106,3.901074731709949,-9.792663522121437,,,,,,,,,,
acc,1778672624.0,43.0,-0.26565269699975164,3.901938184886509,-9.792346821540331,,,,,,,,,,
acc,1778672624.0,43.0,-0.2667173397207449,3.9014094208370413,-9.79203299886102,,,,,,,,,,
acc,1778672624.0,43.0,-0.26567801343174224,3.9005304999658743,-9.792076998792187,,,,,,,,,,
acc,1778672624.0,43.0,-0.2646481316438589,3.902783269559343,-9.791126693202308,,,,,,,,,,
acc,1778672624.0,43.0,-0.26430203772056765,3.9039861587906093,-9.792243823265252,,,,,,,,,,
acc,1778672624.0,43.0,-0.26431405966099303,3.903793746293673,-9.791966439992505,,,,,,,,,,
acc,1778672624.0,43.0,-0.262586639674853,3.90253818786815,-9.79307593916072,,,,,,,,,,
acc,1778672624.0,43.0,-0.2622592788129831,3.899554706193413,-9.79456582137769,,,,,,,,,,
acc,1778672624.0,43.0,-0.26264483444549414,3.8945040322854143,-9.793592899514227,,,,,,,,,,
acc,1778672624.0,43.0,-0.26267191562030234,3.8863755509571343,-9.79578801667528,,,,,,,,,,
acc,1778672624.0,43.0,-0.26234377984417234,3.879385837752683,-9.79686278864989,,,,,,,,,,
acc,1778672624.0,43.0,-0.2623735967436026,3.8731340702216657,-9.797572832250118,,,,,,,,,,
acc,1778672624.0,43.0,-0.26346803710020583,3.8690334169052774,-9.800796686708884,,,,,,,,,,
acc,1778672624.0,43.0,-0.2638426085796963,3.8639406267427696,-9.801151515022173,,,,,,,,,,
acc,1778672624.0,43.0,-0.264568738050004,3.8585391446052504,-9.803242451643252,,,,,,,,,,
acc,1778672624.0,43.0,-0.2642233655872338,3.8545711173878834,-9.804284987587772,,,,,,,,,,
acc,1778672624.0,43.0,-0.2638811315715959,3.849254777272197,-9.804572622870667,,,,,,,,,,
acc,1778672624.0,43.0,-0.26389697834416215,3.847465421921495,-9.80560307136606,,,,,,,,,,
acc,1778672624.0,43.0,-0.2618183775728134,3.8467217267368152,-9.802790519810417,,,,,,,,,,
acc,1778672624.0,43.0,-0.2594391979194095,3.843571018657067,-9.80344669730125,,,,,,,,,,
acc,1778672624.0,43.0,-0.2588209708807027,3.839384038000958,-9.79894990269208,,,,,,,,,,
acc,1778672624.0,43.0,-0.25820836175623596,3.8359450467358287,-9.80003144562007,,,,,,,,,,
acc,1778672624.0,43.0,-0.25689138686124013,3.8297330698818084,-9.79797945682889,,,,,,,,,,
acc,1778672624.0,43.0,-0.2548764468644739,3.8246424365243894,-9.797011009149887,,,,,,,,,,
acc,1778672624.0,43.0,-0.2535897495389552,3.820982433361449,-9.794631496620298,,,,,,,,,,
acc,1778672624.0,43.0,-0.253699115517333,3.8180656217852973,-9.79259307446228,,,,,,,,,,
acc,1778672624.0,43.0,-0.25277808762447557,3.817589086633258,-9.791638079221716,,,,,,,,,,
acc,1778672624.0,43.0,-0.2497711256968098,3.813638207371559,-9.789662362106892,,,,,,,,,,
acc,1778672624.0,43.0,-0.24817585935438702,3.814941237425557,-9.788414531239585,,,,,,,,,,
acc,1778672624.0,43.0,-0.24765998382435478,3.817971768434682,-9.785722679955281,,,,,,,,,,
acc,1778672624.0,43.0,-0.24679383435287236,3.8192354188225015,-9.783055289894307,,,,,,,,,,
acc,1778672624.0,43.0,-0.24487065220633727,3.8219074515132405,-9.781157565768082,,,,,,,,,,
acc,1778672624.0,43.0,-0.24402984977540146,3.8245552030749392,-9.778886621301849,,,,,,,,,,
acc,1778672624.0,43.0,-0.24355164960538248,3.826823932380125,-9.777026778441213,,,,,,,,,,
acc,1778672624.0,43.0,-0.24410720404082997,3.8325507107927503,-9.77589376886279,,,,,,,,,,
acc,1778672624.0,43.0,-0.2439477683554677,3.835421222092293,-9.776084428199571,,,,,,,,,,
acc,1778672624.0,43.0,-0.24311535229717995,3.838265648660344,-9.77495998188757,,,,,,,,,,
acc,1778672624.0,43.0,-0.24229050051825032,3.8435334928479956,-9.77657899194321,,,,,,,,,,
acc,1778672624.0,43.0,-0.24285751518913212,3.8480435347760427,-9.777153889783982,,,,,,,,,,
acc,1778672624.0,43.0,-0.2441293008664841,3.8532225259659962,-9.777688069088986,,,,,,,,,,
acc,1778672624.0,43.0,-0.24570900615289887,3.855585713133577,-9.778927317779953,,,,,,,,,,
acc,1778672624.0,43.0,-0.24553501467115155,3.852673924202254,-9.780510276107975,,,,,,,,,,
acc,1778672624.0,43.0,-0.24433320422643182,3.845990462321354,-9.776825348384008,,,,,,,,,,
acc,1778672624.0,43.0,-0.24314231479873097,3.837628392210306,-9.777043036689303,,,,,,,,,,
acc,1778672624.0,43.0,-0.24299164719479166,3.830016747656035,-9.775199946735931,,,,,,,,,,
acc,1778672624.0,43.0,-0.24426221399613618,3.8284022109298266,-9.774438499602232,,,,,,,,,,
acc,1778672624.0,43.0,-0.24584071148263764,3.827476774908151,-9.776417219299786,,,,,,,,,,
acc,1778672624.0,43.0,-0.24775982671853153,3.822761615674457,-9.776248151109785,,,,,,,,,,
acc,1778672624.0,43.0,-0.2503714353239941,3.8215679691051436,-9.777181017120208,,,,,,,,,,
acc,1778672624.0,43.0,-0.2508650174274276,3.817225971417034,-9.776366073367187,,,,,,,,,,
acc,1778672624.0,43.0,-0.25032470514764743,3.812248991785783,-9.77523906770676,,,,,,,,,,
acc,1778672624.0,43.0,-0.2511736736680644,3.8111508748774954,-9.774122303301976,,,,,,,,,,
acc,1778672624.0,43.0,-0.25268936576871326,3.8131864402984195,-9.775748925458283,,,,,,,,,,
acc,1778672624.0,43.0,-0.2538718080658522,3.816942840937572,-9.775337460539903,,,,,,,,,,
acc,1778672624.0,43.0,-0.2546885435735611,3.81857081219183,-9.775568669486942,,,,,,,,,,
acc,1778672624.0,43.0,-0.25340355375112406,3.8177347154444203,-9.777892080948549,,,,,,,,,,
acc,1778672624.0,43.0,-0.25248521166873955,3.8137825128336593,-9.775650810392579,,,,,,,,,,
acc,1778672624.0,43.0,-0.25157521468732746,3.809191795245346,-9.776553610160446,,,,,,,,,,
acc,1778672624.0,43.0,-0.24996355433979717,3.8053172233269246,-9.776738273428485,,,,,,,,,,
acc,1778672624.0,43.0,-0.249076472005804,3.8014778601771138,-9.776317818168852,,,,,,,,,,
acc,1778672624.0,43.0,-0.24922685075867296,3.8007970894386234,-9.775191251010058,,,,,,,,,,
acc,1778672624.0,43.0,-0.24870142472501236,3.8032817119942783,-9.776808159491331,,,,,,,,,,
acc,1778672624.0,43.0,-0.2471158789026345,3.8029395202664804,-9.776032098306848,,,,,,,,,,
acc,1778672624.0,43.0,-0.24518977029292527,3.802600438082038,-9.778031831113427,,,,,,,,,,
acc,1778672624.0,43.0,-0.24363613535798037,3.803329331591547,-9.779658421212027,,,,,,,,,,
acc,1778672624.0,43.0,-0.24245158029108418,3.802312268863818,-9.781625201122965,,,,,,,,,,
acc,1778672624.0,43.0,-0.24127778943921224,3.8026888192332624,-9.782118749006065,,,,,,,,,,
acc,1778672624.0,43.0,-0.2397597032130247,3.804446318745745,-9.78512806598696,,,,,,,,,,
acc,1778672624.0,43.0,-0.2386103738188738,3.8044485149365856,-9.78491534458055,,,,,,,,,,
acc,1778672624.0,43.0,-0.23850088858673613,3.8048056529437733,-9.783320185294754,,,,,,,,,,
acc,1778672624.0,43.0,-0.23874736912255393,3.805159545588706,-9.786318584658638,,,,,,,,,,
acc,1778672624.0,43.0,-0.23831717158170582,3.8055102223624377,-9.78403623566291,,,,,,,,,,
acc,1778672624.0,43.0,-0.23753592153172065,3.804118379806496,-9.786282701184563,,,,,,,,,,
acc,1778672624.0,43.0,-0.23640679994795655,3.801674281620956,-9.788508752764647,,,,,,,,,,
acc,1778672624.0,43.0,-0.23528793884752144,3.798577964105263,-9.787981337538312,,,,,,,,,,
acc,1778672624.0,43.0,-0.2334693123579815,3.797604077708218,-9.791931286057459,,,,,,,,,,
acc,1778672624.0,43.0,-0.2323771446118135,3.7983783738325188,-9.791372769799757,,,,,,,,,,
acc,1778672625.0,44.0,-0.22991053972339928,3.7963414067323242,-9.793233099811834,,,,,,,,,,
acc,1778672625.0,44.0,-0.2284957492608237,3.7939679789721175,-9.794011621254315,,,,,,,,,,
acc,1778672625.0,44.0,-0.22815870960146417,3.7895573187817684,-9.795138039025806,,,,,,,,,,
acc,1778672625.0,44.0,-0.22885414180257083,3.7844768062339758,-9.795863755663394,,,,,,,,,,
acc,1778672625.0,44.0,-0.2291882836549211,3.7804718610508976,-9.795553477566425,,,,,,,,,,
acc,1778672625.0,44.0,-0.22813501820614104,3.7785976128983507,-9.79737581691128,,,,,,,,,,
acc,1778672625.0,44.0,-0.2260619238780165,3.777450328930888,-9.794602533189972,,,,,,,,,,
acc,1778672625.0,44.0,-0.22432713545706798,3.7766684322642714,-9.793629277721216,,,,,,,,,,
acc,1778672625.0,44.0,-0.22331804393141635,3.7751837081663346,-9.792700360718852,,,,,,,,,,
acc,1778672625.0,44.0,-0.22196316038599012,3.7740674468213182,-9.794193655868845,,,,,,,,,,
acc,1778672625.0,44.0,-0.22168548326137374,3.772606358236297,-9.793898554198707,,,,,,,,,,
acc,1778672625.0,44.0,-0.22314966210856627,3.7742822503541014,-9.796445864694121,,,,,,,,,,
acc,1778672625.0,44.0,-0.22562994489560054,3.777007816904017,-9.795136391204613,,,,,,,,,,
acc,1778672625.0,44.0,-0.226348356329839,3.7772593505397953,-9.79692702631076,,,,,,,,,,
acc,1778672625.0,44.0,-0.22496593591832786,3.776798656733639,-9.795613180439377,,,,,,,,,,
acc,1778672625.0,44.0,-0.22533541043301375,3.7763421493155436,-9.795305179353976,,,,,,,,,,
acc,1778672625.0,44.0,-0.22779583102401277,3.7734760283747324,-9.79783970765289,,,,,,,,,,
acc,1778672625.0,44.0,-0.22952396080025497,3.772020314090583,-9.799250806489612,,,,,,,,,,
acc,1778672625.0,44.0,-0.23056194854913775,3.770222866309172,-9.80245941296538,,,,,,,,,,
acc,1778672625.0,44.0,-0.23194546573383518,3.7698261140042506,-9.801059799174656,,,,,,,,,,
acc,1778672625.0,44.0,-0.23399084898143654,3.7725921740788553,-9.805245872772382,,,,,,,,,,
acc,1778672625.0,44.0,-0.23601764554978635,3.7770724312661703,-9.804530861584524,,,,,,,,,,
acc,1778672625.0,44.0,-0.2390909278331807,3.7818669465999974,-9.804496786075893,,,,,,,,,,
acc,1778672625.0,44.0,-0.24213628277722782,3.781044915520386,-9.807622227252793,,,,,,,,,,
acc,1778672625.0,44.0,-0.2447989933009331,3.7802303543504006,-9.810009325394152,,,,,,,,,,
acc,1778672625.0,44.0,-0.24708254563397794,3.778003329941927,-9.809535001109923,,,,,,,,,,
acc,1778672625.0,44.0,-0.24863541437848347,3.775122113623994,-9.813608555933444,,,,,,,,,,
acc,1778672625.0,44.0,-0.24949973371676107,3.7746808411840216,-9.810687763077144,,,,,,,,,,
acc,1778672625.0,44.0,-0.2507111606396173,3.775308482142063,-9.81059773895675,,,,,,,,,,
acc,1778672625.0,44.0,-0.2529409882938595,3.7786991614564864,-9.811218465531944,,,,,,,,,,
acc,1778672625.0,44.0,-0.25515055319712626,3.7800002200188367,-9.810449180571164,,,,,,,,,,
acc,1778672625.0,44.0,-0.25804997211383485,3.781289455682855,-9.81383999893307,,,,,,,,,,
acc,1778672625.0,44.0,-0.2602131109775441,3.7801177105693013,-9.814040806511997,,,,,,,,,,
acc,1778672625.0,44.0,-0.2627115548739371,3.7768623097228513,-9.818428387321884,,,,,,,,,,
acc,1778672625.0,44.0,-0.2655422659271428,3.7760857564677575,-9.819652393991076,,,,,,,,,,
acc,1778672625.0,44.0,-0.26660791215050095,3.7787949343092477,-9.820900772303016,,,,,,,,,,
acc,1778672625.0,44.0,-0.26766387469987163,3.781124522618024,-9.82032747594081,,,,,,,,,,
acc,1778672625.0,44.0,-0.26871024157213397,3.7830779798635827,-9.819510919595047,,,,,,,,,,
acc,1778672625.0,44.0,-0.26903717641765623,3.786398056682232,-9.818701783409251,,,,,,,,,,
acc,1778672625.0,44.0,-0.26971610213464886,3.7886585543709383,-9.81537973683289,,,,,,,,,,
acc,1778672625.0,44.0,-0.2707438201335882,3.790543548832407,-9.816986417869495,,,,,,,,,,
acc,1778672625.0,44.0,-0.2714072373441032,3.7958900794526858,-9.816448691785093,,,,,,,,,,
acc,1778672625.0,44.0,-0.2720646259910635,3.7984192926838536,-9.815276917264631,,,,,,,,,,
acc,1778672625.0,44.0,-0.27307100263029194,3.7974468481558663,-9.816920026996728,,,,,,,,,,
acc,1778672625.0,44.0,-0.27335831063953514,3.797867611273327,-9.81712834029639,,,,,,,,,,
acc,1778672625.0,44.0,-0.27364300784133166,3.797219647363812,-9.818399655031856,,,,,,,,,,
acc,1778672625.0,44.0,-0.2746350415073194,3.799381807767696,-9.821398758923916,,,,,,,,,,
acc,1778672625.0,44.0,-0.2752630986533305,3.8022342529562367,-9.82021749682158,,,,,,,,,,
acc,1778672625.0,44.0,-0.27414611587602555,3.805735215856616,-9.820715312972352,,,,,,,,,,
acc,1778672625.0,44.0,-0.2730392832750436,3.8102692685195656,-9.819185299664063,,,,,,,,,,
acc,1778672625.0,44.0,-0.2722974703877702,3.8109284743107734,-9.817314218936842,,,,,,,,,,
acc,1778672625.0,44.0,-0.27188186586988194,3.808422491858619,-9.817483455800142,,,,,,,,,,
acc,1778672625.0,44.0,-0.27288990327550045,3.8080335851562297,-9.816302278236574,,,,,,,,,,
acc,1778672625.0,44.0,-0.2745632187804847,3.8072932416420304,-9.815167328556107,,,,,,,,,,
acc,1778672625.0,44.0,-0.27412702509492354,3.8093638619074204,-9.815356074507958,,,,,,,,,,
acc,1778672625.0,44.0,-0.27337532774793416,3.8121255987953115,-9.812454896069628,,,,,,,,,,
acc,1778672625.0,44.0,-0.27263046117825707,3.811703041450214,-9.81170987894133,,,,,,,,,,
acc,1778672625.0,44.0,-0.2729217724483442,3.8127041892099216,-9.808451368763762,,,,,,,,,,
acc,1778672625.0,44.0,-0.2728554656722288,3.8101820705919356,-9.808346172706562,,,,,,,,,,
acc,1778672625.0,44.0,-0.27243479057434616,3.8087477743077476,-9.807283521252725,,,,,,,,,,
acc,1778672625.0,44.0,-0.2720179382090114,3.810095244400484,-9.806230526258991,,,,,,,,,,
acc,1778672625.0,44.0,-0.270575473790999,3.8090166988912904,-9.806145511303477,,,,,,,,,,
acc,1778672625.0,44.0,-0.26879115547236704,3.8068830598662267,-9.80403796315543,,,,,,,,,,
acc,1778672625.0,44.0,-0.2663486132259316,3.8054787421468275,-9.803369431855664,,,,,,,,,,
acc,1778672625.0,44.0,-0.26392826669726505,3.8058265183374775,-9.80196154859796,,,,,,,,,,
acc,1778672625.0,44.0,-0.262204352464916,3.806171134237989,-9.798117184566623,,,,,,,,,,
acc,1778672625.0,44.0,-0.2612060363126145,3.805802685932345,-9.796047087482204,,,,,,,,,,
acc,1778672625.0,44.0,-0.2598618211360992,3.8057925566277686,-9.793676334241557,,,,,,,,,,
acc,1778672625.0,44.0,-0.25852982102801186,3.8054275485090043,-9.788522888185977,,,,,,,,,,
acc,1778672625.0,44.0,-0.2575648958489168,3.8033265245877454,-9.788598784976244,,,,,,,,,,
acc,1778672625.0,44.0,-0.2579931099859107,3.8012445929602023,-9.788070551614803,,,,,,,,,,
acc,1778672625.0,44.0,-0.25980179470303394,3.7998915127660813,-9.786127253114646,,,,,,,,,,
acc,1778672625.0,44.0,-0.2619490145136224,3.8013194609270897,-9.787289813778168,,,,,,,,,,
acc,1778672625.0,44.0,-0.2633667896080782,3.802414965712989,-9.78428870645567,,,,,,,,,,
acc,1778672625.0,44.0,-0.2640972429109085,3.803500515496031,-9.784083612424912,,,,,,,,,,
acc,1778672625.0,44.0,-0.26482105848398146,3.8052506390127903,-9.783596409058253,,,,,,,,,,
acc,1778672625.0,44.0,-0.26589325841869693,3.8066298880555607,-9.78094834071374,,,,,,,,,,
acc,1778672625.0,44.0,-0.26798512425961335,3.8094164689403534,-9.780489627992896,,,,,,,,,,
acc,1778672625.0,44.0,-0.2690285718928853,3.8121777277808913,-9.77893468580322,,,,,,,,,,
acc,1778672625.0,44.0,-0.2689976431663707,3.8128195911399674,-9.779097711908982,,,,,,,,,,
acc,1778672625.0,44.0,-0.26932196635402655,3.809621994661795,-9.778265350886457,,,,,,,,,,
acc,1778672625.0,44.0,-0.26928837151163865,3.807837817004142,-9.775346250101062,,,,,,,,,,
acc,1778672625.0,44.0,-0.26925508195021003,3.808164155956683,-9.775222417402713,,,,,,,,,,
acc,1778672625.0,44.0,-0.26957706575618384,3.806748196740683,-9.773360368220471,,,,,,,,,,
acc,1778672625.0,44.0,-0.2688667145163046,3.8057000663145137,-9.773609543277693,,,,,,,,,,
acc,1778672625.0,44.0,-0.26816281833596844,3.8039515277598617,-9.774211424907428,,,,,,,,,,
acc,1778672625.0,44.0,-0.2677847859706798,3.80257384927643,-9.772003600979785,,,,,,,,,,
acc,1778672625.0,44.0,-0.26741018883755535,3.7977300154968923,-9.773294505215299,,,,,,,,,,
acc,1778672625.0,44.0,-0.26703899572016737,3.7946695400706543,-9.77315381355823,,,,,,,,,,
acc,1778672625.0,44.0,-0.26702614654632933,3.7919918373795243,-9.770636132877048,,,,,,,,,,
acc,1778672625.0,44.0,-0.26701341413470353,3.790012905615602,-9.772294434344106,,,,,,,,,,
acc,1778672625.0,44.0,-0.26526146474271844,3.790856183766129,-9.770458992147146,,,,,,,,,,
acc,1778672625.0,44.0,-0.2628509972820358,3.7913368371585348,-9.769740626720697,,,,,,,,,,
acc,1778672625.0,44.0,-0.261491834118655,3.7904287518792685,-9.76760892391179,,,,,,,,,,
acc,1778672625.0,44.0,-0.2604999927186907,3.791623222038103,-9.76688096308798,,,,,,,,,,
acc,1778672625.0,44.0,-0.26019159350507465,3.792806837882107,-9.766159617344425,,,,,,,,,,
acc,1778672625.0,44.0,-0.25988599675758406,3.795364068954036,-9.766829197477083,,,,,,,,,,
acc,1778672625.0,44.0,-0.25926370959630374,3.7978980621150447,-9.768877063950967,,,,,,,,,,
acc,1778672625.0,44.0,-0.2586470772441564,3.797249821494537,-9.767463141089884,,,,,,,,,,
acc,1778672625.0,44.0,-0.2583555157286323,3.7973174132469674,-9.770605635598216,,,,,,,,,,
acc,1778672625.0,44.0,-0.2591315071673343,3.79564504901516,-9.771909243337673,,,,,,,,,,
acc,1778672625.0,44.0,-0.2599004470649669,3.7936329200140015,-9.773236508461128,,,,,,,,,,
acc,1778672625.0,44.0,-0.2595974960052729,3.795827673503261,-9.774516209096568,,,,,,,,,,
acc,1778672625.0,44.0,-0.2592972979035793,3.8004517573679957,-9.774399919095135,,,,,,,,,,
acc,1778672625.0,44.0,-0.25868036032985814,3.8057082507327995,-9.773965209336303,,,,,,,,,,
acc,1778672625.0,44.0,-0.25874346722692393,3.8119818811130797,-9.772860020657962,,,,,,,,,,
acc,1778672625.0,44.0,-0.25916097152349854,3.816778636882102,-9.773468713302963,,,,,,,,,,
acc,1778672625.0,44.0,-0.258864740179887,3.814929425831014,-9.77332643859301,,,,,,,,,,
acc,1778672625.0,44.0,-0.2603105424999652,3.8148363605840863,-9.771481618431318,,,,,,,,,,
acc,1778672625.0,44.0,-0.261068768341159,3.8143891701733006,-9.772457798580616,,,,,,,,,,
acc,1778672625.0,44.0,-0.26043573317161295,3.8139460434433627,-9.772076240585413,,,,,,,,,,
acc,1778672625.0,44.0,-0.25874355607238686,3.819434883232803,-9.768503448463651,,,,,,,,,,
acc,1778672625.0,44.0,-0.25813165042694447,3.823134503410505,-9.770926556921602,,,,,,,,,,
acc,1778672625.0,44.0,-0.25784477266589056,3.827510446351304,-9.767044744720101,,,,,,,,,,
acc,1778672625.0,44.0,-0.25582116912102165,3.823469410327524,-9.764902045402282,,,,,,,,,,
acc,1778672625.0,44.0,-0.2531415251532911,3.8236537028388256,-9.765228082403793,,,,,,,,,,
acc,1778672625.0,44.0,-0.25222556416086045,3.821387055343151,-9.766971021930189,,,,,,,,,,
acc,1778672625.0,44.0,-0.2537316975877398,3.818466566911329,-9.764828992541515,,,,,,,,,,
acc,1778672625.0,44.0,-0.2541947445252231,3.8176314174551393,-9.767604958699978,,,,,,,,,,
acc,1778672625.0,44.0,-0.25291424192274203,3.8188981606591814,-9.766522072135157,,,,,,,,,,
acc,1778672625.0,44.0,-0.2509354427897457,3.818059089251168,-9.766833387730644,,,,,,,,,,
acc,1778672625.0,44.0,-0.25039449054499946,3.817937584321739,-9.766751409137953,,,,,,,,,,
acc,1778672625.0,44.0,-0.2505328922818914,3.8188820779317814,-9.765321308034975,,,,,,,,,,
acc,1778672625.0,44.0,-0.25031506548256693,3.8152744199406614,-9.766353467773213,,,,,,,,,,
acc,1778672625.0,44.0,-0.250099218105366,3.810989612600528,-9.765281953678793,,,,,,,,,,
acc,1778672625.0,44.0,-0.24956586474948766,3.808163607162795,-9.768444268937511,,,,,,,,,,
acc,1778672625.0,44.0,-0.24903735804900512,3.8056827494391787,-9.768063678991846,,,,,,,,,,
acc,1778672626.0,45.0,-0.2505724631438877,3.8060286717874683,-9.767722050966483,,,,,,,,,,
acc,1778672626.0,45.0,-0.2514191802532728,3.8084657542338505,-9.772530536686816,,,,,,,,,,
acc,1778672626.0,45.0,-0.2526131649011146,3.809141348807744,-9.769628054587908,,,,,,,,,,
acc,1778672626.0,45.0,-0.2537962996460314,3.8104852424347975,-9.772715381869224,,,,,,,,,,
acc,1778672626.0,45.0,-0.2556431213566782,3.809722620373277,-9.772331483179205,,,,,,,,,,
acc,1778672626.0,45.0,-0.25608879892314085,3.807937528315926,-9.771915569582397,,,,,,,,,,
acc,1778672626.0,45.0,-0.2572403501030515,3.8068785902699434,-9.77501760425985,,,,,,,,,,
acc,1778672626.0,45.0,-0.2583814369788041,3.8033800096242705,-9.772837948829324,,,,,,,,,,
acc,1778672626.0,45.0,-0.2595121546409716,3.802362486378279,-9.774511736451515,,,,,,,,,,
acc,1778672626.0,45.0,-0.2599226737691548,3.802738580414254,-9.775105419727634,,,,,,,,,,
acc,1778672626.0,45.0,-0.25961952073233885,3.8048505895134674,-9.776368137309017,,,,,,,,,,
acc,1778672626.0,45.0,-0.2586446933019622,3.805559035587039,-9.776199515133825,,,,,,,,,,
acc,1778672626.0,45.0,-0.25803368603612964,3.8038117785980297,-9.77713282310606,,,,,,,,,,
acc,1778672626.0,45.0,-0.2570732693040312,3.802080399173904,-9.77454349025723,,,,,,,,,,
acc,1778672626.0,45.0,-0.2557666091504681,3.7989803912120785,-9.77439144890108,,,,,,,,,,
acc,1778672626.0,45.0,-0.25308746097670376,3.794169211680846,-9.773992319559122,,,,,,,,,,
acc,1778672626.0,45.0,-0.2525269530463268,3.793554855637754,-9.771467019258434,,,,,,,,,,
acc,1778672626.0,45.0,-0.2537108712102408,3.793656024053778,-9.773863197340443,,,,,,,,,,
acc,1778672626.0,45.0,-0.25278973649178293,3.7913069987357897,-9.773468868293165,,,,,,,,,,
acc,1778672626.0,45.0,-0.2511670396173573,3.7900442228289446,-9.7751369226633,,,,,,,,,,
acc,1778672626.0,45.0,-0.25062398282034415,3.7859886857645497,-9.774340553878112,,,,,,,,,,
acc,1778672626.0,45.0,-0.25008586085523266,3.782679934557977,-9.773196460032311,,,,,,,,,,
acc,1778672626.0,45.0,-0.2498720962920453,3.784974219334469,-9.774121562819904,,,,,,,,,,
acc,1778672626.0,45.0,-0.24934080682336274,3.7837689902661644,-9.773334420749444,,,,,,,,,,
acc,1778672626.0,45.0,-0.24984375438991485,3.7836041133279106,-9.773583831594909,,,,,,,,,,
acc,1778672626.0,45.0,-0.24998716074209287,3.784505629056545,-9.774895879504255,,,,,,,,,,
acc,1778672626.0,45.0,-0.2511941583484437,3.7829496872720547,-9.774137195471365,,,,,,,,,,
acc,1778672626.0,45.0,-0.25097032253330603,3.782792255452939,-9.775444214886958,,,,,,,,,,
acc,1778672626.0,45.0,-0.2507485207450461,3.782636254238444,-9.77780425164457,,,,,,,,,,
acc,1778672626.0,45.0,-0.2505287345001816,3.782126699767896,-9.778332521021783,,,,,,,,,,
acc,1778672626.0,45.0,-0.25173081075120973,3.7823317174101416,-9.77960141693634,,,,,,,,,,
acc,1778672626.0,45.0,-0.25256700179636493,3.7807955302601632,-9.781888182266503,,,,,,,,,,
acc,1778672626.0,45.0,-0.2523306907637544,3.7778889408334093,-9.782059863903077,,,,,,,,,,
acc,1778672626.0,45.0,-0.2520965271220409,3.7756831931720134,-9.782549461945635,,,,,,,,,,
acc,1778672626.0,45.0,-0.2522194622181608,3.7721131185352803,-9.782679640082781,,,,,,,,,,
acc,1778672626.0,45.0,-0.25234128018613217,3.7658067529293597,-9.781814729585655,,,,,,,,,,
acc,1778672626.0,45.0,-0.2524619911774524,3.7616519976782934,-9.783761914825446,,,,,,,,,,
acc,1778672626.0,45.0,-0.252936576111944,3.762398033531543,-9.78356160782278,,,,,,,,,,
acc,1778672626.0,45.0,-0.2544362484753066,3.764521660962355,-9.783718082810868,,,,,,,,,,
acc,1778672626.0,45.0,-0.2545379222012739,3.7659515524241542,-9.7834826706687,,,,,,,,,,
acc,1778672626.0,45.0,-0.253609271956563,3.766303555857878,-9.783284901196144,,,,,,,,,,
acc,1778672626.0,45.0,-0.2533634896714702,3.7642030861852396,-9.783763367156112,,,,,,,,,,
acc,1778672626.0,45.0,-0.2541848443384321,3.7638610364513205,-9.77940994331875,,,,,,,,,,
acc,1778672626.0,45.0,-0.25499873524242217,3.7632026275569195,-9.78205341036948,,,,,,,,,,
acc,1778672626.0,45.0,-0.2554502684342469,3.7628696691283343,-9.780129287013418,,,,,,,,,,
acc,1778672626.0,45.0,-0.2555427276212012,3.7615103362913147,-9.779287551925856,,,,,,,,,,
acc,1778672626.0,45.0,-0.25634427925279946,3.7598083941255505,-9.779447371488567,,,,,,,,,,
acc,1778672626.0,45.0,-0.2567835853008999,3.7574474794685373,-9.779996203969391,,,,,,,,,,
acc,1778672626.0,45.0,-0.2568639284538688,3.7498900116363973,-9.78014958391339,,,,,,,,,,
acc,1778672626.0,45.0,-0.25658857065696894,3.747264264913541,-9.78136646448016,,,,,,,,,,
acc,1778672626.0,45.0,-0.25738061856887257,3.747786082302399,-9.78019401957706,,,,,,,,,,
acc,1778672626.0,45.0,-0.25781050725888804,3.7486581196382183,-9.781091028937315,,,,,,,,,,
acc,1778672626.0,45.0,-0.25649714772250026,3.7491672708772383,-9.778856183460341,,,,,,,,,,
acc,1778672626.0,45.0,-0.25519572286508935,3.7479324536201566,-9.77866495206713,,,,,,,,,,
acc,1778672626.0,45.0,-0.2552904951426854,3.748448199086218,-9.78060526540909,,,,,,,,,,
acc,1778672626.0,45.0,-0.2560943388455522,3.7465099834995197,-9.7825279468565,,,,,,,,,,
acc,1778672626.0,45.0,-0.2561809452759807,3.7439149515578247,-9.783758718358722,,,,,,,,,,
acc,1778672626.0,45.0,-0.255592326427756,3.7416984628021948,-9.784978305670808,,,,,,,,,,
acc,1778672626.0,45.0,-0.25568349471415974,3.7374078120430214,-9.785086412570534,,,,,,,,,,
acc,1778672626.0,45.0,-0.2557738345417897,3.7369897872418325,-9.785903469721983,,,,,,,,,,
acc,1778672626.0,45.0,-0.25483395339143644,3.736220599316145,-9.787068063936012,,,,,,,,,,
acc,1778672626.0,45.0,-0.25425757484396805,3.736842772015169,-9.784033477324952,,,,,,,,,,
acc,1778672626.0,45.0,-0.25400590134125617,3.737459290945194,-9.786634929685436,,,,,,,,,,
acc,1778672626.0,45.0,-0.2548214183249048,3.737360265761651,-9.786763476974514,,,,,,,,,,
acc,1778672626.0,45.0,-0.2563039628675066,3.7376171112941616,-9.785541988675625,,,,,,,,,,
acc,1778672626.0,45.0,-0.2560336935550059,3.736487251927845,-9.788839674706868,,,,,,,,,,
acc,1778672626.0,45.0,-0.25509145103001296,3.7339832979282255,-9.787208854492773,,,,,,,,,,
acc,1778672626.0,45.0,-0.2555421417007075,3.7332414303849704,-9.786977224674654,,,,,,,,,,
acc,1778672626.0,45.0,-0.25527879516206387,3.730412000752137,-9.789551926797573,,,,,,,,,,
acc,1778672626.0,45.0,-0.2550178416896838,3.7283182151700416,-9.785536357654928,,,,,,,,,,
acc,1778672626.0,45.0,-0.2540848303504894,3.7300770923295246,-9.787804685721365,,,,,,,,,,
acc,1778672626.0,45.0,-0.25316029741382423,3.7297256827879246,-9.785153870547187,,,,,,,,,,
acc,1778672626.0,45.0,-0.25259912760871245,3.727283172098251,-9.785260382064704,,,,,,,,,,
acc,1778672626.0,45.0,-0.25133312459689255,3.727631589568651,-9.788241150593345,,,,,,,,,,
acc,1778672626.0,45.0,-0.2507885585627979,3.7290417353289596,-9.785941330976202,,,,,,,,,,
acc,1778672626.0,45.0,-0.2512783502099162,3.7272798689509905,-9.788915911628306,,,,,,,,,,
acc,1778672626.0,45.0,-0.2507342819182192,3.7272733455769713,-9.785900027730706,,,,,,,,,,
acc,1778672626.0,45.0,-0.2501951576500155,3.729716155884434,-9.78568029140162,,,,,,,,,,
acc,1778672626.0,45.0,-0.24930597070484703,3.730752397130119,-9.78684691366778,,,,,,,,,,
acc,1778672626.0,45.0,-0.24842486392390398,3.731779221908898,-9.782465469218616,,,,,,,,,,
acc,1778672626.0,45.0,-0.24755176388162126,3.733506648423511,-9.784051770237173,,,,,,,,,,
acc,1778672626.0,45.0,-0.24736102700661708,3.7334435414469023,-9.777920889512705,,,,,,,,,,
acc,1778672626.0,45.0,-0.24717202338386343,3.733381007932081,-9.781607296935103,,,,,,,,,,
acc,1778672626.0,45.0,-0.24698473726305845,3.7336740135284936,-9.776563523883617,,,,,,,,,,
acc,1778672626.0,45.0,-0.2461247238500703,3.7343193274032735,-9.779623321960239,,,,,,,,,,
acc,1778672626.0,45.0,-0.2459469546843581,3.7342488355008574,-9.780490022968415,,,,,,,,,,
acc,1778672626.0,45.0,-0.24509637174458115,3.7331495841205378,-9.780674409871079,,,,,,,,,,
acc,1778672626.0,45.0,-0.24389854730854302,3.7317053600154595,-9.782986919126593,,,,,,,,,,
acc,1778672626.0,45.0,-0.24374100771564225,3.7267955853235035,-9.783858549024016,,,,,,,,,,
acc,1778672626.0,45.0,-0.24393987056729105,3.7250541300199633,-9.786142123568542,,,,,,,,,,
acc,1778672626.0,45.0,-0.2437819554642472,3.723683470421165,-9.786239654694755,,,,,,,,,,
acc,1778672626.0,45.0,-0.24433541707863854,3.7219702953343283,-9.787436697396693,,,,,,,,,,
acc,1778672626.0,45.0,-0.24314450754244493,3.7230769242815556,-9.787557958912164,,,,,,,,,,
acc,1778672626.0,45.0,-0.242674352599222,3.7213692609630202,-9.788743022002127,,,,,,,,,,
acc,1778672626.0,45.0,-0.2425279374322352,3.719677115416232,-9.789881812813535,,,,,,,,,,
acc,1778672626.0,45.0,-0.24412219452870926,3.7162610139475243,-9.789341920401444,,,,,,,,,,
acc,1778672626.0,45.0,-0.24431759348329246,3.7125564876497927,-9.792889048983389,,,,,,,,,,
acc,1778672626.0,45.0,-0.2448661876812392,3.714778061211403,-9.789127128005472,,,,,,,,,,
acc,1778672626.0,45.0,-0.24643919677568768,3.714210714299049,-9.79338613198237,,,,,,,,,,
acc,1778672626.0,45.0,-0.24696851167233916,3.7129385903122105,-9.789939161356305,,,,,,,,,,
acc,1778672626.0,45.0,-0.24749301661162998,3.7172509951964163,-9.789363244363054,,,,,,,,,,
acc,1778672626.0,45.0,-0.24765778444173187,3.7184005090739163,-9.792306729616962,,,,,,,,,,
acc,1778672626.0,45.0,-0.2474660841432973,3.7209239480686076,-9.787201232794274,,,,,,,,,,
acc,1778672626.0,45.0,-0.2479860675730212,3.7241343888596465,-9.790803308459227,,,,,,,,,,
acc,1778672626.0,45.0,-0.24814635498113624,3.7262507524385087,-9.789545109655291,,,,,,,,,,
acc,1778672626.0,45.0,-0.24866015669607297,3.7297677495980914,-9.79071211523279,,,,,,,,,,
acc,1778672626.0,45.0,-0.24952425119750327,3.732897825546705,-9.792933410477335,,,,,,,,,,
acc,1778672626.0,45.0,-0.25002553177976444,3.7370288581116426,-9.791975322556533,,,,,,,,,,
acc,1778672626.0,45.0,-0.25087721892977616,3.740092951367228,-9.79383017708873,,,,,,,,,,
acc,1778672626.0,45.0,-0.2506562631867833,3.73929556456178,-9.794212816674415,,,,,,,,,,
acc,1778672626.0,45.0,-0.25150221879363804,3.739179852907,-9.792533169979297,,,,,,,,,,
acc,1778672626.0,45.0,-0.25301492535948505,3.738390763553008,-9.79576732618324,,,,,,,,,,
acc,1778672626.0,45.0,-0.2541944092517881,3.74037757749171,-9.793754086032616,,,,,,,,,,
acc,1778672626.0,45.0,-0.2539433097435112,3.741316936931008,-9.79484734061508,,,,,,,,,,
acc,1778672626.0,45.0,-0.25369449201104627,3.740153456739607,-9.795220737095724,,,,,,,,,,
acc,1778672626.0,45.0,-0.25344793531958226,3.737261216571397,-9.79704610009906,,,,,,,,,,
acc,1778672626.0,45.0,-0.2528841517092087,3.733365858540373,-9.798854875777403,,,,,,,,,,
acc,1778672626.0,45.0,-0.25299992955223705,3.7295058981642275,-9.797523511272423,,,,,,,,,,
acc,1778672626.0,45.0,-0.25417954971350576,3.7274203464611326,-9.800712319557789,,,,,,,,,,
acc,1778672626.0,45.0,-0.2542835560964729,3.7263831465011044,-9.801422876300434,,,,,,,,,,
acc,1778672626.0,45.0,-0.2540316464985415,3.726739742628053,-9.802481946976677,,,,,,,,,,
acc,1778672626.0,45.0,-0.25413699689839153,3.726738127456314,-9.805661191633861,,,,,,,,,,
acc,1778672626.0,45.0,-0.254596360825223,3.726062097774908,-9.80597181552098,,,,,,,,,,
acc,1778672626.0,45.0,-0.25576147399566107,3.7271315439498536,-9.807663987634161,,,,,,,,,,
acc,1778672626.0,45.0,-0.2558511052148211,3.7268069010120266,-9.810405677153756,,,,,,,,,,
acc,1778672626.0,45.0,-0.25593992194274895,3.7275146172839504,-9.80715901843744,,,,,,,,,,
acc,1778672626.0,45.0,-0.25567296072026546,3.7264765606719727,-9.811254164142715,,,,,,,,,,
acc,1778672626.0,45.0,-0.25473399622422027,3.726477337070913,-9.80870972774229,,,,,,,,,,
acc,1778672627.0,46.0,-0.25483296427538876,3.7282529425432,-9.811122447063989,,,,,,,,,,
acc,1778672627.0,46.0,-0.2549310329902469,3.7261787766203844,-9.81244833817836,,,,,,,,,,
acc,1778672627.0,46.0,-0.2543537722670947,3.7279570951526018,-9.811703380642523,,,,,,,,,,
acc,1778672627.0,46.0,-0.2537817571916315,3.7290093212254063,-9.81124916569201,,,,,,,,,,
acc,1778672627.0,46.0,-0.25250500746192545,3.728667614666878,-9.810799078255304,,,,,,,,,,
acc,1778672627.0,46.0,-0.25226925978036957,3.731807687693117,-9.808613739056444,,,,,,,,,,
acc,1778672627.0,46.0,-0.2534555196384796,3.7355936647174235,-9.807868123603857,,,,,,,,,,
acc,1778672627.0,46.0,-0.25356610538244856,3.735866563596911,-9.808478160209756,,,,,,,,,,
acc,1778672627.0,46.0,-0.2533207153579594,3.7399706188303456,-9.805603987965931,,,,,,,,,,
acc,1778672627.0,46.0,-0.25449742049443436,3.745102283443265,-9.80552466645017,,,,,,,,,,
acc,1778672627.0,46.0,-0.2556634327492839,3.749832345052565,-9.80619149273387,,,,,,,,,,
acc,1778672627.0,46.0,-0.25784825842486186,3.7548743948011922,-9.803018623251651,,,,,,,,,,
acc,1778672627.0,46.0,-0.2596582594280687,3.758450761481369,-9.805128087563034,,,,,,,,,,
acc,1778672627.0,46.0,-0.2600674508819306,3.7602552874563275,-9.802994281437577,,,,,,,,,,
acc,1778672627.0,46.0,-0.26118284750357046,3.761723948041721,-9.802619207270915,,,,,,,,,,
acc,1778672627.0,46.0,-0.2626075848631595,3.7624693300721095,-9.801608597540683,,,,,,,,,,
acc,1778672627.0,46.0,-0.262280033669479,3.7607586733977914,-9.80057167700033,,,,,,,,,,
acc,1778672627.0,46.0,-0.2623104298391775,3.759773494330265,-9.801638482641836,,,,,,,,,,
acc,1778672627.0,46.0,-0.26305048242870477,3.759471696907555,-9.79882646349,,,,,,,,,,
acc,1778672627.0,46.0,-0.26413877183186996,3.75711384186453,-9.799873624679964,,,,,,,,,,
acc,1778672627.0,46.0,-0.2655366483000117,3.753712509480412,-9.799881870124457,,,,,,,,,,
acc,1778672627.0,46.0,-0.26692182207217846,3.7503420854720835,-9.79949957542097,,,,,,,,,,
acc,1778672627.0,46.0,-0.2676199703054251,3.7480671924654603,-9.800185658176684,,,,,,,,,,
acc,1778672627.0,46.0,-0.2686667361429661,3.7471973426329774,-9.80019106812982,,,,,,,,,,
acc,1778672627.0,46.0,-0.2697039898751857,3.745625464611705,-9.800906361555976,,,,,,,,,,
acc,1778672627.0,46.0,-0.2703768561664593,3.7440678704624837,-9.80023078410416,,,,,,,,,,
acc,1778672627.0,46.0,-0.26997870453449807,3.7435893247932452,-9.80130068748636,,,,,,,,,,
acc,1778672627.0,46.0,-0.26958417096124804,3.7458838695506094,-9.801970403288696,,,,,,,,,,
acc,1778672627.0,46.0,-0.26990316429005795,3.748867496097778,-9.80227907151787,,,,,,,,,,
acc,1778672627.0,46.0,-0.2702192588825587,3.7490197738435027,-9.802939896609772,,,,,,,,,,
acc,1778672627.0,46.0,-0.27053248107996636,3.7488156969598077,-9.80288478405905,,,,,,,,,,
acc,1778672627.0,46.0,-0.27013291526298416,3.7489684454114323,-9.802510704910146,,,,,,,,,,
acc,1778672627.0,46.0,-0.2687075803080789,3.745641131366629,-9.802814463344077,,,,,,,,,,
acc,1778672627.0,46.0,-0.26867956847630087,3.746532660166994,-9.80109214666101,,,,,,,,,,
acc,1778672627.0,46.0,-0.2711010765074418,3.748126020156382,-9.80179925186246,,,,,,,,,,
acc,1778672627.0,46.0,-0.2717612472800879,3.7500243684776353,-9.801789998867557,,,,,,,,,,
acc,1778672627.0,46.0,-0.2710310480819057,3.7547097024223812,-9.801780829955893,,,,,,,,,,
acc,1778672627.0,46.0,-0.2716918552124986,3.7597074309529024,-9.801736250003476,,,,,,,,,,
acc,1778672627.0,46.0,-0.27337605754522093,3.7618555082598837,-9.799278304199596,,,,,,,,,,
acc,1778672627.0,46.0,-0.27330562261786817,3.76153479128987,-9.800001892037288,,,,,,,,,,
acc,1778672627.0,46.0,-0.27323582774240024,3.7619269304402763,-9.796139841315076,,,,,,,,,,
acc,1778672627.0,46.0,-0.27249222882848473,3.759866231765536,-9.798311814065231,,,,,,,,,,
acc,1778672627.0,46.0,-0.27207485451382446,3.760628495119562,-9.796594919216329,,,,,,,,,,
acc,1778672627.0,46.0,-0.27134180552352083,3.7603189281869325,-9.798407794837487,,,,,,,,,,
acc,1778672627.0,46.0,-0.27093488526386367,3.7582728416501148,-9.797044998658661,,,,,,,,,,
acc,1778672627.0,46.0,-0.26950226269711686,3.7579846808649715,-9.799173251759465,,,,,,,,,,
acc,1778672627.0,46.0,-0.2684376294295014,3.75595980595503,-9.797448528907601,,,,,,,,,,
acc,1778672627.0,46.0,-0.2680570998179601,3.7574675001723796,-9.796804373257258,,,,,,,,,,
acc,1778672627.0,46.0,-0.26665062808387535,3.7589614937647435,-9.797905412906694,,,,,,,,,,
acc,1778672627.0,46.0,-0.26351760447059375,3.7583476076894775,-9.796582676301576,,,,,,,,,,
acc,1778672627.0,46.0,-0.261797421982453,3.7591236709896205,-9.795271959586149,,,,,,,,,,
acc,1778672627.0,46.0,-0.2614772328504413,3.760602614729688,-9.796386924489651,,,,,,,,,,
acc,1778672627.0,46.0,-0.26048552413421205,3.759263882928197,-9.796746330559602,,,,,,,,,,
acc,1778672627.0,46.0,-0.25811845630355906,3.761415990817162,-9.795398632335479,,,,,,,,,,
acc,1778672627.0,46.0,-0.256802298391793,3.762519133070696,-9.796121980925774,,,,,,,,,,
acc,1778672627.0,46.0,-0.2558530714487996,3.7597786237821427,-9.79552538324668,,,,,,,,,,
acc,1778672627.0,46.0,-0.25526743203519575,3.7559981143843224,-9.792449438170259,,,,,,,,,,
acc,1778672627.0,46.0,-0.2536222200001505,3.7526069207694697,-9.794654946122016,,,,,,,,,,
acc,1778672627.0,46.0,-0.25234692000687414,3.749956485119161,-9.790841483833693,,,,,,,,,,
acc,1778672627.0,46.0,-0.25143817970083826,3.750453837932251,-9.793061603487947,,,,,,,,,,
acc,1778672627.0,46.0,-0.24947279374852876,3.7526860039133725,-9.793131750707131,,,,,,,,,,
acc,1778672627.0,46.0,-0.24823520016304043,3.7542234476207272,-9.793165766128958,,,,,,,,,,
acc,1778672627.0,46.0,-0.24771878539490783,3.7553919495048103,-9.793199472447963,,,,,,,,,,
acc,1778672627.0,46.0,-0.24720706335889145,3.755839909504481,-9.792877901612432,,,,,,,,,,
acc,1778672627.0,46.0,-0.24946873322769147,3.7552543896952777,-9.792275279881764,,,,,,,,,,
acc,1778672627.0,46.0,-0.25241978362493595,3.7511955252221414,-9.79231707817193,,,,,,,,,,
acc,1778672627.0,46.0,-0.25392415215279823,3.7482029442569686,-9.793813856263212,,,,,,,,,,
acc,1778672627.0,46.0,-0.25541485027667327,3.7487162317373626,-9.79217332933621,,,,,,,,,,
acc,1778672627.0,46.0,-0.257956896628849,3.74957981667717,-9.79225154842494,,,,,,,,,,
acc,1778672627.0,46.0,-0.25767160687962465,3.750080592328265,-9.791654618451945,,,,,,,,,,
acc,1778672627.0,46.0,-0.25706944218412076,3.7516417117694987,-9.787229485727313,,,,,,,,,,
acc,1778672627.0,46.0,-0.2550528841741146,3.754573016011481,-9.789482428105785,,,,,,,,,,
acc,1778672627.0,46.0,-0.25376458353846504,3.757832644861567,-9.786070930974446,,,,,,,,,,
acc,1778672627.0,46.0,-0.2549372551836563,3.7607076912419557,-9.785175203349954,,,,,,,,,,
acc,1778672627.0,46.0,-0.2564187471007701,3.7624917081853657,-9.78780178413587,,,,,,,,,,
acc,1778672627.0,46.0,-0.25756729999615174,3.7632301134735964,-9.786180395376327,,,,,,,,,,
acc,1778672627.0,46.0,-0.2576405214257554,3.763251876137274,-9.786313073081269,,,,,,,,,,
acc,1778672627.0,46.0,-0.2577130774821445,3.760504708311565,-9.785770106851542,,,,,,,,,,
acc,1778672627.0,46.0,-0.25711053593756433,3.7581374661516507,-9.784877112857284,,,,,,,,,,
acc,1778672627.0,46.0,-0.25754287890564503,3.756821135494777,-9.783992233622431,,,,,,,,,,
acc,1778672627.0,46.0,-0.257261351392488,3.753422462973751,-9.786629564217174,,,,,,,,,,
acc,1778672627.0,46.0,-0.2566629147450942,3.753888319968758,-9.786758160263002,,,,,,,,,,
acc,1778672627.0,46.0,-0.2563893835874486,3.752965572748994,-9.78937035650145,,,,,,,,,,
acc,1778672627.0,46.0,-0.25647330890567527,3.7524061724337283,-9.790148484864435,,,,,,,,,,
acc,1778672627.0,46.0,-0.2565564715829774,3.7535911881477024,-9.790955036627741,,,,,,,,,,
acc,1778672627.0,46.0,-0.2566388785495781,3.7512867700976145,-9.793493591825637,,,,,,,,,,
acc,1778672627.0,46.0,-0.2570755075332979,3.749322760025221,-9.792530413459778,,,,,,,,,,
acc,1778672627.0,46.0,-0.2578631305827476,3.750890765992957,-9.794735185577927,,,,,,,,,,
acc,1778672627.0,46.0,-0.25793366375907045,3.749640287098407,-9.795145095586756,,,,,,,,,,
acc,1778672627.0,46.0,-0.25732911771661376,3.7473717714302537,-9.7931020062842,,,,,,,,,,
acc,1778672627.0,46.0,-0.25740450354139294,3.747182670171443,-9.796614966447905,,,,,,,,,,
acc,1778672627.0,46.0,-0.25783417518537377,3.745255954620276,-9.794948985446899,,,,,,,,,,
acc,1778672627.0,46.0,-0.2592893423914817,3.7465059453482152,-9.794363046939262,,,,,,,,,,
acc,1778672627.0,46.0,-0.26005684801869616,3.7442659118751926,-9.798574471399743,,,,,,,,,,
acc,1778672627.0,46.0,-0.2611723409900144,3.744460004850456,-9.796500218886896,,,,,,,,,,
acc,1778672627.0,46.0,-0.2636620682311834,3.7453622667101327,-9.799698325971093,,,,,,,,,,
acc,1778672627.0,46.0,-0.2661291709780383,3.745191426097453,-9.802192933141693,,,,,,,,,,
acc,1778672627.0,46.0,-0.268928825683048,3.7471164414790588,-9.802535073571363,,,,,,,,,,
acc,1778672627.0,46.0,-0.27028317427218035,3.7448708603436205,-9.805323370239377,,,,,,,,,,
acc,1778672627.0,46.0,-0.26956640652697433,3.7405513815711005,-9.80112898945829,,,,,,,,,,
acc,1778672627.0,46.0,-0.2688561521489789,3.7369455927711375,-9.801835759864167,,,,,,,,,,
acc,1778672627.0,46.0,-0.2674424193163204,3.7326981319964796,-9.801187240288986,,,,,,,,,,
acc,1778672627.0,46.0,-0.2667514659026137,3.734417208248579,-9.797669379917407,,,,,,,,,,
acc,1778672627.0,46.0,-0.26674122955182505,3.736440130431552,-9.799117520905632,,,,,,,,,,
acc,1778672627.0,46.0,-0.26744101885417454,3.739864535310079,-9.79874217194876,,,,,,,,,,
acc,1778672627.0,46.0,-0.26777948730132634,3.744997163918556,-9.799790099107568,,,,,,,,,,
acc,1778672627.0,46.0,-0.26740493831794004,3.7438002409976954,-9.798805197872827,,,,,,,,,,
acc,1778672627.0,46.0,-0.26635936372579183,3.742259232906816,-9.799888055753437,,,,,,,,,,
acc,1778672627.0,46.0,-0.2659977196009092,3.7389928864000037,-9.798511808239814,,,,,,,,,,
acc,1778672627.0,46.0,-0.2659943326465665,3.7364661633548715,-9.798887399558415,,,,,,,,,,
acc,1778672627.0,46.0,-0.26460660556184284,3.736731133719084,-9.79886911260649,,,,,,,,,,
acc,1778672627.0,46.0,-0.2639414215782581,3.7394429615766525,-9.796117753461465,,,,,,,,,,
acc,1778672627.0,46.0,-0.2646666531212398,3.744898888497222,-9.797544499933062,,,,,,,,,,
acc,1778672627.0,46.0,-0.2657402561587505,3.7496307983844073,-9.796544510407358,,,,,,,,,,
acc,1778672627.0,46.0,-0.26506477053607064,3.750841034304579,-9.799032273287262,,,,,,,,,,
acc,1778672627.0,46.0,-0.26577979405237034,3.747851674647193,-9.7994031350683,,,,,,,,,,
acc,1778672627.0,46.0,-0.2654234165569257,3.744889479712694,-9.804314195634916,,,,,,,,,,
acc,1778672627.0,46.0,-0.2650702775128608,3.743693535333042,-9.804282088999607,,,,,,,,,,
acc,1778672627.0,46.0,-0.26578525098650396,3.742153496891232,-9.80669953943726,,,,,,,,,,
acc,1778672627.0,46.0,-0.26649372739772936,3.740627452990829,-9.807000727714893,,,,,,,,,,
acc,1778672627.0,46.0,-0.2668408040128024,3.7398252090955184,-9.80729917905317,,,,,,,,,,
acc,1778672627.0,46.0,-0.26753968846831205,3.7400596553484937,-9.806565509188367,,,,,,,,,,
acc,1778672627.0,46.0,-0.2682322220645274,3.739262571108553,-9.806512944556756,,,,,,,,,,
acc,1778672627.0,46.0,-0.2685635007391459,3.739857100990973,-9.804011592271646,,,,,,,,,,
acc,1778672627.0,46.0,-0.268891769038826,3.7404462282984756,-9.8050116354823,,,,,,,,,,
acc,1778672627.0,46.0,-0.26783268341115773,3.7403200604038567,-9.805292667615706,,,,,,,,,,
acc,1778672627.0,46.0,-0.2671381836138759,3.741259942508853,-9.807026505599348,,,,,,,,,,
acc,1778672628.0,47.0,-0.2671244331059881,3.740806912867624,-9.806969751829865,,,,,,,,,,
acc,1778672628.0,47.0,-0.2664363692767663,3.737198802019579,-9.80762344642371,,,,,,,,,,
acc,1778672628.0,47.0,-0.2646896635708732,3.734333411205711,-9.807880744671404,,,,,,,,,,
acc,1778672628.0,47.0,-0.2629588304202777,3.733943323908323,-9.805757428218776,,,,,,,,,,
acc,1778672628.0,47.0,-0.2623086199963282,3.7332018196144916,-9.80503776845613,,,,,,,,,,
acc,1778672628.0,47.0,-0.264078089079675,3.7349163187878407,-9.803295248293326,,,,,,,,,,
acc,1778672628.0,47.0,-0.26583147875377844,3.7369347054846083,-9.806076637148953,,,,,,,,,,
acc,1778672628.0,47.0,-0.26618457331348083,3.7340717145523237,-9.80191090568764,,,,,,,,,,
acc,1778672628.0,47.0,-0.26479511748561785,3.73052480737891,-9.805698779942782,,,,,,,,,,
acc,1778672628.0,47.0,-0.26444768788174033,3.724241389623241,-9.80213992258906,,,,,,,,,,
acc,1778672628.0,47.0,-0.26516831891310166,3.7222036772342615,-9.80148863904531,,,,,,,,,,
acc,1778672628.0,47.0,-0.2662373632444746,3.720184481818385,-9.800843273804814,,,,,,,,,,
acc,1778672628.0,47.0,-0.26729669302278464,3.7199229677908634,-9.798428936958544,,,,,,,,,,
acc,1778672628.0,47.0,-0.2676364729786421,3.719308868403889,-9.797775872205223,,,,,,,,,,
acc,1778672628.0,47.0,-0.26726322358610133,3.7155766458329764,-9.796418818394383,,,,,,,,,,
acc,1778672628.0,47.0,-0.26724833682276594,3.7129077385300784,-9.795819523312334,,,,,,,,,,
acc,1778672628.0,47.0,-0.2686179562456007,3.708523751273854,-9.79582911457435,,,,,,,,,,
acc,1778672628.0,47.0,-0.26894572970059427,3.706948334642634,-9.79906881443577,,,,,,,,,,
acc,1778672628.0,47.0,-0.2692705246330629,3.7089014028494294,-9.799084373301786,,,,,,,,,,
acc,1778672628.0,47.0,-0.27168666256422364,3.7094168579884443,-9.798070390734717,,,,,,,,,,
acc,1778672628.0,47.0,-0.27127660854114555,3.711347494383643,-9.79742058414031,,,,,,,,,,
acc,1778672628.0,47.0,-0.26881148064038923,3.714289986867568,-9.797770597202666,,,,,,,,,,
acc,1778672628.0,47.0,-0.2684275537914096,3.71475647520152,-9.797762458787547,,,,,,,,,,
acc,1778672628.0,47.0,-0.27049639014126287,3.712449991762673,-9.797789888687245,,,,,,,,,,
acc,1778672628.0,47.0,-0.2721914558297213,3.7080701641143627,-9.799946867229691,,,,,,,,,,
acc,1778672628.0,47.0,-0.27213178554129513,3.703730136563062,-9.800983847156576,,,,,,,,,,
acc,1778672628.0,47.0,-0.27104325743746904,3.701168880121345,-9.800946509496614,,,,,,,,,,
acc,1778672628.0,47.0,-0.27031958271186496,3.7021095726198503,-9.800945005489025,,,,,,,,,,
acc,1778672628.0,47.0,-0.27201625507378346,3.7061654205057124,-9.79923967682694,,,,,,,,,,
acc,1778672628.0,47.0,-0.2726681094927631,3.706031299618979,-9.798898721269442,,,,,,,,,,
acc,1778672628.0,47.0,-0.2722491369262851,3.7030941613310944,-9.798276890968445,,,,,,,,,,
acc,1778672628.0,47.0,-0.2725439133423641,3.703662387673533,-9.79790918093158,,,,,,,,,,
acc,1778672628.0,47.0,-0.2738654111320833,3.70667471578049,-9.796550915725984,,,,,,,,,,
acc,1778672628.0,47.0,-0.27517490028939684,3.710369603081104,-9.79619888986384,,,,,,,,,,
acc,1778672628.0,47.0,-0.2757980516643084,3.7129660200245307,-9.795850062909185,,,,,,,,,,
acc,1778672628.0,47.0,-0.2760605786034231,3.715538842969626,-9.79873460154963,,,,,,,,,,
acc,1778672628.0,47.0,-0.2770306434709592,3.7180882863183022,-9.799782597501697,,,,,,,,,,
acc,1778672628.0,47.0,-0.2772819696785801,3.7171358880739596,-9.801566506251286,,,,,,,,,,
acc,1778672628.0,47.0,-0.27717604118976763,3.7172215444511516,-9.800210500786756,,,,,,,,,,
acc,1778672628.0,47.0,-0.27604167524019263,3.7155670897755106,-9.802700453754273,,,,,,,,,,
acc,1778672628.0,47.0,-0.2759470174777493,3.7170868673069055,-9.80058870787156,,,,,,,,,,
acc,1778672628.0,47.0,-0.27759255256496623,3.7206871379526865,-9.799206093435648,,,,,,,,,,
acc,1778672628.0,47.0,-0.27886817267479475,3.7204210562196494,-9.800285308323069,,,,,,,,,,
acc,1778672628.0,47.0,-0.27981272454835554,3.72118680154263,-9.796136709104434,,,,,,,,,,
acc,1778672628.0,47.0,-0.28074869314896206,3.720206246663731,-9.796853350689485,,,,,,,,,,
acc,1778672628.0,47.0,-0.27993682379246054,3.7206189731301555,-9.798983345321778,,,,,,,,,,
acc,1778672628.0,47.0,-0.27913233200460835,3.721382919954914,-9.795840482907849,,,,,,,,,,
acc,1778672628.0,47.0,-0.2783351507444232,3.7200456211475585,-9.79797968160916,,,,,,,,,,
acc,1778672628.0,47.0,-0.27719025180669793,3.7197853689660763,-9.795236404846097,,,,,,,,,,
acc,1778672628.0,47.0,-0.2749908532287078,3.7181076164639904,-9.795606265846494,,,,,,,,,,
acc,1778672628.0,47.0,-0.27281144088848674,3.7154157098824148,-9.795298327594953,,,,,,,,,,
acc,1778672628.0,47.0,-0.27136176580234855,3.7127482650266628,-9.793253845852036,,,,,,,,,,
acc,1778672628.0,47.0,-0.2720195676554709,3.714293657606746,-9.795061587907057,,,,,,,,,,
acc,1778672628.0,47.0,-0.27231643019912904,3.7175643487603045,-9.795113560992396,,,,,,,,,,
acc,1778672628.0,47.0,-0.2712262242038688,3.7183560533773803,-9.795129567431236,,,,,,,,,,
acc,1778672628.0,47.0,-0.27050088683406115,3.720879896347108,-9.796600788045295,,,,,,,,,,
acc,1778672628.0,47.0,-0.27116651161292454,3.723025833947625,-9.795644868519394,,,,,,,,,,
acc,1778672628.0,47.0,-0.272855487815284,3.723057967575527,-9.797075912161585,,,,,,,,,,
acc,1778672628.0,47.0,-0.2717603833292293,3.7227703417872076,-9.797464551665593,,,,,,,,,,
acc,1778672628.0,47.0,-0.2703202593478788,3.7217753970600285,-9.797494688688333,,,,,,,,,,
acc,1778672628.0,47.0,-0.2702775928795755,3.7200795608985953,-9.799299387980389,,,,,,,,,,
acc,1778672628.0,47.0,-0.26920591407981714,3.7215583329834585,-9.798922386372363,,,,,,,,,,
acc,1778672628.0,47.0,-0.26707907027831673,3.7244080381708384,-9.800323646758459,,,,,,,,,,
acc,1778672628.0,47.0,-0.2653265242599128,3.729326151236843,-9.801712173698451,,,,,,,,,,
acc,1778672628.0,47.0,-0.26394486564196606,3.733844601871544,-9.801313246774328,,,,,,,,,,
acc,1778672628.0,47.0,-0.26257576234615615,3.736937630902104,-9.804148140710627,,,,,,,,,,
acc,1778672628.0,47.0,-0.2601897002330134,3.7379082496097955,-9.80312363735167,,,,,,,,,,
acc,1778672628.0,47.0,-0.2574703588214546,3.736065811995502,-9.802108443795825,,,,,,,,,,
acc,1778672628.0,47.0,-0.2554501576267526,3.7380737530891888,-9.803480752039345,,,,,,,,,,
acc,1778672628.0,47.0,-0.2545132177731016,3.743542122195845,-9.801716886339229,,,,,,,,,,
acc,1778672628.0,47.0,-0.25461419206846,3.7475764285712496,-9.803838179713205,,,,,,,,,,
acc,1778672628.0,47.0,-0.25403981052239794,3.7540233399645806,-9.80558523482872,,,,,,,,,,
acc,1778672628.0,47.0,-0.25311568668711054,3.7593467729787977,-9.804902643258176,,,,,,,,,,
acc,1778672628.0,47.0,-0.252554922265816,3.7622080602684664,-9.80660453108695,,,,,,,,,,
acc,1778672628.0,47.0,-0.25267369186213634,3.7639784431519088,-9.805202744396926,,,,,,,,,,
acc,1778672628.0,47.0,-0.2531463530433518,3.766087709182854,-9.805872496030657,,,,,,,,,,
acc,1778672628.0,47.0,-0.2529047773661744,3.767503369748805,-9.806536161539059,,,,,,,,,,
acc,1778672628.0,47.0,-0.2533753386415907,3.7685511951516615,-9.805134996132532,,,,,,,,,,
acc,1778672628.0,47.0,-0.25384162386189374,3.7727132024104195,-9.801261794546416,,,,,,,,,,
acc,1778672628.0,47.0,-0.2522093683420749,3.775098056254508,-9.800228025452633,,,,,,,,,,
acc,1778672628.0,47.0,-0.25059194535295126,3.7774612386032844,-9.797109346818859,,,,,,,,,,
acc,1778672628.0,47.0,-0.25246788547234794,3.7811873172967125,-9.79675224641647,,,,,,,,,,
acc,1778672628.0,47.0,-0.25606612043420884,3.783140203918378,-9.798208721523121,,,,,,,,,,
acc,1778672628.0,47.0,-0.2578923159707644,3.785785277024379,-9.799296999666465,,,,,,,,,,
acc,1778672628.0,47.0,-0.25934695484354864,3.7845726777631516,-9.799984923255959,,,,,,,,,,
acc,1778672628.0,47.0,-0.2604688987119126,3.783016126697831,-9.802086460857074,,,,,,,,,,
acc,1778672628.0,47.0,-0.2615806473218359,3.7821836528604105,-9.801045197906955,,,,,,,,,,
acc,1778672628.0,47.0,-0.26300176981969325,3.7823881529620613,-9.802817633232781,,,,,,,,,,
acc,1778672628.0,47.0,-0.26440997838170227,3.7843301274246626,-9.801059793384582,,,,,,,,,,
acc,1778672628.0,47.0,-0.2658053903585764,3.784870083989781,-9.80208665999823,,,,,,,,,,
acc,1778672628.0,47.0,-0.26754308380808267,3.7885288374848707,-9.801684330065527,,,,,,,,,,
acc,1778672628.0,47.0,-0.26823558655037794,3.790415010701547,-9.80103718655378,,,,,,,,,,
acc,1778672628.0,47.0,-0.2678568929303036,3.79366841491055,-9.80348412386683,,,,,,,,,,
acc,1778672628.0,47.0,-0.2689015058193245,3.800051452937017,-9.800300362258437,,,,,,,,,,
acc,1778672628.0,47.0,-0.27096603530182967,3.802542851194248,-9.805203269598016,,,,,,,,,,
acc,1778672628.0,47.0,-0.27439617502871155,3.8025623444568657,-9.801648915015036,,,,,,,,,,
acc,1778672628.0,47.0,-0.2777951446035125,3.8008423188128466,-9.803060893419786,,,,,,,,,,
acc,1778672628.0,47.0,-0.28084375077303986,3.7981085232312,-9.805524944476904,,,,,,,,,,
acc,1778672628.0,47.0,-0.28386465383846493,3.7960740083005824,-9.8030680646445,,,,,,,,,,
acc,1778672628.0,47.0,-0.2868581055417099,3.79128923947112,-9.807910327131424,,,,,,,,,,
acc,1778672628.0,47.0,-0.28982435533708334,3.7861929887215116,-9.805751238411853,,,,,,,,,,
acc,1778672628.0,47.0,-0.29450299218074305,3.7842667518939352,-9.806380511445019,,,,,,,,,,
acc,1778672628.0,47.0,-0.2970448100649741,3.7837423808666473,-9.810837702411119,,,,,,,,,,
acc,1778672628.0,47.0,-0.2995635301000439,3.7846426401391158,-9.8069126795477,,,,,,,,,,
acc,1778672628.0,47.0,-0.303088762226817,3.7841148533635782,-9.810016167167916,,,,,,,,,,
acc,1778672628.0,47.0,-0.3065819600837757,3.7832723952456346,-9.809577284158602,,,,,,,,,,
acc,1778672628.0,47.0,-0.30901401472321305,3.7806982599790913,-9.809852321973642,,,,,,,,,,
acc,1778672628.0,47.0,-0.3110689980866374,3.7746688508711386,-9.810089366122265,,,,,,,,,,
acc,1778672628.0,47.0,-0.31239537489922686,3.769368661021047,-9.80964981794397,,,,,,,,,,
acc,1778672628.0,47.0,-0.31370969874305793,3.7710739745393265,-9.81059862582147,,,,,,,,,,
acc,1778672628.0,47.0,-0.3153670500056908,3.772089353364725,-9.80912504988263,,,,,,,,,,
acc,1778672628.0,47.0,-0.3152700080076204,3.772740543529468,-9.808019826304713,,,,,,,,,,
acc,1778672628.0,47.0,-0.3141444387088846,3.7754801197816157,-9.808983446140713,,,,,,,,,,
acc,1778672628.0,47.0,-0.3130290976133745,3.777839830266505,-9.805430244019956,,,,,,,,,,
acc,1778672628.0,47.0,-0.31259833005009163,3.780533068597823,-9.806772366607376,,,,,,,,,,
acc,1778672628.0,47.0,-0.31181650607040634,3.782491900467516,-9.806327457013422,,,,,,,,,,
acc,1778672628.0,47.0,-0.3107223192193741,3.7834035230275815,-9.804573217273088,,,,,,,,,,
acc,1778672628.0,47.0,-0.3092831136215079,3.787785535998111,-9.80524868950649,,,,,,,,,,
acc,1778672628.0,47.0,-0.3071470536491014,3.7914177963792985,-9.805563061857248,,,,,,,,,,
acc,1778672628.0,47.0,-0.30574033698184105,3.7946620881367488,-9.802395903012949,,,,,,,,,,
acc,1778672628.0,47.0,-0.30363647070865374,3.799971193023183,-9.802736199027446,,,,,,,,,,
acc,1778672628.0,47.0,-0.3015517225580255,3.801753387979295,-9.801014593543002,,,,,,,,,,
acc,1778672628.0,47.0,-0.3008702806219076,3.8028449496103125,-9.799308632524687,,,,,,,,,,
acc,1778672628.0,47.0,-0.2998755636289887,3.80286169766302,-9.803475115767869,,,,,,,,,,
acc,1778672628.0,47.0,-0.2992093531798917,3.8053275588394118,-9.803095672193429,,,,,,,,,,
acc,1778672628.0,47.0,-0.29890416753746635,3.809865315937817,-9.801335305766905,,,,,,,,,,
acc,1778672628.0,47.0,-0.29721738425090083,3.815391237860079,-9.805483372351231,,,,,,,,,,
acc,1778672628.0,47.0,-0.2945165289488279,3.8201570123348207,-9.801926472435959,,,,,,,,,,
acc,1778672629.0,48.0,-0.294253987646464,3.822110737744387,-9.802980966864766,,,,,,,,,,
acc,1778672629.0,48.0,-0.2947037647270794,3.82301730933457,-9.801612108001848,,,,,,,,,,
acc,1778672629.0,48.0,-0.29376508371332044,3.8211114066077454,-9.798835822879914,,,,,,,,,,
acc,1778672629.0,48.0,-0.29109559994166717,3.8167735577659254,-9.797469137151321,,,,,,,,,,
acc,1778672629.0,48.0,-0.28738547064209363,3.811445727506391,-9.790541892691834,,,,,,,,,,
acc,1778672629.0,48.0,-0.2854483975670818,3.809999948197796,-9.789960498595933,,,,,,,,,,
acc,1778672629.0,48.0,-0.284238859575876,3.804023738027228,-9.786544657172213,,,,,,,,,,
acc,1778672629.0,48.0,-0.28197540932838616,3.7984567962749316,-9.786638530420134,,,,,,,,,,
acc,1778672629.0,48.0,-0.2804424599990158,3.796419116539203,-9.787831948483424,,,,,,,,,,
acc,1778672629.0,48.0,-0.27892344079131204,3.79372551520576,-9.786565256476873,,,,,,,,,,
acc,1778672629.0,48.0,-0.2791575668890157,3.7955644654963243,-9.784990598574373,,,,,,,,,,
acc,1778672629.0,48.0,-0.27903459459005353,3.7994809994473195,-9.78098098448954,,,,,,,,,,
acc,1778672629.0,48.0,-0.27614400702824177,3.8002382397252967,-9.779102109862192,,,,,,,,,,
acc,1778672629.0,48.0,-0.2739541158206374,3.8020180079912502,-9.77376163437712,,,,,,,,,,
acc,1778672629.0,48.0,-0.2735234571375552,3.804136565031305,-9.772267830391979,,,,,,,,,,
acc,1778672629.0,48.0,-0.2724222827222794,3.8055259378177704,-9.772136468270418,,,,,,,,,,
acc,1778672629.0,48.0,-0.2720055440175189,3.8055183233614236,-9.770302461532925,,,,,,,,,,
acc,1778672629.0,48.0,-0.27127312486124033,3.8062207016455614,-9.772709222111363,,,,,,,,,,
acc,1778672629.0,48.0,-0.2722866939802373,3.8075911355955956,-9.772325379395912,,,,,,,,,,
acc,1778672629.0,48.0,-0.27329105265706594,3.811398381539142,-9.771590053851504,,,,,,,,,,
acc,1778672629.0,48.0,-0.27496072286237544,3.8113374033779737,-9.774695046535232,,,,,,,,,,
acc,1778672629.0,48.0,-0.27487588786305306,3.8119869028806246,-9.773583225725753,,,,,,,,,,
acc,1778672629.0,48.0,-0.27617619467915416,3.8188779074711263,-9.773830375646133,,,,,,,,,,
acc,1778672629.0,48.0,-0.278174618062154,3.822937559824852,-9.775495144949168,,,,,,,,,,
acc,1778672629.0,48.0,-0.2797999106360857,3.8286996542400997,-9.773275655680719,,,,,,,,,,
acc,1778672629.0,48.0,-0.28176540481314377,3.8347643585704407,-9.776010369295054,,,,,,,,,,
acc,1778672629.0,48.0,-0.2830031056399274,3.83796971592121,-9.775844998207075,,,,,,,,,,
acc,1778672629.0,48.0,-0.28458452108228327,3.841855878382315,-9.774367756767816,,,,,,,,,,
acc,1778672629.0,48.0,-0.2865065368453026,3.845351755889379,-9.776702081088686,,,,,,,,,,
acc,1778672629.0,48.0,-0.28631678344428196,3.8467215714211274,-9.773087253317222,,,,,,,,,,
acc,1778672629.0,48.0,-0.28612875435854834,3.8480789392504944,-9.774758775475199,,,,,,,,,,
acc,1778672629.0,48.0,-0.28629740477958454,3.8508083433995672,-9.774356308186075,,,,,,,,,,
acc,1778672629.0,48.0,-0.28749392269854734,3.8524835359425906,-9.773957498172633,,,,,,,,,,
acc,1778672629.0,48.0,-0.28974446210184607,3.8548534384142847,-9.774520723528402,,,,,,,,,,
acc,1778672629.0,48.0,-0.2912646179096445,3.8530132072587637,-9.774759354277142,,,,,,,,,,
acc,1778672629.0,48.0,-0.29035718889663875,3.8494503658556436,-9.772901513013295,,,,,,,,,,
acc,1778672629.0,48.0,-0.2901324440901339,3.845564929622438,-9.772764392530487,,,,,,,,,,
acc,1778672629.0,48.0,-0.2912941124787381,3.842424733517377,-9.77369342157497,,,,,,,,,,
acc,1778672629.0,48.0,-0.2924452246267155,3.840697443714877,-9.770425401320365,,,,,,,,,,
acc,1778672629.0,48.0,-0.2932663999594213,3.840370220940788,-9.772121112094014,,,,,,,,,,
acc,1778672629.0,48.0,-0.29372515138535477,3.8396910008245375,-9.770677710120701,,,,,,,,,,
acc,1778672629.0,48.0,-0.2941797340739037,3.837988552827494,-9.770312328034478,,,,,,,,,,
acc,1778672629.0,48.0,-0.29498514768039436,3.8342072716677427,-9.770553706692716,,,,,,,,,,
acc,1778672629.0,48.0,-0.2954282806090895,3.827691618801565,-9.77185778631729,,,,,,,,,,
acc,1778672629.0,48.0,-0.29654182500192816,3.826772640028418,-9.773504986451295,,,,,,,,,,
acc,1778672629.0,48.0,-0.29871014487096137,3.824122679460403,-9.774427285616829,,,,,,,,,,
acc,1778672629.0,48.0,-0.29876446646376115,3.8225617029435917,-9.777116030764285,,,,,,,,,,
acc,1778672629.0,48.0,-0.2981083527076197,3.8258779475065348,-9.775272277503701,,,,,,,,,,
acc,1778672629.0,48.0,-0.29816814286868376,3.8274247242169,-9.77585904963854,,,,,,,,,,
acc,1778672629.0,48.0,-0.29751744798717367,3.8303418160623846,-9.777150422328189,,,,,,,,,,
acc,1778672629.0,48.0,-0.297582607780809,3.8318480289844397,-9.776016289180737,,,,,,,,,,
acc,1778672629.0,48.0,-0.2972922045978529,3.8316012220607063,-9.779400536555123,,,,,,,,,,
acc,1778672629.0,48.0,-0.297714372982622,3.8296173161368032,-9.777855491089326,,,,,,,,,,
acc,1778672629.0,48.0,-0.2967483341570381,3.827296476465809,-9.779448189254094,,,,,,,,,,
acc,1778672629.0,48.0,-0.29543611208586507,3.8249967265845206,-9.77960654908328,,,,,,,,,,
acc,1778672629.0,48.0,-0.29413581435736585,3.8223629039865408,-9.77734969891926,,,,,,,,,,
acc,1778672629.0,48.0,-0.2935217618003515,3.824651555015456,-9.77933745850762,,,,,,,,,,
acc,1778672629.0,48.0,-0.2929132892234872,3.8255350378491877,-9.7767635861932,,,,,,,,,,
acc,1778672629.0,48.0,-0.2919908785072053,3.828149825034277,-9.779111633642055,,,,,,,,,,
acc,1778672629.0,48.0,-0.29072188809069677,3.8324801930567944,-9.777604707836732,,,,,,,,,,
acc,1778672629.0,48.0,-0.289819390938298,3.8353513451607153,-9.778844714042878,,,,,,,,,,
acc,1778672629.0,48.0,-0.28857013312837526,3.836812035801965,-9.778405117267294,,,,,,,,,,
acc,1778672629.0,48.0,-0.2855928948146761,3.8368750820380964,-9.777614544307575,,,,,,,,,,
acc,1778672629.0,48.0,-0.2836721111230731,3.8393868206799437,-9.781019762477436,,,,,,,,,,
acc,1778672629.0,48.0,-0.2831531436783609,3.839781431264737,-9.77527140488561,,,,,,,,,,
acc,1778672629.0,48.0,-0.2823194247487691,3.8419117977374775,-9.780046782947132,,,,,,,,,,
acc,1778672629.0,48.0,-0.2790440166223604,3.844697243550789,-9.779205797585382,,,,,,,,,,
acc,1778672629.0,48.0,-0.276508305214679,3.8502616047233778,-9.777662521739423,,,,,,,,,,
acc,1778672629.0,48.0,-0.2746700744398583,3.8578697053218036,-9.782061209619366,,,,,,,,,,
acc,1778672629.0,48.0,-0.2728485479212409,3.8643437665677576,-9.77775874788187,,,,,,,,,,
acc,1778672629.0,48.0,-0.2703691355908575,3.8690196644460553,-9.778997354304913,,,,,,,,,,
acc,1778672629.0,48.0,-0.265817950479663,3.87123930084076,-9.77884034351985,,,,,,,,,,
acc,1778672629.0,48.0,-0.26340242615645215,3.872373872686424,-9.775170590703286,,,,,,,,,,
acc,1778672629.0,48.0,-0.2623932229435226,3.871048860118795,-9.777142657788186,,,,,,,,,,
acc,1778672629.0,48.0,-0.26139319049917165,3.87115575339086,-9.776966997438738,,,,,,,,,,
acc,1778672629.0,48.0,-0.25901787457926073,3.870906713535605,-9.776544463732526,,,,,,,,,,
acc,1778672629.0,48.0,-0.25698361089575095,3.872044307647913,-9.77637423925484,,,,,,,,,,
acc,1778672629.0,48.0,-0.25567776548049126,3.874236458693303,-9.775957092023877,,,,,,,,,,
acc,1778672629.0,48.0,-0.25576815737045655,3.8743143858181406,-9.778312468196313,,,,,,,,,,
acc,1778672629.0,48.0,-0.2558577278568694,3.8715873777194814,-9.775712415750093,,,,,,,,,,
acc,1778672629.0,48.0,-0.25594648440393697,3.8699500447264095,-9.779738359291231,,,,,,,,,,
acc,1778672629.0,48.0,-0.25709932881548253,3.8714512939933705,-9.779290641838207,,,,,,,,,,
acc,1778672629.0,48.0,-0.2585611736717533,3.873648833835506,-9.779805404183032,,,,,,,,,,
acc,1778672629.0,48.0,-0.25827039277382186,3.8730221772414803,-9.7814158775789,,,,,,,,,,
acc,1778672629.0,48.0,-0.25833722510252816,3.873785576983188,-9.781236889339779,,,,,,,,,,
acc,1778672629.0,48.0,-0.2604977536587701,3.871773306877246,-9.781024024144383,,,,,,,,,,
acc,1778672629.0,48.0,-0.2622836783339103,3.868714419052295,-9.781523035005478,,,,,,,,,,
acc,1778672629.0,48.0,-0.26302397401805,3.8656833277622646,-9.779248769469953,,,,,,,,,,
acc,1778672629.0,48.0,-0.26375754253335787,3.86200535122926,-9.7808288067222,,,,,,,,,,
acc,1778672629.0,48.0,-0.26483940678397905,3.861129529704589,-9.778241382321172,,,,,,,,,,
acc,1778672629.0,48.0,-0.2665858782592584,3.8588772959826256,-9.78054050647318,,,,,,,,,,
acc,1778672629.0,48.0,-0.26867145016829924,3.857674928666189,-9.782463776393959,,,,,,,,,,
acc,1778672629.0,48.0,-0.271093031971623,3.8550991256061775,-9.776382820348152,,,,,,,,,,
acc,1778672629.0,48.0,-0.2738475793881843,3.8525467292232998,-9.782177498871835,,,,,,,,,,
acc,1778672629.0,48.0,-0.2748377540843531,3.850372488591293,-9.779187353499019,,,,,,,,,,
acc,1778672629.0,48.0,-0.2751090073798246,3.8450943019936967,-9.778354177891021,,,,,,,,,,
acc,1778672629.0,48.0,-0.27711712844078146,3.8433427534548117,-9.779942344420144,,,,,,,,,,
acc,1778672629.0,48.0,-0.28191123760522757,3.845085786841789,-9.779102308105672,,,,,,,,,,
acc,1778672629.0,48.0,-0.2859518403183276,3.8415949829997253,-9.781784074127003,,,,,,,,,,
acc,1778672629.0,48.0,-0.28821639283658373,3.838490862346347,-9.78131776698154,,,,,,,,,,
acc,1778672629.0,48.0,-0.2897504344202341,3.838183691081034,-9.78394389737591,,,,,,,,,,
acc,1778672629.0,48.0,-0.2923354394513349,3.838589234670182,-9.783067498398653,,,,,,,,,,
acc,1778672629.0,48.0,-0.29557139245981606,3.8389910930288864,-9.78606819396316,,,,,,,,,,
acc,1778672629.0,48.0,-0.2981035016435761,3.840418708780009,-9.790709965755536,,,,,,,,,,
acc,1778672629.0,48.0,-0.30025763034189984,3.8408039424555303,-9.79080148263065,,,,,,,,,,
acc,1778672629.0,48.0,-0.3041315168576225,3.8422150845942555,-9.793696404055437,,,,,,,,,,
acc,1778672629.0,48.0,-0.30726027728621225,3.842229032581929,-9.794470715388451,,,,,,,,,,
acc,1778672629.0,48.0,-0.3089762353298076,3.8405035211407803,-9.794847534314396,,,,,,,,,,
acc,1778672629.0,48.0,-0.3099666675923383,3.8387936896597266,-9.796285823442313,,,,,,,,,,
acc,1778672629.0,48.0,-0.3123679649285193,3.837454357426247,-9.795687736903709,,,,,,,,,,
acc,1778672629.0,48.0,-0.3143924704845378,3.8396058703394313,-9.799922627171107,,,,,,,,,,
acc,1778672629.0,48.0,-0.3167535499403365,3.840353461250376,-9.798191094641677,,,,,,,,,,
acc,1778672629.0,48.0,-0.3173538321732888,3.8417686969738507,-9.800308933010449,,,,,,,,,,
acc,1778672629.0,48.0,-0.31723873601205105,3.843171072255407,-9.800668193608766,,,,,,,,,,
acc,1778672629.0,48.0,-0.317124685745481,3.841437000370012,-9.799994780421885,,,,,,,,,,
acc,1778672629.0,48.0,-0.3180410719169181,3.8400736480080835,-9.799327486633373,,,,,,,,,,
acc,1778672629.0,48.0,-0.3172097889923401,3.8380127519828138,-9.8000151331836,,,,,,,,,,
acc,1778672629.0,48.0,-0.3153566600026498,3.8380648871456526,-9.799383157893793,,,,,,,,,,
acc,1778672629.0,48.0,-0.3142303032853018,3.843689517454272,-9.798366460229987,,,,,,,,,,
acc,1778672629.0,48.0,-0.3134336493400805,3.8464588088836975,-9.79874337234597,,,,,,,,,,
acc,1778672629.0,48.0,-0.31232476728545133,3.8478185644724285,-9.796667585006963,,,,,,,,,,
acc,1778672629.0,48.0,-0.3112259617947626,3.8512602582298383,-9.79915422949103,,,,,,,,,,
acc,1778672629.0,48.0,-0.3094272086668813,3.847713346115952,-9.79711021208362,,,,,,,,,,
acc,1778672629.0,48.0,-0.30661540100886053,3.8515109668676306,-9.796469130764846,,,,,,,,,,
acc,1778672629.0,48.0,-0.30450358290835,3.855274078116548,-9.795123951493432,,,,,,,,,,
acc,1778672629.0,48.0,-0.30138155514222015,3.8576186225472067,-9.793790996051309,,,,,,,,,,
acc,1778672629.0,48.0,-0.29828789767235214,3.864449936277485,-9.7921506768582,,,,,,,,,,
acc,1778672629.0,48.0,-0.2962517527414852,3.863906871332398,-9.790489769111579,,,,,,,,,,
acc,1778672629.0,48.0,-0.29320471049248503,3.8626587995721087,-9.78958938125631,,,,,,,,,,
acc,1778672630.0,49.0,-0.2912147571835542,3.8607476400248286,-9.785857444813443,,,,,,,,,,
acc,1778672630.0,49.0,-0.2895978486278243,3.85675954390544,-9.787412922482643,,,,,,,,,,
acc,1778672630.0,49.0,-0.28764067136937777,3.854901991706821,-9.784765667314966,,,,,,,,,,
acc,1778672630.0,49.0,-0.28534630838963876,3.853061319340844,-9.784272266021592,,,,,,,,,,
acc,1778672630.0,49.0,-0.2834277654628388,3.852621744326247,-9.782363483065703,,,,,,,,,,
acc,1778672630.0,49.0,-0.2811716857392542,3.8528960873372147,-9.784270187347134,,,,,,,,,,
acc,1778672630.0,49.0,-0.27826167813585945,3.853522908216034,-9.785840088643521,,,,,,,,,,
acc,1778672630.0,49.0,-0.2771174468538465,3.8534341004531956,-9.784236526081072,,,,,,,,,,
acc,1778672630.0,49.0,-0.27527368072506253,3.8533460996987285,-9.784031906220566,,,,,,,,,,
acc,1778672630.0,49.0,-0.2738016309264412,3.8521939951246544,-9.78212530744729,,,,,,,,,,
acc,1778672630.0,49.0,-0.2723429578470638,3.847573694520433,-9.78229483429469,,,,,,,,,,
acc,1778672630.0,49.0,-0.27089753993084026,3.844734711905625,-9.781078458807318,,,,,,,,,,
acc,1778672630.0,49.0,-0.27084962763437925,3.843341392784827,-9.776749433101875,,,,,,,,,,
acc,1778672630.0,49.0,-0.2708021507235544,3.840221402265224,-9.77909760916182,,,,,,,,,,
acc,1778672630.0,49.0,-0.27008066696786376,3.8378042018032357,-9.773757174575232,,,,,,,,,,
acc,1778672630.0,49.0,-0.2714245486166148,3.8371482994562682,-9.77332830552437,,,,,,,,,,
acc,1778672630.0,49.0,-0.2738211126351949,3.8354689573367273,-9.773577771939726,,,,,,,,,,
acc,1778672630.0,49.0,-0.2730721951568559,3.834834275677826,-9.773434506198921,,,,,,,,,,
acc,1778672630.0,49.0,-0.27162015056077116,3.834560332319138,-9.770914274825056,,,,,,,,,,
acc,1778672630.0,49.0,-0.2701813008938998,3.8332594691868107,-9.772960513998417,,,,,,,,,,
acc,1778672630.0,49.0,-0.27084982979421335,3.8354491016271273,-9.77111901904391,,,,,,,,,,
acc,1778672630.0,49.0,-0.27325161636188017,3.837618836575913,-9.77003969408872,,,,,,,,,,
acc,1778672630.0,49.0,-0.2742472066561423,3.8418631583865235,-9.771028977203093,,,,,,,,,,
acc,1778672630.0,49.0,-0.27349441720275525,3.8446490461923153,-9.7692405378365,,,,,,,,,,
acc,1778672630.0,49.0,-0.27342290672489455,3.8449958382091887,-9.770237082993793,,,,,,,,,,
acc,1778672630.0,49.0,-0.2733520460725943,3.845339478879246,-9.769165772312945,,,,,,,,,,
acc,1778672630.0,49.0,-0.27466620024890165,3.8449700732923393,-9.769098102467403,,,,,,,,,,
acc,1778672630.0,49.0,-0.27596841252522974,3.8432196536367718,-9.77041540936803,,,,,,,,,,
acc,1778672630.0,49.0,-0.2765843531451755,3.8456737382827573,-9.77005241084487,,,,,,,,,,
acc,1778672630.0,49.0,-0.27857906753598494,3.849844864092274,-9.771751511034338,,,,,,,,,,
acc,1778672630.0,49.0,-0.28055565568242236,3.853623115446559,-9.772370276858949,,,,,,,,,,
acc,1778672630.0,49.0,-0.2825142823001667,3.8580414715845577,-9.774722752554833,,,,,,,,,,
acc,1778672630.0,49.0,-0.2841001397475294,3.859295973922216,-9.774569082217498,,,,,,,,,,
acc,1778672630.0,49.0,-0.2870914515578887,3.862988341739914,-9.775872177018753,,,,,,,,,,
acc,1778672630.0,49.0,-0.289345648271869,3.8628135202791087,-9.77609852692351,,,,,,,,,,
acc,1778672630.0,49.0,-0.29086942815586314,3.8633502200790026,-9.776677790816084,,,,,,,,,,
acc,1778672630.0,49.0,-0.29202439946876807,3.863172110179894,-9.775512458176355,,,,,,,,,,
acc,1778672630.0,49.0,-0.29213947535076706,3.8629956187899674,-9.776806980390353,,,,,,,,,,
acc,1778672630.0,49.0,-0.293282905569907,3.8683937001067914,-9.776030929920523,,,,,,,,,,
acc,1778672630.0,49.0,-0.29619077232263086,3.868879692044115,-9.777675702483817,,,,,,,,,,
acc,1778672630.0,49.0,-0.29697791134760454,3.869680735119295,-9.779625005272974,,,,,,,,,,
acc,1778672630.0,49.0,-0.29878730666652326,3.873953173455947,-9.778823347022952,,,,,,,,,,
acc,1778672630.0,49.0,-0.3012901923950063,3.8771573784223876,-9.782217580636068,,,,,,,,,,
acc,1778672630.0,49.0,-0.303770334056189,3.8789481045160663,-9.782386268984295,,,,,,,,,,
acc,1778672630.0,49.0,-0.30413363478643257,3.8845561942587685,-9.784292766206946,,,,,,,,,,
acc,1778672630.0,49.0,-0.3034287306583263,3.8855697536600027,-9.783058235237142,,,,,,,,,,
acc,1778672630.0,49.0,-0.3020558029041532,3.884479799165265,-9.784284187935821,,,,,,,,,,
acc,1778672630.0,49.0,-0.3017247511810837,3.883399749237124,-9.782694764057375,,,,,,,,,,
acc,1778672630.0,49.0,-0.30139670777061267,3.8833944082788645,-9.783569048808147,,,,,,,,,,
acc,1778672630.0,49.0,-0.29830291260672376,3.8819692505866104,-9.782731550491365,,,,,,,,,,
acc,1778672630.0,49.0,-0.2959116603725071,3.8823318796271624,-9.782540606551299,,,,,,,,,,
acc,1778672630.0,49.0,-0.29425207041066365,3.8833656516817765,-9.78206742469151,,,,,,,,,,
acc,1778672630.0,49.0,-0.2947018649134648,3.8882236659310117,-9.782237477527485,,,,,,,,,,
acc,1778672630.0,49.0,-0.29582201034576816,3.8892038985120934,-9.78379035597802,,,,,,,,,,
acc,1778672630.0,49.0,-0.29554760595416546,3.891240117992162,-9.786784482836154,,,,,,,,,,
acc,1778672630.0,49.0,-0.2931813915709485,3.893257834065397,-9.785527309294192,,,,,,,,,,
acc,1778672630.0,49.0,-0.29083667930369583,3.892098016925249,-9.785310959908868,,,,,,,,,,
acc,1778672630.0,49.0,-0.2888682446202917,3.892368604471196,-9.784457632606026,,,,,,,,,,
acc,1778672630.0,49.0,-0.2876276300079481,3.894376065832386,-9.782866632611976,,,,,,,,,,
acc,1778672630.0,49.0,-0.2863982890314385,3.8928511163056005,-9.786188629972205,,,,,,,,,,
acc,1778672630.0,49.0,-0.28727441370065415,3.884737655252461,-9.785682298021202,,,,,,,,,,
acc,1778672630.0,49.0,-0.2898819186730197,3.8812414911949156,-9.790327576503145,,,,,,,,,,
acc,1778672630.0,49.0,-0.292465728888608,3.8795164299431733,-9.788683235520521,,,,,,,,,,
acc,1778672630.0,49.0,-0.2929317561228266,3.8767421501531487,-9.788757675212478,,,,,,,,,,
acc,1778672630.0,49.0,-0.2920091775952873,3.877471745988711,-9.78783753277309,,,,,,,,,,
acc,1778672630.0,49.0,-0.29141445007940037,3.879614577154457,-9.785505886526748,,,,,,,,,,
acc,1778672630.0,49.0,-0.2936293631104726,3.8771943672606426,-9.784260331765532,,,,,,,,,,
acc,1778672630.0,49.0,-0.29443977801370247,3.873766750099905,-9.783771522525889,,,,,,,,,,
acc,1778672630.0,49.0,-0.2927935632495542,3.8731390219845454,-9.784990993484744,,,,,,,,,,
acc,1778672630.0,49.0,-0.2918722404996855,3.871487588986352,-9.78197528149892,,,,,,,,,,
acc,1778672630.0,49.0,-0.29234366084462676,3.8705256010613334,-9.781116771605246,,,,,,,,,,
acc,1778672630.0,49.0,-0.29174589383338967,3.8706372492605143,-9.781295463156734,,,,,,,,,,
acc,1778672630.0,49.0,-0.29186350053445187,3.8696829884896893,-9.778313332963931,,,,,,,,,,
acc,1778672630.0,49.0,-0.29198003852722526,3.871186664533451,-9.778482005388513,,,,,,,,,,
acc,1778672630.0,49.0,-0.291740546662636,3.87370608560059,-9.778294174202971,,,,,,,,,,
acc,1778672630.0,49.0,-0.29082879281950913,3.87307890875189,-9.775694287996787,,,,,,,,,,
acc,1778672630.0,49.0,-0.28992532420911726,3.872812392919022,-9.777697090532175,,,,,,,,,,
acc,1778672630.0,49.0,-0.28658080022686355,3.873932669860332,-9.773398791785915,,,,,,,,,,
acc,1778672630.0,49.0,-0.28465103930273034,3.875752699324806,-9.773008682855867,,,,,,,,,,
acc,1778672630.0,49.0,-0.2838037087893167,3.876846257296881,-9.772906091952994,,,,,,,,,,
acc,1778672630.0,49.0,-0.28470341076650596,3.8803791432726107,-9.770745624125588,,,,,,,,,,
acc,1778672630.0,49.0,-0.2845300426204814,3.883879925426946,-9.770628094502001,,,,,,,,,,
acc,1778672630.0,49.0,-0.2836838116205825,3.8845446593156145,-9.770866603746862,,,,,,,,,,
acc,1778672630.0,49.0,-0.2831647378518381,3.882789581720263,-9.769789572524237,,,,,,,,,,
acc,1778672630.0,49.0,-0.28300535183848796,3.8817248910308138,-9.770390672394361,,,,,,,,,,
acc,1778672630.0,49.0,-0.2821729759136982,3.881024846192857,-9.770276368266037,,,,,,,,,,
acc,1778672630.0,49.0,-0.2820226021776608,3.8813960571661945,-9.771228006329652,,,,,,,,,,
acc,1778672630.0,49.0,-0.28151862404789824,3.8835032275758326,-9.772170996727127,,,,,,,,,,
acc,1778672630.0,49.0,-0.2813741964973796,3.885236288064333,-9.773815350675005,,,,,,,,,,
acc,1778672630.0,49.0,-0.282615452288004,3.8841493638173867,-9.772711523782956,,,,,,,,,,
acc,1778672630.0,49.0,-0.2821060868476442,3.8855215819163043,-9.774705936747612,,,,,,,,,,
acc,1778672630.0,49.0,-0.283021215349206,3.8872363013409545,-9.776007787932905,,,,,,,,,,
acc,1778672630.0,49.0,-0.28357306617861133,3.8822975664742834,-9.776907343796701,,,,,,,,,,
acc,1778672630.0,49.0,-0.28340996962952275,3.8794980141135955,-9.776130381310775,,,,,,,,,,
acc,1778672630.0,49.0,-0.2839582877952454,3.877078863444186,-9.77536047918996,,,,,,,,,,
acc,1778672630.0,49.0,-0.28311725241018276,3.8746816959300636,-9.778431209499391,,,,,,,,,,
acc,1778672630.0,49.0,-0.28157392699547884,3.875110547983388,-9.77551060153394,,,,,,,,,,
acc,1778672630.0,49.0,-0.2807545586253667,3.8723763050494893,-9.773681437029865,,,,,,,,,,
acc,1778672630.0,49.0,-0.2799426359684733,3.866898166741475,-9.774282665351173,,,,,,,,,,
acc,1778672630.0,49.0,-0.27739875868304015,3.866687816162438,-9.769660423096177,,,,,,,,,,
acc,1778672630.0,49.0,-0.27452303618739504,3.864740044386544,-9.772037523606393,,,,,,,,,,
acc,1778672630.0,49.0,-0.27234787496505397,3.861070639599479,-9.768784550724671,,,,,,,,,,
acc,1778672630.0,49.0,-0.2701924797322933,3.8595288736540194,-9.76903981250572,,,,,,,,,,
acc,1778672630.0,49.0,-0.26773720345932417,3.857646156174596,-9.77280692349794,,,,,,,,,,
acc,1778672630.0,49.0,-0.26494927684654107,3.8547156437136048,-9.773061127783574,,,,,,,,,,
acc,1778672630.0,49.0,-0.26321608455435686,3.853906064765033,-9.776117258255974,,,,,,,,,,
acc,1778672630.0,49.0,-0.2643028691082003,3.855553107887405,-9.776660857574434,,,,,,,,,,
acc,1778672630.0,49.0,-0.264669854354265,3.8571851841021005,-9.777589973264377,,,,,,,,,,
acc,1778672630.0,49.0,-0.2643235630337127,3.8598318385501376,-9.776451845857034,,,,,,,,,,
acc,1778672630.0,49.0,-0.26398041851007986,3.8617800042106274,-9.7756435281837,,,,,,,,,,
acc,1778672630.0,49.0,-0.2660896665906732,3.863355495760895,-9.775481490631421,,,,,,,,,,
acc,1778672630.0,49.0,-0.2681797476434824,3.864916670602476,-9.775320925536693,,,,,,,,,,
acc,1778672630.0,49.0,-0.26851150316039146,3.8689129332359573,-9.776581684787113,,,,,,,,,,
acc,1778672630.0,49.0,-0.26884024396923056,3.8707785777384314,-9.778895890839179,,,,,,,,,,
acc,1778672630.0,49.0,-0.27090533014660423,3.8719173362383748,-9.778100858152426,,,,,,,,,,
acc,1778672630.0,49.0,-0.27401654500893446,3.8751400411379775,-9.780046297493472,,,,,,,,,,
acc,1778672630.0,49.0,-0.27638955519933994,3.876239166419369,-9.778175916495579,,,,,,,,,,
acc,1778672630.0,49.0,-0.2766467070643727,3.8769733329373888,-9.779801197270467,,,,,,,,,,
acc,1778672630.0,49.0,-0.2769015221549942,3.8780557988437265,-9.779317405353018,,,,,,,,,,
acc,1778672630.0,49.0,-0.2792483161607679,3.8794833900067367,-9.777453647898383,,,,,,,,,,
acc,1778672630.0,49.0,-0.28050889011877733,3.8822823793603494,-9.782528672117778,,,,,,,,,,
acc,1778672630.0,49.0,-0.28143853256697277,3.885055933912242,-9.781700627847256,,,,,,,,,,
acc,1778672630.0,49.0,-0.28303416550030824,3.885390513836331,-9.782583946450677,,,,,,,,,,
acc,1778672630.0,49.0,-0.28497026955800864,3.8863964916606655,-9.786227980032505,,,,,,,,,,
acc,1778672630.0,49.0,-0.2865338091109323,3.88600895711787,-9.782846056518995,,,,,,,,,,
acc,1778672630.0,49.0,-0.28843811142518844,3.883175678839289,-9.784073937314906,,,,,,,,,,
acc,1778672630.0,49.0,-0.28961517644805457,3.8828174122661565,-9.781776491378798,,,,,,,,,,
acc,1778672631.0,50.0,-0.29078154531895806,3.883846772218815,-9.783333558873952,,,,,,,,,,
acc,1778672631.0,50.0,-0.291262876961212,3.8841923399617317,-9.781788267852624,,,,,,,,,,
acc,1778672631.0,50.0,-0.291739834676546,3.8865935766651734,-9.781605895651802,,,,,,,,,,
acc,1778672631.0,50.0,-0.29185749643800085,3.889327954773439,-9.782135113326293,,,,,,,,,,
acc,1778672631.0,50.0,-0.29058971808272394,3.8906531143031677,-9.780920189245357,,,,,,,,,,
acc,1778672631.0,50.0,-0.28933346020395395,3.889871937470782,-9.782165570662405,,,,,,,,,,
acc,1778672631.0,50.0,-0.28844357988696984,3.8898077828467237,-9.78197976985899,,,,,,,,,,
acc,1778672631.0,50.0,-0.2889461569430779,3.889034287657698,-9.782860551860509,,,,,,,,,,
acc,1778672631.0,50.0,-0.2901186052863573,3.8872384121913113,-9.783733330074682,,,,,,,,,,
acc,1778672631.0,50.0,-0.29096092292942,3.8868432270007087,-9.783497779378528,,,,,,,,,,
acc,1778672631.0,50.0,-0.2924700245901529,3.8868065946857917,-9.784684234432008,,,,,,,,,,
acc,1778672631.0,50.0,-0.29329097456217557,3.887799704388431,-9.785504946231589,,,,,,,,,,
acc,1778672631.0,50.0,-0.2937495026753095,3.8898486839738804,-9.789441903699661,,,,,,,,,,
acc,1778672631.0,50.0,-0.29523326412786144,3.8897847406575505,-9.790929314537411,,,,,,,,,,
acc,1778672631.0,50.0,-0.2974134750697661,3.8893664166295068,-9.793503606922538,,,,,,,,,,
acc,1778672631.0,50.0,-0.2988639415005845,3.886857590427405,-9.793569737595641,,,,,,,,,,
acc,1778672631.0,50.0,-0.29856189466165745,3.8829872004535417,-9.792960829056119,,,,,,,,,,
acc,1778672631.0,50.0,-0.2972331925164239,3.879826410433338,-9.794061292073971,,,,,,,,,,
acc,1778672631.0,50.0,-0.2959165644705667,3.8774042755813456,-9.793731889764812,,,,,,,,,,
acc,1778672631.0,50.0,-0.2949668625785176,3.8778083871784377,-9.793157011173252,,,,,,,,,,
acc,1778672631.0,50.0,-0.2943452581718696,3.879238226605323,-9.793545767910317,,,,,,,,,,
acc,1778672631.0,50.0,-0.29408427323064246,3.878915740202888,-9.79258211541319,,,,,,,,,,
acc,1778672631.0,50.0,-0.2945355925295267,3.878241222505368,-9.793011590667115,,,,,,,,,,
acc,1778672631.0,50.0,-0.2942728779937796,3.87686289252191,-9.792727230586253,,,,,,,,,,
acc,1778672631.0,50.0,-0.2936575799206254,3.8741127257918655,-9.790706112755933,,,,,,,,,,
acc,1778672631.0,50.0,-0.29237344395884285,3.872452444613081,-9.79076217028387,,,,,,,,,,
acc,1778672631.0,50.0,-0.2917754063043453,3.8711267180515336,-9.7884039474537,,,,,,,,,,
acc,1778672631.0,50.0,-0.29189274482151956,3.8701680094103974,-9.787877484607659,,,,,,,,,,
acc,1778672631.0,50.0,-0.292009017067429,3.8702829070941562,-9.787639778855604,,,,,,,,,,
acc,1778672631.0,50.0,-0.2914142910102808,3.867947495371294,-9.786019862260353,,,,,,,,,,
acc,1778672631.0,50.0,-0.289440607489753,3.8670176767644806,-9.786153998751828,,,,,,,,,,
acc,1778672631.0,50.0,-0.2871298882426094,3.863327574818332,-9.784228116231477,,,,,,,,,,
acc,1778672631.0,50.0,-0.2851951376800593,3.8579316635680767,-9.781254830976229,,,,,,,,,,
acc,1778672631.0,50.0,-0.28260353018822304,3.852584785706452,-9.777918099153073,,,,,,,,,,
acc,1778672631.0,50.0,-0.2796805112171336,3.847286495660303,-9.777131951794027,,,,,,,,,,
acc,1778672631.0,50.0,-0.27852338680351607,3.8468993972637726,-9.772128846820163,,,,,,,,,,
acc,1778672631.0,50.0,-0.2787611482469004,3.8496395200733198,-9.773063651156042,,,,,,,,,,
acc,1778672631.0,50.0,-0.27935171089274086,3.854449037464512,-9.771931160701126,,,,,,,,,,
acc,1778672631.0,50.0,-0.2813212779225906,3.860279753603409,-9.769744057848353,,,,,,,,,,
acc,1778672631.0,50.0,-0.2829179763650273,3.866057485221772,-9.770345571316604,,,,,,,,,,
acc,1778672631.0,50.0,-0.2831158035678639,3.8710727811632286,-9.768918303926853,,,,,,,,,,
acc,1778672631.0,50.0,-0.2840217566345356,3.8746581315116804,-9.768533406359959,,,,,,,,,,
acc,1778672631.0,50.0,-0.28385458277348247,3.8757616359722125,-9.767797044636826,,,,,,,,,,
acc,1778672631.0,50.0,-0.28301448977023436,3.875115780054205,-9.766712412560643,,,,,,,,,,
acc,1778672631.0,50.0,-0.2818270690343649,3.874830754891304,-9.767021998506472,,,,,,,,,,
acc,1778672631.0,50.0,-0.2799405059202395,3.871424616201672,-9.7638501058391,,,,,,,,,,
acc,1778672631.0,50.0,-0.27842604803837634,3.869433800471492,-9.762801340139326,,,,,,,,,,
acc,1778672631.0,50.0,-0.2786646940125245,3.8671061046974446,-9.760732695583231,,,,,,,,,,
acc,1778672631.0,50.0,-0.2802855331988043,3.868278235465667,-9.758647354725184,,,,,,,,,,
acc,1778672631.0,50.0,-0.28153668182274844,3.869794676693614,-9.760059629009772,,,,,,,,,,
acc,1778672631.0,50.0,-0.28348639372085327,3.8695580051297487,-9.75798040440037,,,,,,,,,,
acc,1778672631.0,50.0,-0.2836790556368977,3.8710628169145145,-9.759434242801465,,,,,,,,,,
acc,1778672631.0,50.0,-0.28457989035444964,3.8711695833592548,-9.758816060790597,,,,,,,,,,
acc,1778672631.0,50.0,-0.2851175772894289,3.8716303504631817,-9.75816800192488,,,,,,,,,,
acc,1778672631.0,50.0,-0.28494044555517345,3.871022036105536,-9.758874708607507,,,,,,,,,,
acc,1778672631.0,50.0,-0.284764923441381,3.8711291731311035,-9.75790664938748,,,,,,,,,,
acc,1778672631.0,50.0,-0.2853009289552174,3.870525413040894,-9.759361158010533,,,,,,,,,,
acc,1778672631.0,50.0,-0.2840927310315963,3.8702821011752073,-9.756933318729857,,,,,,,,,,
acc,1778672631.0,50.0,-0.2821855795348857,3.8717803329994886,-9.756657330373963,,,,,,,,,,
acc,1778672631.0,50.0,-0.2799407877258964,3.8701412465952147,-9.755709420775313,,,,,,,,,,
acc,1778672631.0,50.0,-0.2780713655097909,3.8723506910184713,-9.754415154101153,,,,,,,,,,
acc,1778672631.0,50.0,-0.27692886362482,3.872445754373869,-9.756930790470234,,,,,,,,,,
acc,1778672631.0,50.0,-0.27544177295124456,3.867996385017808,-9.75558993068154,,,,,,,,,,
acc,1778672631.0,50.0,-0.2739681956754151,3.868131016551488,-9.756000588151938,,,,,,,,,,
acc,1778672631.0,50.0,-0.2725080089992252,3.8626914557646965,-9.75640751392135,,,,,,,,,,
acc,1778672631.0,50.0,-0.27035115860644315,3.8583307250634133,-9.756810741900255,,,,,,,,,,
acc,1778672631.0,50.0,-0.2689238404442204,3.8561039244646627,-9.756571370863947,,,,,,,,,,
acc,1778672631.0,50.0,-0.2685388925662297,3.8538973591096175,-9.760451784302461,,,,,,,,,,
acc,1778672631.0,50.0,-0.27025174630472987,3.8545150812939504,-9.759469393978407,,,,,,,,,,
acc,1778672631.0,50.0,-0.2712745968313293,3.855446657565244,-9.759844798231565,,,,,,,,,,
acc,1778672631.0,50.0,-0.2708682873063138,3.857789633742686,-9.75815799103952,,,,,,,,,,
acc,1778672631.0,50.0,-0.2715305734664892,3.857307091883958,-9.757515912144257,,,,,,,,,,
acc,1778672631.0,50.0,-0.27112193784653804,3.8571838967229892,-9.75616973527433,,,,,,,,,,
acc,1778672631.0,50.0,-0.26968761550721243,3.8577717536874228,-9.7552262565195,,,,,,,,,,
acc,1778672631.0,50.0,-0.2686212979130857,3.8548400999045356,-9.753581418652036,,,,,,,,,,
acc,1778672631.0,50.0,-0.26756467009378504,3.856833626181537,-9.752980927700323,,,,,,,,,,
acc,1778672631.0,50.0,-0.26687260577042776,3.8584540661501467,-9.755190129668703,,,,,,,,,,
acc,1778672631.0,50.0,-0.26512193592344035,3.8551967446864266,-9.756669323680546,,,,,,,,,,
acc,1778672631.0,50.0,-0.2637421364278821,3.853353393859532,-9.759164476100224,,,,,,,,,,
acc,1778672631.0,50.0,-0.2627298462209327,3.8504618903208767,-9.762701858220826,,,,,,,,,,
acc,1778672631.0,50.0,-0.2613717839739285,3.8472771948595623,-9.763047888626254,,,,,,,,,,
acc,1778672631.0,50.0,-0.25828672994405166,3.844121439164486,-9.76513011637441,,,,,,,,,,
acc,1778672631.0,50.0,-0.2542003101774752,3.8413138276695262,-9.762685348134523,,,,,,,,,,
acc,1778672631.0,50.0,-0.2508254534570352,3.841690927276427,-9.763351005070037,,,,,,,,,,
acc,1778672631.0,50.0,-0.2478362353849566,3.840999705719823,-9.763016698314557,,,,,,,,,,
acc,1778672631.0,50.0,-0.24522915160973333,3.8413796597961403,-9.761975505903731,,,,,,,,,,
acc,1778672631.0,50.0,-0.2422907879032376,3.8396618667224676,-9.764422440314805,,,,,,,,,,
acc,1778672631.0,50.0,-0.23973409637297374,3.8393440543791235,-9.762339064598164,,,,,,,,,,
acc,1778672631.0,50.0,-0.2375555996241765,3.8418333571292926,-9.764427733527878,,,,,,,,,,
acc,1778672631.0,50.0,-0.23539689917534792,3.8414958121535743,-9.765113051527285,,,,,,,,,,
acc,1778672631.0,50.0,-0.23290285336134844,3.8425456963164994,-9.765437171087079,,,,,,,,,,
acc,1778672631.0,50.0,-0.2314608713326574,3.843941010898024,-9.769201525418094,,,,,,,,,,
acc,1778672631.0,50.0,-0.23074192542725286,3.8414900098401423,-9.768459092405068,,,,,,,,,,
acc,1778672631.0,50.0,-0.2300295126823006,3.841865508455396,-9.773296374888261,,,,,,,,,,
acc,1778672631.0,50.0,-0.22932357373007187,3.842592565723594,-9.775995396777251,,,,,,,,,,
acc,1778672631.0,50.0,-0.22826907888174738,3.839798847312141,-9.776895065241186,,,,,,,,,,
acc,1778672631.0,50.0,-0.22825356642085803,3.838450381072648,-9.777076625659882,,,,,,,,,,
acc,1778672631.0,50.0,-0.22930309841841914,3.8360492741241337,-9.778356934068547,,,,,,,,,,
acc,1778672631.0,50.0,-0.23208242585571892,3.8336699863651296,-9.779980569911821,,,,,,,,,,
acc,1778672631.0,50.0,-0.2341265645278312,3.833051652203193,-9.781589451552588,,,,,,,,,,
acc,1778672631.0,50.0,-0.23650709869089406,3.8335038313363845,-9.782083324296957,,,,,,,,,,
acc,1778672631.0,50.0,-0.24025037152028275,3.8332419779086497,-9.784738001413627,,,,,,,,,,
acc,1778672631.0,50.0,-0.24257525780586323,3.8343668658000376,-9.78424485152411,,,,,,,,,,
acc,1778672631.0,50.0,-0.2441690848955854,3.835481531680242,-9.784004652562102,,,,,,,,,,
acc,1778672631.0,50.0,-0.2461033904324844,3.837650971932669,-9.786286899443656,,,,,,,,,,
acc,1778672631.0,50.0,-0.24908502216316813,3.8411850600037205,-9.783294905741833,,,,,,,,,,
acc,1778672631.0,50.0,-0.2516845885351256,3.8408534061932627,-9.784873669556477,,,,,,,,,,
acc,1778672631.0,50.0,-0.2528761613813594,3.8391403952585526,-9.784024315971289,,,,,,,,,,
acc,1778672631.0,50.0,-0.256151209783152,3.8367330180561052,-9.781407853537644,,,,,,,,,,
acc,1778672631.0,50.0,-0.2597159738697504,3.833318116974301,-9.784033165303072,,,,,,,,,,
acc,1778672631.0,50.0,-0.2629288679535141,3.8334129129319856,-9.78173608986785,,,,,,,,,,
acc,1778672631.0,50.0,-0.2674969369343755,3.8331518856923124,-9.783293524497099,,,,,,,,,,
acc,1778672631.0,50.0,-0.27131356260930595,3.8367268575796234,-9.784836806503389,,,,,,,,,,
acc,1778672631.0,50.0,-0.27509550608112054,3.840269343205066,-9.784981693585452,,,,,,,,,,
acc,1778672631.0,50.0,-0.2791980442852108,3.838561639731164,-9.785125264058648,,,,,,,,,,
acc,1778672631.0,50.0,-0.28223390211212973,3.838253825302008,-9.786332433381764,,,,,,,,,,
acc,1778672631.0,50.0,-0.28556164918154864,3.8386587315718317,-9.788593527398438,,,,,,,,,,
acc,1778672631.0,50.0,-0.2892141183285015,3.837640093134602,-9.788313811419881,,,,,,,,,,
acc,1778672631.0,50.0,-0.29144902607721357,3.8363112437916143,-9.79162180387604,,,,,,,,,,
acc,1778672631.0,50.0,-0.2933086631379965,3.8346395081121734,-9.792734434800108,,,,,,,,,,
acc,1778672631.0,50.0,-0.2955063631941431,3.8308886601829646,-9.794227420314233,,,,,,,,,,
acc,1778672631.0,50.0,-0.29803906330779584,3.8302956003150768,-9.797446180632058,,,,,,,,,,
acc,1778672631.0,50.0,-0.2991288831587066,3.8286785296163535,-9.798860855503012,,,,,,,,,,
acc,1778672631.0,50.0,-0.29917939961901896,3.827076153461765,-9.801327569436035,,,,,,,,,,
acc,1778672631.0,50.0,-0.29993938057617064,3.8265177383674933,-9.800648164410205,,,,,,,,,,
acc,1778672631.0,50.0,-0.3010119319823609,3.8284136629836314,-9.802743675047614,,,,,,,,,,
acc,1778672631.0,50.0,-0.3014002986921236,3.829937397298249,-9.802086905122126,,,,,,,,,,
acc,1778672632.0,51.0,-0.3010752036261018,3.828998010826625,-9.805518218272734,,,,,,,,,,
acc,1778672632.0,51.0,-0.3011080336042888,3.8277476932757164,-9.80579464701856,,,,,,,,,,
acc,1778672632.0,51.0,-0.3018504887988139,3.8254438431251367,-9.806813990812229,,,,,,,,,,
acc,1778672632.0,51.0,-0.30152130279329453,3.8228059575175775,-9.81059280441753,,,,,,,,,,
acc,1778672632.0,51.0,-0.3005206698722485,3.821611908007829,-9.810503643199551,,,,,,,,,,
acc,1778672632.0,51.0,-0.299848597253878,3.820073747216979,-9.81041529220184,,,,,,,,,,
acc,1778672632.0,51.0,-0.2991826318519454,3.8206438583600364,-9.812067085830488,,,,,,,,,,
acc,1778672632.0,51.0,-0.29852271816933373,3.8229481305932986,-9.80884082402464,,,,,,,,,,
acc,1778672632.0,51.0,-0.2968394011657079,3.8248764927268706,-9.80812864846673,,,,,,,,,,
acc,1778672632.0,51.0,-0.2941419806479842,3.8292366059708534,-9.80671301191218,,,,,,,,,,
acc,1778672632.0,51.0,-0.29146907196198113,3.8332021274047605,-9.805310239441956,,,,,,,,,,
acc,1778672632.0,51.0,-0.2884654905918727,3.836776642738711,-9.805943519893495,,,,,,,,,,
acc,1778672632.0,51.0,-0.2854892031793136,3.8403186759595567,-9.803092380275283,,,,,,,,,,
acc,1778672632.0,51.0,-0.28183001997920626,3.841059789507667,-9.803035882084492,,,,,,,,,,
acc,1778672632.0,51.0,-0.27891403000191034,3.840729274047458,-9.798542820609772,,,,,,,,,,
acc,1778672632.0,51.0,-0.274640167119013,3.8404017620267537,-9.798172694033633,,,,,,,,,,
acc,1778672632.0,51.0,-0.27040514141670896,3.83833788438421,-9.792978388937405,,,,,,,,,,
acc,1778672632.0,51.0,-0.2654986673421808,3.8401263977056788,-9.790600027023123,,,,,,,,,,
acc,1778672632.0,51.0,-0.25992684643925573,3.8408692585127615,-9.787533344977085,,,,,,,,,,
acc,1778672632.0,51.0,-0.25476061921363613,3.84227980711548,-9.78378459765912,,,,,,,,,,
acc,1778672632.0,51.0,-0.2503512708402931,3.8436775378687913,-9.78117031357879,,,,,,,,,,
acc,1778672632.0,51.0,-0.24491709641540912,3.8426132928475747,-9.781313024227076,,,,,,,,,,
acc,1778672632.0,51.0,-0.23953230308189308,3.8433335548960197,-9.776626896132788,,,,,,,,,,
acc,1778672632.0,51.0,-0.2341964421069672,3.844047271824039,-9.77645592258053,,,,,,,,,,
acc,1778672632.0,51.0,-0.22752469792744862,3.8443995322474707,-9.774937635227438,,,,,,,,,,
acc,1778672632.0,51.0,-0.22229795171419225,3.8443936298584873,-9.771693812079079,,,,,,,,,,
acc,1778672632.0,51.0,-0.2188580343451159,3.8447427428787613,-9.771567666140978,,,,,,,,,,
acc,1778672632.0,51.0,-0.2168692412469192,3.8443787599140706,-9.769064398999813,,,,,,,,,,
acc,1778672632.0,51.0,-0.2141885879514843,3.8415688101100223,-9.772156848297083,,,,,,,,,,
acc,1778672632.0,51.0,-0.21117732326113875,3.837754994659288,-9.768263856268424,,,,,,,,,,
acc,1778672632.0,51.0,-0.20890336406887816,3.8346857685087845,-9.769588744079151,,,,,,,,,,
acc,1778672632.0,51.0,-0.20732449784391171,3.834413174655193,-9.771292057672373,,,,,,,,,,
acc,1778672632.0,51.0,-0.20575997899376558,3.832758686991388,-9.769820695070845,,,,,,,,,,
acc,1778672632.0,51.0,-0.20420967714186894,3.83005433039025,-9.772196339167554,,,,,,,,,,
acc,1778672632.0,51.0,-0.20267346309640077,3.8322730883682077,-9.771107224456037,,,,,,,,,,
acc,1778672632.0,51.0,-0.20012180879199565,3.830638047963215,-9.774181110317057,,,,,,,,,,
acc,1778672632.0,51.0,-0.19688340908764773,3.8311121598505253,-9.773428921490206,,,,,,,,,,
acc,1778672632.0,51.0,-0.19509430243540804,3.8343507052340264,-9.776481709770543,,,,,,,,,,
acc,1778672632.0,51.0,-0.19435085368923297,3.834081156146556,-9.776347558993807,,,,,,,,,,
acc,1778672632.0,51.0,-0.19290422813018987,3.8341690182622,-9.77656958903709,,,,,,,,,,
acc,1778672632.0,51.0,-0.1921806808908331,3.834611043736135,-9.77579569577518,,,,,,,,,,
acc,1778672632.0,51.0,-0.19110874685144832,3.8350490524637144,-9.776377711536103,,,,,,,,,,
acc,1778672632.0,51.0,-0.1893721153502084,3.836512490080332,-9.775215105758116,,,,,,,,,,
acc,1778672632.0,51.0,-0.18903563576668259,3.8404118945533354,-9.773743588238286,,,,,,,,,,
acc,1778672632.0,51.0,-0.1890571755929062,3.8428914936927834,-9.775054184417012,,,,,,,,,,
acc,1778672632.0,51.0,-0.1873391870022254,3.842189362423818,-9.77358412921157,,,,,,,,,,
acc,1778672632.0,51.0,-0.18528184823702593,3.8429134767864053,-9.773795776561935,,,,,,,,,,
acc,1778672632.0,51.0,-0.1842726048400412,3.8450153819301596,-9.773402060176556,,,,,,,,,,
acc,1778672632.0,51.0,-0.18224313252926483,3.8442939505962888,-9.774715759867814,,,,,,,,,,
acc,1778672632.0,51.0,-0.17884773140476432,3.846028340323847,-9.77111898207083,,,,,,,,,,
acc,1778672632.0,51.0,-0.17580265217140037,3.8449427332369797,-9.77312786668134,,,,,,,,,,
acc,1778672632.0,51.0,-0.1717558439448557,3.844221962071789,-9.772704716237975,,,,,,,,,,
acc,1778672632.0,51.0,-0.1698401131640835,3.8469864151036495,-9.770865545752944,,,,,,,,,,
acc,1778672632.0,51.0,-0.1675868200321684,3.8452176726723617,-9.773622160368102,,,,,,,,,,
acc,1778672632.0,51.0,-0.16535400288525598,3.844494403094658,-9.772520089022978,,,,,,,,,,
acc,1778672632.0,51.0,-0.16314147565525067,3.8437777059672125,-9.77274140545307,,,,,,,,,,
acc,1778672632.0,51.0,-0.1595646830567817,3.8434224924258373,-9.77509050865231,,,,,,,,,,
acc,1778672632.0,51.0,-0.15495549885778978,3.843780430305702,-9.775288467325245,,,,,,,,,,
acc,1778672632.0,51.0,-0.1507431607238049,3.8423957828732216,-9.777294957608964,,,,,,,,,,
acc,1778672632.0,51.0,-0.14553970063901867,3.840668756149212,-9.777863349371133,,,,,,,,,,
acc,1778672632.0,51.0,-0.140383525112619,3.8372180904733444,-9.780201403120536,,,,,,,,,,
acc,1778672632.0,51.0,-0.13491923360273883,3.830675077882044,-9.784541516388673,,,,,,,,,,
acc,1778672632.0,51.0,-0.12741030240735288,3.8241915225472343,-9.786108952080692,,,,,,,,,,
acc,1778672632.0,51.0,-0.1192596732698254,3.822274949583239,-9.78904651517682,,,,,,,,,,
acc,1778672632.0,51.0,-0.11260297528975466,3.822470096323819,-9.789472624557083,,,,,,,,,,
acc,1778672632.0,51.0,-0.10703616768848641,3.8261421351021676,-9.78957538532207,,,,,,,,,,
acc,1778672632.0,51.0,-0.10116498466108999,3.8308102146931073,-9.791771515827945,,,,,,,,,,
acc,1778672632.0,51.0,-0.09641204828985966,3.830217867670189,-9.792172862752016,,,,,,,,,,
acc,1778672632.0,51.0,-0.09099236987197803,3.82895646511215,-9.793670951348679,,,,,,,,,,
acc,1778672632.0,51.0,-0.08459254077072406,3.827351563319435,-9.79547490310861,,,,,,,,,,
acc,1778672632.0,51.0,-0.07754093516385886,3.8295948817139775,-9.793783787660256,,,,,,,,,,
acc,1778672632.0,51.0,-0.07019843760768406,3.830433443857228,-9.79665160846853,,,,,,,,,,
acc,1778672632.0,51.0,-0.06292266233797655,3.830554453236791,-9.79285549659441,,,,,,,,,,
acc,1778672632.0,51.0,-0.055038564766037766,3.8317037630349855,-9.795057314637345,,,,,,,,,,
acc,1778672632.0,51.0,-0.04616121666705181,3.8318132288492377,-9.793015023012364,,,,,,,,,,
acc,1778672632.0,51.0,-0.037009567392214844,3.829472434617015,-9.790991289972634,,,,,,,,,,
acc,1778672632.0,51.0,-0.02900598390924262,3.825058607962233,-9.792109650463374,,,,,,,,,,
acc,1778672632.0,51.0,-0.020365197457587372,3.8200104520840217,-9.79048460988917,,,,,,,,,,
acc,1778672632.0,51.0,-0.012512863656395718,3.8163925404015857,-9.788483871061967,,,,,,,,,,
acc,1778672632.0,51.0,-0.005406323367934884,3.813517437814859,-9.787956681939091,,,,,,,,,,
acc,1778672632.0,51.0,0.0030200097183468748,3.8078642255051642,-9.787434283456376,,,,,,,,,,
acc,1778672632.0,51.0,0.011724742416011753,3.799848613758632,-9.787555566907654,,,,,,,,,,
acc,1778672632.0,51.0,0.021024803195833035,3.7946745827961155,-9.785261977283879,,,,,,,,,,
acc,1778672632.0,51.0,0.029885391269151768,3.7916418725076095,-9.785403000780507,,,,,,,,,,
acc,1778672632.0,51.0,0.03834599454489006,3.7872523499670443,-9.785542742777201,,,,,,,,,,
acc,1778672632.0,51.0,0.04704918256702663,3.7867008483989033,-9.784687309231513,,,,,,,,,,
acc,1778672632.0,51.0,0.05499884524695099,3.7858348909879425,-9.784833554815874,,,,,,,,,,
acc,1778672632.0,51.0,0.06216633561330381,3.7804332337935747,-9.78256470049084,,,,,,,,,,
acc,1778672632.0,51.0,0.06891373223418885,3.7764650331101244,-9.781381367052095,,,,,,,,,,
acc,1778672632.0,51.0,0.07666470874020442,3.7718584537386737,-9.781202692414883,,,,,,,,,,
acc,1778672632.0,51.0,0.08537465110281,3.765199431446258,-9.779321803097085,,,,,,,,,,
acc,1778672632.0,51.0,0.09191115056470149,3.760340262375137,-9.779126340554113,,,,,,,,,,
acc,1778672632.0,51.0,0.09735884282114066,3.7558802110159832,-9.77896815765324,,,,,,,,,,
acc,1778672632.0,51.0,0.10240206937437937,3.754584392347386,-9.779485850456265,,,,,,,,,,
acc,1778672632.0,51.0,0.10810940006740809,3.7480823418297353,-9.781454198541427,,,,,,,,,,
acc,1778672632.0,51.0,0.11202552569176757,3.7433787181092453,-9.783049689115895,,,,,,,,,,
acc,1778672632.0,51.0,0.11519614139639696,3.7408121404073746,-9.788783784884957,,,,,,,,,,
acc,1778672632.0,51.0,0.11730853614481,3.7368845146424365,-9.791732535766943,,,,,,,,,,
acc,1778672632.0,51.0,0.11869180263722631,3.736116283343357,-9.795967864044709,,,,,,,,,,
acc,1778672632.0,51.0,0.12109189924405739,3.7367394039759914,-9.798851332210011,,,,,,,,,,
acc,1778672632.0,51.0,0.12418012756363865,3.734233158635985,-9.795354698556835,,,,,,,,,,
acc,1778672632.0,51.0,0.13004451981616502,3.734518420621597,-9.796468911599916,,,,,,,,,,
acc,1778672632.0,51.0,0.13479072712123172,3.730647986755094,-9.792638965557485,,,,,,,,,,
acc,1778672632.0,51.0,0.1384643958522258,3.7309658276913207,-9.791364085884698,,,,,,,,,,
acc,1778672632.0,51.0,0.14001038699456825,3.736179320081418,-9.791094696906681,,,,,,,,,,
acc,1778672632.0,51.0,0.14221675868944864,3.740280533253607,-9.7915021941775,,,,,,,,,,
acc,1778672632.0,51.0,0.14614242254956133,3.7443444781369,-9.790557111916314,,,,,,,,,,
acc,1778672632.0,51.0,0.15145227862957075,3.7466321607118345,-9.79029505602188,,,,,,,,,,
acc,1778672632.0,51.0,0.15738832159022542,3.7461303129839583,-9.787231145289331,,,,,,,,,,
acc,1778672632.0,51.0,0.16362538468444815,3.7424738276659424,-9.785614942003573,,,,,,,,,,
acc,1778672632.0,51.0,0.16980577072739458,3.736081827517362,-9.786072234561843,,,,,,,,,,
acc,1778672632.0,51.0,0.17663992738524378,3.7276536178994357,-9.783792124183371,,,,,,,,,,
acc,1778672632.0,51.0,0.1827020484863663,3.7175626639014636,-9.786750740613664,,,,,,,,,,
acc,1778672632.0,51.0,0.18835412048476044,3.7072084369315768,-9.78584883546536,,,,,,,,,,
acc,1778672632.0,51.0,0.19395483132652833,3.7007819364717487,-9.787049429595456,,,,,,,,,,
acc,1778672632.0,51.0,0.19918517123691618,3.6968630998221723,-9.785434877585232,,,,,,,,,,
acc,1778672632.0,51.0,0.20401302055480489,3.6953936451365443,-9.78387049159139,,,,,,,,,,
acc,1778672632.0,51.0,0.2091519603145087,3.698126150672232,-9.78576350147881,,,,,,,,,,
acc,1778672632.0,51.0,0.21491864009499817,3.6987395220116985,-9.785225529281918,,,,,,,,,,
acc,1778672632.0,51.0,0.22063291726216225,3.6989923487007594,-9.786396284034089,,,,,,,,,,
acc,1778672632.0,51.0,0.22665022977920038,3.7020471140949978,-9.790325141792797,,,,,,,,,,
acc,1778672632.0,51.0,0.23364227128338613,3.701950416825772,-9.788325852074147,,,,,,,,,,
acc,1778672632.0,51.0,0.2423101078250493,3.702174065671468,-9.789468433766142,,,,,,,,,,
acc,1778672632.0,51.0,0.25160911117637336,3.699271978599665,-9.787867394291801,,,,,,,,,,
acc,1778672632.0,51.0,0.2618530132511571,3.6953668631452166,-9.785925941910216,,,,,,,,,,
acc,1778672632.0,51.0,0.2723587984376184,3.6886930069237156,-9.785670466648357,,,,,,,,,,
acc,1778672632.0,51.0,0.28276911610728284,3.6845290622683375,-9.785133339871782,,,,,,,,,,
acc,1778672632.0,51.0,0.2934397955600584,3.684591553948565,-9.786695397582308,,,,,,,,,,
acc,1778672633.0,52.0,0.30262914725816675,3.682204212442742,-9.78682339539128,,,,,,,,,,
acc,1778672633.0,52.0,0.3113800231913067,3.682287830353502,-9.786559764846047,,,,,,,,,,
acc,1778672633.0,52.0,0.31969640784913933,3.686204324640439,-9.783529797218817,,,,,,,,,,
acc,1778672633.0,52.0,0.32829219123486597,3.6897302674309937,-9.783296096053755,,,,,,,,,,
acc,1778672633.0,52.0,0.33680986355319553,3.6918397985857325,-9.779940814973726,,,,,,,,,,
acc,1778672633.0,52.0,0.3466345055182561,3.693220227506345,-9.778071392510016,,,,,,,,,,
acc,1778672633.0,52.0,0.35636986960877653,3.6935232087846677,-9.775473530751757,,,,,,,,,,
acc,1778672633.0,52.0,0.36566179624452444,3.6903447714673145,-9.770520999525347,,,,,,,,,,
acc,1778672633.0,52.0,0.37628915113131034,3.6854558843660468,-9.772180347225028,,,,,,,,,,
acc,1778672633.0,52.0,0.38713940119421003,3.680611423255143,-9.765092449348904,,,,,,,,,,
acc,1778672633.0,52.0,0.39757158612702304,3.678970182379065,-9.765026290903041,,,,,,,,,,
acc,1778672633.0,52.0,0.40755401058524443,3.674184657735297,-9.760488162597401,,,,,,,,,,
acc,1778672633.0,52.0,0.41744572337768127,3.672246855989126,-9.756985178576256,,,,,,,,,,
acc,1778672633.0,52.0,0.42689257795315966,3.6745152613113707,-9.754969386281259,,,,,,,,,,
acc,1778672633.0,52.0,0.43763795856823573,3.6746687497799475,-9.749848208178813,,,,,,,,,,
acc,1778672633.0,52.0,0.44725629438233083,3.673400978209655,-9.74477356692705,,,,,,,,,,
acc,1778672633.0,52.0,0.4567872270542911,3.673209630548796,-9.744288608496852,,,,,,,,,,
acc,1778672633.0,52.0,0.4672609508760342,3.66954134724027,-9.73855455545903,,,,,,,,,,
acc,1778672633.0,52.0,0.4787043929344613,3.6624277327642734,-9.736351283001044,,,,,,,,,,
acc,1778672633.0,52.0,0.4903988177195396,3.6550237898221005,-9.733777566762818,,,,,,,,,,
acc,1778672633.0,52.0,0.502306441069614,3.6459477948475425,-9.732292132645933,,,,,,,,,,
acc,1778672633.0,52.0,0.5116920872508143,3.6376287129633145,-9.728441929364859,,,,,,,,,,
acc,1778672633.0,52.0,0.5213119121861384,3.6297401894952688,-9.731903520638037,,,,,,,,,,
acc,1778672633.0,52.0,0.5305248530339585,3.6198290465842375,-9.727346916093786,,,,,,,,,,
acc,1778672633.0,52.0,0.5399735420330509,3.6114278328617724,-9.72560045077161,,,,,,,,,,
acc,1778672633.0,52.0,0.5500463112151259,3.607256074849684,-9.726248132416046,,,,,,,,,,
acc,1778672633.0,52.0,0.5600275477564689,3.6041871205846103,-9.71858371212671,,,,,,,,,,
acc,1778672633.0,52.0,0.5699180834267915,3.602175454377114,-9.718656211927348,,,,,,,,,,
acc,1778672633.0,52.0,0.5786893333027336,3.6005370393180556,-9.71663375845734,,,,,,,,,,
acc,1778672633.0,52.0,0.5870259158496822,3.5978841127147456,-9.713529285446038,,,,,,,,,,
acc,1778672633.0,52.0,0.5945768100889428,3.5952552936208284,-9.715351553839614,,,,,,,,,,
acc,1778672633.0,52.0,0.6013846500382847,3.5915854594734644,-9.711974759344649,,,,,,,,,,
acc,1778672633.0,52.0,0.6095149971165646,3.591782609838037,-9.714521095652138,,,,,,,,,,
acc,1778672633.0,52.0,0.6182458917982261,3.5905936068491324,-9.715979389556349,,,,,,,,,,
acc,1778672633.0,52.0,0.6268974476375373,3.58593673404392,-9.716359528248441,,,,,,,,,,
acc,1778672633.0,52.0,0.6344409855499566,3.5795828462016743,-9.71748164864895,,,,,,,,,,
acc,1778672633.0,52.0,0.6433003452026068,3.5708374316977327,-9.718203106966358,,,,,,,,,,
acc,1778672633.0,52.0,0.6531440930414681,3.5646207532953116,-9.720728339781186,,,,,,,,,,
acc,1778672633.0,52.0,0.6621884658412118,3.559135004979758,-9.722520692823654,,,,,,,,,,
acc,1778672633.0,52.0,0.6711506511797757,3.549191031916879,-9.726036091188726,,,,,,,,,,
acc,1778672633.0,52.0,0.6814157577269017,3.5410767537881966,-9.72813517373663,,,,,,,,,,
acc,1778672633.0,52.0,0.6926524873317537,3.5326812494488946,-9.72705598368279,,,,,,,,,,
acc,1778672633.0,52.0,0.7034321363666434,3.5274857398033523,-9.726341571238164,,,,,,,,,,
acc,1778672633.0,52.0,0.7137588674727947,3.5251416695584417,-9.727018012578773,,,,,,,,,,
acc,1778672633.0,52.0,0.7236367872906623,3.5196951966130223,-9.726658906956233,,,,,,,,,,
acc,1778672633.0,52.0,0.7355192486329144,3.51220391297521,-9.725948102802505,,,,,,,,,,
acc,1778672633.0,52.0,0.7472937324125526,3.504070780116608,-9.727338052278983,,,,,,,,,,
acc,1778672633.0,52.0,0.7582867815624658,3.493242812340146,-9.726656570998093,,,,,,,,,,
acc,1778672633.0,52.0,0.7684700027268336,3.484252572479583,-9.729104986021094,,,,,,,,,,
acc,1778672633.0,52.0,0.7803000202396325,3.4774028373489205,-9.732951017227613,,,,,,,,,,
acc,1778672633.0,52.0,0.792022536754118,3.4702958702040467,-9.733212435848857,,,,,,,,,,
acc,1778672633.0,52.0,0.8029286055997953,3.463572961549014,-9.736985647733217,,,,,,,,,,
acc,1778672633.0,52.0,0.813416092995282,3.455881744843248,-9.736926430057823,,,,,,,,,,
acc,1778672633.0,52.0,0.824482717422611,3.4482604192828865,-9.738926550596657,,,,,,,,,,
acc,1778672633.0,52.0,0.834419377862197,3.4368747044466796,-9.739453136136774,,,,,,,,,,
acc,1778672633.0,52.0,0.8435558098659294,3.4283966893452957,-9.73997493652157,,,,,,,,,,
acc,1778672633.0,52.0,0.8505149143117069,3.4234743895849027,-9.743012258356924,,,,,,,,,,
acc,1778672633.0,52.0,0.8574107804170104,3.4203361521218456,-9.743182249094438,,,,,,,,,,
acc,1778672633.0,52.0,0.8659833155188856,3.418255832302327,-9.745090027784249,,,,,,,,,,
acc,1778672633.0,52.0,0.8748329216742942,3.4134256839064347,-9.747370935446863,,,,,,,,,,
acc,1778672633.0,52.0,0.8818627775583051,3.4069000859655265,-9.750341048821442,,,,,,,,,,
acc,1778672633.0,52.0,0.8881188104526326,3.4007532635324393,-9.75424258369445,,,,,,,,,,
acc,1778672633.0,52.0,0.8946729647750712,3.3946622981213133,-9.757150253455071,,,,,,,,,,
acc,1778672633.0,52.0,0.9022324550020187,3.3872423112435954,-9.756552826369935,,,,,,,,,,
acc,1778672633.0,52.0,0.9107526602348823,3.3823390161240274,-9.759084531776635,,,,,,,,,,
acc,1778672633.0,52.0,0.9191954411894323,3.3799295523251534,-9.75846952763801,,,,,,,,,,
acc,1778672633.0,52.0,0.9261771305226464,3.375092709252956,-9.757505150353253,,,,,,,,,,
acc,1778672633.0,52.0,0.9317110053753025,3.367495583063744,-9.759637745727415,,,,,,,,,,
acc,1778672633.0,52.0,0.9385789640531748,3.35858313118549,-9.761431485413064,,,,,,,,,,
acc,1778672633.0,52.0,0.9440001417366166,3.3556795986634547,-9.763173430779249,,,,,,,,,,
acc,1778672633.0,52.0,0.948662123797861,3.356991058025529,-9.762521270252284,,,,,,,,,,
acc,1778672633.0,52.0,0.9553760453281989,3.3579356382023366,-9.764608283454127,,,,,,,,,,
acc,1778672633.0,52.0,0.9609640530343988,3.3588716348489944,-9.761422821100789,,,,,,,,,,
acc,1778672633.0,52.0,0.9654718816974899,3.3577048224231127,-9.762845377787253,,,,,,,,,,
acc,1778672633.0,52.0,0.9702937179612957,3.355838680348424,-9.764574474918717,,,,,,,,,,
acc,1778672633.0,52.0,0.9757461667218867,3.3522501634822275,-9.763164155916787,,,,,,,,,,
acc,1778672633.0,52.0,0.9815040391902778,3.3459255141467845,-9.766345715895422,,,,,,,,,,
acc,1778672633.0,52.0,0.9879195217126102,3.3410427086789554,-9.766658634064347,,,,,,,,,,
acc,1778672633.0,52.0,0.99321180236717,3.3390085101129685,-9.769772944878897,,,,,,,,,,
acc,1778672633.0,52.0,0.9974265912910654,3.3355729313214733,-9.770729157620158,,,,,,,,,,
acc,1778672633.0,52.0,1.00298745075567,3.330784201199487,-9.771357213711036,,,,,,,,,,
acc,1778672633.0,52.0,1.008142807063931,3.3271038813350446,-9.77410936047175,,,,,,,,,,
acc,1778672633.0,52.0,1.0132513159394472,3.3251963468127217,-9.774671205833894,,,,,,,,,,
acc,1778672633.0,52.0,1.0176389739043366,3.322241242824718,-9.77426953430216,,,,,,,,,,
acc,1778672633.0,52.0,1.0216317897564782,3.3186385539995236,-9.775894818550093,,,,,,,,,,
acc,1778672633.0,52.0,1.0273276641097742,3.317482374259459,-9.777150362755664,,,,,,,,,,
acc,1778672633.0,52.0,1.0329717792684128,3.3159817391104807,-9.778075030244613,,,,,,,,,,
acc,1778672633.0,52.0,1.0392745291221948,3.3103416277154567,-9.780056198647332,,,,,,,,,,
acc,1778672633.0,52.0,1.0458749758806436,3.302303503473863,-9.780599498631918,,,,,,,,,,
acc,1778672633.0,52.0,1.051705510836407,3.294338422774225,-9.782877194256262,,,,,,,,,,
acc,1778672633.0,52.0,1.0564181594234914,3.2871556544938274,-9.785169686506709,,,,,,,,,,
acc,1778672633.0,52.0,1.0617979252450076,3.282451927973601,-9.787441346564366,,,,,,,,,,
acc,1778672633.0,52.0,1.067483766167063,3.2781459157246124,-9.790721772868903,,,,,,,,,,
acc,1778672633.0,52.0,1.0731179390696324,3.2731691001679253,-9.79223304771917,,,,,,,,,,
acc,1778672633.0,52.0,1.079410846101133,3.268947442253594,-9.794085560267321,,,,,,,,,,
acc,1778672633.0,52.0,1.086675968667337,3.265119108899553,-9.795566267918254,,,,,,,,,,
acc,1778672633.0,52.0,1.0942300429248366,3.26132556413792,-9.794939216632736,,,,,,,,,,
acc,1778672633.0,52.0,1.1013605014086734,3.2568565592059566,-9.796731643491372,,,,,,,,,,
acc,1778672633.0,52.0,1.1094555735689602,3.2545224682793705,-9.797123411412198,,,,,,,,,,
acc,1778672633.0,52.0,1.1181870082405823,3.2539489202400116,-9.795807780962352,,,,,,,,,,
acc,1778672633.0,52.0,1.1271940700234642,3.2519962132025713,-9.796917876783217,,,,,,,,,,
acc,1778672633.0,52.0,1.1367937216696076,3.2490318506353693,-9.79592358146837,,,,,,,,,,
acc,1778672633.0,52.0,1.146661101732659,3.2440001220969434,-9.796677654133518,,,,,,,,,,
acc,1778672633.0,52.0,1.1550544446460864,3.237949223161248,-9.796076006975461,,,,,,,,,,
acc,1778672633.0,52.0,1.1630165543231323,3.23127887130339,-9.794059961799968,,,,,,,,,,
acc,1778672633.0,52.0,1.1719712147076204,3.222574839396501,-9.7955409020677,,,,,,,,,,
acc,1778672633.0,52.0,1.1818739029075291,3.2128849987316466,-9.792784292470271,,,,,,,,,,
acc,1778672633.0,52.0,1.1906572039684853,3.20502254366489,-9.792466494432373,,,,,,,,,,
acc,1778672633.0,52.0,1.199005719102532,3.1979414684441143,-9.792897020350074,,,,,,,,,,
acc,1778672633.0,52.0,1.2069233992692643,3.1909247399290424,-9.791974757471285,,,,,,,,,,
acc,1778672633.0,52.0,1.2144141686125,3.179463707981695,-9.790350942688278,,,,,,,,,,
acc,1778672633.0,52.0,1.2229017717977022,3.1684262914235326,-9.79005525683496,,,,,,,,,,
acc,1778672633.0,52.0,1.231631714377407,3.1620327422473116,-9.787348496051218,,,,,,,,,,
acc,1778672633.0,52.0,1.240992259400652,3.1539579594514073,-9.783352949787211,,,,,,,,,,
acc,1778672633.0,52.0,1.2506227056356158,3.147695886000328,-9.779642190296041,,,,,,,,,,
acc,1778672633.0,52.0,1.2608400769534756,3.142165146060037,-9.778130443249337,,,,,,,,,,
acc,1778672633.0,52.0,1.2709646016110814,3.136684664715251,-9.772443835659155,,,,,,,,,,
acc,1778672633.0,52.0,1.27961275241072,3.131963926980338,-9.772310874153492,,,,,,,,,,
acc,1778672633.0,52.0,1.2875078870861043,3.1276410490127757,-9.7701558151522,,,,,,,,,,
acc,1778672633.0,52.0,1.2973900776804692,3.1202337500429924,-9.769440204736858,,,,,,,,,,
acc,1778672633.0,52.0,1.3082473709425562,3.112893762219046,-9.767985670177984,,,,,,,,,,
acc,1778672633.0,52.0,1.3186510316249818,3.105620473875284,-9.76654435317496,,,,,,,,,,
acc,1778672633.0,52.0,1.3289601528100428,3.098732746317865,-9.767529904573662,,,,,,,,,,
acc,1778672633.0,52.0,1.338820622730598,3.091588141075786,-9.763962931273422,,,,,,,,,,
acc,1778672633.0,52.0,1.3485914892030475,3.085892830753565,-9.76330359644674,,,,,,,,,,
acc,1778672633.0,52.0,1.3579186046928284,3.080604236274009,-9.761585358678984,,,,,,,,,,
acc,1778672633.0,52.0,1.3664865251255742,3.0798717744785495,-9.759527763913878,,,,,,,,,,
acc,1778672633.0,52.0,1.375331558545987,3.0784715303902037,-9.757098410662413,,,,,,,,,,
acc,1778672634.0,53.0,1.3840962159296122,3.0725404416550677,-9.753981191557358,,,,,,,,,,
acc,1778672634.0,53.0,1.3927812276645646,3.0656338494925413,-9.751637735132661,,,,,,,,,,
acc,1778672634.0,53.0,1.4006773848678136,3.05598578230802,-9.74967053579266,,,,,,,,,,
acc,1778672634.0,53.0,1.4088567503765705,3.0446860557571536,-9.748395650938068,,,,,,,,,,
acc,1778672634.0,53.0,1.4169617888645256,3.032459611330072,-9.748197245545166,,,,,,,,,,
acc,1778672634.0,53.0,1.4256676140256455,3.019279366792686,-9.748675081363485,,,,,,,,,,
acc,1778672634.0,53.0,1.4332649281070724,3.008313196494643,-9.74602487143228,,,,,,,,,,
acc,1778672634.0,53.0,1.4400832717151661,2.999895942611854,-9.745528542225719,,,,,,,,,,
acc,1778672634.0,53.0,1.4471946178693385,2.993294519242957,-9.744646267097659,,,,,,,,,,
acc,1778672634.0,53.0,1.4549512748756752,2.9853687130092292,-9.743417038464617,,,,,,,,,,
acc,1778672634.0,53.0,1.462637446071585,2.974710693492133,-9.744257789183642,,,,,,,,,,
acc,1778672634.0,53.0,1.4698988101978985,2.965214428360743,-9.742322158068896,,,,,,,,,,
acc,1778672634.0,53.0,1.4767392184478219,2.956478886285338,-9.743918285110784,,,,,,,,,,
acc,1778672634.0,53.0,1.484227399599958,2.947467763510355,-9.743796069604809,,,,,,,,,,
acc,1778672634.0,53.0,1.4923219728928203,2.937154155140896,-9.743923434294517,,,,,,,,,,
acc,1778672634.0,53.0,1.4993135896358953,2.9317973042222083,-9.744404612464324,,,,,,,,,,
acc,1778672634.0,53.0,1.5072710726423018,2.925104760837437,-9.745591350735845,,,,,,,,,,
acc,1778672634.0,53.0,1.5148367774912421,2.914319929878902,-9.746057372319251,,,,,,,,,,
acc,1778672634.0,53.0,1.5223337317383068,2.9025682077570796,-9.748329489588858,,,,,,,,,,
acc,1778672634.0,53.0,1.529762560129683,2.8930175696075424,-9.747776723639813,,,,,,,,,,
acc,1778672634.0,53.0,1.538508252642505,2.8839086902827127,-9.74722898075107,,,,,,,,,,
acc,1778672634.0,53.0,1.5485588336640108,2.874172651964731,-9.746721709637304,,,,,,,,,,
acc,1778672634.0,53.0,1.55816312189822,2.865589989862328,-9.746822488633134,,,,,,,,,,
acc,1778672634.0,53.0,1.5659407928739124,2.8598540523214795,-9.746638378782745,,,,,,,,,,
acc,1778672634.0,53.0,1.5722634252613805,2.8555546089430925,-9.745781512776967,,,,,,,,,,
acc,1778672634.0,53.0,1.5792385356516292,2.8509392643382108,-9.746636271552207,,,,,,,,,,
acc,1778672634.0,53.0,1.5878895949347194,2.844981489097256,-9.746489357329132,,,,,,,,,,
acc,1778672634.0,53.0,1.5971364791248135,2.8366640911119,-9.74559835114191,,,,,,,,,,
acc,1778672634.0,53.0,1.6059443647442615,2.827712332746324,-9.745744841698142,,,,,,,,,,
acc,1778672634.0,53.0,1.6143527444805852,2.819871329376476,-9.744186162752897,,,,,,,,,,
acc,1778672634.0,53.0,1.6216198126177002,2.8103622456025388,-9.74466495347302,,,,,,,,,,
acc,1778672634.0,53.0,1.6298857474004487,2.801649495729273,-9.745849325989942,,,,,,,,,,
acc,1778672634.0,53.0,1.6373666358614718,2.7978789651722984,-9.745709562849566,,,,,,,,,,
acc,1778672634.0,53.0,1.64513451531939,2.7941426979457544,-9.74723940463066,,,,,,,,,,
acc,1778672634.0,53.0,1.654216168807882,2.7918247445150035,-9.748790847975862,,,,,,,,,,
acc,1778672634.0,53.0,1.6614759633789042,2.7898828255068686,-9.748233889599616,,,,,,,,,,
acc,1778672634.0,53.0,1.667959854562866,2.786574182076091,-9.750841190330393,,,,,,,,,,
acc,1778672634.0,53.0,1.6750947583687168,2.7836505756043928,-9.749910638437372,,,,,,,,,,
acc,1778672634.0,53.0,1.6825197971816714,2.7807535363473286,-9.751047342692612,,,,,,,,,,
acc,1778672634.0,53.0,1.6898773636443913,2.7778828228849597,-9.753238621054326,,,,,,,,,,
acc,1778672634.0,53.0,1.6964581291662684,2.7729438924490544,-9.752996206925026,,,,,,,,,,
acc,1778672634.0,53.0,1.7012397616840387,2.767020442706658,-9.757264070144043,,,,,,,,,,
acc,1778672634.0,53.0,1.7059779428486161,2.7590565166257104,-9.759043885386694,,,,,,,,,,
acc,1778672634.0,53.0,1.7120574384165326,2.748715694522269,-9.760097594569118,,,,,,,,,,
acc,1778672634.0,53.0,1.7180816887709836,2.7384688408933706,-9.76220663204567,,,,,,,,,,
acc,1778672634.0,53.0,1.724761128566841,2.730054434516084,-9.759397964689997,,,,,,,,,,
acc,1778672634.0,53.0,1.7324092714209407,2.7231008619164423,-9.763217198121232,,,,,,,,,,
acc,1778672634.0,53.0,1.7393134853607037,2.7162104773886266,-9.759440936284765,,,,,,,,,,
acc,1778672634.0,53.0,1.7457999888970068,2.708708268459834,-9.759142160862812,,,,,,,,,,
acc,1778672634.0,53.0,1.7515176160483759,2.6995349004552094,-9.760940403996374,,,,,,,,,,
acc,1778672634.0,53.0,1.7586031516024332,2.6911193303830485,-9.75608443384717,,,,,,,,,,
acc,1778672634.0,53.0,1.766298738193217,2.6824607572544292,-9.758620395601229,,,,,,,,,,
acc,1778672634.0,53.0,1.7732499556547574,2.67246100050423,-9.757264182138025,,,,,,,,,,
acc,1778672634.0,53.0,1.7794280738119268,2.6621971511473044,-9.757979101955526,,,,,,,,,,
acc,1778672634.0,53.0,1.7859050214191539,2.6527365034369828,-9.759752419605634,,,,,,,,,,
acc,1778672634.0,53.0,1.7933525121590275,2.6426518933012724,-9.75842141364432,,,,,,,,,,
acc,1778672634.0,53.0,1.8003773556643412,2.6330138851801057,-9.759161311899671,,,,,,,,,,
acc,1778672634.0,53.0,1.8055990307677565,2.6241733916000465,-9.756735288648125,,,,,,,,,,
acc,1778672634.0,53.0,1.8125125884719395,2.614348338395176,-9.758555403360965,,,,,,,,,,
acc,1778672634.0,53.0,1.8207831869931794,2.6046125668018387,-9.757235274851114,,,,,,,,,,
acc,1778672634.0,53.0,1.82826869681266,2.594965265505735,-9.757240515631965,,,,,,,,,,
acc,1778672634.0,53.0,1.8353312230001062,2.586825495833107,-9.75902054491771,,,,,,,,,,
acc,1778672634.0,53.0,1.8419746001788957,2.5791146551419013,-9.757696189602477,,,,,,,,,,
acc,1778672634.0,53.0,1.8485576080743669,2.5725032839694855,-9.75844267806857,,,,,,,,,,
acc,1778672634.0,53.0,1.8561456987650928,2.5663069620979737,-9.760247277498614,,,,,,,,,,
acc,1778672634.0,53.0,1.864339264617671,2.5580726435145262,-9.760225147796609,,,,,,,,,,
acc,1778672634.0,53.0,1.8717839452220122,2.5506230839520474,-9.75920932258978,,,,,,,,,,
acc,1778672634.0,53.0,1.878806004127882,2.543915657837324,-9.760971461055563,,,,,,,,,,
acc,1778672634.0,53.0,1.8861192234780024,2.537624144800856,-9.760694280991295,,,,,,,,,,
acc,1778672634.0,53.0,1.8937209483701816,2.5285855765208063,-9.759709687066435,,,,,,,,,,
acc,1778672634.0,53.0,1.901573062754911,2.5196291429554667,-9.761467278651313,,,,,,,,,,
acc,1778672634.0,53.0,1.90935382389487,2.5107540977353735,-9.759020300762328,,,,,,,,,,
acc,1778672634.0,53.0,1.9177738219079667,2.5030245956808694,-9.759719262488046,,,,,,,,,,
acc,1778672634.0,53.0,1.9254073645184093,2.4939809617679036,-9.759453461324608,,,,,,,,,,
acc,1778672634.0,53.0,1.93229711088894,2.4843095850548806,-9.760183981220559,,,,,,,,,,
acc,1778672634.0,53.0,1.938769278324805,2.4761104552949096,-9.76016242670055,,,,,,,,,,
acc,1778672634.0,53.0,1.946567003191965,2.4673113938821203,-9.761596436764503,,,,,,,,,,
acc,1778672634.0,53.0,1.9546488399199646,2.458237328978719,-9.760213179605401,,,,,,,,,,
acc,1778672634.0,53.0,1.962302265024051,2.448890759579297,-9.759587919288524,,,,,,,,,,
acc,1778672634.0,53.0,1.9695311715396493,2.4406585237907015,-9.761346617393968,,,,,,,,,,
acc,1778672634.0,53.0,1.9766943879862093,2.433211028096431,-9.758900735970446,,,,,,,,,,
acc,1778672634.0,53.0,1.9834730438849153,2.425476237960595,-9.75963627855781,,,,,,,,,,
acc,1778672634.0,53.0,1.9905095686174645,2.4188766384225047,-9.760365137168387,,,,,,,,,,
acc,1778672634.0,53.0,1.9968077222937768,2.4112721068597005,-9.75973849599221,,,,,,,,,,
acc,1778672634.0,53.0,2.0030486437802804,2.4037366787224683,-9.761140854925838,,,,,,,,,,
acc,1778672634.0,53.0,2.009587814927201,2.40010336228211,-9.760471670335653,,,,,,,,,,
acc,1778672634.0,53.0,2.0160675637253656,2.3954736622410806,-9.761512405039618,,,,,,,,,,
acc,1778672634.0,53.0,2.0231628684279332,2.389501662013803,-9.761514282396474,,,,,,,,,,
acc,1778672634.0,53.0,2.03054866798011,2.383228968401591,-9.761196666192873,,,,,,,,,,
acc,1778672634.0,53.0,2.038222313528054,2.3766583047595056,-9.761556374485547,,,,,,,,,,
acc,1778672634.0,53.0,2.0454712658286898,2.370147349642817,-9.76152234883894,,,,,,,,,,
acc,1778672634.0,53.0,2.053719240308922,2.3623111895638305,-9.762198574109215,,,,,,,,,,
acc,1778672634.0,53.0,2.0604723990411626,2.35383631420377,-9.761164816105712,,,,,,,,,,
acc,1778672634.0,53.0,2.0682290852974345,2.3454384512032265,-9.761489319464598,,,,,,,,,,
acc,1778672634.0,53.0,2.076944694612147,2.3364069590191368,-9.76120743354965,,,,,,,,,,
acc,1778672634.0,53.0,2.085226133124171,2.327138069834779,-9.758443340408231,,,,,,,,,,
acc,1778672634.0,53.0,2.0931128496504354,2.317953408322907,-9.759538001185494,,,,,,,,,,
acc,1778672634.0,53.0,2.1019572985450323,2.3088522090950625,-9.75852842017455,,,,,,,,,,
acc,1778672634.0,53.0,2.1110763475750813,2.3001531811314955,-9.755078738962602,,,,,,,,,,
acc,1778672634.0,53.0,2.1201125305507618,2.2915332024330226,-9.756913906970569,,,,,,,,,,
acc,1778672634.0,53.0,2.128711629626748,2.282672087254566,-9.754508306197117,,,,,,,,,,
acc,1778672634.0,53.0,2.136203187457675,2.274210961663567,-9.754289857711123,,,,,,,,,,
acc,1778672634.0,53.0,2.1436266684708896,2.2665366652071866,-9.754676834763728,,,,,,,,,,
acc,1778672634.0,53.0,2.1520120913373386,2.256837802597463,-9.751581620852352,,,,,,,,,,
acc,1778672634.0,53.0,2.1603213147113993,2.2482919692954004,-9.752348178886832,,,,,,,,,,
acc,1778672634.0,53.0,2.168910001888926,2.2408532022921115,-9.750729494507171,,,,,,,,,,
acc,1778672634.0,53.0,2.177775604256712,2.231387728846903,-9.75050988115635,,,,,,,,,,
acc,1778672634.0,53.0,2.185850711040844,2.222008269462432,-9.749972796048773,,,,,,,,,,
acc,1778672634.0,53.0,2.1928230381700344,2.214098404338047,-9.748375697100089,,,,,,,,,,
acc,1778672634.0,53.0,2.200761406849934,2.205940949833837,-9.749881311352082,,,,,,,,,,
acc,1778672634.0,53.0,2.2086276384804044,2.198532061516206,-9.747894578516947,,,,,,,,,,
acc,1778672634.0,53.0,2.217132321214757,2.190516060512942,-9.746671326390612,,,,,,,,,,
acc,1778672634.0,53.0,2.2255597207258773,2.1825729020147207,-9.747127534086514,,,,,,,,,,
acc,1778672634.0,53.0,2.2324906740290404,2.175731333226333,-9.745911252198553,,,,,,,,,,
acc,1778672634.0,53.0,2.2386842065309467,2.168241992994568,-9.744670528471692,,,,,,,,,,
acc,1778672634.0,53.0,2.2454958958241567,2.1601462802419307,-9.744541477226702,,,,,,,,,,
acc,1778672634.0,53.0,2.253665551626703,2.150384801664443,-9.742603268199641,,,,,,,,,,
acc,1778672634.0,53.0,2.2617609686418847,2.1400020852659476,-9.74139260457894,,,,,,,,,,
acc,1778672634.0,53.0,2.2683629562197694,2.1293587562677887,-9.74093836941921,,,,,,,,,,
acc,1778672634.0,53.0,2.2756148832613476,2.1191671064394213,-9.74080772937045,,,,,,,,,,
acc,1778672634.0,53.0,2.282445949269762,2.109778011257737,-9.74071377991286,,,,,,,,,,
acc,1778672634.0,53.0,2.2888599695800425,2.0987348943083157,-9.740869153793478,,,,,,,,,,
acc,1778672634.0,53.0,2.296635570072472,2.0888215277309485,-9.742088019264827,,,,,,,,,,
acc,1778672634.0,53.0,2.303630579978399,2.079708187002039,-9.74052706692158,,,,,,,,,,
acc,1778672634.0,53.0,2.309852092631982,2.0717070605029075,-9.741039108349437,,,,,,,,,,
acc,1778672634.0,53.0,2.3170819730378662,2.0641336031155872,-9.741546496786322,,,,,,,,,,
acc,1778672634.0,53.0,2.323891183664264,2.0559190341445177,-9.740380930552902,,,,,,,,,,
acc,1778672635.0,54.0,2.3302835562825313,2.047459644679441,-9.740539329081493,,,,,,,,,,
acc,1778672635.0,54.0,2.3369728023039245,2.0401065268989487,-9.740057353393802,,,,,,,,,,
acc,1778672635.0,54.0,2.3436012622255094,2.033530160546374,-9.740218692312599,,,,,,,,,,
acc,1778672635.0,54.0,2.35052445927952,2.027013554540511,-9.738710230247854,,,,,,,,,,
acc,1778672635.0,54.0,2.3563198407938883,2.0202012040574244,-9.73753494319915,,,,,,,,,,
acc,1778672635.0,54.0,2.362417529738896,2.0130957874807693,-9.738429145327906,,,,,,,,,,
acc,1778672635.0,54.0,2.368814769918151,2.0050255387555427,-9.737291906896495,,,,,,,,,,
acc,1778672635.0,54.0,2.3755088483554725,1.997028625491879,-9.737513879255511,,,,,,,,,,
acc,1778672635.0,54.0,2.3821420967801568,1.9873650485988024,-9.737059396247039,,,,,,,,,,
acc,1778672635.0,54.0,2.387650164468324,1.9777892859597757,-9.736999508408744,,,,,,,,,,
acc,1778672635.0,54.0,2.3938181122208726,1.968974968781534,-9.737224137833087,,,,,,,,,,
acc,1778672635.0,54.0,2.4006399436167816,1.9616251194254593,-9.736417325971386,,,,,,,,,,
acc,1778672635.0,54.0,2.4070448223178897,1.9540225917491503,-9.7356533400801,,,,,,,,,,
acc,1778672635.0,54.0,2.4130365281436177,1.9457792166548116,-9.736564640595526,,,,,,,,,,
acc,1778672635.0,54.0,2.418618824739922,1.9379657211057673,-9.735763821676047,,,,,,,,,,
acc,1778672635.0,54.0,2.4241503942382883,1.929868257006242,-9.735999679955903,,,,,,,,,,
acc,1778672635.0,54.0,2.429631697602841,1.922199346538707,-9.735949421905485,,,,,,,,,,
acc,1778672635.0,54.0,2.4343887533347677,1.9142451536561438,-9.733769822654866,,,,,,,,,,
acc,1778672635.0,54.0,2.438747610185566,1.90774761252782,-9.735798627719884,,,,,,,,,,
acc,1778672635.0,54.0,2.4430668575038794,1.900279715403012,-9.732874962675734,,,,,,,,,,
acc,1778672635.0,54.0,2.4477018260875583,1.8925247092272477,-9.732143166727553,,,,,,,,,,
acc,1778672635.0,54.0,2.4526141434869304,1.8872894391761315,-9.731737488123452,,,,,,,,,,
acc,1778672635.0,54.0,2.4578367928421665,1.8821017427449467,-9.730661057702601,,,,,,,,,,
acc,1778672635.0,54.0,2.46233754498938,1.8769611876256573,-9.7299493798138,,,,,,,,,,
acc,1778672635.0,54.0,2.467116865595529,1.8728967545733362,-9.72849873295892,,,,,,,,,,
acc,1778672635.0,54.0,2.471852755857144,1.8688692555838962,-9.72780670441285,,,,,,,,,,
acc,1778672635.0,54.0,2.475516210384219,1.8634939841243199,-9.727475926198915,,,,,,,,,,
acc,1778672635.0,54.0,2.479501336368928,1.8591969585442822,-9.726793192038729,,,,,,,,,,
acc,1778672635.0,54.0,2.4844796580996675,1.8552939514880298,-9.727430035079012,,,,,,,,,,
acc,1778672635.0,54.0,2.4894127411352485,1.8500420406862998,-9.727457650571761,,,,,,,,,,
acc,1778672635.0,54.0,2.4936265582918313,1.8437729512267116,-9.727733484725274,,,,,,,,,,
acc,1778672635.0,54.0,2.497447113051032,1.8372413624328727,-9.728397277556336,,,,,,,,,,
acc,1778672635.0,54.0,2.5019073881770795,1.8317985271334316,-9.729055038410529,,,,,,,,,,
acc,1778672635.0,54.0,2.5070370648028173,1.8256952189939095,-9.729032383827162,,,,,,,,,,
acc,1778672635.0,54.0,2.512120127350622,1.816168707092896,-9.729648879023292,,,,,,,,,,
acc,1778672635.0,54.0,2.5168020376356037,1.8084680965990108,-9.73029526640259,,,,,,,,,,
acc,1778672635.0,54.0,2.5210864318964816,1.8032867279287212,-9.731965180018284,,,,,,,,,,
acc,1778672635.0,54.0,2.525331893276684,1.7971230430215641,-9.732590518851449,,,,,,,,,,
acc,1778672635.0,54.0,2.5292193081511405,1.7903054357339834,-9.734630040412537,,,,,,,,,,
acc,1778672635.0,54.0,2.533071397551276,1.7839047518432871,-9.735905601566401,,,,,,,,,,
acc,1778672635.0,54.0,2.5368884824845406,1.7775622318485778,-9.736495133246303,,,,,,,,,,
acc,1778672635.0,54.0,2.539960948407337,1.7712773472065224,-9.7373987842713,,,,,,,,,,
acc,1778672635.0,54.0,2.5430054944091673,1.7636652032686326,-9.738294223694984,,,,,,,,,,
acc,1778672635.0,54.0,2.545667412428763,1.755767261070442,-9.739181526137312,,,,,,,,,,
acc,1778672635.0,54.0,2.5479501703721543,1.7486155268347667,-9.739705794679576,,,,,,,,,,
acc,1778672635.0,54.0,2.5505671554403166,1.7404993813454661,-9.740225299121398,,,,,,,,,,
acc,1778672635.0,54.0,2.553515321378201,1.7328119501613797,-9.74077557711473,,,,,,,,,,
acc,1778672635.0,54.0,2.5557267642921913,1.7244844430891313,-9.740681919829115,,,,,,,,,,
acc,1778672635.0,54.0,2.558273082380446,1.7162326092204736,-9.742292951941772,,,,,,,,,,
acc,1778672635.0,54.0,2.5611512234990013,1.7084107317631576,-9.742469479115742,,,,,,,,,,
acc,1778672635.0,54.0,2.5629383070582663,1.7010148945569241,-9.7436738022105,,,,,,,,,,
acc,1778672635.0,54.0,2.5647091511431195,1.694041235202477,-9.74557711408945,,,,,,,,,,
acc,1778672635.0,54.0,2.5671738450450476,1.6860660429563812,-9.745723797629704,,,,,,,,,,
acc,1778672635.0,54.0,2.5689062002129166,1.6795476932886335,-9.747608480917965,,,,,,,,,,
acc,1778672635.0,54.0,2.5709777840913763,1.6727691093484736,-9.747736705148098,,,,,,,,,,
acc,1778672635.0,54.0,2.573385514062417,1.664632258066075,-9.748538202461086,,,,,,,,,,
acc,1778672635.0,54.0,2.5757713646596296,1.6562498800583292,-9.748622474736466,,,,,,,,,,
acc,1778672635.0,54.0,2.577106125569231,1.6500024739689783,-9.749060952078647,,,,,,,,,,
acc,1778672635.0,54.0,2.5780737955491944,1.6427824388715964,-9.75024087191076,,,,,,,,,,
acc,1778672635.0,54.0,2.578322739544778,1.6328592714112506,-9.74935126955381,,,,,,,,,,
acc,1778672635.0,54.0,2.57856942135199,1.6240556771877175,-9.750883522091618,,,,,,,,,,
acc,1778672635.0,54.0,2.579168823301084,1.6156870532978567,-9.75069801251798,,,,,,,,,,
acc,1778672635.0,54.0,2.5804727110361285,1.6080689145198634,-9.750123723474895,,,,,,,,,,
acc,1778672635.0,54.0,2.5810548175297505,1.5991356319099785,-9.749590147435349,,,,,,,,,,
acc,1778672635.0,54.0,2.5816316343415,1.5896090889953267,-9.749416390935329,,,,,,,,,,
acc,1778672635.0,54.0,2.5822032095394447,1.5815534859961928,-9.749244213384554,,,,,,,,,,
acc,1778672635.0,54.0,2.582769590754851,1.573571085370892,-9.746908308172952,,,,,,,,,,
acc,1778672635.0,54.0,2.582975863412718,1.5635669183772616,-9.747717333243335,,,,,,,,,,
acc,1778672635.0,54.0,2.583890194276545,1.5553929933083663,-9.746460197409295,,,,,,,,,,
acc,1778672635.0,54.0,2.5837313129953126,1.5469383840488113,-9.745924417975715,,,,,,,,,,
acc,1778672635.0,54.0,2.5835738754901634,1.5382056412144915,-9.745393507243632,,,,,,,,,,
acc,1778672635.0,54.0,2.583772839501878,1.5302621775638106,-9.744867420970486,,,,,,,,,,
acc,1778672635.0,54.0,2.5843249572736533,1.5237752681693615,-9.745020553589848,,,,,,,,,,
acc,1778672635.0,54.0,2.585227028735775,1.5180572388479354,-9.744533350757832,,,,,,,,,,
acc,1778672635.0,54.0,2.586120902950291,1.5120362082729777,-9.74401508084513,,,,,,,,,,
acc,1778672635.0,54.0,2.587681083593675,1.5057149207714695,-9.743501520522498,,,,,,,,,,
acc,1778672635.0,54.0,2.5892270866606917,1.4984216756324973,-9.743383092213733,,,,,,,,,,
acc,1778672635.0,54.0,2.5911140118455034,1.4908397343559212,-9.742200836584736,,,,,,,,,,
acc,1778672635.0,54.0,2.592983790281302,1.4815873585423376,-9.741739256909463,,,,,,,,,,
acc,1778672635.0,54.0,2.5948365777829574,1.4734484694766319,-9.741920815586443,,,,,,,,,,
acc,1778672635.0,54.0,2.596672528749428,1.4664484340241604,-9.740751847866537,,,,,,,,,,
acc,1778672635.0,54.0,2.598491796176628,1.4584471144504132,-9.740942379265473,,,,,,,,,,
acc,1778672635.0,54.0,2.599620093396083,1.449844065695444,-9.739746808371244,,,,,,,,,,
acc,1778672635.0,54.0,2.601412575897414,1.4419936323033757,-9.739946472702481,,,,,,,,,,
acc,1778672635.0,54.0,2.603898702497412,1.4356344021486835,-9.738440484334824,,,,,,,,,,
acc,1778672635.0,54.0,2.605652304688609,1.4293329591941704,-9.737303142864295,,,,,,,,,,
acc,1778672635.0,54.0,2.6070350007946237,1.4227338074590168,-9.737241040066921,,,,,,,,,,
acc,1778672635.0,54.0,2.609115073871851,1.416549593985058,-9.735759636338202,,,,,,,,,,
acc,1778672635.0,54.0,2.6115312068120033,1.411805939131562,-9.73496613260327,,,,,,,,,,
acc,1778672635.0,54.0,2.6142803457928254,1.4057210287020296,-9.734179839546055,,,,,,,,,,
acc,1778672635.0,54.0,2.6166495411956947,1.3975971091494455,-9.733755653415571,,,,,,,,,,
acc,1778672635.0,54.0,2.6179323038990816,1.3891920419120505,-9.733335321922873,,,,,,,,,,
acc,1778672635.0,54.0,2.6195583808217,1.3797984582707037,-9.733557744867372,,,,,,,,,,
acc,1778672635.0,54.0,2.6225895466274043,1.3719101006855638,-9.733813650071,,,,,,,,,,
acc,1778672635.0,54.0,2.6234988642698838,1.3661877292342581,-9.733392791554705,,,,,,,,,,
acc,1778672635.0,54.0,2.623335024410275,1.3601623868998154,-9.735070060979817,,,,,,,,,,
acc,1778672635.0,54.0,2.6245570352069976,1.352807426772846,-9.735028250505056,,,,,,,,,,
acc,1778672635.0,54.0,2.626122912283894,1.3451643404080056,-9.735235289574389,,,,,,,,,,
acc,1778672635.0,54.0,2.627319589159574,1.337945669594968,-9.735440447251184,,,,,,,,,,
acc,1778672635.0,54.0,2.6274759916201558,1.33079259583773,-9.734649844031443,,,,,,,,,,
acc,1778672635.0,54.0,2.627276011056604,1.3250888939549135,-9.735605757813575,,,,,,,,,,
acc,1778672635.0,54.0,2.6274328095174084,1.3204664224441214,-9.734849146753904,,,,,,,,,,
acc,1778672635.0,54.0,2.6279431539895795,1.3137916615135603,-9.734063916763214,,,,,,,,,,
acc,1778672635.0,54.0,2.6280938900306765,1.3075325168282277,-9.73403124925951,,,,,,,,,,
acc,1778672635.0,54.0,2.6285982271731827,1.299945878944529,-9.733608413389424,,,,,,,,,,
acc,1778672635.0,54.0,2.6287430104740466,1.2910438109759743,-9.733544381660556,,,,,,,,,,
acc,1778672635.0,54.0,2.628886478109117,1.2836070082331024,-9.733480931796825,,,,,,,,,,
acc,1778672635.0,54.0,2.629738574668038,1.2769477173749253,-9.731998193242726,,,,,,,,,,
acc,1778672635.0,54.0,2.630582928108182,1.2696390077758541,-9.731238870259212,,,,,,,,,,
acc,1778672635.0,54.0,2.6314196087923345,1.262396713427431,-9.730131476487646,,,,,,,,,,
acc,1778672635.0,54.0,2.631893724670451,1.2538358598970252,-9.729424610976276,,,,,,,,,,
acc,1778672635.0,54.0,2.63236353219229,1.2456722765222679,-9.729718074536766,,,,,,,,,,
acc,1778672635.0,54.0,2.6335034996954336,1.2390027420219052,-9.72968939485281,,,,,,,,,,
acc,1778672635.0,54.0,2.6346331081568852,1.233068252774137,-9.729341508371574,,,,,,,,,,
acc,1778672635.0,54.0,2.6354329842971636,1.228607556315451,-9.730345659730887,,,,,,,,,,
acc,1778672635.0,54.0,2.6362255918528,1.2231224913252092,-9.73095022100802,,,,,,,,,,
acc,1778672635.0,54.0,2.6366560351009887,1.2170128316018183,-9.730590877225875,,,,,,,,,,
acc,1778672635.0,54.0,2.6370825668521025,1.2119880912452559,-9.731903142811872,,,,,,,,,,
acc,1778672635.0,54.0,2.6378601844238894,1.2077189531174437,-9.733238978019685,,,,,,,,,,
acc,1778672635.0,54.0,2.6386307356777117,1.2027786675145782,-9.732503874213943,,,,,,,,,,
acc,1778672635.0,54.0,2.639394284826174,1.1975283131939034,-9.734189221353349,,,,,,,,,,
acc,1778672635.0,54.0,2.6401508954983717,1.1926806313394303,-9.735149320877191,,,,,,,,,,
acc,1778672635.0,54.0,2.640545668971759,1.1875220392641332,-9.734751819296255,,,,,,,,,,
acc,1778672635.0,54.0,2.6405818842236535,1.1831202566594503,-9.735671312055196,,,,,,,,,,
acc,1778672635.0,54.0,2.640262808609131,1.1776935792520447,-9.735908010982715,,,,,,,,,,
acc,1778672635.0,54.0,2.640301594252095,1.1726711765830122,-9.73610705554743,,,,,,,,,,
acc,1778672636.0,55.0,2.64034002744458,1.1694337458602322,-9.737049727447836,,,,,,,,,,
acc,1778672636.0,55.0,2.640378111389352,1.1662257341162738,-9.737273900524855,,,,,,,,,,
acc,1778672636.0,55.0,2.6397059166260646,1.161307541335288,-9.737176560009592,,,,,,,,,,
acc,1778672636.0,55.0,2.6393948010497357,1.1554046408018852,-9.738428980589184,,,,,,,,,,
acc,1778672636.0,55.0,2.63944147439693,1.1512947134200864,-9.73835664714936,,,,,,,,,,
acc,1778672636.0,55.0,2.6398426944775637,1.1468671626538327,-9.738284971013464,,,,,,,,,,
acc,1778672636.0,55.0,2.6398852977554976,1.1421248838776978,-9.739527319309618,,,,,,,,,,
acc,1778672636.0,55.0,2.640282484752151,1.1363962987943579,-9.740438910802194,,,,,,,,,,
acc,1778672636.0,55.0,2.6410310242293025,1.1303647992920107,-9.740987247676763,,,,,,,,,,
acc,1778672636.0,55.0,2.6420922290386595,1.1243881088562713,-9.741495107378723,,,,,,,,,,
acc,1778672636.0,55.0,2.64282432312025,1.1188207002901764,-9.743063246497076,,,,,,,,,,
acc,1778672636.0,55.0,2.643549764562101,1.1133038835324391,-9.743197270451287,,,,,,,,,,
acc,1778672636.0,55.0,2.6445880812311846,1.108866598895858,-9.74439498000595,,,,,,,,,,
acc,1778672636.0,55.0,2.6452974951601846,1.1041146747024158,-9.745262338395428,,,,,,,,,,
acc,1778672636.0,55.0,2.645645500773679,1.0983765227638662,-9.746121814979771,,,,,,,,,,
acc,1778672636.0,55.0,2.646664773199193,1.0923355524287781,-9.748002881429558,,,,,,,,,,
acc,1778672636.0,55.0,2.647674783355807,1.0867044389964946,-9.748446989101447,,,,,,,,,,
acc,1778672636.0,55.0,2.648675615411034,1.0811244962674607,-9.749277526326251,,,,,,,,,,
acc,1778672636.0,55.0,2.6496673527675454,1.0748853266124403,-9.75077494553187,,,,,,,,,,
acc,1778672636.0,55.0,2.6499756488831654,1.069412785785313,-9.751193863075505,,,,,,,,,,
acc,1778672636.0,55.0,2.6502811434695257,1.0639899746903345,-9.75128950644421,,,,,,,,,,
acc,1778672636.0,55.0,2.650938823757944,1.057551547019136,-9.752058718962546,,,,,,,,,,
acc,1778672636.0,55.0,2.6519099950285288,1.0501422261793272,-9.75211099981965,,,,,,,,,,
acc,1778672636.0,55.0,2.6525528737185127,1.0428002348583667,-9.752198309040457,,,,,,,,,,
acc,1778672636.0,55.0,2.652834948707871,1.03587992299708,-9.752959263144444,,,,,,,,,,
acc,1778672636.0,55.0,2.6527594895823814,1.0279575934681278,-9.752399920165423,,,,,,,,,,
acc,1778672636.0,55.0,2.6526847161643574,1.0204622260992045,-9.752449100480206,,,,,,,,,,
acc,1778672636.0,55.0,2.65261062222268,1.0147743028473264,-9.752249364280146,,,,,,,,,,
acc,1778672636.0,55.0,2.6528921724434285,1.0084636282632595,-9.751341510476434,,,,,,,,,,
acc,1778672636.0,55.0,2.652461231544538,1.0011454052407702,-9.750441906465262,,,,,,,,,,
acc,1778672636.0,55.0,2.6516792358043695,0.9935387130581445,-9.75125431560125,,,,,,,,,,
acc,1778672636.0,55.0,2.650584878753665,0.9860011439349402,-9.750320009582,,,,,,,,,,
acc,1778672636.0,55.0,2.6495004662761907,0.9788870406009705,-9.75013962072414,,,,,,,,,,
acc,1778672636.0,55.0,2.6480709462308036,0.9725475167377263,-9.750209340691223,,,,,,,,,,
acc,1778672636.0,55.0,2.647009378204371,0.9666205627743125,-9.749639492276325,,,,,,,,,,
acc,1778672636.0,55.0,2.6456024950193533,0.9600375443109255,-9.749465287372939,,,,,,,,,,
acc,1778672636.0,55.0,2.643853425515014,0.9538693084163332,-9.74993160032054,,,,,,,,,,
acc,1778672636.0,55.0,2.641765279185561,0.9481120859042113,-9.750038714044733,,,,,,,,,,
acc,1778672636.0,55.0,2.6396961081293733,0.9413422856584702,-9.74986088135816,,,,,,,,,,
acc,1778672636.0,55.0,2.6376457399155298,0.9336046034723391,-9.749968637715302,,,,,,,,,,
acc,1778672636.0,55.0,2.635968974540586,0.9266116638567857,-9.750039911428534,,,,,,,,,,
acc,1778672636.0,55.0,2.6339524753029475,0.9203922117677003,-9.750110537467718,,,,,,,,,,
acc,1778672636.0,55.0,2.631954300271584,0.9135193349751156,-9.750180521718358,,,,,,,,,,
acc,1778672636.0,55.0,2.6296193211584744,0.9067089129604455,-9.750001400405925,,,,,,,,,,
acc,1778672636.0,55.0,2.627305560322128,0.8999603781885221,-9.750072376400075,,,,,,,,,,
acc,1778672636.0,55.0,2.625367786722577,0.8929537008679284,-9.749503772598553,,,,,,,,,,
acc,1778672636.0,55.0,2.6234476219385865,0.8860106941890735,-9.74894033577808,,,,,,,,,,
acc,1778672636.0,55.0,2.6211899441829885,0.8798052178421606,-9.749411419033118,,,,,,,,,,
acc,1778672636.0,55.0,2.619307744029508,0.8733011606528279,-9.749487756269252,,,,,,,,,,
acc,1778672636.0,55.0,2.61744264768803,0.8668562067268829,-9.74956339981841,,,,,,,,,,
acc,1778672636.0,55.0,2.6152395379604236,0.8608247898454051,-9.750028821204708,,,,,,,,,,
acc,1778672636.0,55.0,2.6130564481943144,0.8548481812797477,-9.750099548022284,,,,,,,,,,
acc,1778672636.0,55.0,2.61124815823899,0.8496358156132058,-9.749175735535054,,,,,,,,,,
acc,1778672636.0,55.0,2.609456300463519,0.8441158536578628,-9.748260317859119,,,,,,,,,,
acc,1778672636.0,55.0,2.60768072554642,0.838291081496418,-9.747743674843022,,,,,,,,,,
acc,1778672636.0,55.0,2.6059212855231166,0.8328742107023378,-9.747586697493736,,,,,,,,,,
acc,1778672636.0,55.0,2.6038228720001713,0.8278615255325851,-9.746685719625317,,,,,,,,,,
acc,1778672636.0,55.0,2.6010690887757995,0.8228943913232933,-9.746183385200219,,,,,,,,,,
acc,1778672636.0,55.0,2.59798536778539,0.8172624615126031,-9.745650121197304,,,,,,,,,,
acc,1778672636.0,55.0,2.595284630765732,0.8113267389631322,-9.744411770403813,,,,,,,,,,
acc,1778672636.0,55.0,2.593282873989397,0.8057999260024816,-9.742865205261003,,,,,,,,,,
acc,1778672636.0,55.0,2.5912993074525614,0.80103326858634,-9.742007132242724,,,,,,,,,,
acc,1778672636.0,55.0,2.5890142984444937,0.7966648882160162,-9.741547312785483,,,,,,,,,,
acc,1778672636.0,55.0,2.58639508276739,0.7923362039197104,-9.741056177411059,,,,,,,,,,
acc,1778672636.0,55.0,2.5830897356298412,0.7883663314743884,-9.740604999411335,,,,,,,,,,
acc,1778672636.0,55.0,2.579814424636928,0.7841130573060321,-9.740512892188802,,,,,,,,,,
acc,1778672636.0,55.0,2.5769238477066416,0.7791885096789135,-9.739356718462702,,,,,,,,,,
acc,1778672636.0,55.0,2.5744144996204326,0.7735987703731216,-9.738175556686558,,,,,,,,,,
acc,1778672636.0,55.0,2.571927954325859,0.7680598257981942,-9.737360099150711,,,,,,,,,,
acc,1778672636.0,55.0,2.5683991102033676,0.7639910796434342,-9.737261975336665,,,,,,,,,,
acc,1778672636.0,55.0,2.564582865759874,0.7602787832459683,-9.737803687101406,,,,,,,,,,
acc,1778672636.0,55.0,2.5604463291946207,0.7559257827230136,-9.737382064929044,,,,,,,,,,
acc,1778672636.0,55.0,2.5563473819068,0.7512573767418502,-9.736964274095426,,,,,,,,,,
acc,1778672636.0,55.0,2.552640653178045,0.7462764223481754,-9.736550279784648,,,,,,,,,,
acc,1778672636.0,55.0,2.5489676080037214,0.7413407305730296,-9.736140047497187,,,,,,,,,,
acc,1778672636.0,55.0,2.544617998575585,0.7368048609693382,-9.736053010460537,,,,,,,,,,
acc,1778672636.0,55.0,2.5399529528738944,0.7330201329842653,-9.735966764341425,,,,,,,,,,
acc,1778672636.0,55.0,2.534975337311508,0.7299442356177005,-9.736165275006279,,,,,,,,,,
acc,1778672636.0,55.0,2.5300429540272305,0.7265413275806684,-9.736397485224437,,,,,,,,,,
acc,1778672636.0,55.0,2.525155391989122,0.722849865736944,-9.736308108815706,,,,,,,,,,
acc,1778672636.0,55.0,2.5199927673996885,0.7198663869894572,-9.736539021083367,,,,,,,,,,
acc,1778672636.0,55.0,2.514522094517436,0.7165550577507839,-9.736732331572398,,,,,,,,,,
acc,1778672636.0,55.0,2.50910113439306,0.7129543425162659,-9.736923885422392,,,,,,,,,,
acc,1778672636.0,55.0,2.5040843970533193,0.7097058239776148,-9.736865228989622,,,,,,,,,,
acc,1778672636.0,55.0,2.4987582857232304,0.7061673486736381,-9.737055575182485,,,,,,,,,,
acc,1778672636.0,55.0,2.4934805735002854,0.7023060662086152,-9.736960218619675,,,,,,,,,,
acc,1778672636.0,55.0,2.4878958497145587,0.6988348335225453,-9.736901232022138,,,,,,,,,,
acc,1778672636.0,55.0,2.482361875082975,0.6946852208590645,-9.737446221911059,,,,,,,,,,
acc,1778672636.0,55.0,2.476523226667546,0.6902183454367486,-9.738376724622295,,,,,,,,,,
acc,1778672636.0,55.0,2.470737634854339,0.6865019937605614,-9.73890830650676,,,,,,,,,,
acc,1778672636.0,55.0,2.4646496466501304,0.6828194130838542,-9.73947055219335,,,,,,,,,,
acc,1778672636.0,55.0,2.4586169808331424,0.6791702965249039,-9.739388753848917,,,,,,,,,,
acc,1778672636.0,55.0,2.452639134681224,0.6759093017640996,-9.73959167187091,,,,,,,,,,
acc,1778672636.0,55.0,2.446715610040529,0.6729974166124328,-9.74011221336241,,,,,,,,,,
acc,1778672636.0,55.0,2.4401714750099113,0.6694375538880577,-9.74062802462169,,,,,,,,,,
acc,1778672636.0,55.0,2.4333318456621087,0.665555078353071,-9.741139148633023,,,,,,,,,,
acc,1778672636.0,55.0,2.426909330741547,0.6620628451813827,-9.741645627990074,,,,,,,,,,
acc,1778672636.0,55.0,2.4205451780985467,0.6586023464134595,-9.742147504899458,,,,,,,,,,
acc,1778672636.0,55.0,2.4138838956136195,0.6548183319009685,-9.742325353770731,,,,,,,,,,
acc,1778672636.0,55.0,2.4069281833465577,0.6510687032494692,-9.742856548278255,,,,,,,,,,
acc,1778672636.0,55.0,2.400035678594775,0.6473531479899074,-9.74370239224879,,,,,,,,,,
acc,1778672636.0,55.0,2.3932058069828748,0.6433163856321048,-9.744221073418025,,,,,,,,,,
acc,1778672636.0,55.0,2.3857280576337434,0.6393163058897716,-9.744380079486607,,,,,,,,,,
acc,1778672636.0,55.0,2.3779987922092287,0.6353525754229292,-9.744857108058667,,,,,,,,,,
acc,1778672636.0,55.0,2.369984801910629,0.6317798347812786,-9.745329801806399,,,,,,,,,,
acc,1778672636.0,55.0,2.3620436358455223,0.6282395601258598,-9.746188665341437,,,,,,,,,,
acc,1778672636.0,55.0,2.354529594023505,0.6243764855732116,-9.746649259044764,,,,,,,,,,
acc,1778672636.0,55.0,2.3470838333343225,0.6209034861716011,-9.747105667269677,,,,,,,,,,
acc,1778672636.0,55.0,2.3393507715244826,0.6174620463938382,-9.747948393270686,,,,,,,,,,
acc,1778672636.0,55.0,2.3313330102516963,0.6136969085927015,-9.748073528670458,,,,,,,,,,
acc,1778672636.0,55.0,2.323388107479764,0.6103209559778542,-9.74851699436114,,,,,,,,,,
acc,1778672636.0,55.0,2.3155154011334558,0.6066207102487651,-9.748956430218017,,,,,,,,,,
acc,1778672636.0,55.0,2.307714235153908,0.6025991183016234,-9.749391872860746,,,,,,,,,,
acc,1778672636.0,55.0,2.2996289976705215,0.5986140711143402,-9.750213823796704,,,,,,,,,,
acc,1778672636.0,55.0,2.291262260993034,0.5943457691861304,-9.750673334690738,,,,,,,,,,
acc,1778672636.0,55.0,2.2829715540039626,0.5897612921319171,-9.750738204725508,,,,,,,,,,
acc,1778672636.0,55.0,2.274756185811058,0.5852184748520481,-9.750802485277337,,,,,,,,,,
acc,1778672636.0,55.0,2.2666154718003044,0.5807169387784169,-9.750617712096389,,,,,,,,,,
acc,1778672636.0,55.0,2.2585487335788677,0.5762563087830173,-9.750683087581333,,,,,,,,,,
acc,1778672636.0,55.0,2.2498808697316073,0.5721911749201184,-9.751102839850814,,,,,,,,,,
acc,1778672636.0,55.0,2.240936801096251,0.5681629814884628,-9.751199310360098,,,,,,,,,,
acc,1778672636.0,55.0,2.231719037583747,0.5641713928052646,-9.751259400781525,,,,,,,,,,
acc,1778672636.0,55.0,2.2225850371577076,0.5602160762381335,-9.751318945153017,,,,,,,,,,
acc,1778672636.0,55.0,2.213889009512005,0.5562967021773556,-9.751413451883659,,,,,,,,,,
acc,1778672636.0,55.0,2.2045620712330862,0.5524129440084258,-9.751223126765021,,,,,,,,,,
acc,1778672636.0,55.0,2.19531988812677,0.5488839454983495,-9.751637971624069,,,,,,,,,,
acc,1778672636.0,55.0,2.1858422225976115,0.545067548070212,-9.75169407587018,,,,,,,,,,
acc,1778672637.0,56.0,2.176450681920336,0.5412858307710803,-9.75214013550977,,,,,,,,,,
acc,1778672637.0,56.0,2.166789512605981,0.5378579458713657,-9.752546647384069,,,,,,,,,,
acc,1778672637.0,56.0,2.1572161356676762,0.534461210633807,-9.752629997815463,,,,,,,,,,
acc,1778672637.0,56.0,2.1477297533240103,0.5310953419971345,-9.752712590830008,,,,,,,,,,
acc,1778672637.0,56.0,2.137974613269686,0.5277600594722951,-9.753149395083891,,,,,,,,,,
acc,1778672637.0,56.0,2.127953148655894,0.5244550851190783,-9.753937200897939,,,,,,,,,,
acc,1778672637.0,56.0,2.11837772133173,0.5211801435229549,-9.753972411730999,,,,,,,,,,
acc,1778672637.0,56.0,2.1085343363737707,0.5179349617721251,-9.754362273458943,,,,,,,,,,
acc,1778672637.0,56.0,2.098780399610509,0.5147192694347762,-9.754748592459675,,,,,,,,,,
acc,1778672637.0,56.0,2.089115098213882,0.5118877693971201,-9.754811933512926,,,,,,,,,,
acc,1778672637.0,56.0,2.07918266496867,0.5087270287296739,-9.755194166390822,,,,,,,,,,
acc,1778672637.0,56.0,2.069340489112206,0.5055950101479552,-9.7552534584524,,,,,,,,,,
acc,1778672637.0,56.0,2.059587750463167,0.5024914526504154,-9.755631679132366,,,,,,,,,,
acc,1778672637.0,56.0,2.049923636293334,0.4990966301937437,-9.755651492008353,,,,,,,,,,
acc,1778672637.0,56.0,2.039672902985766,0.4960521243697743,-9.756061590062497,,,,,,,,,,
acc,1778672637.0,56.0,2.0295153195034468,0.4930352843895024,-9.756467961499148,,,,,,,,,,
acc,1778672637.0,56.0,2.019095068520513,0.4904008297101695,-9.756515678409153,,,,,,,,,,
acc,1778672637.0,56.0,2.0087695077932888,0.48743534382273923,-9.757272894343036,,,,,,,,,,
acc,1778672637.0,56.0,1.9988927477189542,0.48449680571396087,-9.757277793270383,,,,,,,,,,
acc,1778672637.0,56.0,1.988750768263023,0.4815849705056587,-9.7569986746269,,,,,,,,,,
acc,1778672637.0,56.0,1.9783459885976782,0.4790545664054719,-9.757041568873627,,,,,,,,,,
acc,1778672637.0,56.0,1.9683907203714854,0.47654715643581885,-9.756764596833769,,,,,,,,,,
acc,1778672637.0,56.0,1.9581709552652213,0.4740625316458688,-9.756809618177638,,,,,,,,,,
acc,1778672637.0,56.0,1.948044058571896,0.4719554558441292,-9.756854230406354,,,,,,,,,,
acc,1778672637.0,56.0,1.9380091863834519,0.46951255646980333,-9.757217904651124,,,,,,,,,,
acc,1778672637.0,56.0,1.928420464233975,0.4670918560585166,-9.75725880672443,,,,,,,,,,
acc,1778672637.0,56.0,1.9189188761231843,0.4646931528852348,-9.757299337114961,,,,,,,,,,
acc,1778672637.0,56.0,1.9091486684786352,0.4623162470580267,-9.757658966613773,,,,,,,,,,
acc,1778672637.0,56.0,1.899467244056459,0.4599609405014068,-9.757695860696282,,,,,,,,,,
acc,1778672637.0,56.0,1.8891993577971948,0.45798200780040194,-9.758051886930703,,,,,,,,,,
acc,1778672637.0,56.0,1.8790247772344137,0.4556660870728072,-9.758404677905702,,,,,,,,,,
acc,1778672637.0,56.0,1.8685876927129668,0.45337121143580184,-9.758399292159952,,,,,,,,,,
acc,1778672637.0,56.0,1.8578904805553391,0.4510971896497495,-9.758784420575704,,,,,,,,,,
acc,1778672637.0,56.0,1.8476454462983312,0.4488438322128346,-9.758775584056016,,,,,,,,,,
acc,1778672637.0,56.0,1.8374935100785146,0.44661095134527073,-9.758766827834998,,,,,,,,,,
acc,1778672637.0,56.0,1.8270788550406314,0.4443983609736524,-9.758758151182967,,,,,,,,,,
acc,1778672637.0,56.0,1.8167588394073348,0.4422058767154485,-9.759140018597357,,,,,,,,,,
acc,1778672637.0,56.0,1.8065326031773223,0.44003331586363753,-9.759518415929964,,,,,,,,,,
acc,1778672637.0,56.0,1.7963992941642413,0.4378804973714819,-9.75950290949341,,,,,,,,,,
acc,1778672637.0,56.0,1.7863580679256739,0.4353922709768673,-9.759878009186469,,,,,,,,,,
acc,1778672637.0,56.0,1.7760531259193313,0.4332816262987407,-9.760214205937043,,,,,,,,,,
acc,1778672637.0,56.0,1.7658418263401487,0.4311901613394723,-9.760547347621445,,,,,,,,,,
acc,1778672637.0,56.0,1.7557233182464946,0.42876273094974227,-9.761267927221972,,,,,,,,,,
acc,1778672637.0,56.0,1.7453417875687878,0.4267123298148313,-9.761591493595946,,,,,,,,,,
acc,1778672637.0,56.0,1.735054595290045,0.4243255900968317,-9.762302584898208,,,,,,,,,,
acc,1778672637.0,56.0,1.724860884144243,0.42231550987191335,-9.76261674919539,,,,,,,,,,
acc,1778672637.0,56.0,1.714759804655453,0.41996872466224444,-9.762928058638337,,,,,,,,,,
acc,1778672637.0,56.0,1.704750515067051,0.41764326501296406,-9.763236539169505,,,,,,,,,,
acc,1778672637.0,56.0,1.6944772194981357,0.4156939079963413,-9.763577710855518,,,,,,,,,,
acc,1778672637.0,56.0,1.683977802280188,0.41376226505538494,-9.76388028790752,,,,,,,,,,
acc,1778672637.0,56.0,1.6738932712130874,0.41184817521984984,-9.764215609760099,,,,,,,,,,
acc,1778672637.0,56.0,1.663900379668588,0.40995147898224976,-9.764547884496823,,,,,,,,,,
acc,1778672637.0,56.0,1.6539982949057277,0.40771704742399156,-9.764877139807256,,,,,,,,,,
acc,1778672637.0,56.0,1.643866715250119,0.4055029204530187,-9.765167908769422,,,,,,,,,,
acc,1778672637.0,56.0,1.6338272026541143,0.4033089135587503,-9.765846500694476,,,,,,,,,,
acc,1778672637.0,56.0,1.623168996944793,0.40113484390727844,-9.766518926161254,,,,,,,,,,
acc,1778672637.0,56.0,1.6126076438185506,0.3989805303261322,-9.767185241205212,,,,,,,,,,
acc,1778672637.0,56.0,1.6021422631626263,0.3968457932891798,-9.767845501352603,,,,,,,,,,
acc,1778672637.0,56.0,1.5921269446354012,0.39473045490166814,-9.768109296404619,,,,,,,,,,
acc,1778672637.0,56.0,1.5822026366868958,0.39231487147187877,-9.768406188674584,,,,,,,,,,
acc,1778672637.0,56.0,1.572013550518012,0.38992123878137874,-9.768700383043605,,,,,,,,,,
acc,1778672637.0,56.0,1.561917053978338,0.3878688247742967,-9.769346874888454,,,,,,,,,,
acc,1778672637.0,56.0,1.551557334832589,0.3858350613359458,-9.76995199761296,,,,,,,,,,
acc,1778672637.0,56.0,1.5412917558814094,0.38350031157252007,-9.77019665064336,,,,,,,,,,
acc,1778672637.0,56.0,1.5307644907993134,0.38118677800172535,-9.770474574837896,,,,,,,,,,
acc,1778672637.0,56.0,1.520332888424784,0.37889426782909746,-9.770749973497002,,,,,,,,,,
acc,1778672637.0,56.0,1.5099960794576233,0.3769420574256415,-9.770987375210652,,,,,,,,,,
acc,1778672637.0,56.0,1.4997532024970839,0.3746881196134515,-9.771258113982151,,,,,,,,,,
acc,1778672637.0,56.0,1.489603403970086,0.37245466364456264,-9.771526392513149,,,,,,,,,,
acc,1778672637.0,56.0,1.4795458380600857,0.37024150339764417,-9.77179223316019,,,,,,,,,,
acc,1778672637.0,56.0,1.4695796666365903,0.3680484544426755,-9.77205565807666,,,,,,,,,,
acc,1778672637.0,56.0,1.4597040591853148,0.36587533402557704,-9.772316689214637,,,,,,,,,,
acc,1778672637.0,56.0,1.4499181927389713,0.36336699927954513,-9.772575348326715,,,,,,,,,,
acc,1778672637.0,56.0,1.4402212518086892,0.3612364198902221,-9.77283165696782,,,,,,,,,,
acc,1778672637.0,56.0,1.430612428316058,0.3591252013692232,-9.773085636497006,,,,,,,,,,
acc,1778672637.0,56.0,1.420771454112267,0.35703316778167177,-9.773301813719318,,,,,,,,,,
acc,1778672637.0,56.0,1.411339373609838,0.3549601447914355,-9.773870997370013,,,,,,,,,,
acc,1778672637.0,56.0,1.4019930037218766,0.3529059596465985,-9.77411553226983,,,,,,,,,,
acc,1778672637.0,56.0,1.3924120981707058,0.3508704411650654,-9.774322350687422,,,,,,,,,,
acc,1778672637.0,56.0,1.382918255627716,0.34885341972029604,-9.77452728971757,,,,,,,,,,
acc,1778672637.0,56.0,1.3735106849393617,0.34685472722717003,-9.774730366438527,,,,,,,,,,
acc,1778672637.0,56.0,1.3638336403679836,0.3448741971279796,-9.774967092133272,,,,,,,,,,
acc,1778672637.0,56.0,1.3542445324333028,0.34291166437854986,-9.775201666669027,,,,,,,,,,
acc,1778672637.0,56.0,1.3447425620429914,0.340966965434485,-9.775434109593672,,,,,,,,,,
acc,1778672637.0,56.0,1.3353269373661836,0.3390399382375397,-9.775664440277449,,,,,,,,,,
acc,1778672637.0,56.0,1.3259968737674896,0.3371304222021142,-9.775502212694093,,,,,,,,,,
acc,1778672637.0,56.0,1.3167515937416097,0.3352382582018722,-9.775731924515618,,,,,,,,,,
acc,1778672637.0,56.0,1.3075903268485414,0.33368275596999986,-9.77592405455427,,,,,,,,,,
acc,1778672637.0,56.0,1.298157338788804,0.33214138880112504,-9.776114438680802,,,,,,,,,,
acc,1778672637.0,56.0,1.2888100695906322,0.33061402824798364,-9.776303092760557,,,,,,,,,,
acc,1778672637.0,56.0,1.2799027111754997,0.3291005470305296,-9.776490032514708,,,,,,,,,,
acc,1778672637.0,56.0,1.271076295152965,0.32760081902532806,-9.776675273521569,,,,,,,,,,
acc,1778672637.0,56.0,1.26233008598836,0.3261147192550453,-9.776539363804371,,,,,,,,,,
acc,1778672637.0,56.0,1.2536633548309204,0.3249970947386071,-9.77672415653101,,,,,,,,,,
acc,1778672637.0,56.0,1.2450753794530502,0.3235346553694905,-9.776907270020693,,,,,,,,,,
acc,1778672637.0,56.0,1.2362104733295611,0.32208550538832137,-9.777088719532877,,,,,,,,,,
acc,1778672637.0,56.0,1.2274261238288495,0.3210044948931745,-9.777268520188356,,,,,,,,,,
acc,1778672637.0,56.0,1.2187215989217903,0.31957833682869546,-9.777446686970517,,,,,,,,,,
acc,1778672637.0,56.0,1.210096173231308,0.31816513845895217,-9.777623234726592,,,,,,,,,,
acc,1778672637.0,56.0,1.2011941661984926,0.31676478201741376,-9.77783367252881,,,,,,,,,,
acc,1778672637.0,56.0,1.1927280147029626,0.3157321216682834,-9.778006703693825,,,,,,,,,,
acc,1778672637.0,56.0,1.1839838345185558,0.31470884524595877,-9.778213656860729,,,,,,,,,,
acc,1778672637.0,56.0,1.1753191139036923,0.31333989661683137,-9.778418729415703,,,,,,,,,,
acc,1778672637.0,56.0,1.1667331307983206,0.311983387812422,-9.77862193844813,,,,,,,,,,
acc,1778672637.0,56.0,1.1582251697038488,0.3106392057903304,-9.778823300892093,,,,,,,,,,
acc,1778672637.0,56.0,1.149794521623519,0.30930723853538794,-9.779022833527797,,,,,,,,,,
acc,1778672637.0,56.0,1.1414404840033245,0.3079873750503234,-9.779220552982963,,,,,,,,,,
acc,1778672637.0,56.0,1.1331623606734635,0.3066795053465131,-9.77941647573421,,,,,,,,,,
acc,1778672637.0,56.0,1.1249594617903254,0.30538352043481504,-9.779610618108435,,,,,,,,,,
acc,1778672637.0,56.0,1.116831103779003,0.3040993123164865,-9.77941253106368,,,,,,,,,,
acc,1778672637.0,56.0,1.1084216384157557,0.30282677397418434,-9.779606709283671,,,,,,,,,,
acc,1778672637.0,56.0,1.1000885910223763,0.30156579936304667,-9.779799122979435,,,,,,,,,,
acc,1778672637.0,56.0,1.0918312671782489,0.30031628340185595,-9.779989788185446,,,,,,,,,,
acc,1778672637.0,56.0,1.083648978773053,0.2994330928248553,-9.780178720790474,,,,,,,,,,
acc,1778672637.0,56.0,1.075221576535902,0.2985579279222567,-9.780330442178984,,,,,,,,,,
acc,1778672637.0,56.0,1.0668707552634622,0.2973357449030784,-9.780480784854342,,,,,,,,,,
acc,1778672637.0,56.0,1.058595819053961,0.2961246680293087,-9.780629761345105,,,,,,,,,,
acc,1778672637.0,56.0,1.0507155457429007,0.295279567238448,-9.780812878425897,,,,,,,,,,
acc,1778672637.0,56.0,1.0425874141471327,0.2944421459948572,-9.780958837136641,,,,,,,,,,
acc,1778672637.0,56.0,1.0348526114160632,0.2936123345134326,-9.781138963860396,,,,,,,,,,
acc,1778672637.0,56.0,1.0268686284890922,0.29279006364321747,-9.781672424608379,,,,,,,,,,
acc,1778672637.0,56.0,1.0189571971144953,0.29197526486163927,-9.782201037725079,,,,,,,,,,
acc,1778672637.0,56.0,1.0111176580063246,0.29116787026879953,-9.7823343820411,,,,,,,,,,
acc,1778672637.0,56.0,1.0033493578696544,0.29036781258181554,-9.782856979859448,,,,,,,,,,
acc,1778672637.0,56.0,0.9952966875727044,0.2892200542686401,-9.782984363538962,,,,,,,,,,
acc,1778672637.0,56.0,0.9873171929997188,0.2880827257933204,-9.783110589665437,,,,,,,,,,
acc,1778672637.0,56.0,0.979765170966252,0.2869557323784835,-9.783235668757717,,,,,,,,,,
acc,1778672637.0,56.0,0.9722817751970325,0.28583898010801145,-9.78335961123906,,,,,,,,,,
acc,1778672638.0,57.0,0.9645114203023105,0.2847323759192151,-9.783482427438006,,,,,,,,,,
acc,1778672638.0,57.0,0.9568116756926137,0.2836358275950786,-9.78360412758924,,,,,,,,,,
acc,1778672638.0,57.0,0.949181899722558,0.2825492437565751,-9.784115187054928,,,,,,,,,,
acc,1778672638.0,57.0,0.9416214565774791,0.2814725338550513,-9.784231137232382,,,,,,,,,,
acc,1778672638.0,57.0,0.9344846779938839,0.2804056081646821,-9.784736498975095,,,,,,,,,,
acc,1778672638.0,57.0,0.9274127523001215,0.2793483777749932,-9.784846803205566,,,,,,,,,,
acc,1778672638.0,57.0,0.9200501283956153,0.27798128716993276,-9.785311075946877,,,,,,,,,,
acc,1778672638.0,57.0,0.9127544096684753,0.2769460869189893,-9.785416158917277,,,,,,,,,,
acc,1778672638.0,57.0,0.9058799499155766,0.27592029367528914,-9.785520286984253,,,,,,,,,,
acc,1778672638.0,57.0,0.8990679593251709,0.2749038219560619,-9.785623468825145,,,,,,,,,,
acc,1778672638.0,57.0,0.8923178702313757,0.2735771196418115,-9.786080683899012,,,,,,,,,,
acc,1778672638.0,57.0,0.8856291201267663,0.2722624732541979,-9.78621426769588,,,,,,,,,,
acc,1778672638.0,57.0,0.8786461898420653,0.271279240652875,-9.786701608458964,,,,,,,,,,
acc,1778672638.0,57.0,0.8717267144065178,0.2703049428216065,-9.78679405546893,,,,,,,,,,
acc,1778672638.0,57.0,0.8648701171971709,0.2690200311553869,-9.78653069153961,,,,,,,,,,
acc,1778672638.0,57.0,0.8584307886043592,0.2677467956584303,-9.786660186055075,,,,,,,,,,
acc,1778672638.0,57.0,0.8520499750772645,0.26648513022777853,-9.786788503836044,,,,,,,,,,
acc,1778672638.0,57.0,0.8457271448814263,0.2648799679512102,-9.786525190355178,,,,,,,,,,
acc,1778672638.0,57.0,0.8391068093408927,0.26364435377874007,-9.786654734860663,,,,,,,,,,
acc,1778672638.0,57.0,0.832901595474573,0.26241996780241816,-9.786783102177388,,,,,,,,,,
acc,1778672638.0,57.0,0.826397807467774,0.2612067079900798,-9.786910303002626,,,,,,,,,,
acc,1778672638.0,57.0,0.8203080820516996,0.2600044732367406,-9.787036347936448,,,,,,,,,,
acc,1778672638.0,57.0,0.8142736948091294,0.2588131633561711,-9.787161247482599,,,,,,,,,,
acc,1778672638.0,57.0,0.8079391811010245,0.25763267907254794,-9.787285012049374,,,,,,,,,,
acc,1778672638.0,57.0,0.8016622299913446,0.2561079602387453,-9.787407651950485,,,,,,,,,,
acc,1778672638.0,57.0,0.7954423184008307,0.25495205850839814,-9.787138712185437,,,,,,,,,,
acc,1778672638.0,57.0,0.7892789280035168,0.2541261280297795,-9.787227187173643,,,,,,,,,,
acc,1778672638.0,57.0,0.7835265069569721,0.25298823548164384,-9.786959887316875,,,,,,,,,,
acc,1778672638.0,57.0,0.7774713971792383,0.2518606831197983,-9.787085481671205,,,,,,,,,,
acc,1778672638.0,57.0,0.7714713110179361,0.2510628443950656,-9.787564905592914,,,,,,,,,,
acc,1778672638.0,57.0,0.7655257484658854,0.25027225574069917,-9.788039972923423,,,,,,,,,,
acc,1778672638.0,57.0,0.7596342140595401,0.24916938386079157,-9.787765287170613,,,,,,,,,,
acc,1778672638.0,57.0,0.7534412459771266,0.24807653392953904,-9.787883562745556,,,,,,,,,,
acc,1778672638.0,57.0,0.7476595251091177,0.24731308228963353,-9.787965269174146,,,,,,,,,,
acc,1778672638.0,57.0,0.7412204018137215,0.2465565682399188,-9.787726765711648,,,,,,,,,,
acc,1778672638.0,57.0,0.7348397917184764,0.2458069287375574,-9.787809896976478,,,,,,,,,,
acc,1778672638.0,57.0,0.7285171631058744,0.24474463389907128,-9.787927767175972,,,,,,,,,,
acc,1778672638.0,57.0,0.7218970273167625,0.24369199228007674,-9.788044566272731,,,,,,,,,,
acc,1778672638.0,57.0,0.7153370496132603,0.24264891616043888,-9.787769838779523,,,,,,,,,,
acc,1778672638.0,57.0,0.7088366833305592,0.24193478603066723,-9.787852578633453,,,,,,,,,,
acc,1778672638.0,57.0,0.7017209484973761,0.2412271452997315,-9.787970060978852,,,,,,,,,,
acc,1778672638.0,57.0,0.6946698753265679,0.24052593499757072,-9.788086475745999,,,,,,,,,,
acc,1778672638.0,57.0,0.6880378470892767,0.23983109668999308,-9.78816633827621,,,,,,,,,,
acc,1778672638.0,57.0,0.6811111141453364,0.23914257247380627,-9.788600445945182,,,,,,,,,,
acc,1778672638.0,57.0,0.6738923636041394,0.23814083755847276,-9.789030608817985,,,,,,,,,,
acc,1778672638.0,57.0,0.6667392108432427,0.23746767295978866,-9.789101891880948,,,,,,,,,,
acc,1778672638.0,57.0,0.659651059766583,0.23680062550051786,-9.789562992405392,,,,,,,,,,
acc,1778672638.0,57.0,0.6526273196949038,0.2361396395933721,-9.790019902845868,,,,,,,,,,
acc,1778672638.0,57.0,0.6453124344559593,0.23548466015619246,-9.79047266127825,,,,,,,,,,
acc,1778672638.0,57.0,0.6380640205865528,0.23483563260735918,-9.790921305432404,,,,,,,,,,
acc,1778672638.0,57.0,0.6308814740521951,0.23419250286124316,-9.791365872695344,,,,,,,,,,
acc,1778672638.0,57.0,0.6234092345339062,0.2335552173236989,-9.791770905754426,,,,,,,,,,
acc,1778672638.0,57.0,0.6160048962851619,0.23327869374817156,-9.79217225822232,,,,,,,,,,
acc,1778672638.0,57.0,0.6083483748642551,0.2326497121198833,-9.792605457904983,,,,,,,,,,
acc,1778672638.0,57.0,0.6010808967214398,0.2317069787207522,-9.79303472104247,,,,,,,,,,
acc,1778672638.0,57.0,0.5935599917398319,0.2307728120698478,-9.793424589046797,,,,,,,,,,
acc,1778672638.0,57.0,0.5861074302575355,0.23016660173346873,-9.793846408626793,,,,,,,,,,
acc,1778672638.0,57.0,0.5787225912277607,0.2295659001139008,-9.793873929853685,,,,,,,,,,
acc,1778672638.0,57.0,0.5714048592472548,0.22932562801324896,-9.794291666211887,,,,,,,,,,
acc,1778672638.0,57.0,0.564473091918539,0.22873256843769163,-9.794670112182358,,,,,,,,,,
acc,1778672638.0,57.0,0.5576043145141498,0.22782543066265123,-9.795080613522092,,,,,,,,,,
acc,1778672638.0,57.0,0.5504784872224506,0.22724600358701894,-9.795487384579621,,,,,,,,,,
acc,1778672638.0,57.0,0.5434174133046866,0.2266718418450189,-9.795499994032042,,,,,,,,,,
acc,1778672638.0,57.0,0.5360655334774581,0.22610289758983926,-9.795547983260548,,,,,,,,,,
acc,1778672638.0,57.0,0.5294548994687788,0.22589409427003204,-9.795595536404326,,,,,,,,,,
acc,1778672638.0,57.0,0.5232592989751574,0.22533221751417407,-9.795607163066222,,,,,,,,,,
acc,1778672638.0,57.0,0.5167650369830151,0.2247754466097756,-9.795654178434956,,,,,,,,,,
acc,1778672638.0,57.0,0.5100103218304352,0.2242237351592613,-9.795665272208645,,,,,,,,,,
acc,1778672638.0,57.0,0.503636455118194,0.22367703718667695,-9.7957117595316,,,,,,,,,,
acc,1778672638.0,57.0,0.4976754703839815,0.22313530713385812,-9.795402862644412,,,,,,,,,,
acc,1778672638.0,57.0,0.4917686539389677,0.2225984998566338,-9.79509677274578,,,,,,,,,,
acc,1778672638.0,57.0,0.4859155135484488,0.22174710320754465,-9.794757960881155,,,,,,,,,,
acc,1778672638.0,57.0,0.4801155614507256,0.22090344331705614,-9.794422227846603,,,,,,,,,,
acc,1778672638.0,57.0,0.47436831431645665,0.22038691729369692,-9.794444516524946,,,,,,,,,,
acc,1778672638.0,57.0,0.469028264068954,0.2198750850134455,-9.79414713524948,,,,,,,,,,
acc,1778672638.0,57.0,0.4640917013668926,0.21904843641009233,-9.793852456318618,,,,,,,,,,
acc,1778672638.0,57.0,0.45919999788994514,0.21822929967644,-9.79356045517578,,,,,,,,,,
acc,1778672638.0,57.0,0.45435274599615516,0.21741760655109404,-9.793271107487543,,,,,,,,,,
acc,1778672638.0,57.0,0.4491945799744293,0.21693275680648022,-9.793303856555115,,,,,,,,,,
acc,1778672638.0,57.0,0.44479321955171014,0.21645231295826695,-9.79301684061388,,,,,,,,,,
acc,1778672638.0,57.0,0.4404318548972869,0.21565676755594732,-9.793087394599466,,,,,,,,,,
acc,1778672638.0,57.0,0.43611012256410514,0.21486845138425734,-9.792766842230778,,,,,,,,,,
acc,1778672638.0,57.0,0.43214712982132325,0.21408729875018273,-9.79244920276561,,,,,,,,,,
acc,1778672638.0,57.0,0.4279006819258403,0.21331324455767064,-9.792134449734005,,,,,,,,,,
acc,1778672638.0,57.0,0.42369282208718445,0.21254622430220502,-9.792213022127035,,,,,,,,,,
acc,1778672638.0,57.0,0.41984266706388873,0.21178617406543124,-9.791900415301418,,,,,,,,,,
acc,1778672638.0,57.0,0.416027498929515,0.21103303050982958,-9.791981114397567,,,,,,,,,,
acc,1778672638.0,57.0,0.4122469997533854,0.21028673087343708,-9.792061080169915,,,,,,,,,,
acc,1778672638.0,57.0,0.40850085449390194,0.20954721296461737,-9.792140319282279,,,,,,,,,,
acc,1778672638.0,57.0,0.404788750972293,0.20881441515687804,-9.792218838337915,,,,,,,,,,
acc,1778672638.0,57.0,0.40111037984659836,0.20840774379725466,-9.792261149520163,,,,,,,,,,
acc,1778672638.0,57.0,0.39714596717237144,0.20800476791628103,-9.792303076214871,,,,,,,,,,
acc,1778672638.0,57.0,0.39353704707559506,0.20728598651911423,-9.792380116275847,,,,,,,,,,
acc,1778672638.0,57.0,0.38964145431922215,0.2065737367874907,-9.79245645626318,,,,,,,,,,
acc,1778672638.0,57.0,0.38578126135070917,0.20618742678078564,-9.792887073399106,,,,,,,,,,
acc,1778672638.0,57.0,0.38195614648730875,0.20548515981279278,-9.792958806597243,,,,,,,,,,
acc,1778672638.0,57.0,0.3781657909694489,0.20510874185497052,-9.792994393586014,,,,,,,,,,
acc,1778672638.0,57.0,0.3744098789341699,0.20441627704544998,-9.793065151550833,,,,,,,,,,
acc,1778672638.0,57.0,0.37033312652822875,0.2040495721725361,-9.793135266528282,,,,,,,,,,
acc,1778672638.0,57.0,0.36629342013283167,0.20368619959730327,-9.793204744361274,,,,,,,,,,
acc,1778672638.0,57.0,0.36229042310577897,0.20332612903870353,-9.793593067340288,,,,,,,,,,
acc,1778672638.0,57.0,0.3583238018639851,0.20296933049085703,-9.793658385074254,,,,,,,,,,
acc,1778672638.0,57.0,0.3543932258556799,0.20261577422055144,-9.794042585757635,,,,,,,,,,
acc,1778672638.0,57.0,0.3504983675328627,0.20226543076476422,-9.794423295156497,,,,,,,,,,
acc,1778672638.0,57.0,0.346283940550571,0.2019182709282074,-9.794445574136047,,,,,,,,,,
acc,1778672638.0,57.0,0.3421078106466585,0.2015742657808946,-9.794858115883931,,,,,,,,,,
acc,1778672638.0,57.0,0.33796962981029993,0.2012333866557302,-9.79487644358765,,,,,,,,,,
acc,1778672638.0,57.0,0.3338690531930922,0.20089560514612045,-9.795285069965491,,,,,,,,,,
acc,1778672638.0,57.0,0.32945076821974395,0.2005608931036062,-9.795689983099162,,,,,,,,,,
acc,1778672638.0,57.0,0.325072632810414,0.20022922263551726,-9.795700751510935,,,,,,,,,,
acc,1778672638.0,57.0,0.32073428212048494,0.19990056610264795,-9.796101887289156,,,,,,,,,,
acc,1778672638.0,57.0,0.3164353546207326,0.19957489611695384,-9.79610891267083,,,,,,,,,,
acc,1778672638.0,57.0,0.31217549206719863,0.1992521855392695,-9.796506339432382,,,,,,,,,,
acc,1778672638.0,57.0,0.30795433947133694,0.19893240747704674,-9.79650968950173,,,,,,,,,,
acc,1778672638.0,57.0,0.3037715450704312,0.19861553528211376,-9.796513009128537,,,,,,,,,,
acc,1778672638.0,57.0,0.2996267602982813,0.19830154254845428,-9.796516298589438,,,,,,,,,,
acc,1778672638.0,57.0,0.29551963975615625,0.19799040311000718,-9.796519558158554,,,,,,,,,,
acc,1778672638.0,57.0,0.2914498411840109,0.1976820910384859,-9.796522788107517,,,,,,,,,,
acc,1778672638.0,57.0,0.28741702543196423,0.19773155150179111,-9.796525988705488,,,,,,,,,,
acc,1778672638.0,57.0,0.28377582729261014,0.19778056251105477,-9.796529160219185,,,,,,,,,,
acc,1778672638.0,57.0,0.27981274636162384,0.19747415728995443,-9.796532302912901,,,,,,,,,,
acc,1778672638.0,57.0,0.2762406493534076,0.19717053641529492,-9.796535417048526,,,,,,,,,,
acc,1778672638.0,57.0,0.27270101248263745,0.1968696745853367,-9.796538502885571,,,,,,,,,,
acc,1778672638.0,57.0,0.2691935407795742,0.19657154672826058,-9.796222093267671,,,,,,,,,,
acc,1778672638.0,57.0,0.2657179419549093,0.1962761280000785,-9.796228026321064,,,,,,,,,,
acc,1778672638.0,57.0,0.26227392637540725,0.19598339378256308,-9.796233905459982,,,,,,,,,,
acc,1778672638.0,57.0,0.25886120703976984,0.1956933196811962,-9.796630196394844,,,,,,,,,,
acc,1778672639.0,58.0,0.25547949955471905,0.19508641410961655,-9.796667915318833,,,,,,,,,,
acc,1778672639.0,58.0,0.2524834838847334,0.19448502357254605,-9.79635032971233,,,,,,,,,,
acc,1778672639.0,58.0,0.2491597316483026,0.19420856536762612,-9.796035630049971,,,,,,,,,,
acc,1778672639.0,58.0,0.24622114457961136,0.19393461937648684,-9.796078751880216,,,,,,,,,,
acc,1778672639.0,58.0,0.24330926085630175,0.1936631627702956,-9.796121481856453,,,,,,,,,,
acc,1778672639.0,58.0,0.24042383782139684,0.19307470551414901,-9.796128329179595,,,,,,,,,,
acc,1778672639.0,58.0,0.2379196058835503,0.1924915956501286,-9.796170608640084,,,,,,,,,,
acc,1778672639.0,58.0,0.23543813024619403,0.19223325199926525,-9.796177009541378,,,,,,,,,,
acc,1778672639.0,58.0,0.23297920411969164,0.1916577885392156,-9.796218846636716,,,,,,,,,,
acc,1778672639.0,58.0,0.2301876517329593,0.1910875543948776,-9.79622480919269,,,,,,,,,,
acc,1778672639.0,58.0,0.2274214665672047,0.19052250204673915,-9.796230717566097,,,,,,,,,,
acc,1778672639.0,58.0,0.2250353889675706,0.1899625844071046,-9.796272066609218,,,,,,,,,,
acc,1778672639.0,58.0,0.2226709939836838,0.18940775481617061,-9.796313039907888,,,,,,,,,,
acc,1778672639.0,58.0,0.220328084582629,0.18885796703813798,-9.796353640876552,,,,,,,,,,
acc,1778672639.0,58.0,0.21800646552195607,0.18863264267087806,-9.796358378538706,,,,,,,,,,
acc,1778672639.0,58.0,0.21535097247283672,0.18808989844365454,-9.796363073149072,,,,,,,,,,
acc,1778672639.0,58.0,0.21307458111533,0.18755208620796798,-9.796403219458783,,,,,,,,,,
acc,1778672639.0,58.0,0.21046390477900967,0.18701916114613207,-9.796407506593534,,,,,,,,,,
acc,1778672639.0,58.0,0.20823192287866082,0.186491078847725,-9.796766725631073,,,,,,,,,,
acc,1778672639.0,58.0,0.20602022330521855,0.18596779530588858,-9.796803203895092,,,,,,,,,,
acc,1778672639.0,58.0,0.20347365088981179,0.18544926691366098,-9.796803856316185,,,,,,,,,,
acc,1778672639.0,58.0,0.20095021952864583,0.1852549178738624,-9.797159473669211,,,,,,,,,,
acc,1778672639.0,58.0,0.1988046897963472,0.1850623349105533,-9.797547353838292,,,,,,,,,,
acc,1778672639.0,58.0,0.196323685927625,0.18455203456163388,-9.79754124406637,,,,,,,,,,
acc,1778672639.0,58.0,0.19386522728273012,0.18404637138226126,-9.797535189814786,,,,,,,,,,
acc,1778672639.0,58.0,0.1914291089901088,0.1838647706473567,-9.797884161439594,,,,,,,,,,
acc,1778672639.0,58.0,0.18901512803990328,0.1833653527298199,-9.797874991050616,,,,,,,,,,
acc,1778672639.0,58.0,0.18662308326703445,0.18287047309167725,-9.797865903994225,,,,,,,,,,
acc,1778672639.0,58.0,0.18425277533443787,0.1823800904929589,-9.797856899513167,,,,,,,,,,
acc,1778672639.0,58.0,0.1819040067164525,0.1822136314819678,-9.798557909491077,,,,,,,,,,
acc,1778672639.0,58.0,0.1792216199089246,0.18204868510693356,-9.79854261666077,,,,,,,,,,
acc,1778672639.0,58.0,0.17656360831972245,0.1818852376223249,-9.798527462798518,,,,,,,,,,
acc,1778672639.0,58.0,0.17392975044788028,0.1817232754075181,-9.798902911861987,,,,,,,,,,
acc,1778672639.0,58.0,0.1713198268052421,0.18191775582623518,-9.799274949168112,,,,,,,,,,
acc,1778672639.0,58.0,0.16873361989817104,0.1817554981140312,-9.799253140499511,,,,,,,,,,
acc,1778672639.0,58.0,0.1661709142094248,0.18159471486000336,-9.799231530009285,,,,,,,,,,
acc,1778672639.0,58.0,0.16363149618019604,0.1814353926655472,-9.79921011589656,,,,,,,,,,
acc,1778672639.0,58.0,0.16111515419231562,0.18163248911438643,-9.799188896376828,,,,,,,,,,
acc,1778672639.0,58.0,0.1586216785506179,0.18182779452065184,-9.799558334902281,,,,,,,,,,
acc,1778672639.0,58.0,0.15615086146546606,0.18166635429922073,-9.799924416288977,,,,,,,,,,
acc,1778672639.0,58.0,0.15370249703543634,0.18150638110731457,-9.799896705823208,,,,,,,,,,
acc,1778672639.0,58.0,0.15127638123015957,0.181347861613834,-9.799869247166258,,,,,,,,,,
acc,1778672639.0,58.0,0.14887231187331865,0.18119078260882127,-9.799842038029905,,,,,,,,,,
acc,1778672639.0,58.0,0.1464900886258005,0.18103513100235927,-9.800205541367209,,,,,,,,,,
acc,1778672639.0,58.0,0.14412951296900117,0.1808808938234808,-9.800175276279138,,,,,,,,,,
acc,1778672639.0,58.0,0.1417903881882826,0.1807280582190876,-9.79982581880057,,,,,,,,,,
acc,1778672639.0,58.0,0.13982748113001525,0.18057661145287934,-9.799444033443184,,,,,,,,,,
acc,1778672639.0,58.0,0.1375274495050732,0.18042654090429214,-9.79942068828249,,,,,,,,,,
acc,1778672639.0,58.0,0.13524831858425657,0.18027783406744696,-9.799397555262487,,,,,,,,,,
acc,1778672639.0,58.0,0.13298989843998862,0.18013047855010741,-9.799374632455423,,,,,,,,,,
acc,1778672639.0,58.0,0.1307520008705907,0.17998446207264704,-9.799351917951062,,,,,,,,,,
acc,1778672639.0,58.0,0.12853443938459863,0.17983977246702607,-9.799329409856531,,,,,,,,,,
acc,1778672639.0,58.0,0.1266919909586575,0.17969639767577733,-9.799342600656072,,,,,,,,,,
acc,1778672639.0,58.0,0.1245113233418607,0.17955432575100158,-9.799320177229083,,,,,,,,,,
acc,1778672639.0,58.0,0.12235047175200907,0.17941354485337174,-9.799297957566864,,,,,,,,,,
acc,1778672639.0,58.0,0.12020925611813676,0.17927404325114635,-9.799275939817775,,,,,,,,,,
acc,1778672639.0,58.0,0.11808749800560764,0.17949078017976514,-9.799254122147005,,,,,,,,,,
acc,1778672639.0,58.0,0.11598502060124564,0.1793505767294923,-9.799622967956903,,,,,,,,,,
acc,1778672639.0,58.0,0.11425661047203596,0.1792116473272803,-9.799633491153557,,,,,,,,,,
acc,1778672639.0,58.0,0.11254390664369895,0.17875451298215933,-9.799998889585048,,,,,,,,,,
acc,1778672639.0,58.0,0.11084676639091559,0.1783015326797869,-9.799970502370181,,,,,,,,,,
acc,1778672639.0,58.0,0.10916504828533147,0.17785266867180446,-9.800332838334334,,,,,,,,,,
acc,1778672639.0,58.0,0.10749861218377112,0.177407883552878,-9.800691881701683,,,,,,,,,,
acc,1778672639.0,58.0,0.10584731921655942,0.17696714025758095,-9.800657197172017,,,,,,,,,,
acc,1778672639.0,58.0,0.1042110317759491,0.1761754402838698,-9.800622827825448,,,,,,,,,,
acc,1778672639.0,58.0,0.10258961350465345,0.17574589637028454,-9.800588770797864,,,,,,,,,,
acc,1778672639.0,58.0,0.10098292928448319,0.17563972319491633,-9.800590517611097,,,,,,,,,,
acc,1778672639.0,58.0,0.09939084522508662,0.17553451482981436,-9.800911725051455,,,,,,,,,,
acc,1778672639.0,58.0,0.0981681995133654,0.17543026250761487,-9.801265507995483,,,,,,,,,,
acc,1778672639.0,58.0,0.09660169329103038,0.17532695754062436,-9.801261105204604,,,,,,,,,,
acc,1778672639.0,58.0,0.09504942212646961,0.17522459132009555,-9.801576218923149,,,,,,,,,,
acc,1778672639.0,58.0,0.0935112566637527,0.1751231553155101,-9.80156899265928,,,,,,,,,,
acc,1778672639.0,58.0,0.09198706872242446,0.17470317366034807,-9.801206870288032,,,,,,,,,,
acc,1778672639.0,58.0,0.09047673128682307,0.17460647584984393,-9.801203000346076,,,,,,,,,,
acc,1778672639.0,58.0,0.08898011849549559,0.1745106567456606,-9.801199165570816,,,,,,,,,,
acc,1778672639.0,58.0,0.0874971056307094,0.17441570836287276,-9.801195365642686,,,,,,,,,,
acc,1778672639.0,58.0,0.08567260733462355,0.17432162278911514,-9.80083663847159,,,,,,,,,,
acc,1778672639.0,58.0,0.08386468850581559,0.1742283921839233,-9.80080063851722,,,,,,,,,,
acc,1778672639.0,58.0,0.08207319848438312,0.1741360087780801,-9.800764965699393,,,,,,,,,,
acc,1778672639.0,58.0,0.08029798797949102,0.17404446487296843,-9.800729617045375,,,,,,,,,,
acc,1778672639.0,58.0,0.07889387083036607,0.17363428542640996,-9.800694589609444,,,,,,,,,,
acc,1778672639.0,58.0,0.07714755131370812,0.1735473007504899,-9.800659880472647,,,,,,,,,,
acc,1778672639.0,58.0,0.07577206261642852,0.17314163910277952,-9.801015951963045,,,,,,,,,,
acc,1778672639.0,58.0,0.07440907317436696,0.1727396637583277,-9.800978322562285,,,,,,,,,,
acc,1778672639.0,58.0,0.07305846940506992,0.17234134121918906,-9.800621567691552,,,,,,,,,,
acc,1778672639.0,58.0,0.07136517698478777,0.17226610570533823,-9.800587522114979,,,,,,,,,,
acc,1778672639.0,58.0,0.06968727174592101,0.17187208645344332,-9.800589280275165,,,,,,,,,,
acc,1778672639.0,58.0,0.06802461386303309,0.1718011151222724,-9.800945993319282,,,,,,,,,,
acc,1778672639.0,58.0,0.06637706478130041,0.17173078871736164,-9.80090899964235,,,,,,,,,,
acc,1778672639.0,58.0,0.06474448720496619,0.17166110137817733,-9.800872342132058,,,,,,,,,,
acc,1778672639.0,58.0,0.06312674508589904,0.1712725798839217,-9.800481046873035,,,,,,,,,,
acc,1778672639.0,58.0,0.06152370361225571,0.1708875889379897,-9.800483772588407,,,,,,,,,,
acc,1778672639.0,58.0,0.06029019097068228,0.17082556387132206,-9.800486473534828,,,,,,,,,,
acc,1778672639.0,58.0,0.059067887428356405,0.1704446350214575,-9.800453655577462,,,,,,,,,,
acc,1778672639.0,58.0,0.05750172935321402,0.17006716772451141,-9.80045663020131,,,,,,,,,,
acc,1778672639.0,58.0,0.055949803172184405,0.17036756879896847,-9.800814548654914,,,,,,,,,,
acc,1778672639.0,58.0,0.0544119795580858,0.17031026922691886,-9.800778749433752,,,,,,,,,,
acc,1778672639.0,58.0,0.05288813035895037,0.1702534903439715,-9.800743275525042,,,,,,,,,,
acc,1778672639.0,58.0,0.05137812858734485,0.1701972274185528,-9.800708123972624,,,,,,,,,,
acc,1778672639.0,58.0,0.04988184840978828,0.17014147576208566,-9.800673291847206,,,,,,,,,,
acc,1778672639.0,58.0,0.048399165136265854,0.1700862307285987,-9.800638776246107,,,,,,,,,,
acc,1778672639.0,58.0,0.04728491698327366,0.1700314877143391,-9.800959545153601,,,,,,,,,,
acc,1778672639.0,58.0,0.04618079415669674,0.1696577747438695,-9.801312893549776,,,,,,,,,,
acc,1778672639.0,58.0,0.04508670464629955,0.16928745775462856,-9.801272565799923,,,,,,,,,,
acc,1778672639.0,58.0,0.04400255727795621,0.1692399733003867,-9.801268098873804,,,,,,,,,,
acc,1778672639.0,58.0,0.04257329993261716,0.1691929203439199,-9.801618643399829,,,,,,,,,,
acc,1778672639.0,58.0,0.04115703044560583,0.1691462949641484,-9.801575537258982,,,,,,,,,,
acc,1778672639.0,58.0,0.039753630794464964,0.16910009327562392,-9.801532822829573,,,,,,,,,,
acc,1778672639.0,58.0,0.03871794580265918,0.1687348440146862,-9.801490496552068,,,,,,,,,,
acc,1778672639.0,58.0,0.03733671044956807,0.16869238123760255,-9.801129087485755,,,,,,,,,,
acc,1778672639.0,58.0,0.036322988345783305,0.16833083691210252,-9.80109043000692,,,,,,,,,,
acc,1778672639.0,58.0,0.03531847807436069,0.1679725779896785,-9.801052123813918,,,,,,,,,,
acc,1778672639.0,58.0,0.03432309592611094,0.1676175746154203,-9.801014165714566,,,,,,,,,,
acc,1778672639.0,58.0,0.032981797179086156,0.16726579720571336,-9.801331523406265,,,,,,,,,,
acc,1778672639.0,58.0,0.0320076487719285,0.1672366838592931,-9.800936055503767,,,,,,,,,,
acc,1778672639.0,58.0,0.030687390812066298,0.1668883676563416,-9.800934646493051,,,,,,,,,,
acc,1778672639.0,58.0,0.029734091991540645,0.1665432166506948,-9.801288221146782,,,,,,,,,,
acc,1778672639.0,58.0,0.02843449415524541,0.16620120207976888,-9.80128361195837,,,,,,,,,,
acc,1778672639.0,58.0,0.02750166771689866,0.16618176285586914,-9.801279044654287,,,,,,,,,,
acc,1778672639.0,58.0,0.026577318000861647,0.1658430328653545,-9.801629489714498,,,,,,,,,,
acc,1778672639.0,58.0,0.025661367977991373,0.165507380960912,-9.801586285011696,,,,,,,,,,
acc,1778672639.0,58.0,0.024753741319119265,0.16517477917154957,-9.801543472915979,,,,,,,,,,
acc,1778672639.0,58.0,0.023854362388690417,0.16516466719397097,-9.801536544219587,,,,,,,,,,
acc,1778672639.0,58.0,0.022963156238460625,0.16515464710532518,-9.801139213264724,,,,,,,,,,
acc,1778672639.0,58.0,0.022080048601250707,0.16514471807060485,-9.801135958131455,,,,,,,,,,
acc,1778672639.0,58.0,0.020850004111322016,0.1651348792623904,-9.801097238218116,,,,,,,,,,
acc,1778672640.0,59.0,0.01963113720506927,0.16512512986078115,-9.801058870157961,,,,,,,,,,
acc,1778672640.0,59.0,0.018778308083685823,0.16511546905332697,-9.801056345113569,,,,,,,,,,
acc,1778672640.0,59.0,0.017933228737976013,0.16510589603496056,-9.800663377794113,,,,,,,,,,
acc,1778672640.0,59.0,0.017095828744661035,0.1650964100079304,-9.800664446643296,,,,,,,,,,
acc,1778672640.0,59.0,0.016266038320408113,0.1647675427682147,-9.800630011419784,,,,,,,,,,
acc,1778672640.0,59.0,0.015443788316015224,0.1647611314039159,-9.800950859974463,,,,,,,,,,
acc,1778672640.0,59.0,0.01462901021064867,0.16475477830056742,-9.80126879293414,,,,,,,,,,
acc,1778672640.0,59.0,0.013466674332697461,0.164748482928744,-9.801228865932655,,,,,,,,,,
acc,1778672640.0,59.0,0.012669862534376186,0.16474224476383129,-9.801224796113248,,,,,,,,,,
acc,1778672640.0,59.0,0.0115253297011639,0.16473606328598223,-9.801185268916933,,,,,,,,,,
acc,1778672640.0,59.0,0.010391197395426712,0.16472993798007368,-9.801146100909696,,,,,,,,,,
acc,1778672640.0,59.0,0.009622332879574685,0.16472386833566346,-9.80114278318745,,,,,,,,,,
acc,1778672640.0,59.0,0.00886045514146262,0.1647178538469479,-9.80145897211446,,,,,,,,,,
acc,1778672640.0,59.0,0.008105500691279013,0.16471189401271957,-9.801772287789147,,,,,,,,,,
acc,1778672640.0,59.0,0.007357406616153012,0.16470598833632563,-9.801763279820491,,,,,,,,,,
acc,1778672640.0,59.0,0.00661611057491169,0.16438066891210684,-9.801718859348572,,,,,,,,,,
acc,1778672640.0,59.0,0.005526589019449402,0.16405830571029742,-9.801710336891514,,,,,,,,,,
acc,1778672640.0,59.0,0.004446968096405402,0.1640583392808167,-9.80166639751928,,,,,,,,,,
acc,1778672640.0,59.0,0.0033771578373694355,0.16405837254627606,-9.801622857430175,,,,,,,,,,
acc,1778672640.0,59.0,0.0023170690914865832,0.1640584055094476,-9.801579712995855,,,,,,,,,,
acc,1778672640.0,59.0,0.0012666135180280213,0.16405843817307827,-9.80153696062095,,,,,,,,,,
acc,1778672640.0,59.0,0.00022570357902929506,0.16405847053989003,-9.801494596742764,,,,,,,,,,
acc,1778672640.0,59.0,-0.000805747468004512,0.16373903519906058,-9.801488112190889,,,,,,,,,,
acc,1778672640.0,59.0,-0.0014728638038917778,0.1634225026111644,-9.801446192205114,,,,,,,,,,
acc,1778672640.0,59.0,-0.0021339179617627015,0.1631088463984858,-9.801404653152023,,,,,,,,,,
acc,1778672640.0,59.0,-0.003143926802899314,0.16279804042300708,-9.801398985929945,,,,,,,,,,
acc,1778672640.0,59.0,-0.0037897957811672926,0.1628095261977498,-9.801393370206693,,,,,,,,,,
acc,1778672640.0,59.0,-0.004784757432519243,0.16282090759967566,-9.801352311154377,,,,,,,,,,
acc,1778672640.0,59.0,-0.005770677730323904,0.16283218557723483,-9.801311625211323,,,,,,,,,,
acc,1778672640.0,59.0,-0.006392677061170551,0.1628433610702588,-9.801306803346952,,,,,,,,,,
acc,1778672640.0,59.0,-0.007363985971874503,0.16253496759651906,-9.801302025299528,,,,,,,,,,
acc,1778672640.0,59.0,-0.007971506691307237,0.1622293765367457,-9.801652261531451,,,,,,,,,,
acc,1778672640.0,59.0,-0.008928468559733121,0.16192656242501707,-9.801644344257928,,,,,,,,,,
acc,1778672640.0,59.0,-0.009521772610436775,0.16162650002682385,-9.801601004569845,,,,,,,,,,
acc,1778672640.0,59.0,-0.010109685225524632,0.16132916433696623,-9.801558058715475,,,,,,,,,,
acc,1778672640.0,59.0,-0.011047217171150158,0.16103453057747,-9.801550997475914,,,,,,,,,,
acc,1778672640.0,59.0,-0.011621267861437738,0.16106204160904142,-9.801863476903467,,,,,,,,,,
acc,1778672640.0,59.0,-0.012190102074047105,0.16108930264408028,-9.80185364028677,,,,,,,,,,
acc,1778672640.0,59.0,-0.012753767211829308,0.16079684854081994,-9.80180839869685,,,,,,,,,,
acc,1778672640.0,59.0,-0.013667272020314706,0.16082651942179085,-9.801763568223487,,,,,,,,,,
acc,1778672640.0,59.0,-0.014572475684801797,0.16053645326586072,-9.801754639490726,,,,,,,,,,
acc,1778672640.0,59.0,-0.015114491865493745,0.16024902298103608,-9.802100762755162,,,,,,,,,,
acc,1778672640.0,59.0,-0.01565158267050782,0.16028367202831273,-9.802088769889254,,,,,,,,,,
acc,1778672640.0,59.0,-0.016183792857411103,0.16031800621492506,-9.802076886004171,,,,,,,,,,
acc,1778672640.0,59.0,-0.0167111667770525,0.1603520284020553,-9.802384586610245,,,,,,,,,,
acc,1778672640.0,59.0,-0.017233748377258655,0.16038574142488574,-9.802370014597878,,,,,,,,,,
acc,1778672640.0,59.0,-0.017751581206496246,0.1604191480928349,-9.801965109782907,,,,,,,,,,
acc,1778672640.0,59.0,-0.018264708417501045,0.16080722205036505,-9.801563884393751,,,,,,,,,,
acc,1778672640.0,59.0,-0.019128134544309512,0.16083679866582615,-9.801201808442014,,,,,,,,,,
acc,1778672640.0,59.0,-0.01998371459899667,0.1608661065145094,-9.801552955358323,,,,,,,,,,
acc,1778672640.0,59.0,-0.020476558106464874,0.160575680625216,-9.801900911354245,,,,,,,,,,
acc,1778672640.0,59.0,-0.020964923077108615,0.1606073612894942,-9.801890734565541,,,,,,,,,,
acc,1778672640.0,59.0,-0.02144885020800878,0.16063875406721323,-9.801880650254716,,,,,,,,,,
acc,1778672640.0,59.0,-0.02192837982642628,0.16066986157443786,-9.801870657581413,,,,,,,,,,
acc,1778672640.0,59.0,-0.02275851366659819,0.16070068640346033,-9.801825261352992,,,,,,,,,,
acc,1778672640.0,59.0,-0.023226142192806776,0.16073123112301643,-9.801815772006266,,,,,,,,,,
acc,1778672640.0,59.0,-0.024044483087633635,0.16076149827849945,-9.801770874530625,,,,,,,,,,
acc,1778672640.0,59.0,-0.024855387606051133,0.16079149039217236,-9.802116850265017,,,,,,,,,,
acc,1778672640.0,59.0,-0.0256589233234358,0.16082120996337795,-9.802069216849777,,,,,,,,,,
acc,1778672640.0,59.0,-0.02645515720109742,0.16085065946874716,-9.80170254887242,,,,,,,,,,
acc,1778672640.0,59.0,-0.02688919381842359,0.1608798413624054,-9.801694174630905,,,,,,,,,,
acc,1778672640.0,59.0,-0.02767424805867017,0.1609087580761772,-9.80165038212736,,,,,,,,,,
acc,1778672640.0,59.0,-0.028097206629486098,0.16061794460626913,-9.801997452792815,,,,,,,,,,
acc,1778672640.0,59.0,-0.028871283490956693,0.16064924121193114,-9.802341369579336,,,,,,,,,,
acc,1778672640.0,59.0,-0.029283364435949324,0.16068025342102746,-9.802327190286082,,,,,,,,,,
acc,1778672640.0,59.0,-0.030046662518080493,0.16071098381790888,-9.801958178068583,,,,,,,,,,
acc,1778672640.0,59.0,-0.030803024405421504,0.16109640582401505,-9.801911986529442,,,,,,,,,,
acc,1778672640.0,59.0,-0.03155251312812963,0.16112335458669996,-9.801866214739178,,,,,,,,,,
acc,1778672640.0,59.0,-0.03229519114359843,0.1611500584622671,-9.801820858883476,,,,,,,,,,
acc,1778672640.0,59.0,-0.032676158568227,0.1611765196760394,-9.801811409542598,,,,,,,,,,
acc,1778672640.0,59.0,-0.03305366408940291,0.16088327301959854,-9.801766551709266,,,,,,,,,,
acc,1778672640.0,59.0,-0.03342773916591961,0.1605926911359093,-9.80211256672573,,,,,,,,,,
acc,1778672640.0,59.0,-0.03379841497070014,0.16062421722333425,-9.801710001375028,,,,,,,,,,
acc,1778672640.0,59.0,-0.03416572239339489,0.16065545682886115,-9.801701559411596,,,,,,,,,,
acc,1778672640.0,59.0,-0.03452969204295576,0.16068641255579044,-9.801693194161448,,,,,,,,,,
acc,1778672640.0,59.0,-0.03489035425018687,0.16071708698376605,-9.80168490492748,,,,,,,,,,
acc,1778672640.0,59.0,-0.03560270084370771,0.1607474826689903,-9.801641196659007,,,,,,,,,,
acc,1778672640.0,59.0,-0.035953612472196646,0.16045813473091744,-9.801278418160068,,,,,,,,,,
acc,1778672640.0,59.0,-0.03665629709182714,0.1601714161374055,-9.800883432832256,,,,,,,,,,
acc,1778672640.0,59.0,-0.03699763454611308,0.15988730299523832,-9.800847007651086,,,,,,,,,,
acc,1778672640.0,59.0,-0.03733587021994453,0.15960577162832076,-9.800810913470555,,,,,,,,,,
acc,1778672640.0,59.0,-0.03767103229962764,0.15897183680227003,-9.800775147282812,,,,,,,,,,
acc,1778672640.0,59.0,-0.03800314871533572,0.1586986244027217,-9.801130171327832,,,,,,,,,,
acc,1778672640.0,59.0,-0.03833224714343675,0.15842789472187357,-9.800772036586455,,,,,,,,,,
acc,1778672640.0,59.0,-0.03865835500879973,0.15815962519891894,-9.800736623678313,,,,,,,,,,
acc,1778672640.0,59.0,-0.039336461260515654,0.15821326089158375,-9.800701532572143,,,,,,,,,,
acc,1778672640.0,59.0,-0.04000840546733662,0.15826640918932286,-9.800666760343688,,,,,,,,,,
acc,1778672640.0,59.0,-0.04031928185117765,0.15799960710764155,-9.800312836681742,,,,,,,,,,
acc,1778672640.0,59.0,-0.04062733325850628,0.15773522949321922,-9.800281596586373,,,,,,,,,,
acc,1778672640.0,59.0,-0.04093258536027312,0.15747325431458797,-9.800250640374053,,,,,,,,,,
acc,1778672640.0,59.0,-0.04123506359415331,0.15721365974048296,-9.800610430685586,,,,,,,,,,
acc,1778672640.0,59.0,-0.04188975494010189,0.15695642413802297,-9.800931457173093,,,,,,,,,,
acc,1778672640.0,59.0,-0.04218353524219328,0.15702099348442736,-9.801249566448698,,,,,,,,,,
acc,1778672640.0,59.0,-0.04282960769565706,0.1570849760802888,-9.801209814160934,,,,,,,,,,
acc,1778672640.0,59.0,-0.0431148474263266,0.15714837725749023,-9.801525393968257,,,,,,,,,,
acc,1778672640.0,59.0,-0.0437524569177172,0.15721120229946314,-9.801483135197836,,,,,,,,,,
acc,1778672640.0,59.0,-0.04438427236385095,0.15727345644162766,-9.801441260438683,,,,,,,,,,
acc,1778672640.0,59.0,-0.04501034641601502,0.15733514487182898,-9.801399766201232,,,,,,,,,,
acc,1778672640.0,59.0,-0.04563073124704709,0.15739627273076962,-9.801358649027632,,,,,,,,,,
acc,1778672640.0,59.0,-0.04624547855568308,0.15745684511243782,-9.801317905491452,,,,,,,,,,
acc,1778672640.0,59.0,-0.04649967779742984,0.15719739965101254,-9.801277532197394,,,,,,,,,,
acc,1778672640.0,59.0,-0.04710652886909526,0.15694031180622484,-9.801592496641593,,,,,,,,,,
acc,1778672640.0,59.0,-0.047352903628064234,0.15668556015408766,-9.80123016068642,,,,,,,,,,
acc,1778672640.0,59.0,-0.04759703954566887,0.15675259087881618,-9.801226079101406,,,,,,,,,,
acc,1778672640.0,59.0,-0.048193918740004525,0.15681901248611793,-9.801186540246402,,,,,,,,,,
acc,1778672640.0,59.0,-0.04878537401090185,0.15688483051112687,-9.801147360686418,,,,,,,,,,
acc,1778672640.0,59.0,-0.04937145464630008,0.1569500504386784,-9.800789069742972,,,,,,,,,,
acc,1778672640.0,59.0,-0.04995220948625217,0.15701467770376648,-9.80114396727268,,,,,,,,,,
acc,1778672640.0,59.0,-0.050172725153559236,0.1574336885525698,-9.801140668939086,,,,,,,,,,
acc,1778672640.0,59.0,-0.0503912369646291,0.1574939209315126,-9.800746935357415,,,,,,,,,,
acc,1778672640.0,59.0,-0.05060776312877935,0.157553605970533,-9.800747244907512,,,,,,,,,,
acc,1778672640.0,59.0,-0.050822321689856995,0.1576127486433843,-9.801067028145344,,,,,,,,,,
acc,1778672640.0,59.0,-0.051034930527742134,0.15767135387862252,-9.801064428968196,,,,,,,,,,
acc,1778672640.0,59.0,-0.051245607359837915,0.15772942656001732,-9.801381329910788,,,,,,,,,,
acc,1778672640.0,59.0,-0.05145436974254702,0.15814194238753201,-9.801375874630214,,,,,,,,,,
acc,1778672640.0,59.0,-0.052016196846170204,0.1581957387663391,-9.80101550714909,,,,,,,,,,
acc,1778672640.0,59.0,-0.05257291854953058,0.15824904629004338,-9.800977881790415,,,,,,,,,,
acc,1778672640.0,59.0,-0.053124581246103406,0.1583018694009385,-9.800940598338556,,,,,,,,,,
acc,1778672640.0,59.0,-0.053316269134344535,0.15835421250095036,-9.800939148046474,,,,,,,,,,
acc,1778672640.0,59.0,-0.053506215128346864,0.15808661253848444,-9.801292681793969,,,,,,,,,,
acc,1778672640.0,59.0,-0.05369443505694322,0.1581409117072496,-9.801607508571697,,,,,,,,,,
acc,1778672640.0,59.0,-0.053880944605127656,0.1578752500384708,-9.801954968835057,,,,,,,,,,
acc,1778672640.0,59.0,-0.05406575931536252,0.1576120024738619,-9.801908806458663,,,,,,,,,,
acc,1778672640.0,59.0,-0.0546038563623092,0.15767061448964534,-9.80186306356614,,,,,,,,,,
acc,1778672640.0,59.0,-0.05513706364728608,0.15772869388996957,-9.801817736345582,,,,,,,,,,
acc,1778672640.0,59.0,-0.055665425604233564,0.15778624551478465,-9.80177282101972,,,,,,,,,,
acc,1778672640.0,59.0,-0.05583402448987919,0.15752380674653976,-9.802118779066097,,,,,,,,,,
acc,1778672641.0,60.0,-0.05600109129423231,0.15758322020904328,-9.80210662248349,,,,,,,,,,
acc,1778672641.0,60.0,-0.056166639939526614,0.15732262635971136,-9.802059082009508,,,,,,,,,,
acc,1778672641.0,60.0,-0.056330684221482547,0.1570644005625761,-9.80201197354236,,,,,,,,,,
acc,1778672641.0,60.0,-0.05649323781045693,0.15712798871234054,-9.802000787516256,,,,,,,,,,
acc,1778672641.0,60.0,-0.05665431425258219,0.15719099902783104,-9.801989703139112,,,,,,,,,,
acc,1778672641.0,60.0,-0.0571688887443307,0.1572534367599072,-9.802333690347803,,,,,,,,,,
acc,1778672641.0,60.0,-0.05732382545337237,0.15731530711171332,-9.802319580836784,,,,,,,,,,
acc,1778672641.0,60.0,-0.05783231600463736,0.15773158609968535,-9.802270105180918,,,,,,,,,,
acc,1778672641.0,60.0,-0.05833618583223607,0.15778911144259244,-9.802221079117151,,,,,,,,,,
acc,1778672641.0,60.0,-0.058835476925320804,0.1578461140447864,-9.801853031146457,,,,,,,,,,
acc,1778672641.0,60.0,-0.05933023089148264,0.15790259865648412,-9.801807795091879,,,,,,,,,,
acc,1778672641.0,60.0,-0.05946552718678323,0.15795856998473654,-9.801798464463474,,,,,,,,,,
acc,1778672641.0,60.0,-0.059599594026016056,0.15769456528030149,-9.802144189484347,,,,,,,,,,
acc,1778672641.0,60.0,-0.05973244258141771,0.15775242703649264,-9.80213180199377,,,,,,,,,,
acc,1778672641.0,60.0,-0.060219045697136694,0.15780976299493685,-9.80208403271011,,,,,,,,,,
acc,1778672641.0,60.0,-0.060346265209894896,0.15786657793363063,-9.802072191872426,,,,,,,,,,
acc,1778672641.0,60.0,-0.06082729043485613,0.1576034091736327,-9.802060458634065,,,,,,,,,,
acc,1778672641.0,60.0,-0.061303944517353604,0.15766209927791874,-9.80201333765734,,,,,,,,,,
acc,1778672641.0,60.0,-0.061776267178560856,0.15772025605714463,-9.80196664487542,,,,,,,,,,
acc,1778672641.0,60.0,-0.06188933600526411,0.15745841694418908,-9.80231084161773,,,,,,,,,,
acc,1778672641.0,60.0,-0.061646406499394554,0.1571989571993122,-9.802296939736268,,,,,,,,,,
acc,1778672641.0,60.0,-0.0617606553879732,0.15694185520086862,-9.8022476698232,,,,,,,,,,
acc,1778672641.0,60.0,-0.06187386608116751,0.15668708952369176,-9.802198847632619,,,,,,,,,,
acc,1778672641.0,60.0,-0.06198604801320192,0.15643463893730855,-9.802150469096006,,,,,,,,,,
acc,1778672641.0,60.0,-0.062097210532570765,0.1561844824041701,-9.802102530181818,,,,,,,,,,
acc,1778672641.0,60.0,-0.06220736290281732,0.1562560664914182,-9.80209052125506,,,,,,,,,,
acc,1778672641.0,60.0,-0.06231651430330578,0.15632700008420727,-9.802078621455074,,,,,,,,,,
acc,1778672641.0,60.0,-0.06277963560342172,0.1560778216801505,-9.80206682979021,,,,,,,,,,
acc,1778672641.0,60.0,-0.0632385484565046,0.15583090759456705,-9.802055145277828,,,,,,,,,,
acc,1778672641.0,60.0,-0.06333832933185667,0.1559057046648027,-9.802363043444876,,,,,,,,,,
acc,1778672641.0,60.0,-0.06343720348465305,0.1559798220437604,-9.80234866719822,,,,,,,,,,
acc,1778672641.0,60.0,-0.06353517915440648,0.15605326590788843,-9.802653898091156,,,,,,,,,,
acc,1778672641.0,60.0,-0.06363226450575613,0.15580657496398923,-9.802991849668848,,,,,,,,,,
acc,1778672641.0,60.0,-0.06372846762914791,0.15556212573467038,-9.802936265013523,,,,,,,,,,
acc,1778672641.0,60.0,-0.06417875831494434,0.15563936526268227,-9.802881185463615,,,,,,,,,,
acc,1778672641.0,60.0,-0.064624957147267,0.15571590290446605,-9.802826606429164,,,,,,,,,,
acc,1778672641.0,60.0,-0.0647121395359164,0.15579174503815854,-9.802808017721832,,,,,,,,,,
acc,1778672641.0,60.0,-0.06479852968619379,0.15586689798393755,-9.802789597932643,,,,,,,,,,
acc,1778672641.0,60.0,-0.06488413479727836,0.15594136800454855,-9.802771345526613,,,,,,,,,,
acc,1778672641.0,60.0,-0.06532392377636492,0.1560151613058266,-9.802717764622797,,,,,,,,,,
acc,1778672641.0,60.0,-0.0654047545589973,0.15608828403721345,-9.802700164975947,,,,,,,,,,
acc,1778672641.0,60.0,-0.06548485082117626,0.15584127487875055,-9.802647230899597,,,,,,,,,,
acc,1778672641.0,60.0,-0.06556421923759032,0.15591597774004706,-9.802630272202403,,,,,,,,,,
acc,1778672641.0,60.0,-0.06564286642227417,0.15567053435263573,-9.802577973251312,,,,,,,,,,
acc,1778672641.0,60.0,-0.06607576070259542,0.15574678875660664,-9.80252614954799,,,,,,,,,,
acc,1778672641.0,60.0,-0.06650472121297522,0.15582235022630728,-9.802474796773797,,,,,,,,,,
acc,1778672641.0,60.0,-0.06692978370012277,0.15589722505852677,-9.802423910649336,,,,,,,,,,
acc,1778672641.0,60.0,-0.067350983585912,0.15597141949283447,-9.802373486934096,,,,,,,,,,
acc,1778672641.0,60.0,-0.06776835597033339,0.1560449397120999,-9.8023235214261,,,,,,,,,,
acc,1778672641.0,60.0,-0.06818193563441896,0.156117791843008,-9.802274009961556,,,,,,,,,,
acc,1778672641.0,60.0,-0.0682367952697052,0.1561899819565697,-9.802260442774426,,,,,,,,,,
acc,1778672641.0,60.0,-0.06829115638793058,0.15626151606862776,-9.802246998874192,,,,,,,,,,
acc,1778672641.0,60.0,-0.0683450235191883,0.15633240014035824,-9.802233677140531,,,,,,,,,,
acc,1778672641.0,60.0,-0.06839840115240593,0.15640264007876706,-9.8022204764633,,,,,,,,,,
acc,1778672641.0,60.0,-0.06880625550915515,0.1568272125977557,-9.801852433969003,,,,,,,,,,
acc,1778672641.0,60.0,-0.06885544186376125,0.1568929561072209,-9.801842697700973,,,,,,,,,,
acc,1778672641.0,60.0,-0.06925914302862488,0.1569581021963617,-9.801797555547836,,,,,,,,,,
acc,1778672641.0,60.0,-0.06965917570540756,0.15702265629401885,-9.80175282360766,,,,,,,,,,
acc,1778672641.0,60.0,-0.07005557323016569,0.156767156366181,-9.801743992512703,,,,,,,,,,
acc,1778672641.0,60.0,-0.07009340686259079,0.15651397820137364,-9.801699747307206,,,,,,,,,,
acc,1778672641.0,60.0,-0.07013089669558778,0.1562631007014164,-9.801655904163983,,,,,,,,,,
acc,1778672641.0,60.0,-0.0701680458533094,0.15601450295985098,-9.80161245942944,,,,,,,,,,
acc,1778672641.0,60.0,-0.07020485743151879,0.1560876316737184,-9.801924380343758,,,,,,,,,,
acc,1778672641.0,60.0,-0.07024133449784747,0.1558406284433724,-9.801878495929197,,,,,,,,,,
acc,1778672641.0,60.0,-0.07063244186548652,0.15591533717891623,-9.80183302847263,,,,,,,,,,
acc,1778672641.0,60.0,-0.07101999518661437,0.15598936702589164,-9.801787974185103,,,,,,,,,,
acc,1778672641.0,60.0,-0.07140402675734109,0.15606272415345254,-9.801423861898572,,,,,,,,,,
acc,1778672641.0,60.0,-0.07142960680686206,0.15613541467469289,-9.801418020123968,,,,,,,,,,
acc,1778672641.0,60.0,-0.07180991618038579,0.15620744464715614,-9.801057269660939,,,,,,,,,,
acc,1778672641.0,60.0,-0.07183180785682236,0.15595935265982044,-9.801019264800567,,,,,,,,,,
acc,1778672641.0,60.0,-0.07185350060058032,0.15571351511853973,-9.800981605295595,,,,,,,,,,
acc,1778672641.0,60.0,-0.07187499621938834,0.15578937895037176,-9.800979782367648,,,,,,,,,,
acc,1778672641.0,60.0,-0.07189629650454797,0.1562195242576896,-9.800977976004898,,,,,,,,,,
acc,1778672641.0,60.0,-0.07191740323108298,0.15664576077536221,-9.800976186056815,,,,,,,,,,
acc,1778672641.0,60.0,-0.07193831815788725,0.15706812402309947,-9.800974412374236,,,,,,,,,,
acc,1778672641.0,60.0,-0.07195904302787133,0.15713167833726538,-9.800582189588866,,,,,,,,,,
acc,1778672641.0,60.0,-0.07233454134154328,0.1575496259851993,-9.800229034433016,,,,,,,,,,
acc,1778672641.0,60.0,-0.0723516656768915,0.15760880482472542,-9.800234050220137,,,,,,,,,,
acc,1778672641.0,60.0,-0.07236863440104611,0.15766744589798692,-9.80023902042811,,,,,,,,,,
acc,1778672641.0,60.0,-0.07238544892806749,0.15772555409173994,-9.800243945471118,,,,,,,,,,
acc,1778672641.0,60.0,-0.0724021106591662,0.1574636668348144,-9.800213331399666,,,,,,,,,,
acc,1778672641.0,60.0,-0.07277358275625538,0.15720415938345841,-9.800537966383072,,,,,,,,,,
acc,1778672641.0,60.0,-0.07278671746180537,0.1572664775255706,-9.800540174863018,,,,,,,,,,
acc,1778672641.0,60.0,-0.07315469458391273,0.15732822937414326,-9.800897334134776,,,,,,,,,,
acc,1778672641.0,60.0,-0.07351932784723542,0.15706995266164422,-9.800896276990471,,,,,,,,,,
acc,1778672641.0,60.0,-0.0738806476378787,0.15713349035871985,-9.800859735092667,,,,,,,,,,
acc,1778672641.0,60.0,-0.07423868406582514,0.15719645067999202,-9.80082352525612,,,,,,,,,,
acc,1778672641.0,60.0,-0.07459346696744373,0.1572588388721542,-9.800787644463346,,,,,,,,,,
acc,1778672641.0,60.0,-0.07494502590797628,0.15700119272070287,-9.800787584084192,,,,,,,,,,
acc,1778672641.0,60.0,-0.07493842841056561,0.1567458878353116,-9.801142495114286,,,,,,,,,,
acc,1778672641.0,60.0,-0.07528685263895804,0.15649290294057328,-9.801458686659057,,,,,,,,,,
acc,1778672641.0,60.0,-0.07527714891496817,0.15624221695441332,-9.801807499287632,,,,,,,,,,
acc,1778672641.0,60.0,-0.07562249514349009,0.15631327639985243,-9.802153142207814,,,,,,,,,,
acc,1778672641.0,60.0,-0.07596470316327397,0.15638369011832487,-9.802105179002691,,,,,,,,,,
acc,1778672641.0,60.0,-0.07630380149165479,0.15613399656412097,-9.802093146005733,,,,,,,,,,
acc,1778672641.0,60.0,-0.07663981838682657,0.15588657200963074,-9.802081222354277,,,,,,,,,,
acc,1778672641.0,60.0,-0.07697278185019726,0.1556413958361413,-9.80238888355534,,,,,,,,,,
acc,1778672641.0,60.0,-0.0769477578552866,0.15504348583886934,-9.802338778136127,,,,,,,,,,
acc,1778672641.0,60.0,-0.07692296125686386,0.1548059709055195,-9.802289128031758,,,,,,,,,,
acc,1778672641.0,60.0,-0.0765434191279726,0.15457061430307847,-9.802275423464641,,,,,,,,,,
acc,1778672641.0,60.0,-0.07616732595067535,0.15433739641849603,-9.80258131993347,,,,,,,,,,
acc,1778672641.0,60.0,-0.075794650383874,0.15410629781694846,-9.802564960178303,,,,,,,,,,
acc,1778672641.0,60.0,-0.07578033223184455,0.15387729924021895,-9.802513254726568,,,,,,,,,,
acc,1778672641.0,60.0,-0.07576614419083443,0.1536503816050928,-9.802462019129393,,,,,,,,,,
acc,1778672641.0,60.0,-0.07575208507850686,0.1537449934152866,-9.802056278256574,,,,,,,,,,
acc,1778672641.0,60.0,-0.07573815372326918,0.15383874547493168,-9.801654224406942,,,,,,,,,,
acc,1778672641.0,60.0,-0.07572434896417511,0.15393164559669967,-9.80125582407601,,,,,,,,,,
acc,1778672641.0,60.0,-0.07571066965082805,0.15402370152226738,-9.800861044063751,,,,,,,,,,
acc,1778672641.0,60.0,-0.07569711464328523,0.15379545350944243,-9.800824822332405,,,,,,,,,,
acc,1778672641.0,60.0,-0.07532871195138942,0.15356927961774325,-9.801143900613493,,,,,,,,,,
acc,1778672641.0,60.0,-0.07531862784606282,0.15334516099934556,-9.801105108525725,,,,,,,,,,
acc,1778672641.0,60.0,-0.07530863537639006,0.1531230789776978,-9.800747201533481,,,,,,,,,,
acc,1778672641.0,60.0,-0.07565369548310087,0.1532224824594844,-9.800712014304885,,,,,,,,,,
acc,1778672641.0,60.0,-0.07599561998110194,0.1533209826481426,-9.80067714682748,,,,,,,,,,
acc,1778672641.0,60.0,-0.07633443736410143,0.15341858775202147,-9.800323128782125,,,,,,,,,,
acc,1778672641.0,60.0,-0.07667017586688127,0.15387027676545295,-9.80068226038151,,,,,,,,,,
acc,1778672641.0,60.0,-0.07700286346765,0.15396289035804164,-9.800647663282106,,,,,,,,,,
acc,1778672641.0,60.0,-0.07733252789037438,0.15405466235816015,-9.800613380571308,,,,,,,,,,
acc,1778672641.0,60.0,-0.07765919660708963,0.1541456004134752,-9.800969874612713,,,,,,,,,,
acc,1778672641.0,60.0,-0.07798289684018879,0.154235712102158,-9.80132312914367,,,,,,,,,,
acc,1778672641.0,60.0,-0.07830365556469131,0.154325004933516,-9.801673173602055,,,,,,,,,,
acc,1778672641.0,60.0,-0.07862149951049088,0.15441348634861846,-9.80202003715824,,,,,,,,,,
acc,1778672641.0,60.0,-0.07929142602515625,0.15450116372091663,-9.802718710490957,,,,,,,,,,
acc,1778672641.0,60.0,-0.08031022659875926,0.15458804435685822,-9.80302057874953,,,,,,,,,,
acc,1778672641.0,60.0,-0.08096480741780997,0.15502910635706946,-9.802964733029093,,,,,,,,,,
acc,1778672641.0,60.0,-0.08161343997081215,0.15511118950557054,-9.802909394786408,,,,,,,,,,
acc,1778672641.0,60.0,-0.08190120744990531,0.15519252675319709,-9.803245024630444,,,,,,,,,,
acc,1778672641.0,60.0,-0.08218635994628597,0.15527312487805306,-9.803577604559866,,,,,,,,,,
acc,1778672641.0,60.0,-0.08246892122266214,0.15503352318312935,-9.803871667929753,,,,,,,,,,
acc,1778672642.0,61.0,-0.08274891482580687,0.15511556619532377,-9.804198553465216,,,,,,,,,,
acc,1778672642.0,61.0,-0.08267140231508488,0.15487739625784827,-9.804522468546802,,,,,,,,,,
acc,1778672642.0,61.0,-0.08294955594465801,0.15496085801691378,-9.804452974946944,,,,,,,,,,
acc,1778672642.0,61.0,-0.08322518195389321,0.15472409393396117,-9.804419607204913,,,,,,,,,,
acc,1778672642.0,61.0,-0.08349830331162456,0.1544894813588364,-9.803996077459662,,,,,,,,,,
acc,1778672642.0,61.0,-0.0837689427779652,0.15457646815401105,-9.803931367248104,,,,,,,,,,
acc,1778672642.0,61.0,-0.08403712290620402,0.15466266448819854,-9.803867245067151,,,,,,,,,,
acc,1778672642.0,61.0,-0.08394790427124948,0.1547480775444267,-9.803839199933202,,,,,,,,,,
acc,1778672642.0,61.0,-0.08385949637831755,0.15483271444045024,-9.80381140964925,,,,,,,,,,
acc,1778672642.0,61.0,-0.08377189186008381,0.15491658222934382,-9.803783871899432,,,,,,,,,,
acc,1778672642.0,61.0,-0.08333011255559848,0.15499968790008983,-9.803721090029024,,,,,,,,,,
acc,1778672642.0,61.0,-0.08289234776049278,0.15508203837816087,-9.8033394112526,,,,,,,,,,
acc,1778672642.0,61.0,-0.08245856099436713,0.15516364052609674,-9.802961200843779,,,,,,,,,,
acc,1778672642.0,61.0,-0.0823836869688976,0.15524450114407645,-9.802941389058464,,,,,,,,,,
acc,1778672642.0,61.0,-0.0823094933340088,0.1556795978310581,-9.80292175730557,,,,,,,,,,
acc,1778672642.0,61.0,-0.08188100304632459,0.1557557698739524,-9.802866809589204,,,,,,,,,,
acc,1778672642.0,61.0,-0.08145640650889424,0.15583124973100287,-9.802492893776783,,,,,,,,,,
acc,1778672642.0,61.0,-0.08103566833867296,0.1559060436921976,-9.802441843202363,,,,,,,,,,
acc,1778672642.0,61.0,-0.08061875347414657,0.15598015799036669,-9.802391256531543,,,,,,,,,,
acc,1778672642.0,61.0,-0.0802056271724097,0.1557341313881821,-9.80269610040934,,,,,,,,,,
acc,1778672642.0,61.0,-0.07979625500627052,0.15580980787713272,-9.802643203268266,,,,,,,,,,
acc,1778672642.0,61.0,-0.07939060286138187,0.15588479668340643,-9.802590786810798,,,,,,,,,,
acc,1778672642.0,61.0,-0.0793436077939716,0.15631407491664367,-9.802574341028814,,,,,,,,,,
acc,1778672642.0,61.0,-0.07929703977721081,0.15638448137888405,-9.802558044691915,,,,,,,,,,
acc,1778672642.0,61.0,-0.079605856703867,0.1561347806343865,-9.802151431221585,,,,,,,,,,
acc,1778672642.0,61.0,-0.0795569055951463,0.15620681636846132,-9.802813416198438,,,,,,,,,,
acc,1778672642.0,61.0,-0.07950839931189187,0.15595873009038064,-9.802759452992632,,,,,,,,,,
acc,1778672642.0,61.0,-0.07946033381191342,0.15571289820647416,-9.803096445378397,,,,,,,,,,
acc,1778672642.0,61.0,-0.07941270508975264,0.15546930023075156,-9.804140308101953,,,,,,,,,,
acc,1778672642.0,61.0,-0.07936550917634934,0.15522791586338153,-9.804074287246687,,,,,,,,,,
acc,1778672642.0,61.0,-0.07931874213871073,0.15530819240251964,-9.805073760739468,,,,,,,,,,
acc,1778672642.0,61.0,-0.07962736185301923,0.15506827204417176,-9.805354228332106,,,,,,,,,,
acc,1778672642.0,61.0,-0.07993317709748214,0.15514999928868042,-9.805667641637022,,,,,,,,,,
acc,1778672642.0,61.0,-0.08059118421727643,0.15491151645294363,-9.80594271255216,,,,,,,,,,
acc,1778672642.0,61.0,-0.0812432119357555,0.15432023897014235,-9.80621528386001,,,,,,,,,,
acc,1778672642.0,61.0,-0.08188931458856254,0.15373433450725527,-9.806485378274846,,,,,,,,,,
acc,1778672642.0,61.0,-0.08217457515701204,0.15315375423891045,-9.806043076583393,,,,,,,,,,
acc,1778672642.0,61.0,-0.0824572435233913,0.15257844978341886,-9.80599525936881,,,,,,,,,,
acc,1778672642.0,61.0,-0.08309231410397076,0.15200837319874258,-9.8062673531765,,,,,,,,,,
acc,1778672642.0,61.0,-0.0833666428501523,0.15144347697849952,-9.806536974430287,,,,,,,,,,
acc,1778672642.0,61.0,-0.08399344959381128,0.15088371404800466,-9.806484669097953,,,,,,,,,,
acc,1778672642.0,61.0,-0.08425958959769647,0.15068399953378267,-9.806432839071377,,,,,,,,,,
acc,1778672642.0,61.0,-0.08487828201128807,0.15048609985285516,-9.805991014810902,,,,,,,,,,
acc,1778672642.0,61.0,-0.08513638142114067,0.1506094659271016,-9.8059081763289,,,,,,,,,,
acc,1778672642.0,61.0,-0.08574710630668497,0.15073171095684196,-9.805826090611593,,,,,,,,,,
acc,1778672642.0,61.0,-0.08599731059051491,0.15085284512916206,-9.805425283404983,,,,,,,,,,
acc,1778672642.0,61.0,-0.08624524123356071,0.15097287853857624,-9.805347585802176,,,,,,,,,,
acc,1778672642.0,61.0,-0.08649091889670932,0.15109182118786865,-9.805270594248187,,,,,,,,,,
acc,1778672642.0,61.0,-0.08637940227966377,0.15120968298892673,-9.804839331466479,,,,,,,,,,
acc,1778672642.0,61.0,-0.08626889902947486,0.1513264737635672,-9.804802452849549,,,,,,,,,,
acc,1778672642.0,61.0,-0.08651436171097396,0.1517971741049279,-9.804730414993774,,,,,,,,,,
acc,1778672642.0,61.0,-0.08640263206584675,0.152263597127464,-9.80430406089534,,,,,,,,,,
acc,1778672642.0,61.0,-0.08664687949682724,0.15272578169976075,-9.804236551995889,,,,,,,,,,
acc,1778672642.0,61.0,-0.08688890741776581,0.15318376633719913,-9.803850189145583,,,,,,,,,,
acc,1778672642.0,61.0,-0.08712873599765585,0.1536375892051656,-9.803786804641227,,,,,,,,,,
acc,1778672642.0,61.0,-0.08701142344877681,0.15408728812223252,-9.803369025260018,,,,,,,,,,
acc,1778672642.0,61.0,-0.08689517693518518,0.15417792970273636,-9.80334550751807,,,,,,,,,,
acc,1778672642.0,61.0,-0.08677998676967148,0.15426774761071543,-9.803322203485083,,,,,,,,,,
acc,1778672642.0,61.0,-0.08666584335305526,0.15471172019156865,-9.80329911121905,,,,,,,,,,
acc,1778672642.0,61.0,-0.08690769894682067,0.15479668747186456,-9.803240734435704,,,,,,,,,,
acc,1778672642.0,61.0,-0.08679239499206277,0.15488088264278313,-9.8035378589908,,,,,,,,,,
acc,1778672642.0,61.0,-0.08703310059365642,0.1549643127205886,-9.803477312673573,,,,,,,,,,
acc,1778672642.0,61.0,-0.086916657096864,0.15504698465778746,-9.803452810908984,,,,,,,,,,
acc,1778672642.0,61.0,-0.08680127173816297,0.1551289053437078,-9.803428531795305,,,,,,,,,,
acc,1778672642.0,61.0,-0.0866869349021068,0.15521008160507344,-9.803723949809932,,,,,,,,,,
acc,1778672642.0,61.0,-0.0865736370606258,0.15529052020657283,-9.80369720681972,,,,,,,,,,
acc,1778672642.0,61.0,-0.08646136877223319,0.15505076043790325,-9.804025677707315,,,,,,,,,,
acc,1778672642.0,61.0,-0.08635012068123826,0.15481317939927017,-9.804706125508156,,,,,,,,,,
acc,1778672642.0,61.0,-0.08623988351696678,0.15489722470577322,-9.80498993385277,,,,,,,,,,
acc,1778672642.0,61.0,-0.08613064809298837,0.15498050628100174,-9.805271163191872,,,,,,,,,,
acc,1778672642.0,61.0,-0.08602240530635104,0.15506303106508704,-9.80554983696124,,,,,,,,,,
acc,1778672642.0,61.0,-0.08627010791025812,0.15514480593509442,-9.805861472743606,,,,,,,,,,
acc,1778672642.0,61.0,-0.08651555960649104,0.1552258377055964,-9.8061702766487,,,,,,,,,,
acc,1778672642.0,61.0,-0.08675878084935786,0.1553061331292405,-9.806476274410182,,,,,,,,,,
acc,1778672642.0,61.0,-0.08699979190729544,0.1550662314837925,-9.80642452066729,,,,,,,,,,
acc,1778672642.0,61.0,-0.08688365109112309,0.15482850985763483,-9.806337742857872,,,,,,,,,,
acc,1778672642.0,61.0,-0.08676856566254167,0.15459294844063196,-9.806251753610358,,,,,,,,,,
acc,1778672642.0,61.0,-0.08629955517052554,0.1543595276026658,-9.806202040118894,,,,,,,,,,
acc,1778672642.0,61.0,-0.08618977750201354,0.15412822789199987,-9.806117284020857,,,,,,,,,,
acc,1778672642.0,61.0,-0.08608099739829338,0.15389903003365826,-9.806033298113155,,,,,,,,,,
acc,1778672642.0,61.0,-0.08632816756779195,0.153991382341339,-9.805950075396963,,,,,,,,,,
acc,1778672642.0,61.0,-0.08621812989448563,0.1540828954308815,-9.80590310329697,,,,,,,,,,
acc,1778672642.0,61.0,-0.08646405392210606,0.15417357692837658,-9.805821063679002,,,,,,,,,,
acc,1778672642.0,61.0,-0.08635278143078445,0.15426343439061568,-9.805384798705767,,,,,,,,,,
acc,1778672642.0,61.0,-0.08659748186135095,0.1543524753057207,-9.805307468992998,,,,,,,,,,
acc,1778672642.0,61.0,-0.08648499689197035,0.1541212396802483,-9.80523084198598,,,,,,,,,,
acc,1778672642.0,61.0,-0.08637353408899742,0.15389210532474926,-9.805154911299125,,,,,,,,,,
acc,1778672642.0,61.0,-0.08626308416386524,0.15366505314469395,-9.80507967060488,,,,,,,,,,
acc,1778672642.0,61.0,-0.08615363791241339,0.15344006421906736,-9.805005113633184,,,,,,,,,,
acc,1778672642.0,61.0,-0.0860451862141209,0.15321711979879238,-9.804931234170958,,,,,,,,,,
acc,1778672642.0,61.0,-0.08593772003134625,0.15299620130516728,-9.804858026061579,,,,,,,,,,
acc,1778672642.0,61.0,-0.08583123040857422,0.15277729032831763,-9.804466015790853,,,,,,,,,,
acc,1778672642.0,61.0,-0.08608067024510511,0.152560368625662,-9.804042064324388,,,,,,,,,,
acc,1778672642.0,61.0,-0.08597288161405423,0.1519904563469563,-9.803976936223858,,,,,,,,,,
acc,1778672642.0,61.0,-0.08586607247313784,0.15142572293961284,-9.803592932537827,,,,,,,,,,
acc,1778672642.0,61.0,-0.08576023392159421,0.1505111504819411,-9.80356738011961,,,,,,,,,,
acc,1778672642.0,61.0,-0.08565535713954404,0.14960488887014287,-9.803861536400392,,,,,,,,,,
acc,1778672642.0,61.0,-0.08555143338725552,0.14870686258241714,-9.803833543141884,,,,,,,,,,
acc,1778672642.0,61.0,-0.08544845400441592,0.14781699678323992,-9.803415339041482,,,,,,,,,,
acc,1778672642.0,61.0,-0.08534641040941002,0.14729018817770126,-9.803355906079908,,,,,,,,,,
acc,1778672642.0,61.0,-0.08560025587204045,0.14676816675451074,-9.803332507553757,,,,,,,,,,
acc,1778672642.0,61.0,-0.08585179460599356,0.14660585078531863,-9.802918856432745,,,,,,,,,,
acc,1778672642.0,61.0,-0.08610104757283049,0.14644500980369196,-9.802899429436925,,,,,,,,,,
acc,1778672642.0,61.0,-0.08634803554363182,0.1462856304062156,-9.802880178976892,,,,,,,,,,
acc,1778672642.0,61.0,-0.08659277910072846,0.1464471667247926,-9.802825609088524,,,,,,,,,,
acc,1778672642.0,61.0,-0.08683529863941683,0.14660723514059668,-9.803162000304736,,,,,,,,,,
acc,1778672642.0,61.0,-0.08707561436965848,0.14676584899266248,-9.80310486946715,,,,,,,,,,
acc,1778672642.0,61.0,-0.08731374631776427,0.14727799235938427,-9.803438723005844,,,,,,,,,,
acc,1778672642.0,61.0,-0.0875497143280632,0.14778548180880266,-9.803769542771454,,,,,,,,,,
acc,1778672642.0,61.0,-0.0881385089251294,0.1482883596317051,-9.803706891111805,,,,,,,,,,
acc,1778672642.0,61.0,-0.08836698220403276,0.14878666773457688,-9.803644808776415,,,,,,,,,,
acc,1778672642.0,61.0,-0.08859337931478646,0.1492804476430932,-9.803583290591757,,,,,,,,,,
acc,1778672642.0,61.0,-0.08917268998438965,0.14976974050557978,-9.803522331431315,,,,,,,,,,
acc,1778672642.0,61.0,-0.08939176551758496,0.15025458709644182,-9.80346192621516,,,,,,,,,,
acc,1778672642.0,61.0,-0.08960885028124006,0.15038005695898865,-9.803792535130011,,,,,,,,,,
acc,1778672642.0,61.0,-0.0894690005923164,0.15050438665961538,-9.804439607169643,,,,,,,,,,
acc,1778672642.0,61.0,-0.08933042173677543,0.15062758655913042,-9.804725837403103,,,,,,,,,,
acc,1778672642.0,61.0,-0.08919310216637918,0.15074966692419203,-9.805009466623014,,,,,,,,,,
acc,1778672642.0,61.0,-0.08905703043783014,0.15122560878873728,-9.804971041964485,,,,,,,,,,
acc,1778672642.0,61.0,-0.08927715698525313,0.15134225484344166,-9.804897472116204,,,,,,,,,,
acc,1778672642.0,61.0,-0.08949528321242488,0.151457840919383,-9.804824570807266,,,,,,,,,,
acc,1778672642.0,61.0,-0.08971142729653099,0.15157237664873427,-9.805142797183052,,,,,,,,,,
acc,1778672642.0,61.0,-0.08992560724957849,0.1516858715761396,-9.805067666571448,,,,,,,,,,
acc,1778672642.0,61.0,-0.08978287914646124,0.15179833515950963,-9.805028713041974,,,,,,,,,,
acc,1778672642.0,61.0,-0.08964144803327287,0.1519097767708096,-9.804990113488586,,,,,,,,,,
acc,1778672642.0,61.0,-0.08950130212408727,0.1520202056968405,-9.804951864694656,,,,,,,,,,
acc,1778672642.0,61.0,-0.08936242974007867,0.15212963114001277,-9.804913963472783,,,,,,,,,,
acc,1778672642.0,61.0,-0.08886984844797516,0.15223806221911337,-9.804840912304618,,,,,,,,,,
acc,1778672642.0,61.0,-0.08873671417048223,0.15270047883063884,-9.804804019322393,,,,,,,,,,
acc,1778672642.0,61.0,-0.08860478970250352,0.15315869339873353,-9.80476746159178,,,,,,,,,,
acc,1778672643.0,62.0,-0.08882902582376888,0.15361274410794476,-9.804695741706382,,,,,,,,,,
acc,1778672643.0,62.0,-0.08869626250708401,0.1537076979352584,-9.804660167909377,,,,,,,,,,
acc,1778672643.0,62.0,-0.0885647056289414,0.15380178890406665,-9.804624917376364,,,,,,,,,,
acc,1778672643.0,62.0,-0.08807937336569463,0.15389502485528359,-9.804944958030372,,,,,,,,,,
acc,1778672643.0,62.0,-0.08759845138356165,0.1539874135585718,-9.804871625210394,,,,,,,,,,
acc,1778672643.0,62.0,-0.0874768704662839,0.15407896271298988,-9.804834453135765,,,,,,,,,,
acc,1778672643.0,62.0,-0.08735639437154501,0.15385021253411452,-9.804762124488981,,,,,,,,,,
acc,1778672643.0,62.0,-0.08723701305967041,0.15394300845313652,-9.804725947462488,,,,,,,,,,
acc,1778672643.0,62.0,-0.08747367835565299,0.15371549370934343,-9.804690099181617,,,,,,,,,,
acc,1778672643.0,62.0,-0.08770819304149854,0.15349004642335945,-9.80465457665901,,,,,,,,,,
acc,1778672643.0,62.0,-0.08794057666009755,0.15326664780791074,-9.804619376934458,,,,,,,,,,
acc,1778672643.0,62.0,-0.08781588680331602,0.15304527924644604,-9.804549002714735,,,,,,,,,,
acc,1778672643.0,62.0,-0.08804729179387032,0.15247096051814965,-9.804834238855811,,,,,,,,,,
acc,1778672643.0,62.0,-0.08827659397540744,0.15225682247666533,-9.804797406516135,,,,,,,,,,
acc,1778672643.0,62.0,-0.08814885068300696,0.1516896685636185,-9.804725414517087,,,,,,,,,,
acc,1778672643.0,62.0,-0.08837722998493228,0.15148263022972086,-9.804689571079164,,,,,,,,,,
acc,1778672643.0,62.0,-0.08860353397268966,0.1512774732816757,-9.804654053355497,,,,,,,,,,
acc,1778672643.0,62.0,-0.08882778150494477,0.15107418062307068,-9.804618858386277,,,,,,,,,,
acc,1778672643.0,62.0,-0.08904999126899198,0.15087273531285092,-9.804583983238588,,,,,,,,,,
acc,1778672643.0,62.0,-0.0892701817823116,0.15031815879047167,-9.80454942500617,,,,,,,,,,
acc,1778672643.0,62.0,-0.08948837139411307,0.15012358355476052,-9.804515180809169,,,,,,,,,,
acc,1778672643.0,62.0,-0.08934961651342851,0.14993077645101227,-9.804445753433987,,,,,,,,,,
acc,1778672643.0,62.0,-0.08956708429088894,0.14938475963853273,-9.804412451314839,,,,,,,,,,
acc,1778672643.0,62.0,-0.08978257590870695,0.1491986663294586,-9.804698928317292,,,,,,,,,,
acc,1778672643.0,62.0,-0.08999610932451735,0.14901426407591192,-9.80498280206377,,,,,,,,,,
acc,1778672643.0,62.0,-0.08985274055933591,0.14883153751103823,-9.805299590570337,,,,,,,,,,
acc,1778672643.0,62.0,-0.0900656363793033,0.14829550963418825,-9.805258529515546,,,,,,,,,,
acc,1778672643.0,62.0,-0.09027659758563564,0.14811931448991,-9.805217841588215,,,,,,,,,,
acc,1778672643.0,62.0,-0.09048564175843343,0.14794472045517257,-9.805177523397681,,,,,,,,,,
acc,1778672643.0,62.0,-0.09069278631804444,0.14777171298047306,-9.805137571584098,,,,,,,,,,
acc,1778672643.0,62.0,-0.09089804852651527,0.14791974506204147,-9.80506248845823,,,,,,,,,,
acc,1778672643.0,62.0,-0.09074648371559445,0.14774696454217887,-9.804988087623068,,,,,,,,,,
acc,1778672643.0,62.0,-0.0909512579684188,0.14757575410269477,-9.804949857238457,,,,,,,,,,
acc,1778672643.0,62.0,-0.09079920963597164,0.14740609947605257,-9.805266945119188,,,,,,,,,,
acc,1778672643.0,62.0,-0.09064854298766081,0.14755745393788622,-9.805226180718106,,,,,,,,,,
acc,1778672643.0,62.0,-0.0904992454679323,0.14770743302088138,-9.805185786748751,,,,,,,,,,
acc,1778672643.0,62.0,-0.09070626640876164,0.14785604922329493,-9.805500730705532,,,,,,,,,,
acc,1778672643.0,62.0,-0.09091140612179172,0.14800331492981042,-9.805422347502716,,,,,,,,,,
acc,1778672643.0,62.0,-0.09111468170199861,0.14814924241257008,-9.805344676578859,,,,,,,,,,
acc,1778672643.0,62.0,-0.09131611008901401,0.14829384383219743,-9.805267711461383,,,,,,,,,,
acc,1778672643.0,62.0,-0.09151570806853682,0.1484371312388108,-9.80519144573653,,,,,,,,,,
acc,1778672643.0,62.0,-0.09135853050029646,0.14893408743360068,-9.805151367408735,,,,,,,,,,
acc,1778672643.0,62.0,-0.09120278122626448,0.14907155685843676,-9.805431129778883,,,,,,,,,,
acc,1778672643.0,62.0,-0.09104844726733467,0.14920777707967772,-9.80538887340919,,,,,,,,,,
acc,1778672643.0,62.0,-0.09089551576234381,0.14934275944900866,-9.805347001028945,,,,,,,,,,
acc,1778672643.0,62.0,-0.09038900310642656,0.14947651521496033,-9.80527001478887,,,,,,,,,,
acc,1778672643.0,62.0,-0.09024206406134143,0.14996402638441983,-9.804838757272789,,,,,,,,,,
acc,1778672643.0,62.0,-0.09009646027159474,0.1504471074727447,-9.804801883873635,,,,,,,,,,
acc,1778672643.0,62.0,-0.08995217960353735,0.15092579873669232,-9.804765345548137,,,,,,,,,,
acc,1778672643.0,62.0,-0.08980921003378026,0.15140014006720132,-9.804729139251435,,,,,,,,,,
acc,1778672643.0,62.0,-0.08966753964819264,0.1518701709927159,-9.804693261966339,,,,,,,,,,
acc,1778672643.0,62.0,-0.0898821184143446,0.15198095982190665,-9.804622216343157,,,,,,,,,,
acc,1778672643.0,62.0,-0.0897397855002622,0.1520907418977492,-9.804587310681253,,,,,,,,,,
acc,1778672643.0,62.0,-0.08959874598497149,0.15219952636874992,-9.804552722211906,,,,,,,,,,
acc,1778672643.0,62.0,-0.08981394988861506,0.15230732230028135,-9.804482953692826,,,,,,,,,,
acc,1778672643.0,62.0,-0.09002719820474936,0.15241413867533782,-9.804804284390377,,,,,,,,,,
acc,1778672643.0,62.0,-0.08988354693063184,0.1525199843952839,-9.804767724251054,,,,,,,,,,
acc,1778672643.0,62.0,-0.08974120103542521,0.15262486828059624,-9.804731496338752,,,,,,,,,,
acc,1778672643.0,62.0,-0.08960014865697154,0.15272879907159864,-9.804695597634478,,,,,,,,,,
acc,1778672643.0,62.0,-0.08981533981434148,0.15283178542919035,-9.804624530786757,,,,,,,,,,
acc,1778672643.0,62.0,-0.08967361372659374,0.15261436852204827,-9.804944574953758,,,,,,,,,,
acc,1778672643.0,62.0,-0.08988813729675876,0.15239892731228302,-9.804906739974765,,,,,,,,,,
acc,1778672643.0,62.0,-0.08974574968826297,0.1521854438464605,-9.805224219668009,,,,,,,,,,
acc,1778672643.0,62.0,-0.08995961774901008,0.1519739003342918,-9.805183843518986,,,,,,,,,,
acc,1778672643.0,62.0,-0.09017154236123627,0.151764279147151,-9.8047533690531,,,,,,,,,,
acc,1778672643.0,62.0,-0.09002657941189036,0.1518760302301253,-9.805036748089117,,,,,,,,,,
acc,1778672643.0,62.0,-0.09023789553426431,0.15166729840209925,-9.80499807552015,,,,,,,,,,
acc,1778672643.0,62.0,-0.09044729139793278,0.15146046334894006,-9.804959754374142,,,,,,,,,,
acc,1778672643.0,62.0,-0.09029982267911554,0.15125550783439326,-9.805276752318239,,,,,,,,,,
acc,1778672643.0,62.0,-0.09050865580229044,0.15105241477883266,-9.8048454335773,,,,,,,,,,
acc,1778672643.0,62.0,-0.09071559123011552,0.15085116725783698,-9.80480849950965,,,,,,,,,,
acc,1778672643.0,62.0,-0.09092064620720978,0.15065174850077945,-9.804771901066957,,,,,,,,,,
acc,1778672643.0,62.0,-0.09112383782148799,0.15009918011599477,-9.80505511170001,,,,,,,,,,
acc,1778672643.0,62.0,-0.09132518300558465,0.14955163299621976,-9.805016272258381,,,,,,,,,,
acc,1778672643.0,62.0,-0.0915246985382651,0.14900906151252777,-9.804977785756108,,,,,,,,,,
acc,1778672643.0,62.0,-0.09172240104582374,0.14882638222406402,-9.80493964898598,,,,,,,,,,
acc,1778672643.0,62.0,-0.09191830700346953,0.1486453629674523,-9.804901858769936,,,,,,,,,,
acc,1778672643.0,62.0,-0.09211243273669895,0.1484659886577545,-9.804864411958789,,,,,,,,,,
acc,1778672643.0,62.0,-0.09194983264922088,0.14828824434711155,-9.804791811072056,,,,,,,,,,
acc,1778672643.0,62.0,-0.0921436719045658,0.14811211522349751,-9.804364899059005,,,,,,,,,,
acc,1778672643.0,62.0,-0.09198078794246721,0.14793758660948544,-9.804687302535271,,,,,,,,,,
acc,1778672643.0,62.0,-0.09181938412936383,0.14776464396102415,-9.80500677628675,,,,,,,,,,
acc,1778672643.0,62.0,-0.0916594470149379,0.14759327286622628,-9.80532334693625,,,,,,,,,,
acc,1778672643.0,62.0,-0.09150096327109655,0.14742345904416726,-9.805246575644173,,,,,,,,,,
acc,1778672643.0,62.0,-0.09169888146429667,0.1475746557572148,-9.8051705019834,,,,,,,,,,
acc,1778672643.0,62.0,-0.09189500114761881,0.14772447852490875,-9.805485584834948,,,,,,,,,,
acc,1778672643.0,62.0,-0.09208933866436991,0.1478729398324798,-9.805407339264743,,,,,,,,,,
acc,1778672643.0,62.0,-0.09228191020934305,0.14802005205170352,-9.8057202699433,,,,,,,,,,
acc,1778672643.0,62.0,-0.09247273183016697,0.14816582744193157,-9.805639891757197,,,,,,,,,,
acc,1778672643.0,62.0,-0.09266181942864339,0.1483102781511131,-9.80556024397874,,,,,,,,,,
acc,1778672643.0,62.0,-0.09249422698863667,0.14845341621680724,-9.80551681433053,,,,,,,,,,
acc,1778672643.0,62.0,-0.09232815748421233,0.14827578615366657,-9.805438284973597,,,,,,,,,,
acc,1778672643.0,62.0,-0.09251855884968055,0.14809977023937204,-9.805395963583663,,,,,,,,,,
acc,1778672643.0,62.0,-0.09235226823828403,0.14824482121945032,-9.805673503274685,,,,,,,,,,
acc,1778672643.0,62.0,-0.09218748873257404,0.1483885541012969,-9.805629044423656,,,,,,,,,,
acc,1778672643.0,62.0,-0.0920242066009251,0.1485309808626519,-9.805584989576328,,,,,,,,,,
acc,1778672643.0,62.0,-0.0918624082364929,0.14902708423298539,-9.805541335061465,,,,,,,,,,
acc,1778672643.0,62.0,-0.0917020801560804,0.14916370858309838,-9.805817553741848,,,,,,,,,,
acc,1778672643.0,62.0,-0.09154320899901425,0.14965406226949987,-9.805771785884385,,,,,,,,,,
acc,1778672643.0,62.0,-0.09138578152603134,0.14978498918385058,-9.805726433925747,,,,,,,,,,
acc,1778672643.0,62.0,-0.09122978461817562,0.1502696972078732,-9.8056814940866,,,,,,,,,,
acc,1778672643.0,62.0,-0.09107520527570473,0.1507500006233298,-9.805636962621962,,,,,,,,,,
acc,1778672643.0,62.0,-0.09092203061700682,0.15087096859493176,-9.805592835820876,,,,,,,,,,
acc,1778672643.0,62.0,-0.090770247877527,0.15099083731391663,-9.80515864478562,,,,,,,,,,
acc,1778672643.0,62.0,-0.09061984440870363,0.15110961676934434,-9.805118864524584,,,,,,,,,,
acc,1778672643.0,62.0,-0.09082576945034987,0.15158228772007606,-9.805043951392342,,,,,,,,,,
acc,1778672643.0,62.0,-0.09102982322278363,0.15205066344478446,-9.804969719006051,,,,,,,,,,
acc,1778672643.0,62.0,-0.09087706095705042,0.15215981211420668,-9.804931655539592,,,,,,,,,,
acc,1778672643.0,62.0,-0.09072568686306363,0.1522679689346384,-9.804503472740606,,,,,,,,,,
acc,1778672643.0,62.0,-0.09057568832631543,0.15237514291914803,-9.804469646118172,,,,,,,,,,
acc,1778672643.0,62.0,-0.09042705284692776,0.15216187558538138,-9.804400632522997,,,,,,,,,,
acc,1778672643.0,62.0,-0.09027976803861067,0.15195054624124685,-9.804332246063865,,,,,,,,,,
acc,1778672643.0,62.0,-0.09013382162763012,0.15174113727596575,-9.804264481041905,,,,,,,,,,
acc,1778672643.0,62.0,-0.09034416322522075,0.151533631238791,-9.80423282616995,,,,,,,,,,
acc,1778672643.0,62.0,-0.09019763164631127,0.1513280108375528,-9.804165964590258,,,,,,,,,,
acc,1778672643.0,62.0,-0.09040739339347453,0.15144372635073725,-9.804099710590949,,,,,,,,,,
acc,1778672643.0,62.0,-0.09061524900675391,0.15123892292759808,-9.804069553010772,,,,,,,,,,
acc,1778672643.0,62.0,-0.09082121580745052,0.15103598058136952,-9.804039669476678,,,,,,,,,,
acc,1778672643.0,62.0,-0.09067034918602887,0.1508348824001894,-9.803974563138459,,,,,,,,,,
acc,1778672643.0,62.0,-0.09052085351037273,0.150635611625876,-9.80430051365099,,,,,,,,,,
acc,1778672643.0,62.0,-0.09037271632250912,0.15008318987909586,-9.804233036985837,,,,,,,,,,
acc,1778672643.0,62.0,-0.09022592527767238,0.14953578806480564,-9.804166173490431,,,,,,,,,,
acc,1778672643.0,62.0,-0.09008046814327546,0.14934832233962303,-9.804490382813308,,,,,,,,,,
acc,1778672643.0,62.0,-0.09029129457132601,0.14916256014130205,-9.804456675140845,,,,,,,,,,
acc,1778672643.0,62.0,-0.09050020519059084,0.14929795340317906,-9.804387779414727,,,,,,,,,,
acc,1778672643.0,62.0,-0.09070721741028821,0.14943211632783965,-9.804709974974049,,,,,,,,,,
acc,1778672643.0,62.0,-0.09091234848143645,0.14956506009552759,-9.804638777477464,,,,,,,,,,
acc,1778672643.0,62.0,-0.09111561549829147,0.14969679578489015,-9.804568226962335,,,,,,,,,,
acc,1778672643.0,62.0,-0.09131703539977136,0.1495078669603819,-9.80453381190937,,,,,,,,,,
gyro,1778672593.0,12.0,,,,0.0,0.0,0.0,,,,,,,
gyro,1778672593.0,12.0,,,,0.0,0.0,0.0,,,,,,,
gyro,1778672593.0,12.0,,,,0.0,0.0,0.0,,,,,,,
gyro,1778672593.0,12.0,,,,0.0,0.0,0.0,,,,,,,
gyro,1778672593.0,12.0,,,,0.0,0.0,0.0,,,,,,,
gyro,1778672593.0,12.0,,,,0.0,0.0,0.0,,,,,,,
gyro,1778672593.0,12.0,,,,0.0,0.0,0.0,,,,,,,
gyro,1778672593.0,12.0,,,,0.0,0.0,0.0,,,,,,,
gyro,1778672593.0,12.0,,,,0.0,0.0,0.0,,,,,,,
gyro,1778672593.0,12.0,,,,0.0,0.0,0.0,,,,,,,
gyro,1778672593.0,12.0,,,,0.0,0.0,0.0,,,,,,,
gyro,1778672593.0,12.0,,,,0.0,0.0,0.0,,,,,,,
gyro,1778672593.0,12.0,,,,0.0,0.0,0.0,,,,,,,
gyro,1778672593.0,12.0,,,,0.0,0.0,0.0,,,,,,,
gyro,1778672593.0,12.0,,,,0.0,0.0,0.0,,,,,,,
gyro,1778672593.0,12.0,,,,0.0,0.0,0.0,,,,,,,
gyro,1778672593.0,12.0,,,,0.0,0.0,0.0,,,,,,,
gyro,1778672593.0,12.0,,,,0.0,0.0,0.0,,,,,,,
gyro,1778672594.0,13.0,,,,0.0,0.0,0.0,,,,,,,
gyro,1778672594.0,13.0,,,,0.0,0.0,0.0,,,,,,,
gyro,1778672594.0,13.0,,,,0.0,0.0,0.0,,,,,,,
gyro,1778672594.0,13.0,,,,0.0,0.0,0.0,,,,,,,
gyro,1778672594.0,13.0,,,,0.0,0.0,0.0,,,,,,,
gyro,1778672594.0,13.0,,,,0.0,0.0,0.0,,,,,,,
gyro,1778672594.0,13.0,,,,0.0,0.0,0.0,,,,,,,
gyro,1778672594.0,13.0,,,,0.0,0.0,0.0,,,,,,,
gyro,1778672594.0,13.0,,,,0.0,0.0,0.0,,,,,,,
gyro,1778672594.0,13.0,,,,0.0,0.0,0.0,,,,,,,
gyro,1778672594.0,13.0,,,,0.0,0.0,0.0,,,,,,,
gyro,1778672594.0,13.0,,,,0.0,0.0,0.0,,,,,,,
gyro,1778672594.0,13.0,,,,0.0,0.0,0.0,,,,,,,
gyro,1778672594.0,13.0,,,,0.0,0.0,0.0,,,,,,,
gyro,1778672594.0,13.0,,,,5.8868091394067566e-05,-5.8868091394067566e-05,0.0,,,,,,,
gyro,1778672594.0,13.0,,,,-1.579750883837333e-07,-5.714096430696638e-05,5.7298939395350115e-05,,,,,,,
gyro,1778672594.0,13.0,,,,-1.5345994864802456e-07,-0.00011132715627520267,5.5661258918479736e-05,,,,,,,
gyro,1778672594.0,13.0,,,,-1.4918364808713331e-07,-0.00016264703930645442,0.00010853232263359218,,,,,,,
gyro,1778672594.0,13.0,,,,-0.00010634660712311948,-0.0001582247770843861,0.0001055814027010655,,,,,,,
gyro,1778672595.0,14.0,,,,-0.0001035232534327686,-0.00010217471186095545,0.00010277836411795992,,,,,,,
gyro,1778672595.0,14.0,,,,-0.00010083774907358148,-0.00015018710728493715,0.00015077510015418222,,,,,,,
gyro,1778672595.0,14.0,,,,-9.828006855464667e-05,-0.00019591422294692163,0.00019648730177930295,,,,,,,
gyro,1778672595.0,14.0,,,,-9.58411369231556e-05,-0.00019105238877819026,0.000240077161288041,,,,,,,
gyro,1778672595.0,14.0,,,,-0.00014095997354417498,-0.00018641085719641845,0.00018679734117964687,,,,,,,
gyro,1778672595.0,14.0,,,,-0.00023055943052046544,-0.00018197469942334785,0.00018235198595986017,,,,,,,
gyro,1778672595.0,14.0,,,,-0.00022518184555573984,-0.00017773030826844955,0.0001780987949462809,,,,,,,
gyro,1778672595.0,14.0,,,,-0.00022003147933530963,-0.00017366525509423224,0.00017402531373323347,,,,,,,
gyro,1778672595.0,14.0,,,,-0.0001274423396879321,-0.0001259423748221538,0.00021394593394198625,,,,,,,
gyro,1778672595.0,14.0,,,,-0.00012463511152290972,-0.00012316818703937856,0.0002092332532659673,,,,,,,
gyro,1778672595.0,14.0,,,,-3.7442557075117994e-05,-0.00016275195127686814,0.00020470702319976109,,,,,,,
gyro,1778672595.0,14.0,,,,-7.815627665851703e-05,-0.00015929278207762982,0.00020035613078977853,,,,,,,
gyro,1778672595.0,14.0,,,,-7.6523451815478e-05,-0.00019676654402970856,0.00019617033174975892,,,,,,,
gyro,1778672595.0,14.0,,,,-7.495133794740779e-05,-0.00019272413081777888,0.0002322630094814599,,,,,,,
gyro,1778672595.0,14.0,,,,-0.00011290791721962589,-0.00018882905136810191,0.0002275688236972898,,,,,,,
gyro,1778672595.0,14.0,,,,-0.0001106621418472237,-0.00014622737157534126,0.0002230424054232569,,,,,,,
gyro,1778672595.0,14.0,,,,-0.00010849509764025134,-0.00014336387035275862,0.0002186746718468642,,,,,,,
gyro,1778672595.0,14.0,,,,-0.0001064025991531474,-0.00014059887277827633,0.00021445718709446783,,,,,,,
gyro,1778672596.0,15.0,,,,-0.00010438075385655089,-0.00013792723531926677,0.00021038210567259224,,,,,,,
gyro,1778672596.0,15.0,,,,-2.927533705599697e-05,-0.00020849476815365281,0.00016986682178361218,,,,,,,
gyro,1778672596.0,15.0,,,,-2.873480419777685e-05,-0.0002767646250448258,0.00013067071385821063,,,,,,,
gyro,1778672596.0,15.0,,,,4.291421642099734e-05,-0.0003428506951741604,0.00012829128318819227,,,,,,,
gyro,1778672596.0,15.0,,,,4.21433017328615e-05,-0.00040685941685659165,9.090278692023281e-05,,,,,,,
gyro,1778672596.0,15.0,,,,7.601798385963862e-05,-0.0005381339303172612,5.466953234507604e-05,,,,,,,
gyro,1778672596.0,15.0,,,,0.00010886356166225008,-0.0005628928748209491,-1.463879248510961e-05,,,,,,,
gyro,1778672596.0,15.0,,,,7.323729126219899e-05,-0.000620657336365605,-0.00011562161043967683,,,,,,,
gyro,1778672596.0,15.0,,,,0.00010531678269960842,-0.0006433947142649964,-0.00024696579739439404,,,,,,,
gyro,1778672596.0,15.0,,,,0.00010354115067934785,-0.0007642567911313788,-0.00030865680358384945,,,,,,,
gyro,1778672596.0,15.0,,,,0.00010181605594382693,-0.0008816789428763825,-0.00046622519888473693,,,,,,,
gyro,1778672596.0,15.0,,,,6.797624150952942e-05,-0.0009636481393238086,-0.0005871993636654869,,,,,,,
gyro,1778672596.0,15.0,,,,3.5069965051738486e-05,-0.0010433560539330623,-0.0008002508871275809,,,,,,,
gyro,1778672596.0,15.0,,,,3.450526227631178e-05,-0.001152345955023074,-0.0010075140662585485,,,,,,,
gyro,1778672596.0,15.0,,,,-2.825797039437818e-05,-0.0012895417553041315,-0.001271443992728187,,,,,,,
gyro,1778672596.0,15.0,,,,-5.858946324308639e-05,-0.001392327423493404,-0.0015591914331312177,,,,,,,
gyro,1778672596.0,15.0,,,,-8.813281016743936e-05,-0.001522914911874978,-0.0018090048762173022,,,,,,,
gyro,1778672597.0,16.0,,,,-0.00011691950632803403,-0.0016199952737082713,-0.0021127144967615767,,,,,,,
gyro,1778672597.0,16.0,,,,-0.00011513268636423492,-0.0016847777767264244,-0.002438617736243232,,,,,,,
gyro,1778672597.0,16.0,,,,-0.00017250093438564413,-0.00171839214960544,-0.0028155178038440903,,,,,,,
gyro,1778672597.0,16.0,,,,-0.00016991539785710737,-0.001809726412482828,-0.003212436462817192,,,,,,,
gyro,1778672597.0,16.0,,,,-0.00019639078309036307,-0.0018118537503661282,-0.0036287404871785172,,,,,,,
gyro,1778672597.0,16.0,,,,-0.0002509656171561908,-0.001842662301186625,-0.004092561568013521,,,,,,,
gyro,1778672597.0,16.0,,,,-0.00030425374409805416,-0.0018727444809150551,-0.004602394220476699,,,,,,,
gyro,1778672597.0,16.0,,,,-0.00027163457013914963,-0.0018174593251936051,-0.005100363878702554,,,,,,,
gyro,1778672597.0,16.0,,,,-0.00029572171160391683,-0.0017914225106529244,-0.005642867714651514,,,,,,,
gyro,1778672597.0,16.0,,,,-0.00026377952788670083,-0.0017937176536324483,-0.006228553501254145,,,,,,,
gyro,1778672597.0,16.0,,,,-0.0002875750027699813,-0.0017684501624556986,-0.006938696507610729,,,,,,,
gyro,1778672597.0,16.0,,,,-0.00031084433796892493,-0.0017710286946849322,-0.007660424939552572,,,,,,,
gyro,1778672597.0,16.0,,,,-0.0003606750977276235,-0.0018006205266410391,-0.008339321626685492,,,,,,,
gyro,1778672597.0,16.0,,,,-0.00035571505591397586,-0.0017758582040994465,-0.00900357137919246,,,,,,,
gyro,1778672597.0,16.0,,,,-0.00040416448522064886,-0.001778275592859196,-0.009760269282140875,,,,,,,
gyro,1778672597.0,16.0,,,,-0.0004515933658110576,-0.001780642061246285,-0.01055393083198725,,,,,,,
gyro,1778672597.0,16.0,,,,-0.0004980348625593181,-0.0017567028753731658,-0.011409852388378727,,,,,,,
gyro,1778672597.0,16.0,,,,-0.0004913876336674874,-0.0017853893610350938,-0.012248160731954774,,,,,,,
gyro,1778672597.0,16.0,,,,-0.0005107573108907367,-0.0018134922592720631,-0.013095296512968835,,,,,,,
gyro,1778672598.0,17.0,,,,-0.0005297373723592115,-0.001815328195425069,-0.01400249742959437,,,,,,,
gyro,1778672598.0,17.0,,,,-0.000624919017432926,-0.0017916012395565147,-0.014993771618486426,,,,,,,
gyro,1778672598.0,17.0,,,,-0.0005660945487349073,-0.00181905226731055,-0.01599090025540363,,,,,,,
gyro,1778672598.0,17.0,,,,-0.0006343609024807075,-0.0018459691116563567,-0.017094571390164886,,,,,,,
gyro,1778672598.0,17.0,,,,-0.0006512588592062579,-0.0018723677774247353,-0.01815196855554972,,,,,,,
gyro,1778672598.0,17.0,,,,-0.0006429658677745107,-0.0018236563599092334,-0.019214094108718625,,,,,,,
gyro,1778672598.0,17.0,,,,-0.0007336894244043372,-0.0017758630741164572,-0.020305643080992634,,,,,,,
gyro,1778672598.0,17.0,,,,-0.0007735908471393621,-0.0017780911079716653,-0.021425960268881716,,,,,,,
gyro,1778672598.0,17.0,,,,-0.0007150816459312835,-0.0017802780041963693,-0.02255001079027723,,,,,,,
gyro,1778672598.0,17.0,,,,-0.0007547445834518464,-0.0017824249289897446,-0.023726355728188514,,,,,,,
gyro,1778672598.0,17.0,,,,-0.000817826191100036,-0.0017362601918165506,-0.02490555007930435,,,,,,,
gyro,1778672598.0,17.0,,,,-0.0007837753308890722,-0.0016909226374521081,-0.026111616631903305,,,,,,,
gyro,1778672598.0,17.0,,,,-0.0007741966622214348,-0.0016702575475361133,-0.027320150534452685,,,,,,,
gyro,1778672598.0,17.0,,,,-0.0007173090398195059,-0.0016262169821271931,-0.028554922887593988,,,,,,,
gyro,1778672598.0,17.0,,,,-0.0006850241160555968,-0.0015829430592668352,-0.02981542559953835,,,,,,,
gyro,1778672598.0,17.0,,,,-0.0007472528173063981,-0.0015639046074182638,-0.031124670829801727,,,,,,,
gyro,1778672599.0,18.0,,,,-0.0006915735202356164,-0.0014984535228667096,-0.03241154689803628,,,,,,,
gyro,1778672599.0,18.0,,,,-0.0007530946017486982,-0.0014341105027935715,-0.03365338504509792,,,,,,,
gyro,1778672599.0,18.0,,,,-0.0007904466240829257,-0.0013245731452196244,-0.03492066257050035,,,,,,,
gyro,1778672599.0,18.0,,,,-0.0008502025358524044,-0.0012629070949310654,-0.03621291800645596,,,,,,,
gyro,1778672599.0,18.0,,,,-0.0008860579249883753,-0.0012710043428480248,-0.03750679058855982,,,,,,,
gyro,1778672599.0,18.0,,,,-0.0009213274877972565,-0.0012789692931907274,-0.03887077026895926,,,,,,,
gyro,1778672599.0,18.0,,,,-0.0009560257356275765,-0.0012868052230672865,-0.04021265548717078,,,,,,,
gyro,1778672599.0,18.0,,,,-0.0008545507190484142,-0.0012493099762880548,-0.04153298814812797,,,,,,,
gyro,1778672599.0,18.0,,,,-0.0008672074081805941,-0.0012124119213868356,-0.042899800991440494,,,,,,,
gyro,1778672599.0,18.0,,,,-0.0009244758078407448,-0.0011536908799678403,-0.04428983575528389,,,,,,,
gyro,1778672599.0,18.0,,,,-0.0010254799048778685,-0.0011182005617506611,-0.04568041514387317,,,,,,,
gyro,1778672599.0,18.0,,,,-0.0011026851082311046,-0.0010388261282183048,-0.04713825512804334,,,,,,,
gyro,1778672599.0,18.0,,,,-0.0011344459845367143,-0.001004929465426251,-0.04861787317277177,,,,,,,
gyro,1778672599.0,18.0,,,,-0.0011216445540050328,-0.000949513056664123,-0.05014098448399018,,,,,,,
gyro,1778672599.0,18.0,,,,-0.0011309888762931286,-0.0009388406588817208,-0.05161902679644609,,,,,,,
gyro,1778672599.0,18.0,,,,-0.0011183258518026094,-0.0009283290061985576,-0.05311854039926834,,,,,,,
gyro,1778672599.0,18.0,,,,-0.0012147814724932345,-0.0009179744820845034,-0.05468277378097442,,,,,,,
gyro,1778672599.0,18.0,,,,-0.0013098060181256281,-0.0009294760978181536,-0.05631062039917591,,,,,,,
gyro,1778672599.0,18.0,,,,-0.0013817968465318015,-0.000940808324112385,-0.05800098569797697,,,,,,,
gyro,1778672600.0,19.0,,,,-0.001560474082468554,-0.0009519748678493387,-0.059709739247648476,,,,,,,
gyro,1778672600.0,19.0,,,,-0.001736557701019153,-0.0009415096324338824,-0.061372219428263756,,,,,,,
gyro,1778672600.0,19.0,,,,-0.0017389288637890987,-0.000931195231789995,-0.06301073838791016,,,,,,,
gyro,1778672600.0,19.0,,,,-0.0015706725307404795,-0.0008783827933487511,-0.06468977491327531,,,,,,,
gyro,1778672600.0,19.0,,,,-0.001426059509987108,-0.0008050692278365643,-0.06638744983378818,,,,,,,
gyro,1778672600.0,19.0,,,,-0.0014529569852835618,-0.0006904152373243331,-0.06810352336623822,,,,,,,
gyro,1778672600.0,19.0,,,,-0.0014372487905567537,-0.0005562546854511006,-0.06981664814025948,,,,,,,
gyro,1778672600.0,19.0,,,,-0.001421759398928627,-0.00044501058745030663,-0.0715269688782113,,,,,,,
gyro,1778672600.0,19.0,,,,-0.0014694320628916885,-0.00037728178809637097,-0.07321362191315121,,,,,,,
gyro,1778672600.0,19.0,,,,-0.0015373681104518865,-0.0003523218450646918,-0.07483523696057182,,,,,,,
gyro,1778672600.0,19.0,,,,-0.0014792373817978139,-0.00030684644331446624,-0.07641384206155398,,,,,,,
gyro,1778672600.0,19.0,,,,-0.0013803050411097548,-0.0003035791673186578,-0.07795022129116283,,,,,,,
gyro,1778672600.0,19.0,,,,-0.0012827074429546748,-0.00025888473930124704,-0.07942440127680835,,,,,,,
gyro,1778672600.0,19.0,,,,-0.001310481177108987,-0.0002561438342097998,-0.08083745977135663,,,,,,,
gyro,1778672600.0,19.0,,,,-0.0013585045690624057,-0.0002328196303617645,-0.08227292448952983,,,,,,,
gyro,1778672600.0,19.0,,,,-0.0014881572498635532,-0.00020980444540362974,-0.08381276400097336,,,,,,,
gyro,1778672600.0,19.0,,,,-0.0017391658646106168,-0.00020760124623777986,-0.08535283097237675,,,,,,,
gyro,1778672600.0,19.0,,,,-0.0019868875536746544,-0.000205426897683015,-0.08691364114921937,,,,,,,
gyro,1778672601.0,20.0,,,,-0.002170166069987709,-0.00020328085939619233,-0.08847453185200173,,,,,,,
gyro,1778672601.0,20.0,,,,-0.0023307208077572588,-0.00024186442041809275,-0.09007627715132493,,,,,,,
gyro,1778672601.0,20.0,,,,-0.002367395451780561,-0.0002799512215787639,-0.09165740012467453,,,,,,,
gyro,1778672601.0,20.0,,,,-0.0023630985141799604,-0.0002567973669138975,-0.09321827776429632,,,,,,,
gyro,1778672601.0,20.0,,,,-0.002459879517833824,-0.00027434353213156285,-0.09473906431516303,,,,,,,
gyro,1778672601.0,20.0,,,,-0.00261590001286876,-0.00027151227981132294,-0.09630106218516185,,,,,,,
gyro,1778672601.0,20.0,,,,-0.002669400695042637,-0.0001882818911733272,-0.09786348615897202,,,,,,,
gyro,1778672601.0,20.0,,,,-0.0027824305958229433,-0.00010609485124664632,-0.09940632410097003,,,,,,,
gyro,1778672601.0,20.0,,,,-0.002793947403223752,-4.495145567716612e-05,-0.10094993890096472,,,,,,,
gyro,1778672601.0,20.0,,,,-0.002765371355266133,7.536836157517414e-05,-0.10249437410068768,,,,,,,
gyro,1778672601.0,20.0,,,,-0.0028168769366899663,0.00015432794803392987,-0.10403967183810091,,,,,,,
gyro,1778672601.0,20.0,,,,-0.0029473210215217216,0.00023231736286254378,-0.10558587288754123,,,,,,,
gyro,1778672601.0,20.0,,,,-0.0029570645148125738,0.00032921254351989994,-0.10713301669846215,,,,,,,
gyro,1778672601.0,20.0,,,,-0.002966689433942661,0.0003654913955088016,-0.10870096057994576,,,,,,,
gyro,1778672601.0,20.0,,,,-0.002877349837417619,0.00044086999105363774,-0.11023014306159107,,,,,,,
gyro,1778672601.0,20.0,,,,-0.0028877421863872954,0.00045614688820693177,-0.11172114769532042,,,,,,,
gyro,1778672601.0,20.0,,,,-0.0030555648014493593,0.0005500229738003964,-0.11319425765642215,,,,,,,
gyro,1778672601.0,20.0,,,,-0.0031231021662536094,0.0006231113469247592,-0.11468908912551704,,,,,,,
gyro,1778672601.0,20.0,,,,-0.00303286871309919,0.0007149600477860006,-0.11620537876363556,,,,,,,
gyro,1778672602.0,21.0,,,,-0.0031003863822859053,0.0007861268757120669,-0.11770371053926394,,,,,,,
gyro,1778672602.0,21.0,,,,-0.0031475486999651193,0.0008564544719766949,-0.11916482416130553,,,,,,,
gyro,1778672602.0,21.0,,,,-0.0031941572104876395,0.0009845110107147552,-0.12064781039544345,,,,,,,
gyro,1778672602.0,21.0,,,,-0.003318156228380704,0.0011110701025510501,-0.1221524179019817,,,,,,,
gyro,1778672602.0,21.0,,,,-0.0032462160719523864,0.001177799825690734,-0.12362005480172959,,,,,,,
gyro,1778672602.0,21.0,,,,-0.003194526610127129,0.0012437555836175835,-0.12510951183753932,,,,,,,
gyro,1778672602.0,21.0,,,,-0.0030465007927742583,0.0012507952655910395,-0.12656236761178277,,,,,,,
gyro,1778672602.0,21.0,,,,-0.0028614707932230568,0.0012577539425144726,-0.12805657665704162,,,,,,,
gyro,1778672602.0,21.0,,,,-0.002755865182275556,0.0012839562574182284,-0.12959162866972485,,,,,,,
gyro,1778672602.0,21.0,,,,-0.0026514654537769227,0.00140633749346237,-0.13110915233080264,,,,,,,
gyro,1778672602.0,21.0,,,,-0.0026060468011630967,0.001565855493748371,-0.13260941282821198,,,,,,,
gyro,1778672602.0,21.0,,,,-0.002580378798037428,0.001665857897698108,-0.13407343375616457,,,,,,,
gyro,1778672602.0,21.0,,,,-0.0024397437408181398,0.0017647310190245329,-0.13557854568579902,,,,,,,
gyro,1778672602.0,21.0,,,,-0.0022431500434318165,0.00186249161427871,-0.13708590236704807,,,,,,,
gyro,1778672602.0,21.0,,,,-0.002163690864871996,0.001997462900343521,-0.13859552130127933,,,,,,,
gyro,1778672602.0,21.0,,,,-0.0022763991155131057,0.0021309261093184003,-0.14008827278321304,,,,,,,
gyro,1778672602.0,21.0,,,,-0.00219683186918922,0.0023966204731992085,-0.1415835034790786,,,,,,,
gyro,1778672603.0,22.0,,,,-0.002213525938074978,0.002678441960930106,-0.14308121653469502,,,,,,,
gyro,1778672603.0,22.0,,,,-0.0022681368611513894,0.002842832068043677,-0.14458141469325647,,,,,,,
gyro,1778672603.0,22.0,,,,-0.002284093087136531,0.0029102782602408095,-0.14610312662560504,,,,,,,
gyro,1778672603.0,22.0,,,,-0.002223864513883684,0.002976983289259239,-0.14764613099215837,,,,,,,
gyro,1778672603.0,22.0,,,,-0.0021642956913359296,0.002967032420245479,-0.14913426565111224,,,,,,,
gyro,1778672603.0,22.0,,,,-0.002143289021066317,0.0029951018793408827,-0.15060614999606708,,,,,,,
gyro,1778672603.0,22.0,,,,-0.00212251103704598,0.003003932525328979,-0.15209988704493832,,,,,,,
gyro,1778672603.0,22.0,,,,-0.002120869645917724,0.0029937562479990087,-0.1536152340872614,,,,,,,
gyro,1778672603.0,22.0,,,,-0.0020059002498785746,0.0029648007401173286,-0.1551141834024833,,,,,,,
gyro,1778672603.0,22.0,,,,-0.0018733032663422193,0.0029172896083859206,-0.15663469605848032,,,,,,,
gyro,1778672603.0,22.0,,,,-0.0018929194996949652,0.0028891367448681733,-0.15813885067391656,,,,,,,
gyro,1778672603.0,22.0,,,,-0.0019311519259932704,0.002785979377821591,-0.1595892159419356,,,,,,,
gyro,1778672603.0,22.0,,,,-0.0017809005209843375,0.002721538596332213,-0.16108048522202004,,,,,,,
gyro,1778672603.0,22.0,,,,-0.0015946784419233284,0.002676572081053294,-0.16259341887141998,,,,,,,
gyro,1778672603.0,22.0,,,,-0.0014667399932213358,0.002575781631065895,-0.16409025589491325,,,,,,,
gyro,1778672603.0,22.0,,,,-0.0014151625890327535,0.0025135576128797535,-0.16555246153075354,,,,,,,
gyro,1778672603.0,22.0,,,,-0.0014390504705153583,0.002489451837813185,-0.16705539159643745,,,,,,,
gyro,1778672603.0,22.0,,,,-0.0014065513974647961,0.0025591680971478858,-0.1685424569996722,,,,,,,
gyro,1778672603.0,22.0,,,,-0.0012996101822615068,0.0026468440021315174,-0.16999516182795216,,,,,,,
gyro,1778672604.0,23.0,,,,-0.001212477817125995,0.0027709513118794023,-0.17141393324836254,,,,,,,
gyro,1778672604.0,23.0,,,,-0.0011075898871887905,0.002931076134448286,-0.17281784043138024,,,,,,,
gyro,1778672604.0,23.0,,,,-0.0010410916846180932,0.003145462884798045,-0.17424436820892136,,,,,,,
gyro,1778672604.0,23.0,,,,-0.0011056645414267488,0.0033576143149847866,-0.17567464757063947,,,,,,,
gyro,1778672604.0,23.0,,,,-0.0012626208053530196,0.003548949801276027,-0.1771086580804129,,,,,,,
gyro,1778672604.0,23.0,,,,-0.0013993550020827833,0.003645324302924994,-0.178527786209743,,,,,,,
gyro,1778672604.0,23.0,,,,-0.0012931469801814909,0.0037407008844876446,-0.17991364233542598,,,,,,,
gyro,1778672604.0,23.0,,,,-0.0011509119966481747,0.0038350920834534837,-0.18126661837202376,,,,,,,
gyro,1778672604.0,23.0,,,,-0.001028690336161388,0.003909963171689067,-0.18262419389061801,,,,,,,
gyro,1778672604.0,23.0,,,,-0.0009262581736756018,0.00396553183528573,-0.18398633692038308,,,,,,,
gyro,1778672604.0,23.0,,,,-0.000843404675824686,0.004002002872817998,-0.1853344979950796,,,,,,,
gyro,1778672604.0,23.0,,,,-0.000761399864175437,0.0038900722217746,-0.18665034605238928,,,,,,,
gyro,1778672604.0,23.0,,,,-0.0005877761245039941,0.003779285742604216,-0.18791575475610522,,,,,,,
gyro,1778672604.0,23.0,,,,-0.00045287528267634993,0.003688105288640538,-0.18914977858933307,,,,,,,
gyro,1778672604.0,23.0,,,,-0.00026396071048304055,0.0037455617560669435,-0.19035277622050692,,,,,,,
gyro,1778672604.0,23.0,,,,-7.696574565614937e-05,0.003931588232736325,-0.19156199909613472,,,,,,,
gyro,1778672604.0,23.0,,,,-3.9366686288003174e-05,0.004060409889502793,-0.19277739466736524,,,,,,,
gyro,1778672605.0,24.0,,,,-0.00011268952106300564,0.0041510804518659706,-0.19401734395113804,,,,,,,
gyro,1778672605.0,24.0,,,,-9.32161028445235e-05,0.004204012741790972,-0.19524476524321766,,,,,,,
gyro,1778672605.0,24.0,,,,0.00012846716474511138,0.00425641120280985,-0.19645980783476055,,,,,,,
gyro,1778672605.0,24.0,,,,0.0002008051010430119,0.004216338490289671,-0.19762583551750776,,,,,,,
gyro,1778672605.0,24.0,,,,8.86559299561576e-05,0.00426855326501549,-0.19878014563700233,,,,,,,
gyro,1778672605.0,24.0,,,,5.10952817457795e-05,0.004356971281728549,-0.19992287615200155,,,,,,,
gyro,1778672605.0,24.0,,,,5.0615143578854964e-05,0.004407799480436888,-0.20109087662134298,,,,,,,
gyro,1778672605.0,24.0,,,,0.0003069333278632079,0.0044397690767586494,-0.20221050843079108,,,,,,,
gyro,1778672605.0,24.0,,,,0.0005056934144136821,0.0044164291853289305,-0.20330063505665552,,,,,,,
gyro,1778672605.0,24.0,,,,0.0004643111041212384,0.004320044201380125,-0.20437989884780441,,,,,,,
gyro,1778672605.0,24.0,,,,0.00035009551747715924,0.004078137545540611,-0.20548505245384888,,,,,,,
gyro,1778672605.0,24.0,,,,0.0003285167251473498,0.0038935295212035965,-0.20659752702433629,,,,,,,
gyro,1778672605.0,24.0,,,,0.00030715194548024165,0.0038204924805845504,-0.20771725682547137,,,,,,,
gyro,1778672605.0,24.0,,,,0.00012148273058840123,0.0038578497943807877,-0.20878934132560584,,,,,,,
gyro,1778672605.0,24.0,,,,-0.00013543502807459036,0.0040044596559846955,-0.2098325471482675,,,,,,,
gyro,1778672605.0,24.0,,,,-0.00024373329861443488,0.004222668114311463,-0.21090198087156892,,,,,,,
gyro,1778672605.0,24.0,,,,-0.00040571325200884135,0.0044022256702739015,-0.2119791208883833,,,,,,,
gyro,1778672605.0,24.0,,,,-0.0005478579458963526,0.004507043842641808,-0.21304565653583057,,,,,,,
gyro,1778672606.0,25.0,,,,-0.0007432997836891086,0.004629063061201796,-0.21413816996207316,,,,,,,
gyro,1778672606.0,25.0,,,,-0.0008457095901882474,0.004804561622058469,-0.2151835121843845,,,,,,,
gyro,1778672606.0,25.0,,,,-0.0005645946970015984,0.005069409211403299,-0.21614574041904222,,,,,,,
gyro,1778672606.0,25.0,,,,-0.0003226430600159851,0.005331663589507403,-0.21708034177236885,,,,,,,
gyro,1778672606.0,25.0,,,,-0.00022864258583870614,0.005591353502507121,-0.21800580408834386,,,,,,,
gyro,1778672606.0,25.0,,,,9.959197505505552e-06,0.0056847992225137894,-0.2189222283572335,,,,,,,
gyro,1778672606.0,25.0,,,,0.00030077573600876433,0.00577733350569261,-0.21981153348027532,,,,,,,
gyro,1778672606.0,25.0,,,,0.0007704958614603311,0.0057417479582776805,-0.22072852085526207,,,,,,,
gyro,1778672606.0,25.0,,,,0.0009813273191282353,0.005724673585396172,-0.22161842131676807,,,,,,,
gyro,1778672606.0,25.0,,,,0.0011719433272194613,0.005689607846706304,-0.22248151643987063,,,,,,,
gyro,1778672606.0,25.0,,,,0.0013062597415822268,0.0056548824748204685,-0.22335438369129643,,,,,,,
gyro,1778672606.0,25.0,,,,0.0014755587722616952,0.005674921054295197,-0.22420064581731936,,,,,,,
gyro,1778672606.0,25.0,,,,0.0015525422804860507,0.00565849517962933,-0.22503871253290542,,,,,,,
gyro,1778672606.0,25.0,,,,0.0015743875051324276,0.005624100096193632,-0.22586867228961513,,,,,,,
gyro,1778672606.0,25.0,,,,0.0016141427836624982,0.005608158503354481,-0.2267268546208921,,,,,,,
gyro,1778672606.0,25.0,,,,0.0015810571163022047,0.005610485087632571,-0.22755863920399258,,,,,,,
gyro,1778672606.0,25.0,,,,0.0015663980575768548,0.005649013700233824,-0.22838240367528956,,,,,,,
gyro,1778672606.0,25.0,,,,0.0015337791850153712,0.005632858908752239,-0.2291801326524828,,,,,,,
gyro,1778672606.0,25.0,,,,0.001501474174289209,0.005616859560181629,-0.22998828035290791,,,,,,,
gyro,1778672607.0,26.0,,,,0.0014694796917561947,0.005582925802165977,-0.23077057162534473,,,,,,,
gyro,1778672607.0,26.0,,,,0.0013473733201986233,0.005549317905040219,-0.23156343264344553,,,,,,,
gyro,1778672607.0,26.0,,,,0.0012264383754750088,0.005516032425098951,-0.2323486873535351,,,,,,,
gyro,1778672607.0,26.0,,,,0.0010885926476445341,0.005483065963410601,-0.2331264159415393,,,,,,,
gyro,1778672607.0,26.0,,,,0.0010965878495688996,0.0054684791360413605,-0.23387863358475397,,,,,,,
gyro,1778672607.0,26.0,,,,0.0010864483762198012,0.005454031852529472,-0.2346055970010917,,,,,,,
gyro,1778672607.0,26.0,,,,0.001004195753823543,0.005439722652313875,-0.2353617173240136,,,,,,,
gyro,1778672607.0,26.0,,,,0.000976869411105879,0.005443597037863702,-0.23609257036057338,,,,,,,
gyro,1778672607.0,26.0,,,,0.0009678452603580305,0.005429392982233156,-0.2367984089869884,,,,,,,
gyro,1778672607.0,26.0,,,,0.001031051568775367,0.005397288219063177,-0.23746144692829751,,,,,,,
gyro,1778672607.0,26.0,,,,0.0010936558683238146,0.005401550918143105,-0.2381181697607026,,,,,,,
gyro,1778672607.0,26.0,,,,0.0011196130531795174,0.005459859285098366,-0.2387686428421353,,,,,,,
gyro,1778672607.0,26.0,,,,0.0011633440079373883,0.0055356338015280825,-0.23939491012385028,,,,,,,
gyro,1778672607.0,26.0,,,,0.0011706282539146315,0.005628703981306221,-0.24003324276125937,,,,,,,
gyro,1778672607.0,26.0,,,,0.0011418219154093322,0.005702879871962366,-0.24064750458953338,,,,,,,
gyro,1778672607.0,26.0,,,,0.001113288841279857,0.005758346198063531,-0.2412739452841439,,,,,,,
gyro,1778672607.0,26.0,,,,0.001085026232764331,0.005813286757684912,-0.2418944479341434,,,,,,,
gyro,1778672607.0,26.0,,,,0.0010570313252834327,0.005849710354138339,-0.24249107666474573,,,,,,,
gyro,1778672607.0,26.0,,,,0.001137262768106611,0.005795819851216593,-0.24308205834104063,,,,,,,
gyro,1778672607.0,26.0,,,,0.0011447758911136544,0.005760426617823181,-0.24373940073372224,,,,,,,
gyro,1778672608.0,27.0,,,,0.0012421431656084465,0.00577931747038992,-0.24435456396358335,,,,,,,
gyro,1778672608.0,27.0,,,,0.0012486871589233966,0.005816018002143163,-0.24498189601736936,,,,,,,
gyro,1778672608.0,27.0,,,,0.0012911187365075136,0.005798438918068237,-0.24558533246351735,,,,,,,
gyro,1778672608.0,27.0,,,,0.0014589530329730807,0.005816966703567196,-0.24616510681810072,,,,,,,
gyro,1778672608.0,27.0,,,,0.0016970804473370581,0.005853295518782971,-0.24673941641599126,,,,,,,
gyro,1778672608.0,27.0,,,,0.0017892558116110097,0.005925207085216874,-0.24732627876600222,,,,,,,
gyro,1778672608.0,27.0,,,,0.0018446371726334424,0.005978483154574329,-0.24792557524480566,,,,,,,
gyro,1778672608.0,27.0,,,,0.0018635881066071352,0.005959429986979323,-0.2485371885024223,,,,,,,
gyro,1778672608.0,27.0,,,,0.0019362228647834003,0.0059226050179470606,-0.24914305150889526,,,,,,,
gyro,1778672608.0,27.0,,,,0.001972271495629869,0.00586817883094176,-0.24974322178179242,,,,,,,
gyro,1778672608.0,27.0,,,,0.0018823764900195476,0.00574248937584978,-0.2503377561708439,,,,,,,
gyro,1778672608.0,27.0,,,,0.0018292051797431312,0.005689739578926791,-0.2509267108680662,,,,,,,
gyro,1778672608.0,27.0,,,,0.0018482786304352982,0.005673357571145146,-0.25154601443588753,,,,,,,
gyro,1778672608.0,27.0,,,,0.0017595748854834857,0.005692995264819384,-0.2521415794125468,,,,,,,
gyro,1778672608.0,27.0,,,,0.0016896318984891496,0.0057483175235299505,-0.25273156449517836,,,,,,,
gyro,1778672608.0,27.0,,,,0.0015844819418457626,0.005838974481032076,-0.2533339513437693,,,,,,,
gyro,1778672608.0,27.0,,,,0.0016057870224488525,0.005892936765404501,-0.25394862359249315,,,,,,,
gyro,1778672608.0,27.0,,,,0.001573133081042785,0.005946394285140991,-0.25457547526755964,,,,,,,
gyro,1778672609.0,28.0,,,,0.001558701198935525,0.005856008675359558,-0.255214383158179,,,,,,,
gyro,1778672609.0,28.0,,,,0.001616058930123957,0.005712717429773773,-0.25581148426058997,,,,,,,
gyro,1778672609.0,28.0,,,,0.0016728809526812233,0.0056603269768955005,-0.2564567497283207,,,,,,,
gyro,1778672609.0,28.0,,,,0.0016038186887813847,0.005644240982785114,-0.2570422592674861,,,,,,,
gyro,1778672609.0,28.0,,,,0.001714457741147543,0.0058073711666071235,-0.25760440081258534,,,,,,,
gyro,1778672609.0,28.0,,,,0.0017703500405838771,0.005968979949978198,-0.2581971126480086,,,,,,,
gyro,1778672609.0,28.0,,,,0.0018436295789973898,0.006057476657033755,-0.2588021983452189,,,,,,,
gyro,1778672609.0,28.0,,,,0.001790942776069982,0.006091459757307951,-0.25941954236960785,,,,,,,
gyro,1778672609.0,28.0,,,,0.0017387466734103173,0.006035649040694259,-0.26004903037057897,,,,,,,
gyro,1778672609.0,28.0,,,,0.0015975724751060493,0.0060161398305073055,-0.26067265819601076,,,,,,,
gyro,1778672609.0,28.0,,,,0.0014398236014068172,0.006050486396278598,-0.26129048291199525,,,,,,,
gyro,1778672609.0,28.0,,,,0.0014445233287751812,0.006120285077920938,-0.2618667893727363,,,,,,,
gyro,1778672609.0,28.0,,,,0.0015207216251126342,0.006225201355581324,-0.2624377375842599,,,,,,,
gyro,1778672609.0,28.0,,,,0.0015604409862102237,0.006382794139118528,-0.26300337954148434,,,,,,,
gyro,1778672609.0,28.0,,,,0.0015819129746595024,0.006521035349810186,-0.263563766676352,,,,,,,
gyro,1778672609.0,28.0,,,,0.0015853095699221173,0.006586488817582805,-0.2641547018594252,,,,,,,
gyro,1778672609.0,28.0,,,,0.0017316730530310437,0.006544083597194607,-0.2647401515492261,,,,,,,
gyro,1778672609.0,28.0,,,,0.00175156971664494,0.006448457776818181,-0.2652844260160521,,,,,,,
gyro,1778672610.0,29.0,,,,0.0017712818245434483,0.006425195384708655,-0.26585939016520377,,,,,,,
gyro,1778672610.0,29.0,,,,0.0018086780503300014,0.006455758520017816,-0.2664468899707187,,,,,,,
gyro,1778672610.0,29.0,,,,0.0018814662427878157,0.0065039030887835405,-0.26699321483112676,,,,,,,
gyro,1778672610.0,29.0,,,,0.00193570827104787,0.006551601566798798,-0.2675344776362869,,,,,,,
gyro,1778672610.0,29.0,,,,0.0019715873935367036,0.006580997748138477,-0.2680885875327056,,,,,,,
gyro,1778672610.0,29.0,,,,0.0019892758654771665,0.006592254161955233,-0.26863756679069095,,,,,,,
gyro,1778672610.0,29.0,,,,0.0021139482618852817,0.006621271946072583,-0.26918146462708054,,,,,,,
gyro,1778672610.0,29.0,,,,0.0022017581847624916,0.0066678756624781975,-0.26970247530482305,,,,,,,
gyro,1778672610.0,29.0,,,,0.0022351892505527104,0.0066783341713579,-0.27020081411199326,,,,,,,
gyro,1778672610.0,29.0,,,,0.0022683111755492777,0.0067065556881703734,-0.2707302458823368,,,,,,,
gyro,1778672610.0,29.0,,,,0.0023368334592032956,0.006680961071516255,-0.2712547834717174,,,,,,,
gyro,1778672610.0,29.0,,,,0.002422569364057537,0.006691296706205456,-0.2717744736149383,,,,,,,
gyro,1778672610.0,29.0,,,,0.002436123843222534,0.0067015368543309065,-0.27227151750775586,,,,,,,
gyro,1778672610.0,29.0,,,,0.0023781800266471287,0.006765221394075411,-0.2727282842305326,,,,,,,
gyro,1778672610.0,29.0,,,,0.0023564542816947947,0.00682831792535278,-0.2731629828913187,,,,,,,
gyro,1778672610.0,29.0,,,,0.0023884485439479054,0.0068551523989818655,-0.273611518023518,,,,,,,
gyro,1778672610.0,29.0,,,,0.002295280570562509,0.006899577388911465,-0.2740380668407709,,,,,,,
gyro,1778672610.0,29.0,,,,0.002202972104802954,0.0069257560500855415,-0.27449636271155164,,,,,,,
gyro,1778672611.0,30.0,,,,0.0020580012363662897,0.006880344646629502,-0.2749147529097729,,,,,,,
gyro,1778672611.0,30.0,,,,0.001985709317159727,0.00690669421478488,-0.27536496108086866,,,,,,,
gyro,1778672611.0,30.0,,,,0.0019497472253922103,0.006932800893079547,-0.27577534666866665,,,,,,,
gyro,1778672611.0,30.0,,,,0.0019319467342117408,0.006976497170156475,-0.2762176198067657,,,,,,,
gyro,1778672611.0,30.0,,,,0.002074777516857989,0.006984124366680894,-0.27667364683788986,,,,,,,
gyro,1778672611.0,30.0,,,,0.0021628110701542433,0.007027344846833187,-0.2770719826597327,,,,,,,
gyro,1778672611.0,30.0,,,,0.0021787218007102704,0.007105818827601169,-0.2774844851833169,,,,,,,
gyro,1778672611.0,30.0,,,,0.002319265479488935,0.0072370433207211305,-0.2778397078635739,,,,,,,
gyro,1778672611.0,30.0,,,,0.002387223816353336,0.007295768249414875,-0.278191660933124,,,,,,,
gyro,1778672611.0,30.0,,,,0.0024367260995255785,0.007300478978380432,-0.27854037523389663,,,,,,,
gyro,1778672611.0,30.0,,,,0.002503602285638565,0.007322975701104444,-0.2789037015056094,,,,,,,
gyro,1778672611.0,30.0,,,,0.0025876822199459304,0.007327437486932935,-0.2792815047350633,,,,,,,
gyro,1778672611.0,30.0,,,,0.0025462567248092584,0.007349684949898254,-0.2796380160502441,,,,,,,
gyro,1778672611.0,30.0,,,,0.002380488817427868,0.0074073604839316465,-0.2799912495430237,,,,,,,
gyro,1778672611.0,30.0,,,,0.0022162446857047153,0.00746450585156417,-0.2803412360345805,,,,,,,
gyro,1778672611.0,30.0,,,,0.0020178823591427432,0.0074854983837424,-0.2806880060378546,,,,,,,
gyro,1778672611.0,30.0,,,,0.0019994779726070543,0.007417225818177579,-0.2810137771434794,,,,,,,
gyro,1778672612.0,31.0,,,,0.0021237432332181635,0.007242702736887323,-0.2813365555139543,,,,,,,
gyro,1778672612.0,31.0,,,,0.0023002979414004933,0.006998541549842419,-0.2816919897579524,,,,,,,
gyro,1778672612.0,31.0,,,,0.0022437036103979727,0.00693472286425136,-0.28204416003137406,,,,,,,
gyro,1778672612.0,31.0,,,,0.0020807717640719415,0.006924914121757829,-0.28239309691884745,,,,,,,
gyro,1778672612.0,31.0,,,,0.0019549493665300764,0.0070576597296227095,-0.28277445361771153,,,,,,,
gyro,1778672612.0,31.0,,,,0.0019905432275019817,0.007207001940827104,-0.2831166894984921,,,,,,,
gyro,1778672612.0,31.0,,,,0.0021148433568102796,0.007354973744267593,-0.283437980168561,,,,,,,
gyro,1778672612.0,31.0,,,,0.00204215313522658,0.00746597141589632,-0.2837563231000544,,,,,,,
gyro,1778672612.0,31.0,,,,0.0019879323945434075,0.0075225428354413594,-0.2840717458419512,,,,,,,
gyro,1778672612.0,31.0,,,,0.002023217346086345,0.007542992046203921,-0.28445549151092847,,,,,,,
gyro,1778672612.0,31.0,,,,0.0021293906225284195,0.007509842542653908,-0.28480011684127376,,,,,,,
gyro,1778672612.0,31.0,,,,0.002092183543288048,0.00751259641838459,-0.28515938219455966,,,,,,,
gyro,1778672612.0,31.0,,,,0.001948515797947652,0.007461928733614329,-0.2854797474915668,,,,,,,
gyro,1778672612.0,31.0,,,,0.0018773653141752793,0.007465118959622542,-0.285814983401411,,,,,,,
gyro,1778672612.0,31.0,,,,0.0018958514626710244,0.007521679820683238,-0.28609374728109266,,,,,,,
gyro,1778672612.0,31.0,,,,0.0021099426523463563,0.0075243252601227,-0.2864055489460859,,,,,,,
gyro,1778672612.0,31.0,,,,0.0022508828193825887,0.0075447507088508906,-0.2866966989352347,,,,,,,
gyro,1778672612.0,31.0,,,,0.0022125802058422647,0.007458214358877918,-0.28696738770705066,,,,,,,
gyro,1778672613.0,32.0,,,,0.0022458020436923066,0.007265700991028176,-0.2873067800680816,,,,,,,
gyro,1778672613.0,32.0,,,,0.0024210693599593545,0.007217300259996011,-0.2876252718868149,,,,,,,
gyro,1778672613.0,32.0,,,,0.0025947318979303914,0.007258310565116178,-0.28790525492437774,,,,,,,
gyro,1778672613.0,32.0,,,,0.0027312226787355415,0.007476863980932695,-0.2882004656827112,,,,,,,
gyro,1778672613.0,32.0,,,,0.002884254216018307,0.007817956997773278,-0.28847518401858624,,,,,,,
gyro,1778672613.0,32.0,,,,0.0030536745066641544,0.008173717536334148,-0.2887295986227698,,,,,,,
gyro,1778672613.0,32.0,,,,0.003203755770030688,0.00845505885336064,-0.2889816849996405,,,,,,,
gyro,1778672613.0,32.0,,,,0.0031567882100320553,0.008627098700927467,-0.2892492526073401,,,,,,,
gyro,1778672613.0,32.0,,,,0.002950157148860337,0.008619675116575694,-0.2895143722363891,,,,,,,
gyro,1778672613.0,32.0,,,,0.002923289421433918,0.008523387448201834,-0.2897770665802374,,,,,,,
gyro,1778672613.0,32.0,,,,0.0028610960704242854,0.008356828641988822,-0.2900551438024841,,,,,,,
gyro,1778672613.0,32.0,,,,0.0027283224509086126,0.008156223152260916,-0.29033067781084076,,,,,,,
gyro,1778672613.0,32.0,,,,0.0026323407185872743,0.007850737185610348,-0.2906036921568821,,,,,,,
gyro,1778672613.0,32.0,,,,0.0026617220435076663,0.007583620837234279,-0.2909097865399262,,,,,,,
gyro,1778672613.0,32.0,,,,0.002673051773296405,0.007372295544936717,-0.29121308242812305,,,,,,,
gyro,1778672613.0,32.0,,,,0.002613148629113258,0.007287387484804685,-0.2914780319550377,,,,,,,
gyro,1778672613.0,32.0,,,,0.0024470937960768776,0.007381081531157894,-0.2917583504784362,,,,,,,
gyro,1778672613.0,32.0,,,,0.0024248142610701342,0.007616176866445062,-0.2920183168250903,,,,,,,
gyro,1778672613.0,32.0,,,,0.0025449910405774055,0.007902465092072125,-0.2922581269714465,,,,,,,
gyro,1778672614.0,33.0,,,,0.0026462898267233187,0.008203926239753944,-0.29249574579289106,,,,,,,
gyro,1778672614.0,33.0,,,,0.002515514520277206,0.008431506857430273,-0.29274897278740325,,,,,,,
gyro,1778672614.0,33.0,,,,0.002350376616895016,0.008550327155998157,-0.29303545277160986,,,,,,,
gyro,1778672614.0,33.0,,,,0.0022578687813128973,0.008543606184149963,-0.2933193157466422,,,,,,,
gyro,1778672614.0,33.0,,,,0.0022373161111153834,0.008483613966521725,-0.29361836341059444,,,,,,,
gyro,1778672614.0,33.0,,,,0.002163620168381082,0.0084063926821158,-0.2938791257816026,,,,,,,
gyro,1778672614.0,33.0,,,,0.0022328180018996516,0.008294323709254328,-0.294173059652771,,,,,,,
gyro,1778672614.0,33.0,,,,0.002265822990004324,0.008201054039583626,-0.29444653348951544,,,,,,,
gyro,1778672614.0,33.0,,,,0.0022096495877300965,0.00825084834650927,-0.29473528567756707,,,,,,,
gyro,1778672614.0,33.0,,,,0.002189538841383943,0.008406846493976652,-0.2950036266413893,,,,,,,
gyro,1778672614.0,33.0,,,,0.0022762671476136615,0.008596969272200907,-0.29523395995387014,,,,,,,
gyro,1778672614.0,33.0,,,,0.0022200034526216536,0.008803130407118125,-0.295497747560188,,,,,,,
gyro,1778672614.0,33.0,,,,0.0021820267367197907,0.008847439902519075,-0.2957946742008278,,,,,,,
gyro,1778672614.0,33.0,,,,0.0022332613411335297,0.008820244118621055,-0.2960888907761873,,,,,,,
gyro,1778672614.0,33.0,,,,0.002141848565027805,0.008651107635799581,-0.29639819470825984,,,,,,,
gyro,1778672614.0,33.0,,,,0.0020512699873433595,0.00855461179492069,-0.29666913201637346,,,,,,,
gyro,1778672614.0,33.0,,,,0.001979289499406631,0.008458996471390864,-0.2969198254747797,,,,,,,
gyro,1778672615.0,34.0,,,,0.0020856861330798273,0.00843533806711376,-0.29716823154550154,,,,,,,
gyro,1778672615.0,34.0,,,,0.0022266534335646285,0.00842966620393275,-0.29741437126599946,,,,,,,
gyro,1778672615.0,34.0,,,,0.0022774742712831646,0.008424046084654399,-0.2976582654757487,,,,,,,
gyro,1778672615.0,34.0,,,,0.0024522295454582257,0.008436256180728978,-0.2979177046666217,,,,,,,
gyro,1778672615.0,34.0,,,,0.002589851890967001,0.00839503748821865,-0.2981747773497067,,,,,,,
gyro,1778672615.0,34.0,,,,0.002655142842131253,0.008407510955187937,-0.29839396720165073,,,,,,,
gyro,1778672615.0,34.0,,,,0.002648754658304208,0.008455407938188778,-0.2986289265958882,,,,,,,
gyro,1778672615.0,34.0,,,,0.002571351729384586,0.008556172863781259,-0.2988617432099419,,,,,,,
gyro,1778672615.0,34.0,,,,0.0025301903922681345,0.008709331600435303,-0.2990924367230711,,,,,,,
gyro,1778672615.0,34.0,,,,0.002578241864879378,0.008949931216218506,-0.2993387941251291,,,,,,,
gyro,1778672615.0,34.0,,,,0.002661398553772982,0.00911726852377328,-0.29958290522838443,,,,,,,
gyro,1778672615.0,34.0,,,,0.0028148641273186246,0.009123170142041713,-0.2998425574174585,,,,,,,
gyro,1778672615.0,34.0,,,,0.003002472484751809,0.009075709623581257,-0.30009984237304754,,,,,,,
gyro,1778672615.0,34.0,,,,0.003010691699941811,0.008939851456425509,-0.3003370157522608,,,,,,,
gyro,1778672615.0,34.0,,,,0.002894466840954825,0.008822997476603986,-0.30058979281118764,,,,,,,
gyro,1778672615.0,34.0,,,,0.00279707589499671,0.00900923841891699,-0.30080473494611826,,,,,,,
gyro,1778672615.0,34.0,,,,0.0027716328783406025,0.009176016748074127,-0.30101771791766435,,,,,,,
gyro,1778672616.0,35.0,,,,0.002817480689985884,0.009092550548615793,-0.3012465244230531,,,,,,,
gyro,1778672616.0,35.0,,,,0.002774088575251129,0.0089743162168062,-0.3015087744514063,,,,,,,
gyro,1778672616.0,35.0,,,,0.0027133278053435538,0.008786093888447808,-0.3017686344997336,,,,,,,
gyro,1778672616.0,35.0,,,,0.0026175931476209936,0.008617350606405262,-0.3019728350810992,,,,,,,
gyro,1778672616.0,35.0,,,,0.0025404943608987847,0.008592262050023622,-0.3021929383964814,,,,,,,
gyro,1778672616.0,35.0,,,,0.0025529141002824276,0.00867399040054283,-0.30239327293698454,,,,,,,
gyro,1778672616.0,35.0,,,,0.0026540443268909075,0.008808271909824163,-0.3026095450368705,,,,,,,
gyro,1778672616.0,35.0,,,,0.002700956174643462,0.00887027037018397,-0.30282384666525974,,,,,,,
gyro,1778672616.0,35.0,,,,0.0025875704105769557,0.008931703984725514,-0.3030184335214415,,,,,,,
gyro,1778672616.0,35.0,,,,0.002386407254755467,0.008974815853542525,-0.303229009721209,,,,,,,
gyro,1778672616.0,35.0,,,,0.0022581238654312903,0.008982011376653203,-0.3034554294165686,,,,,,,
gyro,1778672616.0,35.0,,,,0.002344165703896363,0.008989141352939647,-0.30367978656668354,,,,,,,
gyro,1778672616.0,35.0,,,,0.002376130859743123,0.009013967660452819,-0.3038843387723257,,,,,,,
gyro,1778672616.0,35.0,,,,0.0024255658809655446,0.00902080681233566,-0.3040870277954349,,,,,,,
gyro,1778672616.0,35.0,,,,0.0024390290931671555,0.008974292260557003,-0.30432339223044563,,,,,,,
gyro,1778672616.0,35.0,,,,0.002399088105653436,0.008963722407834848,-0.3045220828473802,,,,,,,
gyro,1778672616.0,35.0,,,,0.0023062300240876115,0.008971018198187538,-0.30471896389982533,,,,,,,
gyro,1778672616.0,35.0,,,,0.002285257799224676,0.009013767640521758,-0.3048962918929816,,,,,,,
gyro,1778672616.0,35.0,,,,0.0023888043596403245,0.009073887590447909,-0.3050720050097905,,,,,,,
gyro,1778672616.0,35.0,,,,0.0025624463317115787,0.009115700480016444,-0.3052638776048557,,,,,,,
gyro,1778672617.0,36.0,,,,0.0025746637692012075,0.009139373259082054,-0.3054717623662893,,,,,,,
gyro,1778672617.0,36.0,,,,0.0025334925352603586,0.009091784823691794,-0.30567775419644233,,,,,,,
gyro,1778672617.0,36.0,,,,0.0024038924629489417,0.008991352923217316,-0.30588187040082804,,,,,,,
gyro,1778672617.0,36.0,,,,0.0023109989180209525,0.008891835456322682,-0.30608412812488434,,,,,,,
gyro,1778672617.0,36.0,,,,0.0022011835434719846,0.008828741071720832,-0.3062667858520922,,,,,,,
gyro,1778672617.0,36.0,,,,0.00223444344948754,0.00883726340854043,-0.3064655388942056,,,,,,,
gyro,1778672617.0,36.0,,,,0.0023384420371936475,0.00895225674114555,-0.30666248247700056,,,,,,,
gyro,1778672617.0,36.0,,,,0.0023882110557858277,0.009119485994660795,-0.3068398752344948,,,,,,,
gyro,1778672617.0,36.0,,,,0.0024730515084583305,0.009302950590447225,-0.3070156531055872,,,,,,,
gyro,1778672617.0,36.0,,,,0.002539362129988089,0.009342675865098167,-0.3071365492051094,,,,,,,
gyro,1778672617.0,36.0,,,,0.0026050691347690546,0.009222214479863704,-0.30729186855225815,,,,,,,
gyro,1778672617.0,36.0,,,,0.0027412066142864676,0.008889745685371278,-0.3074457740922955,,,,,,,
gyro,1778672617.0,36.0,,,,0.002964898842458111,0.008489275265635787,-0.3076693065943646,,,,,,,
gyro,1778672617.0,36.0,,,,0.0032043118047889304,0.008092449938990819,-0.3078552909229783,,,,,,,
gyro,1778672617.0,36.0,,,,0.003263970463174484,0.007859055032382574,-0.3080218258537864,,,,,,,
gyro,1778672617.0,36.0,,,,0.0032165383912409876,0.007858627213652037,-0.3081868450678658,,,,,,,
gyro,1778672617.0,36.0,,,,0.0031517817347569703,0.008018027946861347,-0.3083503624033686,,,,,,,
gyro,1778672617.0,36.0,,,,0.0031763949791684468,0.008193734087640715,-0.3084946354605718,,,,,,,
gyro,1778672618.0,37.0,,,,0.0033073290093705654,0.008421109020751648,-0.3086553514765403,,,,,,,
gyro,1778672618.0,37.0,,,,0.00343707147663469,0.008610903151929014,-0.30881460489911056,,,,,,,
gyro,1778672618.0,37.0,,,,0.0033703121875172286,0.008727938482042853,-0.30897240907704254,,,,,,,
gyro,1778672618.0,37.0,,,,0.003179862947796968,0.008719611329670189,-0.30912877723622667,,,,,,,
gyro,1778672618.0,37.0,,,,0.0030799324993812166,0.008711359952484002,-0.3093014778119166,,,,,,,
gyro,1778672618.0,37.0,,,,0.0030874424738396447,0.008667673291914889,-0.30947260689125244,,,,,,,
gyro,1778672618.0,37.0,,,,0.003219178475003891,0.008642139188938816,-0.3096421788125435,,,,,,,
gyro,1778672618.0,37.0,,,,0.0034562542676178235,0.008581327630212465,-0.3098279626787721,,,,,,,
gyro,1778672618.0,37.0,,,,0.0035846353031739695,0.008592097507287884,-0.3099765466057335,,,,,,,
gyro,1778672618.0,37.0,,,,0.0037296028619070217,0.008656033252177689,-0.31014153323644006,,,,,,,
gyro,1778672618.0,37.0,,,,0.003873251438982173,0.00877265073568171,-0.310269509772422,,,,,,,
gyro,1778672618.0,37.0,,,,0.004033347417503244,0.008905970647251023,-0.3103963219451196,,,,,,,
gyro,1778672618.0,37.0,,,,0.004174232610860487,0.00903807760695584,-0.3105042261505435,,,,,,,
gyro,1778672618.0,37.0,,,,0.004349353332962949,0.009097957202810652,-0.31057563137677374,,,,,,,
gyro,1778672618.0,37.0,,,,0.004487363833906519,0.00910403012250862,-0.3106641409528779,,,,,,,
gyro,1778672618.0,37.0,,,,0.004624118788055434,0.009145555489398173,-0.31075184531551053,,,,,,,
gyro,1778672618.0,37.0,,,,0.004759629643284751,0.009133432816500016,-0.3108742683510774,,,,,,,
gyro,1778672618.0,37.0,,,,0.004787377000462493,0.009085913207628513,-0.3110133313003483,,,,,,,
gyro,1778672618.0,37.0,,,,0.004779364957577132,0.008985565404156341,-0.3111333757125533,,,,,,,
gyro,1778672619.0,38.0,,,,0.004771425798202873,0.008974897329259495,-0.31125232811135106,,,,,,,
gyro,1778672619.0,38.0,,,,0.004781312123843099,0.008928819765493156,-0.31138795171707173,,,,,,,
gyro,1778672619.0,38.0,,,,0.004702342740691447,0.00890091449746412,-0.31146907307867033,,,,,,,
gyro,1778672619.0,38.0,,,,0.004624091681442453,0.008944284342925334,-0.3115494565414691,,,,,,,
gyro,1778672619.0,38.0,,,,0.004528799457718657,0.008951753810388824,-0.311646870862342,,,,,,,
gyro,1778672619.0,38.0,,,,0.0045586438636307115,0.008888134897408672,-0.31172563718439095,,,,,,,
gyro,1778672619.0,38.0,,,,0.004694742311378478,0.008842847380879445,-0.3118214488926376,,,,,,,
gyro,1778672619.0,38.0,,,,0.004687572698560197,0.008780219146809407,-0.3119163891366441,,,,,,,
gyro,1778672619.0,38.0,,,,0.00460945815397738,0.008718160544045802,-0.3120104658574166,,,,,,,
gyro,1778672619.0,38.0,,,,0.004620816277407931,0.008709923698405196,-0.3121036869232084,,,,,,,
gyro,1778672619.0,38.0,,,,0.004667584874026789,0.00871952320139887,-0.31217829869684127,,,,,,,
gyro,1778672619.0,38.0,,,,0.004713928110404906,0.008729035396942681,-0.31223447962648265,,,,,,,
gyro,1778672619.0,38.0,,,,0.004777602020183401,0.008738461080450175,-0.3123434151636233,,,,,,,
gyro,1778672619.0,38.0,,,,0.004840696833894589,0.008765553108372326,-0.31241584673681,,,,,,,
gyro,1778672619.0,38.0,,,,0.004956473766511698,0.008810150725603658,-0.3124698675955359,,,,,,,
gyro,1778672619.0,38.0,,,,0.005000190200292024,0.008836590859310729,-0.3125411490576411,,,,,,,
gyro,1778672619.0,38.0,,,,0.004936989127263111,0.008880542345955311,-0.3126117822639475,,,,,,,
gyro,1778672619.0,38.0,,,,0.005016385697772664,0.00888859068179448,-0.31269953393253297,,,,,,,
gyro,1778672619.0,38.0,,,,0.0051483151569443105,0.008843301810851354,-0.31275097520971296,,,,,,,
gyro,1778672620.0,39.0,,,,0.0051725264032942775,0.008869440127276867,-0.3128019486835788,,,,,,,
gyro,1778672620.0,39.0,,,,0.005161014513700646,0.008806574248666616,-0.3128347071327801,,,,,,,
gyro,1778672620.0,39.0,,,,0.005149607309608508,0.008779782860468145,-0.31286716768695255,,,,,,,
gyro,1778672620.0,39.0,,,,0.005049547200095081,0.00869998111899302,-0.3128993330589051,,,,,,,
gyro,1778672620.0,39.0,,,,0.004950396982239317,0.008603153798233726,-0.31294895718911236,,,,,,,
gyro,1778672620.0,39.0,,,,0.0048521483706620945,0.008542709318442209,-0.31298037889162644,,,,,,,
gyro,1778672620.0,39.0,,,,0.0048435486879025765,0.008500565580289596,-0.31301151486955525,,,,,,,
gyro,1778672620.0,39.0,,,,0.00488828939831826,0.008494307130733328,-0.3130246166890961,,,,,,,
gyro,1778672620.0,39.0,,,,0.004843859363960532,0.008488105589296064,-0.31305535033934434,,,,,,,
gyro,1778672620.0,39.0,,,,0.004817584224586053,0.008499720424028499,-0.31308580453159124,,,,,,,
gyro,1778672620.0,39.0,,,,0.004738295510050179,0.008493469728560046,-0.31304497849058704,,,,,,,
gyro,1778672620.0,39.0,,,,0.00469522927114104,0.008505035721557466,-0.31307552672359534,,,,,,,
gyro,1778672620.0,39.0,,,,0.004741317199900332,0.00853424724868425,-0.3130880464949724,,,,,,,
gyro,1778672620.0,39.0,,,,0.004751475714897215,0.008580943805497922,-0.3130472005244414,,,,,,,
gyro,1778672620.0,39.0,,,,0.004637287855031938,0.008573954971396675,-0.3130067259416925,,,,,,,
gyro,1778672620.0,39.0,,,,0.004488628113991365,0.008478277124817803,-0.31301987090030947,,,,,,,
gyro,1778672620.0,39.0,,,,0.004501083167345715,0.008401219652301978,-0.3130151458910862,,,,,,,
gyro,1778672620.0,39.0,,,,0.004442423410102269,0.008324862795320916,-0.3130637150180475,,,,,,,
gyro,1778672621.0,40.0,,,,0.0042955362310111425,0.008266950510752259,-0.31309409221937806,,,,,,,
gyro,1778672621.0,40.0,,,,0.004096733710763017,0.008209564761095562,-0.31308869267953116,,,,,,,
gyro,1778672621.0,40.0,,,,0.003793228260347571,0.008152700754143932,-0.31311884267297563,,,,,,,
gyro,1778672621.0,40.0,,,,0.0036877522107543327,0.008185113658714322,-0.3131664687154543,,,,,,,
gyro,1778672621.0,40.0,,,,0.0035477258038593374,0.008199481763753689,-0.31321366175708426,,,,,,,
gyro,1778672621.0,40.0,,,,0.0033734723437499974,0.00821371923972778,-0.31326042573845203,,,,,,,
gyro,1778672621.0,40.0,,,,0.0032185531189188378,0.00817456816711737,-0.3133067645641774,,,,,,,
gyro,1778672621.0,40.0,,,,0.0031893011094955154,0.008206781944409521,-0.3133526821032445,,,,,,,
gyro,1778672621.0,40.0,,,,0.0032135647563204606,0.008309702475427757,-0.3133804322841187,,,,,,,
gyro,1778672621.0,40.0,,,,0.003219857959493811,0.00839393747057798,-0.3134079301801669,,,,,,,
gyro,1778672621.0,40.0,,,,0.0031728445273691715,0.008441907052658069,-0.31348843659799064,,,,,,,
gyro,1778672621.0,40.0,,,,0.003055250372553203,0.008471690776744164,-0.3135504522725275,,,,,,,
gyro,1778672621.0,40.0,,,,0.003062982355118308,0.00848345402179912,-0.3136119041585528,,,,,,,
gyro,1778672621.0,40.0,,,,0.0029818957091163976,0.008406352901693845,-0.31367279738587045,,,,,,,
gyro,1778672621.0,40.0,,,,0.002883796593217513,0.008347702324432386,-0.3137331370374913,,,,,,,
gyro,1778672621.0,40.0,,,,0.0027155818808909373,0.008360592332396301,-0.3138106868166642,,,,,,,
gyro,1778672621.0,40.0,,,,0.0026021449774101526,0.00842661376455921,-0.3138697729840358,,,,,,,
gyro,1778672621.0,40.0,,,,0.002613994831276798,0.008474285521991738,-0.3139815795805114,,,,,,,
gyro,1778672621.0,40.0,,,,0.0026967438520884434,0.008503774461414955,-0.31407462033113726,,,,,,,
gyro,1778672622.0,41.0,,,,0.002796490044504392,0.008515245919551993,-0.3141668152861118,,,,,,,
gyro,1778672622.0,41.0,,,,0.0028243229268528247,0.008508854638796878,-0.31425817213998397,,,,,,,
gyro,1778672622.0,41.0,,,,0.00285190279522834,0.008573527863549413,-0.31436644784652795,,,,,,,
gyro,1778672622.0,41.0,,,,0.0030034860729741607,0.00861986389171992,-0.3144559899920799,,,,,,,
gyro,1778672622.0,41.0,,,,0.0030826943964128383,0.008754534058901161,-0.3145092105753583,,,,,,,
gyro,1778672622.0,41.0,,,,0.003143433478243762,0.008887980034928248,-0.3145974548857947,,,,,,,
gyro,1778672622.0,41.0,,,,0.0031148654494032864,0.008966956333521715,-0.31468489703471086,,,,,,,
gyro,1778672622.0,41.0,,,,0.0030510588253647693,0.009027465581579604,-0.3147715443188434,,,,,,,
gyro,1778672622.0,41.0,,,,0.003129834150377971,0.009140672112124673,-0.3148751530747738,,,,,,,
gyro,1778672622.0,41.0,,,,0.003243391545172796,0.009252849587391065,-0.3149423218768735,,,,,,,
gyro,1778672622.0,41.0,,,,0.003249413389598278,0.009346258330239924,-0.31499112198806556,,,,,,,
gyro,1778672622.0,41.0,,,,0.0030956303745636837,0.009403319983564497,-0.31507498560337793,,,,,,,
gyro,1778672622.0,41.0,,,,0.002996501233933954,0.009459862951388258,-0.31515808690566965,,,,,,,
gyro,1778672622.0,41.0,,,,0.003022515731585947,0.009462645136528985,-0.31524043282847375,,,,,,,
gyro,1778672622.0,41.0,,,,0.0031015495697028425,0.009483150938587585,-0.315339779148611,,,,,,,
gyro,1778672622.0,41.0,,,,0.0031266092950644167,0.009432465758797793,-0.3154382224339768,,,,,,,
gyro,1778672622.0,41.0,,,,0.0030626970118109694,0.009346743603896082,-0.3155357708976261,,,,,,,
gyro,1778672622.0,41.0,,,,0.0030171144846522857,0.00927954944965684,-0.31563243267779006,,,,,,,
gyro,1778672623.0,42.0,,,,0.0030784480827575353,0.009212966065122966,-0.31572821583856137,,,,,,,
gyro,1778672623.0,42.0,,,,0.0030327225612573187,0.009164736651459076,-0.31580537961474303,,,,,,,
gyro,1778672623.0,42.0,,,,0.003022910118185646,0.00908144816617023,-0.315881842007972,,,,,,,
gyro,1778672623.0,42.0,,,,0.0031374368484202077,0.008963419332340948,-0.3159576093968123,,,,,,,
gyro,1778672623.0,42.0,,,,0.0032864199372883087,0.008739962196839368,-0.3160326881017301,,,,,,,
gyro,1778672623.0,42.0,,,,0.003398551568310183,0.008536284799378784,-0.3161425816753088,,,,,,,
gyro,1778672623.0,42.0,,,,0.0034564181387169287,0.008298961463952252,-0.3161804728245861,,,,,,,
gyro,1778672623.0,42.0,,,,0.003389509506871121,0.008152547287391855,-0.31627127443361747,,,,,,,
gyro,1778672623.0,42.0,,,,0.0034119518606268826,0.008149452445473864,-0.31634350215395524,,,,,,,
gyro,1778672623.0,42.0,,,,0.003434190230249606,0.008235137529534652,-0.3164328219202564,,,,,,,
gyro,1778672623.0,42.0,,,,0.0033497353684434623,0.008497538062003604,-0.316503581323371,,,,,,,
gyro,1778672623.0,42.0,,,,0.003248299638637843,0.008739805097810697,-0.31659144607487755,,,,,,,
gyro,1778672623.0,42.0,,,,0.003289773624711622,0.00896212166646261,-0.31667851221169796,,,,,,,
gyro,1778672623.0,42.0,,,,0.003330870649580227,0.009111423794530806,-0.31676478699569766,,,,,,,
gyro,1778672623.0,42.0,,,,0.0033006004494780246,0.009135120858099229,-0.31685027762262435,,,,,,,
gyro,1778672623.0,42.0,,,,0.003057606396052287,0.00914085413797683,-0.3169349912227123,,,,,,,
gyro,1778672623.0,42.0,,,,0.0029233202719953608,0.009111029463752116,-0.31703668323957934,,,,,,,
gyro,1778672623.0,42.0,,,,0.0030564981941304703,0.009152478379061824,-0.3171374509815933,,,,,,,
gyro,1778672623.0,42.0,,,,0.00324171976533515,0.009158053897474578,-0.31720180618212,,,,,,,
gyro,1778672624.0,43.0,,,,0.003372003845879122,0.009181327055004202,-0.3172123224339026,,,,,,,
gyro,1778672624.0,43.0,,,,0.0033768566470492338,0.009133386422646293,-0.3172759970743077,,,,,,,
gyro,1778672624.0,43.0,,,,0.00343491925085739,0.009014888419716073,-0.3173390929865206,,,,,,,
gyro,1778672624.0,43.0,,,,0.003545698896993459,0.00886197091383012,-0.3174016154324409,,,,,,,
gyro,1778672624.0,43.0,,,,0.003708716395708366,0.008657189449108727,-0.31741031583481544,,,,,,,
gyro,1778672624.0,43.0,,,,0.003870252270284688,0.008472017405924003,-0.31734794429967983,,,,,,,
gyro,1778672624.0,43.0,,,,0.003977075401375245,0.008395026606396532,-0.3172683914448686,,,,,,,
gyro,1778672624.0,43.0,,,,0.004029683115683717,0.008442981887895629,-0.31715406526428963,,,,,,,
gyro,1778672624.0,43.0,,,,0.004170553497777958,0.008579251209187901,-0.31702302090729956,,,,,,,
gyro,1778672624.0,43.0,,,,0.004239150991030581,0.00867877665638568,-0.3169464210791568,,,,,,,
gyro,1778672624.0,43.0,,,,0.00420062719065862,0.00879514568142195,-0.3168882655615376,,,,,,,
gyro,1778672624.0,43.0,,,,0.004055955781146096,0.008839464645666912,-0.3168306385947818,,,,,,,
gyro,1778672624.0,43.0,,,,0.0038948511338079994,0.008830127453526092,-0.31679128346482915,,,,,,,
gyro,1778672624.0,43.0,,,,0.0039482057619780655,0.00876763089850363,-0.3167167898654948,,,,,,,
gyro,1778672624.0,43.0,,,,0.004036571593705624,0.008741198460481676,-0.31664297330121516,,,,,,,
gyro,1778672624.0,43.0,,,,0.003999888928686896,0.008732754295657516,-0.3165698276169385,,,,,,,
gyro,1778672624.0,43.0,,,,0.003999035706339351,0.00875989201685465,-0.3164618506595462,,,,,,,
gyro,1778672624.0,43.0,,,,0.003909450179886142,0.008751277987865475,-0.31637260305457066,,,,,,,
gyro,1778672624.0,43.0,,,,0.00394491481950915,0.008707246253324306,-0.316284166567865,,,,,,,
gyro,1778672624.0,43.0,,,,0.003980057142979891,0.008645866714070083,-0.31617878584374637,,,,,,,
gyro,1778672625.0,44.0,,,,0.003872896341394305,0.008460800154876671,-0.31610985879217124,,,,,,,
gyro,1778672625.0,44.0,,,,0.0037844574063432643,0.00829516349594217,-0.31609480203221724,,,,,,,
gyro,1778672625.0,44.0,,,,0.0037500660495893424,0.008219780978320785,-0.3160976300519786,,,,,,,
gyro,1778672625.0,44.0,,,,0.0036804914007559047,0.008180579409947805,-0.3160826844444582,,,,,,,
gyro,1778672625.0,44.0,,,,0.003540548330083847,0.008283726498994738,-0.31608562257861217,,,,,,,
gyro,1778672625.0,44.0,,,,0.0034906256781886296,0.008368188262636408,-0.3160530382129046,,,,,,,
gyro,1778672625.0,44.0,,,,0.0035298961633021724,0.008505135162725351,-0.31603849786713917,,,,,,,
gyro,1778672625.0,44.0,,,,0.003586566710324994,0.008605332627054122,-0.31598859392130135,,,,,,,
gyro,1778672625.0,44.0,,,,0.003607217416278965,0.008686871617168105,-0.31595689137250094,,,,,,,
gyro,1778672625.0,44.0,,,,0.003609932596974923,0.00867892123901422,-0.3159254769419617,,,,,,,
gyro,1778672625.0,44.0,,,,0.003630370937662574,0.008706547874548018,-0.31592984368257393,,,,,,,
gyro,1778672625.0,44.0,,,,0.0037393717399181823,0.008787166907768712,-0.3159164229135472,,,,,,,
gyro,1778672625.0,44.0,,,,0.003776381592731088,0.00883155764078284,-0.3159031241140559,,,,,,,
gyro,1778672625.0,44.0,,,,0.003795307295274955,0.008840049344338905,-0.3158721983743824,,,,,,,
gyro,1778672625.0,44.0,,,,0.0039028090357728397,0.008866211664359904,-0.3158593014801717,,,,,,,
gyro,1778672625.0,44.0,,,,0.004151325110722377,0.008874388440751717,-0.31582877401504683,,,,,,,
gyro,1778672625.0,44.0,,,,0.00430883473239615,0.008846986282946513,-0.31579852398502567,,,,,,,
gyro,1778672625.0,44.0,,,,0.004393921872406177,0.008802085399577584,-0.3157685488682656,,,,,,,
gyro,1778672626.0,45.0,,,,0.004549226726383186,0.008793088069825306,-0.31573884616586056,,,,,,,
gyro,1778672626.0,45.0,,,,0.004685372433188631,0.008837424804939627,-0.3157271611382008,,,,,,,
gyro,1778672626.0,45.0,,,,0.004767037670361752,0.008828106341558785,-0.31569783457739836,,,,,,,
gyro,1778672626.0,45.0,,,,0.004794708499094933,0.008783377130869352,-0.3156865222521006,,,,,,,
gyro,1778672626.0,45.0,,,,0.004804380149691788,0.008792306625327054,-0.31569306043960277,,,,,,,
gyro,1778672626.0,45.0,,,,0.004849468387048613,0.008801154969076585,-0.31564629611634676,,,,,,,
gyro,1778672626.0,45.0,,,,0.004805399338439852,0.008792166124334293,-0.3156177044717741,,,,,,,
gyro,1778672626.0,45.0,,,,0.0047617307854249296,0.008801015735621967,-0.3155538773078934,,,,,,,
gyro,1778672626.0,45.0,,,,0.004647468408564337,0.008809784922553241,-0.3155261255382878,,,,,,,
gyro,1778672626.0,45.0,,,,0.004534244434852708,0.008782970006896793,-0.3154986259735263,,,,,,,
gyro,1778672626.0,45.0,,,,0.0044752923825551435,0.00870315582502432,-0.31548912397345613,,,,,,,
gyro,1778672626.0,45.0,,,,0.00439912843437226,0.008624066982990316,-0.3154442130388357,,,,,,,
gyro,1778672626.0,45.0,,,,0.00423490938840391,0.008545696887981746,-0.3153819626124717,,,,,,,
gyro,1778672626.0,45.0,,,,0.004054435110286695,0.008485786634191824,-0.3153557731615596,,,,,,,
gyro,1778672626.0,45.0,,,,0.004035338607665814,0.008444168452866689,-0.31534756933458374,,,,,,,
gyro,1778672626.0,45.0,,,,0.004069658483424973,0.00838518087847457,-0.31530394484034907,,,,,,,
gyro,1778672626.0,45.0,,,,0.003943928950853155,0.008362224577448278,-0.3152607167965257,,,,,,,
gyro,1778672626.0,45.0,,,,0.0037838468297306293,0.008321729302714458,-0.3151823864086073,,,,,,,
gyro,1778672627.0,46.0,,,,0.003642967086208363,0.008263854451689773,-0.3151580106334079,,,,,,,
gyro,1778672627.0,46.0,,,,0.0036808525178163355,0.008224253134021874,-0.31515160396004094,,,,,,,
gyro,1778672627.0,46.0,,,,0.003629655789107242,0.008273758657549743,-0.31509201278866006,,,,,,,
gyro,1778672627.0,46.0,,,,0.0035611767564881,0.008322814287918371,-0.31506845829874286,,,,,,,
gyro,1778672627.0,46.0,,,,0.003582057839074446,0.00837142411416983,-0.31504511786557116,,,,,,,
gyro,1778672627.0,46.0,,,,0.003673748457433957,0.008419592188166868,-0.31502198954360755,,,,,,,
gyro,1778672627.0,46.0,,,,0.0037291107271201444,0.008360828163377259,-0.3149458287678897,,,,,,,
gyro,1778672627.0,46.0,,,,0.0037484657159184654,0.00830259816808927,-0.3149058551962058,,,,,,,
gyro,1778672627.0,46.0,,,,0.0037498972800970895,0.00826264488120993,-0.31488399242431503,,,,,,,
gyro,1778672627.0,46.0,,,,0.003928809271423322,0.008223054676796248,-0.31480908575554645,,,,,,,
gyro,1778672627.0,46.0,,,,0.003964097036354608,0.00816607673494218,-0.3147526073334191,,,,,,,
gyro,1778672627.0,46.0,,,,0.003928074063062946,0.008127364102775037,-0.3147321371953109,,,,,,,
gyro,1778672627.0,46.0,,,,0.00394562097706254,0.008089003277299844,-0.3147118530825688,,,,,,,
gyro,1778672627.0,46.0,,,,0.0039630084310828565,0.00813973765749729,-0.31469175330447374,,,,,,,
gyro,1778672627.0,46.0,,,,0.003980237874395212,0.008154515990534484,-0.3146540886896759,,,,,,,
gyro,1778672627.0,46.0,,,,0.004015058233378902,0.008133655955849894,-0.31459901886625513,,,,,,,
gyro,1778672627.0,46.0,,,,0.004049562158517122,0.008130732973696606,-0.3145799444652565,,,,,,,
gyro,1778672628.0,47.0,,,,0.004083752525732147,0.008092341596126583,-0.3145610434048137,,,,,,,
gyro,1778672628.0,47.0,,,,0.003975652394849438,0.008054299103776301,-0.3145245666357745,,,,,,,
gyro,1778672628.0,47.0,,,,0.003886282101513456,0.008052097262662844,-0.3144706738840423,,,,,,,
gyro,1778672628.0,47.0,,,,0.0037799765043736223,0.00803216796773988,-0.31443501835004123,,,,,,,
gyro,1778672628.0,47.0,,,,0.003710131882839893,0.00806567124319292,-0.31439968683816105,,,,,,,
gyro,1778672628.0,47.0,,,,0.0036586694316233775,0.008116617508637519,-0.3144001713096597,,,,,,,
gyro,1778672628.0,47.0,,,,0.0035366757684557135,0.008149353349061056,-0.3144361462747229,,,,,,,
gyro,1778672628.0,47.0,,,,0.003415790728300769,0.008181791701032391,-0.3145250457326962,,,,,,,
gyro,1778672628.0,47.0,,,,0.0033315081998685366,0.008178431303965839,-0.31457763334915656,,,,,,,
gyro,1778672628.0,47.0,,,,0.00338998014937636,0.008033121974051904,-0.31464749959509636,,,,,,,
gyro,1778672628.0,47.0,,,,0.0034834155920861884,0.007853629200461107,-0.31469897441334715,,,,,,,
gyro,1778672628.0,47.0,,,,0.0035405070891732266,0.007746766356661176,-0.3147854853900026,,,,,,,
gyro,1778672628.0,47.0,,,,0.003685816868140397,0.007711864311210588,-0.3148712101972682,,,,,,,
gyro,1778672628.0,47.0,,,,0.0036878177291871875,0.007783773021128313,-0.3149561559800442,,,,,,,
gyro,1778672628.0,47.0,,,,0.0035833159373834544,0.007979269229826171,-0.3150403298182805,,,,,,,
gyro,1778672628.0,47.0,,,,0.0036039956569711034,0.008119746646159874,-0.3151237387275679,,,,,,,
gyro,1778672628.0,47.0,,,,0.0036777387472798147,0.008223443582234924,-0.31520638965972303,,,,,,,
gyro,1778672629.0,48.0,,,,0.003679813014356984,0.008255208577420708,-0.31530603690269066,,,,,,,
gyro,1778672629.0,48.0,,,,0.0035931314548255534,0.008162444054394506,-0.31540477860416527,,,,,,,
gyro,1778672629.0,48.0,,,,0.003649225829878717,0.008123764700147336,-0.31548487560236976,,,,,,,
gyro,1778672629.0,48.0,,,,0.003687053974687983,0.008174182868364374,-0.3155642447223348,,,,,,,
gyro,1778672629.0,48.0,,,,0.0036180540547419778,0.008259637631550933,-0.3156251451952141,,,,,,,
gyro,1778672629.0,48.0,,,,0.0035674285481714927,0.008379810589378284,-0.31572098699857326,,,,,,,
gyro,1778672629.0,48.0,,,,0.003464020968297593,0.008427901976117964,-0.3157982104684948,,,,,,,
gyro,1778672629.0,48.0,,,,0.0034680373363137865,0.008457808962407252,-0.31589247954800426,,,,,,,
gyro,1778672629.0,48.0,,,,0.003614005249187874,0.008380950866701075,-0.3159326407679354,,,,,,,
gyro,1778672629.0,48.0,,,,0.0037763940555011724,0.008216045295627208,-0.31600794084513983,,,,,,,
gyro,1778672629.0,48.0,,,,0.003937307166361077,0.008034890928192855,-0.31610030400155403,,,,,,,
gyro,1778672629.0,48.0,,,,0.004025768555224295,0.007890886591884706,-0.31617408045614326,,,,,,,
gyro,1778672629.0,48.0,,,,0.003971438122577492,0.007943420887156712,-0.3162116826742253,,,,,,,
gyro,1778672629.0,48.0,,,,0.003917601412626437,0.008119718340007184,-0.31624894318568775,,,,,,,
gyro,1778672629.0,48.0,,,,0.003846506588607439,0.008347655756726564,-0.31630362153300684,,,,,,,
gyro,1778672629.0,48.0,,,,0.003864794565281811,0.008413786607649585,-0.3163932976900549,,,,,,,
gyro,1778672630.0,49.0,,,,0.003847421664445109,0.008408318039399936,-0.31649990626849617,,,,,,,
gyro,1778672630.0,49.0,,,,0.0037947119563041184,0.00831416246220105,-0.3165700513719452,,,,,,,
gyro,1778672630.0,49.0,,,,0.0036359881269491623,0.008203115174870008,-0.31667505371576543,,,,,,,
gyro,1778672630.0,49.0,,,,0.0035674524433735645,0.008128571686270472,-0.31674360719354144,,,,,,,
gyro,1778672630.0,49.0,,,,0.0035172869013867817,0.008072452934429424,-0.31681153770024295,,,,,,,
gyro,1778672630.0,49.0,,,,0.0035385665500643083,0.008123337218409037,-0.3168788508973311,,,,,,,
gyro,1778672630.0,49.0,,,,0.0035419054960436403,0.008244748405342648,-0.3169100486540808,,,,,,,
gyro,1778672630.0,49.0,,,,0.003580708748018157,0.008311814312665654,-0.31694096290554724,,,,,,,
gyro,1778672630.0,49.0,,,,0.0036014120594904738,0.008325028803656338,-0.31700709995836807,,,,,,,
gyro,1778672630.0,49.0,,,,0.003586432594793568,0.008391365166700087,-0.3170548886814999,,,,,,,
gyro,1778672630.0,49.0,,,,0.0035360946208863736,0.008439351391625346,-0.3171199904482328,,,,,,,
gyro,1778672630.0,49.0,,,,0.003610454370393092,0.008433650520092232,-0.3171489968976167,,,,,,,
gyro,1778672630.0,49.0,,,,0.0036841383874491734,0.008463505164583447,-0.3171777397554843,,,,,,,
gyro,1778672630.0,49.0,,,,0.0036506598708607387,0.0084398374951891,-0.3172417251227828,,,,,,,
gyro,1778672630.0,49.0,,,,0.0035287399635019973,0.00834539567458665,-0.31730512903365443,,,,,,,
gyro,1778672630.0,49.0,,,,0.003620913811237021,0.008393799601358588,-0.3173679567722137,,,,,,,
gyro,1778672631.0,50.0,,,,0.003694502742788187,0.008459510968064809,-0.31737696258056813,,,,,,,
gyro,1778672631.0,50.0,,,,0.003802917547978974,0.008524625194299125,-0.3174036338502726,,,,,,,
gyro,1778672631.0,50.0,,,,0.003821601576515057,0.008642389600313828,-0.31744781913467357,,,,,,,
gyro,1778672631.0,50.0,,,,0.003911114087519692,0.008741336548074168,-0.31747384651044097,,,,,,,
gyro,1778672631.0,50.0,,,,0.003875573027511091,0.008821637040208337,-0.3175173937481159,,,,,,,
gyro,1778672631.0,50.0,,,,0.003787113065390377,0.008830218650456191,-0.31754278887972415,,,,,,,
gyro,1778672631.0,50.0,,,,0.0038591916594849667,0.00887421685611212,-0.31756795323795894,,,,,,,
gyro,1778672631.0,50.0,,,,0.003948362541029564,0.009006560761801475,-0.3176283925823734,,,,,,,
gyro,1778672631.0,50.0,,,,0.004018975814244497,0.009048956503120518,-0.3176705354106,,,,,,,
gyro,1778672631.0,50.0,,,,0.004071200119833897,0.009055472414223649,-0.31773004255809134,,,,,,,
gyro,1778672631.0,50.0,,,,0.0040164570694237395,0.009008678180574364,-0.31782450351024005,,,,,,,
gyro,1778672631.0,50.0,,,,0.00394446420513502,0.008838069132589105,-0.31788261150804276,,,,,,,
gyro,1778672631.0,50.0,,,,0.003908620117276819,0.00859802134571245,-0.3179224441834205,,,,,,,
gyro,1778672631.0,50.0,,,,0.003784356285655237,0.008342407665609754,-0.3179796621642549,,,,,,,
gyro,1778672631.0,50.0,,,,0.0037322198607152818,0.00819560955498635,-0.31800085655248067,,,,,,,
gyro,1778672631.0,50.0,,,,0.0036628099412045036,0.008138881804980442,-0.3180218583413262,,,,,,,
gyro,1778672631.0,50.0,,,,0.0035585362264603966,0.008313402256870743,-0.318042669281051,,,,,,,
gyro,1778672631.0,50.0,,,,0.003455210075816937,0.008539578602000093,-0.3180455438363814,,,,,,,
gyro,1778672632.0,51.0,,,,0.003441559218257332,0.00871045781665007,-0.31799515046582716,,,,,,,
gyro,1778672632.0,51.0,,,,0.003463526942572105,0.00859580976850002,-0.31796296229993604,,,,,,,
gyro,1778672632.0,51.0,,,,0.003432053245718679,0.008428952676317311,-0.31791331937172995,,,,,,,
gyro,1778672632.0,51.0,,,,0.003383118295438621,0.008316862736184899,-0.3178641275620638,,,,,,,
gyro,1778672632.0,51.0,,,,0.003423364339015947,0.008347778568602488,-0.31783313003319114,,,,,,,
gyro,1778672632.0,51.0,,,,0.003569737305352895,0.008431655241709333,-0.31778466692667146,,,,,,,
gyro,1778672632.0,51.0,,,,0.0036970328836126434,0.008603515087197117,-0.31770114969926605,,,,,,,
gyro,1778672632.0,51.0,,,,0.003663437289985805,0.008791560455399059,-0.31760064415699846,,,,,,,
gyro,1778672632.0,51.0,,,,0.0037543868675581154,0.008906898895931437,-0.31746554833503354,,,,,,,
gyro,1778672632.0,51.0,,,,0.003933255323750698,0.008914705698837191,-0.3173316801630529,,,,,,,
gyro,1778672632.0,51.0,,,,0.003968502156468996,0.008709456345277224,-0.31719902848480946,,,,,,,
gyro,1778672632.0,51.0,,,,0.0038791979285400665,0.008683553750792161,-0.31704983499346173,,,,,,,
gyro,1778672632.0,51.0,,,,0.003932692322842063,0.008817629970067357,-0.3168665027589111,,,,,,,
gyro,1778672632.0,51.0,,,,0.003879208016874767,0.009056971302249082,-0.31666708925995823,,,,,,,
gyro,1778672632.0,51.0,,,,0.003808462487669818,0.009400630257528271,-0.31643399338372147,,,,,,,
gyro,1778672632.0,51.0,,,,0.0037916015809090434,0.009758913547795848,-0.3162030157060067,,,,,,,
gyro,1778672633.0,52.0,,,,0.003881386454621231,0.010042952049148133,-0.31593863339922673,,,,,,,
gyro,1778672633.0,52.0,,,,0.004059100741561366,0.010253411359883837,-0.31562341186380255,,,,,,,
gyro,1778672633.0,52.0,,,,0.004306189070211622,0.010373221960484567,-0.31527556033416965,,,,,,,
gyro,1778672633.0,52.0,,,,0.004409045024612213,0.01038545127375116,-0.3149131225706567,,,,,,,
gyro,1778672633.0,52.0,,,,0.00451096630304598,0.010344318646025636,-0.31455397836335053,,,,,,,
gyro,1778672633.0,52.0,,,,0.004736201166226118,0.010321307039943772,-0.31416259421522713,,,,,,,
gyro,1778672633.0,52.0,,,,0.004817402270413305,0.010245262828960358,-0.31377476666450665,,,,,,,
gyro,1778672633.0,52.0,,,,0.004755878492029923,0.00993917738311112,-0.31333722167749395,,,,,,,
gyro,1778672633.0,52.0,,,,0.0046416720838126846,0.009671376965516027,-0.3129213999973339,,,,,,,
gyro,1778672633.0,52.0,,,,0.004705984939382368,0.00949474628904595,-0.31247386251052656,,,,,,,
gyro,1778672633.0,52.0,,,,0.004751966134986563,0.00944396042512651,-0.31195939387041083,,,,,,,
gyro,1778672633.0,52.0,,,,0.004868518424254346,0.009553370254392131,-0.31144960032057023,,,,,,,
gyro,1778672633.0,52.0,,,,0.00498401157727713,0.009768278336272838,-0.31092669214389146,,,,,,,
gyro,1778672633.0,52.0,,,,0.005169453233234311,0.009998980733352623,-0.31035529405242895,,,,,,,
gyro,1778672633.0,52.0,,,,0.005353209740689068,0.010156597764281872,-0.30977134114834126,,,,,,,
gyro,1778672633.0,52.0,,,,0.005428803946344612,0.01031278249532942,-0.30913944397295284,,,,,,,
gyro,1778672633.0,52.0,,,,0.005503711211290303,0.010343308251843602,-0.3084777945242124,,,,,,,
gyro,1778672633.0,52.0,,,,0.005631179462481411,0.010320305842686115,-0.3078399048527297,,,,,,,
gyro,1778672634.0,53.0,,,,0.00584623460636086,0.010226523552130832,-0.3071545701374817,,,,,,,
gyro,1778672634.0,53.0,,,,0.0059350958268664525,0.010133593480921367,-0.30649321042897537,,,,,,,
gyro,1778672634.0,53.0,,,,0.005863415429472967,0.010059255110229951,-0.3057491154188958,,,,,,,
gyro,1778672634.0,53.0,,,,0.005881122530519734,0.009950097818186497,-0.3049940349295665,,,,,,,
gyro,1778672634.0,53.0,,,,0.005934172258559617,0.009806438013026976,-0.3042280687881751,,,,,,,
gyro,1778672634.0,53.0,,,,0.006146474008436996,0.009699578120236179,-0.3034513159147342,,,,,,,
gyro,1778672634.0,53.0,,,,0.006285848552453681,0.009629183729785499,-0.30262837988557495,,,,,,,
gyro,1778672634.0,53.0,,,,0.006388462128579353,0.009577176249008649,-0.30177741851220286,,,,,,,
gyro,1778672634.0,53.0,,,,0.0063836508222147315,0.009596639341246603,-0.30091644277511653,,,,,,,
gyro,1778672634.0,53.0,,,,0.00644988120477073,0.009615925568473405,-0.30004554367660546,,,,,,,
gyro,1778672634.0,53.0,,,,0.0065155097386711104,0.0096350365379185,-0.29912931695320827,,,,,,,
gyro,1778672634.0,53.0,,,,0.006562794674431898,0.009653973842205331,-0.2981681654200346,,,,,,,
gyro,1778672634.0,53.0,,,,0.006627397140657369,0.0096904862774586,-0.2971802536239039,,,,,,,
gyro,1778672634.0,53.0,,,,0.00674465420349724,0.009744414134358215,-0.2961658247409102,,,,,,,
gyro,1778672634.0,53.0,,,,0.006789856862150814,0.009762357505108501,-0.2950718690003062,,,,,,,
gyro,1778672634.0,53.0,,,,0.006834648755498109,0.009673645438130915,-0.2939346125993619,,,,,,,
gyro,1778672634.0,53.0,,,,0.006879033616288164,0.009603486730080065,-0.29277219623565937,,,,,,,
gyro,1778672634.0,53.0,,,,0.0067810283389304156,0.009569459996960785,-0.29156709224093685,,,,,,,
gyro,1778672635.0,54.0,,,,0.006683913654201418,0.009517995257218626,-0.29035519204179844,,,,,,,
gyro,1778672635.0,54.0,,,,0.006587681469023464,0.00952024891471874,-0.28908331575586615,,,,,,,
gyro,1778672635.0,54.0,,,,0.006474576551057217,0.009451484154420221,-0.2878052500368635,,,,,,,
gyro,1778672635.0,54.0,,,,0.006397993863140515,0.009383344272407015,-0.286521042041599,,,,,,,
gyro,1778672635.0,54.0,,,,0.006410843154567844,0.00929807637860077,-0.28519526224940517,,,,,,,
gyro,1778672635.0,54.0,,,,0.006423575682094949,0.009160341696826831,-0.2838460356425657,,,,,,,
gyro,1778672635.0,54.0,,,,0.006453948804436339,0.008952860706462087,-0.28247356619943986,,,,,,,
gyro,1778672635.0,54.0,,,,0.006519540340504986,0.008747265134074332,-0.2810780742190649,,,,,,,
gyro,1778672635.0,54.0,,,,0.006566788624858869,0.008561285055750075,-0.27965976891138894,,,,,,,
gyro,1778672635.0,54.0,,,,0.006631354764295743,0.0083947422212119,-0.2782543520029287,,,,,,,
gyro,1778672635.0,54.0,,,,0.006606589050617422,0.008336205128892724,-0.27679071753993173,,,,,,,
gyro,1778672635.0,54.0,,,,0.006599795595290639,0.00827819997372223,-0.2752871326774631,,,,,,,
gyro,1778672635.0,54.0,,,,0.006539822251337113,0.008220721921845963,-0.27377946395417285,,,,,,,
gyro,1778672635.0,54.0,,,,0.00651588830958025,0.00811052456284355,-0.2722144977725327,,,,,,,
gyro,1778672635.0,54.0,,,,0.006438930240792124,0.00798358138058094,-0.2705927638927411,,,,,,,
gyro,1778672635.0,54.0,,,,0.006415913121267423,0.007893286165331656,-0.2689857669971911,,,,,,,
gyro,1778672635.0,54.0,,,,0.0064285995731832345,0.0077860642733006405,-0.2673223843455221,,,,,,,
gyro,1778672635.0,54.0,,,,0.0064589270331612166,0.0076798167255208456,-0.2656386136484698,,,,,,,
gyro,1778672636.0,55.0,,,,0.006542220515640694,0.007574534667879707,-0.26393464926267474,,,,,,,
gyro,1778672636.0,55.0,,,,0.006589262687578304,0.0075057037348120826,-0.26222842189549356,,,,,,,
gyro,1778672636.0,55.0,,,,0.0066536245827036366,0.007455245484042957,-0.2604844486159532,,,,,,,
gyro,1778672636.0,55.0,,,,0.006699654406928091,0.007352004146625857,-0.2586853343118387,,,,,,,
gyro,1778672636.0,55.0,,,,0.006727518747414568,0.007249700981109058,-0.25686707446524626,,,,,,,
gyro,1778672636.0,55.0,,,,0.0067551298798345935,0.007130580259750011,-0.2550120867652001,,,,,,,
gyro,1778672636.0,55.0,,,,0.006764733816060235,0.0070657836146752655,-0.2531917119461525,,,,,,,
gyro,1778672636.0,55.0,,,,0.006738756076585538,0.0069838285862621665,-0.25135237569445773,,,,,,,
gyro,1778672636.0,55.0,,,,0.006695267200107139,0.0069203654983249815,-0.24949425940271647,,,,,,,
gyro,1778672636.0,55.0,,,,0.006634426313671528,0.006839731909485299,-0.24761753372801829,,,,,,,
gyro,1778672636.0,55.0,,,,0.006574138298677091,0.006706589450546045,-0.24575786217743376,,,,,,,
gyro,1778672636.0,55.0,,,,0.0065143981310528355,0.006574656879608511,-0.24387958628898693,,,,,,,
gyro,1778672636.0,55.0,,,,0.006508442431365669,0.00642616691533343,-0.24201837860957517,,,,,,,
gyro,1778672636.0,55.0,,,,0.0065202880514246015,0.006296782590718286,-0.24013858963787416,,,,,,,
gyro,1778672636.0,55.0,,,,0.006496531630445445,0.0061508177169876214,-0.2382226410259289,,,,,,,
gyro,1778672636.0,55.0,,,,0.006490738286632836,0.006023935536144642,-0.23630635575966633,,,,,,,
gyro,1778672636.0,55.0,,,,0.006502744786170869,0.005898206354755111,-0.23437198969938214,,,,,,,
gyro,1778672636.0,55.0,,,,0.006479147784775902,0.005773619695256891,-0.23243744525871887,,,,,,,
gyro,1778672636.0,55.0,,,,0.006438018015611845,0.005632408890538374,-0.23053823662752468,,,,,,,
gyro,1778672636.0,55.0,,,,0.00639726199942992,0.0055102375760883796,-0.2286562864177616,,,,,,,
gyro,1778672637.0,56.0,,,,0.006374623536838668,0.005389176452422117,-0.2267204399233189,,,,,,,
gyro,1778672637.0,56.0,,,,0.006316696400310906,0.00528696262767115,-0.2248199319794105,,,,,,,
gyro,1778672637.0,56.0,,,,0.006259295657124276,0.005203424832995872,-0.22288345267216064,,,,,,,
gyro,1778672637.0,56.0,,,,0.0062379109159817715,0.005102898963776738,-0.22094682327136816,,,,,,,
gyro,1778672637.0,56.0,,,,0.006234467697235894,0.005038780981009874,-0.21904553953194209,,,,,,,
gyro,1778672637.0,56.0,,,,0.006213308572078014,0.004957498453229186,-0.21716153306549463,,,,,,,
gyro,1778672637.0,56.0,,,,0.006156847332871418,0.004876954552894989,-0.21529464686982955,,,,,,,
gyro,1778672637.0,56.0,,,,0.006118646360973148,0.004779395373005335,-0.21342697817454395,,,,,,,
gyro,1778672637.0,56.0,,,,0.006098539722108218,0.004718217118382932,-0.21155852500267883,,,,,,,
gyro,1778672637.0,56.0,,,,0.006043121406682991,0.0046575948003554765,-0.20970705076394272,,,,,,,
gyro,1778672637.0,56.0,,,,0.00597045949219844,0.004597523367013558,-0.20785465397315955,,,,,,,
gyro,1778672637.0,56.0,,,,0.005916205061991797,0.004537997812356163,-0.20600134301322684,,,,,,,
gyro,1778672637.0,56.0,,,,0.005826949263147254,0.004496760369507,-0.20418262057814038,,,,,,,
gyro,1778672637.0,56.0,,,,0.005773998932668936,0.00445589765783846,-0.20234493077537494,,,,,,,
gyro,1778672637.0,56.0,,,,0.005721529770218051,0.004379911885807153,-0.20054168754363083,,,,,,,
gyro,1778672637.0,56.0,,,,0.005722778982039139,0.00434011099428502,-0.19875483066765928,,,,,,,
gyro,1778672637.0,56.0,,,,0.005706269649405345,0.004265177394388885,-0.19694871685607024,,,,,,,
gyro,1778672638.0,57.0,,,,0.0057076575321106686,0.004226419112765358,-0.19515901548436598,,,,,,,
gyro,1778672638.0,57.0,,,,0.0056735384184791625,0.00418801303372098,-0.1933855774095009,,,,,,,
gyro,1778672638.0,57.0,,,,0.005657476542561351,0.004149955956722516,-0.1916282548437383,,,,,,,
gyro,1778672638.0,57.0,,,,0.005606066239865975,0.004129991902096073,-0.18988690134233377,,,,,,,
gyro,1778672638.0,57.0,,,,0.0055551231105959355,0.004092462072381159,-0.18814362459976933,,,,,,,
gyro,1778672638.0,57.0,,,,0.005486895718105595,0.004055273282060162,-0.18641618928383086,,,,,,,
gyro,1778672638.0,57.0,,,,0.005419288318510027,0.004000675240897961,-0.18473994582275174,,,,,,,
gyro,1778672638.0,57.0,,,,0.005334548086873568,0.00392882614964166,-0.18304344026350694,,,,,,,
gyro,1778672638.0,57.0,,,,0.00530381947504139,0.003875377152917856,-0.18138009830302515,,,,,,,
gyro,1778672638.0,57.0,,,,0.005291117289390254,0.0038401610460145823,-0.17973187138731544,,,,,,,
gyro,1778672638.0,57.0,,,,0.0052430361497394,0.0038052649532922694,-0.17808087497278924,,,,,,,
gyro,1778672638.0,57.0,,,,0.005177644740617922,0.0038061803470611534,-0.1764803757965227,,,,,,,
gyro,1778672638.0,57.0,,,,0.005112847553252933,0.0038070874225065677,-0.17487667341157678,,,,,,,
gyro,1778672638.0,57.0,,,,0.005066386377645158,0.003772491875612412,-0.17332303849513947,,,,,,,
gyro,1778672638.0,57.0,,,,0.0050026002122098125,0.003738210703735671,-0.17174802731717997,,,,,,,
gyro,1778672638.0,57.0,,,,0.004957140870832828,0.003721988239543371,-0.17016958131642382,,,,,,,
gyro,1778672638.0,57.0,,,,0.004894347436129831,0.003670418812794898,-0.1686232260839376,,,,,,,
gyro,1778672638.0,57.0,,,,0.004832124614906467,0.0036193180052608194,-0.16709092281634438,,,,,,,
gyro,1778672638.0,57.0,,,,0.004788214410839588,0.003586428747458223,-0.16557254382091138,,,,,,,
gyro,1778672639.0,58.0,,,,0.004744703225444802,0.003553838359320512,-0.16406796256528322,,,,,,,
gyro,1778672639.0,58.0,,,,0.00468384024414628,0.00355703850220969,-0.16257705366693706,,,,,,,
gyro,1778672639.0,58.0,,,,0.004605783145478018,0.003489220811056585,-0.1610996928827335,,,,,,,
gyro,1778672639.0,58.0,,,,0.004528435363425816,0.0034575137661033793,-0.15963575709856231,,,,,,,
gyro,1778672639.0,58.0,,,,0.004469537640464792,0.003426094847837372,-0.1581673771309224,,,,,,,
gyro,1778672639.0,58.0,,,,0.004428922317970592,0.003394961438000787,-0.15673008774061173,,,,,,,
gyro,1778672639.0,58.0,,,,0.004370928885137066,0.003364110942128609,-0.1553058592145478,,,,,,,
gyro,1778672639.0,58.0,,,,0.004331209635035409,0.003333540789332372,-0.15391232005410552,,,,,,,
gyro,1778672639.0,58.0,,,,0.004291851319698847,0.003320995619668451,-0.1525314441923972,,,,,,,
gyro,1778672639.0,58.0,,,,0.004235103471806177,0.003290817262389921,-0.1511453693683937,,,,,,,
gyro,1778672639.0,58.0,,,,0.004178871300069052,0.0032609131403439147,-0.14975414282568617,,,,,,,
gyro,1778672639.0,58.0,,,,0.004140897305625924,0.003213533574331652,-0.14837555856573295,,,,,,,
gyro,1778672639.0,58.0,,,,0.004121015573562711,0.00316658455348121,-0.14702724889299465,,,,,,,
gyro,1778672639.0,58.0,,,,0.004101314509751271,0.003155556539190048,-0.14569119151048174,,,,,,,
gyro,1778672639.0,58.0,,,,0.0040640452856370805,0.0031268815513088564,-0.14436727507955266,,,,,,,
gyro,1778672639.0,58.0,,,,0.004009367545814808,0.003098467137289796,-0.14309088364666167,,,,,,,
gyro,1778672639.0,58.0,,,,0.00397293385724914,0.003088058115800662,-0.14177284941189722,,,,,,,
gyro,1778672639.0,58.0,,,,0.00393683124699433,0.0030777436826276705,-0.14048453953538304,,,,,,,
gyro,1778672640.0,59.0,,,,0.003865562333865926,0.003032028605610571,-0.13920793672082316,,,,,,,
gyro,1778672640.0,59.0,,,,0.003848182610440851,0.0030044761344312854,-0.13794293458419063,,,,,,,
gyro,1778672640.0,59.0,,,,0.003830960819121001,0.002994921222696017,-0.13670717489427653,,,,,,,
gyro,1778672640.0,59.0,,,,0.003796148338779506,0.002967705951876997,-0.1354648975483964,,,,,,,
gyro,1778672640.0,59.0,,,,0.0037616522045597527,0.002958485176083819,-0.1342161617733477,,,,,,,
gyro,1778672640.0,59.0,,,,0.0037452167275283566,0.002931601005076996,-0.13299652062923675,,,,,,,
gyro,1778672640.0,59.0,,,,0.00369343623078301,0.002904961134471743,-0.1317702153572786,,,,,,,
gyro,1778672640.0,59.0,,,,0.0036598734565393863,0.002878563344270257,-0.1305728008863829,,,,,,,
gyro,1778672640.0,59.0,,,,0.0036266156721330126,0.002852405434648335,-0.1293862674958755,,,,,,,
gyro,1778672640.0,59.0,,,,0.0035936601060715216,0.002826485225772046,-0.12821051630760522,,,,,,,
gyro,1778672640.0,59.0,,,,0.003561004012047686,0.0028008005576160766,-0.12704544934194759,,,,,,,
gyro,1778672640.0,59.0,,,,0.0035286446687105544,0.002775349289783718,-0.12589096950963977,,,,,,,
gyro,1778672640.0,59.0,,,,0.003496579379438663,0.002750129301328498,-0.12474698060368948,,,,,,,
gyro,1778672640.0,59.0,,,,0.00346480547211531,0.0027251384905774274,-0.12361338729135746,,,,,,,
gyro,1778672640.0,59.0,,,,0.003433320298905874,0.0027003747749558553,-0.12249009510621282,,,,,,,
gyro,1778672640.0,59.0,,,,0.003402121236037153,0.0026758360908139167,-0.12137701044026067,,,,,,,
gyro,1778672640.0,59.0,,,,0.003371205683578709,0.002651520393254557,-0.12027404053614113,,,,,,,
gyro,1778672640.0,59.0,,,,0.0033405710652262043,0.0026274256559631172,-0.11918109347939938,,,,,,,
gyro,1778672641.0,60.0,,,,0.0033102148280866983,0.0026035498710384707,-0.11809807819082588,,,,,,,
gyro,1778672641.0,60.0,,,,0.0032801344424659047,0.002579891048825693,-0.1170249044188662,,,,,,,
gyro,1778672641.0,60.0,,,,0.003250327401657376,0.002556447217750252,-0.11596148273209991,,,,,,,
gyro,1778672641.0,60.0,,,,0.003220791221733605,0.002533216424153708,-0.11490772451178767,,,,,,,
gyro,1778672641.0,60.0,,,,0.0031915234413390265,0.0025101967321309,-0.11386354194448622,,,,,,,
gyro,1778672641.0,60.0,,,,0.003162521621484897,0.0024873862233686203,-0.11282884801473034,,,,,,,
gyro,1778672641.0,60.0,,,,0.0031337833453460432,0.002464782996985749,-0.11180355649778138,,,,,,,
gyro,1778672641.0,60.0,,,,0.0031053062180594524,0.0024423851693748436,-0.11078758195244175,,,,,,,
gyro,1778672641.0,60.0,,,,0.0030770878665246962,0.0024201908740451666,-0.10978083971393451,,,,,,,
gyro,1778672641.0,60.0,,,,0.0030491259392061683,0.002398198261467143,-0.10878324588684796,,,,,,,
gyro,1778672641.0,60.0,,,,0.003021418105937117,0.002376405498918227,-0.10779471733814401,,,,,,,
gyro,1778672641.0,60.0,,,,0.00299396205772546,0.0023548107703301726,-0.10681517169023043,,,,,,,
gyro,1778672641.0,60.0,,,,0.002966755506561366,0.0023334122761376913,-0.10584452731409578,,,,,,,
gyro,1778672641.0,60.0,,,,0.0029397961852265803,0.002312208233128484,-0.10488270332250689,,,,,,,
gyro,1778672641.0,60.0,,,,0.0029130818471054874,0.0022911968742946372,-0.10392961956326806,,,,,,,
gyro,1778672641.0,60.0,,,,0.002886610265997888,0.0022703764486853694,-0.10298519661254162,,,,,,,
gyro,1778672641.0,60.0,,,,0.0028603792359334786,0.002249745221261114,-0.10204935576822909,,,,,,,
gyro,1778672642.0,61.0,,,,0.002834386570988017,0.002229301472748931,-0.10112201904341254,,,,,,,
gyro,1778672642.0,61.0,,,,0.0028086301051011573,0.0022090434994992314,-0.10020310915985559,,,,,,,
gyro,1778672642.0,61.0,,,,0.0027831076918959424,0.0021889696133438018,-0.09929254954156332,,,,,,,
gyro,1778672642.0,61.0,,,,0.002757817204499935,0.002169078141455123,-0.09839026430840093,,,,,,,
gyro,1778672642.0,61.0,,,,0.002732756535367974,0.0021493674262069626,-0.09749617826977021,,,,,,,
gyro,1778672642.0,61.0,,,,0.0027079235961065444,0.00212983582503624,-0.09661021691834351,,,,,,,
gyro,1778672642.0,61.0,,,,0.0026833163172997384,0.00211048171030614,-0.09573230642385475,,,,,,,
gyro,1778672642.0,61.0,,,,0.0026589326483368028,0.0020913034691704764,-0.09486237362694669,,,,,,,
gyro,1778672642.0,61.0,,,,0.0026347705572412517,0.0020722995034392847,-0.0940003460330743,,,,,,,
gyro,1778672642.0,61.0,,,,0.0026108280305015305,0.002053468229445637,-0.09314615180646338,,,,,,,
gyro,1778672642.0,61.0,,,,0.0025871030729032224,0.002034808077913668,-0.09229971976412416,,,,,,,
gyro,1778672642.0,61.0,,,,0.002563593707362776,0.0020163174938277995,-0.09146097936991925,,,,,,,
gyro,1778672642.0,61.0,,,,0.0025402979747627457,0.0019979949363031534,-0.09062986072868558,,,,,,,
gyro,1778672642.0,61.0,,,,0.0025172139337885304,0.0019798388784571424,-0.08980629458040967,,,,,,,
gyro,1778672642.0,61.0,,,,0.002494339660766593,0.001961847807282228,-0.08899021229445589,,,,,,,
gyro,1778672642.0,61.0,,,,0.0024716732495041523,0.0019440202235198349,-0.08818154586384712,,,,,,,
gyro,1778672642.0,61.0,,,,0.0024492128111303323,0.0019263546415354093,-0.08738022789959742,,,,,,,
gyro,1778672642.0,61.0,,,,0.002426956473938752,0.001908849589194616,-0.0865861916250962,,,,,,,
gyro,1778672642.0,61.0,,,,0.0024049023832315485,0.0018915036077406574,-0.08579937087054344,,,,,,,
gyro,1778672642.0,61.0,,,,0.0023830487011648155,0.0018743152516727086,-0.08501970006743541,,,,,,,
gyro,1778672643.0,62.0,,,,0.002361393606595449,0.001857283088625458,-0.08424711424310058,,,,,,,
gyro,1778672643.0,62.0,,,,0.0023399352949293826,0.0018404056992497413,-0.08348154901528514,,,,,,,
gyro,1778672643.0,62.0,,,,0.0023186719779712014,0.0018236816770942604,-0.08272294058678775,,,,,,,
gyro,1778672643.0,62.0,,,,0.0022976018837751245,0.0018071096284883784,-0.08197122574014301,,,,,,,
gyro,1778672643.0,62.0,,,,0.0022767232564973416,0.001790688172425978,-0.08122634183235328,,,,,,,
gyro,1778672643.0,62.0,,,,0.002256034356249689,0.001774415940450376,-0.08048822678966835,,,,,,,
gyro,1778672643.0,62.0,,,,0.0022355334589546586,0.001758291576540285,-0.0797568191024126,,,,,,,
gyro,1778672643.0,62.0,,,,0.0022152188562017216,0.0017423137369968085,-0.07903205781985904,,,,,,,
gyro,1778672643.0,62.0,,,,0.002195088855104961,0.0017264810903314654,-0.07831388254515013,,,,,,,
gyro,1778672643.0,62.0,,,,0.0021751417781619925,0.0017107923171552312,-0.07760223343026454,,,,,,,
gyro,1778672643.0,62.0,,,,0.002155375963114176,0.0016952461100685876,-0.07689705117102981,,,,,,,
gyro,1778672643.0,62.0,,,,0.002135789762808087,0.0016798411735525712,-0.07619827700218028,,,,,,,
gyro,1778672643.0,62.0,,,,0.0021163815450582564,0.0016645762238608123,-0.07550585269245991,,,,,,,
gyro,1778672643.0,62.0,,,,0.0020971496925111513,0.0016494499889125546,-0.07481972053976961,,,,,,,
gyro,1778672643.0,62.0,,,,0.0020780926025103946,0.0016344612081866472,-0.07413982336635871,,,,,,,
gyro,1778672643.0,62.0,,,,0.0020592086869632084,0.0016196086326165004,-0.07346610451406006,,,,,,,
gyro,1778672643.0,62.0,,,,0.002040496372208072,0.0016048910244859955,-0.07279850783956847,,,,,,,
gyro,1778672643.0,62.0,,,,0.0020219540988835817,0.0015903071573263405,-0.07213697770976206,,,,,,,
gps,1778672593.0,12.0,,,,,,,57.777122,11.913176,64.5,0.10186,3.0,6.40319337958492,6.338125639585135
gps,1778672594.0,13.0,,,,,,,57.777107,11.913183,64.800003,0.107416,3.0,6.818215172724499,4.670197840215495
gps,1778672595.0,14.0,,,,,,,57.777107,11.913181,65.5,0.183348,3.0,6.699637517447474,4.670197840215495
gps,1778672596.0,15.0,,,,,,,57.777107,11.913188,63.400002,0.290764,3.0,7.114659310681341,4.670197840215495
gps,1778672597.0,16.0,,,,,,,57.777107,11.913192,62.799999,0.668572,3.0,7.351814621046814,4.670197840215495
gps,1778672598.0,17.0,,,,,,,57.777107,11.913186,62.700001,5.1393,3.0,6.996081655404316,4.670197840215495
gps,1778672599.0,18.0,,,,,,,57.777077,11.913172,63.5,12.530632,3.0,6.166038069219447,1.33434224006157
gps,1778672600.0,19.0,,,,,,,57.777042,11.913141,63.900002,15.141952,3.0,4.328084413887027,-2.55748929274402
gps,1778672601.0,20.0,,,,,,,57.777,11.91312,63.200001,19.429333,3.0,3.0830190345625788,-7.227687132959515
gps,1778672602.0,21.0,,,,,,,57.776928,11.913108,56.900002,22.518469,3.0,2.3715531034661583,-15.233740573328935
gps,1778672603.0,22.0,,,,,,,57.776833,11.913186,60.400002,31.961815,3.0,6.996081655404316,-25.79728330644237
gps,1778672604.0,23.0,,,,,,,57.776756,11.913269,60.900002,34.873161,3.0,11.917054345299317,-34.35931267946346
gps,1778672605.0,24.0,,,,,,,57.776726,11.91342,63.099998,37.049259,3.0,20.869667311218787,-37.69516827961738
gps,1778672606.0,25.0,,,,,,,57.776691,11.91357,59.5,35.912132,3.0,29.76299144954689,-41.586999812422974
gps,1778672607.0,26.0,,,,,,,57.776699,11.91377,61.299999,38.927185,3.0,41.62075696734912,-40.697438319048594
gps,1778672608.0,27.0,,,,,,,57.776733,11.913944,63.900002,40.143951,3.0,51.93701296787007,-36.91680197220748
gps,1778672609.0,28.0,,,,,,,57.776791,11.914075,59.400002,35.791752,3.0,59.70384938196217,-30.46748114665787
gps,1778672610.0,29.0,,,,,,,57.77689,11.91415,62.900002,37.740055,3.0,64.15051145103195,-19.45915766685724
gps,1778672611.0,30.0,,,,,,,57.77697,11.914176,62.900002,35.928799,3.0,65.69202096831323,-10.56354273311344
gps,1778672612.0,31.0,,,,,,,57.777058,11.91417,62.900002,37.228901,3.0,65.33628800276502,-0.7783663074099056
gps,1778672613.0,32.0,,,,,,,57.777134,11.914102,63.5,35.81953,3.0,61.30464772683484,7.672467879646705
gps,1778672614.0,33.0,,,,,,,57.777199,11.913965,65.699997,39.112389,3.0,53.18207834710023,14.900155014020866
gps,1778672615.0,34.0,,,,,,,57.777237,11.913806,64.199997,38.790138,3.0,43.7551547605441,19.12557210754917
gps,1778672616.0,35.0,,,,,,,57.777271,11.913648,64.300003,34.910202,3.0,34.38752000157934,22.90620845297564
gps,1778672617.0,36.0,,,,,,,57.777245,11.913461,62.700001,38.451221,3.0,23.300509242276316,20.01513360092355
gps,1778672618.0,37.0,,,,,,,57.77718,11.913303,61.400002,39.699474,3.0,13.93287448340584,12.78744646654939
gps,1778672619.0,38.0,,,,,,,57.777107,11.913179,62.400002,39.79763,3.0,6.581059862359026,4.670197840215495
gps,1778672620.0,39.0,,,,,,,57.777035,11.91309,64.199997,35.939911,3.0,1.3043542070101044,-3.335855600153925
gps,1778672621.0,40.0,,,,,,,57.776955,11.913057,62.299999,31.476593,3.0,-0.6521771034107638,-12.23147053248308
gps,1778672622.0,41.0,,,,,,,57.776855,11.913104,63.0,34.226814,3.0,2.134397793194973,-23.35098919966283
gps,1778672623.0,42.0,,,,,,,57.776768,11.913208,64.699997,38.773472,3.0,8.30043586241442,-33.02497043940189
gps,1778672624.0,43.0,,,,,,,57.776691,11.913334,66.099998,40.125431,3.0,15.77082813864397,-41.586999812422974
gps,1778672625.0,44.0,,,,,,,57.776661,11.913501,62.599998,39.054974,3.0,25.672062345931053,-44.9228554125769
gps,1778672626.0,45.0,,,,,,,57.776653,11.913674,64.599998,39.264252,3.0,35.929029518860624,-45.81241690595128
gps,1778672627.0,46.0,,,,,,,57.776669,11.913849,63.400002,37.86599,3.0,46.30457434687865,-44.03329391920252
gps,1778672628.0,47.0,,,,,,,57.776718,11.914016,63.299999,39.1698,3.0,56.205808554071446,-38.58472977299176
gps,1778672629.0,48.0,,,,,,,57.776798,11.914127,63.5,38.275284,3.0,62.78686841661904,-29.68911484066261
gps,1778672630.0,49.0,,,,,,,57.776897,11.914186,64.800003,37.499294,3.0,66.28490924422691,-18.68079136086198
gps,1778672631.0,50.0,,,,,,,57.777012,11.914193,63.900002,43.94796,3.0,66.69993103727221,-5.893344892897945
gps,1778672632.0,51.0,,,,,,,57.7771,11.914166,62.200001,37.154823,3.0,65.09913269239954,3.8918315328055897
gps,1778672633.0,52.0,,,,,,,57.777164,11.914075,62.599998,36.264011,3.0,59.70384938196217,11.00832347980063
gps,1778672634.0,53.0,,,,,,,57.777214,11.91394,64.199997,33.650841,3.0,51.699857657504594,16.568082813390504
gps,1778672635.0,54.0,,,,,,,57.777245,11.913829,64.300003,25.142752,3.0,45.118797795051286,20.01513360092355
gps,1778672636.0,55.0,,,,,,,57.777271,11.913743,63.599998,17.405096,3.0,40.01995862247647,22.90620845297564
gps,1778672637.0,56.0,,,,,,,57.777271,11.913721,64.800003,5.743052,3.0,38.71560441546636,22.90620845297564
gps,1778672638.0,57.0,,,,,,,57.777271,11.913711,65.800003,1.696432,3.0,38.12271613955268,22.90620845297564
gps,1778672639.0,58.0,,,,,,,57.777271,11.9137,65.800003,0.548192,3.0,37.470539036047626,22.90620845297564
gps,1778672640.0,59.0,,,,,,,57.777271,11.913702,65.900002,0.279652,3.0,37.589116691324655,22.90620845297564
gps,1778672641.0,60.0,,,,,,,57.777271,11.913707,63.299999,0.133344,3.0,37.885560829281495,22.90620845297564
gps,1778672642.0,61.0,,,,,,,57.777271,11.913709,62.5,0.279652,3.0,38.00413848455852,22.90620845297564
gps,1778672643.0,62.0,,,,,,,57.777271,11.913713,63.900002,0.340768,3.0,38.24129379473542,22.90620845297564
