Time [s],Steer [deg],Speed [km/h],Car ax [m/s²],Car ay [m/s²],Car az [m/s²],IMU ax [m/s²],IMU ay [m/s²],IMU az [m/s²],IMU wx [rad/s],IMU wy [rad/s],IMU wz [rad/s],IMU pos X [m],IMU pos Y [m],IMU pos Z [m]
0.03000000000000002,5.2607193643026667e-14,2.9760511006029344e-05,1.6145778825431088e-06,-0.0010536883222754046,-6.5046246964279746e-06,0.011016246919518023,-0.0038535759613123775,9.805983344264211,5.103939161028193e-06,-1.3393335862930767e-07,2.6029606935034384e-07,1.9016274570556362,-1.749998762420899,1.4715374151184204
0.060000000000000046,2.276756165313163e-13,4.403403328694308e-05,-1.7885745602417785e-06,-0.0007622456814936198,-3.978025984590612e-06,0.011012502373827324,-0.0018147028711860305,9.80599342258433,1.1150981628367106e-05,-2.4826507048131974e-07,2.387682028450064e-07,1.9016274562187068,-1.7499979505795982,1.471537344468182
0.09000000000000007,1.55304133154878e-13,3.5389559599161554e-05,-5.152626600303225e-07,-0.0005282622886635086,6.727928007135534e-06,0.011009512962240155,-0.000777615723702216,9.806005874405841,1.1324598551000366e-05,-2.335081369462865e-07,3.831335619248598e-08,1.901627454439972,-1.749997493710796,1.4715372556504351
0.12000000000000009,6.388939602696868e-14,2.142092076356329e-05,2.3857060261161116e-07,-0.0003387975861820197,1.519133369313486e-05,0.01100877576339232,-0.0002876602695108196,9.806014262474896,1.0507416409842539e-05,-1.1717604776989155e-07,-1.048983418849458e-07,1.9016274548848155,-1.7499973051581292,1.4715371728132771
0.1510000000000001,9.860650069756138e-15,9.00077565719227e-06,2.2930562330028698e-07,-0.00018104745633969394,1.8293885165389346e-05,0.011009830327734851,0.00010084048905217575,9.806016237699117,9.900307558104623e-06,2.712948837404851e-08,-1.5558193842799877e-07,1.9016274592165814,-1.7499973311276105,1.4715371077529293
0.18500000000000014,-1.2803761751211745e-14,6.892701759434296e-06,-1.99779608735842e-07,-6.990912568105421e-05,1.6488188184710015e-05,0.011012641182998604,0.00025086100190370366,9.806011920927153,8.326471392913476e-06,1.2042753024532415e-07,-1.467845099631072e-07,1.9016274675347402,-1.7499975481079773,1.4715370607564155
0.21000000000000016,-1.7249840839732986e-14,7.516392799728123e-06,1.4232393279815202e-07,4.2848483272336056e-05,8.854842108184583e-06,0.011013619571278643,0.0008685881066859141,9.806002913283438,-7.5751540401596564e-06,1.441122793242041e-07,-1.143855869401236e-07,1.9016274745776534,-1.749997644019244,1.4715370393485208
0.25000000000000017,1.9052879315211148e-14,3.7318711674158865e-05,7.252961944698221e-07,0.0005880260548511488,-8.46581945324349e-05,0.011019444751906811,0.0026593147498332574,9.805902599648595,-8.194881782392801e-05,1.4464533737286112e-08,1.6637577219929057e-07,1.9016274852182906,-1.7499962799520823,1.4715369983515911
0.2700000000000002,5.6839023772374084e-14,9.414852578060172e-05,9.447795843926645e-07,0.0009576882976972791,-0.0001597191086632129,0.011024096415613579,0.0035136469632275073,9.805822311224045,-0.0001407924610849928,-2.007954263392697e-07,4.553128851985947e-07,1.9016274878012267,-1.7499941429822656,1.4715369324384724
0.2950000000000002,6.8916975682275234e-15,0.00020382141889282196,1.422914215645916e-06,0.0014332362835768402,-0.00026732133413455384,0.011029777840674966,0.0044067795958993745,9.805707999905612,-0.000229516969885441,-6.465270174428732e-07,9.38164436100284e-07,1.9016274848832793,-1.7499894101047375,1.4715367464288003
0.33100000000000024,-3.6049299920013247e-12,0.00043209758365562686,2.836846730910841e-06,0.0019958182687667045,-0.0004172466735960961,0.011033914542217204,0.005145871332723275,9.805551664138632,-0.00037328775699292487,-1.5768658464185356e-06,1.7575415228337339e-06,1.9016274621991511,-1.7499775456184237,1.4715361420187534
0.33600000000000024,-5.406802359332619e-12,0.0004693494179675622,3.135244411103081e-06,0.0020589324450290126,-0.0004359131909117544,0.011033885189788723,0.005218510019977473,9.805532610097151,-0.00039414010947996797,-1.722701891152621e-06,1.8721874264056695e-06,1.9016274569894012,-1.7499753695424547,1.4715360167206624
0.36300000000000027,-3.1270252524655623e-11,0.0006887413815361191,5.266691524761404e-06,0.0023405212679981687,-0.0005231276981200402,0.011030766853307858,0.005493505745110783,9.805445757685145,-0.0005093121181261696,-2.5180972549819925e-06,2.461567115292818e-06,1.9016274199764287,-1.7499612096075652,1.4715351283506295
0.3900000000000003,-9.727803686554514e-11,0.0009319104865318482,8.294549777441866e-06,0.002529129899633911,-0.0005831935058870729,0.01102290602666846,0.005509805503813959,9.805389916246758,-0.0006263213970551436,-3.2342313916586638e-06,2.9802659739551277e-06,1.9016273698845827,-1.7499427996306736,1.4715338402648037
0.4070000000000003,-1.5772009878677368e-10,0.0010928292304385409,1.0642043942221558e-05,0.0025960276076864345,-0.0006056333726971916,0.011015991673085325,0.005419526414970482,9.805371655596595,-0.000699010962920777,-3.594868963313068e-06,3.261312958027511e-06,1.901627333844306,-1.749928967299583,1.4715328052916214
0.4110000000000003,-1.7345047389289757e-10,0.0011312453894141371,1.12405740478149e-05,0.002606819309959511,-0.0006092282607661078,0.011014190667745281,0.005390731174050889,9.805369170498425,-0.0007159733550002859,-3.6667164582152994e-06,3.321612398716057e-06,1.9016273250934104,-1.7499254596485365,1.4715325357513493
0.44500000000000034,-3.203832229219927e-10,0.00146158968469539,1.691386396356505e-05,0.002638595249954213,-0.0006157196577220411,0.010997267808486474,0.0050413616828776315,9.805373097482374,-0.0008576244891372565,-4.047720002918178e-06,3.7428873473966246e-06,1.901627251607031,-1.749891763872505,1.471529839531152
0.45000000000000034,-3.430743321340601e-10,0.0015102860393639264,1.7818704150439808e-05,0.0026357807106674597,-0.0006133287130179134,0.010994661753043833,0.004975086503268254,9.805377058999893,-0.0008780173496018899,-4.067556706527009e-06,3.791674503920289e-06,1.9016272415821953,-1.749886226651296,1.4715293821062185
0.46200000000000035,-3.977976979664984e-10,0.0016267969086169159,2.0038028007743775e-05,0.0026226190345349652,-0.0006044735010578922,0.01098843375087015,0.0048011131872941985,9.805389599137389,-0.000926416400601687,-4.077511467999834e-06,3.896212948514662e-06,1.901627219169482,-1.7498723358312775,1.4715282216529009
0.4970000000000004,-5.548088342184974e-10,0.0019600047143565245,2.6591341812916265e-05,0.002528592239320332,-0.0005546188875111218,0.010971468381175489,0.0040993274900288385,9.805448850034004,-0.0010608266144799653,-3.82543837169908e-06,4.1074774913145896e-06,1.9016271737983426,-1.7498270785876613,1.4715243502453
0.5080000000000003,-6.021315295020738e-10,0.002061406365976544,2.8591783114886677e-05,0.0024819638702039517,-0.0005325196133037211,0.010966779069508574,0.003845296277413322,9.80547330148871,-0.0011005995103358398,-3.671449301981494e-06,4.144316768959201e-06,1.9016271678710204,-1.7498114468372485,1.471522992142993
0.5460000000000004,-7.539601277570388e-10,0.0023936072169435103,3.482475761666781e-05,0.0022726768607748064,-0.00043708776969717705,0.010953885273902201,0.002832084936177195,9.805574207400419,-0.0012276433285412424,-2.9446826828416903e-06,4.160241610187364e-06,1.9016271880658866,-1.7497525967919758,1.4715178386456926
0.5600000000000004,-8.046139237733029e-10,0.0025074492864261854,3.67971943199159e-05,0.0020881976032463396,-0.00039636731336280533,0.010950521042055664,0.002466518898137208,9.805615886289006,-0.0012698895908557074,-2.6263060118719337e-06,4.122080183637572e-06,1.9016272137263464,-1.749729137450996,1.4715157799027765
0.5670000000000004,-8.287903385517226e-10,0.002563209991457484,3.795473508303032e-05,0.0020954301082810223,-0.0003854794113799054,0.010949849656510928,0.003162301480633884,9.805625997574813,-0.001295493112875429,-2.466385416848159e-06,4.087992827209718e-06,1.9016272305743518,-1.749717061620645,1.471514722308399
0.6000000000000004,-9.332989236240882e-10,0.002849944937888948,4.585950416097009e-05,0.0027217427681962936,-0.00041872161544112595,0.01094847564557315,0.006360303573912502,9.80558448787173,-0.0014975764746494142,-1.8394114474440569e-06,4.2429496092684674e-06,1.9016273472181606,-1.7496558792302426,1.471509491756663
0.6240000000000004,-1.0021840574887428e-09,0.003128548470427855,5.325011585343419e-05,0.0036495480933018834,-0.0005309819439545851,0.010953809501272041,0.008552626304367702,9.805457550039469,-0.001710304365161021,-1.705590545002325e-06,5.21782089513306e-06,1.9016274702186173,-1.7496053729025187,1.4715054043473823
0.6530000000000005,-1.0829910401426974e-09,0.0035827771815607227,6.377236408938875e-05,0.004965045532119225,-0.000734956994895923,0.010963479343701706,0.01026605396420845,9.805230331299969,-0.0020215440349361275,-2.175647661308576e-06,7.549479895832198e-06,1.9016276566335177,-1.7495352407317823,1.4715000316667395
0.6680000000000005,-1.125707955339689e-09,0.0038663450993836113,6.906265876437214e-05,0.0055110300284508355,-0.0008357426946238668,0.01096808547900175,0.010249127686264905,9.805117929880343,-0.0021828718965555527,-2.709715287192023e-06,9.126526143464829e-06,1.901627766640215,-1.7494944700889148,1.4714970091831645
0.6910000000000005,-1.1942377724594085e-09,0.004339929143829573,7.624884759500824e-05,0.005814476924214832,-0.0009378442558523027,0.010969889125761008,0.008645386519129822,9.80500439962799,-0.0024041403806761195,-3.82447956792397e-06,1.157233648770298e-05,1.9016279503410563,-1.7494259106459986,1.4714919817700256
0.7200000000000005,-1.2864936965630328e-09,0.0049464126237845655,8.450827330671339e-05,0.005606921074383945,-0.000969023610998013,0.01095997362393657,0.006773231882241683,9.80497224589514,-0.0026424460898748924,-5.415597046012386e-06,1.383816034260532e-05,1.9016282070730202,-1.749329725560371,1.4714848927204087
0.7500000000000006,-1.3862601024070875e-09,0.005536662942993692,9.291847904714929e-05,0.005152070444331996,-0.0009050377799530653,0.010936482669045554,0.004937322886116483,9.805048942368858,-0.0028638613425989137,-6.784115933179113e-06,1.4930487288626319e-05,1.901628510264649,-1.7492197408655397,1.4714766599368414
0.7630000000000006,-1.429610005155011e-09,0.005776424570314561,9.638950328518226e-05,0.0049461436417511,-0.0008556074194687193,0.010924147927787967,0.004136422168010823,9.805106221491332,-0.0029539492945158743,-7.19195823994353e-06,1.5112492628915681e-05,1.9016286580859498,-1.7491690030671951,1.4714728230214928
0.7920000000000006,-1.5236214143486285e-09,0.00626473576356738,0.00010066045121050848,0.0042611488087872865,-0.0006555052431332716,0.010896068596788103,-0.0007866130673922821,9.805328155877373,-0.0031008467001632976,-7.578530293100227e-06,1.5080077250220533e-05,1.901629036441433,-1.7490498865741908,1.4714637456180901
0.8260000000000006,-1.6233783939453716e-09,0.006659771101722208,9.474823391432218e-05,0.0020854558884369503,-0.00019304784027383427,0.010868297771353405,-0.009127891116867848,9.80582323588881,-0.003082054584042597,-6.920165552451343e-06,1.3109414846486745e-05,1.901629589105532,-1.7489040799041387,1.471452439660374
0.8600000000000007,-1.7041562552767473e-09,0.006714004580502721,7.627667344981315e-05,-0.001109295226084957,0.0005213648622246741,0.0108482510210005,-0.018638273764505248,9.80657694469781,-0.002838789814728261,-4.799669374449628e-06,7.6207341425788065e-06,1.9016302875137503,-1.7487598117752137,1.4714409895393306
0.8900000000000007,-1.755740350169913e-09,0.0064020791883465595,5.042352743331392e-05,-0.0043541932566519385,0.0013066533777632693,0.010842558484962489,-0.02728706041452221,9.80739582992552,-0.0024426319774705028,-1.6503979374613597e-06,1.677158138700826e-07,1.9016310419160367,-1.748641646480403,1.4714314647479318
0.9170000000000007,-1.7866721658834244e-09,0.005817367582053403,2.193807058348554e-05,-0.007187119322321116,0.0020552973900395525,0.010852547631434428,-0.0335581562452257,9.808165383684667,-0.001963565565736647,2.0141096242758855e-06,-7.703527113737025e-06,1.9016318357449011,-1.7485485055774124,1.4714239901658122
0.9300000000000007,-1.7970579286735748e-09,0.005439377849228068,7.610873514120469e-06,-0.008426636264691688,0.002405792834929546,0.010863142740521668,-0.03605069592310904,9.808520802488461,-0.0017023969941160062,3.948908864740723e-06,-1.1536186637085907e-05,1.9016322550859717,-1.7485094436425752,1.4714209361121504
0.9560000000000007,-1.810999747547629e-09,0.004522923487222337,-1.8985087710133544e-05,-0.010501818696709747,0.003038220888022105,0.010895076210870271,-0.039546549589809875,9.80915004317325,-0.001144164262485806,7.85196648876096e-06,-1.859431417343998e-05,1.9016331576146086,-1.7484444872042804,1.471416194522577
0.9630000000000007,-1.8135252469495225e-09,0.0042456073564458175,-2.505151957319942e-05,-0.010952440177145967,0.0031863374854244194,0.010905718795623402,-0.040169708683468634,9.809294075196082,-0.0009894848224754284,8.855629450728706e-06,-2.0253250844967594e-05,1.9016334131444215,-1.7484302146048396,1.4714152725756837
0.9680000000000007,-1.8150771673234513e-09,0.004041057733115928,-2.8949054587135237e-05,-0.011244689431066664,0.003285219015317483,0.010913720147658526,-0.04053784482201598,9.80938917572632,-0.0008785494342006607,9.547932516357009e-06,-2.1355892049539262e-05,1.901633598411218,-1.748420889041862,1.4714147144039944
0.9950000000000008,-1.8206809090725563e-09,0.0028683523759895015,-4.1090565756021825e-05,-0.012399868541464765,0.0037075731325256346,0.01095961683939968,-0.04151648737657781,9.809779066604108,-0.00028133650460087387,1.2750468481602171e-05,-2.5909334139909445e-05,1.901634629786512,-1.7483833352579887,1.4714132433670746
1.024999999999998,-1.823501461836319e-09,0.0015327489283201796,-1.9894913729514065e-05,-0.012987930427367336,0.003435060149804398,0.010956593231254025,-0.04037108713710315,9.809491540049663,0.00035314071486245064,1.5335909027881646e-05,-2.739567380517737e-05,1.901635812779129,-1.7483672388336444,1.4714148696406049
1.032999999999997,-1.8239252609917615e-09,0.001202257175311316,-2.1611459975892546e-05,-0.013056757296505937,0.003126886903913817,0.010932158876890401,-0.039794667730741216,9.809212520137764,0.0005093283490256848,1.614048828467912e-05,-2.6949364470813917e-05,1.901636135063967,-1.7483674157631763,1.471415868072361
1.059999999999994,-1.824828114707011e-09,0.0006822034712579261,-4.452428003652089e-05,-0.012801105641594413,0.0015859024710004304,0.011179831628856215,-0.037641152281880676,9.807435892557352,0.0009994888470589104,1.515383903553675e-05,-2.4805096593014573e-05,1.9016372262654222,-1.748381224649893,1.4714205283882875
1.0979999999999899,-1.8254103099019404e-09,0.001957248397355852,-0.00010384660037100632,-0.011572989088827064,-0.00040516537574628817,0.011466240489807458,-0.0335394574318021,9.805205716881412,0.0015896688057721797,3.1530769122074774e-06,-2.3181664721453123e-05,1.9016385046648836,-1.7484328043436375,1.471428557068902
1.1119999999999883,-1.8255486138644912e-09,0.002480238533287899,-0.00011976822072801326,-0.010955293763259495,-0.0009713029097136316,0.011520001073599129,-0.03183237624909249,9.804598892154296,0.0017787632772881105,-3.3616932445891034e-06,-2.2912491890897284e-05,1.9016388270612044,-1.7484603848216176,1.4714313824650458
1.1199999999999875,-1.8256239417177097e-09,0.0027700309012183458,-0.00012676380711035295,-0.010575207866379534,-0.0012449209615594387,0.011535444089623372,-0.03084312297164884,9.804315646045266,0.0018801877161873507,-7.292880915354914e-06,-2.277132208314369e-05,1.9016389667532174,-1.7484780377262459,1.4714328808415011
1.1629999999999827,-1.8260840881870676e-09,0.004174763367281749,-0.0001335534352723214,-0.008433127533811318,-0.002130134909489402,0.011451206531728418,-0.025349800532174702,9.803518855997012,0.002348210091601249,-2.715379090439036e-05,-2.164734087268349e-05,1.9016391453799768,-1.7485939945514826,1.4714387766844974
1.177999999999981,-1.8262810971570294e-09,0.004597749680643426,-0.00012403178945008628,-0.007673499414538047,-0.0022389135948218905,0.011373817644933493,-0.023382797784679325,9.803477609650896,0.0024808696639475737,-3.2410082352770677e-05,-2.101166668198046e-05,1.9016390009396777,-1.7486417789153466,1.4714398142685245
1.2179999999999767,-1.8268182404169767e-09,0.005547983804826863,-7.787402257828688e-05,-0.005702807893597536,-0.0021735990406304747,0.011123664274173066,-0.01832991735321253,9.803744813751182,0.0027618878032412276,-4.00834785603321e-05,-1.8650174007367403e-05,1.901638259423552,-1.7487839351302055,1.471439877704085
1.2409999999999741,-1.8269933567184136e-09,0.005978696559555575,-4.460852146115375e-05,-0.004653507081096012,-0.001974794546469837,0.010983777110023097,-0.01552459686652791,9.804047647561928,0.002879494961813817,-4.035717871949484e-05,-1.6947209892209965e-05,1.901637709279571,-1.7488734955082175,1.471438268925922
1.2479999999999734,-1.827001124871432e-09,0.0060934745622399,-3.439362551982864e-05,-0.00434446816221396,-0.0018985045637978947,0.01094484966780849,-0.014668652571084215,9.804151655828209,0.002908895072633283,-3.991614809335456e-05,-1.6394841069684428e-05,1.901637538148559,-1.7489016530096573,1.4714375696608775
1.2749999999999704,-1.8267765395293812e-09,0.006466141840825232,2.8243193246996022e-06,-0.003185719981646677,-0.0015561287486548518,0.010816632781593042,-0.011397095856300901,9.804580483469035,0.002994131821455281,-3.6350813620618106e-05,-1.4145660978420271e-05,1.9016369061825802,-1.7490133784340682,1.471434085151153
1.3069999999999669,-1.8261405675072287e-09,0.006820937325882419,0.10721572977913887,-0.0014826292713356441,-0.03247860322083428,-0.04426716946269838,-0.015560080801683692,9.718011528753443,0.0030726235381420895,-0.00023411237534151974,-1.2115465308994824e-05,1.9016368898901292,-1.7491503708156708,1.4714274708082071
1.3299999999999643,-1.8258777670594628e-09,0.03336164646534122,0.779697181180965,-0.008053056604100429,-0.020866298069154143,-0.48662331239595147,-0.04171450120847824,9.483459855073033,0.003680272369119789,-0.005128878767503707,-6.536665767069061e-06,1.9016883865211716,-1.749255996018499,1.4713668912482007
1.3649999999999605,-1.8276455362430484e-09,0.19587014816649354,1.5040020782839931,-0.022653014956032433,0.05721715033323956,-1.1259678584868749,-0.04429275368275389,9.465075912307471,0.004771109308856423,-0.02242659469945658,-8.64459841625221e-06,1.9024037036006416,-1.7494579418339498,1.4709197166048527
1.36999999999996,-1.8300851562578523e-09,0.2231498915828809,1.5153926655104872,-0.015384053659858945,0.06167160703646662,-1.1788216899245314,-0.038368746311424465,9.512360454098827,0.0048901229254834444,-0.024593953555250517,-1.0588847082671281e-05,1.9026115433688,-1.749491629427613,1.470815571397341
1.3859999999999582,-1.8301499139525965e-09,0.30780880892013085,1.4039639065189675,-0.008816893180369389,0.0757596523252458,-1.2288122027168038,-0.01718002843389424,9.693640395164456,0.005194977999910756,-0.029568721206936842,-2.5754687092121454e-06,1.9034773538088674,-1.7496045133612361,1.4704420016592448
1.4189999999999545,-1.8119507207281136e-09,0.45792645509191066,1.0862620631870552,0.0157528228485394,0.07690426419162388,-1.223502690860146,0.03755257874002241,10.017443811025808,0.004886143303071023,-0.030082253982996184,9.425971089353497e-06,1.9062575601142604,-1.749840566355036,1.4696382448024363
1.4339999999999529,-7.343638775184305e-10,0.5137132359083775,1.0066921876537847,0.024715296289965834,0.05176947249027785,-1.219431130341317,0.058086930418431,10.068727087399518,0.004362014147985485,-0.02683918190752044,1.3556820242420044e-05,1.9079608755717434,-1.749937165306845,1.4693314121807743
1.441999999999952,1.3325492290984324e-07,0.5433043357376107,1.0707975068315343,0.027535730334125676,0.03545175888090863,-1.27575413540053,0.06409779259044583,10.042122284042375,0.004015511601060476,-0.024893282453620616,1.4637352899708082e-05,1.9089803649104626,-1.7499835367854186,1.4691915766537518
1.469999999999949,2.7124900870937094e-06,0.6814863527963544,1.803725198047735,0.024756650454413064,0.012760358206294748,-1.792439501696845,0.058288723431528945,9.782278520549456,0.002778877638109057,-0.021812918451190967,1.3717960049176773e-05,1.913241707552886,-1.7501136478822992,1.4687904758007277
1.4809999999999477,4.715205999819096e-06,0.7592085532979354,2.1641796726816023,0.020754706336015078,0.02495415328981819,-2.0580195568432544,0.0498822986491212,9.69055332106888,0.0023729753242806655,-0.023028034121037856,1.2714428600802446e-05,1.9152744879393238,-1.750152080963854,1.4686391569160275
1.4999999999999456,1.1578886700131785e-05,0.924312766356151,2.6654752158882826,0.014357274597967791,0.056172888995549966,-2.4731934927056565,0.035836781493986156,9.624465865587508,0.0018346190469360386,-0.027435854903830312,1.7583899638557648e-05,1.9193887304983086,-1.7502054729610839,1.4683425552688574
1.514999999999944,3.774545775322055e-05,1.0738960657118624,2.862065746442235,0.012893460361876967,0.07694370462278005,-2.662616194312582,0.03116956787487304,9.632456754254786,0.00148346054287659,-0.03181658642341555,1.677558005004333e-05,1.9232539613592472,-1.7502385863658827,1.4680655528594126
1.5219999999999432,0.0001240953770750421,1.1465629604065886,2.8994888671775536,0.010326214951988955,0.08391847962434446,-2.7209103055208352,0.029922461804017128,9.659062923135671,0.001342092910218616,-0.03376969219390869,1.795155759221428e-05,1.9252585909867008,-1.7502517652513647,1.4679235015174101
1.5579999999999392,0.0015878730588761822,1.5216475513549592,2.8457915168000527,0.011899084501101834,0.07552928529510924,-2.8422507052671095,0.03184261889748689,9.82254887693244,0.0005872380458824631,-0.03972250624148315,1.9125236150844184e-05,1.9376825596820422,-1.7502980133905341,1.467127994526532
1.5799999999999368,0.0020388597735773967,1.7463700967526559,2.839219995292146,0.01148916958477034,0.049757309186366075,-2.897182191421547,0.030400009825517813,9.853041279589227,0.00012384377440736178,-0.04030683501603961,1.7323277149413963e-05,1.9470528499916055,-1.7503079739427403,1.4666478863314343
1.596999999999935,0.0015549798632025916,1.9217329833567203,2.8936163640786763,0.009922689377261186,0.03063403659289578,-2.9626899450034982,0.026297455332664314,9.838575099790718,-0.00019281026641509958,-0.040251300605310784,1.4891169029604082e-05,1.9552354433586694,-1.7503065822034267,1.4662967966150233
1.631999999999931,-0.002083366536410151,2.2938476544205133,3.0033789563327824,0.0051167103524776434,0.010090593139901351,-3.071696308899737,0.015193254635438387,9.802329193228482,-0.0006493765203838403,-0.04047656421667939,9.658784286210176e-06,1.974739112107234,-1.750284410570505,1.4656131940513002
1.6429999999999298,-0.0038193133926789882,2.412227696001798,3.0061825656234418,0.0047817660089724615,-0.003148282093449544,-3.087390957813157,0.013697460954904601,9.79814363854556,-0.0007506912090217294,-0.04051407434353141,8.335418432022267e-06,1.9816212067165941,-1.7502736299187727,1.4654045971964071
1.6519999999999289,-0.005366656838522704,2.508895504136329,2.9732922723785093,0.004147218596251911,-0.011350201288637498,-3.0718658525178344,0.012508205146659821,9.804635889503231,-0.0008209088240684035,-0.04045805909398638,7.499116198834968e-06,1.9875211809564672,-1.7502638020155372,1.4652361519345778
1.6799999999999258,-0.010500536310043359,2.8098356645133395,2.985519864450576,0.0023119687302662166,-0.01904335439849944,-3.102097185651339,0.007070385191764695,9.804316777304045,-0.0009689283427081654,-0.03999797505352863,4.386139199533324e-06,2.0074286752390624,-1.7502289075150763,1.4647259119398428
1.695999999999924,-0.01336250704004745,2.981648804970163,2.980350450050943,0.0010319631353401626,-0.03472410247717525,-3.1146963066595097,0.004934293680150985,9.800931198566921,-0.0010083194475781555,-0.03956110518767336,2.6881455990768747e-06,2.0198617296932664,-1.7502071222364244,1.4644444057809387
1.7179999999999216,-0.016867575407505914,3.217901581935419,2.999458638956109,-0.0001085168910861283,-0.04179949267649687,-3.1446998230969636,0.001463123826477121,9.796474997164411,-0.0010193895088553063,-0.038781299526992455,1.1978436405911855e-06,2.038215447105238,-1.750176392493625,1.4640705901750104
1.7399999999999192,-0.01958158781635481,3.453994302437748,3.013904302826493,-0.00110516900920744,-0.04450237724530285,-3.166615515890544,-0.0017585157344199413,9.792956274844398,-0.0009868454919297086,-0.03782513738966128,1.4891447291897182e-07,2.0580279615414323,-1.7501460230837929,1.4637136977818432
1.7699999999999159,-0.02108428686376481,3.7759106758148007,3.0194500559663697,-0.002049775971716239,-0.05349494356217113,-3.1880923418395386,-0.0044267360098584315,9.789376261605545,-0.0008879030457155246,-0.03634092714969054,-1.00682999761006e-06,2.0874000551372047,-1.7501073002566083,1.4632560442968459
1.794999999999913,-0.018216397833481467,4.044384547286349,2.9481428574711415,-0.0027341364390732034,-0.04962084331350279,-3.140708085721312,-0.005347710944792902,9.80949917083363,-0.0007672412519724522,-0.03499637039866372,-3.1153870592039457e-06,2.1139558259480378,-1.7500788743352453,1.4629014898253936
1.8079999999999117,-0.01547696598933541,4.1838575249829955,3.0253937199870893,-0.002733769024979629,-0.06546028868024772,-3.2116664984037295,-0.006486936768265626,9.782261786442678,-0.0006972680864754786,-0.03425945794614275,-4.229317906526383e-06,2.128512603871534,-1.7500658085040872,1.46272696005437
1.8299999999999093,-0.009430285788343288,4.420622112376511,2.9426689085989204,-0.003426994293002447,-0.036085383169717385,-3.1448167433422167,-0.007060320279438362,9.820873994159408,-0.0005684011280934796,-0.033022384104201566,-5.9042323358032306e-06,2.154314340635583,-1.7500466424994598,1.46244709360822
1.8569999999999063,-0.0004189501483150065,4.7112044027176285,2.946887099180927,-0.003444070575743554,-0.043051331551678756,-3.158574201999672,-0.007226948713639211,9.815028180372801,-0.0004063701996177964,-0.03146566404707926,-8.231159987141409e-06,2.1879872698169556,-1.7500283957696274,1.4621301145792927
1.8649999999999054,0.002462256208555032,4.797381106852907,2.947229619944681,-0.0033953197938481937,-0.03920598556837101,-3.1604777454066966,-0.007058636732926846,9.817938400642102,-0.0003598542861608148,-0.030998581133259963,-8.937119007540731e-06,2.1983897666198198,-1.75002411620151,1.4620417011699354
1.8909999999999025,0.012277359909731495,5.077338196732428,2.9418498306478735,-0.0026503822311704176,-0.06367668745386361,-3.170560462365678,-0.0056669612581646866,9.801784759229095,-0.00021517231999533185,-0.02945271702868456,-1.1270252281402783e-05,2.2335414818415145,-1.7500136045413575,1.461771778268827
1.9199999999998993,0.030606684774207433,5.389987587609119,3.008083284447588,-0.002324015016370211,-0.046471434160079914,-3.2247382572083296,-0.006370485992548508,9.797485997728328,-6.362069776109579e-05,-0.027732686621315564,-1.9774396999792104e-05,2.275174181124126,-1.7500075402325705,1.4615019770300104
1.9399999999998971,0.046875148647261194,5.605384551912745,2.994721014559986,-0.0013159781779307552,-0.09346604603364743,-3.2341688551241634,-0.003909488386759097,9.769156797814473,2.5271535871631983e-05,-0.02653719293257698,-2.7737390731633235e-05,2.3053771903051468,-1.750006462286178,1.4613344984194256
1.9799999999998927,0.0781944111221969,6.038350487479672,3.026417684485691,-0.0006487686667333299,-0.09297828393362989,-3.265946236420886,-0.00226689966443278,9.759089821209416,0.0001693041575208022,-0.024364215947110447,-4.26375316416234e-05,2.3694407928933887,-1.750010400469309,1.4610399549455488
1.9879999999998919,0.08324458253676244,6.124872523657051,3.0408786456873034,-0.0004161148909420029,-0.0948569273132205,-3.2798493525923647,-0.0018066950214368689,9.754596219956394,0.00018817040433684028,-0.023918981813635026,-4.503537625248402e-05,2.3828391857686015,-1.7500119516672705,1.4609871928682219
2.0189999999998887,0.09591449486535818,6.4605446163846025,3.032251744881881,-0.0002960151603760961,-0.08222278792706227,-3.27525618332839,-0.0004946604328693769,9.764044679193944,0.00023958952061689818,-0.022246395745928477,-5.099888907897885e-05,2.4366021480656967,-1.7500194269080047,1.460801544758184
2.0569999999998845,0.09468716062180793,6.871634081489246,3.0347272167326746,8.335307535930964e-05,-0.08033737232601015,-3.2797131824769106,0.0010202637423011556,9.759604137665873,0.0002444506834337026,-0.020203866401734116,-4.979594955180193e-05,2.5065016297023774,-1.7500298252458857,1.4606142805426894
2.0819999999998817,0.08520241098346222,7.142249703181429,2.98275967687663,7.594124676490229e-05,-0.07686661213687553,-3.239831074305203,0.0020314109928935317,9.77084133611926,0.00022370275168483717,-0.018940299996263895,-4.439007667462512e-05,2.554888088676531,-1.7500362927597701,1.4605130949946459
2.0839999999998815,0.08424902626344855,7.163768797392419,3.0111004106499575,0.0005411776342963915,-0.09710945866177909,-3.270603159033814,0.0029488746914392242,9.75279745823253,0.0002209649667703858,-0.01883178857622949,-4.389143870812473e-05,2.558841211045877,-1.7500367767965046,1.460505721041864
2.0999999999998797,0.07567433614803086,7.336774468572275,3.0394929182318475,0.0007241522597573453,-0.10170973451572578,-3.294500516091074,0.0030792675088689102,9.74030407287577,0.00019865389980155518,-0.018035520715878675,-3.92626962469501e-05,2.5909047790315003,-1.7500404164135337,1.4604502322531738
2.1279999999998767,0.05849479576010258,7.639929757812316,3.011003229348911,0.0006126331894532146,-0.1005394250064108,-3.2742295026796557,0.0035276010151483453,9.745125141922209,0.00015696593388878183,-0.01675519129857426,-2.9720939099578408e-05,2.6488909908044547,-1.7500456646396576,1.4603672619543457
2.1499999999998742,0.044777012128759806,7.87825595154239,3.01095300279901,0.0006075217414085276,-0.10209583291227178,-3.276061845424633,0.0035418700172064324,9.74180749605709,0.00012156950026260844,-0.015810878240791925,-2.2018087197720678e-05,2.696125514325154,-1.750048705840802,1.4603132690359137
2.159999999999873,0.03883320177119216,7.986747991181457,3.02449593047119,0.00024841724523065145,-0.07998622186241561,-3.2806910091370125,0.0027319403370583604,9.752759871341745,0.0001060252942192206,-0.015406497570080637,-1.865139521538869e-05,2.718082755795069,-1.750049774937932,1.460291603661091
2.18999999999987,0.02286147888791979,8.312132307835538,3.030322320427147,0.00014542545076394784,-0.0807122791984918,-3.2868251642404918,0.002266423251086353,9.747677792761273,6.430944072575308e-05,-0.014246357361782596,-9.479755353390086e-06,2.785780012344751,-1.750051855186587,1.460236632393791
2.216999999999867,0.011705951656916628,8.605106759398673,3.0057362578207596,0.0004432464401663101,-0.1042012777109732,-3.2770183848941534,0.002918204563408383,9.736039937580697,3.320464529702402e-05,-0.013269634055662873,-2.889091216919988e-06,2.8490499800005846,-1.7500525383511827,1.460197996020045
2.2399999999998643,0.004864983616559224,8.854499106097792,3.0195192496973546,0.0006023548030285051,-0.11343781077724983,-3.2929985996146636,0.0028890491492970997,9.726023269081551,1.018341290895628e-05,-0.012441794794159638,1.1515116262320306e-06,2.904696206900585,-1.75005238980072,1.4601726777005404
2.249999999999863,0.002484858272553367,8.963191787642645,3.0551561939203418,0.00020395342502569153,-0.09326165445217821,-3.314051733425687,0.0014082536242204452,9.729337334251154,4.077306288858697e-06,-0.012115806434447454,2.557495434924693e-06,2.929392058559667,-1.7500521393160782,1.4601637222254074
2.253999999999863,0.0016441089713740938,9.006715987351258,2.9825805498716673,-4.6405687342567696e-05,-0.08589308126955938,-3.2547422412162543,0.0017850724662127923,9.750352372215003,2.7665228222871667e-06,-0.011994679287277965,3.1190782609379537e-06,2.939355630516392,-1.7500520191301,1.460160454648983
2.2769999999998602,-0.0023904468771455897,9.256431288972806,2.979579343981409,-0.0001488511324474525,-0.08503276001441777,-3.2531612838123114,0.0015396619510568742,9.749902695392565,-9.609571726705386e-06,-0.01125581160320561,5.523056816107578e-06,2.9975901335529738,-1.750051089341634,1.4601450888549474
2.306999999999857,-0.005387976378129838,9.581974269518938,3.0052252012256395,-6.651153280214088e-05,-0.07425863902318432,-3.2711851149414155,0.0010530807288005135,9.749119606942019,-2.253327628463036e-05,-0.010313702202895582,7.439428144884357e-06,3.0759651767410134,-1.7500494504821233,1.4601330761032234
2.3119999999998564,-0.005654879786460797,9.635891879541074,3.0508469845809003,0.0005355690812137885,-0.115731502238531,-3.32091740475358,0.001645236933213448,9.711492826189632,-2.430847667991798e-05,-0.010140651726912127,7.5778735344575204e-06,3.089293294845789,-1.750049132021781,1.4601320380858895
2.3399999999998533,-0.0071675198940034665,9.939858373916385,2.978651583423734,-0.00018956441615525457,-0.0754782808750518,-3.2521420762382887,0.0012669325099131617,9.752502386980433,-2.96960951198454e-05,-0.009340599719082316,8.371255617579497e-06,3.1653347010616937,-1.7500472657129202,1.4601297943232994
2.3759999999998493,-0.007692117548556627,10.330180034066979,3.017180908046858,0.00021551875733013783,-0.11305905880272465,-3.2949010513692283,0.0015716066120844028,9.716056416112504,-2.8389702607617115e-05,-0.008388760041128518,8.558730416135954e-06,3.2665972438734716,-1.75004465253382,1.4601360840492874
2.387999999999848,-0.007555163839271702,10.460603355823768,3.0320716386006086,-0.00022234403804341705,-0.08408959344018548,-3.2981944221956034,0.000493601766493138,9.731597368117296,-2.7247726425607166e-05,-0.008114661989744875,8.578359767108804e-06,3.3012254349174954,-1.7500438073561404,1.460139695886113
2.3999999999998467,-0.007179334330856112,10.590686015601477,2.9721772088903666,-0.0002470026565525407,-0.08893906995816621,-3.2537774417526304,0.0011574494578723425,9.742249785870792,-2.622299683937618e-05,-0.00782353497861368,8.453717446935754e-06,3.3362901343117235,-1.7500429759753018,1.4601441926641423
2.4299999999998434,-0.006381389064643075,10.915805583555608,3.0438838376891684,-0.00012643490884645478,-0.08817889798706059,-3.310170657969837,0.00040202521393254754,9.72429072676143,-2.37934996554316e-05,-0.007120777158917455,7.576080892438527e-06,3.425860350378956,-1.750040933494193,1.4601588516298327
2.4569999999998404,-0.00576408954995595,11.208499329380798,3.0118988146143195,-0.00023930993543072005,-0.07781658999503707,-3.281141812484545,0.0005694280178322013,9.735849254884393,-2.1372624118674752e-05,-0.006552018163330245,7.035501168885446e-06,3.5088033952904585,-1.7500391565144728,1.4601755839858217
2.4719999999998388,-0.0054547549507397925,11.371163994760936,3.040125222513919,-0.00012348873352066028,-0.10112536182034546,-3.3114850357189205,0.0005582530726605897,9.713775656423522,-1.594644382045279e-05,-0.006284670406455489,6.722132110302421e-06,3.5558366942577266,-1.750038225931848,1.4601856011709349
2.4849999999998373,-0.005229887072431985,11.512315102604013,2.98817352219478,-0.0003271148566049303,-0.07814229665410684,-3.2617302209044943,0.0005257589146354474,9.738250701776378,-1.5704524823188174e-05,-0.006053697521120925,6.541095653363781e-06,3.597149905952241,-1.750037462632196,1.4601946668125219
2.513999999999834,-0.0043505872564425785,11.82620851482048,2.965039076336723,-0.00016124194184090508,-0.08671605754762085,-3.249307663011278,0.001360537307631555,9.739327272826605,-1.6550637043716097e-05,-0.005496774857725988,5.930920167010212e-06,3.69115177913834,-1.7500358108959668,1.460216581498546
2.5399999999998313,-0.004183988094442442,12.10820712931137,2.994928541509109,-0.000269709776313899,-0.07714715023257636,-3.2683606687929765,0.0007718390779886087,9.73586753034875,-1.1924300094695184e-05,-0.0051007583439648336,5.544671255416054e-06,3.777590669079249,-1.7500343429335623,1.460237620360635
2.568999999999828,-0.003981666542684518,12.422613576874747,2.9809467221178907,-0.00027822050108400803,-0.07992932871421046,-3.2581709205689258,0.00081489706239772,9.73562587498378,-9.499074949079075e-06,-0.004694223730472272,5.560191360729793e-06,3.8764138283573324,-1.7500327612481537,1.4602616261799828
2.6019999999998245,-0.003809540175378472,12.780322230050716,3.045618532380689,-6.986143124118165e-05,-0.10099360471417095,-3.3175433812067854,0.000578699701828172,9.707330648864344,-6.9918910121027535e-06,-0.004272191578756874,5.346532437001494e-06,3.991960515801723,-1.7500311054370548,1.4602882246229385
2.6039999999998242,-0.003793709041541433,12.80224805474017,3.0251835146344854,-0.00022358939983244905,-0.0807476067614634,-3.2954875864802093,0.0006533883345866373,9.72575561671223,-6.2545587344307694e-06,-0.004263519537054161,5.358988008033219e-06,3.999069231326196,-1.7500310104769918,1.4602897756332558
2.624999999999822,-0.0035254786486248707,13.030052648142423,2.9801601081677918,-0.0002491789602382375,-0.07827464232791882,-3.2587544527001286,0.0009558255392770462,9.736150677937932,-4.6886833072333925e-06,-0.004017544200312276,5.257850175684341e-06,4.074439667466673,-1.7500300218098814,1.4603063736342579
2.6479999999998194,-0.0034236796163852885,13.279193224330863,3.025288303265809,0.0002693561682491164,-0.11220234208175586,-3.3052376754443133,0.001396362449569532,9.702716634908878,-4.163348269547471e-06,-0.003738784615479132,4.982756500748573e-06,4.158517358014331,-1.7500289951841723,1.4603241788815482
2.670999999999817,-0.0032696638197114414,13.529120412172665,3.0248741120983524,-0.00021478893519492808,-0.07824582447548925,-3.2946750174215804,0.0004662815656574005,9.724948781005095,-9.799698854235642e-07,-0.0035312169606639145,4.926823475453719e-06,4.244194032404478,-1.7500280200768483,1.4603413752645609
2.6759999999998163,-0.0032269626167813993,13.583051436868853,3.004305478424017,0.00024741119059803465,-0.10778081711414975,-3.2879248998149033,0.0015872926542477468,9.709973898963593,-2.061721252046899e-06,-0.0034571667787128466,4.902118561502774e-06,4.263030800336513,-1.7500278137890004,1.4603451494992319
2.6839999999998154,-0.003179687722975554,13.669873163056067,2.9741056256913305,0.00012887524841210043,-0.09666848412841654,-3.261409741678368,0.0018763655580694516,9.72472574428956,-2.6457013143459933e-06,-0.003373786464245484,4.909992906982092e-06,4.293326806717369,-1.7500274815130967,1.4603511065291
2.7129999999998122,-0.003244015556767613,13.984506132144158,2.974778739850186,8.969718836973552e-05,-0.09545607822089733,-3.2617799752410974,0.0018553606081614736,9.724610969748111,-1.1697608349045768e-06,-0.003102314052614947,4.911101180462424e-06,4.404770362456327,-1.7500262756124243,1.4603723041334122
2.743999999999809,-0.0033444606142022625,14.320851830323198,3.0018138021283547,0.00019347692424306434,-0.10515363676191565,-3.2857701695659607,0.0015583203930605609,9.71067923220874,4.5128293971834564e-07,-0.0028440290031690072,5.088150334686665e-06,4.526709044746751,-1.7500250041877423,1.4603940179960864
2.7459999999998086,-0.0033571945538752182,14.342532876957945,3.046730658615199,0.00023623164327921472,-0.10848596395069171,-3.321617052216041,0.0009890738222405136,9.697607143139956,8.147445210821762e-07,-0.0028286259808903147,5.0555098591398074e-06,4.534675742286305,-1.7500249234589107,1.460395347505292
2.7719999999998057,-0.0034107238842853776,14.625163605792492,2.9750255161933055,-0.00026921496164592076,-0.0815534837835155,-3.2587775437000888,0.001190313410993168,9.733234525919922,3.31899081122828e-06,-0.0026656174743113965,5.271401938879734e-06,4.639343659953845,-1.7500239447382533,1.4604120144084283
2.7899999999998037,-0.003302736348018107,14.820509326428539,3.003145440508455,-0.00019734514025576572,-0.07582861193753078,-3.2793332665354615,0.0009001562502708774,9.730390111964248,2.5559153564179936e-06,-0.002523909309961613,5.274954947355689e-06,4.713002133309488,-1.7500232727716525,1.4604232492983846
2.814999999999801,-0.0033826226579519994,15.090997642645188,3.011883697977175,0.00032598615683456986,-0.107408734666928,-3.296031223286206,0.0016510825780191541,9.706665026536575,-3.232601000382477e-06,-0.0022652781976193834,5.287861923966825e-06,4.816927592344046,-1.7500222718921992,1.4604392446847294
2.849999999999797,-0.004034343523991699,15.470529866614644,3.0057101659492504,-0.00012819536179865172,-0.07648879919541227,-3.281600769171249,0.0010637078599599707,9.727976112877823,-8.113559050999841e-06,-0.0020067377614043135,5.90862014225672e-06,4.965590384872826,-1.7500206256323187,1.460462127061797
2.8759999999997943,-0.004669745001680998,15.75182363666154,3.030434047902624,0.00029016512205039545,-0.10679789285686855,-3.3092929674895575,0.0013353988304305754,9.700306077585461,-1.459055668427659e-05,-0.0018044234018878397,6.620946785795716e-06,5.078416362215551,-1.750019204654889,1.4604791570913342
2.879999999999794,-0.004763653615887339,15.795554496877433,3.0083667714840314,-0.0001432538028553126,-0.076727867224159,-3.283557256551936,0.0010468736962005911,9.726383629503653,-1.3755987135413248e-05,-0.0018087985920907641,6.800897920656075e-06,5.095955239925869,-1.7500189731607763,1.4604816554147286
2.9099999999997905,-0.0053928150627068645,16.120558940823177,3.009995501593422,-0.00013564677487010637,-0.07708377075397413,-3.2850454437720105,0.0010443327401719166,9.725329320115707,-1.921842940770844e-05,-0.0016395054289949022,7.718133139558953e-06,5.229032948595455,-1.7500171207823352,1.4605004548806217
2.9119999999997903,-0.005430580182570917,16.142190071918563,2.9752097662329606,-0.0001798190965005234,-0.0790267825718249,-3.258065926606968,0.0013708699549416863,9.731681922026748,-2.0084133366649927e-05,-0.0016245281951878991,7.832543021616844e-06,5.238001252027507,-1.7500169918715087,1.4605016967567777
2.930999999999788,-0.0057659851165531555,16.347818384543785,3.0235867894137654,-0.000102554287545206,-0.07953043817765426,-3.295452539901917,0.0006652721952723421,9.719135591698432,-2.4637765274933187e-05,-0.0015101869166814284,8.313901105928966e-06,5.323800335225805,-1.7500156792233252,1.4605134639005375
2.969999999999784,-0.006389716065716348,16.77016946950954,3.0136410192276895,0.00019267214611978686,-0.10144287858889958,-3.2948660647934265,0.0014522347879503373,9.706614349738203,-2.8736024776515008e-05,-0.001342774302938379,9.222611418790225e-06,5.50332239567529,-1.7500128578159921,1.4605356756218084
2.979999999999783,-0.006431450884937011,16.878493830030397,3.003708832423515,0.0001717294801403399,-0.10109933566691712,-3.2865208963462664,0.0014261994076396806,9.708508526859188,-3.0081339469465703e-05,-0.0013020137139483257,9.42851082075317e-06,5.5500918090864255,-1.7500121116447809,1.4605410038753806
2.987999999999782,-0.006467690477866906,16.965316923342915,2.9731005684744276,-0.0001672319264775609,-0.08239443100719931,-3.258359701736577,0.0014366137187809985,9.729713550961117,-3.061542131296868e-05,-0.0012804153445670982,9.594759367356769e-06,5.58772422792403,-1.7500115076007974,1.4605451847356707
3.023999999999778,-0.006645651106869763,17.35479189857005,3.016364612892447,0.00019363766886072148,-0.10187681799685468,-3.296803263010004,0.0011936488753772178,9.704624633214033,-3.5205258593338934e-05,-0.0011111193029852773,9.894266828125757e-06,5.759453998708015,-1.7500086866206375,1.4605636416983163
3.039999999999776,-0.006677028088036439,17.52842773043922,3.008238329195384,-0.00015953509715889444,-0.07934538734856557,-3.284509980828773,0.0008657782081146175,9.722519736430282,-3.3511836180716626e-05,-0.0010887002743920635,1.0076627004119814e-05,5.8370309982873785,-1.7500074084360244,1.4605713167802075
3.0459999999997756,-0.006705209934178696,17.593037786208498,3.004165377367942,0.0001679281926197266,-0.0995270180825443,-3.2872528969632966,0.0014514582861409153,9.709543518763745,-3.624153446298234e-05,-0.0010375125079646473,1.0094042394551081e-05,5.866320873927153,-1.7500069259039874,1.4605742582804317
3.0899999999997707,-0.0068073251831041424,18.06918344579483,3.001925056276473,0.00013800289213533967,-0.09853074422278194,-3.284816600801632,0.0013474121359244914,9.709876033038462,-3.955680368793581e-05,-0.0008832432189729495,1.0394458053607204e-05,6.084423324495207,-1.750003268664343,1.4605948638621653
3.113999999999768,-0.00677900233155947,18.329003264743864,3.0156216978573953,0.0001226469555785134,-0.09829026654782659,-3.2952155162110697,0.0010753320183226386,9.706373846420624,-3.962764023259852e-05,-0.000826913768349934,1.0528223780598772e-05,6.20584372273531,-1.7500012661556585,1.46060515750067
3.114999999999768,-0.006771330362728244,18.33985545397356,3.0239334895978893,-5.2123985356505566e-05,-0.09253723165856852,-3.300538815029325,0.0007003489209219216,9.708928779975775,-3.932483510129404e-05,-0.000827630707321045,1.0523246361089e-05,6.2109405076837,-1.7500011823667572,1.4606055676137553
3.132999999999766,-0.006710439278918823,18.534810805698516,2.9843976082991834,-0.00014969013997384264,-0.08377701741407574,-3.2668963840405825,0.0010345199716050616,9.723822346574696,-3.942460643710452e-05,-0.0007912404869455739,1.0636911845795862e-05,6.303197076355753,-1.749999675711403,1.4606129815384314
3.158999999999763,-0.006613347404845074,18.816146578976532,3.0063960720135996,6.990980666220338e-05,-0.0960703999761488,-3.287202139399587,0.0010480430271410492,9.70951026961046,-3.839439980140577e-05,-0.0007352793683248227,1.0556397058020447e-05,6.43817730591476,-1.749997531629712,1.4606229663416181
3.179999999999761,-0.0064934994709190015,19.043478360063283,2.9897636561674226,4.302818692321846e-05,-0.0928105967857973,-3.2737620738792748,0.0013021581311158834,9.716013653807071,-3.876432443809686e-05,-0.0006932318823983125,1.0509019582638266e-05,6.548684704521384,-1.749995853308072,1.4606303461358772
3.2099999999997575,-0.006189178634765884,19.368397605414206,3.0105935351659263,-0.00015092833506901349,-0.08145781794824332,-3.2867489769263516,0.0006167676742077347,9.718780217939118,-3.568842285315643e-05,-0.0006580159710681655,1.0308564903580936e-05,6.708853524889204,-1.7499935084622942,1.4606401511626206
3.221999999999756,-0.006105701726752975,19.498316132286405,3.0025531534941807,-0.0001555587239211015,-0.08132882569061024,-3.280837887334648,0.0007964254661331884,9.721098797188889,-3.4834591563079235e-05,-0.000640471175143271,1.0203620546746931e-05,6.77367919183817,-1.749992603474907,1.4606437983314582
3.249999999999753,-0.00586290900834565,19.801195275316434,2.9942442755613965,3.2881637791305133e-05,-0.09191183452827084,-3.277827482680769,0.0012488010586916571,9.715986800584892,-3.5082203082390884e-05,-0.0005771379410141773,9.954488549257327e-06,6.92662354535594,-1.749990555425267,1.4606518672407311
3.2559999999997524,-0.005803379637100757,19.86618351733907,3.0066306887227907,-0.00011188983101919184,-0.08295619313706153,-3.285235274527961,0.0008749266405493188,9.719592774941153,-3.5070938066514455e-05,-0.0005684942581627841,9.895160483400084e-06,6.959704043817078,-1.7499901207932007,1.460653562684594
3.2929999999997484,-0.005567288926308891,20.266335717743917,2.9950813021154126,-8.53519662003634e-05,-0.08310987493503813,-3.2756254617519995,0.0009671201025827865,9.72130359112999,-3.620634790711633e-05,-0.0004817888317682475,9.625299454929119e-06,7.166091658695562,-1.7499874410819303,1.4606641971189969
3.312999999999746,-0.005527282125796277,20.482621362274124,3.0148801914847665,-8.197144889624802e-05,-0.08706451700443331,-3.292054896645028,0.0006824137711850445,9.713654283786884,-3.588554863580671e-05,-0.00044975022326926105,9.541665639087688e-06,7.279365909770029,-1.7499860020259987,1.4606697575815368
3.3469999999997424,-0.0054166757741168055,20.850250716289448,3.0062621234137,3.8086613760805215e-05,-0.09101261365469637,-3.286141717108439,0.000950218439062531,9.712438600888516,-3.8352145489243084e-05,-0.0003889698458659302,9.514475093409055e-06,7.474691455703735,-1.7499835790721436,1.4606787710923541
3.359999999999741,-0.0053630055958549016,20.9908327493153,3.0095905957017735,-2.6789456275744242e-05,-0.08877978595269902,-3.2881481636306376,0.0007771443595431866,9.713207178947474,-3.8715950691179424e-05,-0.0003716205123196578,9.504024741230355e-06,7.5502927253095375,-1.7499826463913228,1.460682137532102
3.3799999999997388,-0.005389699196200456,21.2057130925886,2.931811094783665,3.4255623564304755e-05,-0.07930888818327435,-3.2334515480662795,0.0033163357713194967,9.74724426898377,-5.95081000843538e-05,-0.00016371824336827956,9.462710236455668e-06,7.667592084536979,-1.7499811316024305,1.4606885448911675
3.395999999999737,-0.005516219988116943,21.371547234497974,2.8107248625740433,0.0011559765054122012,-0.08136077999578678,-3.1501239526699294,0.008635921388292443,9.785525645471576,-0.00014964335279008106,0.0006954148652264741,9.830064028633658e-06,7.762282022760651,-1.7499791543559402,1.4607021480812354
3.4269999999997336,-0.008701239046472051,21.676776474849923,2.682623452642842,0.004168036179298677,-0.1039353628656972,-3.0424178417204386,0.013456055898157326,9.785429134076391,-0.0004592898366370491,0.0037507253852722576,1.4532944070381414e-05,7.94781775474241,-1.7499688609430974,1.460777274074139
3.442999999999732,-0.015420167363845553,21.83090293746726,2.6677838381111094,0.004500878553442935,-0.11250153459384149,-3.0131745815744178,0.013628136995321692,9.762253392751402,-0.0006210653046959046,0.005244384948387668,1.9762743275356822e-05,8.044621899584493,-1.7499589737888592,1.4608400793275567
3.4739999999997284,-0.034982886287263044,22.127849836208956,2.6518403163819277,0.003685077833751852,-0.12130899980805786,-2.9655835853961214,0.013008483436361129,9.721753700517667,-0.0009358091841379097,0.007267170309675208,3.935600073480021e-05,8.23416657265884,-1.749930430445057,1.4609827931488808
3.503999999999725,-0.05254608536602342,22.41440219935917,2.656507022959376,0.002835747710819822,-0.12098875088231989,-2.9410761267003522,0.010320383647095017,9.693434661525131,-0.0012151702575524978,0.008180016946619427,6.559559346915653e-05,8.420060706628888,-1.7498915324140658,1.461116637984067
3.5099999999997245,-0.05575053935668678,22.471853900688345,2.6608810086360437,0.002616161109921227,-0.11979022966810843,-2.939721495226207,0.009529210135514651,9.689047281970605,-0.0012620865007314766,0.008242997726220724,7.082906223748189e-05,8.457528266224235,-1.7498825816904908,1.461140369496846
3.539999999999721,-0.06961108890419905,22.76106544787819,2.6963416850006157,0.0012020004787474461,-0.10870356054052153,-2.9489251886508625,0.004832630742452783,9.674757198515948,-0.0014375523680070137,0.008000899068305735,9.4427037243441e-05,8.64630851044057,-1.7498333922655487,1.4612350538876318
3.54899999999972,-0.07276164439828645,22.848664255607005,2.709961269563423,0.0007214114256416117,-0.10402064470337927,-2.955929333402179,0.003278176739177386,9.673147235331726,-0.0014695171420442124,0.007766615565252037,0.00010031958908013106,8.703412553522055,-1.749817576731801,1.4612544507121106
3.5739999999997174,-0.07840628297697601,23.09437770511696,2.748848393084482,-0.0006040782954799965,-0.08890954916834456,-2.9810045679214294,-0.0010365624117208477,9.675502040619435,-0.0015064998588340316,0.006821551420134283,0.00011270003972120208,8.863180544087305,-1.7497725055778408,1.461284857423524
3.5829999999997164,-0.07928085527381246,23.18366846007292,2.7623253983187963,-0.0010445055213483666,-0.08329244312765208,-2.991282221948224,-0.0025032337097346483,9.678350974196087,-0.0015021022336112464,0.006407276591397604,0.00011551778955673443,8.92111181973612,-1.7497562162948643,1.461287608643139
3.622999999999712,-0.0760507596591971,23.58584159265074,2.822279781412312,-0.0026639055204446247,-0.059458849076214064,-3.0437138601838085,-0.008360717362715717,9.696496814261998,-0.001377829335238559,0.004329357687421399,0.00011680941595009942,9.181270945223138,-1.7496869526965648,1.461255790840873
3.64199999999971,-0.07082423962195232,23.779743760464086,2.8472926720350067,-0.003213100379936283,-0.050133686847893634,-3.0687392259895727,-0.010479309758053052,9.70662118290265,-0.0012675445065297368,0.003306569210540932,0.00011137742373789125,9.30640043451383,-1.7496574866151395,1.4612216919694985
3.6529999999997087,-0.06700014011353525,23.89274911126833,2.860411519728228,-0.003467483283414973,-0.0455917726490531,-3.082633951745351,-0.011466252392172376,9.712349985003605,-0.0011926141756936862,0.002728731908883119,0.00010662276038465976,9.379306450678321,-1.7496418490684105,1.4611984603597252
3.6899999999997046,-0.05164763391423605,24.282781013897857,2.9684923490172306,-0.004632416874071656,-0.0303640576841025,-3.171453254794845,-0.014227683909318667,9.707644858198567,-0.000855950040764513,0.00011399135499449722,8.284327204827158e-05,9.62706496640505,-1.7495989085072956,1.4611022051339915
3.7179999999997015,-0.03805774577122873,24.580229018923916,2.9368790419656796,-0.0037974003954577033,-0.03114925783998687,-3.1693091754353784,-0.012611918072314869,9.738078265384786,-0.000648870882673612,-0.001405209790088802,6.058959542048856e-05,9.817198286773102,-1.749577451291274,1.4610135858012752
3.748999999999698,-0.017842713840045547,24.90723313674633,2.92482197042286,-0.002801926206239015,-0.03911712211334805,-3.176758173681985,-0.012424308855828839,9.75029823261637,-0.00039839175752338354,-0.002199145447232612,3.571175347334186e-05,10.030361684208753,-1.7495633352455808,1.460927867757449
3.7809999999996946,-0.006089386664742623,25.24415041241259,2.9249969110126055,-0.002699429311806575,-0.050552752802476036,-3.1871254922098866,-0.010562929747450968,9.748925200169458,-0.00018890547980648527,-0.0024649246011950055,1.1544286296296874e-05,10.253338146315015,-1.7495585937200693,1.4608650215171834
3.803999999999692,0.0023842125756473515,25.486514019127693,2.9286057441196696,-0.002137240540197138,-0.05833148595187192,-3.1942926829914975,-0.00932854796716048,9.744330121243957,-6.690572371511001e-05,-0.0024934276415414544,-2.714396086499185e-06,10.415450636381076,-1.7495602889458899,1.4608359109434312
3.839999999999688,0.010781983647422338,25.866618727231373,2.93623969915497,-0.0014028534352227293,-0.06811152422265118,-3.20423891679158,-0.007117966241151711,9.736064001672952,7.847192768071344e-05,-0.0024395459579624255,-2.159678006015122e-05,10.672304372461394,-1.749569681031345,1.460811621981049
3.8459999999996874,0.011887150968222546,25.93007049339243,2.9375615145027556,-0.001279300929801599,-0.069435838408218,-3.2057463513524174,-0.006756457436810156,9.734781340754747,9.694639909241876e-05,-0.0024267704839234087,-2.4145758405400228e-05,10.715483317234295,-1.7495718798775466,1.4608095148126896
3.8659999999996852,0.014931976776709273,26.141784520901528,2.9418503445856317,-0.0008788667634850084,-0.07327223184527197,-3.2104868478269037,-0.005594182372136982,9.730911504247276,0.0001476319955758142,-0.002383693753194047,-3.1488488121005564e-05,10.86017787407873,-1.7495801954779033,1.4608054121659306
3.8999999999996815,0.01792151272792848,26.502383323528235,2.94833940685803,-0.00029101571618744837,-0.0780516741724286,-3.2176081481136123,-0.003814582874161903,9.725950938778224,0.00019810333222009923,-0.0023150848531066645,-3.996300612128905e-05,11.10886260181858,-1.7495967998165476,1.460805699895115
3.9169999999996796,0.01856978167092295,26.682967342503204,2.951093755219498,-4.354071768933611e-05,-0.07978770572969082,-3.2207466090386228,-0.003050858590195778,9.724206012204267,0.00020844943424533723,-0.002282263844804418,-4.2407448161168436e-05,11.23448379615179,-1.7496057488757721,1.4608079097301825
3.9429999999996768,0.018672103287744452,26.959459498765813,2.954641699734813,0.00027022272813825697,-0.08180799672542617,-3.225012992435867,-0.0020707686989193804,9.722323662932471,0.00020853226035283818,-0.00222987562616488,-4.4144998721626866e-05,11.428261765415698,-1.7496196489025015,1.4608126178592473
3.9819999999996725,0.017318391481889166,27.37474249345298,2.958573038686412,0.000591075975349381,-0.08378500380328849,-3.23022782769878,-0.0010422299892589564,9.720803161774548,0.00018174734032320119,-0.002136881664022371,-4.309912601542558e-05,11.72267802778359,-1.7496398210049064,1.4608208064802741
3.984999999999672,0.017160143340031197,27.4067088893226,2.9588141789458793,0.0006086009210607287,-0.08389731488180392,-3.230572061411464,-0.0009846901788093233,9.72073231750891,0.00017870830705634842,-0.0021287524095701753,-4.287551449001661e-05,11.745511956834552,-1.749641301577947,1.4608214452588504
4.007999999999673,0.01577588137537431,27.65186492917876,2.960391364386711,0.00071134453772568,-0.08460721193730857,-3.2329403333548634,-0.0006418299201710373,9.72035026402489,0.00015231866465367157,-0.0020613407058922496,-4.065512205991484e-05,11.92145795916524,-1.7496521946304946,1.4608262785423505
4.02899999999968,0.014334015030730991,27.875800341694948,2.961371216399816,0.0007594356280084249,-0.08507353492288415,-3.23464886613057,-0.00046631341012004653,9.720205650441157,0.00012505006773723187,-0.0019914035920372336,-3.8029347505985974e-05,12.083473686678518,-1.7496613474658385,1.4608305566165503
4.052999999999688,0.012607426596898253,28.131805865187484,2.9622040350993752,0.000769442855249401,-0.08544541372064116,-3.236220960494382,-0.00040547595454659474,9.720122168927979,9.24886912756435e-05,-0.0019025111020147414,-3.461609623652509e-05,12.27023584108515,-1.7496707968433751,1.4608353005625363
4.064999999999692,0.011749281345105073,28.25983323124304,2.9625300739860614,0.00075920226407629,-0.08557865170143641,-3.236872168256036,-0.00042328928962349346,9.720094524458464,7.633362704382337e-05,-0.0018552899003893579,-3.283015871428499e-05,12.36425764188184,-1.7496751091968141,1.4608376304856043
4.097999999999703,0.009523824974414874,28.611970480786646,2.963196528410435,0.0006899808722260894,-0.08580712323814779,-3.2382763444759024,-0.0006031050948668599,9.720021684923022,3.461324195943796e-05,-0.0017195363535197163,-2.7946836984652325e-05,12.625020669418275,-1.7496855966021623,1.4608439723438331
4.121999999999711,0.008106989501511104,28.868112313543374,2.963528508059538,0.0006122763618038503,-0.08587780894743303,-3.239010688467969,-0.0008223025647429395,9.719951594388698,8.30677422141841e-06,-0.0016185723089278373,-2.4639672983903792e-05,12.816696377010329,-1.7496920607645952,1.460848588618931
4.140999999999718,0.007140135880223609,29.070909234472932,2.9637307160638864,0.0005410214449943225,-0.08589346836256752,-3.239462490793168,-0.0010286043483700629,9.719881203686123,-9.418089122711476e-06,-0.0015391469484448716,-2.2275638565222275e-05,12.969652087467576,-1.7496965758647027,1.4608522766337775
4.171999999999728,0.005886033744996407,29.401783762939818,2.9632467739859027,0.00041372028412795474,-0.08583328114790549,-3.2395180395627663,-0.0014086221723034673,9.720027810023048,-3.1482166351073664e-05,-0.0014093771933654986,-1.9027536944747673e-05,13.22151172572735,-1.7497030104660498,1.4608584244799336
4.187999999999733,0.005398658666015029,29.572529120995657,2.9629172294344572,0.00034850868174347545,-0.08581074366390246,-3.239415738072819,-0.0015997444264921855,9.720057379812506,-3.9633782956640485e-05,-0.0013409015745869523,-1.7678570411855058e-05,13.352619722742531,-1.7497059774427808,1.4608617311559988
4.209999999999741,0.004902909201816071,29.807275016633128,2.962480165773248,0.00026615101781472583,-0.08573361466880884,-3.2391976087876135,-0.0018635734012976313,9.720063475836358,-4.737622199055955e-05,-0.0012475773662466026,-1.6197440422799085e-05,13.534133606021067,-1.7497097741036862,1.4608664855878
4.229999999999747,0.0046139435428254275,30.020610754875683,2.96077386816095,0.0001891109959871722,-0.0856180869634915,-3.23805129280404,-0.0020980743430441817,9.720518861243004,-5.055376278420096e-05,-0.0011598058028994616,-1.5221742720156363e-05,13.70039230896829,-1.7497130356775537,1.4608710775526514
4.257999999999757,0.004435775387376672,30.319065762902557,2.9584898738735528,0.0001009518716600047,-0.08557086719077366,-3.23630663342231,-0.002352226120096991,9.720814334263297,-5.0562493896471635e-05,-0.001025015202332012,-1.4414758345382258e-05,13.93514719888341,-1.7497174659015855,1.4608782534602975
4.289999999999767,0.004504636861943989,30.659911578751178,2.956568735204865,3.2215991467230434e-05,-0.0854908786097312,-3.2344663723405507,-0.002567020457762807,9.720656582253454,-4.5645626130192176e-05,-0.0008709314402570647,-1.4181979764640589e-05,14.206283371465817,-1.7497225455071992,1.4608877763405024
4.314999999999776,0.004690853069015661,30.926064198034926,2.9555138616493544,-1.2538768981397636e-06,-0.08539971721617301,-3.233207749302414,-0.0026766916287867945,9.72031250161222,-3.925577774066513e-05,-0.0007610527096468359,-1.4408118299122317e-05,14.420218593831306,-1.749726650809682,1.460896128679443
4.325999999999779,0.0047961294933030595,31.043143999562748,2.9551566439672783,-1.0983282389308416e-05,-0.08535240926067539,-3.232717066072426,-0.002709626578144808,9.720130483352925,-3.599117277127914e-05,-0.0007170863948483061,-1.4592948839713544e-05,14.514936207956133,-1.7497285143333983,1.460900005667272
4.355999999999789,0.04018238815642681,31.638287182976008,10.928505128146455,-0.04012768586910215,-0.1632167008446092,-8.276846543823089,-0.4485968187203426,6.510574197900311,0.005400076203622352,-0.040023366535533275,5.68644219268453e-05,14.775450764091564,-1.749760230834881,1.4605825027681547
4.382999999999798,-0.0827219522473597,32.706897848324886,10.82226684048158,-0.15490338752267846,0.058194095779845384,-9.475493144075264,-0.5886461415647471,8.077528515434091,0.019072831931940218,-0.11982260980485225,-0.00056704751277054,15.015443197145114,-1.7500700805687683,1.4584675631598516
4.390999999999801,-0.3787295190860179,32.98159303470398,8.913543859785854,-0.1389034523351922,-0.221021997805632,-8.306630015786132,-0.49784873324057144,8.57153490943929,0.02245884870107899,-0.13190627592360213,-0.0011943498634809308,15.087774300970375,-1.7502359379183048,1.4575907135638098
4.406999999999806,-0.873451621650607,33.50083909552296,7.4551842635437895,-0.13531615176720563,0.22195153631106473,-7.940288619136755,-0.22809012414597776,10.14889557986745,0.02757986305061108,-0.1454341407825776,-0.0023441568437498274,15.234009422459927,-1.7506616129328103,1.4556795065877612
4.436999999999816,-1.242156230221308,33.756194109099724,-1.2283909947453155,-0.158477027740759,-0.13219038034678807,-2.1177378920760206,0.42775484205368425,12.837414368461262,0.016410757600523445,-0.07288539235625714,-0.0006136887101502817,15.512344954802842,-1.751499144046011,1.4528988838722756
4.455999999999823,-1.3654391460262334,33.683905058413515,-0.6416974216003222,0.03930368202731632,-0.2620907094694921,-2.0716074940779565,0.449285973056474,12.033591062243651,0.006679442838020585,-0.009009698755486118,0.0008737358403353627,15.689661588571822,-1.7518460620187233,1.4524526484424833
4.512999999999842,-2.716059646446912,33.69172753798014,0.6003143547630123,-0.006235244018995945,-0.4705004687828164,-1.4168011298079186,0.24304318091266383,9.819254538448396,-0.008530625626424706,0.082813485191661,0.005337114483561061,16.224805929730817,-1.7520735744288936,1.4548557844333905
4.527999999999847,-3.0319536717807685,33.729973300839774,0.8331315225050218,-0.02854466491023143,-0.5003773565694746,-1.3316456451792877,0.1873701354951831,9.46229408407732,-0.01149563473417349,0.08830351575273328,0.006372569278021244,16.366276568512227,-1.7519895941143457,1.4557710736789522
4.5539999999998555,-3.3898541307217247,33.82523347859424,1.1996584061282667,-0.05482345374617553,-0.4670880801482778,-1.3295624294935942,0.0864952555935357,9.127248137508012,-0.015176967137342273,0.08703346188915181,0.007951863068285483,16.612031507662845,-1.7517606289641137,1.4571602530444798
4.5899999999998675,-3.609353379319762,34.00988669065376,1.6299812791123456,-0.08629397684600645,-0.2956680164101673,-1.5321757962514138,-0.0535782452788013,9.090581734867653,-0.016885548789068294,0.0730686064346055,0.00946777905887135,16.953502494065322,-1.7513778214480482,1.458371408084429
4.59699999999987,-3.6245585377624856,34.05193110837238,1.7028469471644954,-0.09259516607447699,-0.2526661115870922,-1.5884390977288445,-0.07624718269076153,9.122045007169687,-0.016835440012908955,0.0696547664374285,0.009670053817056304,17.020080952273158,-1.7513076710865254,1.4585029190388232
4.629999999999881,-3.6041251615429095,34.27271073275835,2.0020666106194356,-0.11776157669571544,-0.04631100564090531,-1.8772903877329958,-0.16387944965934295,9.34248780729211,-0.015457518125576693,0.05332602499852823,0.01024154480142428,17.334885798565526,-1.751047652134182,1.4587385436100155
4.662999999999892,-3.448517765837616,34.524459333071455,2.2336600203025188,-0.13030199570332737,0.1227143318204013,-2.1535813220011915,-0.21935739030290635,9.577745820298448,-0.012727102111169956,0.038729057349034236,0.010279696429754712,17.65147445139472,-1.750965427945915,1.4585285140129367
4.678999999999897,-3.332620848842875,34.655452848205535,2.3253424203773463,-0.13169974980089277,0.18221086897604,-2.2711254156156677,-0.23551495769820116,9.67172064317175,-0.011084184526981315,0.03260655440574746,0.01014220178215431,17.80570704754679,-1.751007456568542,1.458343734348538
4.709999999999908,-3.056873959708634,34.92265681256163,2.4720022504340697,-0.12746154248750644,0.2542044204803434,-2.4628225043960996,-0.24818289787760275,9.80187348304694,-0.007593050240770163,0.022423896323241363,0.00965140864262542,18.106044515795148,-1.7512589253451327,1.4579462242511756
4.735999999999916,-2.792666825691831,35.1579678288014,2.569403953069015,-0.11853021940754391,0.2760023108924476,-2.5898678416600394,-0.24214672979226637,9.861034329677477,-0.004610503697772633,0.015300102162213449,0.009077785657046908,18.359589610598803,-1.7516477043409564,1.4576456054754239
4.769999999999928,-2.426438912130618,35.47781648584898,2.6678810166048454,-0.10198122117545848,0.2661178509326905,-2.718852169225329,-0.21717774793270175,9.888140266109646,-0.0010100138006725668,0.007437709986762677,0.008201902575303469,18.693572265868696,-1.7523923926657854,1.4573687054534366
4.808999999999941,-2.0099033697685247,35.85769467680191,2.7527910144448695,-0.07936695460901774,0.22241843835187108,-2.8331808693408367,-0.1737954950172298,9.877434568468734,0.0023069609195284814,-1.9938407069514786e-05,0.007126888775549406,19.080230471780794,-1.7535403338214028,1.45724821778397
4.822999999999945,-1.8667643247917207,35.99679466077478,2.7775193383289585,-0.07079633557671049,0.19783101853352242,-2.8704975872176157,-0.15144124897274394,9.866089293478165,0.003208777187078163,-0.0023369606271861068,0.006739413353814818,19.219991818173614,-1.7540177416935747,1.4572551720672873
4.847999999999954,-1.6238235236393825,36.24816070063237,2.8157557874024315,-0.05485635213614301,0.13823802401476495,-2.9388910537794604,-0.12176883886191149,9.8375142559124,0.004408757599557401,-0.0057970021747484664,0.006063277925852262,19.470863103740804,-1.7549395204439768,1.4573247459533716
4.885999999999966,-1.2972307187794363,36.636422420172096,2.8627044540354496,-0.033933779848640946,0.0510956731242513,-3.029603965068859,-0.0774026516859116,9.793813933133453,0.005459672719685864,-0.009403598907695754,0.005078232924316972,19.8554540737576,-1.7564751926898572,1.4575374922911846
4.89599999999997,-1.2200946843440081,36.73961993634421,2.8727149465506945,-0.02923137388959042,0.030748945493716377,-3.0501046220208345,-0.06671577407670147,9.783596787709172,0.0055818852053000495,-0.010044660875473127,0.004832360150104361,19.957331030517995,-1.756899882878934,1.4576086349636683
4.930999999999981,-0.9687599646008692,37.103437349272184,2.901372495141498,-0.014286516157043452,-0.027915009472355708,-3.1099013407163687,-0.03439506377498151,9.75404397547587,0.005597725535940252,-0.01145704192932383,0.004026953516556629,20.316137891088133,-1.7584323504245682,1.4578868878934819
4.947999999999987,-0.8574654301285627,37.28136364849872,2.9122048266900835,-0.008032855814233807,-0.0493879936818146,-3.13265224925349,-0.021619362799080753,9.743162612017803,0.005423758406254308,-0.011763174460684925,0.0036645860788241265,20.491685804838557,-1.7591949504738968,1.4580315771745418
5.0090000000000074,-0.5134315888734629,37.924355275591346,2.9390320190192005,0.008319446557723643,-0.09612039042373889,-3.1879686466850763,0.009755229797211228,9.719143972636463,0.0042109935826520105,-0.011568862372974898,0.0025015700699660254,21.12853389240128,-1.7619724665712913,1.4585546248939127
5.020000000000011,-0.45917647406047846,38.04086675023626,2.9423724923166237,0.01038033143786141,-0.10072588285658739,-3.194604492075027,0.013224954789291189,9.716711470318389,0.003938802527304122,-0.011395945897227571,0.002312298522880849,21.24454017076085,-1.7624748085407769,1.4586455958680704
5.0300000000000145,-0.4116022980672365,38.14689834063887,2.945114252309264,0.012052712752623783,-0.1041781553351367,-3.1999774218397787,0.01588032062530935,9.71486520186507,0.0036868258365615487,-0.011216775569105223,0.002144958550740385,21.350310965116584,-1.7629309409076053,1.4587267725397903
5.0660000000000265,-0.2525935677123003,38.52934813899651,2.9530685492724054,0.01668744267821168,-0.11205212523998266,-3.2150851673924628,0.022054866375477752,9.710478588555315,0.002785401772910308,-0.010454191679206621,0.0015761236903208658,21.733540861361124,-1.7645657305810893,1.4590051258438235
5.086000000000033,-0.17145322313721553,38.74222404268524,2.956481183177829,0.018489700123966616,-0.11415312424548542,-3.2212599040647603,0.023628785236085685,9.709155965520168,0.0023147547926313113,-0.00998495494444931,0.00128018419014571,21.94811049893394,-1.7654675177598016,1.459149487411837
5.130000000000048,-0.007740952317800381,39.211302298830645,2.9621985605211885,0.02111638835494023,-0.1153341200853372,-3.2310525272048842,0.02402280549808327,9.707908924141568,0.0014235971648943718,-0.008926673687574176,0.0006713201577141637,22.42435747932552,-1.7674331651913873,1.459439997182174
5.143000000000052,0.03723589864424471,39.35005155399268,2.963528380365865,0.021649599768312763,-0.115098022910651,-3.2332117284674617,0.0236213424139217,9.707819571487894,0.0012061516422515336,-0.00861863902145501,0.0005012656206076834,22.566171625219084,-1.7680092169019477,1.4595187457847005
5.160000000000058,0.09397422359401038,39.53158020950832,2.9650483691903102,0.022244410971492774,-0.11454380928777781,-3.2356428326850435,0.022908880621732537,9.707826180072072,0.000955758493433432,-0.00822394325648549,0.0002850464516489575,22.75238185427183,-1.7687595230194533,1.459616976201459
5.173000000000062,0.13584133913377594,39.670455510773074,2.9660909155700677,0.022644476495778124,-0.1139798352125288,-3.237264338591672,0.02228317799766927,9.707892883664195,0.0007903127440381223,-0.007929770331837631,0.0001242125806967137,22.895359990153633,-1.7693311488346601,1.4596885442361238
5.19500000000007,0.20380510882565087,39.905578828383014,2.967669888309857,0.02326832210611478,-0.1130506046280895,-3.2394900314531756,0.021447287077477777,9.707715089197434,0.0005577104833148969,-0.007451263760342221,-0.00013940047270063628,23.138472507769077,-1.7702946635492482,1.4598028456066086
5.22500000000008,0.29073212304622875,40.22638100847069,2.9694317629784783,0.02418956279527923,-0.1115098901202892,-3.241885813152489,0.020491777961568286,9.707653419182865,0.00032482199642578307,-0.006845651337544173,-0.0004819790832547842,23.472318848182866,-1.77160145875839,1.4599452151539332
5.228000000000081,0.29908104280701747,40.25847117753344,2.969592071785697,0.02428717531555652,-0.11134353358615252,-3.2421004694136677,0.020411735826845447,9.707660217377938,0.0003066930962840382,-0.006788087196893274,-0.0005151413717975965,23.505851311857345,-1.77173172111681,1.459958614134477
5.262000000000092,0.38940014243091403,40.62227189398264,2.971249807872976,0.025447951424776336,-0.1093276491865977,-3.24434636892651,0.019752312604990014,9.707960664152779,0.0001614590568239546,-0.00617234413711943,-0.000877038761007952,23.88776444875691,-1.7732031078284762,1.4601001759056058
5.295000000000103,0.4689532356953771,40.97554772459414,2.972617797428084,0.026634717518845753,-0.10722376612283098,-3.246298438981017,0.019710464885267728,9.708614160154088,0.00011128754159203812,-0.005633698561424271,-0.001203840489262373,24.26174654044574,-1.7746229457265665,1.4602203169994652
5.301000000000105,0.4825542839301821,41.039796069568624,2.9728444485771623,0.02685984377732241,-0.10683504043878407,-3.2466344244894243,0.019776321810270767,9.708762234384094,0.00010987314330797848,-0.0055413533599879,-0.0012606249343537633,24.33009272051608,-1.7748802308910212,1.4602404410040812
5.337000000000117,0.5587348260016205,41.42537969282683,2.9740793840718425,0.0283029977642444,-0.10451543750796267,-3.248535368478123,0.020652534973813575,9.709767090794376,0.00013892155327839334,-0.005019412879494856,-0.001584048241241341,24.74242770916721,-1.7764180539885708,1.4603508818583293
5.364000000000126,0.6098233410468629,41.714661621101385,2.9748803409264313,0.02949152981792222,-0.10283143308725418,-3.24983178968427,0.02183419182768321,9.710585862627063,0.00019107034982252506,-0.004660665735414861,-0.0018070606438752473,25.054219105923956,-1.777564174672165,1.460423009612491
5.384000000000133,0.6443642297657116,41.92899008860767,2.9754134927397393,0.030422592791348926,-0.1016350493186901,-3.250720416063129,0.02297195639987526,9.711193230368906,0.00023910256147940053,-0.004411121757481446,-0.0019614027183743905,25.28657942746877,-1.7784085537517307,1.460471119907273
5.400000000000138,0.6700009028881708,42.10047813723349,2.97580687521336,0.031192209598067615,-0.100715415540183,-3.2513878406120407,0.02402221997728149,9.711667866390988,0.000280237477575777,-0.004220717969872534,-0.002078222572717778,25.47332784021951,-1.779080876688488,1.4605066226271317
5.425000000000146,0.706565887041046,42.368469154426656,2.9763683550574767,0.03242489190285986,-0.0993519751202756,-3.252355329439455,0.02586851766038684,9.712375239983885,0.00034481464568286214,-0.003938663393500294,-0.002248948521481296,25.766652881473956,-1.7801249870411842,1.4605572352053295
5.442000000000152,0.729045433230332,42.550729164514024,2.976716623508803,0.03327369769686374,-0.09847871489346888,-3.2529627002503543,0.02723500957185414,9.712825963997542,0.00038642301094479476,-0.0037570797717479463,-0.00235687106281689,25.967180122972152,-1.7808299883297027,1.460588551476987
5.464000000000159,0.7553479426551444,42.78662359633463,2.977131255526257,0.03437033613617752,-0.09741496586998026,-3.2536912936925666,0.029092682026335828,9.713367585119466,0.0004348313474493183,-0.0035337318867495757,-0.002486828422350579,26.227967190890954,-1.7817355716187164,1.4606257090471018
5.49500000000017,0.7872651704194875,43.11906964117631,2.9776502514746914,0.035881592154692346,-0.0960425358492556,-3.25461295231366,0.03179030809669922,9.714047493793402,0.000488674282338205,-0.003240153517958977,-0.0026517038850738476,26.597893261154717,-1.782996952408669,1.4606723015132048
5.512000000000175,0.8023270659939995,43.30140077650221,2.977910252350213,0.03668028498294118,-0.09535189411443411,-3.255073582986172,0.0332657846850344,9.714376841759238,0.0005098049224219359,-0.003089121745876133,-0.002733283134392149,26.801974388306512,-1.7836805284287351,1.4606953016103827
5.521000000000178,0.8096242540429694,43.39793492982627,2.9780411091052192,0.03709089752226973,-0.09500322638471909,-3.255305153856886,0.034037000879483796,9.71453927905009,0.0005184267496973124,-0.003011916298606172,-0.0027740041251803353,26.91036673530088,-1.7840398829100266,1.4607068138644452
5.549000000000188,0.8294677552742902,43.69828774518836,2.978419901467072,0.03830419838625948,-0.09399142769638638,-3.255974985039711,0.03635841213782207,9.714993959795551,0.0005337476553461699,-0.0027834573107937727,-0.002890059311375505,27.249134233039914,-1.785145803894951,1.4607399443454065
5.5660000000001935,0.8395078881439153,43.88066156952706,2.9786308022444965,0.038987134682632985,-0.09342862561101545,-3.2563472265769717,0.0376885036570757,9.715234514432119,0.00053475196263987,-0.002653092384866666,-0.002952918752858838,27.455956696607508,-1.7858077473743075,1.4607582498073834
5.579000000000198,0.8462169795663765,44.020131839755415,2.9787832362326854,0.039478823183133595,-0.0930231298006498,-3.256615829974038,0.03865539800671624,9.715401553902616,0.0005315233210018295,-0.002557481117596694,-0.0029972603192499592,27.614697329121864,-1.7863087786124425,1.4607714131445448
5.595000000000203,0.8533747027938962,44.19179647277074,2.978961075166312,0.04004525539399603,-0.09255230560421934,-3.2569286489909417,0.03977846991597967,9.715588215152927,0.0005231168368410469,-0.0024444990125486606,-0.0030475482510795436,27.81076315881918,-1.7869190125308385,1.460786696002943
5.628000000000214,0.8645592553822438,44.54588361693809,2.9792969672224423,0.04107140411550415,-0.0916731844208899,-3.257517673712751,0.04183705894739834,9.715913020798693,0.0004922176174832114,-0.002227091151690199,-0.0031370567814601193,28.217562997854998,-1.7881540250768744,1.4608153363418603
5.6440000000002195,0.8683754292370569,44.71757518122801,2.979446272062417,0.04149807476290584,-0.09128824105757319,-3.257778717299795,0.042702389570484243,9.716044246091743,0.00047174982755471284,-0.002128885754055857,-0.0031739457357658238,28.415969695195816,-1.788740808286475,1.4608279723684492
5.6470000000002205,0.8689814896309357,44.74976823550447,2.979473356678686,0.04157288682751381,-0.0912188783884109,-3.2578260228887235,0.04285475436278388,9.716067108527296,0.0004675805782933993,-0.0021109750260942905,-0.003180411647912102,28.453256042090306,-1.788849926378223,1.4608302584996438
5.6800000000002315,0.8735148959772434,45.10390924839763,2.9797536976603243,0.0422887156308382,-0.09051075055185011,-3.2583149104565408,0.04432505470207602,9.716285602091514,0.00041624318737624197,-0.0019240085353778125,-0.003242611007001254,28.865179283429484,-1.790030824021477,1.4608538177320212
5.700000000000238,0.8744966567792692,45.31855477189943,2.9799091120520713,0.04262926822869017,-0.09012703315219281,-3.258585509921815,0.045036442547935686,9.716391601375268,0.0003815946542214141,-0.001819262152062911,-0.003272789708478143,29.116412031805204,-1.7907287232402587,1.4608668046015094
5.709000000000241,0.8745397706118048,45.41514861696063,2.9799757826994324,0.04276043986221737,-0.08996463653280108,-3.258701552801943,0.04531411856090849,9.71643357231447,0.00036548558292511825,-0.0017741284185243354,-0.0032846385428490486,29.22985635892901,-1.7910382775387708,1.4608723620113064
5.7190000000002446,0.8743131776013406,45.52247745649756,2.9800476077699485,0.04289063835005947,-0.08979127923234059,-3.2588265699987558,0.04559289205717695,9.716476367996794,0.00034736091344742074,-0.0017253894813399123,-0.0032965966602034004,29.35618921509327,-1.7913789032293388,1.460878341173949
5.760000000000258,0.8706130098463247,45.9625499345173,2.9803191792458374,0.043263788158570626,-0.08915216994798296,-3.25929981867888,0.04643218277322102,9.716614721972576,0.0002728448280626243,-0.001540288280728637,-0.0033332047635111976,29.8772749608275,-1.7927382089804451,1.4609008980605853
5.769000000000261,0.8692549683637601,46.05915610980351,2.9803742333931647,0.04331357993766293,-0.08902602387341378,-3.2593959897356264,0.04655676249613526,9.716638123422177,0.0002568761540883737,-0.0015026618003691479,-0.003338746407465161,29.992331287943166,-1.7930284482030416,1.4609054666873298
5.785000000000267,0.8664014481847241,46.230904489305104,2.980468386668437,0.04337609558057679,-0.08881317944811742,-3.2595607690427455,0.04673118615068455,9.716674431378657,0.00022918915951790472,-0.001438286611537467,-0.003346546659443786,30.197472873290078,-1.7935370859526205,1.4609132821473234
5.82500000000028,0.8570346373551566,46.66029678316891,2.9806845264526234,0.04340117055540257,-0.08833924484156495,-3.2599412233528495,0.04693770826147669,9.71673984326231,0.0001653397266120682,-0.00129062636280304,-0.003355396726136268,30.713669956327504,-1.7947671283880944,1.4609312651870008
5.847000000000287,0.8506733473328345,46.89647457176897,2.9807927336770743,0.04334537215832697,-0.08811017875078854,-3.2601333679881024,0.04693576346533096,9.716763133656894,0.00013423444362449717,-0.0012169295441308257,-0.0033543449469764465,30.99961400246968,-1.7954181047105862,1.4609403131908312
5.867000000000294,0.844232096033944,47.111188482540236,2.9808851451480374,0.043258102682537526,-0.08791917242316694,-3.260298695107065,0.046877563054591107,9.716778021237769,0.00010869922945966695,-0.0011542119461082508,-0.003350076488680418,31.260816718706025,-1.795994053324871,1.4609480790176035
5.887000000000301,0.8372189789497705,47.32590851842005,2.9809722758657733,0.043140170752402826,-0.08774315680001289,-3.2604558652991673,0.04677512778013615,9.716787850020657,8.583176291653242e-05,-0.0010953327625928008,-0.0033428691023040568,31.52321329493164,-1.79655485203869,1.4609554443547668
5.912000000000309,0.8277210092188666,47.594316640262356,2.9810729680337147,0.04295518258014066,-0.08754219085980444,-3.2606408417943507,0.04659707537481448,9.716794672475068,6.093451489609828e-05,-0.001026797925444991,-0.0033300181475737047,31.852887840649306,-1.7972344886647134,1.4609641368935173
5.925000000000313,0.822484698040322,47.73389216230526,2.981122941701913,0.04284414934536409,-0.08744565383891932,-3.2607331626381155,0.04648706495824884,9.716795726065607,4.953647497142827e-05,-0.0009932539177146525,-0.0033217531806583613,32.02505578030354,-1.7975785045641828,1.4609684487067232
5.956000000000324,0.8092660420807317,48.06673481552417,2.98123572359301,0.042544832313409234,-0.08723449082065157,-3.2609430029379123,0.04618654759690844,9.716793108229425,2.6292546792555134e-05,-0.0009186833548284985,-0.0032979785897204812,32.43764549302247,-1.7983728816199982,1.4609782067274821
5.977000000000331,0.7997727424495558,48.292215447240714,2.981306709102683,0.04231732945913501,-0.08710560210075184,-3.261077295491752,0.04595951887351614,9.71678809052124,1.3375600252814643e-05,-0.0008722332178172265,-0.0032788359013867364,32.71877122777031,-1.7988902105693578,1.4609844319455865
6.010000000000342,0.7840752479559684,48.646552078719445,2.9814101930137653,0.04192483429821107,-0.08692360639914357,-3.2612768692689134,0.04557490397573806,9.716776182243448,-3.1077725990810885e-06,-0.0008053255777690241,-0.003244209606332658,33.16319926898699,-1.7996692248363066,1.4609936515749764
6.040000000000352,0.7690734920245014,48.968686039917394,2.981496415967257,0.04153520819855485,-0.0867776143557589,-3.261447356724732,0.0452019175351811,9.716762118715556,-1.4915645182015291e-05,-0.0007504222998830498,-0.0032082995295836894,33.57004488343198,-1.8003414619693825,1.4610014962786813
6.067000000000361,0.75505100647395,49.25861392561029,2.9815682365452694,0.0411602025618026,-0.08666027814576345,-3.2615928438027733,0.044849777031990584,9.716747504478741,-2.3686884644986243e-05,-0.0007054021806452834,-0.0031726822161296485,33.93850227395067,-1.8009172371606488,1.4610081658912084
6.0900000000003685,0.7427624913213328,49.505594627238615,2.9816254520208996,0.04082351945682429,-0.08656978741946549,-3.261711389391381,0.04453759496072231,9.716733949128985,-3.0213182256296647e-05,-0.0006700718305667424,-0.003140067135629223,34.254089267320914,-1.8013859016544709,1.461013582868803
6.106000000000374,0.734046877397062,49.6774098984772,2.9816632489930956,0.04058019681025565,-0.08651155486685673,-3.2617911576540233,0.044313398087805586,9.716724046941701,-3.441346642408135e-05,-0.0006470235824395838,-0.003116224664116031,34.47455908649351,-1.8017001148958955,1.4610172187331283
6.148000000000388,0.7106031731453027,50.12843449067612,2.9817553492931683,0.03990642137959716,-0.0863753464798335,-3.261991036546138,0.043694053873807044,9.716696660338359,-4.4789455232435306e-05,-0.0005920095565587332,-0.003049499351860137,35.056926952044535,-1.8024789238572352,1.461026293374424
6.1500000000003885,0.7094686236137584,50.14991217866243,2.9817594929277185,0.03987307549712169,-0.08636941857751512,-3.2620002345458174,0.043663339513574886,9.71669531716532,-4.5274847915505455e-05,-0.0005895759595194785,-0.003046181872053455,35.084790052723285,-1.8025143519503208,1.4610267097139433
6.179000000000398,0.6928585674016429,50.46134179110167,2.9818172690438605,0.03937668057897212,-0.08628868323150216,-3.2621306013847136,0.04320408579756112,9.716675552816865,-5.236348011404917e-05,-0.0005560490259604367,-0.0029967607246532677,35.49014632200477,-1.8030111745808373,1.4610325987727193
6.188000000000401,0.6876485607064614,50.557993514872,2.9818343583270472,0.03921772642050211,-0.08626552055365029,-3.262169970570262,0.0430559860169415,9.716669326585276,-5.4603464936620784e-05,-0.000546286104918032,-0.002980944837056202,35.61645680527174,-1.8031589503545158,1.4610343727480477
6.208000000000408,0.6759900516427196,50.77277698986271,2.981870992902817,0.03885619124561074,-0.08621704517819885,-3.2622557341680847,0.04271676871758759,9.716655369542423,-5.968683932224507e-05,-0.00052561457125128,-0.0029450427553401725,35.898012117854954,-1.8034765037039404,1.4610382299305316
6.239000000000418,0.6577341020613748,51.10569622458727,2.9819243292214206,0.03827327359612108,-0.08614952717878387,-3.262384283759591,0.0421618818766554,9.716633492360703,-6.79084378421121e-05,-0.0004961936736605113,-0.0028874868663280357,36.33678165987414,-1.8039392811758626,1.4610439925857244
6.251000000000422,0.6506183350091408,51.234569690272444,2.981943902969855,0.0380403353561751,-0.08612570482724377,-3.2624327049297785,0.041937164115208474,9.716624971411276,-7.120886004860262e-05,-0.0004856045365757234,-0.0028646355485093845,36.50739778640928,-1.8041088573985897,1.461046157844332
6.266000000000427,0.6416932146454961,51.39566264916072,2.9819675980927434,0.03774351215038213,-0.0860976261382176,-3.262492262108899,0.04164826249300594,9.71661428254849,-7.542289424196417e-05,-0.0004729579809550271,-0.0028356586846777095,36.72127218553141,-1.8043133549314396,1.4610488164550532
6.278000000000431,0.6345329417625954,51.52453789099765,2.9819859621553846,0.0375015874042444,-0.08607646356820964,-3.2625391681149187,0.041410668420641825,9.71660570658439,-7.885937914159792e-05,-0.0004632934966306349,-0.0028121659006542315,36.892855095843125,-1.8044709943345867,1.4610509066976727
6.300000000000439,0.6213708363656854,51.76081111336921,2.9820183318064686,0.03704794346642969,-0.08604050731994778,-3.262623552743239,0.04096005668034398,9.716589939600386,-8.528739958493053e-05,-0.00044656763318637506,-0.0027684307096840846,37.20853973679733,-1.8047463044136696,1.4610546589538995
6.324000000000447,0.6069800872459306,52.01856646968842,2.982051842409169,0.03653855102765466,-0.08600521557249721,-3.262713394561026,0.04044641732068938,9.71657269197774,-9.243766990278287e-05,-0.0004296985994247153,-0.002719828976892246,37.55457007700136,-1.8050265438149167,1.4610586422609664
6.358000000000458,0.5865825199414781,52.383707899987186,2.9814277339914903,0.03578956792974082,-0.08591238236592187,-3.262391448645807,0.03966200158895431,9.716835583461098,-0.00010232134383905015,-0.0004058148856890707,-0.002649599669529063,38.04772178161894,-1.8053879598827234,1.4610641239654552
6.388000000000468,0.5686186537899103,52.705784535833594,2.9805277083266275,0.035109263050150004,-0.08592003112528043,-3.2617941461177575,0.03896240233912733,9.717025432447803,-0.00011094906526974616,-0.0003748150926503948,-0.002586519460415375,38.485719688025604,-1.8056725798125395,1.461069041752515
6.407000000000474,0.5572802906144017,52.909726153701776,2.9801980240524606,0.03466544818432938,-0.08593532897066404,-3.2614978064805515,0.03846728996943192,9.716971621037635,-0.00011603492007962635,-0.0003539841882942473,-0.0025461249486496726,38.76450681947966,-1.8058363992288866,1.46107229326934
6.431000000000482,0.5430166127403075,53.16731048570324,2.9799354964834923,0.03409105619390425,-0.08594562236547666,-3.261194571675425,0.03783126894160939,9.716830101364064,-0.00012160247270260237,-0.0003300336994395577,-0.0024947070120898487,39.11819782927682,-1.8060253071190115,1.4610765349684123
6.456000000000491,0.5282200018687879,53.43560870244744,2.9797766561405594,0.0334797374584097,-0.08593308229341666,-3.260951114416927,0.037159300549338505,9.716666847038253,-0.0001265722013278097,-0.0003096577633783993,-0.002440795951469603,39.488452379472086,-1.8062009320733599,1.461081039953419
6.457000000000491,0.527629943157305,53.446340362315546,2.979766871098602,0.03345461514521427,-0.08592847740047596,-3.2609403575028946,0.037129363970656665,9.716667102946491,-0.00012675269843330446,-0.000308945689253323,-0.0024386331348249905,39.503301323320656,-1.8062075118911827,1.4610812206784234
6.471000000000496,0.51938932092083,53.59657385450902,2.9792756717073585,0.033103830130636724,-0.08588466238962401,-3.2605458874995925,0.03673537524694553,9.716768588024312,-0.00012902711239067043,-0.0002987042106962536,-0.0024083084296518576,39.71149958859487,-1.8062960598080797,1.4610837544371866
6.511000000000509,0.4960758777476336,54.02563461484238,2.9763164946276217,0.032094362381428744,-0.08564100018130569,-3.2583241935753335,0.03554289691776804,9.71767915153337,-0.00013390456425057715,-0.0002589997907928628,-0.0023213225838799667,40.30957100650698,-1.8065127043932778,1.461091196392697
6.518000000000511,0.49203680130155086,54.10065177846908,2.9746546962347518,0.03191410866701167,-0.08568910924020515,-3.2571544940265365,0.035367182314579734,9.718137316357385,-0.00013405339668627202,-0.00024562516139729903,-0.002306065813647012,40.4147236586752,-1.8065451479919497,1.461092592314123
6.554000000000523,0.4714498911982466,54.485712701972155,2.962855748060381,0.03096495838411602,-0.08552400269063624,-3.2483615352175814,0.03411617921253222,9.721438312064535,-0.00013070244680504116,-0.00010975829126873874,-0.0022275916598344346,40.95781179083752,-1.8066867446819916,1.461101438117044
6.582000000000533,0.4556610638615647,54.78373599090451,2.945842759678827,0.030196539850453726,-0.08583035419094373,-3.2348894234860612,0.03329675376438827,9.724909583685726,-0.00012389243419880827,0.00011450496573487128,-0.0021667606510661864,41.38287353286235,-1.8067681777040558,1.4611121981297397
6.593000000000536,0.4494998025936053,54.900296385601585,2.937346677784731,0.029902576967034286,-0.08604271689391212,-3.227902696870368,0.03298856385684803,9.726329219254223,-0.0001213282109572646,0.00023821885647127026,-0.00214296059311723,41.55049645370692,-1.8067934196254676,1.461117934559441
6.630000000000549,0.4289460380301144,55.28956178779583,2.9020360060045385,0.029032840658317356,-0.08833465174405665,-3.198207798651302,0.03225951894335094,9.73023403026052,-0.00012391492617061907,0.0008210261472431596,-0.002063498829277596,42.11693046673372,-1.8068506813421035,1.461145843602291
6.636000000000551,0.4256745341210836,55.352219062162455,2.895450574094354,0.028891790400856137,-0.08887544932384876,-3.192502850146528,0.032083450868285235,9.730689907317897,-0.00012413367875812798,0.0009410801297564271,-0.0020506775228795178,42.2091621448964,-1.8068559780979383,1.4611518093331333
6.654000000000557,0.4158295039673613,55.53930947543124,2.87442814387146,0.028444285721352616,-0.09065016700013682,-3.1739406018353864,0.03157108302196846,9.731760995163935,-0.00012428195468124835,0.0013417804789874626,-0.0020123858676223596,42.486485263374846,-1.8068652836601442,1.4611723461493558
6.690000000000569,0.39666489045475417,55.909143748336895,2.827385249463727,0.02751007168127747,-0.09446915935133929,-3.13071621045175,0.030511447919593843,9.732715098239995,-0.00012311326838819939,0.0023061322378569904,-0.0019360448975654571,43.043937008637805,-1.806854673227542,1.4612255625228499
6.697000000000571,0.39302616858761963,55.98032981210442,2.817572678978163,0.027330608747104367,-0.09518736563233046,-3.1214455356457838,0.03030203545540765,9.73275579689362,-0.00012256462264512456,0.0025151136523388854,-0.0019212859523262808,43.15276120621854,-1.806848152684872,1.4612377579280298
6.720000000000579,0.3830459224021567,56.4690179004117,7.355013961630256,-0.02534432154923255,0.1075096735568554,-6.110516036051772,-0.391366612182009,8.279594397954938,0.0072374701551523105,-0.028769864371617493,-0.0018833488571047983,43.511715206190246,-1.8068634594533095,1.4609839212725222
6.732000000000583,0.36996725702425565,56.7737682624414,6.7276027891629475,-0.048913355897511085,0.04593037121595862,-5.970845656593221,-0.3504848383589221,8.730939549152257,0.012191033744632047,-0.04724117637498262,-0.001912238063129719,43.70023035275129,-1.806946128102376,1.4605417139893002
6.769000000000595,0.3327372186940014,57.53210730383639,5.275071540001027,-0.06484503523303084,-0.05807708499954595,-5.491740912331251,-0.2015663473556211,9.637576651122973,0.02202779498341397,-0.0662541684795633,-0.0021095855607227423,44.28639588861041,-1.8074897097346183,1.4586671542555985
6.795000000000604,0.4234042575544928,57.803514855741184,0.9161866945182107,0.03107169006282129,-0.10122737390639386,-2.722007453325964,0.42007623380617615,11.279390702716903,0.016094666615821342,-0.03849561647117441,-0.002224847521384717,44.702153054680835,-1.807987168015681,1.4575827184630867
6.811000000000609,0.4360150409063859,57.85600805805774,0.9699259604445862,0.0812714553627904,-0.16468459146407194,-2.5759555986168023,0.39178645908769777,11.001178146048314,0.009487265502667975,-0.010864379452102613,-0.002209727306681259,44.95888403921943,-1.8081836818432429,1.457406716029748
6.840000000000619,0.4789363570393707,57.96550589892158,1.1347803488039276,0.1162195760268935,-0.23558853061105264,-2.2419240665819973,0.30113563572206214,10.400067475137917,0.0014448091642163916,0.026181548859114605,-0.002069468715814228,45.42561491648663,-1.808306473432493,1.4578505824268337
6.859000000000625,0.4014515816944047,58.045064103779154,1.2030175752578829,0.11232474504208258,-0.31523623067712186,-2.03043059949943,0.2669880345222034,10.027261919290149,-0.0020065341367239762,0.041210078401977907,-0.0019864648261319865,45.73228453429694,-1.8082507307482778,1.4584696556346743
6.865000000000627,0.37125065530517987,58.07118459451417,1.2233295633151944,0.10842209941186778,-0.3335232868370908,-1.9703707877477774,0.2545966859296702,9.9254918546652,-0.002950019804349228,0.04466431381166932,-0.0019493316870348577,45.829257949437796,-1.8082139752050759,1.4586911415418509
6.881000000000633,0.2987506832070105,58.143101926105984,1.2764379718525238,0.09695675443204166,-0.3685878039488402,-1.8356012117849398,0.21956957770436458,9.697187636929279,-0.005129397294804946,0.051256435767472276,-0.001826998762122105,46.08813820119889,-1.8080758012981941,1.4593013055640132
6.909000000000642,0.20047753669015952,58.276559718584984,1.3645130117149844,0.07657633024160035,-0.3753623498106026,-1.6906474939588916,0.1578987604212738,9.457220669065734,-0.007804184440689862,0.055668773527350286,-0.0015776936038326666,46.54210712504228,-1.8077153596384838,1.4603050671804445
6.930000000000649,0.1508498432777766,58.38219770756987,1.4181555997478676,0.06167105925100978,-0.3379772651403389,-1.6410119941612158,0.11460907916135801,9.397025757628732,-0.00894564266529563,0.055117388823410475,-0.0013899409265279784,46.88331293959858,-1.8073694353497318,1.4609121854451
6.955000000000657,0.11502603132108,58.51278194318249,1.4713222879005836,0.04512756173556633,-0.2629622389439886,-1.6276429537570742,0.06897254818821608,9.415985647294193,-0.009494239691305651,0.052254545740722955,-0.0011906383232553218,47.2902996460009,-1.806900994904829,1.461427459332356
6.976000000000664,0.0991455039985069,58.625822745009295,1.5094321054171453,0.03257316794035507,-0.1886382866956773,-1.6397958281939577,0.03670137367159748,9.474565180025522,-0.009412199545197952,0.0490386502139032,-0.0010524215247801109,47.63283107485612,-1.8064785087336523,1.4616932152720645
6.999000000000672,0.09185132849927945,58.752554158451595,1.5450087521828875,0.020660126598990056,-0.1079405002361895,-1.6638815919579093,0.007946880140652332,9.555215371711274,-0.00889731477704193,0.04531929783781465,-0.0009355480478245128,48.00868972478212,-1.806002174056512,1.4618400578019037
7.034000000000684,0.090515533425149,58.95019005152011,1.5890785013633073,0.006489771843780825,-0.004001082261251152,-1.703059366335637,-0.02280270893591309,9.670659366622386,-0.007556622149943702,0.0398988312525762,-0.0008273030811743295,48.58210065349939,-1.805279581895192,1.4618654543890384
7.051000000000689,0.09363945619612571,59.04792632950426,1.6068218055462786,0.0014392760407195872,0.035087434488827784,-1.7191434779072141,-0.03263013765316544,9.715325523204374,-0.006766713255696056,0.03743384438035811,-0.0007993224777287705,48.86126278725713,-1.8049385099347253,1.4618274216067715
7.066000000000694,0.09824530227764301,59.13497316583238,1.6207552077472633,-0.0019909879399215916,0.06315021813506702,-1.731076666927799,-0.03889728173290403,9.747342257737028,-0.006032566312632422,0.03533673963719446,-0.0007855197677073544,49.10794123734763,-1.8046459003384656,1.4617809918933702
7.105000000000707,0.1144472161908464,59.36431858803389,1.6504295034063259,-0.007017187323700633,0.11085600784759249,-1.7531799418153087,-0.046092022386721165,9.801158222821122,-0.004096433719523677,0.030107225303005032,-0.0007861592975192315,49.750905904222705,-1.8039291617645834,1.461651396542167
7.128000000000715,0.12504279360072112,59.501283784994605,1.6640206791955792,-0.007822724893013815,0.1250626725864151,-1.7618850836625237,-0.04534053511700641,9.817452121020152,-0.0030161890094184086,0.02711035938233994,-0.000802343954618435,50.1311893382103,-1.803538368134455,1.4615922901664566
7.1530000000007234,0.13612103466935238,59.65130094141773,1.6758773507267932,-0.0073123530949755,0.1318665879745417,-1.7693987214710563,-0.04145500041267029,9.826685187392348,-0.0019493538747427876,0.023908710630773256,-0.0008258581300535435,50.545477423076925,-1.8031395632170057,1.4615554417362395
7.176000000000731,0.14511577777838933,59.79016478834579,1.684326902864838,-0.005917550212627187,0.13216247669272727,-1.77545216364627,-0.03584483005945382,9.830136953109319,-0.0010936941924950176,0.021031355761343497,-0.0008483985775570994,50.92749116171404,-1.8027941690221412,1.461551110169455
7.197000000000738,0.15198966650191967,59.91750880581284,1.6901800501989317,-0.004106285512306863,0.1287111484854182,-1.780738048361004,-0.02962807205297176,9.830657125591292,-0.00043075174441265836,0.018487649137127925,-0.0008668043417910021,51.27701851106896,-1.8024940675619967,1.4615732469119258
7.2100000000007425,0.15549708112942642,59.99654843166248,1.6929463136073817,-0.002814362468268085,0.1251828372957288,-1.7839608220763685,-0.02546950366722761,9.830153453823758,-7.915678531909621e-05,0.016965351247472477,-0.0008763080158199906,51.493744714752225,-1.8023143233696417,1.4615994641101897
7.2250000000007475,0.15877713324825093,60.087898947701404,1.6953495339120164,-0.0012249755629078762,0.12003886888695064,-1.7876314581168073,-0.0205298725516789,9.82901910777478,0.0002706185394877206,0.01526897801370612,-0.0008849693438020383,51.744149466656694,-1.8021115520697046,1.4616414024789726
7.256000000000758,0.1628507974807445,60.277017842537305,1.6977371261204723,0.002173919932556183,0.10655921365780546,-1.7948808161981966,-0.010370341490782184,9.825351556762108,0.0008100532912548428,0.012005529564590054,-0.0008937221081404364,52.262799161422286,-1.8017035824361924,1.4617662653395394
7.268000000000762,0.16345646338618403,60.350280853353674,1.6977780776368565,0.003465430159396996,0.10054238302007656,-1.7974845805820372,-0.006613422837175055,9.823566651778982,0.0009564783967974888,0.010841338770597928,-0.0008935318529643997,52.463983502379136,-1.801548058537917,1.4618277404770457
7.275000000000764,0.16356112322369792,60.39301842584913,1.697581676666659,0.004199777942904714,0.09687056296046655,-1.7989276233108944,-0.004495310909055686,9.822447239798155,0.0010269704770834468,0.010189771490250426,-0.0008924798098322466,52.58144882182521,-1.8014576103301092,1.4618668138589093
7.298000000000772,0.16266744285582832,60.533389318447526,1.6958345430266795,0.006471758878083664,0.08413228710528374,-1.8031774136278846,0.001989084811108461,9.818405175093755,0.001187158463487183,0.008197875380058691,-0.0008841917865576237,52.96796696240128,-1.8011604482943901,1.4620110125348342
7.3270000000007816,0.15904419761723027,60.71009729668465,1.691351627678553,0.00893111996639394,0.06706295414773372,-1.8071859378939257,0.008918008595657124,9.812622325143247,0.0012532274414686249,0.006022875603203379,-0.0008637052153728147,53.45654513024643,-1.8007819343287284,1.4622245324195884
7.336000000000785,0.15740920047208817,60.764836631293775,1.6894734902619961,0.009585913164450633,0.061637767651124054,-1.8080678775722945,0.01075376759308117,9.810698770175769,0.0012478684117883205,0.005425191174137562,-0.0008552579077693101,53.60845236589657,-1.8006627857915285,1.4622972696479428
7.369000000000796,0.1496313099663236,60.9649744551352,1.6806907544718175,0.01149048472128721,0.04091564648081973,-1.8101715984360667,0.01739369912182173,9.803173196524405,0.0011417755058186002,0.0035454031142165394,-0.0008171697704125284,54.16658087164978,-1.8002159911232676,1.462586566383788
7.385000000000801,0.14431623278027297,61.06163224809937,1.676888440230552,0.012429602760273228,0.027882487806679894,-1.812922144495728,0.01966654635481997,9.79767793961659,0.001022898746228983,0.0028325973620159386,-0.000795715976488794,54.43783167043422,-1.7999923177145072,1.462737794445339
7.405000000000808,0.13772039514720735,61.182289498431835,1.6750053046089817,0.013187893548607527,0.012412645169386862,-1.8177231187615708,0.02097879866283154,9.789867028545958,0.0008690951371720805,0.0021170362147444224,-0.0007658555530124939,54.77748732581037,-1.7997050221788333,1.462934203819918
7.440000000000819,0.1234859420262195,61.393036623062414,1.6693390578364664,0.013440707455724392,-0.01165920021904385,-1.8228416071182916,0.021563472383293016,9.777920921654063,0.0005910920083913401,0.0012731502439057914,-0.0007091629597502526,55.3734735659599,-1.7991806038798877,1.4632889552500612
7.469000000000829,0.11243719255779025,61.56698721462659,1.6616796745502047,0.01301871792176108,-0.02689983297524693,-1.8224200682904126,0.02064889596360617,9.770734210875938,0.00037758123008749896,0.0009128670387421607,-0.0006576613127350728,55.86882652791005,-1.7987250458171153,1.4635849217978103
7.490000000000836,0.10475301039934828,61.6923916734775,1.6543861284249137,0.012495107580311388,-0.0351328663753077,-1.819281856685874,0.019544772047257377,9.767125188679378,0.00024131278921193903,0.0008042583295830997,-0.0006196652522112836,56.22839944558774,-1.7983837132560723,1.4637965640299224
7.525000000000848,0.09240360413946873,61.900015856589384,1.639025765674486,0.01134394957743695,-0.044366152488963265,-1.8090588663177611,0.01728739767492243,9.763673035467615,5.236862216609319e-05,0.0008384260230670408,-0.0005572068522491894,56.82930568248747,-1.7977949826795416,1.46413958384589
7.534000000000851,0.08937000795687175,61.953075910129456,1.6344999293380642,0.011015987239269772,-0.0459881102425005,-1.8055283334949328,0.016660299780834827,9.763195561626187,1.1534910695668476e-05,0.0008814748668778582,-0.000541546048686144,56.98415017138473,-1.7976398619201197,1.4642253543093975
7.545000000000854,0.08574548612472581,62.01772367654706,1.6286791330886217,0.010605043971301197,-0.047622688212791614,-1.8007630395801073,0.015881929417345616,9.762794460332113,-3.414210444004816e-05,0.0009492693525944135,-0.0005227120586630443,57.17358478763964,-1.7974483341688392,1.4643286897123255
7.581000000000866,0.07453664438937424,62.227590483444395,1.6076102073839238,0.009225619046476306,-0.05079284988775884,-1.7820730968627947,0.013328362702950451,9.76258301634747,-0.00015257646435515147,0.0012629630058999402,-0.0004638164837120049,57.794931696745444,-1.7968077357804386,1.4646548237189512
7.598000000000872,0.0695945557930065,62.32570598481116,1.5967053798832564,0.008577509776111056,-0.05139135449282582,-1.7718094407985916,0.01215974396947462,9.762913482856636,-0.00019316967676346816,0.0014471803898541261,-0.0004375968001732168,58.089074918950665,-1.7964985598655643,1.464802276989554
7.601000000000873,0.0687454665930422,62.34295049906138,1.5947239500999932,0.008464365247390642,-0.051450222118223754,-1.7699137772044693,0.011957855042984328,9.762992847753168,-0.00019939399463194475,0.001481459898997078,-0.0004330792788196066,58.141030800711135,-1.796443593110659,1.4648278623629898
7.612000000000877,0.06569021971784485,62.40599538933998,1.5873210429441593,0.008053762524778336,-0.05156168166963674,-1.7627609944612608,0.011230750806590584,9.763329050435116,-0.00021993471598490675,0.0016109413096231193,-0.00041679617201426,58.33165906289814,-1.7962410574790648,1.4649205671914658
7.650000000000889,0.0558086498701697,62.621452067247084,1.5602476203685611,0.0067038565652375245,-0.050946114078906556,-1.7358779512162863,0.0089078543406889,9.764893566425702,-0.0002660626812704891,0.0020912743756358616,-0.00036387524961697184,58.99167400485979,-1.7955304087105262,1.4652277627038948
7.667000000000895,0.05170356754367277,62.71661207935178,1.5474797647735392,0.00614221595142242,-0.05030461079954688,-1.7229142450119177,0.007976366254122243,9.765723650766267,-0.00027602783749992654,0.002315965235899346,-0.00034179412921403436,59.28768035595668,-1.795207571864486,1.4653589125448956
7.668000000000895,0.05146776123618008,62.722185254584474,1.54671754850971,0.006110077795343445,-0.05026163314722563,-1.7221358993868354,0.007923768882074522,9.76577406484864,-0.00027643799095701955,0.0023292792658664617,-0.0003405242485737756,59.305106550921884,-1.7951884959651812,1.4653665115529575
7.677000000000898,0.04937280398188232,62.77221969133078,1.5398050362299784,0.005825453012604388,-0.04985214007059262,-1.7150568305095586,0.007461491620720748,9.766234003615475,-0.0002793188206740384,0.0024494067315837943,-0.00032923566016576904,59.46201228334495,-1.7950164057924278,1.4654343377728112
7.7100000000009095,0.042085505936359555,62.95372808214834,1.513707207528287,0.0048544859519016135,-0.04806401513485622,-1.6880598467778039,0.005933818416055175,9.767997319506948,-0.00027903331370804124,0.0028907310948688013,-0.00028988157258643966,60.038403246585155,-1.7943796034207005,1.4656746802498324
7.7340000000009175,0.03713533764120236,63.083743436364564,1.4938551338326151,0.004218629174829026,-0.04658315275880668,-1.6673864623101704,0.004987784044187055,9.769377972852341,-0.00027037486213997886,0.00320920610544985,-0.00026307750667218155,60.45864069349512,-1.793911388517856,1.465841774630595
7.74200000000092,0.03554352666208297,63.12669785615495,1.487111274483098,0.00395352172879694,-0.04601861983798471,-1.6603393612954933,0.004666195616950898,9.76989556014919,-0.00026638160183098397,0.003314463624002353,-0.00025444846265934833,60.598912927090716,-1.7937544718827725,1.4658961372879555
7.7700000000009295,0.029925259579068296,63.27550363756936,1.4633125146512176,0.0034715358371167158,-0.04627284291930668,-1.6365944600665974,0.004220345995379944,9.77073862818073,-0.00026387205489962007,0.0036994346920102834,-0.00022556148651086137,61.09061761568283,-1.7932020863093736,1.4660814702913156
7.799000000000939,0.024271033028731962,63.4270802137828,1.4383439195962435,0.0028964398732057566,-0.04675749680844154,-1.6114317072658797,0.003302912124972233,9.771249271697357,-0.00025067097687197213,0.004134883087164657,-0.00019730003078980912,61.601101540982484,-1.7926252288302762,1.4662654687884695
7.80200000000094,0.023683268118308634,63.44261134271637,1.4357384806805276,0.002832919174509271,-0.046801209925539204,-1.608782264315853,0.0032157800070099747,9.77129070711024,-0.00024894326986154577,0.004181705964121552,-0.00019444405255268185,61.65398018790062,-1.7925653087455116,1.466284040550198
7.807000000000942,0.02272304177011313,63.468433961736736,1.431387144014687,0.002727729421313197,-0.046865546933375676,-1.6043445562184422,0.0030715989208884493,9.771357682337138,-0.00024594241746476363,0.004260359786719299,-0.00018969495311520223,61.742140211441416,-1.7924653466304863,1.4663147993896701
7.844000000000954,0.01629108860890619,63.65707181347918,1.3988876498776515,0.0020148468670025273,-0.0468507355950685,-1.5706412219902353,0.002070367648310042,9.77187291313714,-0.00021903054237579057,0.004858213797102162,-0.00015523897115821294,62.3956389430202,-1.7917222336902472,1.4665347846555505
7.865000000000961,0.012858335026515977,63.762200648663075,1.3802630821506803,0.0016465956456530669,-0.04638526171747673,-1.5508952777358649,0.0015956466779671744,9.772259451614945,-0.00020107711997134782,0.005200787515529712,-0.00013641495508780007,62.76740606406415,-1.7912981256107567,1.4666535708661934
7.89200000000097,0.008616005245617054,63.895277878517916,1.3558960015058048,0.0012058240726442728,-0.045300492095576336,-1.5247856656333558,0.001078604353860295,9.773032586081571,-0.00017721093966748582,0.005634456453230403,-0.00011291926487813979,63.246293678156164,-1.7907507513487135,1.4667997810521292
7.928000000000982,0.003244854131316783,64.06901405166496,1.3232912594164221,0.000681454970707355,-0.04314673262652618,-1.4892508474866546,0.0005358094773528312,9.77431191085967,-0.00014703331024536008,0.006187428267556812,-8.272517715225312e-05,63.88635871077188,-1.790017813030802,1.4669835248598595
7.946000000000988,0.0006587716964825623,64.1542964668559,1.3070406414482545,0.00044164814137550017,-0.041806062784496466,-1.4713017026943962,0.0003102613120977279,9.77504316549232,-0.0001333992122216859,0.006447130499616044,-6.807086291476754e-05,64.20704256067117,-1.7896502039790085,1.4670707484515906
7.985000000001001,-0.0047566528089346225,64.3354763562439,1.2721933502217844,-3.851475547313822e-05,-0.03841093701460537,-1.4323232516605269,-0.00011118612488042397,9.776798053878924,-0.00010830396731676352,0.0069583117448257445,-3.721890326635986e-05,64.90331498192621,-1.788851528142782,1.467249679775851
7.992000000001004,-0.0057046040607714775,64.36747866938424,1.2659935266933462,-0.00012021316253020737,-0.03774308533006329,-1.4253321674502493,-0.00018014717203291745,9.777140011456513,-0.00010448673791430457,0.007041619618332355,-3.180200968902117e-05,65.02849485098474,-1.788707895678968,1.4672804099936563
8.010000000001,-0.00811172771214276,64.44905351663742,1.250129777281282,-0.0003255022686107435,-0.0359629651794863,-1.4073837928792048,-0.00035162170676824987,9.778056296179605,-9.564321023132966e-05,0.007243144456506848,-1.803054005929302e-05,65.35067201024492,-1.7883382110890513,1.4673576087007667
8.043000000000982,-0.012418167680557386,64.59593922508789,1.2210905579998947,-0.0006890583895848184,-0.03252191467022927,-1.3744743667701442,-0.0006591436798808816,9.779955007625068,-8.281923266861249e-05,0.007564675385667692,6.654320168484852e-06,65.94238495686261,-1.7876593250586046,1.4674927875009995
8.056000000000974,-0.014077516983878,64.65285415437073,1.209702275775314,-0.0008285069916878964,-0.031146783642044547,-1.3615436843315967,-0.0007752498613895114,9.780732867880072,-7.893905389417898e-05,0.0076750612229914954,1.6185422802145167e-05,66.17585289093049,-1.7873915439425694,1.4675439943546702
8.089000000000956,-0.01819637903456133,64.79494972041473,1.1811664266059863,-0.0011760740466202632,-0.027650191488235675,-1.3289975820841504,-0.001076619769481708,9.782674791480972,-7.179800457746359e-05,0.007912993115048936,3.989694336888209e-05,66.7694202998842,-1.7867111117472172,1.4676694990936845
8.114000000000942,-0.021228941721014513,64.90035301934624,1.1598788728295069,-0.0014359760893841158,-0.025044703261509715,-1.3046331309645385,-0.001314592302970159,9.784110878936808,-6.85508092521792e-05,0.008052548865706957,5.739748970779136e-05,67.21995390158516,-1.7861951467989976,1.4677608952343586
8.123000000000937,-0.022301972218964447,64.93783003648029,1.1522830209624635,-0.0015291677944174404,-0.0241244327641499,-1.2959300776336184,-0.0014026794417500606,9.784619169713462,-6.77557806796378e-05,0.008094329726745774,6.359910843522879e-05,67.38232469377942,-1.7860093304863527,1.4677931372220832
8.145000000000925,-0.02488224692199814,65.02840729654874,1.1338657008138422,-0.0017564444860123294,-0.02192799399690572,-1.2748201184752872,-0.0016237005857946125,9.785838569476995,-6.649678095158097e-05,0.008178154346629798,7.853581183926245e-05,67.77962368920224,-1.7855550242466198,1.467870690103287
8.180000000000906,-0.028858359285742777,65.16952032770097,1.1050067847239826,-0.0021168471216951056,-0.018628820436288475,-1.2417522612771483,-0.0019916601818515357,9.787695595478015,-6.600863410540619e-05,0.008260609057046639,0.00010163246084735652,68.41281952495605,-1.7848322380993786,1.467991084011277
8.188000000000901,-0.02974426711306433,65.20126566995901,1.0984862449360653,-0.002198138122856409,-0.01791201850465098,-1.234287257744121,-0.00207748986214624,9.788105138879935,-6.608095669400787e-05,0.008271204754199886,0.0001067940731512356,68.55774149189988,-1.7846670660164012,1.4680182026087403
8.214000000000887,-0.03256246233957827,65.30313412735164,1.0771803240055506,-0.0024662217164148383,-0.01570114764087151,-1.210069096634241,-0.0023705910113919074,9.789489610690353,-6.6442692543262e-05,0.00828761208609774,0.0001232594485594421,69.02922127395318,-1.7841304659737376,1.4681056200430587
8.252000000000866,-0.036505323819851145,65.44845928349368,1.0466403076103405,-0.0028519061917260543,-0.012855771338304739,-1.1753712020440739,-0.002798623868556237,9.791232597876228,-6.746006144558421e-05,0.00826763703315451,0.00014645509211040506,69.71961227730853,-1.7833471187014271,1.4682322783568063
8.253000000000865,-0.03660596867145895,65.45222738861881,1.0458469122654706,-0.002861854110490047,-0.012786713247364696,-1.174469932821192,-0.002810087206019385,9.791274139157343,-6.748812923991384e-05,0.008266438116338896,0.00014705092380191818,69.7378010384601,-1.7833265238840776,1.4682356047190932
8.266000000000858,-0.03790735890094285,65.50095332310158,1.0355824987257225,-0.0029918840454853397,-0.011916233182089358,-1.1628120239406223,-0.0029586491552258424,9.791795070976931,-6.78387545741216e-05,0.008247865625101552,0.0001547273909196219,69.97434965944431,-1.7830589013215148,1.4682788505905988
8.302000000000838,-0.04138114593195982,65.63339934909287,1.0075976898739982,-0.003348290220784511,-0.009761359627978153,-1.131077102624964,-0.003372532452194922,9.793080623026361,-6.854928004405084e-05,0.008169321223195431,0.00017533611127836858,70.63031358113096,-1.7823190343268038,1.4683989052952524
8.31700000000083,-0.042770800965467315,65.68752107925609,0.9961235177806814,-0.00349408561499685,-0.008971378061088964,-1.118095069384332,-0.003544471787151257,9.793556625093075,-6.866630066156366e-05,0.008125989357039391,0.00018363547179991473,70.90401834574538,-1.7820113921115284,1.4684491850777948
8.345000000000814,-0.045277260430826576,65.78690140435033,0.9749945464072703,-0.003761585022061105,-0.00765903601640818,-1.0942451659320807,-0.003861836826369638,9.794362588236346,-6.853701472995602e-05,0.008030826959995043,0.00019867204002957663,71.41552967675908,-1.7814383152044486,1.4685436469010982
8.380000000000795,-0.04824828335878169,65.90816017077934,0.9490617809030867,-0.0040858683846165325,-0.006287192041199817,-1.065102294497948,-0.004254399408245614,9.795261526935594,-6.766603943924501e-05,0.007890209061723098,0.00021663622604024607,72.05598788153965,-1.7807244807123244,1.4686631076198253
8.397000000000785,-0.04962704342939415,65.96587895319908,0.9364611249177914,-0.004239566309201047,-0.005741314629626101,-1.0510817112938238,-0.004436544386097074,9.795706566428017,-6.687284495582065e-05,0.007816141346680638,0.00022503016426943156,72.36748725302785,-1.7803789044065659,1.4687217808233082
8.430000000000767,-0.05218517662752298,66.07574220114353,0.9124837518446332,-0.004528414038544822,-0.004888246980124636,-1.0244010618503085,-0.004777038214132948,9.796381140215066,-6.501058311498333e-05,0.007666098955066235,0.0002407117045686679,72.9729283948752,-1.7797104751212753,1.4688370667433082
8.447000000000758,-0.05346309687108376,66.13123575127602,0.9003684742936644,-0.0046775013471046355,-0.004540107455055647,-1.01092221833387,-0.004949305789960699,9.796647289088428,-6.395451081826618e-05,0.0075857668019746385,0.0002484382353583707,73.28520991662992,-1.7793674684370306,1.4688972064854375
8.470000000000745,-0.055185194676967156,66.20514351305577,0.8842134288683376,-0.004871808519599072,-0.004154166382350967,-0.9929633340559593,-0.005169887336608,9.796942489994416,-6.258184592297029e-05,0.0074742490321086045,0.00025852512414347725,73.70811991674094,-1.7789049636498655,1.4689793817389267
8.495000000000731,-0.056882561229978715,66.28397344821761,0.8669534422745001,-0.005064481597661217,-0.0038301118479077893,-0.97380223742117,-0.005407889412884257,9.79720002126871,-6.0788023885741964e-05,0.007350107989379167,0.0002691541117490098,74.16833222988383,-1.7784044099078578,1.4690697181282604
8.51400000000072,-0.05810927095914377,66.34285265463936,0.8540396360190738,-0.005204904158162291,-0.003640247200646584,-0.9594874986575104,-0.00558189992332688,9.797363843096415,-5.9064007784327086e-05,0.007254351099884628,0.0002769295536934504,74.5184546234727,-1.7780255923172248,1.4691390360020613
8.546000000000703,-0.06009742861187407,66.44003995950007,0.8326812304061957,-0.005436297719468935,-0.003411745602681067,-0.9358546468256541,-0.005855497114674783,9.79759504543994,-5.580486988584763e-05,0.007091753437340503,0.0002894668231606416,75.10882517588568,-1.7773909097147047,1.4692569473036259
8.578000000000685,-0.061956575767144986,66.5347940395331,0.8118058945770924,-0.005655414940537723,-0.0032765244891239035,-0.9128052967157364,-0.00611010838443816,9.797784518474918,-5.238200049221716e-05,0.006929302516888448,0.00030134321981969633,75.70004366010072,-1.7767606528952602,1.4693761217033445
8.593000000000677,-0.0627868855269948,66.57838774707632,0.8021327235464386,-0.005754104244014928,-0.003225749282325274,-0.9021618058110941,-0.0062291900057511234,9.797893679901215,-5.07358063699113e-05,0.006853785828571763,0.00030668703389247876,75.97746315087508,-1.7764668220176782,1.4694323498976711
8.625000000000659,-0.06447153008850892,66.66963860006237,0.7815467725796061,-0.005956183500346702,-0.0032147413597213336,-0.8796511305646847,-0.006456189327658683,9.798144489681118,-4.7187941556444134e-05,0.006698062895765701,0.00031762284932236465,76.56988842640583,-1.7758435620549466,1.469552969691325
8.64200000000065,-0.06531964225539544,66.71716006229929,0.770847774340329,-0.006058118183524552,-0.0032371347271749154,-0.8679240715752237,-0.006570704809449406,9.798222242322913,-4.5417265432334196e-05,0.006618264683177477,0.0003231801235126232,76.88493937055345,-1.7755145048287004,1.4696173721885188
8.650000000000645,-0.06570784979276297,66.73929751931098,0.7658660724079828,-0.006104925989225835,-0.0032522473964904344,-0.8624583218319399,-0.006623454340018482,9.79824899997401,-4.460701909014561e-05,0.006581276810082601,0.00032573572110055265,77.03327548207207,-1.7753601602840532,1.4696477432813286
8.686000000000625,-0.06737174857740476,66.83715912982221,0.743842524206451,-0.006307057457770572,-0.0033423704005725464,-0.8382685499630885,-0.006851624406376575,9.798321497846405,-4.112409680960561e-05,0.006418566984545227,0.0003367728701124176,77.70138666872319,-1.7746697295200422,1.4697847758888656
8.700000000000617,-0.067983007079663,66.8744518856682,0.7354456490728899,-0.006382068861135351,-0.0033818634712035286,-0.829038760849662,-0.006936354185425923,9.798338661581509,-3.983878330617558e-05,0.006356756353585918,0.00034086436273795775,77.96146814840048,-1.7744030952205732,1.4698381608431539
8.719000000000607,-0.0687812645309078,66.9243909687965,0.7241959496806453,-0.006480761304920687,-0.0034348031656213918,-0.8166700797837214,-0.007047897256986207,9.79836011074027,-3.815427121313713e-05,0.006274078631468011,0.000346241187816592,78.31466485807138,-1.7740429537404356,1.4699106245879932
8.75000000000059,-0.07000797957552307,67.0042354410858,0.7061953633524416,-0.006634311841380956,-0.0035123161410177536,-0.7968748155944675,-0.007221712331896882,9.798401495544404,-3.554735820419843e-05,0.00614209341476185,0.00035458712397160323,78.89148955132481,-1.7734597092509228,1.470028725326879
8.782000000000572,-0.07117844087961846,67.08457366031341,0.6880648395748948,-0.006783405370127957,-0.0035734763600463646,-0.7769327512788888,-0.0073910215976146654,9.798461681085376,-3.3025518173472375e-05,0.006009603460142416,0.000362659819789832,79.48762927834599,-1.77286348156278,1.470150215815716
8.784000000000571,-0.071248430893341,67.08952575451742,0.6869466371311681,-0.006792413852203401,-0.0035765542333468137,-0.7757026668790119,-0.007401274291329134,9.798466122488781,-3.287312717862002e-05,0.006001448889214627,0.0003631463873577859,79.52491146776038,-1.772826418332451,1.47015778857583
8.792000000000566,-0.07152471559775392,67.10925378548319,0.6824912406450853,-0.006828088516925288,-0.0035879490959707895,-0.770801260647896,-0.007441905895447002,9.798484689369,-3.2269302986963534e-05,0.005968977945072698,0.00036507174625841326,79.67406750859355,-1.7726784050632993,1.4701880512346253
8.828000000000547,-0.07269633552539005,67.19645795285693,0.662782923975213,-0.006981614387746474,-0.0036208082578030906,-0.7491145322918754,-0.007617372496380474,9.798583330907894,-2.9656465836745967e-05,0.005825732833908492,0.00037332681710560984,80.34580322093689,-1.7720171572312116,1.4703235841452462
8.847000000000536,-0.07326832819236509,67.24146193310261,0.6525625489572847,-0.007058181298809667,-0.0036139732202867176,-0.7378811026580214,-0.00771034823460438,9.79867083665279,-2.831060738050189e-05,0.005752019514152791,0.00037741831795434365,80.70067642460174,-1.7716713985573456,1.4703946145626572
8.872000000000522,-0.07397302479508056,67.29960932112519,0.6390894489607155,-0.00715498693968198,-0.003622491265496641,-0.7231709890967326,-0.007819541496221931,9.798848512930034,-2.648990930267109e-05,0.005658866766357022,0.00038252816958378693,81.16797121951639,-1.77121993406423,1.470487483193762
8.910000000000501,-0.07494180729011266,67.38570705295052,0.6192222841981111,-0.007290449840677824,-0.003632026428067475,-0.7013661774039907,-0.00797409349837243,9.799014609242867,-2.3975498513234246e-05,0.005524771138461796,0.00038971202374154515,81.8790175695629,-1.770541443350836,1.4706272726995635
8.9120000000005,-0.074989477650533,67.39016367950565,0.6181955934142969,-0.007297238265898624,-0.003631876972134703,-0.7002362297583988,-0.007981954460334919,9.799021149877166,-2.384819458233679e-05,0.005517877775834828,0.00039007095972002595,81.91646594885492,-1.7705059958050595,1.470634580886897
8.920000000000496,-0.07517693781963679,67.40791642339634,0.6141066971125261,-0.007324070288048171,-0.003630401959942601,-0.6957337299113957,-0.00801309446261641,9.79904610920819,-2.3342293059971474e-05,0.005490421554155143,0.00039148779690125965,82.06628402457623,-1.770364470990003,1.470663761417778
8.959000000000474,-0.0760160136407137,67.49279447016355,0.5945687847676842,-0.00744854729707005,-0.003598943274790234,-0.6741785954640421,-0.008156862139058977,9.799157901812425,-2.0935603616291887e-05,0.005358554111156066,0.00039797253001026795,82.79720228495195,-1.769680682513454,1.470804742819634
8.976000000000464,-0.0763239449145368,67.52894257147581,0.5862517967353699,-0.007502542142546792,-0.003571217055758152,-0.6649882833166306,-0.008213845571110791,9.79920998694531,-1.9975520909266728e-05,0.005301772866572951,0.0004006193493497796,83.11609094315847,-1.7693858546725758,1.4708654834408474
9.028000000000436,-0.07705531717832646,67.63640482476939,0.5615323960987979,-0.007640011131694154,-0.00343085741241037,-0.6376422102676095,-0.00838528921290065,9.79940913107964,-1.706880220424356e-05,0.005129705452171765,0.00040796092850858893,84.09255123129846,-1.768496469435131,1.47104830744769
9.040000000000429,-0.07722436671180641,67.66055328894842,0.5559785090313539,-0.007668565820737116,-0.003388068067403403,-0.6314933985718437,-0.008421375299934888,9.799463995164915,-1.6337623167487417e-05,0.005090279491036031,0.0004094558758235107,84.31810508345315,-1.7682939290499373,1.4710898259365612
9.05700000000042,-0.07745802860400058,67.69435532829513,0.5482046667264302,-0.007709160919422135,-0.0033218463511177575,-0.6228842835029997,-0.008468853426797634,9.799546768350623,-1.5309994663316754e-05,0.005034588054305054,0.0004114653906022451,84.63777582021223,-1.7680087555291242,1.4711481951461598
9.085000000000404,-0.07778606226997996,67.74900209097733,0.5356373074846401,-0.00777032248771187,-0.003201056592568985,-0.6089605778902356,-0.008542378111224533,9.799693631908585,-1.3655988401207135e-05,0.00494325459243939,0.00041451904235511683,85.16463475675556,-1.7675435918440525,1.471243164599935
9.11200000000039,-0.07805073493730814,67.80051039905953,0.5237918403307367,-0.007823353629100565,-0.0030744764423565074,-0.5958300625206717,-0.008607098736566184,9.799844074219884,-1.2071404017527375e-05,0.004855620361779705,0.00041715402310702615,85.67307291192795,-1.7671004398860304,1.4713333432745657
9.117000000000386,-0.07809459126883536,67.80992320928941,0.5216271466105611,-0.007832610904190034,-0.0030502611598968873,-0.5934298640067591,-0.008618382938131547,9.799872585666302,-1.1779772115593343e-05,0.0048394367730646305,0.00041760953632377764,85.76727004631665,-1.7670189610955918,1.4713498909525173
9.142000000000372,-0.07828898625913645,67.85640693284914,0.510936983363501,-0.007876127555657536,-0.0029268050504532824,-0.5815738148378277,-0.008671698066548088,9.80001707056529,-1.0331994250625962e-05,0.004758722312173556,0.00041973888938830233,86.23844913964783,-1.7666143354560715,1.4714319131745228
9.150000000000368,-0.07834265804171879,67.87107957735577,0.5075625427184195,-0.0078890905199232,-0.0028867238321931255,-0.5778304141550217,-0.008687673435988006,9.800063760823441,-9.872346261250205e-06,0.004732964215329034,0.0004203687597763485,86.38929382053118,-1.7664858340742968,1.471457907808122
9.157000000000364,-0.07838632346852217,67.88383862434098,0.5046281542805253,-0.007900059692564526,-0.0028515247364069734,-0.574574839253438,-0.008701221252494565,9.800104713754493,-9.471674941236731e-06,0.00471045370029222,0.0004208997013920337,86.52130941572517,-1.7663737864369773,1.4714805526297408
9.180000000000351,-0.07850839222047082,67.92524180921573,0.49497800362222066,-0.00793424789722088,-0.0027251207620594088,-0.5639227128753197,-0.008748231653659087,9.800295208076147,-8.09254996629764e-06,0.004637004859550033,0.00042251362183324517,86.95524725617489,-1.7660082106525323,1.4715542993560975
9.196000000000343,-0.0785741245749706,67.95357190549616,0.4882871773745353,-0.007955715165949144,-0.0026563517444569006,-0.5565682219836294,-0.00877282286502059,9.800433697269161,-7.1238721895896886e-06,0.0045872863727414006,0.0004235202054872293,87.25727089339637,-1.765756242883782,1.4716050206722893
9.23800000000032,-0.07867373641730156,68.02613538747227,0.4712441319316851,-0.00800277019131319,-0.0024927144229791335,-0.5377357790782507,-0.008829943741005741,9.800690445855066,-4.7672299760411355e-06,0.0044605705456488955,0.0004257231024902161,88.0506699333547,-1.7651040526762962,1.47173597958248
9.260000000000307,-0.07868600781724996,68.06312990816637,0.4625835947105115,-0.008022704317096348,-0.002411393357712284,-0.5281293858724839,-0.008855487621060013,9.800789045155273,-3.5922326063804046e-06,0.004395120338064934,0.00042663073692867184,88.46659161595592,-1.764767796023285,1.4718033266393036
9.286000000000293,-0.07866674230448424,68.10597565655937,0.4525658567587147,-0.008042383498797066,-0.0023144051442954543,-0.5170014076576519,-0.008881445454931827,9.800894888083326,-2.2385675730174913e-06,0.004317913551150639,0.00042749320819538447,88.95842205658212,-1.7643751901567755,1.4718818017898614
9.321000000000273,-0.07858490728199737,68.16219190348988,0.4394373094976051,-0.00806241289837816,-0.002178426127994422,-0.5024051928402242,-0.008909119661337854,9.80103786106653,-4.7070676623402904e-07,0.004213891684457719,0.0004283065213541909,89.62098051251266,-1.7638549172021012,1.4719855069561614
9.32800000000027,-0.0785610547372981,68.17323797015759,0.4368594038433001,-0.008065546606756863,-0.0021503993799310726,-0.4995383890583446,-0.008913664911940258,9.801067601295502,-1.2452053647544573e-07,0.004193071961383409,0.0004284225653500554,89.75355691220162,-1.7637520009735987,1.4720059794192293
9.34400000000026,-0.07849738751738326,68.19824343916078,0.43102561389384736,-0.008071636378726309,-0.0020854972888824977,-0.4930505849052119,-0.008922835036722728,9.80113736958254,6.574572129213553e-07,0.004145481534452003,0.00042863075337393186,90.05666836381295,-1.763518192924543,1.472052436158719
9.377000000000242,-0.07832682827763977,68.24876795743704,0.41924575440609846,-0.008079565504344216,-0.0019495861601837843,-0.4799504060014136,-0.00893649003055581,9.801288354473757,2.2290540624657394e-06,0.004047426506741061,0.0004288147876290917,90.68218038524995,-1.763042258404619,1.4721467704430067
9.391000000000234,-0.07823893006229199,68.26978331337985,0.4143487202533076,-0.008081084431601533,-0.001891963557523431,-0.4745049317246854,-0.008940190749233495,9.801354506457914,2.8789024076022574e-06,0.004005923089529046,0.00042879543496768626,90.94768690537488,-1.762842914443982,1.4721861895372366
9.402000000000228,-0.0781635362135954,68.28612304544359,0.4105422313549125,-0.008081522368776408,-0.001847046332269623,-0.4702723636521987,-0.008942242882287633,9.80140697488565,3.382425399657456e-06,0.003973374172805594,0.00042874042758360437,91.15635582271071,-1.762687362230518,1.4722169116452248
9.438000000000208,-0.07787888218679875,68.33855654939526,0.39833295758656484,-0.008078409515177156,-0.0017042107578060606,-0.4566978566201897,-0.00894381802996398,9.801579254489598,4.986990283426751e-06,0.0038673490691254796,0.0004283213594744196,91.83961492758499,-1.7621849084636882,1.4723159309830984
9.455000000000199,-0.07772484793310726,68.36277200371461,0.3926969694857736,-0.008074576162511699,-0.0016398853159992953,-0.4504324075400662,-0.008941892601008139,9.80165973111002,5.721844675204603e-06,0.0038176099380084535,0.0004279994011131579,92.16244427477497,-1.7619511720549605,1.4723618859132035
9.48800000000018,-0.07739130329642095,68.40880491923201,0.38198718782379615,-0.008062947800934585,-0.0015223264532160815,-0.4385279394223774,-0.00893343143376283,9.801812233685702,7.10726876527488e-06,0.0037217961214170937,0.0004271550450939735,92.78943337727922,-1.7615039279001865,1.4724496421877171
9.519000000000164,-0.07703797286871779,68.45090393623653,0.37219677021176445,-0.008047147106986544,-0.001421668703201089,-0.4276473468282914,-0.008919983466084257,9.801949667369376,8.360497611946861e-06,0.003632816509741807,0.0004261067684520185,93.37879972069842,-1.761091585821988,1.4725303622354196
9.535000000000155,-0.07684100735711565,68.47220856930392,0.36724352929912324,-0.008037201456689744,-0.0013735900441433188,-0.42214340887305307,-0.00891102339300268,9.802018134365321,8.989503839247826e-06,0.003587329805898526,0.00042547223498887394,93.68312837016391,-1.7608817197982376,1.472571382876295
9.564000000000139,-0.07645957065522198,68.51010323889092,0.3584350041106789,-0.008016161761613221,-0.0012931677756318643,-0.4123572147492707,-0.008891383273073643,9.802137839815583,1.0099413767882e-05,0.0035057220657693923,0.0004241650883327764,94.23496115160962,-1.7605064654171396,1.4726446353316276
9.586000000000126,-0.0761498649881506,68.53824348172068,0.3518951469818769,-0.007997679782582581,-0.0012378020388598453,-0.40509302229171795,-0.008873637307644355,9.80222491735751,1.091603522468701e-05,0.0034445875727725363,0.0004230422906423955,94.65379298729232,-1.7602261956772376,1.4726992738101254
9.614000000000111,-0.0757312814436368,68.57331705164522,0.34374514059341443,-0.007971112724021371,-0.001174054655240612,-0.3960423523999402,-0.008847609737336691,9.8023312406966,1.1924462971713785e-05,0.003367823764378599,0.0004214551971549563,95.18709587363855,-1.7598749801596836,1.4727676660405944
9.649000000000092,-0.07517102004135524,68.61601090099342,0.333617912487828,-0.00793390287820538,-0.0011024123066692311,-0.3848886783139803,-0.008812984683450431,9.802530587107666,1.3242256984533252e-05,0.003274662165655029,0.00041923170353752424,95.85410003830201,-1.759444595869652,1.4728513838545485
9.666000000000082,-0.07488436428974597,68.63628858850412,0.32877429370075034,-0.007913734959742565,-0.0010845894233883558,-0.37955865073211353,-0.00879113347666814,9.802611207067725,1.3848649279875075e-05,0.0032314645270500827,0.00041805900645670076,96.17822067902627,-1.759239007768873,1.4728913666774175
9.696000000000065,-0.07435636761303116,68.67135895050752,0.3204344751429813,-0.007875063695696027,-0.0010625468029679655,-0.37034374085081384,-0.008750605850968176,9.802707610150366,1.4841295728701724e-05,0.0031575161308816514,0.00041584704289237244,96.75042762191822,-1.7588817018831622,1.4729608789405921
9.714000000000055,-0.07402687945024994,68.69197320263062,0.3155450922178174,-0.007850210824894932,-0.0010521980324029346,-0.3649264230494188,-0.008724831678851335,9.802748365203676,1.5406964739091563e-05,0.0031140962664332203,0.0004144351932278242,97.09388974086664,-1.7586706781808936,1.4730019503839131
9.740000000000041,-0.07353489572634647,68.72119570330268,0.30862403415541156,-0.0078122801704146325,-0.0010370490354916651,-0.3572472644167306,-0.008685467973510098,9.802797737878906,1.6195399767070924e-05,0.003052239460707958,0.00041228805817367396,97.59018053772887,-1.7583703011580258,1.4730604301978636
9.75900000000003,-0.0731637366409373,68.74214468021839,0.30366821380490605,-0.007783084365832746,-0.0010240320405571668,-0.3517442579204766,-0.008655076252464942,9.802832348163632,1.6752902509659357e-05,0.003007557687302661,0.00041064101439833637,97.95298587028122,-1.758154099993016,1.4731025282642367
9.783000000000017,-0.07268136534713492,68.76812661957678,0.2975274097039144,-0.007744468086609265,-0.001003987351240334,-0.34492327036439735,-0.008614730963543704,9.802878656852545,1.7436223808239076e-05,0.0029516861262927803,0.00040846962505430704,98.411421674374,-1.757884979567615,1.4731549289863923
9.820999999999996,-0.0718880288617073,68.80819504036475,0.28806802836114476,-0.007679477388812361,-0.0009637322609859223,-0.3344152131451374,-0.008546479183184819,9.802961946077396,1.847221214925201e-05,0.0028645338166945226,0.0004048322894145895,99.13762502769846,-1.7574679090923593,1.473236115313786
9.845999999999982,-0.07134727974447058,68.83385888286216,0.28201538138766785,-0.007634237225476387,-0.0009326872822547717,-0.32769197201448186,-0.008498744662163205,9.803022997979829,1.912370283499739e-05,0.002808128969594342,0.00040231183697618723,99.61561647981915,-1.757199531061298,1.4732883361115126
9.862999999999973,-0.07097143795417073,68.85100167717242,0.2779747666934931,-0.007602387464130836,-0.0009102246334197133,-0.32320389085486323,-0.008465044056558364,9.803066519603085,1.9553257786198564e-05,0.002770221496742608,0.00040054251032174774,99.94075085596204,-1.7570197449938652,1.4733233088662974
9.892999999999956,-0.0702928273136739,68.88065687896746,0.27098910833552875,-0.007544108609711563,-0.0008691980576125758,-0.3154448102108579,-0.00840320194019619,9.803145554090214,2.0285021266302487e-05,0.002704243641710003,0.00039731488102063303,100.51471125680341,-1.7567078030205359,1.4733839731132972
9.912999999999945,-0.06982998097332692,68.90001192604066,0.26643242157878044,-0.007503833908314162,-0.0008415867846520479,-0.31038361491487204,-0.008360346903365418,9.803198832888052,2.0754446459224376e-05,0.002660923404993989,0.00039509116599448365,100.89748642484514,-1.756503602010597,1.4734236770009863
9.932999999999934,-0.06935915750594687,68.91904158111281,0.26195421084342907,-0.007462462172830425,-0.0008142430961474882,-0.3054095030561906,-0.008316235802882177,9.803251944130078,2.1209333346128556e-05,0.0026181420010959956,0.00039281211985530215,101.28036739400945,-1.7563023934337274,1.4734627967694187
9.985999999999905,-0.0680752431377852,68.96793810999395,0.25045505104740257,-0.007347782150765893,-0.0007450277077944534,-0.2926366014876342,-0.00819355686515703,9.803389477597479,2.234579182199105e-05,0.0025073956542036426,0.0003865191622964219,102.29550038491944,-1.7557835553443737,1.473563688484914
10.006999999999893,-0.06755289949248484,68.98671327958657,0.24604215823090178,-0.00730042128424762,-0.0007193747181798373,-0.2877348894548908,-0.00814274099287663,9.803442187858925,2.2768910102829873e-05,0.0024645734844782772,0.0003839295286736633,102.69791783360186,-1.7555837018262435,1.4736025702627715
10.043999999999873,-0.06661524030931218,69.01899220251865,0.2384580614281382,-0.007214490032142894,-0.000676981097102964,-0.27931099798097686,-0.008050345904650496,9.803532324203815,2.3477711002429325e-05,0.002390594927391955,0.00037924293246272586,103.40719993687524,-1.755239404850626,1.473669599306377
10.050999999999869,-0.06643547713174988,69.02498616370677,0.2370500778664205,-0.007197889820202845,-0.0006693737282348749,-0.27774717611807687,-0.008032470276523101,9.803548982250115,2.360660883858423e-05,0.002376810930638208,0.0003783392292604184,103.54142520392685,-1.7551753839094717,1.4736820713599115
10.109999999999836,-0.06489273796912408,69.07412101393844,0.22551124423947844,-0.007053909245770799,-0.0006104633591676328,-0.26493244064614585,-0.007877105344506839,9.803684467558943,2.4628561906624266e-05,0.00226333379717033,0.0003705210787476996,104.67320391942174,-1.7546497492847226,1.4737846059173376
10.118999999999831,-0.06465332976361352,69.08140297313584,0.22380149386226175,-0.007031337761414354,-0.000602278508327623,-0.2630338576483253,-0.00785270101262229,9.803704372875245,2.4774460035326148e-05,0.002246450985257016,0.00036929845710483077,104.84591759884825,-1.7545717464830162,1.4737998466274784
10.134999999999822,-0.06422523939112093,69.09421263043569,0.22079402327656894,-0.0069908349972824255,-0.0005882319532861479,-0.25969438449818366,-0.007808879451197223,9.803739270213583,2.5027403452635988e-05,0.0022167179803150596,0.0003671064360223706,105.15300847775362,-1.7544344861694172,1.4738266843518482
10.170999999999802,-0.06325106776322262,69.122408525397,0.2141745483468998,-0.006898018514676186,-0.0005588948947759944,-0.2523448945247399,-0.007708321780553315,9.80381552651686,2.5566767919014736e-05,0.002151136890571016,0.0003620917543757361,105.84416692282186,-1.7541322110826376,1.4738858827101524
10.182999999999796,-0.0629231656262638,69.13161804267646,0.21201249730471533,-0.006866584373499764,-0.0005497796108555854,-0.24994462542746151,-0.0076742257567722245,9.803840260086364,2.5737509691844883e-05,0.0021296828036552503,0.0003603959792813341,106.0746147075233,-1.7540334567871447,1.47390525541135
10.19199999999979,-0.06267625263085147,69.1384641186787,0.21040528576422454,-0.00684285294077918,-0.0005431499027122494,-0.24816039845928256,-0.0076484719834152785,9.803858589197457,2.5862630139173904e-05,0.0021137255920561883,0.00035911655094152134,106.24747044739311,-1.7539600443185517,1.4739196682300693
10.225999999999772,-0.06173625149409828,69.16386197491735,0.204442566420719,-0.006752044567861844,-0.0005196132755337809,-0.2415414623407884,-0.007549829259415692,9.803926156300047,2.631284426164832e-05,0.002054473133597208,0.000354226936898091,106.90063260079295,-1.753687728587078,1.4739732245181132
10.250999999999758,-0.0610382955138548,69.18207650759545,0.20016589098834076,-0.006684167440611237,-0.0005037101307086685,-0.2367945943983993,-0.007476002964385415,9.80397419562936,2.6621535747074015e-05,0.0020119414298062194,0.00035057803651993567,107.38104891766976,-1.7534925195952116,1.4740117171846228
10.260999999999752,-0.060757623629292996,69.1892551805722,0.1984802391739298,-0.006656768384053163,-0.0004976521388272823,-0.23492371733969536,-0.007446181289105679,9.80399303475299,2.6739786755716422e-05,0.001995173472000741,0.0003491064972190008,107.57325035718726,-1.753415617740969,1.47402690690628
10.289999999999736,-0.05993921036137597,69.20973326674243,0.19367114337151317,-0.006576551051591919,-0.00048097333430523225,-0.22958647239917784,-0.007358804878704805,9.80404649457775,2.706606711404592e-05,0.0019473322397835751,0.00034480248774512305,108.1307453329813,-1.7531963900022662,1.474070296288501
10.297999999999732,-0.05971233837008389,69.21529455651472,0.19236495686006494,-0.006554231158217735,-0.0004765876974630097,-0.22813690610283646,-0.007334476151237874,9.804060943674742,2.7151765360575624e-05,0.0019343391785744777,0.00034360601933572095,108.28456566700694,-1.7531368986243412,1.4740820945801483
10.31999999999972,-0.059086162052161204,69.23039545429408,0.1888177641559923,-0.006492447563889928,-0.0004649597361596126,-0.22420047423157913,-0.007267095444786646,9.804100038228759,2.7377958438061144e-05,0.0018990605809357146,0.00034029644368919836,108.70763433951547,-1.7529754770575232,1.474114163020964
10.334999999999711,-0.05865742152210449,69.2405315420405,0.18643640989092797,-0.006449996590359063,-0.0004573655193559997,-0.22155791151653814,-0.007220768797998209,9.80412617123474,2.7524298753823925e-05,0.0018753846583441404,0.00033802440584312796,108.99614235784179,-1.7528672387629851,1.4741357140421618
10.379999999999686,-0.05736341831211742,69.27017909308661,0.17946889942725774,-0.0063211789375772565,-0.00043595723984717446,-0.2138265242193415,-0.00708005025753556,9.804202170379794,2.7925761341064026e-05,0.0018061671971519638,0.00033113900403132013,109.86191411179573,-1.7525512875374043,1.4741988673951618
10.387999999999682,-0.057132276648133806,69.27533255067749,0.1782574030639082,-0.006298063348090032,-0.00043233669109561624,-0.21248225350061023,-0.007054777909601356,9.804215322334038,2.7991338764433043e-05,0.0017941422718551374,0.0003299048368464387,110.01586724877099,-1.7524964815463147,1.4742098626273925
10.403999999999673,-0.05666911242312053,69.28553532817904,0.17585852230873633,-0.006251651574238871,-0.000425237575751927,-0.20982049743711975,-0.007004017250597438,9.804241316813775,2.8117343680589405e-05,0.0017703425178406565,0.0003274280659954456,110.32380741368692,-1.7523880919207988,1.4742316461197411
10.439999999999653,-0.055622955276253105,69.3079832695134,0.1704091140233796,-0.006146817183251635,-0.0004120749731635913,-0.20384473146374166,-0.006890369299063148,9.804352132243562,2.8454874282042977e-05,0.0017190936215344377,0.00032181718052334054,111.01683521419908,-1.7521501233107815,1.4742796761515806
10.465999999999639,-0.054864177867492134,69.32376062129404,0.16658057163163834,-0.006070051438828014,-0.00041494510087507495,-0.19962897176832578,-0.006805336401280672,9.804400548985313,2.8640203009388634e-05,0.001684401107439618,0.00031773508747034946,111.5174920495014,-1.7519832860011433,1.4743135601217534
10.49999999999962,-0.053869218151019145,69.34386009843088,0.1617230879466657,-0.005968853263736056,-0.0004204361626650049,-0.1942530036767573,-0.0066939990887892155,9.804435170917207,2.8831181589501654e-05,0.0016407528215037917,0.0003123639426804771,112.17236546177041,-1.7517713843600646,1.4743568863916658
10.539999999999598,-0.05269617681227782,69.36675838826478,0.1562022608635621,-0.005848986348015803,-0.00042142998841263025,-0.18812323089288044,-0.006562333754074822,9.804462794714885,2.900970391858538e-05,0.0015908506142393057,0.0003060047490183575,112.94304202875101,-1.7515310437533276,1.474406440328009
10.548999999999593,-0.052431985186252306,69.37180185455391,0.15498753258331752,-0.005821912286037288,-0.0004202061829463284,-0.18677311314833295,-0.006532593325101689,9.804469311724047,2.9044279384046383e-05,0.0015797755592477675,0.00030456883623969345,113.11647876250923,-1.7514782836397287,1.4744173783059833
10.581999999999574,-0.05146283159052937,69.38996145096199,0.15061679713493648,-0.0057223515303261125,-0.0004106504723897736,-0.18191339108756724,-0.006423191704262409,9.804497299710883,2.9155032448699165e-05,0.0015395806545458028,0.0002992903501312458,113.75251935191477,-1.751288912176231,1.4744568187325027
10.604999999999562,-0.05078720411580944,69.40231453600649,0.1476459986992256,-0.005652719136159581,-0.00039964116590293327,-0.17860941045320897,-0.0063466364113196295,9.804521094680187,2.9217911890295667e-05,0.0015119425428234507,0.00029560066041104386,114.19591694571623,-1.7511606786382923,1.4744836912710257
10.633999999999546,-0.049935546990895925,69.41754358499855,0.1439858708138869,-0.00556468260522756,-0.00038177780310388334,-0.1745383984509656,-0.006249796231392966,9.80455544595245,2.9281044584477813e-05,0.0014775439980005177,0.00029093850268300554,114.75509380034389,-1.751003323409477,1.4745168596970883
10.666999999999527,-0.04896726325427895,69.43441463862973,0.13993371592831355,-0.0054642404215893715,-0.00035787339339583894,-0.17003091430889594,-0.006139240715108101,9.804598503453565,2.933162123165368e-05,0.001439028257841172,0.00028562329229883047,115.39154454640212,-1.7508300534969543,1.4745536492366729
10.668999999999526,-0.04890862204494743,69.43542173215728,0.13969190680729854,-0.005458145650178121,-0.000356347360589969,-0.16976191698168636,-0.006132529954441825,9.804601196938703,2.9333975021210927e-05,0.001436715755944536,0.00028530090472225696,115.43012222390205,-1.7508197481425323,1.474555846748984
10.683999999999518,-0.04846900672509123,69.44291967334861,0.13789186376660448,-0.005412412685289175,-0.0003447342547183042,-0.1677594171808508,-0.006082166547625527,9.804621572538988,2.9349082817793537e-05,0.0014194518151482009,0.0002828823216776228,115.71947241672856,-1.750743165099854,1.4745722124574516
10.736999999999489,-0.0469191808096617,69.46864719970469,0.13171849526679114,-0.005250601067368825,-0.00030308843909125063,-0.16089084591557834,-0.005903857602851929,9.80469410691856,2.936742675515253e-05,0.001359582462896217,0.0002743318939769062,116.74208704379993,-1.7504824396107344,1.4746284356755377
10.737999999999488,-0.046890001734438205,69.4691213889585,0.13160475225163104,-0.005247546039137133,-0.0003023146423315018,-0.16076428340362506,-0.005900489432032215,9.804695461972436,2.9367261925679234e-05,0.0013584697807413626,0.00027417056327353736,116.7613852423462,-1.7504776662526416,1.4746294729672371
10.76999999999947,-0.04595775494961486,69.48408117939611,0.12801698688407342,-0.00514977864597613,-0.0002781559811806956,-0.1567720579081857,-0.0057926689604150304,9.804738232640553,2.9352336622097238e-05,0.0013231954704404948,0.00026900959619082204,117.37899594154662,-1.7503277281961722,1.4746622181991214
10.799999999999454,-0.04508670328181839,69.49773542641532,0.12474321729265976,-0.005058150805384987,-0.00025687652483905146,-0.15312922544560006,-0.005691563786340732,9.804777075788023,2.9321772717389087e-05,0.0012907128983600479,0.0002641761002617982,117.95812418943855,-1.7501920507924498,1.4746921428109738
10.812999999999446,-0.04471023829332179,69.50354330428239,0.12335091291019622,-0.005018468361826166,-0.00024814805163485845,-0.1515800233484221,-0.005647760351683433,9.80479348433181,2.930369609283108e-05,0.0012768154554753507,0.00026208378424004647,118.20911453075885,-1.7501347056615215,1.4747048828814615
10.82499999999944,-0.04436330593138314,69.50884687135787,0.12207959063550458,-0.004981856195613655,-0.00024037690854371565,-0.15016549219763117,-0.005607337237289007,9.80480839401149,2.9284472483198402e-05,0.0012640838305572927,0.0002601538730368688,118.4408162873311,-1.7500825407167397,1.474716523049803
10.858999999999421,-0.04338355150633175,69.52357868252723,0.118548527901382,-0.004878244239539443,-0.00021992563752544313,-0.14623706340938883,-0.0054928947226174215,9.80484937804453,2.92170739512901e-05,0.0012285229703193547,0.0002546948994758406,119.09739872565618,-1.749938702776136,1.474748889738825
10.875999999999411,-0.04289559166064557,69.5307840234142,0.11682158129393647,-0.004826523444560875,-0.00021059611118570101,-0.14431604454978547,-0.005435742449487552,9.804869163272798,2.9176374067394827e-05,0.0012110313682939587,0.0002519713355311369,119.42574118564119,-1.7498689530555074,1.4747647393462644
10.884999999999406,-0.04263781052180379,69.53455602441102,0.11591753217326181,-0.004799169166139744,-0.00020590215982503387,-0.14331048240722025,-0.005405508850061213,9.804879446054262,2.915297947825073e-05,0.0012018504106387313,0.0002505312667922421,119.59958313895817,-1.7498326051419413,1.4747730418752407
10.918999999999388,-0.04163523783591265,69.54694662061792,0.03334552920099129,-0.004879078216069175,0.005980924819513196,-0.08196635755349958,-0.007568399707433048,9.83415317240151,6.379608820153055e-05,0.001364218596594742,0.0002451410120920188,120.25640086447127,-1.7496990761087574,1.474805379848216
10.941999999999375,-0.040711954241438,69.53857331894602,-0.3044953730991371,-0.0051891021348829175,0.011512419758026998,0.18585263319993256,-0.009599567581822597,9.914879141791586,0.00014798823745311072,0.0028950026213249574,0.00024158979708306473,120.70074815095306,-1.7496132349654976,1.4748461882385993
10.982999999999352,-0.03747501547757805,69.40833553767033,-1.5688900523605034,-0.005490224191954488,-0.018369893080060273,1.2647161368767368,-0.014047883872580163,10.0857944718249,0.00031160453278601967,0.012840103355575467,0.00023577085452390514,121.49232670031174,-1.749471243964309,1.4751102654412176
11.008999999999338,-0.03403278999350435,69.21419707934594,-2.6517913942770623,-0.006251076413487433,-0.07162306512009826,2.2517244021972798,-0.015043096927690272,10.139154990689565,0.0005842447104916319,0.02365603867871831,0.00023350762752730297,121.99325916838673,-1.7493910037699567,1.4755061164705923
11.015999999999334,-0.03269432843171055,69.14407408868055,-2.964172352420595,-0.0063433591276337445,-0.0896880760369697,2.545201977854583,-0.015061466998409887,10.142843430574406,0.0006580746981043335,0.02706645664321578,0.00023334142903099443,122.12788737684095,-1.7493711340856102,1.4756497247419382
11.04199999999932,-0.02636118760268619,68.81284955210519,-4.168834302607119,-0.006264965150685943,-0.16895687082970767,3.706988369374138,-0.015515777020522448,10.117006444193512,0.0009413769869155531,0.0409858916582373,0.00023393930598761815,122.62669791176869,-1.7493040110394082,1.476324567637149
11.071999999999303,-0.016607112483120696,68.29250339406929,-5.517392031207439,-0.007288093561285878,-0.25818113091152817,5.0800722380996035,-0.026647274496309686,10.014365110659242,0.0014855011712854899,0.05768781951376908,0.0002388698336660992,123.1990400019725,-1.7492418054750358,1.4773513841305042
11.0769999999993,-0.014455557445404712,68.19154602101767,-5.743844366497902,-0.007647201275066828,-0.2717270987500424,5.3136329215347144,-0.028465195029193268,9.995783016808952,0.0016154778897880015,0.06040573931392293,0.00024079142403658026,123.29401569644628,-1.7492336015867371,1.4775431358213322
11.104999999999285,0.002829960191163645,67.55060724189529,-7.015332483504355,-0.009523939158294928,-0.3385050629892864,6.633678747076127,-0.031530852367310555,9.893690820468516,0.0024674412981609815,0.07502065072163873,0.0002586227385238512,123.82324274191309,-1.7492025575116343,1.4786936008161107
11.134999999999268,0.028555240377218922,66.72774901589557,-8.181743593817266,-0.007004500115886683,-0.3988462215159504,7.898915916704266,-0.010850480716189293,9.749756021580621,0.0029948799986421006,0.08888155026569051,0.00028779049583117333,124.38446836229012,-1.7491954658751336,1.480011895288237
11.143999999999263,0.036601929145770894,66.45871451485826,-8.434440741627657,-0.0056845691328165394,-0.4121442203060679,8.199772808108138,-0.005045443316619177,9.692507335584814,0.003039965610873714,0.0922975341304667,0.00029825898415475756,124.55149978520326,-1.7491964273567404,1.4804095244976454
11.172999999999247,0.06144785741680258,65.54695919253679,-8.982785513507602,-0.001341675313447756,-0.4231156324153417,8.9331502237905,0.008919692814582866,9.510741825135245,0.0029378414834596,0.09971781970066533,0.00033051446203900565,125.08511328824432,-1.749201995740925,1.48163204624749
11.20499999999923,0.0496107711580337,64.4908628988229,-9.312200827619225,-0.0007068746570557168,-0.37745512577943985,9.449459715992408,0.016115525032418553,9.38988340133082,0.00254186373957815,0.10147172114907183,0.00031549577315612457,125.66527609666635,-1.7492039648507438,1.48276905446195
11.208999999999227,0.04630131100179615,64.35653523104097,-9.338062766976236,-0.0009666085667205341,-0.36864834860631324,9.495723525211194,0.017500604771087933,9.381178005327005,0.0024694297512329226,0.10128216695222245,0.0003138957778409026,125.73713219177323,-1.7492035512423167,1.4828905692245244
11.234999999999213,0.04695192845357936,63.47642418642741,-9.446129326678314,0.000179479040246084,-0.2991122912623401,9.717654837930372,0.025430470251495894,9.357074762874735,0.001885525692018056,0.09828947624183261,0.0003323425194290638,126.20051099987397,-1.7491949100156994,1.4835594987432372
11.262999999999197,0.052586146060588104,62.521047945166,-9.497099454184095,0.0028681399741857325,-0.2067843544605094,9.851397656628935,0.025194722115555332,9.390490292366161,0.0012371896279110256,0.09258887399452184,0.00034099513692318354,126.69229482492754,-1.749171150545654,1.4840561890970587
11.27499999999919,0.04476787443510473,62.110430292444626,-9.508081693204172,0.002386694197924399,-0.16724254315745316,9.888069979719006,0.024967213469515494,9.414765792661514,0.0009651514187232927,0.08966434385209363,0.0003321182975948374,126.90073892224596,-1.7491562648599326,1.4842084251941918
11.289999999999182,0.0321033010979307,61.596702958124105,-9.514634224805757,0.0013889887470275863,-0.12009723874529694,9.920602172587259,0.024504592161992068,9.448861589696778,0.0006176648456459767,0.08575935831423027,0.00031858153151895875,127.1593274632596,-1.7491337925816557,1.4843581578270622
11.309999999999171,0.02206177747269789,60.91157120075124,-9.515055848708776,0.00025552879469498135,-0.06366296384680774,9.94777286150547,0.0226085959353883,9.495321148084825,0.0001675025361312702,0.08027728076344774,0.0003137889471416629,127.50070688594674,-1.7490974008358493,1.484505048742416
11.336999999999156,0.01889342247488418,59.987010302685874,-9.510528504862764,9.312913828446977e-05,-0.0035566457829418236,9.969311304560627,0.01754304559027969,9.550719044566161,-0.00032836843820896,0.0726357314532802,0.0003120383425271634,127.95539023141392,-1.7490381435557383,1.4846483499705876
11.34799999999915,0.016793385788243274,59.61052477604593,-9.508224801523749,-6.242954255056103e-05,0.01499309874519048,9.975319055037353,0.015450136909723673,9.569142481786379,-0.0004847990319363611,0.06949578418179536,0.00030924380304983757,128.13859616932666,-1.7490113852517228,1.4847000436282987
11.36599999999914,0.013727132097085995,58.99470949046483,-9.504282662436477,-0.00021190483015921975,0.04165846041794534,9.98578718731263,0.015234012684730971,9.59389188384427,-0.0007124279890327925,0.06434899517869558,0.00030529655322143864,128.43584666972168,-1.7489651626345528,1.4847879850495918
11.40099999999912,0.010689773819273597,57.79802642722292,-9.499113558342033,-0.001312264093686922,0.08254894207450282,10.008512063065433,0.007840066823840443,9.628195194292598,-0.001017183988503238,0.05409029955318225,0.00029833093169860203,129.00480426898503,-1.7488683836144978,1.4850093483214075
11.411999999999114,0.009122158128084888,57.42210278299075,-9.49768979531011,-0.0014419150899641618,0.09133369872316016,10.01502193332738,0.007050972677817692,9.634963512586909,-0.001082313598066528,0.05081696930480338,0.00029448254726583485,129.1811562858607,-1.7488369771093981,1.4851012158369647
11.440999999999098,0.006767175919771026,56.431381566103255,-9.494057575618102,-0.002518539687290498,0.1002198256856604,10.025117232126581,0.002156258682854737,9.644256253798657,-0.0011616264343119916,0.042130335022866464,0.00028646343516301466,129.64043738609666,-1.7487537431961298,1.4854110155167306
11.459999999999088,0.006108006038650268,55.78256023314295,-9.491231898279178,-0.0033107921899311757,0.09486381959400855,10.025236201161587,-0.0005028600315499258,9.644080736031103,-0.0011539356559697959,0.03650927786705252,0.0002812335112389857,129.9369074057557,-1.7487002160017677,1.4856736875408618
11.482999999999075,0.006663010396518039,54.99743121157819,-9.487791848098837,-0.0037085845768079174,0.08177529659559463,10.02121777638087,-0.0017988752322701204,9.640082242806896,-0.001129268441193652,0.029891501839540396,0.0002762960157645371,130.29109516178403,-1.7486375608389313,1.4860594664137028
11.489999999999071,0.007184557907711535,54.75853910154429,-9.486662328187332,-0.003815471598910961,0.07559594865440017,10.018463499646058,-0.002583041726700572,9.637875881416747,-0.0011111805114950696,0.027933874335009014,0.0002748421306157472,130.39787119440928,-1.7486190614394783,1.4861918874053368
11.522999999999053,0.008387266053334456,53.632727706921195,-9.48048212252039,-0.004394023252198384,0.034298467399505005,9.996485177218256,-0.005086472332452484,9.621969369250728,-0.0009789778812597295,0.019239853296161243,0.0002647531652216626,130.89484074574622,-1.7485367072738696,1.4869093189429934
11.547999999999039,0.009923794145234782,52.780294142809545,-9.47503598318792,-0.004840756495901096,-0.008270754022807058,9.971459078726204,-0.006152935288050951,9.604716053819965,-0.0008526232169261789,0.01340865202690999,0.0002576704338722372,131.26431372690996,-1.7484805338760043,1.4875499249872381
11.58099999999902,0.012625918210395656,51.65574037291757,-9.465539250773515,-0.0052182952518772035,-0.09430628643635845,9.916826243198216,-0.007556189164719243,9.5704182895143,-0.0006422341459535116,0.007150957263711345,0.0002475089264862486,131.74278736758927,-1.7484158911939256,1.488506697308707
11.610999999999004,0.01621339427521115,50.634189839346966,-9.456061356151656,-0.005352360856616351,-0.18103863216527438,9.863141083604427,-0.006899428488598359,9.532456524467563,-0.0004736960416441537,0.003291583588363759,0.00024033337728253656,132.16869573106214,-1.748367094196164,1.4894581392364574
11.613999999999002,0.016652116804069198,50.532071807739044,-9.45516218789836,-0.005313384488026875,-0.18949359042135502,9.858048077097042,-0.006801075767242483,9.528574355413179,-0.00045869126550264656,0.002997748588437068,0.00023956871548978152,132.21081357660225,-1.7483627061822933,1.4895562056033587
11.640999999998987,0.019582590736196698,49.61326281179861,-9.448044889515145,-0.005021523691778995,-0.26017923354713296,9.816972895434892,-0.005750192716334803,9.494654989367335,-0.0003410099725856822,0.001023372629120172,0.00023106812463652318,132.58601775578694,-1.7483269185176538,1.4904521059143774
11.67299999999897,0.020897555089106717,48.524778389553774,-9.441716093107418,-0.0047278724617345405,-0.32724721626086856,9.780718566497718,-0.004315113099225561,9.459648538061336,-0.00024764704291260195,-2.705122205543381e-05,0.00021782692236846577,133.0217424436558,-1.748292214464474,1.4915205069468962
11.677999999998967,0.021035623774908627,48.354738071982695,-9.440917799424513,-0.004674503424387348,-0.33592306825954754,9.776254806377784,-0.0041121673497777275,9.454880876837604,-0.00023736478393031224,-9.295949250110796e-05,0.00021571223369961303,133.0889485800289,-1.7482874498834164,1.491685809486721
11.694999999998958,0.02139542032430989,47.7766573579289,-9.438542543938054,-0.004474615634043852,-0.36149915364311536,9.763521240279898,-0.003999211724745658,9.440333195226755,-0.00020671546077659456,-0.0001644365388544018,0.00020843518771689927,133.31568183033184,-1.7482724298498555,1.4922411501972621
11.724999999998941,0.021469469740779033,46.75667869317961,-9.435679902381233,-0.004197267358249329,-0.3921912797202691,9.74948705347734,-0.0030772185865724465,9.421546995969084,-0.00015669979736549733,0.00011740235632654336,0.00019499506117509973,133.70914300488482,-1.7482502319998048,1.4931860840701652
11.742999999998931,0.021608596902063838,46.144762885382754,-9.434505816965748,-0.004026130399279798,-0.40352516963542107,9.744700574236102,-0.0025681244223770897,9.41411912548113,-0.0001399256779788565,0.0004403925560547866,0.00018769801346618068,133.94114503997585,-1.7482392479484574,1.4937256500626503
11.777999999998912,0.021556531735404276,44.95504491035888,-9.432910365835195,-0.0035640022870918244,-0.4139225130917901,9.740608401841268,-0.0017134501453477278,9.406678204595808,-0.00012483096933816544,0.0012158190649907532,0.00017323554469536172,134.3835181948185,-1.7482220819519856,1.4947056541022332
11.789999999998905,0.02130998818439827,44.54717349435729,-9.432501915749281,-0.0034190783969162866,-0.4147789903414808,9.740310708503005,-0.0014568400955586596,9.405868568122173,-0.00012383343067908076,0.001496919680980611,0.0001681860247133113,134.53253181299138,-1.7482173026037902,1.4950193273091692
11.804999999998897,0.02092345456203757,44.037356220240596,-9.432048715065626,-0.0032462115110876337,-0.4143938379019812,9.740486682129626,-0.0011742183236345695,9.405836114459179,-0.0001248758560407053,0.0018450352650065734,0.00016197459890157114,134.71689096293795,-1.7482120190163968,1.4953950446662916
11.814999999998891,0.020631535791555827,43.69749167081563,-9.431772218699786,-0.003134937802617364,-0.41339370996821284,9.740876086747777,-0.0010102376943273103,9.406323697906089,-0.00012665457327794806,0.0020713574548176013,0.00015791874492098379,134.83861936979892,-1.7482088897608707,1.4956354397344034
11.849999999998872,0.019451473971403486,42.50805389405083,-9.430893913793923,-0.0027757983764689085,-0.4065598076591359,9.743433953280235,-0.0005713061296031482,9.410355287275573,-0.00013671924807933492,0.0027998583004625382,0.0001443941190093709,135.25724892151297,-1.7482001299035854,1.4964146956902662
11.879999999998855,0.01832638674186528,41.488649635068256,-9.430181705098391,-0.00251067794827671,-0.39824503764360897,9.74651766713959,-0.00032308340302690097,9.415548888746995,-0.00014681080702210787,0.0033188561099346077,0.00013381211371550077,135.60688652322003,-1.7481949859956383,1.497009474361427
11.90599999999884,0.017327109759180347,40.60525508437076,-9.42955766559259,-0.002310421674445261,-0.39034122220619755,9.749468993594727,-0.0001725097891564207,9.420557926000926,-0.0001548060405539967,0.003677524460748665,0.00012548303198586216,135.9030441649049,-1.7481920469199426,1.4974747634169068
11.934999999998825,0.016213176008172677,39.62003143856941,-9.428834627508301,-0.0021155570477975638,-0.381541948103976,9.752790210897086,-5.047988892507415e-05,9.426165450437132,-0.00016203001549874746,0.0039753883230395776,0.00011711574445560887,136.22585554217252,-1.7481902417437063,1.4979439155560397
11.948999999998817,0.015678941034150524,39.14444516810572,-9.428471975481395,-0.0020310167104945387,-0.3774624053371415,9.754341933910908,-3.334754180652627e-06,9.428772587134121,-0.0001647873250027154,0.00408175370714082,0.00011341321604884352,136.37885740055265,-1.7481898780641336,1.4981532100847397
11.9799999999988,0.01450919952912261,38.09145290844412,-9.427638952288879,-0.0018690467254967853,-0.3689884240850156,9.757608434412733,-4.5921084379545434e-05,9.434178732739309,-0.00016782526867194374,0.004235996702379613,0.00010595839451787806,136.7110694201685,-1.748190153290009,1.4985807076018889
12.011999999998782,0.01330613517027119,37.004626322170516,-9.426733014660297,-0.0017589564999684279,-0.3613396291637056,9.760556164228932,-9.413843946435218e-05,9.439098197192683,-0.00016323438236639872,0.004288164903941719,9.921819642767549e-05,137.0444904972813,-1.7481919777927386,1.4989755880289228
12.01399999999878,0.01323611705789235,36.936704191867875,-9.426674354276383,-0.0017539437683795026,-0.3609039475063314,9.76072228136551,-9.424273171502193e-05,9.439380837504395,-0.00016280333097594055,0.004288232313417648,9.8842096421451e-05,137.06500859093669,-1.7481921435407335,1.4989988511216046
12.041999999998765,0.01236249106173272,35.9858508233156,-9.425828409991327,-0.0016764894093978322,-0.35533561740160813,9.762815983123614,-4.0155381706074786e-05,9.443024744304072,-0.00015613269753520022,0.004255094201531032,9.410704162827811e-05,137.34829970679039,-1.7481950820092325,1.4993086319135562
12.059999999998755,0.011849491499929504,35.37464371151261,-9.42526812606657,-0.0016104194120403809,-0.3522607271208957,9.76394081659043,5.5532112697721445e-05,9.445072820776732,-0.0001526854448192535,0.004203968580171471,9.143057871950328e-05,137.5265096590778,-1.7481975461383787,1.499493222083454
12.083999999998742,0.011141460383851724,34.55976892926681,-9.42449395191387,-0.0015066809093925904,-0.3487840603411803,9.765149542580971,0.00018107885796248848,9.44744436843564,-0.0001495241424853119,0.004106708814134084,8.809683729333733e-05,137.75936788289704,-1.7482014460423998,1.4997234543016935
12.10399999999873,0.010468195663582302,33.88076614345806,-9.4238310846788,-0.0014179127497239313,-0.3463901265453375,9.765922416210955,0.00028379894567851296,9.449128352092247,-0.0001480456421342666,0.0040055269771257455,8.539373659010864e-05,137.94926512074753,-1.7482051642639107,1.499902704634597
12.135999999998713,0.009249246117394723,32.794473926933705,-9.422746307597206,-0.0012914220434698932,-0.3434067161492813,9.766765615277151,0.00042488231724007505,9.45132318685756,-0.00014756544770576683,0.0038165049238325305,8.13264683101982e-05,138.24525111118896,-1.7482118460728395,1.5001682278205122
12.147999999998706,0.00876227024365899,32.387149768083944,-9.42233342614988,-0.0012447736679959635,-0.34262176745963224,9.766900965682638,0.0006255111120371322,9.451982497397326,-0.00014871867085743953,0.0037399535103460804,7.990373704097053e-05,138.3537552011726,-1.7482145450370974,1.5002616506616062
12.154999999998703,0.008468671490523874,32.149552972347266,-9.422082966747562,-0.0012116472800121725,-0.3422368418547953,9.766943828139704,0.0007559682651396794,9.45231806179954,-0.00015080332995025394,0.0036948228105547582,7.911720260255444e-05,138.41642189893562,-1.7482161526470328,1.5003147058035045
12.187999999998684,0.007066392769494261,31.02954299230383,-9.42089697584862,-0.0010361940213540223,-0.3409882966528341,9.766878296984805,0.0007671632568054018,9.453570460093228,-0.00016130178891431794,0.003481537100373596,7.578562555640531e-05,138.7056246338213,-1.7482239086851479,1.5005514268496827
12.209999999998672,0.0058618718335459764,30.282950101956075,-9.4201210364309,-0.0009688282373002059,-0.3404201882858166,9.766769501747234,0.0007408336896895355,9.454186825520411,-0.00016492166823069393,0.0033413095133359425,7.329037685161945e-05,138.89271979413405,-1.7482292271118243,1.5006978267066182
12.217999999998668,0.005407729213923018,30.011477257444426,-9.419844044622558,-0.0009623564303147162,-0.34024443702103085,9.766727551268165,0.0007311377941535334,9.454380447459695,-0.0001659136184168029,0.0032907908530282314,7.249181050683067e-05,138.9596225969774,-1.7482311883585955,1.5007489552098858
12.253999999998648,0.00353876725253583,28.789948424767225,-9.418632057349132,-0.0009371152894364236,-0.33957208924787674,9.766543606134405,0.0006509197179332274,9.45511442767927,-0.0001684905133180183,0.003066201142408699,6.99286050597117e-05,139.25321598852923,-1.7482401804230232,1.5009660670167542
12.276999999998635,0.0023994637179340973,28.009609616779528,-9.417883372943612,-0.0009143623869888069,-0.33921618221973604,9.766419453477424,0.0005864313964736626,9.455501450446043,-0.00016805604252952393,0.0029246928645680664,6.877164602403416e-05,139.43439127759098,-1.7482460695885136,1.501094414851098
12.282999999998632,0.0020991811314068996,27.806053240535597,-9.417692243530025,-0.0009092452407344999,-0.339131546310335,9.76638533852567,0.0005703589909850067,9.455595086882385,-0.000167690900442214,0.002888019392218775,6.849958893744563e-05,139.48083405208595,-1.7482476253038892,1.5011266547573279
12.329999999998606,-0.0003197167180980168,26.211670610991053,-9.41623750934073,-0.0008790062122686966,-0.33858249704067456,9.766057186653496,0.00046777300346122837,9.456248346953231,-0.0001623472338833842,0.0026048963294664574,6.669699879333664e-05,139.832892751175,-1.7482600987766725,1.5013627403501069
12.335999999998602,-0.0006365500410643662,26.008150152737933,-9.416057184920339,-0.0008751994477537022,-0.3385270648111873,9.76600621703178,0.0004571758226935283,9.456322857191124,-0.00016143024952483458,0.0025693949502970177,6.650194876100898e-05,139.8763374113901,-1.7482617276222967,1.5013909007504562
12.3399999999986,-0.000848988957951012,25.872472029890787,-9.415937626770294,-0.0008725987049435097,-0.3384919779528353,9.765970997711978,0.00045040751539637824,9.45637148928842,-0.00016079655433522036,0.002545824289725776,6.637510912865956e-05,139.9051119773134,-1.7482628180044326,1.5014094397979107
12.380999999998577,-0.003111574160009205,24.481869917063154,-9.414742279651719,-0.0008135277964847272,-0.33821901764892254,9.76555291977349,0.000544073109881259,9.456821925238755,-0.00015697490981886127,0.002309427324206563,6.510148758347285e-05,140.1913553672364,-1.748274151334856,1.5015891929566818
12.389999999998572,-0.003643214039420743,24.176639331182972,-9.414487225480622,-0.0007941047032150726,-0.33818017667974504,9.765447692839317,0.0005590180259146101,9.45690889104236,-0.00015673371242195334,0.0022589911558972106,6.479310149193045e-05,140.25206846727522,-1.7482766582901967,1.5016262801377112
12.390999999998572,-0.003703237639623065,24.14272533366824,-9.414459050151155,-0.0007919741285924662,-0.3381763233425831,9.76543571875673,0.000560485819537829,9.45691828420858,-0.00015671356016595266,0.0022534232834409084,6.475831700941636e-05,140.2587672409819,-1.748276936909257,1.5016303509472577
12.427999999998551,-0.006043826177253341,22.887977955626177,-9.413440917921983,-0.003012387409264494,-0.33808341254895996,9.76496579049382,0.00046001397679567386,9.457231830849803,-0.00015942084647674047,0.002052806856338086,6.351740061245698e-05,140.49999628818225,-1.7482872205660054,1.5017742659194235
12.456999999998535,-0.011279647500991889,21.904620021789807,-9.412683857972786,0.002613094896604183,-0.3380930854414471,9.764559125213976,0.001883404423004736,9.457428043355021,-0.00059287258742589,0.0019035621308421521,4.543897099653894e-05,140.68004896927476,-1.7482881779591064,1.5018785249204323
12.479999999998522,-0.019952502961352283,21.12477171592864,-9.412084631003868,0.004101936334550026,-0.3381944416330062,9.764166995150008,0.006249131750050363,9.457535077413588,-0.0007791906326653575,0.0017910148357322174,3.179632172864877e-05,140.81721444026866,-1.7482821180253636,1.5019563232135977
12.499999999998511,-0.0254738641328173,20.446681701807606,-9.411586847805868,0.0021277611748853308,-0.3383301929998354,9.763807124047883,0.0077951846803953105,9.457604852782188,-0.0008214794095863431,0.0016982198830156007,3.466266183009838e-05,140.93243724632973,-1.7482735853220503,1.5020206835883685
12.50099999999851,-0.025675582430313208,20.412778133154966,-9.411561719352019,0.002092328029380238,-0.33834082298715723,9.763786943122534,0.007501334049570416,9.457606084745347,-0.0008265947319751191,0.001693731264645243,3.5125772296255504e-05,140.93809945965856,-1.7482730904159343,1.5020238242955148
12.533999999998493,-0.03180388221678729,19.29400882166439,-9.410768089315276,0.0004179515688541264,-0.3386173615546465,9.763187454296936,0.0012862366606517135,9.457663518724507,-0.000834406339194677,0.0015524505399762756,5.192741092273732e-05,141.1196673290006,-1.7482550485821744,1.5021235089566312
12.562999999998476,-0.03629002361380683,18.310922398092615,-9.410113019030495,-0.0010143795431309674,-0.3388340381409674,9.762705015159653,-0.002202538615154027,9.457700941575123,-0.0007642094781562823,0.0014388391304488905,6.591257217307834e-05,141.27075813892165,-1.7482386949332513,1.5022050684334265
12.569999999998473,-0.03725661153069983,18.073635640767243,-9.409960042476103,-0.0013181429894072705,-0.3388783678538393,9.762597220047564,-0.004188779092716671,9.457709307859144,-0.0007392021476127472,0.0014127534890158598,6.859451939641978e-05,141.30604147145655,-1.7482349470138994,1.5022239517442586
12.599999999998456,-0.04125359215195084,17.05673432993366,-9.409333352700669,-0.0022763149515770556,-0.33905158781928135,9.762155090701432,-0.005938621987469901,9.457751243722237,-0.0006202570192637944,0.0013059934269489268,7.733302442991705e-05,141.45202826584398,-1.7482209548874572,1.502301512977911
12.638999999998434,-0.04583053222985308,15.734859062078655,-9.408578062507456,-0.0029059628037395777,-0.33922389628143623,9.761633125341554,-0.0065619559226056355,9.457819267681822,-0.0004413893188964784,0.0011782318579651359,8.1335996220758e-05,141.62913890746873,-1.7482091585024748,1.5023946368665897
12.656999999998424,-0.04773155174708014,15.124797326338616,-9.408250290591795,-0.002923399359319103,-0.3392902411394879,9.76140694695204,-0.006956201963486129,9.457853814016277,-0.00035982153992288583,0.0011230693068911423,8.088030874846359e-05,141.70605112606773,-1.7482065515387242,1.5024348716872926
12.668999999998418,-0.0490434245259225,14.718101012888155,-9.408040158327413,-0.002946265730455814,-0.3393294711647017,9.761261364084797,-0.0066914005086993415,9.45787973710028,-0.00030448205458668317,0.0010875055013756388,7.993848601828536e-05,141.75563089682012,-1.748205854078257,1.5024607831008012
12.6999999999984,-0.05268812054142898,13.667509521674486,-9.40752234307501,-0.002770230745373071,-0.33943900083440476,9.760888930911886,-0.006245124887136107,9.457941883347043,-0.00017359294055955524,0.0010002058510107444,7.615744031739355e-05,141.87743591906653,-1.7482077471741402,1.5025245065527588
12.720999999998389,-0.05573924463377012,12.955850180687928,-9.407193091409463,-0.002570847054808113,-0.33953084884431844,9.76063360414205,-0.0058049497816726366,9.457977432240922,-9.518287158837389e-05,0.0009448841920923513,7.317320744840687e-05,141.95480788486128,-1.7482118403511229,1.5025651722416125
12.733999999998382,-0.05803363391677896,12.515311329741522,-9.406995327004957,-0.0024092205368078327,-0.3396055871263566,9.76046813566033,-0.005355076729057045,9.457990172808625,-5.1895747392443585e-05,0.0009124067784342994,7.145411256743256e-05,142.00062399343744,-1.7482153887471534,1.502589383960429
12.77199999999836,-0.06736317940606304,11.227632654650678,-9.4064564176031,-0.0019425260361239241,-0.3398273839834166,9.760010512891299,-0.004059854167232896,9.458014756369773,5.157377739385082e-05,0.0008252423393023617,6.81767150711935e-05,142.12542489649985,-1.7482294430923058,1.5026561498908841
12.779999999998356,-0.06995370513588448,10.956551419929678,-9.406350481804925,-0.0018412758324000706,-0.3398744180058827,9.759920266508642,-0.003747759998275444,9.45801697367035,6.862558026469446e-05,0.000808322764490663,6.799787582452703e-05,142.14996649065736,-1.7482329724130954,1.502669475372405
12.79199999999835,-0.07435178989962493,10.549935100923447,-9.406197593734845,-0.0016805887033384986,-0.3399460132594172,9.75978757949746,-0.0032763780950681824,9.458020294150433,9.075151421969523e-05,0.0007838326186750093,6.815392249588973e-05,142.18564917943036,-1.7482385514880587,1.5026890051768935
12.813999999998337,-0.08434873221522014,9.804488348214962,-9.40592814825958,-0.0014036132267820753,-0.34009542518746805,9.759546445310043,-0.002426454783458449,9.458010104147533,0.00012139090954723641,0.0007418964111844254,6.984486486527071e-05,142.2475466351821,-1.7482494660357244,1.5027234174886217
12.850999999998317,-0.109108052369042,8.550826840414459,-9.405524032216857,-0.001016135351635494,-0.34029707253081093,9.759214206702104,-0.0011707158222282294,9.457996930626157,0.000146001369449692,0.0006788304611706282,7.697830485446737e-05,142.3413720638568,-1.7482688702325102,1.5027773915066398
12.852999999998316,-0.11094506592414319,8.483062815999245,-9.405503968237392,-0.0010075410774007941,-0.3403060504660508,9.759198955797801,-0.00110572069633942,9.4579964953227,0.00014642538299799857,0.0006756498871254777,7.754680957806223e-05,142.3460765949429,-1.748269929513341,1.5027801744116551
12.8799999999983,-0.1460665032844984,7.5682618235957015,-9.405250427371069,-0.00112462361087057,-0.3404072814052931,9.75902008002325,-0.00021450879557500542,9.457994142021766,0.0001397040570178824,0.0006345871794948645,9.053425882459889e-05,142.40590263167635,-1.748284048648326,1.5028164430051083
12.905999999998286,-0.19290330926744048,6.6885460756778246,-9.383448950116316,-0.0009632528410122237,-0.3388794508065793,9.739983084926854,0.00017286269080123262,9.456729630050534,0.00012187906137347132,0.0005437297607500962,0.00010920209875336218,142.4570299779815,-1.7482969750295725,1.5028486327571358
12.91799999999828,-0.21514294751045862,6.28299226619885,-9.378876096580843,-0.0006843271309837584,-0.33927750512756627,9.73561715783473,0.00011609558322555646,9.456173264877682,0.0001143050868490753,0.0004886147359591629,0.00011698766644876228,142.47848532959046,-1.7483026408765934,1.5028621435021186
12.925999999998275,-0.23028465304036677,6.01268801950858,-9.379338454760248,-0.0005561072965376825,-0.3393700609066008,9.735664004554204,9.432516721873342e-05,9.456562025580212,0.00011052850341552686,0.0004526332262044002,0.00012095308539157333,142.49203771197105,-1.7483063109104537,1.5028706946171604
12.982999999998244,-0.3207628167183871,4.088359026924678,-9.36125789206651,0.0006515903903296879,-0.33878683491543504,9.717336209565989,-0.00030463581142352704,9.457602969807104,0.00010830913443083376,0.0002300653912118658,0.0001177654374171885,142.57121406627152,-1.748330208807777,1.5029223842014683
13.00899999999823,-0.3355943223718192,3.2123214638124065,-9.342364829689195,0.0011250310175628148,-0.33843440967810473,9.699399478082439,-8.470172592628333e-05,9.456980919540012,0.0001221820960795295,0.00011957465840283311,9.439122084091095e-05,142.59721545661807,-1.748340013862949,1.5029408026943971
13.02599999999822,-0.34169205724653084,2.6407757267803467,-9.319956068332164,0.0013627821636442248,-0.33806688472326857,9.678573420147238,0.0002712557478793304,9.45567144349445,0.00012701474638447004,2.0173293729546472e-05,7.799878675797432e-05,142.61079766305681,-1.7483460109447715,1.502950694588941
13.048999999998207,-0.34685434508134527,1.8706489953048138,-9.257715043084431,0.0016071841217596711,-0.3372618375832237,9.62142524604601,0.000689134107560786,9.4510220869306,0.00013178204675856107,-0.00020205798422592286,5.455397984769654e-05,142.62488421594918,-1.7483534139703756,1.5029600338439333
13.088999999998185,-0.3495096896108645,0.6023226646735037,-6.832129037707432,0.0016605941640110528,-0.3537673094108492,7.63111664527191,0.001351861760961896,8.969527194007746,0.00012651600969323267,-0.004814564873387322,1.4932707014214988e-05,142.63781057674265,-1.7483638217874224,1.5029589141865973
13.113999999998171,-0.35063901683238335,0.16034939986606325,-2.998324855132951,0.0013121114190795995,-0.19382228057106485,4.443182469466058,0.002534137270672895,8.434410825888706,9.555939832288673e-05,-0.030897314126899847,2.294599182646658e-06,142.63973565720707,-1.7483683994070407,1.5025945630740063
13.124999999998165,-0.35086126151639474,0.059914731800910795,-2.0430433466163125,0.0010984377219439572,-0.1324163869187788,3.5154836251687684,0.0025154968343808815,8.459967325891451,7.929449900822157e-05,-0.04630903080243615,7.781540279030377e-07,142.63966954536966,-1.748369847047162,1.5022066921113957
13.135999999998159,-0.350996218121952,0.0,0.0,0.0,0.0,0.3390486237492878,0.00013502303561708294,9.800136836417257,0.0,0.0,-0.0,142.6392755071428,-1.7483708658496901,1.5017266812735628
13.135999999998159,-0.350996218121952,0.0,0.0,0.0,0.0,0.3390486237492878,0.00013502303561708294,9.800136836417257,0.0,0.0,-0.0,142.6392755071428,-1.7483708658496901,1.5017266812735628
13.135999999998159,-0.350996218121952,0.0,0.0,0.0,0.0,0.3390486237492878,0.00013502303561708294,9.800136836417257,0.0,0.0,-0.0,142.6392755071428,-1.7483708658496901,1.5017266812735628
13.135999999998159,-0.350996218121952,0.0,0.0,0.0,0.0,0.3390486237492878,0.00013502303561708294,9.800136836417257,0.0,0.0,-0.0,142.6392755071428,-1.7483708658496901,1.5017266812735628
13.135999999998159,-0.350996218121952,0.0,0.0,0.0,0.0,0.3390486237492878,0.00013502303561708294,9.800136836417257,0.0,0.0,-0.0,142.6392755071428,-1.7483708658496901,1.5017266812735628
13.135999999998159,-0.350996218121952,0.0,0.0,0.0,0.0,0.3390486237492878,0.00013502303561708294,9.800136836417257,0.0,0.0,-0.0,142.6392755071428,-1.7483708658496901,1.5017266812735628
13.135999999998159,-0.350996218121952,0.0,0.0,0.0,0.0,0.3390486237492878,0.00013502303561708294,9.800136836417257,0.0,0.0,-0.0,142.6392755071428,-1.7483708658496901,1.5017266812735628
