Time [s],Steer [deg],Speed [km/h],Car ax [m/s²],Car ay [m/s²],Car az [m/s²],IMU ax [m/s²],IMU ay [m/s²],IMU az [m/s²],IMU wx [rad/s],IMU wy [rad/s],IMU wz [rad/s],IMU pos X [m],IMU pos Y [m],IMU pos Z [m]
0.03000000000000002,2.3742674725130794e-09,2.9760511819581772e-05,1.6145778457137453e-06,-0.0010536882993442951,-6.504624001037237e-06,0.011016246920389649,-0.0038535759806762526,9.805983344264016,5.103939494574996e-06,-1.3393335872083238e-07,2.602959017305204e-07,101.89989558606818,0.0811402949726138,1.4715374151184204
0.05500000000000004,6.200173826523635e-09,4.529952731325753e-05,-3.2955500313123154e-06,-0.0006731288587922542,2.2210265217919457e-05,0.01101257987885943,-0.0061370172253733535,9.80602114986505,-7.1008621837582035e-06,-2.7414852127531206e-07,2.628319236089062e-07,101.89989555274998,0.08114106178222966,1.4715373580488529
0.09600000000000007,1.0807193110887888e-08,3.306812096850226e-05,1.8069309191028851e-06,-0.00011357904438207586,6.648375506824951e-06,0.011012100140774955,0.0014100176385850316,9.806000542598467,3.5129469573810473e-06,-2.014618724270916e-07,-1.3478772560962971e-08,101.89989552880482,0.08114157271025832,1.4715372382355674
0.1320000000000001,1.1878552620773284e-08,1.6672398251406756e-05,2.5426755633995232e-08,1.3563471312251507e-05,2.2565115720233e-05,0.011011106869446178,0.00048738134864776767,9.806019366391201,-9.541663467741647e-08,-5.20461619048271e-08,-1.468868267294474e-07,101.89989552298569,0.08114175053263732,1.4715371447660517
0.17300000000000013,1.2274858526033356e-08,5.285180527164298e-06,2.985236197167399e-07,-0.0001805188168139194,1.0631791966166408e-05,0.011012672644737362,-0.0007110325377433574,9.806005485410743,9.484795933020636e-06,9.867444325180441e-08,-1.4965051224894767e-07,101.89989553676246,0.08114162042023308,1.471537075083688
0.21300000000000016,1.2409765318585891e-08,6.218827077910352e-06,4.4860569643444314e-07,8.204646521808823e-05,2.491011693919931e-06,0.011013836607192056,0.0010468164787923524,9.805995995713529,-1.2591177660303192e-05,1.4438117663162511e-07,-1.0331146464957513e-07,101.8998955552289,0.08114144862656626,1.4715370375140995
0.25100000000000017,1.2476012516076662e-08,4.2472000985589386e-05,7.393721600367992e-07,0.000625812567101773,-9.193622838499755e-05,0.011019917486725352,0.00274314221490382,9.805894800519821,-8.769074466155629e-05,-1.1639024905381143e-09,1.928370995204011e-07,101.89989550028321,0.08114296757638022,1.4715369936798415
0.2640000000000002,1.2595983499265414e-08,7.814431549922119e-05,8.769002729765402e-07,0.0008635551291114609,-0.00013996743643116747,0.011022928121078576,0.003300202321575048,9.805843393766713,-0.00012522887104498558,-1.3541475517764675e-07,3.763520247148497e-07,101.89989544546229,0.08114429502343802,1.47153695339083
0.32800000000000024,4.2672560112940163e-08,0.00041761981616712454,2.721251001153916e-06,0.001964242989013174,-0.00040866198798199867,0.011033815775329745,0.005100411657411244,9.805560514766313,-0.00036452436142488,-1.518011438682927e-06,1.707917864770617e-06,101.89989472133695,0.08116070377404216,1.4715361857969214
0.35000000000000026,1.0535508595755165e-07,0.0005873673290958906,4.200184474431896e-06,0.0022212331441947807,-0.0004861212744375922,0.011032687736413603,0.0053805645372850906,9.805482190737115,-0.0004569510272080111,-2.163583296315097e-06,2.201183443980894e-06,101.89989425376592,0.08117104599234742,1.4715355659766343
0.3710000000000003,2.161267007456964e-07,0.0007667902371237737,6.169206557973455e-06,0.0024108171166245663,-0.0005450969663471564,0.011028562564862563,0.005528742529043443,9.805424893491743,-0.0005474970114321782,-2.7658460966586225e-06,2.6353847507392244e-06,101.89989368931066,0.08118347494048023,1.4715347430034718
0.3920000000000003,3.597443217961484e-07,0.0009586475773395823,8.664959963899967e-06,0.0025373986594694063,-0.0005864398156295732,0.01102172339625943,0.005484692105129569,9.80538742296479,-0.0006381145129675961,-3.2958093217054303e-06,3.023554498607603e-06,101.89989300663522,0.08119850566286034,1.4715336688116902
0.4020000000000003,4.3088390248253246e-07,0.0010530378803313655,1.0035395622549308e-05,0.0025773258286535187,-0.0005998070911362277,0.01101768852399277,0.005432474380544852,9.805376492737336,-0.0006808018675577382,-3.5087738823563134e-06,3.1891168879614904e-06,101.89989264020763,0.08120659055831764,1.471533063969607
0.43900000000000033,6.709567442993111e-07,0.001410461087436069,1.597537056435337e-05,0.002633681158922796,-0.0006156884072477466,0.010999894763015152,0.005090884219241531,9.805371579044113,-0.0008355711933109511,-4.007234825616644e-06,3.679895711163268e-06,101.89989105954895,0.08124171991794736,1.471530284994015
0.46000000000000035,7.823699079123909e-07,0.0016142484149213752,1.9787093877192202e-05,0.0026179354276193285,-0.000603775115770878,0.010989021857005038,0.004803138216352884,9.80538999967167,-0.0009206664895410043,-4.067084948068942e-06,3.876479200622619e-06,101.89989001242411,0.08126528074225346,1.4715283287805807
0.46700000000000036,8.153787440899075e-07,0.0016817346920252208,2.109394854228932e-05,0.0026083665562447863,-0.0005968458238959703,0.010985452044969727,0.004687648517649519,9.805398997763774,-0.000948467459793288,-4.051509715587728e-06,3.930265725327409e-06,101.89988964064574,0.08127370809744168,1.471527617122422
0.5040000000000003,9.592300526240443e-07,0.0020300859418587026,2.795391218062057e-05,0.002489205675297492,-0.0005373277169022963,0.010968169405091653,0.0039030417130547107,9.805467848834999,-0.0010876921205492814,-3.7060812237510562e-06,4.122480516236314e-06,101.89988750131496,0.08132286674244228,1.4715233855970393
0.5100000000000003,9.78241165697187e-07,0.0020846997484423135,2.9023429484290447e-05,0.002461864187977708,-0.0005245426590593935,0.010965725158505392,0.003759964280966199,9.80548182408437,-0.0011089807778662051,-3.6141215348110178e-06,4.138382097960729e-06,101.89988712874054,0.08133154553168591,1.4715226289699
0.5330000000000004,1.04177917938253e-06,0.0022875640422847588,3.288240738853884e-05,0.0023399098695258665,-0.0004686903146766053,0.01095753954372309,0.0031632910078213403,9.80554128707913,-0.0011868922629751414,-3.1914917345150203e-06,4.159261175981533e-06,101.89988564102751,0.08136654804900832,1.471519563113333
0.5570000000000004,1.0945175454697019e-06,0.0024863192149087595,3.632644092737252e-05,0.002179421395110284,-0.00040005619262501835,0.010951198477979578,0.002438970570031398,9.805612076033535,-0.0012609744153358456,-2.6651625924950265e-06,4.11353996508857e-06,101.89988399757213,0.08140585154301114,1.471516110774363
0.5900000000000004,1.1494477148751759e-06,0.002757450528920349,4.323829804315669e-05,0.002439131196284776,-0.00039303201497580133,0.01094805753804407,0.005489601041628083,9.805613825250568,-0.0014264937250060936,-1.9697702566537903e-06,4.073811112677373e-06,101.89988157916746,0.08146481189180547,1.4715110032848493
0.5980000000000004,1.1604196094044318e-06,0.0028329789315655746,4.53689983175217e-05,0.0026729117826813456,-0.0004128261547368648,0.010948546862719509,0.006231902249728253,9.805590908009885,-0.0014852733352262127,-1.8447605346391815e-06,4.195530725387106e-06,101.899880951899,0.08148028252743149,1.471509703733177
0.6030000000000004,1.1669126895314827e-06,0.0028837322524625404,4.677271105837207e-05,0.00284139646332933,-0.0004295346539890455,0.010949201899858395,0.006692600504894026,9.805571791126575,-0.0015250063181390956,-1.7824491834406182e-06,4.316476157918848e-06,101.89988054939174,0.08149023949086576,1.4715088783350136
0.6370000000000005,1.205449333457155e-06,0.003321486259799261,5.795825417889529e-05,0.004252671433368041,-0.0006227131016928916,0.010958753303162646,0.009793247437976785,9.805354806673801,-0.0018501423917108009,-1.8246912489316055e-06,6.151659939762369e-06,101.89987754915656,0.08156492928898221,1.4715029459803832
0.6620000000000005,1.2297638993301413e-06,0.003757817458752398,6.701530587587669e-05,0.005303275945103374,-0.0008004772269415269,0.010966968209545427,0.010260472519185855,9.80515699246575,-0.0021239161111369486,-2.4953792477623827e-06,8.537706680784282e-06,101.8998749783896,0.0816291789036101,1.4714981187777147
0.6810000000000005,1.2469923000503801e-06,0.004139654163953595,7.329909976694838e-05,0.005752606691209251,-0.0009042796936005892,0.010970231839590292,0.009281742968998558,9.805041552913309,-0.0023168250616320786,-3.340484300627078e-06,1.0599994272574588e-05,101.89987279199926,0.0816838152052964,1.471494102751634
0.7200000000000005,1.2797776394624636e-06,0.004955098704495268,8.452971301602131e-05,0.005596757999702298,-0.0009686857118067805,0.010959871929998439,0.006732959532727369,9.804972631184148,-0.0026454069018514285,-5.458090913310078e-06,1.3862281213150858e-05,101.89986770815409,0.081810792318892,1.4714847535880946
0.7280000000000005,1.286026845678993e-06,0.005116958094803563,8.679110405073285e-05,0.005483611494743924,-0.0009593338485739592,0.01095455857496717,0.006240670324436368,9.804984386087938,-0.002706289257115535,-5.868637074602094e-06,1.4259065847211754e-05,101.89986657434218,0.08183913301135613,1.471482643643186
0.7350000000000005,1.2913395228037079e-06,0.005255849849425614,8.876755063801501e-05,0.005377513825204468,-0.0009459577386672456,0.010949210504198649,0.005813431011968727,9.805000580912987,-0.0027583393032173534,-6.203026974482061e-06,1.4534414178957495e-05,101.89986555880598,0.0818645370286536,1.4714807442877542
0.7710000000000006,1.3160937964791705e-06,0.005925376283958313,9.826061264171133e-05,0.004844266023417794,-0.0008130485887184102,0.010915728955636257,0.0031440393049920155,9.805154696478231,-0.0030078175406903383,-7.401105590557649e-06,1.5160290524927412e-05,101.89986001955872,0.08200367420949366,1.4714702327336666
0.7920000000000006,1.3283763986898033e-06,0.006269835677853708,0.0001005515839517734,0.004232337283077365,-0.0006497680989000202,0.010895616244454094,-0.0009328619858561685,9.805334441076434,-0.0031005083397296455,-7.5911061820594065e-06,1.5059733603290505e-05,101.89985658590142,0.08209067393221231,1.4714635878381388
0.8310000000000006,1.346659985946577e-06,0.006691619225623079,9.245537795340964e-05,0.0016363445576791924,-9.200141167670359e-05,0.010864362080550182,-0.010708378713547049,9.805930525863927,-0.0030560596901646267,-6.688927589835068e-06,1.2452038725985133e-05,101.89985009377874,0.08225784687393438,1.4714505902228276
0.8560000000000006,1.3552329593490978e-06,0.006723085934994854,7.860641629149318e-05,-0.0008010300047495951,0.00044023603102555473,0.010849702545446012,-0.01769353402169871,9.806491895288218,-0.0028706774583505497,-5.091243954314119e-06,8.324656147753107e-06,101.8998460865953,0.0823637693281513,1.471442170898757
0.8570000000000007,1.3555263086998624e-06,0.006719663206666741,7.79337414118262e-05,-0.0008735343605415034,0.0004634974986490301,0.010849254027094695,-0.017916627174633,9.80651632036787,-0.002861033164486635,-5.009868689417031e-06,8.118921491903832e-06,101.89984593197894,0.0823679161227422,1.4714418385907941
0.8840000000000007,1.362114169056998e-06,0.006480664698853136,5.564511454773466e-05,-0.003755730247914908,0.0011574351636182804,0.010842290465218169,-0.025829078055133993,9.80724123195437,-0.0025247123682519087,-2.3072043309227598e-06,1.6419717826852173e-06,101.89984199704354,0.08247557226729935,1.4714331644502703
0.9000000000000007,1.3649193085310554e-06,0.006202447290493262,3.962318798583817e-05,-0.005502873538519934,0.0015989705962196166,0.010844673727791423,-0.02985507454068502,9.807697748377182,-0.0022645922438811346,-2.9462729142964423e-07,-2.8527222521279973e-06,101.89983994046825,0.08253413213434203,1.471428435294756
0.9460000000000007,1.3695793332844608e-06,0.004873562765421714,-9.908100670022463e-06,-0.009815654626142867,0.0028211327101305204,0.010881979216759633,-0.038481721388834045,9.808936248402516,-0.0013489961892222525,6.4527094762231145e-06,-1.616896945137387e-05,101.89983555658017,0.0826714623390096,1.4714177493534177
0.9520000000000007,1.36991416560293e-06,0.004650657301807439,-1.577707778299064e-05,-0.010259082985424032,0.0029603894458628266,0.010890129571762493,-0.03917489186067481,9.809073694377753,-0.001218178748360569,7.346629528013438e-06,-1.772993656087939e-05,101.89983517559044,0.08268536860189112,1.471416770642913
0.9900000000000008,1.3711803849510152e-06,0.003063316425198174,-4.031339833434686e-05,-0.012250433945613719,0.003649835453430565,0.010952066240842252,-0.04143491010787515,9.809727940425518,-0.00037768864577715326,1.2298087874444412e-05,-2.532138453444213e-05,101.89983386904375,0.08274929332353251,1.4714133722400882
1.014999999999999,1.3715238667526278e-06,0.001941666134148639,-4.621837351970136e-05,-0.012872061944046833,0.003839299078497689,0.010952310890328278,-0.04115049644746753,9.809927015194631,0.00016161361163294623,1.4461987401766215e-05,-2.7423846929241353e-05,101.89983405498266,0.0827678763397979,1.4714140577342523
1.0179999999999987,1.3715508509084946e-06,0.0018092516886326381,-2.4776560170228082e-05,-0.01293565631771709,0.0036331589657472955,0.01093770636743384,-0.04091257855330375,9.809714025873543,0.00022382526567332615,1.4835804761624962e-05,-2.7469995187592755e-05,101.89983413238551,0.08276885068263021,1.471414304710563
1.0259999999999978,1.3716124372653837e-06,0.0014639953924868417,-1.7249626902775307e-05,-0.013000066803116425,0.0033711030219266388,0.010948490536503121,-0.0402418357195281,9.809433644308848,0.0003845956575646518,1.546732794663427e-05,-2.7305416762951898e-05,101.89983439576766,0.0827701632578074,1.4714151247008864
1.0589999999999942,1.3717613687851299e-06,0.0006760046366903256,-4.383654388760091e-05,-0.012801858380044431,0.0016076165472283552,0.011176094961692248,-0.03766014074248272,9.80746079342826,0.0009920760736680417,1.5211720464990275e-05,-2.4815147529412818e-05,101.89983631332792,0.08275649303824763,1.4714205182443134
1.0829999999999915,1.3718126342480956e-06,0.0014104230293379854,-8.35258453083334e-05,-0.012124662988459958,0.0002860465595497694,0.011377139019800635,-0.035178167317022196,9.805969698036968,0.0013786482668593652,8.921824958290583e-06,-2.3561629280380856e-05,101.89983838393546,0.08272835402328897,1.471425556509152
1.1169999999999878,1.3718613640907183e-06,0.0026823397684688556,-0.00012468622475654263,-0.010683132922115274,-0.001166005979915515,0.011531542593487943,-0.031120436987998056,9.804396716389704,0.0018491944660236977,-6.097962695162673e-06,-2.2797460833550365e-05,101.89984193950524,0.0826649766466746,1.4714325040953538
1.1479999999999844,1.371928114890266e-06,0.0037330809216498265,-0.00013701688981995668,-0.009159234681303854,-0.001935374338490131,0.011506113394183719,-0.02721411780645256,9.803662594247012,0.0022049024902489277,-2.1075313387986122e-05,-2.2109626208107566e-05,101.89984556402756,0.08258623248583952,1.4714373204733717
1.1629999999999827,1.3719822977062014e-06,0.004190026874376439,-0.00013311769971591672,-0.008398567375609858,-0.0021351064303981398,0.011448095214494868,-0.025260565625851578,9.803516558039705,0.002352553686590791,-2.736583947185628e-05,-2.1608464675947498e-05,101.8998474074916,0.08254192848514894,1.471438887019696
1.1929999999999794,1.372164655861702e-06,0.004996407237239627,-0.00010878856687206421,-0.006885197719303017,-0.002265680319799401,0.011279728601275098,-0.02137217918619184,9.80352918364531,0.002601199286901264,-3.650868029606136e-05,-2.018434034622768e-05,101.89985125206589,0.08244302510867489,1.4714403558231153
1.2119999999999773,1.372353459823709e-06,0.005431819453889613,-8.519306971269965e-05,-0.005954913554111513,-0.0022050180407803535,0.01115804928797561,-0.018975660403297817,9.803686795724943,0.0027282620461756995,-3.957265692172258e-05,-1.900484197101102e-05,101.89985380426523,0.08237432917974777,1.4714401470135
1.2189999999999765,1.372441358836735e-06,0.005577618946016922,-7.552832126673839e-05,-0.00562514982336957,-0.0021616508630751896,0.01111338133493715,-0.018129040959169545,9.803764569072998,0.0027696136175534443,-4.01670659636243e-05,-1.8523854153902205e-05,101.89985477023693,0.08234800768359782,1.4714398588470325
1.2399999999999742,1.3727704372394493e-06,0.005968711062029171,-4.5122982274553206e-05,-0.004669245107980205,-0.0019779280799324525,0.010986028304271901,-0.015568357104832724,9.804042848866304,0.002876213724617683,-4.034787213522182e-05,-1.6964984068344775e-05,101.8998577598795,0.08226620973508295,1.4714383632364145
1.259999999999972,1.373162829051724e-06,0.0062778406078447405,-1.639857874391385e-05,-0.003796145906767165,-0.0017460908969928269,0.010880444149772928,-0.013129660219230607,9.804348502460233,0.00295268562638896,-3.856307086476441e-05,-1.535540357159738e-05,101.89986074501267,0.08218497383573775,1.4714361479280673
1.2679999999999712,1.373330928058102e-06,0.006384436583333961,-5.5007844677047556e-06,-0.0034547635831200674,-0.001642107373658376,0.010843680793837863,-0.012162471158642248,9.804476966027291,0.002976409304077654,-3.740578018108827e-05,-1.4683202289555923e-05,101.8998619785617,0.08215174013273287,1.471435073098352
1.286999999999969,1.373720963557999e-06,0.006598981814888861,1.812859329630934e-05,-0.0026612304397831987,-0.0013772363527589657,0.010770191130017618,-0.009901234842201487,9.80478814159281,0.0030173762674361106,-3.385766240031526e-05,-1.3027971162495402e-05,101.89986499982894,0.08207148545787406,1.4714321522196359
1.3119999999999663,1.374115521840019e-06,0.007847130574429973,0.2111678240682454,-0.0007518143780173431,-0.028787488398613115,-0.09266317302450641,-0.021782213817150675,9.662378006100795,0.0031660902526323776,-0.0008664792299479772,-1.4231599399265053e-05,101.89987258289177,0.08196360109013821,1.471421835458801
1.3339999999999639,1.3742237443525616e-06,0.048249162595854385,0.9500143477786173,-0.012799934441122165,-0.018612070988506885,-0.6119902266661603,-0.046697000657338596,9.437376181500452,0.003865406321155718,-0.007055554329445828,-2.9267161126541198e-06,101.89996369516416,0.08186304141100027,1.4713347409913784
1.3529999999999618,1.3742953874562943e-06,0.13386967912215328,1.586746777304195,-0.03205264408499572,0.03317170193019634,-1.1149650379422016,-0.06009877137350367,9.343667528274993,0.00450351809071709,-0.01668209052140045,7.564299917343514e-07,101.9002882216022,0.08177038835718341,1.4711180307174712
1.3889999999999578,1.3746665183716825e-06,0.32797436522958634,1.3697627532532899,-0.005977951457647065,0.07842116171102927,-1.2359950186330446,-0.010190150858435297,9.739129896640426,0.005214938321042067,-0.0303189443457165,-9.100980589713091e-07,101.90199310371457,0.0815971257702855,1.4703429066423677
1.4109999999999554,1.3751887006795858e-06,0.4293409454510172,1.1596235178718641,0.010315507707364818,0.07942383709814917,-1.2391676624357073,0.02573852979843619,9.960531795027954,0.005055424241340003,-0.03098412842370803,6.916444305489722e-06,101.90381116348473,0.08151598670957694,1.4697994091139739
1.4209999999999543,1.3754973152782083e-06,0.46962820024792296,1.054323610901314,0.017979507945384648,0.07476483811893947,-1.2143332425339672,0.04230393735127517,10.038722290267044,0.004798969550326852,-0.02955581551997665,1.040527727157959e-05,101.90483448523425,0.08149101250826023,1.4695724463001165
1.431999999999953,1.3758772095542827e-06,0.5101472411042902,1.0056771773070303,0.024217111599794824,0.053651578972265614,-1.2164857923910977,0.05690740346564292,10.068805847030228,0.004404167368612334,-0.027091075589670412,1.3364808384212786e-05,101.90609867253592,0.08147458528493418,1.4693500908113535
1.469999999999949,0.000274779564829059,0.6884576427418284,1.840687405125127,0.024348374679216803,0.013640639969371274,-1.819323607772399,0.05739994635173948,9.77215591044854,0.002745194861638142,-0.02191283224220592,1.3443330110660576e-05,101.91168177614043,0.08152637039863289,1.4687761694980443
1.4839999999999474,0.0006294273993386384,0.7916285254934532,2.288281851828695,0.019237341147029987,0.03231762314286506,-2.155060013424976,0.04658750574797088,9.667970329806577,0.002249333701647874,-0.02382078456642189,1.2030608635239503e-05,101.91433985276271,0.08159254696184606,1.4685797126606415
1.4949999999999461,0.00108510252726283,0.8875111067714739,2.5760021595015727,0.020147490276481266,0.05291363048467716,-2.3973150391934785,0.04244546836978666,9.636919522239255,0.0019342968688175026,-0.026404898438187087,1.104524094277504e-05,101.91672033072439,0.08166320860416747,1.4684078896332358
1.5279999999999425,0.004286872414426017,1.220696784624772,2.9118741997627517,0.010947394223908731,0.08759953132443071,-2.7643662686867128,0.030130173679545874,9.693099134497556,0.0012037442160723693,-0.03552854428858409,1.7578913055747444e-05,101.92566324567504,0.08197650503376822,1.4677725836526803
1.5459999999999405,0.008129184030163425,1.40889213061139,2.8757582965757105,0.011471276867231178,0.08446646216563727,-2.821444937970397,0.031351174574858004,9.781949555301074,0.0008329317346766589,-0.038700335567718444,1.6427892836258733e-05,101.93177319919224,0.08221301276171009,1.467373079495087
1.5579999999999392,0.011610101296450487,1.5326142428663263,2.8431899041713597,0.012021674466887261,0.07435751722288512,-2.8442011054768175,0.03183595621865537,9.825773498677762,0.0005771670509032792,-0.039774151351443514,1.548690869019871e-05,101.93634506676253,0.08239710367157896,1.4671035860666213
1.5909999999999356,0.025779580043935126,1.8705627101236126,2.8749915602736342,0.010704026943275803,0.036468708534115456,-2.9427294171956593,0.027599034430051433,9.845071652711137,-8.986736229684382e-05,-0.04025939629081857,6.998304524496924e-06,101.9510023758243,0.08301365519300555,1.4663969156237866
1.6159999999999328,0.04334674358374091,2.133298595858901,2.966569170640102,0.007682490625716586,0.01383656171392936,-3.033400469535894,0.019821183981075317,9.810873247138767,-0.00046515615242634427,-0.04028389806765341,-4.392823824123809e-06,101.96418928232079,0.08358767880317887,1.465900820326087
1.6299999999999313,0.05716660317667609,2.2837494593864767,3.0042395441161873,0.0060202472331829186,0.005074052176746589,-3.0721505739186954,0.015517167002711382,9.79728263833463,-0.0006129065865499586,-0.0404546411000264,-1.2537952196311535e-05,101.97237891165328,0.08394840625223372,1.4656313926908484
1.6649999999999274,0.11030006701416632,2.6601086629545576,2.9841155507193657,0.004208541382452156,-0.019678582122776685,-3.0931522102999245,0.009705260709520788,9.80150598799347,-0.0008603169255670232,-0.04028812642929823,-4.039004068084164e-05,101.99541292646363,0.08496966917492488,1.464977563087761
1.6799999999999258,0.14372332119689213,2.821857752521106,2.9849147891516004,0.0027800092195191797,-0.006989604148793058,-3.100511343523417,0.006062395684271244,9.814869561824974,-0.0009054434870537005,-0.040040197403738195,-5.657114353407241e-05,102.00640788381567,0.0854582806462296,1.4647069845209695
1.704999999999923,0.21780790208968367,3.0902460732507975,2.955586345282178,0.002293596886419944,-0.033879397864349514,-3.100261913276318,0.0031534127685311254,9.80864251078978,-0.0009293395740676339,-0.03927355249225784,-9.215341515059268e-05,102.02623480548615,0.08633854810332121,1.4642710047021914
1.7069999999999228,0.22485752787949873,3.1115623091594165,2.9842781698203145,0.0023724184009964594,-0.03953391799016426,-3.1265501824513637,0.0027283012851092186,9.799605341188897,-0.0009292037559964489,-0.03918933588608828,-9.559843549173836e-05,102.02790212170731,0.08641247341409541,1.4642370001505622
1.7159999999999218,0.258825870824246,3.2082109232701868,2.973155428552374,0.00236917147929672,-0.03974889548369338,-3.1211612210481627,0.0012365342024435837,9.801843705438143,-0.0009180489505382629,-0.03884343479465161,-0.00011160114012439583,102.03555437530937,0.08675151360992747,1.4640855803567219
1.741999999999919,0.37444367900816095,3.4876436243784186,2.9899943895562195,0.0010000459772145933,-0.02527008160483425,-3.1448886109741356,-0.001971122537980551,9.813286796629813,-0.0008381798717066853,-0.03773974835632138,-0.00016582204527075344,102.05903262788185,0.08778876582074283,1.463663879110219
1.767999999999916,0.5106733522582804,3.766137731410442,2.9902933647400634,0.002424565911629693,-0.06010022565134766,-3.167822907732647,-0.004144332702413985,9.792585399935545,-0.0007155295763076602,-0.036385449061518305,-0.0002267410879553406,102.08455010208974,0.08891090134537209,1.4632680574407366
1.7749999999999153,0.5564763916929815,3.8414921881065984,2.9394287085358166,0.0024451044558417567,-0.043570359853356645,-3.1251276745227754,-0.004420043038169565,9.815193957260007,-0.0006662441687144014,-0.03602628017263116,-0.0002520327050458161,102.09176916892531,0.08922731676840795,1.4631660002990823
1.7909999999999136,0.6781883166336573,4.013504764441639,3.0001069211851723,0.0026803752511786938,-0.03266498213500898,-3.174923569010872,-0.006870328411690652,9.80855861403473,-0.0005411970111664062,-0.035182601411146076,-0.0003168933629827067,102.10882600730476,0.08997308265794236,1.4629400485256612
1.82299999999991,0.9865422704422605,4.357117507768856,2.9616996892952887,0.004849470318335989,-0.06606358008416248,-3.167393936706947,-0.0053577913024330385,9.796701387713618,-0.00026217127401920084,-0.03335508369177578,-0.0004764157338247162,102.1452651811553,0.09155823830162457,1.4625186876940748
1.8389999999999083,1.167886527446327,4.529447635907574,2.9439502220599563,0.005638973245327467,-0.03901925922252275,-3.1503245013877432,-0.00602297272044924,9.818991207777325,-0.00010903832798361705,-0.03244538730370934,-0.0005716360481876102,102.16464845995834,0.09239770467656329,1.462323494845975
1.8619999999999057,1.4599305652676788,4.776842611327416,3.0313851696732113,0.00811080040916648,-0.060449954658605025,-3.2336761205091893,-0.005412091964627559,9.785598547872807,0.00011345195289560455,-0.031089823239042722,-0.0007317565342856687,102.19387239838527,0.09365943857739129,1.4620609569137855
1.8899999999999026,1.8773256110112135,5.078592783630953,2.942359116450689,0.012257231448380538,-0.04165905054365201,-3.164585979035063,-0.0043352219082063515,9.816837283836428,0.0003894069057832194,-0.029438740594677562,-0.0009670425135154569,102.23161746121225,0.09528390722016791,1.4617697325056183
1.9119999999999002,2.549813521377768,5.315553405861779,3.009557317866098,0.031159641748453176,-0.04683524659328108,-3.224605816632046,-0.019550279894024223,9.797404379197097,0.0009534434038350582,-0.028118626362490864,-0.0014088867637364348,102.26294481756987,0.09662729224939338,1.4615626594759674
1.9259999999998987,3.193978077947602,5.466155566269001,3.0498585987387816,0.03883890779914094,-0.08822372450522445,-3.273135655828336,-0.01733580114784015,9.760752774299972,0.0014306569102696166,-0.02726758793600693,-0.0018529931506290427,102.28364623430558,0.09751031657530267,1.4614406062711205
1.9279999999998985,3.2997692007464097,5.488069296552075,3.0044097144534043,0.03933235467500668,-0.046675502757044095,-3.22336923899002,-0.0182043683414974,9.797122294601598,0.001503600886129147,-0.02717550852012608,-0.0019220110733951339,102.28665236339909,0.09763823806566313,1.4614237049099217
1.9539999999998956,4.911525894168851,5.7687258222844795,2.9663237514578973,0.05360188222176134,-0.06672815590201572,-3.204369939126762,-0.011228089808286667,9.79025243227193,0.002512055984925169,-0.02569374233738039,-0.0029465014292146927,102.32683803136666,0.09934205576146951,1.46121756464131
1.9799999999998927,6.709928403905408,6.050088757921421,3.0393469619303097,0.06358851630345068,-0.09395188589318888,-3.2767791583951325,0.008521021662115588,9.755554576898707,0.003342393491808275,-0.02429048109975253,-0.004070830001159465,102.36908343606271,0.10112653341503165,1.4610331969837687
2.0039999999998903,8.358317570391222,6.309890651502868,3.036150495005039,0.07384182308049937,-0.07715012411256379,-3.273530297244436,0.023010054054261705,9.76633971683765,0.0038782329203666155,-0.02298887875007588,-0.00511870360803167,102.40990729984918,0.10285533115500015,1.4608820705081527
2.0179999999998888,9.304719948583742,6.4613556033137804,3.0260369556211764,0.07968612782080463,-0.09539924405315897,-3.2735351199673994,0.03237499343454657,9.755560419253857,0.004112423296804952,-0.022232648876272226,-0.005759790568804859,102.43453121265581,0.10390353881978474,1.4608023161901573
2.0399999999998863,10.786274913764094,6.6992452065419545,3.0202392812654235,0.0903127183316362,-0.09979551879874826,-3.2744599303768966,0.04465996044777735,9.75332832818833,0.004378728229254905,-0.021037904706288798,-0.0068155758703830885,102.474431356499,0.10561446668505357,1.4606891016182721
2.0569999999998845,11.944729300345996,6.883310902400318,3.0328642834495207,0.09846812426175819,-0.07999167681387635,-3.278283816365496,0.05143098632285687,9.76004719796912,0.004538623907270172,-0.02015587438271281,-0.007689213920710903,102.50627191355315,0.10699292321574265,1.460611356551463
2.071999999999883,12.987082998249507,7.045679493738559,3.0334253817202277,0.10618534885136623,-0.08083253955045634,-3.280165893498992,0.05814006855069473,9.757482900665261,0.004653378667200925,-0.01939725204227743,-0.008508375713160385,102.535096509245,0.10825198500140175,1.4605494067429197
2.0819999999998817,13.695474999895135,7.1540523511507415,2.978227182022349,0.11080136087459531,-0.07329290683302515,-3.2356429533958044,0.0627407171925584,9.774387270498066,0.004722398475514084,-0.018916717707418183,-0.00908074478040141,102.55469317407703,0.10911439622501602,1.4605113124306386
2.123999999999877,16.799751401010493,7.608549291190755,3.016580810333862,0.1339716180786016,-0.07684761105881735,-3.27109516411876,0.08073832123117541,9.75975804423536,0.0049535114629205065,-0.016929484822531926,-0.011722920471342515,102.64031629433552,0.11294784840325328,1.4603781658790929
2.1459999999998747,18.503121775135348,7.84673392558035,3.0405299604447937,0.1461420292935265,-0.08675109473010645,-3.2932143756688035,0.08985956749158718,9.744042058201549,0.005051913978638305,-0.015965133407926043,-0.013257543523886833,102.68730419306758,0.11509925702398457,1.4603237555345205
2.1659999999998725,20.087923343454843,8.063575026204838,3.0086572310859916,0.15666555288337022,-0.10178915224258868,-3.275294459323117,0.09973223917098917,9.740555772522463,0.005132702700878571,-0.01516363988798413,-0.014738705189597618,102.73129581855036,0.11714559095137556,1.4602819374368765
2.18999999999987,22.02502231757992,8.323835402660025,3.0481308587714024,0.17044523509906168,-0.109334381017968,-3.3102926804532364,0.11034905771814632,9.724433376157814,0.005215221114381695,-0.014233637380190416,-0.01661871873008186,102.78568870412462,0.11972003462697797,1.4602403792378076
2.215999999999867,24.15486779889344,8.606009914163295,2.975357760163093,0.18366360737452836,-0.07373343626623031,-3.243312472243815,0.1215851984850844,9.762339455101662,0.00529588486699944,-0.013281805894059329,-0.018775967571283532,102.84658629493585,0.12266211034703137,1.4602054264737323
2.249999999999863,26.97017882161835,8.974615712508168,3.026549354305864,0.20313074169115017,-0.11286116653563645,-3.298353811335331,0.13793396089072668,9.722611109070131,0.005390490911677794,-0.012088927666409873,-0.02177580419307602,102.9293132750597,0.12676278127674234,1.4601741147646747
2.27999999999986,29.544750567486773,9.300339011119954,2.993870258680669,0.2253741151065832,-0.10382422539596557,-3.271150309865618,0.14627383180289327,9.733633645612738,0.005545859689577075,-0.011140334283927142,-0.024616902632757877,103.00521683795711,0.13063280587700815,1.460157686333209
2.289999999999859,30.482103022879702,9.408958518142429,3.0516890110675376,0.2366978086102522,-0.11292537331986881,-3.3194097400814315,0.14581679499352515,9.713094457508028,0.005707732668767455,-0.010845478382577975,-0.025659542665882003,103.03112381475665,0.1319769556750152,1.4601542288049048
2.295999999999858,31.060972508866698,9.474262242616602,2.994245088622347,0.2412117872028705,-0.10297554290543251,-3.271668790012684,0.14704042860338543,9.73266576438344,0.0058324786258168474,-0.010682653513276527,-0.026314601029909436,103.04681350214001,0.13279649577356784,1.4601525672459283
2.3289999999998545,34.387589317998255,9.831689047265936,3.008547201247368,0.26913060032615577,-0.11402010366669442,-3.2888203264289437,0.16494566641658368,9.720801150773534,0.006588854666665006,-0.009635805624086103,-0.030180095098918853,103.13505212260729,0.13748248381060274,1.4601506246962568
2.360999999999851,37.70312076526931,10.178981890120555,2.9936203270816,0.2942550487010265,-0.10606799007478601,-3.2758605855287737,0.1904935556182089,9.727367300652716,0.0073128454949332455,-0.008795275838275954,-0.03418623496104217,103.22375786732094,0.14233065856750304,1.4601588342615346
2.4099999999998456,42.64686265006927,10.71065073595153,2.9726680038136495,0.33034009891404464,-0.08347994100049613,-3.2508199887796105,0.23362294639253456,9.740701303613347,0.00803722386753427,-0.007631101264268361,-0.040570842722855605,103.36557563088267,0.15039800919051488,1.4601851663050913
2.423999999999844,44.00257256518021,10.86237026384459,3.032445330017,0.3426229180621179,-0.0820940122397889,-3.29865575426983,0.24677425202672365,9.72804150345993,0.008138918032093474,-0.007307697850558803,-0.0424265833657539,103.40742330565536,0.15285923065417237,1.4601953311040823
2.451999999999841,46.63894960408288,11.166373644036657,2.981053110189495,0.36152779655361467,-0.07611650889957687,-3.255271177634272,0.27118245823733395,9.740067588586632,0.008233727071965775,-0.006767245647036519,-0.046170018078695516,103.49288835246112,0.15800740871352728,1.4602179968567963
2.4849999999998373,49.64265079307545,11.523840527937063,3.0373061285994427,0.38773510427749364,-0.09820608712816328,-3.3092796218944134,0.2984130376429641,9.712810655337266,0.008215620401186067,-0.00611667176535436,-0.050657041930347715,103.59663957023626,0.1644847008665858,1.460248036027076
2.498999999999836,50.89690125850901,11.675894446772846,2.968026544297112,0.396502512544285,-0.08900616863486122,-3.25183254804924,0.30844636340355064,9.733505743118947,0.00820784551242075,-0.005901311464911237,-0.05259541484915754,103.64164288791848,0.16737385350869316,1.4602613900937025
2.5399999999998313,54.53011504447603,12.120062575049484,3.038361260482595,0.43206763181278196,-0.09608162625924442,-3.3097485314170876,0.3369481382308039,9.709991096483462,0.008226948958025185,-0.005208308202111053,-0.058420695503374816,103.77681744916923,0.17634570409909966,1.4603018249192623
2.55099999999983,55.4953260310131,12.239785231762127,3.012872797976125,0.4410089606015532,-0.07807695052752765,-3.282822924411267,0.3442631288591188,9.725631190945943,0.008263753707728227,-0.005094905667601935,-0.06002489177335143,103.81394034168687,0.1788873774048953,1.4603126701483424
2.5729999999998276,57.41008512100369,12.478372895824776,2.962566790470425,0.4565427039472274,-0.08808007724698345,-3.249678899741942,0.361135071442543,9.73230305214546,0.00834977659331148,-0.004801875798462843,-0.06327422706034251,103.8892729819548,0.18414875207042855,1.4603338106009052
2.577999999999827,57.84227794567165,12.532520346899654,3.023972694589171,0.46321644796048317,-0.08904562036673062,-3.2989196595282437,0.36469442288885323,9.717988038329862,0.00837237971029564,-0.004727503450436014,-0.06402053864349083,103.90659584189804,0.18537835002424094,1.4603385854674296
2.5909999999998257,58.96088023477433,12.67337725225983,2.9602257926302302,0.47195296553452704,-0.08182627849723008,-3.2457021636494483,0.37438225752030424,9.735498074444465,0.00844198682276479,-0.004536014648955637,-0.06597221000365351,103.95198471934042,0.1886353023371121,1.4603512366943705
2.624999999999822,61.83455325715096,13.041889421293392,3.0363187679228694,0.5027955577851577,-0.09644112540981284,-3.3107926978612356,0.400910314266612,9.706711960224323,0.008676096054745841,-0.0041085407081240585,-0.07115627838751232,104.07308047311162,0.1975754977215026,1.4603835321007883
2.64399999999982,63.404778768550024,13.24791143867344,3.0323312080266445,0.5186236400608668,-0.11047130751571028,-3.311973958331874,0.4172299581374529,9.69686467072124,0.008830298294768188,-0.00389452633370406,-0.0740933847637525,104.14225401689573,0.2028477427089127,1.4604011632053753
2.659999999999818,64.7043507146605,13.421818834702497,2.9596689052255627,0.5300329047768423,-0.08582833023953337,-3.249216277540678,0.4307465665422839,9.730962191811228,0.008974387507996836,-0.0037559237733440724,-0.07658624993426094,104.20134067400768,0.20744739774678062,1.4604154531110856
2.6939999999998143,67.39194208873884,13.790365837954834,3.0250633812564285,0.5617565738127213,-0.11038284729546721,-3.3089190333187917,0.46131613765113577,9.697997559544858,0.009281929664991913,-0.0033834384053195166,-0.08192377621877277,104.3294315546932,0.21772678625920613,1.4604449118382758
2.707999999999813,68.46702311213188,13.942506362192406,2.979016237000521,0.573441247572245,-0.07782593451945757,-3.2633977925032966,0.4735886190114916,9.730166274578083,0.009415912986096142,-0.003259969522906935,-0.08413493885704901,104.38317456916364,0.22216672069602922,1.4604568754955707
2.7399999999998093,70.85187634933078,14.289101743385041,2.9506010705851327,0.5999546244266217,-0.0843726073150677,-3.244677364196949,0.5040060446466047,9.731833796996213,0.009709574409945841,-0.0029064707682805928,-0.0892032879257007,104.50820078642117,0.23279047066927505,1.460484649093809
2.770999999999806,73.05972906795134,14.624890706647635,2.9547729544649313,0.6276714910138286,-0.09750233665841186,-3.2522803299333303,0.5346260484452414,9.720341364459818,0.009983225628239138,-0.0026005052962270485,-0.0941234368565581,104.63221511623655,0.24374132395131332,1.4605115338041967
2.797999999999803,74.89590264756407,14.917702466802073,2.9811843921424344,0.6541914382042768,-0.07851685011523898,-3.2678134038524207,0.5609705880291246,9.725978917293498,0.01021402605819019,-0.002386353746354827,-0.09840717976620883,104.7425452165442,0.2538351052308793,1.4605344887079446
2.833999999999799,77.22097709433025,15.30735647714445,3.008255704328722,0.6869144830269553,-0.11019632292866996,-3.29950095013966,0.5978214622665491,9.696940677936206,0.01049644577719764,-0.0020631497029228807,-0.10409587149725806,104.89300164417811,0.2681414097470399,1.4605646291848575
2.8559999999997965,78.57066329289407,15.545886732240016,3.0169667355281997,0.7085427241340928,-0.09098879674332541,-3.3025137888027585,0.6203214092318625,9.708684506516153,0.010668106235833665,-0.0019071233028540627,-0.10755890063920402,104.98682843253586,0.27738345744989984,1.4605827239316203
2.886999999999793,80.38520327906512,15.881869364460403,3.016964628606758,0.7372465010231644,-0.08766535250196077,-3.301128632004647,0.6520089795257114,9.708601315334308,0.010903872134030549,-0.0016901393875576464,-0.11241099263645224,105.12145606125974,0.2910798565163777,1.4606080079937303
2.896999999999792,80.94757603697431,15.990373632687687,3.016491678395127,0.7462620004261606,-0.09045276609172664,-3.3026335510610374,0.6625947468969494,9.707303034799269,0.010978857091818396,-0.0016413971328995223,-0.11396791112013543,105.16548706648696,0.2956716394936898,1.4606158604411312
2.91299999999979,81.8316154594523,16.163712073300285,2.9476237226534314,0.7579804259747231,-0.09481891713747906,-3.250966279483738,0.6797298673615075,9.720301231503472,0.011095150184370654,-0.001517538123463705,-0.11644814522235243,105.23654726498089,0.303199742931313,1.460628400674316
2.958999999999785,84.21615095455115,16.66181923291263,2.9951861383015057,0.8035679870491077,-0.10747839604516364,-3.2925171011944676,0.7283932754785057,9.69840440114534,0.011438635257009272,-0.0011712809220487076,-0.12352059898292118,105.4450216632546,0.32613041433481793,1.460664963967263
2.9719999999997837,84.85091502361686,16.802699742583037,2.9996958131959293,0.81715312276176,-0.0916282451487582,-3.2934905029791586,0.7428189707031563,9.709691245201244,0.011536986985859556,-0.0010829708686999127,-0.12550129222680456,105.50505920888008,0.33296980156656963,1.4606755095264894
2.9999999999997806,86.17580581819303,17.10588712732009,2.9564834014677297,0.8419017449602066,-0.10278251450588301,-3.262846531359366,0.772583800396864,9.710256451253567,0.011766041943644032,-0.0008885890628782439,-0.1297411878151118,105.63604395978108,0.3482606024767345,1.4606986186108974
3.024999999999778,87.2919550340653,17.376563816186643,2.995971118494174,0.8686271576259589,-0.09873469398718487,-3.2933894362058824,0.7998319538991534,9.703256673758753,0.011977699696404758,-0.0007182655602349002,-0.13349325665148842,105.75492213200856,0.36257902362616895,1.4607193519610797
3.0459999999997756,88.21446057489344,17.603967831005107,2.986023430353221,0.8904690586739558,-0.10624283136426886,-3.2879326525459227,0.8218965784695965,9.699273728183297,0.012192976056207061,-0.0005807393212139293,-0.13663080469759326,105.85618209497636,0.3751084818170112,1.4607366833133086
3.076999999999772,89.54942580349149,17.939831430752303,2.9486236321621204,0.9226354996092698,-0.09832938596587626,-3.2575753860669976,0.8549335565984324,9.712796539037527,0.012620805630249022,-0.0003920947607328417,-0.141284417806902,106.00799530378758,0.39446997336433287,1.4607619976559079
3.088999999999771,90.0542235051325,18.06964960989897,2.9501570931513674,0.9359303057278334,-0.1026884207931427,-3.2608057387171985,0.8688957789127907,9.709503622622938,0.012799299710475729,-0.000301035375687721,-0.1430896783423045,106.06750739983534,0.40224942635378225,1.460771594188608
3.1199999999997674,91.34772086524644,18.40533916362018,2.9555734971278196,0.9736748709665856,-0.08865360280722423,-3.2620377352672567,0.9049975387489148,9.717126188393092,0.013324326147616007,-9.592793709150334e-05,-0.1477715781633559,106.22316753920927,0.42310565935588673,1.4607961348961882
3.1529999999997638,92.68493095588875,18.76224980879485,2.975589904121623,1.0142677835867844,-0.09365088671702429,-3.2799462690118384,0.9465636404558433,9.70778346515587,0.013935599093093196,0.00014369890310433962,-0.1527815177629162,106.39190321635702,0.4465506380432442,1.460821952189739
3.168999999999762,93.31340312336258,18.93537539116212,2.9407615583214946,1.030953585556098,-0.09333071350804158,-3.252567446957781,0.9674159902951311,9.715034015402084,0.014228323722751823,0.0002501919718764457,-0.15521052774271188,106.47483680265547,0.4583958968924763,1.4608340404142264
3.1989999999997587,94.45163981876331,19.25996571740056,2.977450650135036,1.0703260970655124,-0.09708247895650284,-3.2831876477362667,1.0093045570372117,9.702892688381278,0.014747479709463872,0.0004323954471928146,-0.15975684964909107,106.63230610798558,0.4814773836349522,1.4608554229798465
3.232999999999755,95.70067076558045,19.627934135280594,2.9700755457658876,1.1130979033824502,-0.10487890227837174,-3.2801500050646912,1.0563258021541935,9.69755773435413,0.015281564528937364,0.0006246369745862879,-0.16488074941480593,106.81386456839728,0.5090610263713867,1.460877646395621
3.249999999999753,96.38813388463969,19.812171607990724,2.950672385637999,1.1394383826154109,-0.09274311831432096,-3.2625846927421414,1.0760214777517758,9.710523947952266,0.01562099726047475,0.0007015764549594903,-0.16747964557125616,106.90587174146701,0.5234406495242563,1.4608878866217174
3.287999999999749,98.03960322558154,20.22314517397486,2.9353622532812036,1.2006279495464525,-0.09575043820868347,-3.253338925617262,1.125004588295956,9.711194969652702,0.016772416901503297,0.0009539833255939039,-0.17360712474247622,107.11448032237095,0.5570484383109389,1.4609099935084984
3.296999999999748,98.4283486703995,20.32045330542259,2.951078537451809,1.2159323116620935,-0.0953627183086111,-3.265703079610118,1.1400861665503776,9.70731245472196,0.01706486616656278,0.0010152270891262939,-0.17510927780202049,107.16448151299434,0.5653120660974242,1.4609151455361653
3.3299999999997443,99.80120708135604,20.67706119809243,2.95474323264094,1.2652768082981285,-0.10202614349635562,-3.2711260658446824,1.1998227169019742,9.69999542780735,0.01799375237479841,0.001248269820625239,-0.18063997918798744,107.34975544460436,0.5966438751009462,1.460933684879927
3.359999999999741,100.94314979813464,21.00150582768668,2.931386988445051,1.3068247941175284,-0.0961299863805746,-3.2529701528022787,1.2579677901948465,9.709220972229886,0.018561841201423627,0.0014286692627418385,-0.18559638107382284,107.52081388445379,0.6265842720813478,1.4609495558453816
3.36799999999974,101.22848694533802,21.087518251199228,2.9108006627419116,1.3178578149096654,-0.09506879836050139,-3.2409384176937803,1.275501260077049,9.718847610467916,0.018647677446932385,0.0015397534188618062,-0.1868920102246542,107.56684949281818,0.6348108667622517,1.4609539942730052
3.396999999999737,102.249681936414,21.387297466055546,2.696768511310699,1.352460132757244,-0.09824964931562682,-3.0941197073462496,1.3378867707718538,9.785733412933286,0.018578776080786605,0.003336692496455386,-0.19140313950185855,107.73517204567905,0.6655124660902345,1.4609890255203957
3.4209999999997343,103.05818013996804,21.62175484371036,2.614403894788946,1.385033356735695,-0.1102723903781401,-3.019505062855594,1.3816793338790967,9.78130874295957,0.018246421554604462,0.005983120738487512,-0.19498560490420924,107.8761147897719,0.6919853010763175,1.4610635381583175
3.433999999999733,103.45355160496294,21.746900261563535,2.601668636139673,1.4013347793770146,-0.11419097476686849,-2.9954318788727665,1.4046065101342833,9.765216616109647,0.01800346041872015,0.007308283300174988,-0.1968948091575753,107.95305832339285,0.7067360511297862,1.4611217215628922
3.450999999999731,103.93239716922385,21.90994455271414,2.591333454471741,1.4214727826632614,-0.1166053633585944,-2.967168346084339,1.4338586485723408,9.743853347347036,0.01760513640613282,0.008722053423668732,-0.19934708091209438,108.05430104459364,0.7264698208981728,1.4612114031644283
3.485999999999727,104.83082573359933,22.244272496731313,2.580412072993215,1.462995008408504,-0.12137406177257992,-2.9208431068515903,1.4859959833016083,9.702370843073412,0.016682116009550146,0.010469643938057572,-0.2042263095219146,108.26492791601471,0.7687178663511403,1.4614191465245185
3.496999999999726,105.08755074279377,22.349334479552248,2.5840699249096093,1.4758496100157659,-0.12155048793681804,-2.913926032482694,1.5008360700341994,9.69135902959895,0.016385726291364516,0.010721795100828511,-0.20572063894206,108.33172307243434,0.7824548840398761,1.4614844932690438
3.5029999999997252,105.22164151607944,22.406736244058308,2.58779089300575,1.4827780785841334,-0.12124846214267192,-2.911936428735346,1.5086135561377674,9.685822291347595,0.016227791383409376,0.010800831001320833,-0.20652917425246506,108.36827620241945,0.7900417945068804,1.4615192107652986
3.539999999999721,105.90685378296033,22.76370447056648,2.6315920983805183,1.5216318673212141,-0.11301015835950508,-2.9243382695623374,1.5558616874225812,9.662111170674514,0.01532456887285141,0.010439526781734234,-0.21140714125611632,108.59554123687536,0.8383174314503623,1.4617070687209097
3.5639999999997185,106.03453521772643,22.99913325994758,2.6699244136815112,1.5331486320997074,-0.10273650716550489,-2.9485888288454074,1.5945141482229588,9.658349282162638,0.014546526840764278,0.009564983617455345,-0.2143065421919359,108.74466131685737,0.8710317271686348,1.4617960087478197
3.596999999999715,105.95755989333286,23.32818170137865,2.720366226771107,1.549871615984672,-0.08671443132607726,-2.990088534563434,1.6352899282126427,9.666154789098911,0.01304357269371666,0.007926184826717246,-0.21764159524455307,108.95190153978167,0.9178749598805911,1.4618724231787095
3.6269999999997116,105.78969789270641,23.632434308078086,2.7620933279639046,1.5697979909565194,-0.07345735791381432,-3.03110749675309,1.6545044922552363,9.679395261054786,0.011869437596245931,0.0062968751856282545,-0.2202510303169592,109.14252965456485,0.9623803229870891,1.4619037559543044
3.6299999999997112,105.76897153198875,23.663104564880737,2.765897399524181,1.5717682047503527,-0.07230838175291779,-3.0351440665544627,1.6560077524467265,9.680832209706265,0.011773247032795673,0.006135825000781773,-0.22050004042176935,109.16171001111752,0.9669330518408599,1.4619053842058396
3.6549999999997085,105.58771508426078,23.92022418808127,2.7945556067695074,1.5889050944101097,-0.0653493841026045,-3.0666426652569094,1.6656254155071686,9.690892127656904,0.011154091243633077,0.004838835615000491,-0.22252569256833757,109.32238267632277,1.0056034063512522,1.4619116681569893
3.6829999999997054,105.35894931582521,24.217422254621603,2.8872607694794583,1.6110735083546233,-0.056534181755133195,-3.1439569982086994,1.6741930613266172,9.682619025715123,0.011025579035800061,0.0027380343729007457,-0.22479959225847773,109.50413292919045,1.0504811453997849,1.4618995027088124
3.6989999999997036,105.24768266987046,24.387362970294866,2.8563230897075136,1.6225788146948559,-0.05801812334905753,-3.1376719935225967,1.6838687103869423,9.706745861577684,0.01105653635833612,0.0018860015279991871,-0.22606475129911535,109.60885662893143,1.076879723918521,1.4618840307636607
3.7259999999997007,105.11400881104228,24.67085717923086,2.817495510483171,1.6485434346475052,-0.06378878553457669,-3.1289195660363163,1.6988015779985521,9.73153547508991,0.01139833832731417,0.001332384643612953,-0.22819703345313352,109.7869949885411,1.122684691310517,1.4618632764402038
3.7539999999996976,104.97563759919285,24.961122034778622,2.7799653095325425,1.6748686348787567,-0.07392452378264193,-3.112047664594383,1.7215124707381102,9.741655862730061,0.012030850347803827,0.0015839614428451191,-0.2304366338713908,109.97359226269151,1.171871842072125,1.4618642739595316
3.7649999999996964,104.92566642100087,25.07414864880645,2.765153409068335,1.685702672988299,-0.07840736145948847,-3.1028761493399726,1.7319246978353156,9.742499817649225,0.0123149111619976,0.0018371107638287159,-0.23131583916284432,110.0474108840571,1.1916701934086729,1.4618729696222819
3.775999999999695,104.8791090682624,25.186602240522653,2.750097267626211,1.6969923664156563,-0.08296574793356523,-3.092343472814149,1.7428957859200787,9.742097365965567,0.012615175197042701,0.002151259507821761,-0.23219355907377173,110.12151559140166,1.2117388093750932,1.4618866076476995
3.8099999999996914,104.74304070598045,25.530448888147916,2.7015718176221157,1.7333050647706234,-0.0964900705070393,-3.0525136239445185,1.7806201160115152,9.735982290785211,0.013615650435148861,0.003375093711435141,-0.23489302369306292,110.35235009773267,1.275495391383231,1.4619587910092777
3.831999999999689,104.65356102502261,25.749798556377254,2.6684602446538257,1.757252698407833,-0.10402241969215517,-3.0221388136960052,1.8079733153037647,9.730385612687702,0.014270858125790747,0.004280042585522062,-0.23661707690374675,110.50312286472214,1.3181572444310985,1.462026964584136
3.8469999999996873,104.59095387785138,25.89787572927021,2.645138563954845,1.773778655915666,-0.10839180853820855,-2.9998672156934307,1.82757921894504,9.726587147226205,0.014700870348443982,0.004919726195400749,-0.23777654067108217,110.60654332501747,1.3478875972475115,1.4620814529260437
3.885999999999683,104.41676679881616,26.277019030230193,2.5820665969711336,1.8170791889611673,-0.11658390121924843,-2.9375768705625416,1.8810382373888141,9.718304769715669,0.015704509047838273,0.006607739497606697,-0.24071601137835272,110.87773069270774,1.4276611481548862,1.4622466507722507
3.894999999999682,104.3734755388914,26.36327666475392,2.5671115910400686,1.827062112377155,-0.11783453463421625,-2.922510396909982,1.893730496275158,9.71683012867759,0.015905398314293082,0.006995969155911348,-0.24137703355980894,110.94077202621213,1.4465841454255206,1.462288565428498
3.9349999999996776,104.1658944386685,26.740835590460772,2.4986766868024035,1.8708168277341177,-0.12191864671873989,-2.852044323846946,1.9492484399128898,9.710598590827825,0.016663113598528977,0.008672057848340804,-0.24422812716523912,111.22296875487162,1.5330549592017386,1.462486268523752
3.956999999999675,104.04062768029662,26.944337304823478,2.4602867595149043,1.894364436173725,-0.12258138003102168,-2.8120188956285492,1.979820553218938,9.708538922554121,0.016972726212028576,0.009553756017291195,-0.24573503539075986,111.37953576034808,1.5822826201255404,1.4626003095575635
3.9929999999996713,103.8194117564822,27.270915402053042,2.3973575608311113,1.9326083043479176,-0.123282148290988,-2.7466977075236936,2.031721086583452,9.706373842615129,0.017268791196616607,0.01093439045155949,-0.2481071681254752,111.63772569658313,1.665433243172088,1.4627910418170353
4.018999999999677,103.64943264901875,27.50183786404291,2.352469005690493,1.960420863261375,-0.12328397832740984,-2.6997589887897337,2.068621133665906,9.705375071830407,0.017292388786827248,0.011902118820337988,-0.24974749407567412,111.8256715789786,1.7275187540263062,1.4629301098783296
4.033999999999682,103.54594997919472,27.63319667302307,2.3267319160660684,1.9761970701557368,-0.12293168755866661,-2.672611445036384,2.089384499209827,9.705054423043133,0.017247108687010505,0.01244601833099411,-0.2506679045636297,111.93464363046108,1.7641221475415882,1.4630103275635247
4.0629999999996915,103.33441235696986,27.883308825796426,2.2773391092114044,2.005706579561199,-0.12146168744089797,-2.619925280954978,2.1282512374055598,9.704910847145182,0.017045572706193887,0.013459569016171055,-0.2523921480907769,112.14640705223682,1.8365338715342816,1.463164713079696
4.085999999999699,103.15965348202232,28.078094711542033,2.2386406101526863,2.0283901219866873,-0.11960919147876271,-2.578064619876655,2.15744146506666,9.705154912968155,0.016796073565123283,0.014218754840675647,-0.25370748571373647,112.31533774917467,1.8955200096440163,1.4632861001488635
4.121999999999711,102.87655687457627,28.376709186024605,2.1790609064111615,2.0625857184878025,-0.1157256007131692,-2.5127085733121763,2.2001213913636737,9.706046089224277,0.01629964606321732,0.015308032682488032,-0.2556802203709356,112.58140908920892,1.990639840753638,1.4634736944353077
4.14699999999972,102.67476706784258,28.5796507076682,2.1384894694773946,2.0853900114400457,-0.11248723293240388,-2.4676611000446473,2.2277671254626674,9.706966683493965,0.01590928732930798,0.015983197721293745,-0.25699275811238353,112.76731487496583,2.05871962468681,1.4636021268621524
4.174999999999729,102.44485970193084,28.802713436481945,2.0938504616206775,2.1099317655023557,-0.10850396123771024,-2.417721458163028,2.2571223215321616,9.708260089908377,0.015452169146843612,0.016654000524533516,-0.25840962029929654,112.9765752886432,2.1369560193156025,1.4637442678405284
4.199999999999737,102.23269723004304,28.998141069086135,2.054253212648,2.130869736806295,-0.10477282702957998,-2.373383484538817,2.2821797057389603,9.709747499356194,0.015036429416432759,0.017177694778049243,-0.2596251143129555,113.16430424625989,2.2085961222566635,1.46386989740211
4.215999999999743,102.09409308010774,29.121381008557442,2.0293208678721406,2.143887791934007,-0.10235364452029241,-2.3453299271825725,2.2976263394319307,9.710711390324335,0.01476927472515607,0.017476737682321893,-0.26037663381432063,113.28487168876359,2.2553349610318376,1.4639498420860961
4.244999999999752,101.84283840733102,29.341162178585318,1.9846560901911914,2.1671726090279506,-0.09795610595840118,-2.2949931467640385,2.3242141282825775,9.712574269821953,0.014301887422465734,0.017947369460608154,-0.261690127137906,113.50419883034745,2.341826865562241,1.4640942321265322
4.259999999999757,101.7117513713126,29.45304603266015,1.961970417281233,2.1789409695124147,-0.09572624238768848,-2.2693356797981177,2.3374760112584805,9.713501284110468,0.014074638898195518,0.01815577941970501,-0.26234751950168034,113.61803122828839,2.387466655882572,1.464168848918856
4.285999999999766,101.48110970285396,29.644139830038036,1.9234516388319052,2.1987754208766472,-0.0919485363401163,-2.2256020866369592,2.3599906562011688,9.71501804189548,0.01370334699273949,0.01846013865698623,-0.2634520362877237,113.8159354029818,2.468039564932022,1.4642984081833592
4.308999999999774,101.27350095933441,29.8102450945676,1.890187982463971,2.215826135794245,-0.0887301594321442,-2.1877233923808594,2.3794543483594444,9.71629213221195,0.013396276994777176,0.01867004145610176,-0.2643906941693132,113.99160371099829,2.540868853237066,1.4644135377377083
4.347999999999787,100.91292690240573,30.085697071877533,1.8341258134863365,2.2437350525854174,-0.08362670405267582,-2.1243980933860405,2.411565606437889,9.718789623334429,0.012917784812507348,0.018914150525587772,-0.26589580056392764,114.29067585624682,2.6677097812188224,1.4646107378739888
4.348999999999787,100.90352670359228,30.092657586730077,1.8327099412644525,2.2444349508549504,-0.0835056071615409,-2.1227991861596798,2.412375681289073,9.718848494326583,0.012906130611505851,0.018918838610291536,-0.2659329181037887,114.29836321058667,2.6710176618684667,1.4646158399544689
4.366999999999793,100.7327827034833,30.217088498026712,1.8074930605987858,2.2568970674818085,-0.08139797861542664,-2.0942824700971094,2.426851368108823,9.71983842166001,0.01270086551248381,0.018990009490565254,-0.26658824250902763,114.43688877091694,2.7310357053089414,1.4647081622155955
4.394999999999802,100.46100245687123,30.40746745678556,1.769212242760931,2.2757648671349653,-0.07839614326184835,-2.050895587498069,2.4489798259019415,9.721154194220329,0.01239556008819875,0.019051774829715633,-0.26755869875886523,114.65292612559288,2.8261940840653166,1.4648538143235366
4.414999999999809,100.2625682763886,30.54113645233029,1.742555852285918,2.288896864155381,-0.07645373150003991,-2.0206444825994394,2.464455890617699,9.721959326792181,0.012185598054381946,0.019060741118080253,-0.2682147974440846,114.80762620007381,2.8955073238131845,1.4649595454767943
4.44699999999982,99.93974997055592,30.75109677612393,1.7009535285756927,2.3094487867293783,-0.07369001473998611,-1.973476752417435,2.4885190888288187,9.723104348247123,0.011863774614518638,0.01901933475515821,-0.26920170434344043,115.05576737580554,3.0087433574183287,1.4651319024208733
4.4699999999998274,99.70509903121408,30.899100175004023,1.671778030785957,2.32391973956387,-0.07196419186858471,-1.940483215721992,2.505273299573534,9.723849842018844,0.01164532432608563,0.018952226625073593,-0.2698663326142387,115.23455527993666,3.0919113098028985,1.465258336672228
4.488999999999834,99.51038261321285,31.01956920107388,1.6480972908948617,2.33569783925026,-0.07070347285106976,-1.9137766789521962,2.518800020275267,9.72442310041834,0.011473996798972682,0.018876726198600213,-0.2703895445420379,115.3825030551435,3.161740442719322,1.465364457013554
4.4969999999998365,99.4283043095952,31.06981376979743,1.638234496566695,2.340612810424616,-0.07021738866948472,-1.902675435999479,2.5244165804125207,9.724652582748481,0.011404437826159339,0.01884016072433922,-0.27060330421689544,115.44486149528893,3.191447171514321,1.4654096022952159
4.525999999999846,99.13108230354985,31.24959454078861,1.6026373421227342,2.3582147980253,-0.06865814710536801,-1.8628805188000297,2.544413486234537,9.725561751956377,0.011165525561888158,0.01868867768009571,-0.27134809542910066,115.67121018302068,3.3006513058990032,1.465575607099674
4.555999999999856,98.82737072178182,31.431026893391103,1.5250963622194331,2.37462132584675,-0.06193374847709351,-1.7947002467330853,2.563152751140983,9.746173466816652,0.010955031748556446,0.018607932061144118,-0.2720650700368333,115.90581450285086,3.416127312565037,1.4657520432611544
4.579999999999864,98.62573844224718,31.562591266610056,1.2711315122440319,2.379826664237258,-0.0602181178855565,-1.6087868748650738,2.5754073795576695,9.823691256744329,0.010815460005630733,0.019832304962282693,-0.2725226800812688,116.09376791087738,3.510334436029631,1.4659114681441023
4.5899999999998675,98.56480489164376,31.609635176623883,1.1115263435472909,2.380151544922041,-0.06405673089055118,-1.4907539099636504,2.5791818225856877,9.865659562221017,0.01075395468464006,0.021107675393954646,-0.2726671012981601,116.17212718359899,3.5500575990795182,1.4659924366588886
4.620999999999878,98.44104601019107,31.712158999494303,0.4572569348624036,2.373000980244944,-0.09917470206143354,-0.9836824690794064,2.5875089344288544,9.993184054027665,0.010474816341305676,0.028823348718668054,-0.2729510766275038,116.4150466292888,3.6748859321662506,1.4663510704267992
4.6259999999998795,98.42723460024625,31.721416498323325,0.33354850255560875,2.3704753565302044,-0.10815876335631694,-0.8834304814816277,2.5885007323230416,10.010356081648927,0.01040185708241563,0.03062500606174592,-0.2729747342954642,116.45420689901951,3.695248588474061,1.4664294163755334
4.638999999999884,98.39726202909534,31.734820101667644,-0.002075636073503584,2.362473239348436,-0.13562437018743057,-0.6041368102006031,2.5907302079204313,10.04632307825809,0.01015070872925503,0.03599567850159489,-0.2730085573216876,116.55596316361,3.748472895986098,1.466665868787423
4.674999999999896,98.34316996409652,31.687212258967094,-0.9682720046032225,2.3313907247363916,-0.2333279156004881,0.26513286678993386,2.5927625935096117,10.06490983277076,0.0088513528742627,0.05497350862752165,-0.27291275140547544,116.83696787646505,3.897821662549789,1.4675928984778097
4.688999999999901,98.33141160687909,31.633479174422362,-1.3687957820409218,2.314490531586977,-0.29000890115744743,0.6403505182280738,2.590740383239874,10.041939780349997,0.008047802324154677,0.06344023402561703,-0.2727908445883333,116.94577552247603,3.9565959302034575,1.4680621293674454
4.724999999999913,98.23575959865026,31.436672563021606,-1.862029203435262,2.291150101843067,-0.36694320878013287,1.2956429015400415,2.5825151291006234,9.814445561053256,0.005725531198883906,0.08279070827285119,-0.27250223854187783,117.22381633085254,4.109226178067068,1.4694685385100712
4.751999999999922,98.08437525398584,31.264888194662245,-1.792792424631454,2.288896449300488,-0.383612996511928,1.4773736684491288,2.5778608528226084,9.551949542286074,0.0036980839533452352,0.0911874246970848,-0.27229942028549015,117.43036949369578,4.224931027513838,1.4705627905198466
4.781999999999932,97.81214688411777,31.11661221217637,-0.7310524978624915,2.324655269198196,-0.3821724554867231,0.9324285443505386,2.5341510051375264,9.030456490369971,0.002445676197316752,0.0884529621963033,-0.2722113381654115,117.65774762296813,4.35464317859475,1.4715634531548731
4.815999999999943,97.45542197219092,31.079459340204824,-0.38673770619765313,2.3405014324454836,-0.07313320560809429,0.6944879741245675,2.5764469894128226,9.257049244948394,0.003206873534344088,0.0681003778372945,-0.27192938193133004,117.91320253034512,4.503335145404126,1.4720232508496156
4.834999999999949,97.4720644804448,31.05995563281877,-0.3859724976150496,2.3541910120814693,0.03131780597952215,0.6297408022463697,2.591327235248145,9.443459468622063,0.003558910530379978,0.058651866944830065,-0.2712267386867882,118.05503143369435,4.587276069545622,1.4720097120745776
4.844999999999953,97.48192545211509,31.049784617569006,-0.3837625624435703,2.3604607578177843,0.07912414890662355,0.5933309008389012,2.5993359134153655,9.534001520154437,0.0037793148633561676,0.05440369040018168,-0.27081082829396164,118.12941891865125,4.631706196418791,1.4719542300732462
4.868999999999961,97.42409700549503,31.025628117226212,-0.37798519357436455,2.3579784121868057,0.1684042084238657,0.5158703629518901,2.62147426652775,9.712761031378854,0.003969604783891736,0.046086072441528424,-0.2697696590631425,118.30723848307082,4.739058770844856,1.4717489474520296
4.892999999999969,97.26490227435407,31.001814057810922,-0.3728956315812882,2.34111222569408,0.22136104253835232,0.46129644314592666,2.6394581447510284,9.829638831600766,0.0032097887656075148,0.03988894401200839,-0.2686866988382971,118.48407864596253,4.847449312072785,1.4715201120862584
4.916999999999977,97.06101711220798,30.978282087980233,-0.36899338493103817,2.323040783036127,0.24257960676172424,0.4294360170220297,2.6425391502368005,9.890547437714012,0.0015833878646815437,0.035096877283829236,-0.2675919746356759,118.65995939481247,4.9568963962911345,1.4713345782792264
4.949999999999988,96.7489947459995,30.94627319557719,-0.36520790923388696,2.29981623490697,0.23489814614112595,0.4115424072191397,2.6220656050290043,9.90970735354926,-0.0012724522184663196,0.02974879170748699,-0.26617229176155527,118.9002504467895,5.1091196742123755,1.471210079695698
4.95699999999999,96.67975038351938,30.939526590582197,-0.36452373074232025,2.2948187737033834,0.22961763054904671,0.4100517461906695,2.6150091384321,9.907532696851513,-0.0018905006180181933,0.028714218635021348,-0.2658904873744399,118.95099296564239,5.14166616765955,1.4712054579286211
4.979999999999998,96.45106666501188,30.91745545402762,-0.36240148383149084,2.278203781596702,0.20705752454195442,0.407666826465208,2.5873086308741255,9.892003263071958,-0.003817480250495456,0.025445114053606683,-0.26501160899286497,119.11715885438214,5.249230119951639,1.4712423025278054
5.0180000000000105,96.08999285616608,30.881295740922837,-0.35905501710618437,2.2513496468408443,0.16186319512267097,0.40465552607484606,2.532643881198359,9.855480936008506,-0.00633341208155618,0.020342987322367615,-0.26369659686991553,119.38982509259941,5.429011017461355,1.471456536389414
5.022000000000012,96.05399410156507,30.877510753138296,-0.35870404260814326,2.2486175993096835,0.1569982741203711,0.4040765488874699,2.5266554023477634,9.851656397501388,-0.006535434136739436,0.019827051924780823,-0.2635666884592922,119.41839221091877,5.448082496506073,1.4714884247725157
5.052000000000022,95.79818798678949,30.849232792841544,-0.3565111462166452,2.2287130588901203,0.12154981958204804,0.3977034692220475,2.4826918357780245,9.825751050034224,-0.007641259196870165,0.01612614180974031,-0.26263330127375184,119.63183505236638,5.59199445990136,1.471772208997228
5.070000000000028,95.65692001181353,30.83233713138937,-0.3552778142558386,2.21754618034882,0.10161567729966836,0.3919482383871419,2.4580086997188406,9.812973041368638,-0.007969314414222257,0.0140802737988935,-0.26210272047798516,119.75921856419026,5.6790733024070486,1.4719737043346162
5.089000000000034,95.51640857121595,30.81456037772848,-0.3539885577934546,2.206831740100545,0.08186999151756623,0.384261999019408,2.4338371699854475,9.801982348022486,-0.008068769062833443,0.012092250392052691,-0.2615629536362132,119.89312860968428,5.771575263447765,1.472205805740787
5.1170000000000435,95.32321535465826,30.788507708875688,-0.35119574137315923,2.1899376396727406,0.048845226182881014,0.36703106322183193,2.395559696577628,9.786270574745487,-0.007670674634312778,0.009601741980789382,-0.2607971453676005,120.08944962515642,5.908973296557806,1.4725750778693492
5.130000000000048,95.23857895255034,30.77647568547528,-0.3499100614176337,2.182168890462678,0.03487142763154368,0.35898487641593413,2.381566807988179,9.780084503211874,-0.007322757545752486,0.008633363171814087,-0.2604504210252806,120.18018980249677,5.9731966880972065,1.4727544032007862
5.158000000000057,95.07242778769084,30.75069262941735,-0.3472866942033257,2.168137001041237,0.003683559682314346,0.33998387285763465,2.363054216522208,9.767150893869324,-0.006456713109387248,0.006982860260757754,-0.25971074588070575,120.3747582743905,6.112442891370495,1.473150773512357
5.1590000000000575,95.0669156026215,30.749774978734997,-0.34719992552630663,2.1677313482550176,0.002661072648929679,0.33935722764280024,2.3624951695823606,9.766723232906376,-0.006424603479317113,0.006934698008148242,-0.25968442908238853,120.3816852265883,6.117439082305036,1.473165084722699
5.1680000000000605,95.01832436255262,30.741524702823483,-0.3464720480965675,2.1644173702648963,-0.006272028544385754,0.3339044829458699,2.3578114447837164,9.762976667221754,-0.006131994083389285,0.006532015494578047,-0.25944856366523367,120.44396000272631,6.162476279529434,1.4732941023611796
5.208000000000074,94.80279076448161,30.705008535520182,-0.3439088479716534,2.1538281412270885,-0.03891352464031876,0.3143263266344411,2.3443594170766,9.748743224753307,-0.004811722276542987,0.005326604004200932,-0.25843768505293474,120.71926479268288,6.364192183179075,1.47386550831938
5.222000000000079,94.72319619859329,30.692272793261328,-0.3432064237776054,2.1507522152301957,-0.04738339392579383,0.3093813883522365,2.342049529136735,9.744800779110461,-0.0043796126182402695,0.005083505744244794,-0.2580954953692049,120.81505480175457,6.435388256137825,1.4740618094817781
5.244000000000086,94.59519700793385,30.672292827804192,-0.34228815642103694,2.1464440502815494,-0.05779224930674324,0.3034024830661845,2.339835187989059,9.739762770167024,-0.003765234311893561,0.004832090353629062,-0.25756162802651067,120.96498810225914,6.547888802374346,1.4743633585847213
5.279000000000098,94.38539010716508,30.64056470107098,-0.34121384244730935,2.1406536551979,-0.06815902901517679,0.297459992005486,2.34263766535354,9.73456633653327,-0.003010995243201079,0.00465568002599515,-0.25671378116983345,121.202018231571,6.728424702527988,1.474820443052712
5.280000000000098,94.37926966902982,30.63965895851541,-0.3411894496747632,2.140539427466368,-0.06836124682796063,0.2973423631980313,2.3430346730186757,9.73446586691097,-0.0029976039457264283,0.004653426295809673,-0.2566895121427357,121.20876334930428,6.733610900794275,1.4748330358290835
5.293000000000102,94.2668251866176,30.643569557597488,0.342722593838565,2.1617153232111326,-0.08028170963504057,-0.16827752953697248,2.3049920555271277,9.48927740412483,-0.0023704569703271883,0.0027367263251236924,-0.2565414754886895,121.2963271470711,6.801182531327054,1.4749810208534069
5.306000000000107,94.10354281670674,30.667040689249365,0.4456639332592097,2.1582442872554144,-0.045029663034530015,-0.2583801436662384,2.359032851780505,9.510080724899328,-0.0018974350116934165,-0.001106709108554045,-0.25647515783185504,121.38369769391446,6.869058956721214,1.4750846596845335
5.312000000000109,94.03306904485322,30.678861262220558,0.48523491019590304,2.164406359380121,-0.05137753545409708,-0.30523557528751105,2.386120748715206,9.51112793366415,-0.0020194374161862805,-0.002810151348615706,-0.25642656192670515,121.42396037306393,6.900494277181855,1.4751177638963615
5.34700000000012,93.67929419146965,30.814067827489783,1.632388102354125,2.231458558994063,-0.04898161493615627,-1.20934932086812,2.401141921776855,9.248817597105036,-0.002908833215788772,-0.01760069427329529,-0.2563563688746746,121.65817516677569,7.085372946324677,1.4750794646029193
5.369000000000128,93.37728569032627,30.973860387898096,2.2035508421041947,2.2519320245474095,-0.021572308426373105,-1.7359031193545102,2.3974382812201886,9.220216749818855,-0.0023280730255083428,-0.03166109876501847,-0.2565973671064707,121.80509621791668,7.203111817508816,1.4747586433002284
5.392000000000135,93.09698989641588,31.180558871482464,2.6402155911854575,2.2671395961717127,-0.013360891233588109,-2.2197979319574888,2.3952226013938667,9.265714114628178,-0.0013840269497612185,-0.04616063685899083,-0.25683272618654335,121.95870452626208,7.327666448594361,1.4741480683290349
5.419000000000144,92.84999089164836,31.45779000126106,2.84516576409527,2.2767140246622137,-0.0027017994470556667,-2.599624083918318,2.397686321417534,9.44301262119453,0.00013121449009321508,-0.06012479787712535,-0.2570951834168775,122.13927627912284,7.4759863314750845,1.4731177601254113
5.434000000000149,92.7472051195026,31.61810557321465,2.898401207873899,2.2846642497746643,-0.006361372257736166,-2.763341744543353,2.399298090455079,9.544944373130853,0.0010354227900957649,-0.06534737760899631,-0.2572606322417552,122.23978153145944,7.559429519489597,1.4724407690832695
5.468000000000161,92.5478855065905,31.986747254043866,2.912606709562655,2.3043581791546552,-0.021244865978549545,-3.0112356718635556,2.405569518495879,9.750603101799971,0.0032773654436236326,-0.07055833408340911,-0.25783044068219374,122.4682325348724,7.751459688031257,1.470774748254546
5.498000000000171,92.39001745326235,32.308153891959684,2.8362340864212428,2.322978571844838,-0.038350753903739154,-3.097870866022301,2.415538964944636,9.882852570468875,0.0053944749786971405,-0.06868339296149405,-0.25861257772258,122.67063447422704,7.9243315585863074,1.4693057315976834
5.515000000000176,92.30754186315384,32.48559246430629,2.768236973351315,2.3358126987766754,-0.0470594701587496,-3.102499302976487,2.426457648503325,9.938606487515536,0.006573015970745014,-0.06555044126894764,-0.2591797735580315,122.78568332782862,8.023743053949904,1.468526079873953
5.553000000000189,92.1371148375899,32.86477309879557,2.578363279066113,2.369912633487399,-0.06640774549986919,-3.0200524101138537,2.455889570455498,10.007750144635704,0.009213609359751705,-0.0549995080608103,-0.2607481723643919,123.04372451414956,8.24975635460197,1.4670201481498812
5.561000000000192,92.10405931384327,32.94119359523198,2.5382348065696645,2.3779614449012625,-0.07032558670724867,-2.992919520776252,2.4637011625157,10.012766340104266,0.00976405583868457,-0.05238292518427835,-0.2611250880791435,123.09818929332748,8.298002985047845,1.4667528461514427
5.5690000000001945,92.07137713481688,33.016467564185156,2.498985733605814,2.3862673229585583,-0.07395674608175046,-2.963623167731314,2.4720594378560246,10.015023629576604,0.010309604379351127,-0.04969964451069636,-0.26151715592245656,123.15269789855137,8.346479031870757,1.4665041660318248
5.604000000000206,91.93115737013575,33.332709991851665,2.3324458503942216,2.4244654290117613,-0.08747186315646674,-2.8143424405971325,2.5154629730976854,10.001588338807899,0.012583493132686332,-0.03774014017432725,-0.26337936425226416,123.39162477026612,8.561234105928717,1.465637203114502
5.6230000000002125,91.86099864760776,33.495772454193016,2.2454084367163274,2.446247596109754,-0.09330642924631241,-2.7241857993363956,2.543148086854138,9.984063848322755,0.013695584476558675,-0.031438916171495496,-0.26445858401458,123.52157931070163,8.679614723648163,1.4653134093769837
5.640000000000218,91.80482051013733,33.6367570388098,2.1828327649076082,2.466428660779179,-0.10245041881249757,-2.650266830875267,2.5705105710496987,9.956256699950819,0.014589314385851756,-0.02607600824851987,-0.26544662882625775,123.63796373138314,8.786591332565894,1.4651056591374123
5.670000000000228,91.69663554789935,33.88336697718545,2.1861240535533177,2.508387689464671,-0.10656546529636933,-2.593711251045,2.6203040285970256,9.878479867482497,0.015949890730199003,-0.01841207400487591,-0.26728115053440443,123.84352571107685,8.977788837139027,1.464898006668375
5.687000000000234,91.63774967910165,34.02193625488638,2.1479823064099133,2.5300883310598334,-0.10729608734459162,-2.5402682263721896,2.650601005528669,9.856725382601303,0.016600329432738356,-0.01495135211146224,-0.2683285978419329,123.96007958373384,9.087499839656775,1.464850495609098
5.7130000000002426,91.57679010614827,34.22830446369035,2.0646323127096124,2.5638802262595806,-0.11008892293451682,-2.447123133331125,2.697028386509772,9.837409518298632,0.017399914267196653,-0.010211001224376648,-0.2698864353202757,124.13837439056182,9.257191636908766,1.4648583126894483
5.742000000000252,91.53132829256985,34.44866750572263,1.959558056311896,2.6012785753868233,-0.11803394160004162,-2.3353605732498277,2.75203070120448,9.817042986675121,0.018014039598516773,-0.005349094232178482,-0.27156999869757253,124.33720082950965,9.449146119148367,1.4649689339083682
5.750000000000255,91.51937784999069,34.5075302313947,1.9300066666039863,2.6114800505310414,-0.1207765318824142,-2.3034027808577933,2.768105822543267,9.810557515450396,0.018089447844467053,-0.004086781251277048,-0.2720270917037246,124.39202645741847,9.50259245609296,1.465016352846178
5.757000000000257,91.50821513651594,34.55834213902679,1.9040297079163722,2.620360538561611,-0.12330199192531802,-2.275273816050619,2.7821329907878574,9.804804964511282,0.0181199283938105,-0.0030100811392002385,-0.2724252525720215,124.4399867196425,9.549531887253705,1.4650632168858457
5.789000000000268,91.45096572100965,34.78242066068883,1.7862556915590282,2.660962164946573,-0.13408747784724756,-2.1461605672217137,2.844826454531693,9.778772543593139,0.017864820690749638,0.0015690370134834736,-0.27420908777127767,124.6590386497842,9.76616376825911,1.4653334176751236
5.813000000000276,91.41073597146092,34.941759187640905,1.7004694905630529,2.690799242965413,-0.13995490273783273,-2.050983388555619,2.887067693435925,9.7616086141325,0.017347727508648388,0.004632867929891212,-0.2754924917008937,124.82304586596749,9.93082413881945,1.4655852640243037
5.840000000000285,91.36697743548541,35.1124445991006,1.6081975562390656,2.7219514284847484,-0.14646041185087072,-1.9456800303785153,2.9248505219982235,9.740685083629785,0.016620626492619753,0.007679873868476161,-0.2768815325193974,125.00717236803972,10.118273866606247,1.4659050604851598
5.874000000000296,91.31145460148298,35.314962616184836,1.4964083485478856,2.754905461894303,-0.15114913278665593,-1.8182598414288726,2.9629564555313905,9.719774948633235,0.015719719164137988,0.010886947995848457,-0.27855314898749506,125.23832776400877,10.357586792539891,1.4663405421298101
5.876000000000297,91.30831190104193,35.3264598286422,1.4901137623623568,2.756587949186581,-0.1516982105168376,-1.8113296383927815,2.9643551424687375,9.718606825469362,0.015670768093561258,0.011056728572705609,-0.2786488167980007,125.25189734557212,10.371775780385049,1.4663667919518975
5.911000000000309,91.26260835108133,35.520575771322896,1.3846443424218937,2.7841610922657223,-0.15649962298468897,-1.6944746525568708,2.9913231189808966,9.703149447393393,0.014995426880359545,0.013790146889959502,-0.2802743524537968,125.48880635306203,10.62206003686373,1.4668289946391306
5.940000000000318,91.24598402032183,35.67170475475499,1.3022330972142677,2.805505546748468,-0.15650772211172737,-1.6040119613366528,3.0134517735366115,9.696409962867312,0.014620221517751492,0.015764007779160916,-0.2815514203926199,125.68422879868511,10.832229128067214,1.4672075991140454
5.953000000000323,91.24472284014809,35.73673832220982,1.2672456887774086,2.8152168058902496,-0.15545874950396033,-1.5653803564825948,3.0234981810392783,9.694568540204102,0.014498126732275528,0.016577053503816597,-0.2821074026026635,125.77155082675883,10.927249637905994,1.467374025448079
5.972000000000329,91.2463540991542,35.8289230877151,1.2180961174628957,2.8296529920829387,-0.1553962326605099,-1.5124362117282666,3.042566827260804,9.692231116055753,0.014319589583421017,0.017705022666593854,-0.2829068916406233,125.898841744278,11.067012382391352,1.4676125301197305
6.007000000000341,91.25896268672992,35.99034309346622,1.133536061315336,2.857213437648748,-0.15325535569336893,-1.4200390536950076,3.0779348931492083,9.689669833325283,0.01387066923937389,0.019642107133346638,-0.28432986801457527,126.13221860448043,11.327191691993825,1.4680344538215557
6.013000000000343,91.26196451638636,36.01696684989541,1.1194922717622091,2.8620173830382374,-0.15263743338004365,-1.4045965221444607,3.0838938095620483,9.689496894499644,0.013783708766807068,0.019954864009033416,-0.28456801593776027,126.1720741594802,11.372144220240312,1.468104290790247
6.047000000000354,91.27619634319078,36.16234339502206,1.0444480662160194,2.8883327277460897,-0.14756502459916898,-1.320178570520721,3.1169540841382526,9.68892374385381,0.013238129888563054,0.02160352281327568,-0.285888587869809,126.39702955245495,11.628785644461006,1.4684854895095711
6.071000000000362,91.2841228168798,36.259676688946634,0.9956841905325846,2.9058474555830798,-0.14246654061940434,-1.2635219245944176,3.139164012261759,9.689040050628842,0.012797358409861785,0.022612577147728956,-0.28678695656503883,126.55486325081978,11.811876964698946,1.4687393376780884
6.085000000000367,91.28863553198191,36.31456640042695,0.9686947051342868,2.915715561326942,-0.13902136648505745,-1.2315884989546237,3.151535131288182,9.689340086249535,0.012522403806483007,0.023132900671518984,-0.28729695702953956,126.64654808027085,11.919409214131795,1.4688815422174422
6.118000000000378,91.29939684767633,36.438789666874946,0.908865809309036,2.9379746826410145,-0.1298400308268625,-1.159577515303962,3.1788887988896772,9.690847315918573,0.011840272335257303,0.024146620414817674,-0.28845840153650953,126.86148950230806,12.174975911972632,1.4691998901277536
6.134000000000383,91.3047954067243,36.49652899672138,0.8810791183472988,2.9482157107838063,-0.12507331061677812,-1.125969045819996,3.191270577464077,9.692110239569805,0.011499658845620162,0.024531783441085725,-0.2890011287938023,126.96508878681722,12.299935220958847,1.4693460420833315
6.158000000000391,91.31330675279037,36.58025032400272,0.8419137746059216,2.9629713230807035,-0.11775084089205698,-1.0778961154447984,3.208800315641365,9.69410893314875,0.010984953261851591,0.02498308730149184,-0.2897909437795396,127.1197051010711,12.488640380644945,1.4695559851140771
6.181000000000399,91.32193254763588,36.657432995590426,0.8068364977555852,2.9764325663002227,-0.11067235679596446,-1.034304641951223,3.2244853136926253,9.696207470956365,0.010495294753158736,0.02527339235962905,-0.29052162361611666,127.26697019631195,12.670892083292545,1.469747585644172
6.200000000000405,91.32952464099569,36.719076276930515,0.7795093578239759,2.9870765756260256,-0.10491508002248362,-1.0000833467757668,3.2366815504242803,9.698045487491918,0.01009851468984016,0.025412065875352337,-0.29110652834432005,127.38793259150471,12.822475589288025,1.4698995097753196
6.223000000000413,91.33945228517148,36.79128475522785,0.748265281968295,2.99941236895477,-0.09818234829256055,-0.9607705965528519,3.250602866700849,9.700354645446652,0.009632786450331034,0.025464494623111202,-0.29179267798277364,127.53350057364752,13.007200834748959,1.470076663017145
6.254000000000423,91.35522378157104,36.88469390834814,0.7090697358737652,3.0150403335297327,-0.08975908124646788,-0.9113382308403805,3.2681130914604988,9.703489230474965,0.009035001600934171,0.025352916896403253,-0.2926789143426244,127.72816724700945,13.258280875620464,1.4703056457091612
6.263000000000426,91.36049341860193,36.91101633992233,0.6982671375544353,3.0194432274917715,-0.08748250088176682,-0.8977182097746967,3.27290168158937,9.704384247536137,0.008869397137135774,0.025285003466146885,-0.2929281797762244,127.78434590653919,13.331622158320716,1.470370380563709
6.286000000000434,91.3746622548095,36.97674285896443,0.671758690035703,3.030400605535739,-0.08206279350404594,-0.864348868753239,3.284636428238564,9.706593804114378,0.00846649030774081,0.025046684204008622,-0.2935505467978781,127.92720869447771,13.519953724031817,1.4705329789869412
6.323000000000446,91.39869723125963,37.07803582025712,0.631259997681048,3.047046389066083,-0.07467227829374155,-0.814158044575604,3.3023219134898936,9.7100831182258,0.0078815112356465,0.02450023916244503,-0.29450972482687787,128.15485819762335,13.82561525446856,1.4707883664499746
6.326000000000447,91.40071550591146,37.08601772268828,0.6281427394577535,3.0483507353617485,-0.07415475093276978,-0.8103035574912921,3.303699944502604,9.710325011099448,0.00783741086082096,0.024448658086178562,-0.29458529668431105,128.17319654005615,13.850542604066662,1.4708088554921
6.357000000000458,91.42234286499105,37.166598852205304,0.5973637950983367,3.0615049760778947,-0.06948066663394216,-0.7723044157537494,3.317497313654743,9.712460898823414,0.007410939027770719,0.023860060050901147,-0.2953480969617216,128.3616197842128,14.109374352152832,1.4710196488915863
6.389000000000468,91.4473682030594,37.24634747190957,0.5679807885203606,3.07461307924441,-0.0659219971694147,-0.7363230012646755,3.330970086758111,9.714066633806963,0.007028154795541049,0.0231631211317159,-0.29610392513565953,128.55403266195225,14.378917947392269,1.4712368623424057
6.407000000000474,91.46219225112237,37.28977201334216,0.5524012771098166,3.081776543058328,-0.06446148527094371,-0.7174308181966491,3.3383172548522726,9.71473329031758,0.006838517438763937,0.02274099659450602,-0.29651668825309985,128.6613133529167,14.531576504394401,1.4713595015636731
6.438000000000485,91.48757619952825,37.3622869869575,0.5270313390003732,3.0937073912012187,-0.06279967079558552,-0.68701474598663,3.350759772064843,9.715516546792774,0.006549465860275994,0.021979404219288966,-0.297206955907506,128.84443757181845,14.79622067380906,1.4715722659748698
6.452000000000489,91.49883192584261,37.394137591213635,0.5161366006941165,3.098943629661874,-0.06238050885317694,-0.6741043742350139,3.3563023360382465,9.71572935023843,0.006432188159934603,0.021626038110036168,-0.2975097898330875,128.92645024794152,14.916448415311894,1.471669181217608
6.478000000000498,91.51929292795568,37.45188190713568,0.49675722150404694,3.1084567382566886,-0.06210313270529014,-0.651390528860023,3.3664597379174643,9.715909042089946,0.006233041551957544,0.02096271494916092,-0.2980570694916078,129.07760535690488,15.140888776639605,1.4718507678593125
6.51400000000051,91.54634184767733,37.52897490539681,0.47160690607827616,3.1212122799232938,-0.06268035237974356,-0.6224265439116778,3.3802303333678987,9.71573123809935,0.005991660988826404,0.020046254755623903,-0.29878243659558557,129.28438137122131,15.454112243421331,1.47210589295044
6.54500000000052,91.5679555785067,37.592863655189504,0.45136443066528864,3.131819326892605,-0.06393517282104352,-0.5995554349238728,3.391828754320953,9.715225689125958,0.0058095355771817245,0.01927557609556143,-0.29937750426338183,129.4600548748737,15.726087800471271,1.4723290335501487
6.572000000000529,91.58513196657614,37.64674017786852,0.434702106369027,3.1407759537776028,-0.06549237563429135,-0.5810253937567644,3.401738835775894,9.714557958654781,0.005665580013664582,0.01862850279222824,-0.2998739847823363,129.6112322621565,15.964645024134064,1.4725257678848795
6.579000000000532,91.58930689967409,37.66045046518789,0.4305194258869016,3.143056070951568,-0.06595531624057019,-0.5764153372199208,3.40427778559887,9.714355043838044,0.005630036938004122,0.018465277933082662,-0.2999994340420681,129.65014528737524,16.026745193509708,1.4725770958653919
6.6140000000005434,91.6083796689941,37.72747716758945,0.4103950280795963,3.1542062041598413,-0.06856371147924621,-0.5544595486255958,3.4167711201025104,9.71318848167455,0.005460940871794558,0.017681597527258276,-0.3006068664589634,129.84295365142813,16.338785597337814,1.4728353746547864
6.643000000000553,91.62190917675909,37.78116134373449,0.39433838663642484,3.1631280918243845,-0.07099141541379697,-0.5373161871260739,3.42684624169962,9.712194512124219,0.005329525599628371,0.017078561365426792,-0.3010857443615841,130.00046513682753,16.59925537963126,1.4730508984381325
6.6470000000005545,91.6236174071449,37.7884363295302,0.39215307913987596,3.164335647495201,-0.07134861649785731,-0.5350109863998758,3.4282165795682946,9.712052300700357,0.005311870376592383,0.0169992677792139,-0.30115009464677217,130.0220295247958,16.63531745802088,1.4730806965875594
6.700000000000572,91.64228512912591,37.88201259043718,0.3649252115923503,3.1798674286107222,-0.07625880712337228,-0.5063086876301954,3.4458878387777654,9.709802927855993,0.005085642290180815,0.016036108803229948,-0.3019661019228595,130.30401631625037,17.11619155289971,1.473475943838478
6.711000000000576,91.64522129975038,37.90080668144899,0.3596039727096483,3.1829795699089876,-0.07729140254264776,-0.50072016820123,3.4494436199909257,9.709296826048114,0.005040056727443172,0.01585578959152297,-0.30212725838009985,130.3616611952703,17.21669884923756,1.4735578133687048
6.7400000000005855,91.65149830468249,37.9493764403554,0.3460377635251584,3.1910090201038286,-0.07997976560319844,-0.48651350079854394,3.458627482538124,9.707965311401377,0.004921577580017737,0.0154114905640542,-0.3025392150781508,130.51216351944342,17.482813643067438,1.4737727560051235
6.7700000000005955,91.65567813460484,37.99818441763907,0.33266170234050385,3.1990195025761454,-0.08265997468669187,-0.47255394438219894,3.467822103821401,9.70663289611193,0.004800801310064406,0.014997970939906818,-0.3029467274010299,130.6655900664437,17.759825465420256,1.4739930240720003
6.7760000000005975,91.65621337429774,38.00777670346788,0.3300623273978684,3.200589272148749,-0.08317887780272261,-0.46984532597628953,3.469627860862722,9.706375737564555,0.004776738386262465,0.014920718948895415,-0.30302606232348295,130.69599649307506,17.815435497191153,1.4740367439110387
6.839000000000619,91.65688685045532,38.10525771302622,0.3041594807255991,3.216498183198729,-0.08818044310582132,-0.4428762928365524,3.487874582258397,9.703928392077085,0.0045282297496053794,0.014212573918542483,-0.3038164148091842,131.00957954521047,18.403449094369854,1.4744868741905206
6.847000000000621,91.65635312864276,38.11722913176175,0.30104029652379294,3.218441904115134,-0.08875059236255604,-0.4396257212612439,3.4901016113538756,9.703653692768631,0.004497440256814155,0.014135316580844253,-0.30391142900698304,131.04864972272784,18.47864704833511,1.4745426649594342
6.868000000000628,91.65430010560263,38.14823683012056,0.2930216206845341,3.223460000213005,-0.09017219645543947,-0.4312587082657082,3.4958575014135738,9.702972748821328,0.0044173913933864516,0.01394495336080009,-0.3041553939872763,131.15039596440454,18.676600147125505,1.4746874182450564
6.900000000000639,91.64944109332488,38.19435748561963,0.2812512230945435,3.2308792842829295,-0.09212528233034609,-0.4189371274490124,3.5043800288249014,9.702046999697295,0.004297278896997615,0.01368718328452518,-0.3045124558636829,131.30315770760413,18.979780947909212,1.4749029113210914
6.909000000000642,91.64771407989677,38.207090220697154,0.2780337313689645,3.2329173924212706,-0.09262776871704656,-0.4155581846565158,3.506723824254361,9.701810820075371,0.0042638510407953705,0.013621183255209262,-0.3046097831169111,131.34562234500473,19.065381331096358,1.4749623425812979
6.930000000000649,91.64308908957017,38.236403739946034,0.27067740157467995,3.2375933728728956,-0.09372090994198622,-0.4078118835381911,3.512101708016964,9.70130039606021,0.004186402454169685,0.013477355213373081,-0.3048317620764097,131.44384762975764,19.26567373122438,1.4750989047272056
6.966000000000661,91.63327932363718,38.28540219920472,0.258535541402643,3.2453543531475737,-0.09534180508994831,-0.3949531913752945,3.5210293961686183,9.700554409239379,0.004055380156514942,0.013260753569999739,-0.3051962203163202,131.60941636759028,19.610827251583473,1.4753258481896332
6.974000000000664,91.6307901972482,38.29608178562914,0.25591406425614094,3.247036090175615,-0.09565987880843232,-0.39216361402786243,3.522964105161376,9.700410076880242,0.004026557080692068,0.013217233170078238,-0.3052745463476539,131.64572278482063,19.687832079802124,1.4753750111034643
7.005000000000674,91.62014038801429,38.33677013395372,0.24600489019220517,3.2534075343050604,-0.09675438168439002,-0.38157259771108176,3.530293275953604,9.699921557888189,0.003915877900322421,0.01306243405239689,-0.30556926103871374,131.78472579814724,19.987254590663746,1.4755610412641658
7.037000000000685,91.60752195915683,38.37764577396036,0.23617312615351121,3.2597464660567455,-0.09766741748973154,-0.3709872604431138,3.5375850442475416,9.699528471668836,0.003803208251971023,0.012922765501241083,-0.30585941660303106,131.92538418249438,20.29802681326653,1.475745492434765
7.05300000000069,91.6006337568114,38.39766864284963,0.23140007460653933,3.262830465999467,-0.09804783124985966,-0.36581958691379607,3.541129186415039,9.69937101555694,0.0037475191349536207,0.012859414700507374,-0.3059993292102029,131.99462751321713,20.45404660924374,1.475834803628507
7.086000000000701,91.58532512744189,38.43812000998711,0.22184010994856815,3.2690184144338224,-0.09868751094269526,-0.3554119143301912,3.548227427015878,9.699120754988725,0.0036343590523005946,0.012740090877279129,-0.30627740795802927,132.13513814132,20.77714889302067,1.4760128711372036
7.101000000000706,91.57790181787205,38.45613972588312,0.21761614571971585,3.2717553335059164,-0.09891935904517768,-0.3507891304695482,3.551362335768762,9.699037241794725,0.003583779072944195,0.012690161470547832,-0.30639928581657794,132.19797479608332,20.924589474362236,1.476091093660735
7.120000000000712,91.56810440235081,38.4786436004073,0.21237017970190628,3.275155325881836,-0.09916551869079684,-0.3450275009055012,3.55525372977537,9.698955814159842,0.0035205357330810507,0.01263015043711714,-0.3065497421368043,132.27663656688483,21.11185667431593,1.476187763186177
7.1560000000007244,91.54841645147579,38.52032400985919,0.20273640917656977,3.2813991187709153,-0.09950336277027116,-0.33439022152007936,3.5623899852543954,9.698867387051232,0.003403364318061544,0.01252457489810251,-0.30682320074384284,132.422807989764,21.468214816103348,1.476363654151705
7.166000000000728,91.54270488661251,38.531684544955326,0.20012856713815683,3.2830889109563977,-0.09957096616176792,-0.3314987505605108,3.564318609713613,9.698856247741126,0.0033714652925399373,0.012496794433165547,-0.30689654917758175,132.46274025724895,21.56755476943033,1.4764108551732444
7.2190000000007455,91.5108604954952,38.590373398657185,0.18677277333416156,3.2917358982656024,-0.09977711769905713,-0.3166183594899891,3.574167470426553,9.698874527089403,0.0032074518279694843,0.012357636549351205,-0.30726727365922907,132.6694716562673,22.096549792780156,1.4766494195394202
7.226000000000748,91.50647330144888,38.59793803394152,0.18506495166585538,3.292840400735678,-0.09978842517988065,-0.31470770258097575,3.5754228837077653,9.698884960180129,0.0031864520661050244,0.012340042303330917,-0.30731405167814646,132.69615479250268,22.166725430861256,1.4766795121310226
7.2340000000007505,91.50141213264179,38.60653124703978,0.18312855423636049,3.2940923298130143,-0.09979764589216206,-0.31253939782292184,3.5768450960083005,9.698898722759722,0.00316264852269699,0.012320104068151424,-0.3073669100744517,132.72647143343644,22.247012804880903,1.4767135119657249
7.268000000000762,91.47937596664923,38.642442964496865,0.17507694093699935,3.2992927386279822,-0.09979945021616177,-0.30350364940367064,3.5827439800389076,9.698975499950754,0.0030638687731189386,0.012237009624657498,-0.30758457937140493,132.8531866569213,22.589252638950445,1.476853467223326
7.299000000000772,91.45861392909697,38.674347094495126,0.16797670146974786,3.3038706491436685,-0.09976130436549396,-0.29551330472227866,3.587925035745475,9.699064275929386,0.0029772524739623994,0.01216292291255975,-0.30777357772284775,132.96569860286337,22.902705483129047,1.4769749155227692
7.3150000000007775,91.44767795715799,38.69050905270555,0.16439791499707457,3.306174959065605,-0.09973162447759663,-0.2914797344403177,3.590528677541479,9.699114454983107,0.002933858487461939,0.012125104338067325,-0.30786774714533566,133.02263468664634,23.065003034151605,1.477035407869404
7.344000000000787,91.42752204489352,38.71928687045854,0.15805390630461316,3.3102542205118275,-0.09966738387566121,-0.2843222779701749,3.5951306361817386,9.699209233560316,0.002857509403430287,0.012057061692430114,-0.3080328119432288,133.12385193543585,23.360043821353067,1.4771414258113074
7.365000000000794,91.41268629476544,38.73971980504207,0.15357107765686412,3.3131325289895712,-0.09961659911487261,-0.27926067970430124,3.5983724509200026,9.69927853362529,0.0028040824564529877,0.012008090307484029,-0.3081479910053026,133.1955474254154,23.574386641528545,1.4772154046353212
7.371000000000796,91.40841422585369,38.745496233629716,0.15230685228253918,3.3139435728776987,-0.09960191742636382,-0.2778328891828732,3.599285174536683,9.699298184067658,0.002789104027623801,0.011994136389862702,-0.3081802493176457,133.21578411310114,23.635732649774816,1.477236126568038
7.397000000000805,91.38974983696265,38.77021653852317,0.14691136503478247,3.3174016384751233,-0.09953944401167605,-0.2717386551274048,3.603173038084721,9.699381429123326,0.0027256604462843666,0.01193384663446268,-0.30831679770760884,133.3021997188019,23.902097587957826,1.47732386747597
7.428000000000815,91.36721899188144,38.79904328864329,0.14064854316686315,3.3214090909381015,-0.09947171594555632,-0.2646657120680617,3.6076708597240748,9.699474188813463,0.00265309659449025,0.011862344744438997,-0.3084729806269636,133.40251142405452,24.220796511230038,1.4774243078903426
7.432000000000817,91.36429303119287,38.802712527932435,0.1398535116087224,3.3219173224327427,-0.09946379770282869,-0.2637680799890028,3.6082407157276757,9.699485480714705,0.002643974848187436,0.011853151992368981,-0.3084926274063419,133.41523836608192,24.26200532735795,1.4774369514158976
7.44100000000082,91.35769573314437,38.81092680721905,0.13807537759154812,3.3230536081738866,-0.09944681155010683,-0.2617607617734036,3.6095143521674835,9.69951023894747,0.002623650284693538,0.011832499350775159,-0.3085364210899946,133.44369256684777,24.354796401098053,1.477465143127886
7.468000000000829,91.33780209591956,38.83522893378759,0.13282801932696836,3.3264036421627003,-0.09940363219985414,-0.2558400104704749,3.613266036576477,9.699578615439723,0.002564310750962288,0.011770832293232728,-0.3086644648437444,133.5275444108623,24.633754277366812,1.477547650450066
7.507000000000842,91.30886681838805,38.869449697837695,0.1254707242159128,3.3310933467602366,-0.0993652396074143,-0.24754862569064634,3.6185096991997643,9.699659801734047,0.0024828071595859344,0.011682726814919992,-0.3088409782477074,133.6446455729131,25.038206048349988,1.477661641987728
7.508000000000842,91.30812270116687,38.87031371171826,0.12528541923306336,3.3312113639062844,-0.09936466217994484,-0.24733997873804353,3.6186415317742484,9.699661589891019,0.002480781034911864,0.011680485888717746,-0.3088453785719199,133.6475854867504,25.048599617070344,1.477664488127774
7.534000000000851,91.28875415360247,38.89254526583898,0.12043934286868302,3.334238359894068,-0.09934890630494739,-0.24192533539329877,3.6220227800320184,9.699740390691254,0.002429215886585279,0.011622799877049322,-0.3089576518282598,133.72291920018216,25.31922765081729,1.4777372059827698
7.560000000000859,91.26937978430334,38.914322640245615,0.11560472423762122,3.3371900850710507,-0.09937214857533193,-0.23656737570869793,3.625323542828305,9.699810959466324,0.002379589023613139,0.01156765550250919,-0.3090658983082994,133.79612053674788,25.590603555595713,1.477807570386249
7.577000000000865,91.25670561009854,38.9283213878512,0.1125397191710406,3.339083935255447,-0.09939659027268435,-0.2331473003773223,3.627436725295924,9.699824975325829,0.002348119644301106,0.011532696174450087,-0.30913464568267973,133.8428258207256,25.768436589213547,1.4778523802646302
7.620000000000879,91.22465382519715,38.96291082632121,0.1050317078694804,3.343748011533555,-0.0994830915682028,-0.22474095162769317,3.6326368598851824,9.69980420528154,0.0022717886010985506,0.011446466001280117,-0.30930186019879735,133.95686084164564,26.219601978959655,1.4779617419294038
7.636000000000885,91.2127628426965,38.975489093751285,0.10231632710234571,3.345440390980616,-0.09952178300603828,-0.22169871872855285,3.634520751114444,9.699786628463194,0.0022445539087215106,0.011414993337790391,-0.3093617375728878,133.99778601223096,26.387958874753327,1.478001042857449
7.650000000000889,91.20238761214733,38.98636800443677,0.09997309406318583,3.3469031591391554,-0.09955767548320102,-0.21907442469793742,3.63614723880695,9.699769532365744,0.002221250154660971,0.011387713439639804,-0.3094131304909442,134.03292294345235,26.5354795905001,1.4780348366024965
7.670000000000896,91.1876248781784,39.0017066692001,0.09667708091165063,3.348964196335266,-0.09961170551484358,-0.21538569563921417,3.638436507235499,9.699743805999214,0.002188815597840958,0.01134918564659516,-0.309484981433269,134.08202706839504,26.746554544656526,1.4780821761960674
7.675000000000898,91.183946387061,39.005504520565225,0.0958623405834906,3.349474253170411,-0.09962567332774142,-0.21447445391106626,3.6390027046248252,9.699737255858372,0.00218086321255913,0.011339640421577915,-0.3095026635663449,134.0941021007249,26.799383226020673,1.4780938423760812
7.7100000000009095,91.15835263034394,39.03168442641177,0.09025976909030198,3.3529873134319597,-0.09972833967614667,-0.20821529045106724,3.6429004439646953,9.699690705616685,0.002126884167672904,0.01127389996589891,-0.30962342557491335,134.17637011668882,27.169839547839416,1.4781736758561301
7.74100000000092,91.13594482892248,39.05429254277925,0.0854394773370623,3.3560172773798196,-0.09982655328992032,-0.2028401634997889,3.646260549313344,9.699647791389683,0.0020813808797581256,0.011217422767953655,-0.30972620514523125,134.24592718365696,27.498888677528676,1.4782418122826002
7.7520000000009235,91.12806147942128,39.06218674557693,0.08375994728030958,3.3570746772024154,-0.09986311561812482,-0.20096943207735787,3.6474326978151255,9.69963185566395,0.002065714528033379,0.011197815822152336,-0.3097617861605262,134.26985913263215,27.615851488497558,1.4782654327283817
7.7610000000009265,91.1216401219755,39.068596480077744,0.0823975435790516,3.357933090792029,-0.09989370939293288,-0.1994526956225353,3.6483840223662805,9.699618448391204,0.002053074053500747,0.011181950537067348,-0.30979056601312965,134.28914716097327,27.71162586373538,1.4782845475390196
7.8000000000009395,91.09413557741085,39.095869201507355,0.0766129444467345,3.3615847754095096,-0.10003327609087466,-0.1930199629784686,3.652428138626727,9.699555654350082,0.0020000432693610265,0.011115108824763995,-0.3099120018348074,134.36967786133337,28.127433588948204,1.4783652529723545
7.8180000000009455,91.0816320303949,39.10818610068949,0.07400661000972267,3.36323402926845,-0.10010135345895847,-0.19012510612403255,3.6542528320571934,9.699523776977172,0.0019764688996926497,0.011085334976496244,-0.3099663578630053,134.40516956799695,28.319762511302837,1.4784013772521576
7.870000000000963,91.04628380627854,39.14283713753288,0.06669238661833518,3.3678781088120973,-0.10030906017831698,-0.18201167213694974,3.6593817151700994,9.699421231710467,0.0019113408069539994,0.011003233165638383,-0.3101179877849719,134.5017300094618,28.876785991125455,1.4785019671666053
7.893000000000971,91.03105080284593,39.15773341409225,0.06355548903709822,3.3698774443395516,-0.10040504442755083,-0.1785364613769757,3.6615851785507574,9.699371471778562,0.0018838868830138268,0.01096878228707535,-0.3101827370980556,134.541600410705,29.123797902277058,1.4785447537967726
7.894000000000971,91.03039441807604,39.1583752166242,0.06342042958311656,3.3699636332778944,-0.10040926131063697,-0.1783868935338181,3.661680110169088,9.699369256136588,0.0018827111358508154,0.010967310311892365,-0.3101855229157572,134.5432943047393,29.13454605473524,1.4785465912255633
7.910000000000976,91.01996114519117,39.16857833969387,0.06127428974366859,3.371334665577067,-0.10047715883391943,-0.17601082100561047,3.6631894733437447,9.69933324110835,0.0018640975097219464,0.010944051000082352,-0.3102297789233748,134.5699472004765,29.30661080544847,1.478575735845467
7.946000000000988,90.99699078273541,39.191089457140016,0.0565452995787294,3.374366897473767,-0.10063219333256651,-0.17077910619587272,3.6665212133847307,9.699248773760662,0.0018235888915267742,0.010893713129489816,-0.31032729429612504,134.62681799394355,29.694386697229415,1.4786396033806182
7.958000000000992,90.98949919282062,39.1984582860325,0.0549988405502936,3.3753622010400632,-0.10068433239895917,-0.16906940972264056,3.667612624024852,9.699219745470835,0.001810515346410586,0.010877540600094337,-0.3103592126470965,134.64481972866201,29.823832216384673,1.4786603820044601
7.972000000000997,90.98086800287938,39.20697141329263,0.0532132899316879,3.376513932104174,-0.10074532356941024,-0.16709598439618253,3.6688743476765815,9.699185346574037,0.0017955364207361715,0.01085905047418287,-0.31039610957544156,134.66521699387764,29.974965791160027,1.4786843098073186
7.996000000001005,90.96635398808445,39.22135805032287,0.050197906855987226,3.3784653093443358,-0.10085000504806409,-0.16376484203558253,3.671009360888469,9.699125340849662,0.0017705388961125493,0.010828285043093383,-0.31045856542507566,134.6986663118219,30.234328354082425,1.478724559090653
8.010000000001,90.95805822557692,39.22963097474949,0.048464869214245664,3.3795906625378036,-0.1009110045889101,-0.16185120950970935,3.672239076829742,9.699089871944798,0.001756349059680209,0.010810873206441014,-0.3104945687058007,134.71729194809228,30.385779157227272,1.4787475985842067
8.031000000000988,90.9458594327606,39.241878094954345,0.04590086900500266,3.381261564786501,-0.10100223474697893,-0.15902096725109746,3.6740628414581256,9.699036002383515,0.0017355977470103197,0.010785478322600604,-0.31054803423605415,134.74400369765527,30.613162573608204,1.4787815657562562
8.054000000000975,90.93284730135292,39.25507155535119,0.043140300493890886,3.3830689879962854,-0.10110151520489205,-0.15597506675164333,3.6760328752251867,9.698976391320645,0.0017135922441633682,0.010758635368852958,-0.3106059203146654,134.77156781681018,30.86247564313366,1.4788179719219823
8.090000000000956,90.91324485560077,39.2752698305218,0.038916660678478904,3.3858532970002777,-0.10125503550006207,-0.15131734309437417,3.679062172000016,9.698882187304102,0.0016806223666285917,0.010718584447866874,-0.31069531498586617,134.8111540804018,31.253247573399104,1.47887333829467
8.095000000000953,90.91059878736401,39.27803220460212,0.03833922978823738,3.38623591875983,-0.10127614124745488,-0.15068078513875202,3.679477908466853,9.698869041340277,0.0016761822983954767,0.010713205453021703,-0.31070762929389667,134.81630827381127,31.30757132965343,1.478880875968654
8.10000000000095,90.90797184218846,39.2807842288398,0.03776400515144389,3.3866175826732667,-0.1012971891847055,-0.1500467094774522,3.6798924661057915,9.698855883792318,0.0016717756688660354,0.010707870169629095,-0.31071992146360816,134.82137849847058,31.361906810886765,1.4788883772257448
8.13500000000093,90.89012912857699,39.299761930106925,0.033798311246659836,3.3892632951031767,-0.10144280162085356,-0.14567659799865595,3.682762586945724,9.6987635312256,0.0016418511239436133,0.010671716724677552,-0.310805417890469,134.85451654682845,31.742571416827555,1.4789398844832324
8.160000000000917,90.87798515835429,39.31301556771328,0.03102955024546669,3.3911266218153053,-0.10154484309593936,-0.1426267754149853,3.684780452512032,9.698697392369013,0.0016214370326636763,0.010647123819366285,-0.31086600461569747,134.87566135928347,32.01479485796722,1.4789756297450853
8.164000000000915,90.87608991308896,39.31511318541301,0.03059138687611747,3.3914228171218834,-0.10156101099442659,-0.14214422756739326,3.6851009436153093,9.698686803080012,0.0016182428734922262,0.010643280477471947,-0.3108756689998606,134.87884898143616,32.058373944474205,1.4789812701713105
8.182000000000905,90.86772813920933,39.32447500399118,0.028635919268685826,3.3927493919067127,-0.10163321586561955,-0.13999098823072798,3.6865353423110263,9.698639139298216,0.0016041106327909834,0.01062628867383575,-0.3109190773739559,134.89252508690853,32.25455593038208,1.4790063880432878
8.212000000000888,90.85441154957026,39.33980005269639,0.025434997121244494,3.394938530896979,-0.10175154984704211,-0.13646742479401355,3.6888987720294626,9.69855968266106,0.0015814198119360496,0.010599034978977679,-0.31099120681753056,134.912886350041,32.581788264990614,1.4790473107701114
8.229000000000879,90.84721680883418,39.34833252909092,0.023652789400961015,3.3961675687015864,-0.10181750460997249,-0.1345061664340435,3.690223830995146,9.69851465347096,0.0015690287147923539,0.010584157536599286,-0.3110320120570957,134.92307320582108,32.76735553342627,1.4790699920120185
8.237000000000874,90.84392004579871,39.35231036134191,0.022821897339158667,3.3967431715130902,-0.10184827283451425,-0.13359194270812264,3.6908440342731277,9.698493460552811,0.0015633112901517051,0.010577292894099482,-0.31105120805167985,134.92752846721996,32.854713142173715,1.4790805411097088
8.266000000000858,90.83244985933717,39.366531802989236,0.01985107021576965,3.3988152592920926,-0.10195841143024585,-0.1303239265561797,3.693075353569043,9.698416609545204,0.0015431702465375995,0.010553113881026187,-0.31112080765072375,134.94186078955548,33.17154415305556,1.4791181285376418
8.290000000000845,90.82353707409655,39.37806989922806,0.01744033234210869,3.400513885691596,-0.10204797567348596,-0.12767293953569073,3.694902795300969,9.698352976291538,0.0015271596694409054,0.010533904747093733,-0.3111784830807111,134.95156473190443,33.43392353039443,1.4791484803005468
8.29700000000084,90.82103959450644,39.38139629832464,0.016745207116306362,3.401006819045961,-0.102073840577601,-0.12690870340163807,3.6954325808311883,9.698334413184382,0.0015225985707937402,0.010528433107969654,-0.3111953282850426,134.95402667972593,33.510478102455316,1.479157207241848
8.31600000000083,90.81450028528168,39.39033769207011,0.014876366106785293,3.402339678944503,-0.10214348700905174,-0.12485445188549421,3.696863320623782,9.698284016409417,0.0015104679104258364,0.01051386971889439,-0.31124112726020586,134.9598699071045,33.718326385222,1.4791806144898054
8.348000000000813,90.80429662914042,39.4051122868238,0.01178704237203122,3.4045689511689927,-0.10225907885977557,-0.12145999295323769,3.699250356953156,9.698199034848606,0.0014908816945169837,0.010490257539624768,-0.31131861565619834,134.9669364959313,34.06855778235182,1.4792191338568912
8.360000000000806,90.80073728947164,39.410562124991955,0.01064703959977626,3.4054002015550537,-0.10230192440953156,-0.12020785107235682,3.700138812301815,9.698167104191556,0.001483813186228363,0.010481686879644079,-0.3113478233262126,134.96868805372586,34.19994353588481,1.4792332940388875
8.368000000000801,90.79844636458265,39.41416824042654,0.009892560380971718,3.4059530072665143,-0.10233034957862276,-0.11937930043059741,3.700729257280467,9.698145791038982,0.0014791840433418502,0.010476056177225076,-0.3113673487076172,134.9695833384625,34.28754728311379,1.4792426498164502
8.400000000000784,90.78994572991743,39.42837861570999,0.00691817317037126,3.4081539657444857,-0.10244305456376263,-0.11611410292495605,3.7030773771541594,9.698060282125956,0.00146131976096579,0.010454175635793348,-0.31144593891119193,134.97098381632867,34.63805545152158,1.479279413041575
8.42500000000077,90.7840538179473,39.439245960436345,0.004641983081560747,3.4098630603323845,-0.10253015314778151,-0.11361678354514824,3.7048980422350524,9.697993136146726,0.0014480671990206718,0.01043776753106649,-0.311507958147143,134.96964856586237,34.91197590967659,1.4793074200092604
8.448000000000757,90.77922615458681,39.44906581741535,0.0025838582954981204,3.411428516019971,-0.1026096935733912,-0.11135989955339617,3.7065634314594877,9.697931045417809,0.0014364024402568475,0.010423178372577365,-0.3115655665342003,134.96653653452591,35.16403236540261,1.4793326520358931
8.46000000000075,90.77693630096311,39.45412246898646,0.0015234988558513916,3.412242960774318,-0.10265101104574974,-0.11019761439994018,3.707428970262694,9.697898511695339,0.001430513973890046,0.010415752743946852,-0.3115958525217389,134.96419589655116,35.295554126673146,1.479345618585643
8.490000000000734,90.7719063292691,39.46656704450621,-0.0010878006281709526,3.4142728735307415,-0.1027538982469445,-0.10733679920795347,3.7095838947880555,9.69781669013472,0.001416373345136396,0.010397727722934166,-0.3116723187145616,134.95619227408588,35.624384946581124,1.4793774579049248
8.49800000000073,90.7707339921885,39.46983864085731,-0.0017747268252421543,3.4148128188805495,-0.10278126168961386,-0.10658460858633922,3.7101565971245716,9.697794740560857,0.0014127395041936604,0.01039304778065295,-0.31169290194461047,134.95353856610268,35.71207662190196,1.4793858122454981
8.520000000000717,90.76788132882217,39.478735089279944,-0.0036436732712435403,3.416295118577263,-0.1028564140327781,-0.10453893731127402,3.711727758608036,9.69773406680102,0.0014030354195568916,0.010380445047822503,-0.3117499505592014,134.9451127594096,35.95322863574431,1.4794084989876517
8.5520000000007,90.76472142803111,39.491416399438165,-0.006310488697430946,3.418446002884178,-0.1029656246697903,-0.10162225671098071,3.7140040785441393,9.697644934760289,0.0013896638029310363,0.010362793764511838,-0.31183417016024845,134.9299023987986,36.30397440654336,1.4794407654655153
8.561000000000694,90.76404786938467,39.494928569703696,-0.00704970443217449,3.41905016974449,-0.10299635119179285,-0.10081429807381995,3.7146425670734984,9.697619662455235,0.0013860618559437018,0.01035797072576544,-0.3118581393827922,134.92499334590903,36.40261275584888,1.4794496884409394
8.571000000000689,90.7634107091856,39.49880329657426,-0.007865555762925506,3.4197211277352646,-0.10303051219409376,-0.09992285127999724,3.7153512682767458,9.697591466956496,0.0013821415642623152,0.010352683133878212,-0.3118849248914348,134.9192137942306,36.5122044819153,1.479459526416478
8.602000000000672,90.76217783368753,39.510632023891574,-0.010358355172836628,3.4217987710446205,-0.10313663608382094,-0.09720092317242329,3.7175446405351376,9.697503226324049,0.0013705188966697207,0.010336759839402637,-0.31196902455558456,134.89912239464832,36.8518835732788,1.4794895243685136
8.610000000000667,90.76204214393375,39.513640234877805,-0.010992851977467182,3.4223344210345563,-0.10316409642856383,-0.09650856864844687,3.718110009421189,9.697480239587446,0.0013676431563967024,0.010332763478962007,-0.3119909970413033,134.8934035801002,36.93952619927556,1.479497145830688
8.634000000000654,90.76208758850791,39.52255735013678,-0.012875054375326416,3.4239405895863717,-0.1032467112349105,-0.09445590708009725,3.7198048316127665,9.697410732587645,0.0013593012072328796,0.010321046292490598,-0.3120575999175648,134.87493263718167,37.2024042074151,1.4795197234367343
8.647000000000647,90.76239702817088,39.52732085831349,-0.013881420809678814,3.424810332749514,-0.1032916300762243,-0.09335915205462894,3.720722177404304,9.697372732412187,0.001354955610653168,0.010314867419764256,-0.31209411585914554,134.8641042097675,37.34476108343085,1.4795317770601564
8.686000000000625,90.76456760891111,39.541335837796474,-0.016845247151547952,3.4274092464970005,-0.10342875950136421,-0.09013285488493535,3.7234781589115435,9.69725647097556,0.0013424000832489703,0.01029703739908062,-0.31220545436117997,134.8281473559818,37.77165304732717,1.4795672217734865
8.698000000000619,90.76562761239357,39.54556629000578,-0.01774128688254714,3.4282107893945617,-0.10347140492316968,-0.08915857877183658,3.7243235345829393,9.697220229470481,0.0013386670762837477,0.010291766170278034,-0.3122402474709161,134.8160360727597,37.90294301108659,1.4795779179454402
8.71400000000061,90.76732081045026,39.5511479440603,-0.018924634038545867,3.429281352889818,-0.1035285299479182,-0.08787272745391589,3.725448827200177,9.697171557754226,0.0013338607046062259,0.010284895143580405,-0.312287077192714,134.7991208354855,38.077945602763855,1.4795920304743928
8.737000000000597,90.77030272055585,39.559055001153574,-0.020602907754789384,3.4308216112888594,-0.10361107822592132,-0.0860505315119842,3.7270658004434116,9.697100784262286,0.0013273201571511691,0.010275329224218192,-0.312355326413687,134.77326987395318,38.32940158531097,1.47961202560618
8.765000000000581,90.77480352928104,39.56849843604378,-0.02261019618007613,3.432698205291626,-0.1037121386562489,-0.08387329382852277,3.7290362104180845,9.69701334433236,0.0013198930978466773,0.010264165648418987,-0.31243995474242814,134.73935534556085,38.63532813170358,1.4796359169228788
8.78500000000057,90.77861032801589,39.575123150594635,-0.02402040630540062,3.434040711337417,-0.10378469882707003,-0.08234522233481273,3.730445387748506,9.696950097723658,0.0013149143819058667,0.010256506132043356,-0.3125014704619112,134.7134881575177,38.853703808508264,1.4796526886443422
8.820000000000551,90.78646929877699,39.5864794549594,-0.026442151170479298,3.436396142865159,-0.10391247892940463,-0.07972432465519327,3.7329159166241617,9.69683793680937,0.0013068325846032059,0.010243715316147504,-0.3126113343614751,134.66492808324014,39.2355434468848,1.479681471846899
8.834000000000543,90.79003962317762,39.59093895543723,-0.027394704505303628,3.4373406599805456,-0.10396389584837477,-0.07869463039756307,3.733906238208909,9.696792549667665,0.0013038182922492834,0.010238813402659228,-0.31265608788182886,134.64433112780213,39.38815702800657,1.4796927890527436
8.863000000000527,90.79821195153747,39.60002843930686,-0.02933910210666331,3.439301844166012,-0.10407100284555577,-0.07659498027365208,3.7359623273307014,9.696697574527235,0.00129794793612376,0.010229041718503062,-0.31275029373247615,134.59953484846142,39.704044364590516,1.4797158875669898
8.897000000000508,90.80913501926348,39.610435513231344,-0.03157041476405621,3.441610494340783,-0.1041976943896555,-0.07418937372520465,3.738381783091756,9.696584548069994,0.0012916740236554747,0.010218230993941315,-0.31286337544465787,134.54335626142168,40.07395002654871,1.4797423971605816
8.899000000000507,90.80982282111387,39.6110394381926,-0.031700072988365385,3.441746643188754,-0.10420518703145439,-0.07404972036324356,3.738524426440662,9.696577841515735,0.0012913248272771343,0.010217616492925798,-0.31287011743790555,134.53992871370025,40.095693334826684,1.4797439378934982
8.916000000000498,90.81587241058449,39.61613624201937,-0.03279511042311091,3.44290553087524,-0.10426906415574773,-0.07287086923705327,3.739738464082588,9.696520568200445,0.001288443598637903,0.010212488372771484,-0.3129278345663704,134.51024334504382,40.28043710460693,1.479756952406411
8.944000000000482,90.82663105210837,39.62438999651684,-0.03457151655543696,3.4448209137603842,-0.10437504011084081,-0.07096084879745682,3.741744535101188,9.69642517097322,0.0012840282789940973,0.010204409913924893,-0.31302451718102287,134.45920046392206,40.58441967851718,1.4797780759498167
8.96500000000047,90.83535250537957,39.630467023589425,-0.03588202466812491,3.4462633458670098,-0.10445517502179974,-0.06955371496667628,3.7432546724114806,9.696352736603492,0.0012809789155298229,0.010198647885346277,-0.3130983736649799,134.41916412828706,40.812147673262935,1.479793671161584
9.004000000000449,90.85303806832121,39.64150079445975,-0.038267408660090874,3.44895664776706,-0.10460556389389412,-0.06699693151135466,3.746073175552022,9.696216135037538,0.001275899713944518,0.010188611750562552,-0.31323866461752103,134.3408255514973,41.234443219836535,1.4798220928243553
9.030000000000435,90.86590007346929,39.64867833873096,-0.039823445910613015,3.450762892565393,-0.10470700457466685,-0.06533235307622126,3.7479634840288543,9.696123521214401,0.0012729128955283786,0.01018239406118596,-0.3133344935576084,134.28572436565577,41.51549259884502,1.4798406647849345
9.042000000000428,90.8721257373156,39.65194384230044,-0.04053257352223134,3.4515995908686854,-0.10475415001995075,-0.06457465534807712,3.748839151444627,9.696080356940334,0.0012716347712726588,0.010179650350259806,-0.313379351102682,134.25951792656596,41.645071274092686,1.4798491385141037
9.067000000000414,90.8856835393878,39.65865267752481,-0.041991891671602964,3.4533492455978156,-0.10485304536930838,-0.0630172170420293,3.7506701546788492,9.695989577107731,0.0012691687926545243,0.010174187373238403,-0.31347409290078593,134.2033501581826,41.91473910117111,1.4798665989717386
9.096000000000398,90.90240807683846,39.666277857032554,-0.043654086167407534,3.455384083629607,-0.1049696371214108,-0.06124658444141082,3.752809584223667,9.695882436407631,0.0012665468826678944,0.010168278478849095,-0.31358615237163284,134.13553833918826,42.22704712390692,1.4798865356002648
9.11000000000039,90.9108769492861,39.66989960817062,-0.04444518127125347,3.4563706626761865,-0.10502655463145627,-0.06040514305337255,3.75384650262984,9.695830108672356,0.0012653096349902054,0.010165592779858066,-0.3136410482885756,134.10178115129844,42.37761402570367,1.4798960417284
9.120000000000385,90.91708289500403,39.67246320717055,-0.04500590272833746,3.457078056091995,-0.10506741374737719,-0.05980925907511628,3.7545880234209417,9.695792532468804,0.0012644589157247731,0.010163741258311796,-0.3136805862280965,134.0772623870048,42.4850786897658,1.4799027856735316
9.154000000000366,90.93913449008996,39.68103582275913,-0.046885284957037414,3.4594963891454813,-0.10520751369837027,-0.057815088201469106,3.75711820467312,9.695663352059839,0.0012618863242838951,0.010157862553020149,-0.31381712239011594,133.99136722244404,42.849924083853175,1.4799254345195056
9.174000000000355,90.95277958077833,39.685976463175436,-0.04797133759304252,3.4609267930970873,-0.10529066764640636,-0.05666476834408686,3.7586153562465654,9.695586284679685,0.001260604378013981,0.010154700548485685,-0.31389898581027165,133.93901519419092,43.06414018229845,1.4799385602578616
9.179000000000352,90.95626801095766,39.68719997950071,-0.04824062427565733,3.4612852707744617,-0.10531153626130735,-0.056379782203850745,3.758990772911917,9.695566895380363,0.0012603069947014819,0.010153943606969765,-0.3139196316472307,133.92571612741025,43.11764665947176,1.4799418194403455
9.213000000000333,90.98080465553262,39.6953981517101,-0.050048555168043046,3.4637327526367017,-0.10545427598310306,-0.054468973050860306,3.7615555946648667,9.695433819871118,0.0012584948388472275,0.010149145157091317,-0.314061929881882,133.83304599758748,43.480971641472095,1.4799637515630928
9.23800000000032,90.99975009858235,39.70129291156312,-0.051352556236434886,3.4655438921191295,-0.10556014950382947,-0.05309362383377023,3.7634546752723463,9.695334671257326,0.0012573746236063453,0.010145997488404047,-0.31416867914870866,133.762421479747,43.747527281596845,1.4799796286383042
9.261000000000307,91.01784955196543,39.706618304186854,-0.052533648932737265,3.467218865599258,-0.10565824156446318,-0.05185007209108583,3.7652118415708027,9.695242509425768,0.0012564899945356222,0.010143380392045336,-0.3142684722645051,133.69559023353352,43.992296119574306,1.479994055077337
9.296000000000287,91.04660749912611,39.71454598590938,-0.054297484264418674,3.469783543721661,-0.10580879413471041,-0.049996943649897985,3.767904607573178,9.695100537009308,0.001255377725809354,0.01013989996059937,-0.31442323200519623,133.59048246811525,44.36388879175911,1.4800156877759332
9.302000000000284,91.05168355214863,39.715884001177905,-0.05459586003887866,3.47022513139952,-0.10583476148891507,-0.049683947053544605,3.7683685004320755,9.695075987735287,0.001255212044592795,0.010139363241345014,-0.3144501121678312,133.57205157886668,44.42748061404993,1.4800193584166068
9.313000000000278,91.06109995876224,39.718321257453404,-0.05513988101814006,3.471036182824211,-0.10588248831047875,-0.04911363557870846,3.769220686392553,9.695030819750746,0.0012549257398121122,0.010138424204007407,-0.3144996575116444,133.53794848103158,44.54398035890213,1.4800260597939354
9.34600000000026,91.0901969712164,39.725512059594564,-0.056748964446728535,3.4734806221165813,-0.10602662598007925,-0.04742964697106829,3.7717906898428373,9.694894065077657,0.0012541904293273272,0.010135951925658747,-0.31465034311304413,133.43321063293817,44.89280403481818,1.480045950010938
9.368000000000247,91.11029133379746,39.73020674714247,-0.05780282817431919,3.475119412495699,-0.10612352851939542,-0.046329094609797755,3.7735153015913374,9.694801841803102,0.001253786302075544,0.010134586512014182,-0.3147524951885679,133.36136481378108,45.12477533218934,1.480059036742609
9.375000000000243,91.11680043902196,39.73168412484721,-0.058135032446293367,3.475642365575102,-0.1061544983592674,-0.04598257134972822,3.7740659171725555,9.694772321223285,0.0012536693267253187,0.010134198775491468,-0.31478527997327277,133.33816630839198,45.19848510294115,1.480063172355384
9.406000000000226,91.1462894802586,39.73813310355627,-0.059588413792039566,3.4779671280393645,-0.10629245171603896,-0.04446884828849945,3.776515022839925,9.694640565063079,0.0012532074250924802,0.010132748766165912,-0.31493209071029565,133.2334689426783,45.52432486731028,1.4800813267695134
9.432000000000212,91.17184239264382,39.74342590601035,-0.06078530578442666,3.479928373573808,-0.106419780600491,-0.04323213367194745,3.7785986564960825,9.694525724193499,0.001252682744231666,0.010131952514147842,-0.31505724104666827,133.1431951815985,45.796850983077384,1.480096356422938
9.450000000000202,91.18996562588055,39.74702932782648,-0.06160155832627136,3.4812926817702072,-0.10651131003067384,-0.04239112185633617,3.780049567532857,9.694443792898246,0.001252012633189017,0.010131738425794873,-0.3151449227583247,133.07938433716674,45.98510638304938,1.4801066588119731
9.480000000000185,91.22094469718444,39.752926455335576,-0.0629423322631403,3.483580162663568,-0.10666609440624765,-0.04101248964692151,3.7824745958858035,9.69430495634816,0.0012505495242929392,0.01013198833826641,-0.3152929281626452,132.97064946902475,46.298088387008086,1.4801236445909869
9.504000000000172,91.24639502679271,39.75754809541717,-0.06399722175300099,3.485418370549593,-0.10678899423144854,-0.039928419987359576,3.784419496563918,9.694192704298892,0.0012492300973256962,0.010132698609759764,-0.3154130213759468,132.88152092959902,46.547757494641964,1.4801370677545245
9.516000000000165,91.25933594777695,39.75982740311459,-0.0645187073210874,3.486339425266638,-0.1068496691541113,-0.03939245622974066,3.7853937311711343,9.694136395350348,0.0012485517574018375,0.010133202002816925,-0.3154736235525504,132.83624451317928,46.672347969259555,1.4801437243519946
9.54400000000015,91.29008057936022,39.76506536530088,-0.06572014666416107,3.488493307982596,-0.10698891056446697,-0.03815757558618277,3.7876719536730388,9.694004971692936,0.0012469688709199492,0.010134700453683249,-0.315616436324353,132.72875685952317,46.96241310947162,1.4801591142460397
9.569000000000136,91.31817166658166,39.7696484921866,-0.06677491093691942,3.4904223434076576,-0.10711053216890294,-0.037073726848186335,3.7897124394406716,9.693887982997722,0.0012456039906084248,0.01013635795271026,-0.31574557284792654,132.63061025026684,47.22061984283569,1.4801726877311077
9.606000000000115,91.36082588488024,39.776273006834344,-0.06830544003808828,3.493287835591946,-0.10728656870675499,-0.0355024839055635,3.7927451187603305,9.693715922363046,0.0012437491130083786,0.010139248060035449,-0.31593941817976656,132.4815978223185,47.6013775870231,1.4801924893941256
9.6330000000001,91.39273583405424,39.78099032838232,-0.0693997267047747,3.49538639764546,-0.10741275702819723,-0.0343808075025359,3.794969161908692,9.693591170744254,0.001242527134400965,0.010141627158390827,-0.31608285063896535,132.3700386383216,47.878154042538554,1.4802067264424412
9.656000000000088,91.42042205826793,39.78493273862081,-0.07031716277814805,3.497178936812142,-0.10751921123203706,-0.03344181699304001,3.7968713818627244,9.693485288806938,0.0012415541915237521,0.01014380773261536,-0.31620629678588114,132.27313542772634,48.113193732475835,1.4802187157384505
9.690000000000069,91.46216392948257,39.79063515196498,-0.07164899919819497,3.499836433947532,-0.10767553839519874,-0.03208129839675865,3.7996963429640966,9.693329028696073,0.0012401819674978474,0.010147262913611585,-0.3163908209428546,132.12674316272083,48.45937911998138,1.480236211795654
9.700000000000063,91.47461850869342,39.792284313860094,-0.07203525572842848,3.5006195840011354,-0.1077213934392968,-0.03168733978236176,3.8005301465114676,9.693283052734941,0.0012397812487204376,0.01014832793415178,-0.31644553783600393,132.08297456289807,48.56090589537879,1.480241307368507
9.710000000000058,91.48715119272642,39.7939209115442,-0.07241905837931922,3.5014033612548103,-0.10776722706550332,-0.03129616900522937,3.801365239030034,9.693237043950335,0.0012393766605447243,0.010149413957785161,-0.3165004499373659,132.03888296248564,48.662297780915594,1.480246380559709
9.733000000000045,91.51626569617946,39.79763791609054,-0.0732925833268529,3.5032082846873127,-0.10787265055283939,-0.03040696223890118,3.8032905768914835,9.69313103648384,0.001238416921966152,0.01015198847156699,-0.31662746642459133,131.9362485226573,48.894981312510374,1.4802579655110777
9.770000000000024,91.5639102847693,39.80348187582554,-0.07467124035328017,3.5061174039173,-0.10804261690891491,-0.029006751535255032,3.8064001442966173,9.69295969653882,0.0012367289989698887,0.010156341773348256,-0.31683379379130117,131.76757141119558,49.26775573838884,1.4802763657736793
9.773000000000023,91.56781491226714,39.803948497576144,-0.07478160329741328,3.5063535049128993,-0.10805643231728686,-0.028894837334355404,3.8066528845073395,9.692945749994857,0.0012365814905901471,0.010156705646538094,-0.316850625612066,131.75370242758365,49.29789594895404,1.4802778452745964
9.810000000000002,91.61645241423258,39.809616249665915,-0.07612548462177235,3.5092670946888984,-0.10822738970624748,-0.02753420109157225,3.809776563889417,9.692772981682912,0.0012345847921668442,0.010161320820217713,-0.3170593948106918,131.58028544719383,49.66855958074778,1.480295944799821
9.821999999999996,91.63240978274109,39.81142022682598,-0.07655455473973316,3.5102124831193606,-0.10828308611512939,-0.02710063134187765,3.8107918790385042,9.692716635721661,0.001233856484629438,0.010162866623458059,-0.31712754670817633,131.5231040775026,49.78834596025787,1.480301757671308
9.839999999999986,91.65650396232961,39.8140953000011,-0.07719201241063227,3.511630663506749,-0.10836688482901069,-0.026457270653745132,3.812316481301951,9.692631821459274,0.0012326808099075606,0.010165228664767703,-0.31723015244396274,131.43647303845182,49.9676252130871,1.4803104260332927
9.897999999999954,91.73530720485712,39.82246833989463,-0.07919659325973603,3.5161964214216406,-0.10863908354393714,-0.024440385302278406,3.817238662403235,9.692356127327479,0.0012281158868721995,0.010173179389023429,-0.31756352360894596,131.15034388183523,50.54196587468099,1.4803379578028626
9.899999999999952,91.73805345015224,39.82275048257742,-0.07926438960664975,3.516353653940703,-0.10864852862307436,-0.024372342335478685,3.8174085427373177,9.692346558168751,0.0012279350095028996,0.010173462503415937,-0.31757508560146813,131.14028788099023,50.56167821829198,1.4803388966636817
9.910999999999946,91.75318922425495,39.82429456317205,-0.07963570955340232,3.517218092534761,-0.10870054455249042,-0.023999872267084166,3.8183429269053444,9.69229385820444,0.001226910510179357,0.010175030026883273,-0.3176387463690077,131.08475481925208,50.66998406962056,1.4803440482458907
9.912999999999945,91.75594676710024,39.82457390966325,-0.0797029393570726,3.5173751968581315,-0.10871001425626502,-0.02393247062449896,3.818512818205836,9.692284263904602,0.0012267188015587746,0.01017531691197244,-0.3176503333876639,131.0746170082263,50.689655602901304,1.480344982701136
9.93999999999993,91.79333062584354,39.82830348757233,-0.08060207276981704,3.5194936807404664,-0.10883821440814269,-0.0230321185080239,3.820806139150231,9.692154378134973,0.0012239630184347188,0.010179245799544157,-0.3178071000231993,130.93652744921738,50.95460021505719,1.4803575327492404
9.97599999999991,91.84357767716432,39.8331577349854,-0.08177662165298666,3.522309257437596,-0.10901010951115672,-0.0218590130518901,3.823861742309288,9.691980229560006,0.0012197759190170601,0.010184642933185531,-0.3180169646025833,130.7488589863063,51.306034679122526,1.4803740821085656
9.989999999999903,91.86322415265306,39.835009627756094,-0.08222602677316047,3.523400786101602,-0.10907721040695889,-0.021411078509936662,3.8250486677451887,9.691912260605985,0.0012179798993365836,0.010186789493192475,-0.31809878229686195,130.67478555304956,51.44213087389801,1.4803804626825587
10.019999999999886,91.9054876788536,39.838911691873754,-0.08317519727182894,3.5257321747898356,-0.10922142090900268,-0.02046665781987586,3.8275880111205156,9.691766177618625,0.0012138054000802676,0.010191476840663965,-0.3182743790495668,130.5140072412588,51.73266698614425,1.4803940336891352
10.044999999999872,91.94084159624134,39.84209558409348,-0.08395195726346366,3.52766570989724,-0.10934193160043687,-0.01969544054569191,3.8296988760461765,9.691644097138584,0.0012099774168828586,0.010195471000920024,-0.31842089147466357,130.3778979667098,51.97361946273888,1.4804052389842093
10.045999999999871,91.94225773816137,39.84222167550531,-0.08398276125522232,3.5277428549704424,-0.1093467570547495,-0.01966488686707584,3.829783193800818,9.691639208732749,0.0012098174736022852,0.010195632387836141,-0.3184267537602592,130.37241348728816,51.98323535536064,1.4804056852593677
10.079999999999853,91.99047243645212,39.84645180099036,-0.08501802346803998,3.530356004892905,-0.10951097385139834,-0.01863937187334901,3.8326435774604692,9.69147283950501,0.0012040582329951558,0.010201191262527103,-0.31862607050026137,130.1841113265794,52.309146918588326,1.4804207711292594
10.106999999999838,92.0288145734134,39.84973339470075,-0.08582359122587728,3.532416416235576,-0.10964148388134191,-0.017843154528905964,3.8349047051390803,9.691340595682755,0.0011990346711375209,0.01020570111155852,-0.31878423262050515,130.03205320114336,52.5665174677053,1.4804326313851843
10.109999999999836,92.03307548015638,39.85009384377688,-0.0859122014792228,3.532644462990862,-0.10965598473429582,-0.017755665043560707,3.835155304951778,9.691325900055176,0.0011984515552573684,0.010206207189694191,-0.3188017930043941,130.01502041416788,52.595034424700614,1.480433942717499
10.128999999999825,92.06005231635515,39.85235755288669,-0.0864692147857952,3.5340841578004314,-0.10974781033839233,-0.017206097896350664,3.8367393914240893,9.691232819735282,0.0011946387428909855,0.010209434506826032,-0.31891292220106365,129.90650952253384,52.77526779710862,1.480442217943571
10.134999999999822,92.06856396556341,39.85306559171312,-0.08664360098816681,3.5345369446932384,-0.10977680190123199,-0.01703417905264465,3.8372385918648595,9.691203421064024,0.001193389205635824,0.010210461351505573,-0.31894797844756606,129.8720148532418,52.832048657877465,1.4804448204826453
10.15699999999981,92.09971065635477,39.85563408515546,-0.08727670958322421,3.5361878048125,-0.10988305546079505,-0.016410508366539275,3.83906513592541,9.691095600802191,0.0011885833599659546,0.010214255732458396,-0.319076310424452,129.7446003129527,53.039686017287025,1.480454319397269
10.19199999999979,92.14894652489296,39.859632272960745,-0.08826341642367758,3.5387789351394114,-0.11005163468105478,-0.015439670519253684,3.8419561963397455,9.690924202964597,0.0011799800804946875,0.010220372810066556,-0.31927948738711626,129.53888133042003,53.36818584335208,1.4804692901073144
10.195999999999788,92.1545427886529,39.86008243503748,-0.08837459859548233,3.539072170499759,-0.11007083809972985,-0.015330344148461609,3.842285002551734,9.690904651615387,0.001178907640806142,0.01022107696599075,-0.3193026051107781,129.51513575834923,53.40558377524049,1.4804709900176753
10.216999999999777,92.18380441622635,39.862423350183235,-0.08895308402589357,3.5406017345457506,-0.11017136510394178,-0.014761691549465699,3.8440040826535573,9.690802222324953,0.00117295806309776,0.010224786586833397,-0.3194235510375837,129.38968406865212,53.60142989420062,1.4804798774093662
10.253999999999756,92.23484498271195,39.86645758128221,-0.08995146483826029,3.5432560983766614,-0.11034702246577313,-0.013780880091433188,3.846996485143179,9.690622947981998,0.0011612173639753871,0.010231358012796793,-0.3196346597751044,129.16544368211598,53.94445425905763,1.4804953839186892
10.258999999999753,92.24169096568114,39.86699406007195,-0.09008439042053591,3.543610911413662,-0.110370597225829,-0.013650350393359236,3.847396648286659,9.690598864904766,0.0011595209602833303,0.010232247962482338,-0.3196629739053707,129.13482838967866,53.99060725067049,1.4804974644321471
10.276999999999743,92.26623236817233,39.86890851842631,-0.0905590524440773,3.5448805666187018,-0.11045513527457672,-0.013184365069493493,3.8488282393830344,9.69051246944221,0.0011532348804157281,0.010235453134375145,-0.319764459285736,129.0239995420023,54.15635629447862,1.4805049246127888
10.298999999999731,92.2959943515244,39.87121297402047,-0.09113097792840133,3.5464153891939536,-0.11055776143141957,-0.012623164569071154,3.8505587333877322,9.69040752503018,0.0011452256502231554,0.010239370255029107,-0.3198875229847782,128.88724117483855,54.35807790562976,1.4805139791776638
10.326999999999716,92.33346877784616,39.874090520659,-0.09184581568131894,3.5483397949572986,-0.11068723893790229,-0.011922164124004823,3.8527310047568846,9.690275045894301,0.0011345931428395485,0.010244348424120453,-0.320042526624705,128.7111247184959,54.61342952388441,1.4805254011401379
10.333999999999712,92.34276409728999,39.87480035530228,-0.09202226127197825,3.5488157537231646,-0.1107193946201833,-0.011749211299333276,3.853268691811827,9.690242138504292,0.0011318661854837495,0.010245590867518436,-0.3200809817100953,128.66673641442006,54.677022731096166,1.4805282385809768
10.369999999999692,92.39009211592139,39.87839167650342,-0.09291565937551724,3.551231475553978,-0.11088332126707337,-0.010874038134453885,3.8559987520605636,9.69007442509242,0.0011174921809894095,0.01025196344415621,-0.32027680371028466,128.43619516837313,55.002509198730124,1.4805427152997708
10.388999999999681,92.41473124743236,39.880247727736595,-0.09337776312576691,3.552484260615703,-0.11096881545908951,-0.01042172655082734,3.8574160277508804,9.689986999603681,0.0011097177192319005,0.010255314111873037,-0.3203787993923698,128.31300251031496,55.173227016822075,1.4805502764248697
10.424999999999661,92.46071428127263,39.883691603407485,-0.09423562011875164,3.5548135291534324,-0.11112867369550883,-0.00958262346876548,3.8600575773799557,9.689823584607513,0.0010946802929946873,0.01026163610783053,-0.3205693470898258,128.07672690428018,55.494641636478896,1.480564448869849
10.442999999999651,92.4833498899982,39.88537844801245,-0.09465600706983848,3.5559564522091747,-0.11120745265270797,-0.00917166029181727,3.861356205998652,9.689743074311703,0.001087022514855349,0.010264782740523674,-0.3206632322200881,127.9571935111523,55.654330642460636,1.4805714580770573
10.458999999999643,92.50326413570178,39.88685857698039,-0.09502497660440441,3.5569602221741867,-0.11127679605277217,-0.008811070449083469,3.862497885299073,9.689672214745366,0.001080151054035345,0.010267571050642686,-0.3207458811327629,127.85016455713344,55.79570032211696,1.4805776445773888
10.475999999999633,92.52420013002347,39.88841158339818,-0.09541215759190722,3.558013794623536,-0.11134974675353561,-0.008432762093958419,3.863698015817188,9.689597658554547,0.0010727893504348114,0.010270523979036068,-0.32083284584439975,127.73564802156044,55.94530687262551,1.4805841718474313
10.505999999999617,92.56055683776438,39.89110364493603,-0.09608328675038523,3.5598392742633136,-0.11147656275519728,-0.007777090691456816,3.8657835999413805,9.68946797489231,0.0010596304903315883,0.010275707348273539,-0.32098410126633176,127.53156327497557,56.2077992906818,1.4805955733349525
10.522999999999607,92.58081605265487,39.892602095749,-0.09645681574702629,3.560854538311315,-0.11154726760770071,-0.00741214875333249,3.8669465642297474,9.689395611016712,0.0010520701907292315,0.010278626323548234,-0.32106851411047227,127.41478935788763,56.35567595181793,1.4806019666651125
10.5369999999996,92.59730927835463,39.89382165135323,-0.0967607952049038,3.5616802454998666,-0.11160484250473204,-0.007115125327754038,3.8678937346384785,9.689336647976747,0.0010457892562800851,0.01028101881348961,-0.3211373046980784,127.31801396765206,56.47698046230103,1.480607194533906
10.559999999999587,92.6240180733644,39.89579724180898,-0.09725310458569884,3.563015938344885,-0.11169812059648988,-0.006633971586509139,3.869428954063475,9.689241030631253,0.0010353664678339797,0.010284924283024497,-0.32124886184736645,127.15783753591094,56.67532526596133,1.480615709234481
10.591999999999569,92.66033725104194,39.89848908248704,-0.09792344954851526,3.564829428296383,-0.11182510461375879,-0.005978433512187343,3.8715217043130803,9.689110621027883,0.0010206246677724122,0.010290297470819281,-0.3214009616841062,126.93253953708266,56.94931757430388,1.48062740040017
10.592999999999568,92.6614560670422,39.898572152867054,-0.09794412606023976,3.564885249002035,-0.11182901858444787,-0.0059582041478481295,3.8715862739777274,9.689106596321913,0.0010201589427728207,0.01029046410016479,-0.3214056548681935,126.92545336371425,56.95784268687783,1.4806277627991407
10.603999999999562,92.67369779457192,39.89948177641348,-0.09817049850531487,3.56549588455165,-0.1118718502128594,-0.005736685922080206,3.87229311644712,9.689062534540062,0.0010150152111096204,0.010292291411212089,-0.3214570354283109,126.8473236818591,57.05146942754634,1.480631737274999
10.639999999999542,92.71291762716842,39.90240617838971,-0.09889780458806752,3.567451058990451,-0.11200911871074579,-0.005024397977888171,3.874561366559762,9.688921089148968,0.0009979281338409773,0.010298193426951917,-0.3216220028995502,126.58930596777523,57.35595527578404,1.4806445904166852
10.649999999999537,92.72358500983573,39.90320443383058,-0.09909623234736138,3.5679826903623084,-0.11204643894358875,-0.004829905975199066,3.8751786671161716,9.688882576862104,0.0009931241356572339,0.01029980972339935,-0.32166694824796804,126.51700656490105,57.44000619298275,1.480648118320651
10.665999999999528,92.74045081595452,39.90446911014326,-0.09941053634202562,3.5688232541773597,-0.11210541384824865,-0.00452169819918719,3.8761544352871353,9.688821677422563,0.0009854066287380602,0.01030237332165423,-0.32173806182273185,126.40076280755044,57.5740057430533,1.4806537241541908
10.695999999999511,92.77140058603317,39.90679938941247,-0.09998936181615584,3.5703657865252727,-0.11221358962146981,-0.003953658645358805,3.8779449663785646,9.68870984169317,0.0009708971740174527,0.010307101997274129,-0.3218687554187671,126.18094168338945,57.82364437096687,1.480664105033976
10.728999999999493,92.80439125281801,39.90930218382413,-0.10061015538350522,3.5720095435947923,-0.11232905189588882,-0.0033437052342122266,3.879858645166334,9.688590243860055,0.000954920492349072,0.010312178561214799,-0.3220085246924957,125.93635003759184,58.0957955148347,1.4806753253991305
10.730999999999492,92.80635320746812,39.909451865230814,-0.10064723647465945,3.5721072724059306,-0.1123359323559258,-0.003307242288668036,3.8799728370542566,9.688583107533145,0.0009539499403454965,0.010312481786804028,-0.3220168594027581,125.9214329713707,58.112206296572964,1.480675998662633
10.75099999999948,92.82572150738925,39.910936272126115,-0.1010145813603551,3.5730718707686853,-0.11240399732208693,-0.0029457905452301217,3.8811039477555256,9.688512437615735,0.0009442030384189124,0.010315484476995948,-0.3220993292477078,125.7716786479715,58.27578732485613,1.480682688444556
10.779999999999465,92.85295377086847,39.91304914217931,-0.10153602077861654,3.574427896439671,-0.11250021745533402,-0.0024318137768723803,3.88270880713324,9.688412268247523,0.0009298260900267655,0.010319736521304834,-0.32221597717568207,125.55265894486213,58.51126766760741,1.480692249160052
10.797999999999455,92.86932422517805,39.914337475083435,-0.1018530578657572,3.575243515063641,-0.11255838527948804,-0.0021186558200623554,3.883682702700504,9.688351540203694,0.0009206807940404251,0.010322309371771388,-0.32228654483795677,125.4156059482268,58.65640009338727,1.4806980995563506
10.815999999999445,92.88527160094128,39.9156084200692,-0.10216508948375191,3.57603891002456,-0.11261531107604567,-0.0018098591920575335,3.884638261215213,9.688291967934477,0.0009113296384851541,0.010324826753654426,-0.32235564278521367,125.2777082811837,58.80073903856346,1.4807038851662204
10.829999999999437,92.89737219202723,39.91658507264084,-0.10240433040890491,3.5766431916115513,-0.1126587129410854,-0.0015726545115631336,3.885368267513571,9.688246442751282,0.000903902398024434,0.01032674370580892,-0.32240833716734246,125.16987343410045,58.912450785192966,1.4807083400067342
10.857999999999421,92.92074237060545,39.91850774665998,-0.10287372549655892,3.577812383570055,-0.112743182711962,-0.0011059500202698514,3.886792274308222,9.688157527273269,0.0008886039054988515,0.010330460696474518,-0.3225108690708561,124.95268743470105,59.13441527444374,1.4807171304742057
10.873999999999413,92.93358125923349,39.919588368114574,-0.10313651832173212,3.578456145070532,-0.11279002478897063,-0.0008438058023948567,3.887583461537183,9.688108019735617,0.0008795733336774462,0.010332508891565973,-0.3225676860240863,124.82767873790621,59.26037276903731,1.4807220817219102
10.912999999999391,92.96324445543236,39.9221686172014,-0.10376068567028439,3.5799491481001486,-0.11289974637418651,-0.00021835020617321822,3.889438103676049,9.687991470028145,0.0008566352603793508,0.010337244911566906,-0.32270051825436896,124.52024389485068,59.56468918421737,1.4807339290974606
10.919999999999387,92.96831630839998,39.92262380272861,-0.10387026592834568,3.58020541522208,-0.11291876438980546,-0.00010809659024142021,3.889759414773733,9.687971184497815,0.0008523795986443163,0.01033805375476218,-0.3227234841393328,124.46465669072937,59.61890115856835,1.4807360220608092
10.945999999999373,92.98645783231814,39.924293756843724,-0.10427075271122911,3.581124959861631,-0.112987580348895,0.0002961053756811126,3.8909208719528974,9.687897569308278,0.0008362065049156503,0.01034094032937192,-0.32280637317063193,124.25711480173511,59.81916153349082,1.4807437058019262
10.955999999999367,92.99313779334719,39.92492744861317,-0.10442205634645486,3.58146486726053,-0.11301327437407614,0.00044935399733945364,3.891353847882625,9.687869998456149,0.0008298333249910025,0.010341999313922792,-0.3228372214794465,124.17684198470013,59.89572170924394,1.4807466230346915
10.96899999999936,93.00157055209182,39.9257442016403,-0.10461649868483468,3.581895186800439,-0.11304602476156148,0.0006467564726509688,3.8919049717606384,9.687834791474701,0.0008214238674762475,0.010343331814890612,-0.32287644915301295,124.07211638160608,59.99486329655048,1.4807503835959785
10.998999999999343,93.01992962379393,39.927599050917586,-0.1050555613425727,3.5828378859956165,-0.11311875611921357,0.0010945132306385812,3.8931246966927597,9.687756361920142,0.0008015072339753868,0.010346209696222793,-0.3229631236922079,123.82885089278656,60.221973931870984,1.4807589232607028
11.019999999999332,93.03184616572194,39.92887299632427,-0.10535492850800161,3.583455197737116,-0.1131672762622373,0.0014015177435947254,3.893934275293526,9.687703862255052,0.0007871717848889029,0.010348054945582092,-0.3230205285252572,123.65725358850558,60.379549059607264,1.4807647847431171
11.032999999999324,93.03882911253295,39.92965171364746,-0.1055369714766625,3.5838194413117823,-0.11319630963345746,0.0015889342259945791,3.8944168553690197,9.687672379662581,0.0007781457639955717,0.010349125381095992,-0.323054688098059,123.55048937944217,60.476512948628326,1.480768364743383
11.069999999999304,93.05702605017956,39.931827354313306,-0.1060414957001474,3.58478041538752,-0.11327465132522323,0.00211146858703002,3.895710757194122,9.687587180275592,0.0007518752558162644,0.010351863664311471,-0.323146025245854,123.24439154680313,60.75003067398693,1.4807783481099241
11.085999999999295,93.06411515844168,39.93274984255295,-0.10625349457985436,3.5851610302693233,-0.11330652434684108,0.002332502712983027,3.8962331189895627,9.687552413979098,0.0007402772857750798,0.010352903927707912,-0.3231827772531614,123.11101044072328,60.867175096789,1.4807825696628696
11.11199999999928,93.07461280769414,39.934225781417986,-0.1065901100462192,3.585733988217229,-0.11335568197051495,0.00268541818941879,3.8970334591557294,9.687498665380824,0.000721168746264933,0.010354406130662247,-0.32323889890992563,122.89297208536819,61.05606360368393,1.4807893046515304
11.145999999999262,93.08640535486484,39.936113567426716,-0.10701572065221536,3.586397543076183,-0.11341492230668156,0.0031354000749677004,3.897988425919895,9.68743364583939,0.0006957618150917253,0.010356014855248721,-0.32330545524068044,122.60544990701936,61.300302844192395,1.480797874696142
11.14899999999926,93.0873396852185,39.936277874503254,-0.1070524895303083,3.586451420872009,-0.11341986964214365,0.0031744867811815923,3.8980676530336553,9.68742820162045,0.0006935005472943597,0.010356137300451486,-0.32331095167524787,122.5799509979177,61.32170179531143,1.4807986177983699
11.168999999999249,93.0931253065039,39.937364021824145,-0.10729439116034437,3.586791216152254,-0.1134516744981671,0.003432538635641004,3.8985748469519854,9.687393139775967,0.000678357756241237,0.010356872371020969,-0.32334602158472703,122.40942625085601,61.463729943857224,1.480803516971079
11.194999999999235,93.09948742468575,39.93875231829265,-0.10760053913867215,3.587182421764365,-0.11348991975343174,0.003761510049671197,3.8991795002078713,9.687350803372764,0.0006585228983507888,0.010357616018296049,-0.32338749504396763,122.1863694726726,61.64671704824935,1.4808097418529562
11.215999999999223,93.10366385524797,39.93985442578027,-0.1078410179347355,3.587456681808881,-0.1135182042842709,0.004021947091376774,3.8996225776478894,9.687319329726824,0.0006424071371423684,0.010358040998123964,-0.32341756691387263,122.00508364661854,61.79314466294274,1.4808146491282859
11.243999999999208,93.10788959571912,39.941297725641945,-0.10815234155727124,3.5877645666542897,-0.1135522284665165,0.0043620180191463465,3.9001501697557948,9.68728121025377,0.0006208302568847386,0.010358362499267412,-0.3234528658574862,121.76182135690857,61.98646459844325,1.4808210220977072
11.261999999999198,93.10979308655733,39.942210040190204,-0.1083469210031336,3.587927685139807,-0.11357184532660786,0.004576376741090793,3.90045122089222,9.687259051339767,0.0006069278914069256,0.010358420810443946,-0.3234726490935808,121.60451269193598,62.10957795499359,1.4808250150225712
11.283999999999185,93.11125345228726,39.943308887706486,-0.10857890172237401,3.5880901449582954,-0.1135933938613143,0.0048339247095155625,3.9007787460756234,9.68723448575941,0.0005899231526740655,0.01035833394079988,-0.3234937251910217,121.41127172900678,62.258805633942664,1.4808297833251247
11.313999999999169,93.11170913901303,39.944779112596514,-0.10888502761283773,3.588246603333034,-0.11361842500567783,0.00517740135516263,3.9011538327908255,9.687205490701032,0.0005667452475678626,0.0103579342909438,-0.32351694930134034,121.14604995391008,62.46007900593991,1.4808360846082487
11.34799999999915,93.11008569726229,39.94640689763723,-0.10921796225136238,3.588333834054743,-0.11364065896039512,0.005556157379909735,3.901479537937532,9.687178958556897,0.0005405456771740169,0.010357087700663388,-0.32353556560012525,120.8431070063631,62.6850712501429,1.480842941673792
11.34899999999915,93.11000356296286,39.946454165267205,-0.10922753178537431,3.5883349576738435,-0.11364121367528116,0.005567131032259545,3.9014875267139963,9.68717828031286,0.0005397767801285833,0.01035705645123228,-0.3235359892137872,120.83415934130656,62.69163825411062,1.48084313873064
11.379999999999132,93.10648482526939,39.94790251005719,-0.1095179551883067,3.588329159406122,-0.1136555851732325,0.005902689162559965,3.9016903290056923,9.687160155059164,0.0005160014619024837,0.010355907166785173,-0.3235456115481307,120.55572688837594,62.89377879687851,1.4808491152328807
11.413999999999113,93.1004673387568,39.94945393794286,-0.10982199278063923,3.5882347256596883,-0.11368730497957935,0.006246119123909837,3.9018450334150696,9.687139496156377,0.0004894420285937349,0.010354545805901545,-0.32354833960139356,120.24802234897236,63.11226400777009,1.4808553720802415
11.442999999999097,93.09357313429109,39.95074739872593,-0.11007027757916649,3.588085785094447,-0.11371096814018204,0.006531938159947981,3.901886986593675,9.687124954126176,0.000466239555658624,0.010353505145181057,-0.3235441710878802,119.98367196660382,63.29593967536818,1.4808604545727635
11.47399999999908,93.08439994205419,39.952100318380836,-0.1103257693861414,3.587853072061379,-0.113729044037283,0.0068332396349458785,3.9018400928576167,9.68711436849648,0.00044134237467449396,0.01035246207083252,-0.32353321861334156,119.69918771217354,63.489535250029256,1.4808656183782631
11.476999999999078,93.08341340814073,39.95222963747524,-0.11034991238711639,3.587826348486811,-0.11373028443933186,0.00686219248937012,3.9018306412150228,9.687113658932565,0.0004389370662355195,0.010352360646157327,-0.3235318051913405,119.67155366453092,63.50811893193747,1.4808661029384107
11.502999999999064,93.07413996280007,39.953338684245296,-0.11055480356619064,3.5875639871595495,-0.11373702074391664,0.00711152854090384,3.9017129594321642,9.687110118056657,0.00041816418059427104,0.010351442718549006,-0.3235169534010446,119.43130220243096,63.66805359124404,1.4808701876070711
11.523999999999052,93.06571187551913,39.95421930185343,-0.11071464926345827,3.5873125680028513,-0.11373714037693251,0.0073106880513124795,3.901571639015649,9.6871109425942,0.00040152746475942484,0.010350615381153134,-0.3235015662361284,119.23627085982544,63.795755034634276,1.4808733335996656
11.541999999999042,93.05782916985825,39.95496351370721,-0.11084770265918141,3.587069610552754,-0.11373346511576334,0.00747966713610811,3.90141822487122,9.687114464546518,0.0003874087817385192,0.01034981697031586,-0.32348598230322667,119.0684100943531,63.90415835382688,1.4808759188666745
11.56399999999903,93.0473794579117,39.9558600139094,-0.11100543142704149,3.5867389212840926,-0.11372431935082421,0.007683878735996522,3.9011911335877043,9.687122427888625,0.00037037081069121513,0.010348702208560311,-0.3234639579903203,118.86238949640976,64.0353230643835,1.4808789368062565
11.579999999999021,93.03922314689746,39.95650309329285,-0.11111680794301886,3.5864755213053265,-0.11371453903505216,0.007830718321635581,3.900999219182179,9.687130773480163,0.00035815086804284984,0.010347781270534219,-0.32344590112058513,118.71196954476463,64.12979435013854,1.4808810325179518
11.604999999999007,93.02555377620584,39.95749309806796,-0.11128529822204836,3.5860261246852305,-0.11369420260038385,0.008057219870797988,3.9006553755504574,9.687148073328489,0.00033937397475079496,0.010346134336586476,-0.32341428652172644,118.47595984517787,64.2758460424908,1.48088413835854
11.609999999999005,93.02268596104493,39.95768895664058,-0.11131819586653889,3.5859307916752075,-0.11368942291403597,0.008102082223630755,3.9005802881433667,9.687152145039807,0.0003356670394692432,0.010345772503147442,-0.32340747012550475,118.42861585610852,64.30482743283143,1.4808847347308718
11.631999999998992,93.0095440167754,39.95854235834637,-0.11145982171964999,3.5854901174931495,-0.11366570470420599,0.008297715741674556,3.900225371425008,9.687172409825786,0.00031955455756300444,0.010344044282100935,-0.32337554362537124,118.21974495576688,64.43143581459272,1.4808872603575123
11.65399999999898,92.9955601198254,39.95938227294771,-0.11159643072997602,3.5850155051783217,-0.11363782276477387,0.008490451560997519,3.899831169779122,9.687196367740516,0.00030377082519449235,0.010342084340600403,-0.32334049728102,118.00997374958533,64.55655696043503,1.4808896256775492
11.680999999998965,92.97727067135274,39.96039496028018,-0.11175737870785525,3.584387892333135,-0.11359834884551878,0.008722987449771838,3.8992949899421387,9.687230526090216,0.0002848568413964483,0.010339346205401025,-0.3232932907012418,117.75131262874746,64.7080728765452,1.4808923103622134
11.698999999998955,92.96440152801229,39.96105917211493,-0.11186065522213656,3.583942563897341,-0.1135690649395399,0.00887553874231806,3.8989061938100793,9.687256035682823,0.0002725295135850984,0.01033730989504227,-0.3232592939596762,117.57813741804466,64.80782814077261,1.480893967527422
11.729999999998938,92.94100186675135,39.96218299917516,-0.11203116306942108,3.583126673213691,-0.11351357545426251,0.009133588718854857,3.898179306742691,9.687304743934389,0.00025182979947925056,0.010333396773616275,-0.323196105236985,117.27853353109091,64.97726377165613,1.4808965758067938
11.76199999999892,92.91525548870861,39.96331692365641,-0.11219768046054644,3.5822218019254635,-0.11345025996972724,0.0093937052740279,3.8973549431317362,9.687360891536645,0.00023117031489062984,0.010328810112068319,-0.32312487097337694,116.96749103988464,65.14901095281647,1.4808989474919367
11.790999999998904,92.89057778461861,39.964322107061115,-0.1123390142837987,3.5813484305661376,-0.11340437322942315,0.009633770074624688,3.8965637060156366,9.687388275509079,0.00021287542318630806,0.010324057951240403,-0.32305520709018914,116.68408016563525,65.30187433550819,1.4809008201352054
11.819999999998888,92.86466004626338,39.96530638773212,-0.11247672093640045,3.5804326306236764,-0.11335998064355864,0.009878123827330948,3.895726618446719,9.68740861842388,0.00019409335398122047,0.010318236093042136,-0.32298092166672837,116.39924204072764,65.4520785623436,1.4809024140040183
11.83599999999888,92.84984523352516,39.965840573861755,-0.11254894278296397,3.57991104091105,-0.11333277617195106,0.01000910187703709,3.89524025013127,9.687423724315364,0.00018360388413951373,0.010314578565617712,-0.3229380100065812,116.2414882808016,65.53380691562386,1.4809031645782416
11.866999999998862,92.8201600068097,39.966858108986905,-0.11268175391201964,3.5788654516498353,-0.11327080653294716,0.010251624194197895,3.894242789952112,9.687468437683311,0.00016342429613087174,0.010306717502875587,-0.3228510169191802,115.93464211308141,65.68983323642647,1.480904342420126
11.896999999998846,92.79025662274883,39.967821376776854,-0.11280255994000614,3.577806613220188,-0.11319950250473318,0.010472304222553833,3.8932088588345755,9.687531531675521,0.00014449133558110756,0.01029838918098911,-0.3227621370484424,115.63621389374836,65.83789773398861,1.4809051250363159
11.901999999998843,92.78516438797315,39.96797990349228,-0.11282200849961005,3.5776255409943594,-0.11318668623608842,0.010507874175569488,3.893030230502648,9.687543679255075,0.00014141447913932058,0.01029695212831918,-0.3227468898648547,115.58633632831572,65.8622941299361,1.4809052211626925
11.920999999998832,92.76554110263174,39.968577109384086,-0.11289420512221898,3.5769256741347215,-0.11313595991494126,0.010640270616637979,3.892335573784629,9.687593317529842,0.0001299552972547099,0.010291398656621166,-0.322687854779751,115.39644235181942,65.95426618313512,1.4809054980091563
11.939999999998822,92.7454990973991,39.9691661627606,-0.11296378705645745,3.576207698392971,-0.11308251353982388,0.010768763590285236,3.8916164483505313,9.687647511073164,0.00011889283586153661,0.010285732783671364,-0.322627130998437,115.20598509018748,66.04507319846601,1.4809056371031206
11.966999999998807,92.71633445031834,39.96998939814439,-0.11305837419131101,3.575158107946103,-0.11300297098832554,0.010945742542754674,3.8905542506546533,9.687730207748716,0.00010392404960172895,0.010277554745304757,-0.32253806101820653,114.93438063974568,66.17210428985776,1.4809056054983143
11.971999999998804,92.71084930743716,39.97014008408626,-0.11307535531047058,3.574960168677597,-0.112987867305279,0.010977883876918717,3.8903525641057257,9.687746076552965,0.00010125571511331358,0.010276028783859113,-0.3225212220289164,114.88396198678511,66.19536893967681,1.4809055710181955
11.990999999998794,92.68977673856836,39.970707710190744,-0.11313840396712041,3.574198430469763,-0.11292960488914128,0.011098418331792651,3.889572621036005,9.687807568176696,9.143016148541362e-05,0.010270206568756914,-0.322456291195513,114.69202888245941,66.28303290530995,1.4809053612134648
12.022999999998776,92.65351144194818,39.971646079801225,-0.11323946032384259,3.572883704885015,-0.11282891438446147,0.011296237527519591,3.8882135394365633,9.68791433097834,7.607128073587561e-05,0.010260338287073354,-0.32234371803971595,114.36756466171325,66.42801613979954,1.480904737412913
12.038999999998767,92.63504008237133,39.9721070741408,-0.11328766613000635,3.572212779435726,-0.11277758346987204,0.011392927369772895,3.8875143540476644,9.687968801704573,6.898262402242546e-05,0.010255382492681929,-0.3222860078498055,114.20477307810201,66.49925158459925,1.4809043047778447
12.062999999998754,92.60694517967421,39.9727884691018,-0.1133571999323806,3.5711913480392408,-0.11269955029937961,0.011535377863063166,3.8864434844061377,9.688051535880582,5.911871339922081e-05,0.010247927410862319,-0.32219778466055154,113.9598987765556,66.60452956779142,1.480903513612578
12.098999999998734,92.56401632212292,39.97378817338838,-0.11345557533786099,3.569629890590391,-0.11258047816189744,0.011743524056606143,3.884793358020067,9.688177518039051,4.609270271313873e-05,0.010236704509432416,-0.32206201101197596,113.59107132058591,66.75889087411517,1.480902027075523
12.101999999998732,92.56040018858705,39.97387028392145,-0.11346346665042036,3.5694983803659692,-0.11257045776204927,0.011760579927224048,3.8846537360408417,9.688188104705915,4.510372623013848e-05,0.01023576738012103,-0.3220505234358763,113.56025491351969,66.77156121066652,1.4809018878470588
12.116999999998724,92.54223776192552,39.97427809990051,-0.11350224355435067,3.5688380025930524,-0.11252015268025455,0.011845207729575098,3.883951262855589,9.68824121864626,4.0380642267333735e-05,0.010231077943686478,-0.3219927121963471,113.40598908810416,66.83446628097029,1.4809011580029416
12.149999999998705,92.50184326200787,39.97515939382048,-0.1135837228932689,3.56737063625163,-0.11240841973799914,0.012027661014559664,3.8823828942205645,9.688359003713439,3.127314261823635e-05,0.010220742215891988,-0.321863481853994,113.06554068916607,66.97023197138022,1.4808993639749195
12.166999999998696,92.48082878989902,39.97560496461287,-0.1136237519305178,3.5666083127350903,-0.1123503845772804,0.012119719718397185,3.881564362883248,9.688420091863472,2.7252798867714726e-05,0.010215409879978479,-0.3217959102617211,112.88959748246657,67.0387594160048,1.4808983449919104
12.175999999998691,92.46965433440037,39.97583856005081,-0.11364443527347437,3.5662033049795405,-0.11231955424924113,0.012167941809621323,3.8811285152092245,9.68845252114825,2.5303902821053497e-05,0.01021258530003897,-0.32175988719267656,112.79629923467363,67.07464892979823,1.4808977809843549
12.209999999998672,92.42717789999749,39.97670685392309,-0.11371950434153834,3.564666064079297,-0.11220352932439616,0.012346328433424742,3.87946759590321,9.688575127669226,1.90472905695888e-05,0.010201922494895588,-0.32162239707097484,112.44290648394686,67.20779114548944,1.4808955065224818
12.221999999998665,92.41210290002272,39.97700801370806,-0.11374489398180686,3.5641214555382836,-0.11216241719662164,0.012408174809800606,3.878877416069172,9.688618469275644,1.723703073818958e-05,0.010198163674141015,-0.3215733959057074,112.31783302034226,67.25385925260375,1.4808946527192666
12.243999999998653,92.38437902270387,39.97755305133292,-0.11379009824603865,3.5631214897361327,-0.11208686044008831,0.01252019609975646,3.877791192164559,9.688697968221119,1.4421847139335544e-05,0.010191278601286463,-0.32148300720260486,112.08807129429493,67.33706331173052,1.4808930235431896
12.283999999998631,92.33378022754555,39.978520836294926,-0.11386813286104551,3.5613024586770305,-0.11194904482295687,0.01271963289962398,3.875806228027744,9.68884236515644,1.0863803898003511e-05,0.010178776140765193,-0.32131716291953694,111.66882997006776,67.48417462691476,1.4808898683077962
12.305999999998619,92.30590233041224,39.97904055590535,-0.11390892198569073,3.5603036435206032,-0.1118732427578871,0.012827036403831416,3.8747113851360133,9.688921501495733,9.70066149970166e-06,0.010171905435819369,-0.32122533000703574,111.4374472856342,67.56278651122413,1.480888038097979
12.336999999998602,92.2666374753755,39.97975801500054,-0.11396405396611967,3.558900956224887,-0.11176681290217394,0.01297561429566372,3.873167712944917,9.689032417616133,8.938759073176604e-06,0.010162229534963794,-0.32109545463987976,111.11047259000945,67.67077974285806,1.4808853596141305
12.369999999998583,92.22495357381081,39.98050294671131,-0.11402001978637874,3.5574171822682428,-0.11165443672559049,0.013130209022961817,3.8715262175680705,9.689149470573494,9.18462529932916e-06,0.010151940853411126,-0.3209569094662915,110.76123376730997,67.78215957723793,1.4808823970904428
12.404999999998564,92.180985605745,39.98127221116236,-0.11407665626962576,3.5558579859862394,-0.11153674736887584,0.013290136135994475,3.869791294967186,9.689272182656923,1.0567637212876115e-05,0.010141053815953798,-0.32081005024437453,110.3895551761853,67.89624256687037,1.480879150430895
12.431999999998549,92.14731457015662,39.98185126104929,-0.11411867769479417,3.554668057370941,-0.11144725592068246,0.013410690050362007,3.868459826327415,9.689365682640535,1.2388584400348647e-05,0.010132684859799424,-0.32069708872697444,110.10196520795432,67.98139500378761,1.4808765856323625
12.455999999998536,92.11761559153268,39.98235562257674,-0.11415496997687356,3.553621553365942,-0.11136878144719409,0.0135158143986897,3.867283097745051,9.689447858188664,1.454543205374226e-05,0.010125277073777408,-0.320597098423271,109.84571564320945,68.05499393924904,1.4808742701762385
12.479999999998522,92.0881725722035,39.98285037824048,-0.11419038023564881,3.552586911273965,-0.11129139862906173,0.013619045980636782,3.8661143573786894,9.68952908678271,1.720066072736842e-05,0.010117907438952826,-0.3204976476119521,109.58890420556439,68.12661985752929,1.4808719277782114
12.494999999998514,92.06991715487811,39.98315477943924,-0.11421211487593787,3.5519468575239905,-0.11124361886267058,0.013682618663768745,3.8653886089927463,9.689579348037041,1.9109616220709452e-05,0.010113324651486458,-0.3204358248145871,109.42811858235012,68.17038249215398,1.4808704528128442
12.50299999999851,92.06023096101653,39.98331562355369,-0.11422359496431161,3.551607716820108,-0.11121832660406761,0.01371623060499725,3.8650031698521863,9.689605989285152,2.020557013373474e-05,0.010110888736908272,-0.3204029715955333,109.34228027031735,68.19340653682953,1.480869663335035
12.517999999998501,92.04216906127115,39.98361440752626,-0.11424492973878532,3.5509762157039315,-0.11117126950675613,0.013778709192910557,3.864283741148777,9.689655624325598,2.240607423475879e-05,0.010106338285148033,-0.32034161582927123,109.18117466417152,68.23598351146487,1.4808681786764557
12.550999999998483,92.00292788426518,39.98425901501805,-0.1142910928819908,3.549608281871329,-0.11106989605267421,0.013913407085645604,3.8627170862492735,9.689763186025445,2.7922649717123087e-05,0.010096419417621055,-0.3202078936263008,108.82602989085784,68.32692602577342,1.480864898325731
12.564999999998475,91.9865019317421,39.98452726358973,-0.11431038390934958,3.5490373323337994,-0.11102771785502331,0.013969484368694256,3.8620601367415066,9.689808114129598,3.0543446114072125e-05,0.010092256456895056,-0.32015174925933343,108.67507406686262,68.36437330897506,1.4808635034920667
12.586999999998463,91.96097860585103,39.98494259354675,-0.11434044531144708,3.548152240692112,-0.11096242472737174,0.014056406008039297,3.861038063126191,9.689877851512884,3.499117863595949e-05,0.01008577539288162,-0.32006430853366047,108.43752090345642,68.42185148619106,1.480861311272187
12.618999999998445,91.92453239094235,39.985533342884075,-0.11438378468031632,3.546893260316212,-0.11086961798092769,0.014180350184734493,3.8595757126629358,9.689977334184132,4.21693691998475e-05,0.01007649393759647,-0.3199390075935138,108.09127598708137,68.50246790484864,1.4808581290571396
12.62999999999844,91.91220143274023,39.98573279757498,-0.1143986106456943,3.5464687072598498,-0.1108383204147632,0.014222296354554435,3.8590802209217006,9.690010973188182,4.482903022480375e-05,0.010073346407291964,-0.31989649576534535,107.97206486350284,68.52936071778583,1.480857038776773
12.635999999998436,91.9055197858878,39.98584081846002,-0.11440668640693616,3.5462389652520696,-0.11082138237532928,0.01424503611481318,3.8588115973494768,9.690029196887677,4.632068414860672e-05,0.010071639314997828,-0.31987343533546214,107.90700069838863,68.54385271566193,1.4808564451474566
12.672999999998416,91.86503752064108,39.98649501776145,-0.1144563957701169,3.5448518389102612,-0.11071906829732923,0.014383127243854127,3.857182245511238,9.690139552884405,5.614314508470947e-05,0.01006127182770047,-0.3197333378976905,107.50516514395392,68.63045919306045,1.4808528059799275
12.693999999998404,91.84264089887046,39.98685729663107,-0.114484626508424,3.54408827013682,-0.1106626862036999,0.014459917864121043,3.8562794771729534,9.690200574450648,6.218228484425428e-05,0.010055516346204454,-0.3196555381182237,107.27664656932036,68.67749803057568,1.480850761315328
12.73599999999838,91.79919493069865,39.9875626180097,-0.11454139468614342,3.5426159335038885,-0.11055377251779813,0.01461020771516981,3.8545257773491426,9.690318887483322,7.522729765178308e-05,0.010044306251375723,-0.3195039960216739,106.81868194565891,68.76696999588972,1.4808467313387885
12.757999999998368,91.77719120765109,39.98792200022096,-0.11457140042897097,3.541875163156683,-0.11049885332506619,0.014687243732123089,3.8536365628730516,9.690378771700914,8.255151230801138e-05,0.010038603132416488,-0.3194269179080601,106.57832461520975,68.81138182561776,1.4808446581257668
12.786999999998352,91.74902019204487,39.9883853385322,-0.11461137013852339,3.540932265017879,-0.11042878739826455,0.014787101285354803,3.8524970983281244,9.690455406814856,9.269484950483333e-05,0.010031271932880673,-0.31932788777740323,106.26102089397762,68.86734252955037,1.4808419716715735
12.810999999998339,91.7264493165682,39.98875998111172,-0.11464488004961731,3.540181716187961,-0.11037286683198903,0.01486833073843885,3.851583496794959,9.690516769599919,0.00010149128547214521,0.010025371027243535,-0.3192482481318444,105.99803920321487,68.91143147870649,1.4808397928331525
12.822999999998332,91.71542321060724,39.98894434816176,-0.11466179952532257,3.53981677938957,-0.11034562615247324,0.014908477168146698,3.851137064040835,9.690546728261376,0.00010601923827025992,0.010022478630524724,-0.3192092437233048,105.86642270174971,68.93272012040244,1.4808387197898818
12.884999999998298,91.66132069365392,39.989866137546485,-0.11475131255688024,3.538045078644828,-0.110212792403051,0.015111153544233091,3.848945499939491,9.690693525698903,0.00013067744072418138,0.010008173541900858,-0.3190168060207759,105.18515403757958,69.03467327988449,1.4808333691944686
12.929999999998273,91.62518308293215,39.99050364223444,-0.11481883520664415,3.5368827374515783,-0.11012500682649884,0.015253494918036455,3.847481519057003,9.690791303542449,0.00014976055005640497,0.009998486641337689,-0.31888716884765106,104.68948057995395,69.10022283861211,1.4808297121147243
12.95399999999826,91.60702900921675,39.99083308549236,-0.11485585629096921,3.5363067561557533,-0.1100812629112071,0.015327858184517323,3.8467462061501867,9.69084031203186,0.00016028906325567607,0.009993567861320163,-0.31882165053380146,104.42474800044572,69.13227242719958,1.48082784780308
12.956999999998258,91.60481555468503,39.99087375705207,-0.11486053670565512,3.5362369446614195,-0.11007594789386198,0.015337079742499826,3.8466565594098867,9.690846281764243,0.0001616209898960492,0.009992965322704248,-0.3188136421160204,104.39163926029202,69.13613617068629,1.4808276191838827
12.979999999998245,91.58826198494563,39.9911818547154,-0.11489681963491902,3.535717968988711,-0.11003634158250657,0.015407238622715659,3.8459862640998774,9.690890880248556,0.00017194265081878145,0.0099884376788328,-0.31875360347320303,104.13768446414208,69.16470597410473,1.4808259000708726
13.018999999998224,91.56189878223036,39.99168945437697,-0.11496002651948463,3.5349042964786412,-0.10997385521617398,0.015524066800386416,3.8449194801861966,9.690961713649418,0.00018984964903606664,0.009981136113800089,-0.3186573908076775,103.70660526931663,69.20889317827555,1.48082312605266
13.039999999998212,91.54860829012067,39.99195518671889,-0.11499499839170331,3.5345013022083154,-0.10994267230475836,0.015585899684415217,3.8443819358372173,9.690997331433637,0.0001996801000266876,0.009977403143064714,-0.3186085583851077,103.47426557151144,69.23046627461412,1.4808217089728055
13.0609999999982,91.53596017539195,39.992215697399395,-0.11503065388106877,3.534123169680405,-0.10991323245517531,0.015646994510817136,3.843870603353509,9.691031163499444,0.00020963023819430796,0.009973811116768738,-0.318561847459079,103.24178522130389,69.25048436538142,1.4808203475339754
13.084999999998187,91.522298009751,39.99250712167001,-0.11507225118117344,3.5337215433712856,-0.10988173804277884,0.01571591961008509,3.8433187872272234,9.691067620168512,0.00022113319881030666,0.009969880237672896,-0.31851109571049446,102.97593457521926,69.27145719713148,1.4808188615923872
13.145999999998153,91.4914281201034,39.99321827395033,-0.11518222051881631,3.5328486036262903,-0.10981211057046682,0.015886927157871395,3.842074752272793,9.691149576103193,0.0002508770529712405,0.009960737444582776,-0.3183949584856812,102.29957178520824,69.31561141470748,1.480815433824069
13.176999999998136,91.47787801050042,39.9935638472667,-0.11524049319226709,3.532486553523447,-0.10978250819604463,0.01597158647907527,3.84153095596928,9.691185271755518,0.00026620079570833675,0.009956563569285712,-0.3183431182084671,101.95554616022578,69.33301349638931,1.4808138907811037
13.201999999998122,91.46800518906798,39.993834973190395,-0.11528868126884093,3.5322346219039717,-0.10976148895003326,0.01603879234779389,3.8411361940324467,9.691211111866904,0.00027861991198240065,0.00995343158640498,-0.31830487330439844,101.67798955840641,69.34457365921108,1.48081274706494
13.212999999998116,91.46396002238899,39.99395216326022,-0.11531022636891877,3.5321351085593555,-0.1097530487221773,0.016068067341019336,3.8409748946410542,9.69122164630549,0.0002840959478663964,0.009952119962851677,-0.31828905731906304,101.55583666903497,69.34896025162651,1.480812272730545
13.22399999999811,91.46009729072868,39.994068081148136,-0.1153319798694584,3.532042496518803,-0.10974510291133384,0.01609716253391398,3.8408211908223713,9.691231668881501,0.00028957669263342646,0.009950849027280252,-0.3182738610500139,101.43366881760979,69.35291908500949,1.48081181622275
13.25999999999809,91.44872774020594,39.99443867893844,-0.11540461609048008,3.531787319812405,-0.10972255476278384,0.016191134678419435,3.8403714001047224,9.691260881299822,0.000307520929999153,0.009946974373793141,-0.31822846584024067,101.03376060709603,69.36288411661788,1.4808104481019377
13.27699999999808,91.44403477140568,39.99460908684786,-0.1154396867150744,3.531692219878645,-0.10971374321028445,0.01623485942951145,3.8401872940051516,9.691272766771855,0.0003159829809197988,0.009945296304444125,-0.3182093391540281,100.84488003283435,69.36599685644194,1.4808098697484058
13.317999999998058,91.43449259059734,39.995008221077676,-0.11552630841106198,3.5315294721370845,-0.10969731010447631,0.016338642152768063,3.8398174726713794,9.691296416363475,0.00033631263241631557,0.009941648751589345,-0.3181692977458332,100.38929411152097,69.36929940325344,1.4808086556728204
13.339999999998046,91.43039903061029,39.99521562400287,-0.11557395244896916,3.5314804415613508,-0.10969128344077993,0.01639336182435882,3.8396621575482777,9.691306192094904,0.00034715086089027986,0.009939923686208803,-0.31815134896915076,100.14482483495878,69.368620845208,1.4808081103624917
13.356999999998036,91.4277227174385,39.995372720026,-0.11561131747947742,3.53146064047643,-0.109687949418057,0.016435189917763035,3.8395626255664195,9.691312361905513,0.0003554789753679601,0.009938701179051011,-0.31813916215119603,99.95592264417402,69.36692428268157,1.4808077400318485
13.389999999998018,91.42372974547759,39.99566993120582,-0.11568520982547886,3.5314668087209045,-0.10968473497784083,0.016515275707028848,3.8394198358326443,9.691320929768105,0.00037150483926849225,0.00993660151264182,-0.318119667162029,99.58926713373035,69.36071396725576,1.4808071485308818
13.406999999998009,91.42228536128336,39.995819123889994,-0.11572395960680364,3.531492625319096,-0.10968474021740954,0.016555961480820724,3.8393720586832165,9.691323601738757,0.00037967764410143227,0.009935659867426087,-0.31811175377053713,99.40041374222251,69.35601223415667,1.480806909500056
13.412999999998005,91.42187398063193,39.99587115401926,-0.11573774394890514,3.5315053561810896,-0.10968500920679197,0.016570228477555477,3.839359357143665,9.691324263950408,0.00038254698464581035,0.009935350113190449,-0.3181093041597327,99.33376588594635,69.35410890273685,1.4808068357975621
13.43999999999799,91.42065246597045,39.99610130669647,-0.11579979020314148,3.531585413077489,-0.1096948949649669,0.016637880819626215,3.8393366778641314,9.691313485063759,0.0003952855583093986,0.009934064587325297,-0.31810048189803664,99.03389945981048,69.3439694430987,1.4808065724503516
13.451999999997984,91.42043748515354,39.99620154859568,-0.11582818791253252,3.5316334551786817,-0.10970141175726535,0.016669661843649,3.839343033334822,9.691304934687883,0.00040073744705862777,0.009933485367551106,-0.3180977153313526,98.90065514733969,69.33863615816291,1.4808064894423585
13.47799999999797,91.4206479253078,39.99641439071758,-0.11589106248482006,3.5317650454249603,-0.10971823638704917,0.016738592901952877,3.839387145298441,9.691283597581831,0.0004120857646974608,0.009932202477895493,-0.31809414810398307,98.61203380260245,69.32533558478185,1.4808063737052086
13.486999999997964,91.42093462625056,39.996486706553185,-0.11591287368017301,3.531819161380461,-0.1097242477988853,0.016761831703444478,3.839411313982441,9.69127626136782,0.00041588076378419294,0.009931749938893994,-0.3180936746014712,98.5121529993296,69.32017527143779,1.4808063522883155
13.517999999997947,91.4227565296852,39.99673060292773,-0.11598803796485209,3.5320369699998104,-0.10974803314861821,0.016840128022221325,3.8395217742119785,9.691247850484325,0.0004285928274212642,0.009930188959827843,-0.3180949710101083,98.1682391370464,69.30021185687357,1.4808063429599478
13.542999999997933,91.42515398678597,39.99692158656572,-0.11604996106613616,3.532243186210522,-0.10976879957136633,0.01690187722976115,3.8396393382099894,9.691223830988074,0.0004387391629724342,0.009928891930478217,-0.31809927098108787,97.89104182550908,69.28164182442231,1.480806397204604
13.563999999997922,91.42779267244053,39.99707813910516,-0.11610260954666668,3.532436686953257,-0.10978858080906412,0.01694875477635379,3.8397659963023303,9.691205624745205,0.00044721671131246743,0.009927834770203793,-0.3181050979738355,97.65831531468466,69.26433921070691,1.4808064768045301
13.591999999997906,91.43218084201496,39.99728156589523,-0.1161722794765936,3.5327257441069606,-0.1098223226497366,0.01700126206492033,3.839980694847392,9.691181933589833,0.00045806415293398785,0.009926745799901812,-0.318115932276429,97.3482016748389,69.2388504994279,1.480806622541541
13.609999999997896,91.43552277243165,39.997409240292356,-0.11621765642335811,3.5329311725583974,-0.10984387250045492,0.01703274845209151,3.840137784101435,9.691168631652003,0.0004648012312071202,0.009926299937959076,-0.318124695824704,97.14896698294952,69.22100608184697,1.4808067364711264
13.641999999997878,91.44243802661758,39.99763030872675,-0.11630010327086931,3.533331758145896,-0.10988083288250516,0.017087428244373447,3.840452501689014,9.691147193187229,0.0004764890829117019,0.00992607071055481,-0.31814371615691583,96.79503510341843,69.18646561852793,1.4808069734656086
13.672999999997861,91.4502820018365,39.99783736011721,-0.11638159756961607,3.533758394315145,-0.10991398921426263,0.017141016588121213,3.840800905165323,9.691127307502306,0.0004875584689076404,0.009926515085200815,-0.3181662709960469,96.45251437818136,69.14956863551316,1.480807242982417
13.690999999997851,91.45533748576588,39.997954434086125,-0.11642949069700854,3.534022729846641,-0.10993218958235718,0.01717279168421654,3.8410229292917926,9.691115511821373,0.0004938815616250696,0.009927040443074246,-0.31818118680019514,96.25380315648168,69.12659417380874,1.4808074175911428
13.726999999997831,91.46652171202157,39.99818180222543,-0.11652635698555901,3.5345876241511416,-0.10996706413497792,0.017237805452917115,3.841510000890265,9.69109053054945,0.0005063035660955753,0.009928584906288548,-0.318214913515438,95.85679021606414,69.07723127508974,1.4808078086334397
13.738999999997825,91.47055985213781,39.99825562219578,-0.11655892740754417,3.5347865004335306,-0.10997842394005261,0.017259825311906243,3.841685042448041,9.691081686217297,0.0005103785052132415,0.009929225190047046,-0.3182272831874892,95.72458100527373,69.05976622344785,1.4808079520019168
13.74799999999782,91.47368770060726,39.99831035254045,-0.11658343643784151,3.534939056180518,-0.10998690542226207,0.017276421990635678,3.8418204760555055,9.691074866138973,0.0005134124357896337,0.009929741266824898,-0.3182369225191379,95.62546825184334,69.0463360180173,1.4808080640070156
13.7839999999978,91.48702897925475,39.998523936514005,-0.11668209852285917,3.535577799051659,-0.11002085537715571,0.017343233198733096,3.8423974789730284,9.691045924244815,0.0005253415212273003,0.009932075114557678,-0.31827851163384097,95.2294129384887,68.98977662115452,1.4808085524008419
13.804999999997788,91.49540750563345,39.99864467154701,-0.11674007199121432,3.5359710048651363,-0.11004094217964322,0.01738230958252199,3.8427596459358306,9.691027786746158,0.0005321325127895181,0.009933608730323423,-0.3183049496909965,94.99868778579487,68.95468816016567,1.4808088689483592
13.81999999999778,91.50165192437082,39.9987292148914,-0.1167816494005181,3.5362608676004164,-0.11005553226540209,0.017410174421819143,3.8430296264285952,9.691014253399404,0.000536899846386765,0.009934771124702984,-0.3183247855621374,94.83402990002143,68.92868062755221,1.4808091102803205
13.859999999997758,91.51931912798074,39.99894794150813,-0.11689310068814703,3.5370688633908847,-0.11009582052916417,0.017483969849414704,3.84379436005078,9.690975759002356,0.0005492289731910676,0.00993810974794053,-0.3183814190715175,94.39556732249876,68.85548434728152,1.4808098201767783
13.869999999997752,91.5239588570306,39.999001131624205,-0.1169210808408685,3.537278536104474,-0.11010626895447634,0.017502258303697726,3.843995398853107,9.690965580563706,0.0005522149489920119,0.00993899354185117,-0.31839639917515106,94.2860997988957,68.83631280740212,1.4808100135897075
13.882999999997745,91.53011957333698,39.999069407574254,-0.11695751991788537,3.5375555556457203,-0.11012010782297832,0.017525919212391203,3.844262415546864,9.690952011518375,0.0005560347811777953,0.009940169479470833,-0.31841634870650637,94.14388409781624,68.81086861426606,1.4808102750629684
13.895999999997738,91.53642324785437,39.99913671189352,-0.11699402737401923,3.5378374921068256,-0.11013425371864018,0.017549440771024463,3.8445356972034057,9.690938056426981,0.0005597825321806719,0.009941374717072234,-0.3184368255556862,94.00177474823735,68.78483561327636,1.4808105482082927
13.92699999999772,91.55201150287054,39.99929336963864,-0.1170813150566719,3.538528779783868,-0.1101693219055227,0.01760490551834638,3.845211853615764,9.690903188140304,0.0005684150221354912,0.009944360401777111,-0.31848771798917164,93.66334222969262,68.72038318474648,1.4808112487176441
13.948999999997708,91.56352980909084,39.999401348542115,-0.11714341662156563,3.5390347436293936,-0.11019542147063745,0.017643687598877564,3.84571178623718,9.690877060955058,0.0005742664521651843,0.009946569311269162,-0.31852553273892376,93.42355782208217,68.67261605185422,1.48081178986192
13.99999999999768,91.59159106793808,39.9996418619546,-0.11728771960083799,3.5402530087479214,-0.11026002148585606,0.017731615651286323,3.8469299160676695,9.690812036448715,0.0005869024542117262,0.009951956297081118,-0.31861828089718736,92.86902220452433,68.55542495954754,1.4808131941447593
14.014999999997672,91.6001832451731,39.99971008504301,-0.1173302079439353,3.540622441405563,-0.11028013749221519,0.017756925864343312,3.847302898243843,9.690791725852492,0.000590365091411711,0.009953607756111385,-0.31864683748889766,92.70629282001137,68.51924272872476,1.4808136488880372
14.044999999997655,91.61779689093754,39.99984323209982,-0.11741519032479611,3.5413751315887887,-0.11032188936034444,0.017806776996262354,3.848067321108267,9.690749516409332,0.0005969365664537322,0.009956997371253874,-0.318705579624653,92.38136163931874,68.44454540673078,1.4808146176785486
14.069999999997641,91.63288920105049,39.999950923176144,-0.11748598301094046,3.5420155927515333,-0.11035820962815927,0.017847534667619597,3.848721891407456,9.690712759682446,0.0006020541560129922,0.00995990733443176,-0.3187561076938651,92.1111407831381,68.37992528078455,1.4808154868665417
14.085999999997632,91.64273406735497,40.00001833318677,-0.11753125590618303,3.542431314476347,-0.1103821684691356,0.01787323993484221,3.84914866558742,9.690688498985203,0.0006051606304682177,0.009961809053139844,-0.3187891581823687,91.9384728708146,68.33743841792959,1.4808160732433142
14.10999999999762,91.65775736262553,40.0001172949805,-0.11759908393893224,3.543062766363603,-0.11041911982790845,0.017911237543672617,3.8497996462480155,9.6906510642631,0.0006095756747787994,0.00996471746965875,-0.31883972313637565,91.6798826449539,68.27205704964886,1.4808169974403034
14.1459999999976,91.68083017541221,40.000261046887175,-0.1177005916266676,3.544026237985477,-0.11047671892258885,0.017966987606156504,3.8507985299304845,9.690592679198947,0.0006156582916505848,0.0099692013101697,-0.3189176565295339,91.29295369494214,68.17027704396966,1.4808184851585988
14.151999999997596,91.68473454501142,40.00028447351568,-0.11771747688075761,3.544188577942628,-0.11048656071207644,0.017976135013926583,3.850967439277996,9.690582699761931,0.0006166108519006605,0.009969962326380002,-0.318930875001914,91.22858017070199,68.15288183979978,1.4808187450010308
14.187999999997576,91.70848537826141,40.00042194677339,-0.11781853831154633,3.5451720453742763,-0.1105469725840021,0.018030151619181478,3.8519943596259325,9.690521419563304,0.0006219711126255879,0.009974607631000804,-0.3190114666983377,90.84304846232104,68.0459247035957,1.4808203754058993
14.218999999997559,91.72934888766602,40.000536213621096,-0.1179057832611254,3.5460305660065856,-0.11060059707994947,0.01807590688629633,3.8528956247311545,9.690467198146933,0.0006261123135428352,0.00997871348099205,-0.31908250029143825,90.51206512584557,67.95027757597799,1.480821876888886
14.245999999997544,91.74779901136743,40.00063254221938,-0.11798457130066345,3.5467858582492906,-0.11064868785838258,0.018117065358976416,3.8536919494712873,9.690419575617211,0.0006293772960094381,0.009982390910504464,-0.3191454824981544,90.22457193520275,67.86430613139308,1.4808232575819387
14.250999999997541,91.75124190293192,40.00065004599612,-0.11799913020545348,3.5469264278653756,-0.11065772096234656,0.018124641221147715,3.8538404836820823,9.690410588109664,0.0006299479519317644,0.009983083298610848,-0.3191572519660052,90.17141425628083,67.84811361512439,1.4808235206933902
14.279999999997525,91.7713590659604,40.00074955531317,-0.1180832002059114,3.5477455755266774,-0.11071079457760606,0.018168239252938895,3.854708067046444,9.69035742877185,0.0006330536325117873,0.00998716089475004,-0.3192261236768574,89.8636147764208,67.75252461954472,1.4808250921343906
14.295999999997516,91.78255969280107,40.00080302345784,-0.11812923062316906,3.5482001035233055,-0.11074051665277129,0.01819198790843029,3.8551908378588897,9.690327393314112,0.0006346216006918723,0.009989449992010088,-0.3192645398524521,89.6941770319872,67.69856650212196,1.4808259919087194
14.308999999997509,91.79170943465812,40.000845739302115,-0.118166415485481,3.5485706476546204,-0.11076486237484054,0.018211092044616448,3.855585033593951,9.690302664760233,0.0006358224198573465,0.009991327128260553,-0.31929595625863266,89.55671320311774,67.65408821302304,1.480826739837243
14.34199999999749,91.81511611773554,40.000951350517425,-0.11825987158122474,3.5495156448646146,-0.11082732759590741,0.01825868724452054,3.856592814382493,9.690238807075067,0.0006385913291413494,0.009996149160131524,-0.31937645981074414,89.20860641129524,67.53862069018982,1.4808287046686275
14.362999999997479,91.83013144350474,40.0010165362082,-0.11831860972800158,3.550119734989151,-0.1108674840292598,0.01828821755322379,3.8572389710447696,9.690197532121024,0.0006401544335931905,0.009999252258020435,-0.3194282014594545,88.98772506863139,67.46323232130231,1.4808300029643742
14.425999999997444,91.8756282286781,40.001203341578595,-0.11849136293780506,3.5519409347780186,-0.11098925225130431,0.01837293095937409,3.8591958048166326,9.690071871661708,0.0006439733153227982,0.010008680183491513,-0.31958540771875976,88.32818498116558,67.22819371646858,1.480834107487282
14.488999999997409,91.92160088409571,40.00137820767605,-0.11865905938053375,3.5537686167154616,-0.11111216161906293,0.01845182487819754,3.8611725402784436,9.689944820263403,0.0006465597250912491,0.010018245467846885,-0.3197448533719917,87.67351077798776,66.97991448887879,1.4808384982184701
14.519999999997392,91.94432694921366,40.001460291621264,-0.11873982400215771,3.5546680492113816,-0.11117281909779218,0.018488678513794356,3.8621494131863026,9.689882113406973,0.0006474079250598133,0.010022993844979478,-0.31982386564827986,87.35323772999521,66.8529132519425,1.4808407527267788
14.543999999997379,91.96194595480158,40.001522174447324,-0.11880158241590365,3.5553636208770487,-0.11121979589906114,0.018516390966179304,3.8629066950605,9.689833542906149,0.0006478814465099511,0.010026686586266948,-0.31988520467993276,87.1061584717852,66.75241094658297,1.4808425370496576
14.552999999997374,91.96855635137712,40.00154502013117,-0.1188245739808209,3.5556242230003465,-0.11123740797383799,0.018526609864289417,3.86319077071286,9.68981533093592,0.000648018927063753,0.010028074793301402,-0.3199082350701756,87.01370379581114,66.7142336271264,1.4808432144837413
14.616999999997338,92.01555951573602,40.001702126504874,-0.11898550370686575,3.5574718742951865,-0.11136243715672565,0.018596756224626768,3.865209907306228,9.689685975951038,0.0006484078354649851,0.010037992667510152,-0.3200722448970541,86.35947548743582,66.43508995510149,1.4808481523396486
14.639999999997325,92.03242652067742,40.00175642008144,-0.11904225632344878,3.5581326940760167,-0.11140721300099868,0.018620960041574187,3.8659342274050235,9.689639608255778,0.0006483082808378612,0.010041573012449333,-0.3201312038567601,86.12577830313883,66.33150523029303,1.4808499742660297
14.671999999997308,92.05585068164525,40.001830180095375,-0.11912029960013126,3.55904868238167,-0.11146930372468479,0.018653836546492546,3.866939753101409,9.689575264157925,0.0006479764682352106,0.010046564247892997,-0.3202131644038958,85.80191681136364,66.18452852500036,1.4808525462687883
14.680999999997303,92.06242709015656,40.001850565347226,-0.11914205733047657,3.5593054919860414,-0.11148671726470383,0.018662921464632977,3.8672220100890575,9.689557207832692,0.0006478447344719592,0.010047969609911101,-0.3202361925093112,85.7111037775863,66.14259369468212,1.480853276933747
14.699999999997292,92.0762904398847,40.00189309939236,-0.11918771323752782,3.559846344008155,-0.11152339783630047,0.01868187545873285,3.867816992548048,9.68951915602831,0.0006475128862805066,0.010050938061615269,-0.3202847619316671,85.51978656413331,66.05320538169804,1.4808548292925396
14.729999999997275,92.09811726880176,40.00195891639334,-0.11925904901243957,3.5606965451346695,-0.11158106123366524,0.018711210899047582,3.8687535686038674,9.689459288368369,0.0006468451524895954,0.010055627549452226,-0.32036129424052934,85.21882464992797,65.90969828166321,1.4808573058391117
14.746999999997266,92.11044757731982,40.00199550893357,-0.11929907146297183,3.5611761743196575,-0.1116135855311789,0.018727528982540313,3.8692825031170806,9.68942549437937,0.0006463932436165502,0.010058285115495776,-0.32040456019752594,85.04889635783171,65.82709477081247,1.480858721987281
14.749999999997264,92.11262036102165,40.002001914994416,-0.11930610414903316,3.5612606433547973,-0.11161931307622033,0.018730386254715986,3.869375701413407,9.689419541191208,0.0006463082451386731,0.010058754047983535,-0.32041218674644334,85.01895585024309,65.81242158435282,1.4808589727952803
14.760999999997258,92.12057863713841,40.00202527401502,-0.11933181259287469,3.5615699020933156,-0.1116402822378973,0.018740805635994007,3.8697170528722307,9.68939774045768,0.0006459833826188183,0.010060473236797688,-0.32044012714393433,84.90929503379674,65.75837363269083,1.4808598946397893
14.790999999997242,92.14220901620742,40.0020879674116,-0.11940129811260071,3.5624094359937692,-0.1116972011930713,0.01876877202668057,3.8706448894889696,9.68933851858851,0.0006449929760233868,0.010065158899506009,-0.32051612212260466,84.6111962212989,65.60900752904385,1.4808624254084406
14.815999999997228,92.16014456622138,40.00213911884384,-0.11945850509222834,3.5631044828031477,-0.11174430488235332,0.01879159637096822,3.8714142587433082,9.68928945776831,0.0006440526042418328,0.010069058214739976,-0.32057919179616867,84.36388741014453,65.48234919164967,1.48086455126987
14.837999999997216,92.17585447831793,40.00218334293431,-0.11950832905596759,3.563712546568054,-0.1117854899821894,0.018811338278735122,3.8720881212089835,9.689246523893564,0.0006431425036745231,0.010072483834762535,-0.3206344743250154,84.1471017083537,65.36925211679055,1.4808664332535169
14.875999999997195,92.20281187936042,40.00225806533238,-0.119593239506271,3.5647543497757463,-0.11185600132598886,0.01884470629148215,3.873244552554162,9.689172933827152,0.0006413960464637827,0.010078384017704771,-0.32072942507622787,83.77455243038544,65.17030768380685,1.4808697052416737
14.88299999999719,92.20775181517536,40.002271607865424,-0.1196087238714679,3.5649450486107384,-0.11186889873725829,0.018850756962765815,3.8734564672563803,9.689159461574679,0.0006410508267792017,0.010079468132398524,-0.3207468359247752,83.7061908609212,65.13316516070954,1.4808703105516017
14.924999999997167,92.23721389194347,40.002351473517756,-0.11970063434469014,3.5660811998797524,-0.11194565972262656,0.018886479426046442,3.8747200013486642,9.689079207128483,0.0006388401218017936,0.010085951253611595,-0.3208507355352711,83.297789275673,64.90709249880376,1.4808739562481443
14.947999999997155,92.25321190062196,40.002394234706586,-0.11975023931691885,3.566697262022172,-0.11198723538029401,0.018905626910067898,3.87540598563449,9.6890356857295,0.0006375368258469304,0.010089483859427706,-0.3209071998388111,83.07544321562716,64.78096302781341,1.4808759610247388
14.967999999997144,92.26704052907195,40.00243088044915,-0.11979295236646231,3.567229271180935,-0.11202311491400604,0.01892204407360385,3.8759989543923816,9.688998095237956,0.000636352886199978,0.010092544155952727,-0.3209560345954511,82.8828603630429,64.66995274736567,1.4808777079599031
14.999999999997126,92.28900132472216,40.002488509656764,-0.11986048991232567,3.5680732560863175,-0.11207997787210165,0.018947883044226684,3.8769404970835373,9.688938462761476,0.0006343662304093982,0.010097416067350578,-0.3210336333910479,82.57622224716695,64.48976953729505,1.480880508257768
15.01199999999712,92.29718245604047,40.00250981151566,-0.11988556151942345,3.5683874008992866,-0.11210112658402156,0.018957438808995794,3.877291231707967,9.688916266272892,0.000633593974731009,0.010099234672558348,-0.32106255656165666,82.46171280375897,64.42138951720734,1.480881559531305
15.017999999997116,92.30126159426139,40.00252040070199,-0.11989804450812244,3.568543977410756,-0.11211166473782228,0.0189621892095912,3.8774661159276715,9.688905202354134,0.0006332024522963076,0.010100142176791076,-0.3210769810948491,82.40455713342845,64.38703406268387,1.4808820853296196
15.0479999999971,92.32154020766447,40.00257274319991,-0.11995992811611017,3.5693217922002654,-0.11216398635900621,0.018985669290799482,3.8783356323200673,9.688850233693397,0.0006311908722661807,0.010104660869563336,-0.3211487232914545,82.11977790801471,64.21360726665674,1.4808847152278541
15.078999999997082,92.3422854449156,40.00262580642381,-0.12002296809343209,3.570116599837135,-0.11221738714469238,0.019009484976809835,3.8792251974889416,9.688794075166483,0.000629020193196079,0.010109295276055844,-0.32122216776665385,81.82727641397538,64.03152355200183,1.4808874326996035
15.104999999997068,92.35951510233927,40.002669537228904,-0.120075169954708,3.5707760621863613,-0.11226164762183062,0.019029145158648165,3.8799640410641403,9.688747499923943,0.0006271331375750984,0.010113153316677196,-0.3212832057257787,81.58336130083482,63.87656675187217,1.4808897101631693
15.11999999999706,92.36938257169246,40.002694454165045,-0.12010500357079222,3.571153451022532,-0.11228696170222804,0.01904035854859209,3.8803872546230465,9.688720847797372,0.0006260176321961113,0.010115366675556231,-0.32131818026608466,81.44323290062314,63.78624282420709,1.4808910228422791
15.146999999997044,92.3870074542123,40.00273874365121,-0.12015818297386843,3.5718270274092303,-0.112332111443072,0.01906031564904416,3.8811432611105285,9.688673282254324,0.000623960577566414,0.010119326893225804,-0.3213806801242318,81.19210570426081,63.621960438968664,1.4808933824882882
15.17399999999703,92.40445417882073,40.002782330400656,-0.12021069680636366,3.572493233533302,-0.11237672218321416,0.01907999328800784,3.8818915982524254,9.68862624532952,0.0006218447099180163,0.010123255259611334,-0.3214425822260844,80.94241419872259,63.45550342455648,1.4808957369463303
15.210999999997009,92.42806449638348,40.00284095774331,-0.12028155836728274,3.57339385289528,-0.11243697517506998,0.01910650319979182,3.882904457964531,9.688562645701907,0.0006188574284860611,0.01012858417381704,-0.32152641344526867,80.602610987109,63.22388592906268,1.4808989527458634
15.230999999996998,92.44068067830005,40.00287213431019,-0.12031933077479058,3.573874657383249,-0.11246911387920158,0.019120619595589763,3.8834457192663403,9.688528688100334,0.0006172018526772124,0.010131437253697194,-0.3215712352740485,80.42008832283832,63.09700762896188,1.4809006849197544
15.266999999996978,92.46312779951073,40.00292737442978,-0.12038639094531253,3.5747294515755006,-0.11252619854989743,0.01914566419115983,3.884408644087865,9.688468317288931,0.0006141588603829826,0.010136522110885195,-0.3216510249324538,80.0936195889701,62.8656762369492,1.4809037902787898
15.273999999996974,92.46745276610778,40.00293798756012,-0.12039928972203544,3.574894041809791,-0.11253718432900385,0.01915047832380768,3.8845941808882127,9.688456690800255,0.000613558603654727,0.010137503058967198,-0.3216664050708733,80.0304519444722,62.820256650890954,1.4809043920523788
15.294999999996962,92.48034898820627,40.00296958293954,-0.12043770904107667,3.575384603844154,-0.11256991739334944,0.01916481158848799,3.885147453070286,9.688422032617291,0.000611741658475788,0.010140430313240786,-0.32171227909444894,79.8415652156512,62.68314540782473,1.4809061930464613
15.329999999996943,92.50157806217743,40.00302144778554,-0.1205008191304064,3.576191483621808,-0.11262372105985369,0.019188339716935024,3.8860582949632723,9.688365014887903,0.000608662045120197,0.010145255881322385,-0.321787836655881,79.52882746892661,62.4517986203722,1.4809091792445992
15.336999999996939,92.50578355192344,40.00303170448664,-0.12051330121515974,3.57635122848481,-0.11263436901752157,0.01919299007401605,3.8862387653176773,9.688353723737169,0.000608038774453754,0.010146212846338752,-0.321802811684821,79.46659384644236,62.40510710798623,1.4809097740146533
15.366999999996922,92.52365134117522,40.00307523532476,-0.12056625474731235,3.5770295204490257,-0.11267957328270614,0.019212704180235605,3.8870058074703775,9.68830576220549,0.0006053381719284514,0.010150282649282154,-0.3218664667291445,79.20107603254559,62.20341573140646,1.4809123130812305
15.398999999996905,92.54242894053934,40.00312092714282,-0.12062177690150278,3.5777416621077167,-0.11272700789811187,0.019233358584093405,3.8878123075197566,9.688255390939645,0.0006024009166522937,0.010154566350980216,-0.3219334136033592,78.92001905057097,61.98546097016017,1.4809150026231757
15.429999999996888,92.56034000732853,40.0031644876286,-0.12067463189680176,3.578420375305231,-0.11277218150322238,0.01925301690235268,3.8885817509518392,9.688207383444826,0.0005995027262083136,0.010158658337613886,-0.3219973143393441,78.64990136235376,61.771564864600215,1.4809175883426398
15.463999999996869,92.57966345203518,40.003211496514005,-0.12073154432182101,3.579151939074371,-0.11282084540128916,0.01927418579831492,3.8894120561460905,9.688155623754316,0.0005962699270333504,0.01016307944971737,-0.3220663029378234,78.35611609229323,61.533879462779055,1.4809204005211898
15.475999999996862,92.5864032096872,40.00322790172159,-0.12075137090235888,3.5794069456102884,-0.11283780046238522,0.019281563856630407,3.8897016410758933,9.688137579730581,0.0005951167445149236,0.010164622867434246,-0.3220903752953668,78.25305129005686,61.449223786828156,1.4809213868568176
15.49799999999685,92.59865056311956,40.00325773165553,-0.12078737138242264,3.5798701559505313,-0.11286858906485599,0.019294966894528295,3.890227794692996,9.688104800494994,0.000592989463708274,0.010167429183227697,-0.3221341312981029,78.06495256657604,61.29298882495751,1.4809231864441483
15.529999999996832,92.61621176550985,40.00330056467572,-0.1208389260671874,3.5805338775233992,-0.11291269676644604,0.019314171757232237,3.8909821704903655,9.68805781002648,0.0005898709788367016,0.010171456741968338,-0.32219690308141974,77.79334308221976,61.06336556430983,1.4809257833045
15.55199999999682,92.62811101062015,40.00332964021848,-0.12087381766872167,3.5809832882415864,-0.11294255711053935,0.019327178741883527,3.891493256219251,9.688025977716585,0.0005877135714701169,0.0101741878951115,-0.32223945565378515,77.6079922540176,60.90387951656167,1.4809275539135676
15.584999999996802,92.64569535195001,40.00337270106552,-0.12092532980737598,3.581647019312392,-0.11298664455174295,0.019346398959433696,3.8922482554154585,9.687978952561291,0.0005844666629590076,0.01017822634397268,-0.32230236189609573,77.33209882655191,60.662194770696594,1.4809301865010274
15.593999999996797,92.650435859717,40.003384332208014,-0.12093920638388177,3.5818258664458793,-0.11299852339659647,0.019351579080946556,3.8924517619175636,9.687966276929497,0.0005835803787601066,0.010179315546190849,-0.3223193261167013,77.25730291984439,60.59577232278471,1.4809308995000388
15.599999999996793,92.6535830260219,40.00339205988214,-0.12094841629116294,3.5819445785424175,-0.11300640815999866,0.019355017575570704,3.8925868654927798,9.68795786202933,0.0005829894768538715,0.010180038769383828,-0.32233058987050944,77.20754622419234,60.55137017708473,1.4809313736259353
15.629999999996777,92.66916141826295,40.003430385766556,-0.12099397799933578,3.58253195098256,-0.1130454167539916,0.019372035051803543,3.8932555662749615,9.687916216823465,0.0005800355842228682,0.010183619873601191,-0.3223863597945482,76.9600567433256,60.32791940738413,1.480933729541642
15.649999999996766,92.67940232457073,40.00345565188903,-0.12102390994800842,3.5829178921035636,-0.11307103795615561,0.019383223354904576,3.893695027127558,9.687888853039778,0.0005780696149439004,0.010185974826376024,-0.3224230322619034,76.79627003631215,60.177625957821085,1.4809352862671485
15.665999999996757,92.68751193816497,40.003475704038145,-0.12104760277153741,3.5832234169122867,-0.11309131517548576,0.019392083527964208,3.894042969114036,9.687867191154385,0.000576500970726963,0.01018784011212905,-0.32245207894193667,76.66594098236631,60.056632121809216,1.4809365234778267
15.702999999996736,92.70598238253875,40.00352153900033,-0.12110152898530949,3.5839189063190715,-0.1131374592623283,0.019412258798373782,3.894835434564674,9.68781787637581,0.0005728907271470656,0.010192090117317778,-0.3225182606328205,76.36695980330589,59.77426805391441,1.4809393560946826
15.726999999996723,92.71775385558006,40.003550878678084,-0.12113587747962995,3.584361921242388,-0.1131668299479825,0.01942512053758924,3.895340411200578,9.687786474753189,0.0005705635823858663,0.010194799629086494,-0.3225604534001972,76.17483741546877,59.5892121216357,1.4809411717778644
15.73199999999672,92.72018568723948,40.00355695305028,-0.12114297223155134,3.584453425948578,-0.11317289351842896,0.01942777845628611,3.895444719069113,9.687779990835176,0.0005700805938053015,0.010195359450291732,-0.3225691710221296,76.13499267590058,59.55047178930295,1.480941547859599
15.756999999996706,92.73223851712365,40.00358713077689,-0.12117812836028923,3.584906852242427,-0.11320292744974872,0.019440953814401796,3.895961692724006,9.687747869034286,0.000567676373430375,0.01019813455518481,-0.3226123856773299,75.9367096283182,59.35580817520726,1.4809434168151103
15.78799999999669,92.7469385607549,40.003624109128275,-0.1212209877827917,3.585459615558534,-0.1132395116214127,0.019457027084704585,3.8965923047816915,9.68770872694809,0.0005647194483606932,0.010201520374713398,-0.32266511066819464,75.69303073734699,59.112212808871774,1.480945707446167
15.795999999996685,92.75068848510432,40.00363357380212,-0.12123191954726878,3.5856005876542794,-0.11324883396569428,0.019461130022338676,3.89675316779737,9.687698750459036,0.0005639607155805724,0.010202384242300367,-0.32267856297254144,75.63054260717948,59.048954530873075,1.4809462936824216
15.80399999999668,92.75442071924584,40.00364300677095,-0.12124279989970804,3.5857408864468043,-0.11325810768899186,0.019465215457017116,3.896913257640819,9.68768882520212,0.0005632039681016481,0.010203244070007654,-0.32269195233785336,75.5682180755816,58.98553503090268,1.4809468778926855
15.837999999996661,92.77008686688393,40.00368274676517,-0.12128847590017074,3.586329722844233,-0.11329698524975071,0.019482386078526676,3.897585072959625,9.687647207982613,0.0005600138530808046,0.010206853540584869,-0.32274816007752816,75.30517376728234,58.71421322799197,1.4809493379881615
15.85999999999665,92.78005623067632,40.003708162672176,-0.12131754654781197,3.586704355966753,-0.11332168530051895,0.01949333042805873,3.898012503607984,9.687620759019163,0.0005579749409265456,0.010209150732189575,-0.32278393415466655,75.13656248629563,58.53711945593813,1.4809509099467522
15.899999999996627,92.79785270738657,40.003753783931124,-0.12136945996420599,3.5873730205875782,-0.11336569106423754,0.01951291296532419,3.898775199050907,9.687573621378476,0.0005543255920814714,0.010213251160152589,-0.3228477975986941,74.83323716876778,58.21207851288923,1.4809537275312004
15.910999999996621,92.80267334975136,40.003766198033084,-0.12138352732507447,3.5875541372304793,-0.11337759279844245,0.019518227494000354,3.898981721324401,9.687560869382063,0.0005533369240729538,0.010214361702675458,-0.32286509697535126,74.75056126717077,58.12200750223783,1.4809544931220318
15.927999999996612,92.8100615609263,40.00378527297692,-0.12140508953367786,3.587831697276864,-0.11339582013706132,0.019526378261644405,3.8992982403820458,9.687541336755004,0.000551822188819495,0.010216063656191994,-0.32289161216124396,74.62342038687534,57.98223038747042,1.4809556684094325
15.959999999996594,92.82376705805531,40.0038208188972,-0.121445095894131,3.5883465045463714,-0.11342958524035691,0.019541516687458682,3.899885445484402,9.687505144032228,0.0005490125147810113,0.010219220505726646,-0.3229408046653275,74.38618727890821,57.71723489104823,1.4809578545635167
15.989999999996577,92.83638131656247,40.003853722045896,-0.12148193459989844,3.588820315197918,-0.1134605994195895,0.019555478353562042,3.900425844020697,9.687471892539875,0.0005464276946771721,0.010222125228501234,-0.3229860821705004,74.16628076650058,57.466585750253174,1.4809598728916582
15.992999999996576,92.83763036577179,40.00385699017456,-0.12148558324152489,3.5888672316150365,-0.11346366731641419,0.01955686212154016,3.9004793557834234,9.687468602998619,0.0005461718972036193,0.010222412818235682,-0.32299056574946483,74.14442399136553,57.441403817197966,1.4809600730584729
16.001999999996574,92.84136403592534,40.00386677053016,-0.12149649045155043,3.589007471897137,-0.11347283473063356,0.019560999552391097,3.9006393256121714,9.687458772808029,0.0005454073507978796,0.010223272467505802,-0.3230039686505525,74.079000298578,57.365731014682865,1.4809606717383874
16.0219999999966,92.84958891102279,40.00388837638163,-0.12152052036141185,3.5893163841667204,-0.11349301256699332,0.019570118853111284,3.9009918082747785,9.687437133478513,0.0005437227951658702,0.010225166134973464,-0.32303349712460006,73.93440417018446,57.196889863767446,1.4809619923522472
16.059999999996645,92.86494563273645,40.00392894600051,-0.12156540345356791,3.5898931202274835,-0.11353061446781984,0.019587173976875122,3.901650166996389,9.68739679972036,0.0005405715600110427,0.010228701497233594,-0.32308863815604716,73.66269182444424,56.87353157548448,1.4809644642942534
16.06299999999665,92.86614309684752,40.00393212226508,-0.12156890460281647,3.5899380941865178,-0.1135335424331076,0.019588505840851506,3.9017015107559487,9.68739365869477,0.0005403254444390255,0.010228977149347248,-0.3230929381591024,73.64141035684955,56.847861514259534,1.480964657370047
16.085999999996677,92.87525142929078,40.00395634565695,-0.12159554064749183,3.5902801807295415,-0.11355579636147778,0.01959864438238758,3.902092131030539,9.687369783344238,0.0005384510512051637,0.010231073879317588,-0.3231256486986964,73.47908136095617,56.650374064774674,1.4809661275274473
16.118999999996717,92.88809746775242,40.00399070988921,-0.12163311756879376,3.590762588127941,-0.1135871324720576,0.019612965525110458,3.9026434072885623,9.687336155683541,0.0005357951269766403,0.010234031388142809,-0.3231717951102914,73.24874975033764,56.36492599848318,1.480968205763503
16.127999999996728,92.8915559802081,40.004000002936515,-0.12164323769880364,3.590892458770774,-0.11359555794540864,0.019616827665430554,3.9027918779845336,9.687327112513746,0.0005350765639900808,0.0102348276779173,-0.3231842208196248,73.18646182810072,56.286651355259146,1.4809687662087823
16.140999999996744,92.89651804500689,40.00401336698297,-0.12165776114142549,3.591078795174374,-0.11360763790242724,0.019622375049479786,3.903004907071355,9.687314146011373,0.0005340429029535807,0.010235970142425279,-0.3232020491609009,73.09689316395733,56.173268648307186,1.4809695709551085
16.176999999996788,92.91005284195872,40.00405001304087,-0.12169739606699491,3.5915870623917487,-0.11364054714388826,0.019637540787147873,3.9035861340494513,9.68727881509522,0.0005312069456038695,0.010239086617934707,-0.3232506870780649,72.85135359537941,55.85733159729858,1.4809717700952676
16.189999999996804,92.91486605794499,40.00406311702622,-0.1217114956644407,3.5917677871980067,-0.11365223863665247,0.01964294457919927,3.903792932259803,9.68726626000703,0.0005301914018698312,0.010240195076904678,-0.3232679881974954,72.7635929013374,55.74254352836918,1.4809725536732028
16.205999999996823,92.92073640719252,40.00407915196071,-0.1217286961673801,3.591988185750178,-0.11366648939359854,0.01964954450019224,3.9040452074596335,9.687250954293955,0.0005289466742283534,0.01024154708441044,-0.3232890918973363,72.65624357138665,55.600760834506524,1.4809735104354633
16.23499999999686,92.93122778559123,40.00410795603371,-0.12175945394505565,3.5923820718184523,-0.11369193489798521,0.019661371560516505,3.904496095488407,9.68722362029195,0.0005267054221617983,0.01024396337994382,-0.32332681217880943,72.46354892767224,55.34237079082641,1.4809752232087303
16.255999999996884,92.93870610989666,40.00412860767145,-0.12178139109002933,3.592662822089088,-0.11371006112725264,0.01966982513670343,3.9048175377207115,9.687204144990153,0.0005250954103392829,0.010245685809545485,-0.3233537046887836,72.32552902798716,55.15413782847209,1.4809764464374864
16.282999999996917,92.94817481064538,40.00415490836131,-0.12180917690769616,3.59301821575292,-0.11373300453219891,0.019680552179438787,3.905224693992983,9.687179487818108,0.0005230398252280428,0.010247866946116723,-0.323387764642707,72.1499596611597,54.910753468457585,1.4809779983042488
16.31899999999696,92.96054798321593,40.00418954244822,-0.12184551254553191,3.593482538247369,-0.11376297168436557,0.019694621205460908,3.9057568131682583,9.687147274736608,0.0005203222419698734,0.010250717155886012,-0.3234322831378038,71.91918749746065,54.58387226272994,1.480980031348545
16.337999999996985,92.9669635530673,40.0042076243243,-0.1218643662358523,3.5937232639911962,-0.11377850847276608,0.019701939272759303,3.9060327313052468,9.687130571083198,0.0005189002149904459,0.010252194997000074,-0.3234553716582425,71.79893070262989,54.41027367869111,1.4809810878830474
16.377999999997034,92.98021208006094,40.004245252922985,-0.12190332418258089,3.5942202038989803,-0.11381060084577899,0.019717096536576224,3.906602747958259,9.687096061810024,0.0005159322052417168,0.010255247245591912,-0.3235030694894612,71.54926072778822,54.04240405470346,1.480983275455922
16.38399999999704,92.9821695721302,40.00425084654704,-0.12190908265086436,3.5942936123732707,-0.11381534281332448,0.019719341446136657,3.9066869773273227,9.687090961777214,0.0005154897995189707,0.01025569823021479,-0.32351011847500644,71.51222180497214,53.986945916258705,1.4809835993355216
16.41599999999708,92.99247988758121,40.0042804588097,-0.12193943066752533,3.5946802273664495,-0.11384032335374528,0.019731192947847784,3.9071306053869055,9.68706409406506,0.0005131445669002892,0.010258073595343066,-0.3235472523785243,71.31650459971686,53.689960901695734,1.4809853081333113
16.446999999997118,93.00225964807687,40.004308795752316,-0.1219682358176225,3.5950468106129536,-0.11386403330364421,0.01974246820197735,3.9075515811947548,9.687038589105313,0.000510895255615813,0.010260327191629993,-0.3235824920551092,71.12984719577342,53.40033779341712,1.4809869339894066
16.44899999999712,93.00288358594243,40.00431061226114,-0.12197007408471208,3.5950701921268284,-0.11386554645805609,0.01974318864876262,3.9075784472930146,9.687036961229095,0.0005107507929264768,0.010260470991031691,-0.3235847409169234,71.11790472100984,53.38158827904813,1.4809870378933545
16.45799999999713,93.00568088240331,40.004318769165074,-0.12197831671782501,3.595175011278058,-0.11387233061865504,0.019746420687444928,3.9076989018748205,9.687029662532188,0.0005101016199891758,0.010261115709435274,-0.32359482391285294,71.06431393451338,53.297119911261724,1.480987503984083
16.493999999997175,93.01670087282014,40.004351114367964,-0.12201081087878604,3.595587877683227,-0.11389906307938108,0.019759189323979708,3.9081734549719367,9.687000901182543,0.0005075211275132613,0.010263655916136002,-0.32363455565209465,70.85241908142989,52.957695270178064,1.4809893443210762
16.511999999997197,93.02210948497691,40.00436711921779,-0.12202677056710205,3.5957904565448087,-0.11391219035980034,0.01976547506798077,3.9084064310982183,9.686986776276614,0.0005062413239278834,0.010264903031512614,-0.323654064062421,70.74795902851001,52.78706227748548,1.480990250188039
16.565999999997263,93.03793221275498,40.00441447597199,-0.12207349968414864,3.5963827682080978,-0.11395061780174318,0.0197839384728268,3.909088420271806,9.68694541872623,0.0005024363677241553,0.01026855362592733,-0.32371117127514437,70.44057157551592,52.27154982056055,1.4809929113412748
16.57899999999728,93.04165228276875,40.004425731407416,-0.12208449853938758,3.596521980453853,-0.11395965612896915,0.01978829985500017,3.909248792433663,9.686935689717297,0.0005015282850246948,0.010269412354196518,-0.323724604069636,70.3679208918371,52.14664774947071,1.480993539474213
16.61999999999733,93.0531583601811,40.00446086680975,-0.12211853916723961,3.596952356712932,-0.11398762985805348,0.019801831602709787,3.90974512772846,9.686905570585571,0.0004986842058868129,0.010272070176809946,-0.3237661759018476,70.1422471894701,51.750739295049165,1.4809954891065908
16.641999999997356,93.05919144351506,40.00447949641971,-0.12213640244788197,3.59717788919959,-0.11400230519741975,0.019808956503802516,3.910005552552275,9.686889764528845,0.0004971677145084112,0.010273464942323014,-0.32378798804595,70.02332740491067,51.537074708971275,1.4809965157666638
16.666999999997387,93.06592884351424,40.00450047992056,-0.12215636710257591,3.59742967432728,-0.11401869903508881,0.019816942082415558,3.9102964684004946,9.686872104034169,0.0004954524227904634,0.010275023526453172,-0.32381235773116085,69.8900437994206,51.29325223007456,1.480997666075758
16.679999999997403,93.06938236864151,40.00451131378427,-0.12216660613307677,3.597558691101479,-0.11402710603308433,0.019821046173042006,3.9104456618804693,9.686863045501262,0.0004945637110068112,0.010275822966453567,-0.32382485545206724,69.82151798382898,51.16603997509065,1.4809982574097167
16.712999999997443,93.07799574687756,40.00453858032586,-0.1221921579507089,3.597880296125054,-0.11404808288344488,0.0198313162503601,3.910818025370939,9.686840435392284,0.0004923146700713256,0.010277818608068924,-0.323856045278991,69.64997987507259,50.84183029256735,1.4809997376785862
16.736999999997472,93.08412337695444,40.00455820176819,-0.12221035514217915,3.5981089735677934,-0.11406300974836191,0.019838660745471453,3.9110830400637027,9.686824340461918,0.0004906845491937105,0.010279239754838593,-0.3238782479078688,69.52740742609888,50.604898663351356,1.481000795631726
16.769999999997513,93.0923615348693,40.00458489868294,-0.12223484636820593,3.5984162477056083,-0.11408308879666464,0.019848586706329985,3.9114395150680883,9.686802681229812,0.0004884526024735935,0.01028115255794264,-0.3239081196146591,69.36188669053388,50.277575486537835,1.4810022249901322
16.781999999997527,93.09530336337399,40.00459452663441,-0.12224359820585971,3.598525908195036,-0.11409026288716136,0.01985214528307764,3.911566896210617,9.68679493920038,0.0004876432182019856,0.010281836319608845,-0.32391879406814367,69.30256661271085,50.158112582455246,1.4810027375406212
16.798999999997548,93.0994221771604,40.00460809409238,-0.12225585863613761,3.5986793868840508,-0.11410030922574996,0.019857142641079323,3.911745289462126,9.686784094644796,0.0004864981628564163,0.010282794233868946,-0.32393374491234395,69.21932615417705,49.98848044963418,1.4810034571093351
16.830999999997587,93.10702149190837,40.0046334057484,-0.12227850652652898,3.598962428971013,-0.11411885092928753,0.01986641477684216,3.912074480468725,9.686764071664289,0.0004843495999714561,0.010284563306690413,-0.3239613453257452,69.06517925730638,49.66793955666385,1.4810047909095088
16.847999999997608,93.1109769148351,40.00464673325854,-0.12229030763343444,3.5991096666049316,-0.11412850801056369,0.019871266502380976,3.912245893400655,9.686753638278068,0.0004832127231733805,0.010285485110609376,-0.32397572152175647,68.98464335458448,49.497006597172636,1.481005488577399
16.87399999999764,93.11691676308693,40.004666958716534,-0.12230804420466851,3.59933062443371,-0.11414301870659205,0.019878585395900823,3.9125034541063313,9.68673795342948,0.0004814791911216535,0.010286870830297282,-0.323997325522441,68.86329598750518,49.23472792821446,1.4810065410588293
16.909999999997684,93.1249251933784,40.00469465264416,-0.12233199754512476,3.5996283047677493,-0.11416259246712951,0.019888530380973067,3.9128508098507595,9.686716782867835,0.00047908996755783147,0.010288741596267463,-0.32402647733142226,68.69893501793157,48.86990338394433,1.4810079695257756
16.91399999999769,93.12579962896753,40.00469770771283,-0.12233461612017185,3.5996607937919562,-0.1141647306556153,0.01988962192011775,3.912888742394572,9.686714469392882,0.0004788255592227378,0.010288946039923136,-0.3240296621781393,68.68093580568365,48.82924951537153,1.481008126190978
16.93099999999771,93.12948156829424,40.00471064305384,-0.12234564769415035,3.599797549693172,-0.11417373681574076,0.01989422933115603,3.913048501641671,9.686704722547518,0.0004777043703233308,0.010289807327273645,-0.3240430773407922,68.60502787224468,48.65621132352333,1.4810087874589812
16.966999999997753,93.13709543849757,40.004737778087915,-0.12236849048497112,3.60008009496775,-0.11419237323458514,0.019903819219067614,3.913379085679476,9.686684540425896,0.0004753422028237473,0.010291590739468745,-0.32407084408431247,68.44743669179505,48.28841128859465,1.4810101635373412
16.976999999997766,93.13916677363348,40.00474525419636,-0.12237471408906868,3.600156912386902,-0.11419744460271489,0.019906445280779714,3.913469037946116,9.686679045700382,0.00047468903587178686,0.010292076407821824,-0.32407840295669377,68.40442427480362,48.18592040175648,1.4810105399628064
17.006999999997802,93.14526786630418,40.004767524058785,-0.12239307184645061,3.6003830703225566,-0.11421238717517739,0.019914225542944138,3.913734022112897,9.686662849203525,0.0004727397495671158,0.010293508214674648,-0.3241006808176019,68.27738422606635,47.877618303827425,1.4810116541470628
17.02099999999782,93.14805700477426,40.0047778359937,-0.12240147584687049,3.6004863860538436,-0.1142192220041993,0.01991780373232532,3.9138552222268777,9.686655436829145,0.0004718355452073234,0.010294163516867242,-0.3241108735201021,68.21912660944658,47.73332418883516,1.4810121663823392
17.041999999997845,93.15217176159216,40.004793208747955,-0.12241388763386399,3.6006387070193044,-0.11422930842361163,0.019923108521041767,3.9140341161400376,9.686644492884373,0.0004704851110510457,0.010295131178108981,-0.32412592062073925,68.1329700150534,47.51639072023089,1.481012925568014
17.048999999997854,93.15352513829986,40.00479830779934,-0.12241797423324333,3.600688784276847,-0.11423262610802523,0.01992486098469854,3.9140929681190255,9.686640891883503,0.0004700365078242543,0.010295449666694219,-0.32413087198758467,68.10457970805916,47.443949771462414,1.481013176192135
17.064999999997873,93.15658473003623,40.004809915730924,-0.12242722204724019,3.6008019637741087,-0.114240126103086,0.019928838298315887,3.914226015817804,9.686632749340292,0.00046901440054901943,0.010296170040104729,-0.3241420691832315,68.04030563393161,47.27812969733935,1.4810137444834492
17.099999999997916,93.16311393826818,40.004835081478085,-0.1224470002153725,3.601043330694529,-0.11425613388704434,0.019937397615178338,3.9145100106564175,9.686615359789883,0.000466797055046556,0.010297709227783712,-0.32416598434799465,67.90271137740665,46.91424923653478,1.4810149655661626
17.112999999997932,93.16548193533022,40.004844350252554,-0.12245418682447053,3.601130794377538,-0.11426194114527125,0.019940525591745178,3.9146130773825605,9.686609046900015,0.00046597999861054283,0.010298268202816544,-0.32417466619370405,67.85265832626737,46.778699214310834,1.4810154114322773
17.145999999997972,93.17135607072794,40.00486768993041,-0.12247205177000899,3.601347599373562,-0.11427634398692975,0.019948348923492815,3.9148688372910136,9.686593379879188,0.0004639212036398737,0.010299656415510167,-0.3241962195429015,67.72817159432583,46.433673616331134,1.4810165246585454
17.17599999999801,93.1765282587941,40.00488867461364,-0.12248783461700165,3.6015383520818314,-0.11428902079511341,0.019955321275437997,3.9150940531188265,9.686579579189523,0.0004620721826630156,0.01030088051919334,-0.3242152159440347,67.618212529868,46.1188735549668,1.4810175136472985
17.213999999998055,93.18285137252602,40.004914940024705,-0.12250719300698772,3.601771267874237,-0.11430451718895994,0.019963950888976484,3.9153696546118493,9.686562690294881,0.0004597626113375388,0.010302379842291884,-0.32423847227956554,67.4833377368042,45.71861556460298,1.4810187350664505
17.239999999998087,93.18703333356144,40.00493271048375,-0.12252004255351202,3.6019251618365598,-0.11431475797156922,0.019969733371760556,3.915552025648441,9.68655151805397,0.00045820244112692763,0.010303373058418658,-0.32425387118165355,67.39390264180727,45.443810489491895,1.4810195507343158
17.2499999999981,93.18861095262811,40.00493950216052,-0.12252490097063441,3.601983192742155,-0.11431861949596245,0.019971931664889787,3.915620835733913,9.686547303125874,0.00045760723145316795,0.010303748074973178,-0.32425968405431094,67.36012225472342,45.33791685138414,1.4810198601374887
17.279999999998136,93.19324113888035,40.00495973444998,-0.12253919233561691,3.602153385720324,-0.11432994965654425,0.01997843535822431,3.915822937505337,9.686534927304276,0.00045583782299013953,0.01030485003642565,-0.3242767602439155,67.26084495083505,45.01958603272524,1.481020774025154
17.297999999998158,93.19594585452992,40.00497177182542,-0.12254756389820373,3.602252706470981,-0.11433656412012025,0.019982272843398922,3.9159411144490965,9.686527695720853,0.00045478679621635136,0.010305494701004248,-0.3242867466247811,67.20276749925041,44.82812892685141,1.4810213120864368
17.30899999999817,93.19757208371223,40.0049790905841,-0.12255260735184846,3.60231239707207,-0.11434053830666019,0.019984595963720174,3.9160121886630797,9.686523348546473,0.0004541482985554134,0.01030588261037735,-0.3242927543322678,67.16782654518654,44.71096154118628,1.4810216371250904
17.335999999998204,93.20147896597342,40.00499693495593,-0.12256475783178067,3.6024557359143983,-0.11435007747499978,0.019990228918250776,3.916182972563363,9.686512907586941,0.00045259455875276607,0.01030681544876307,-0.32430719763193655,67.08383724399593,44.42284626276641,1.4810224228513162
17.36399999999824,93.20540359539216,40.0050152613428,-0.12257701035029658,3.6025995878352504,-0.11435965190551234,0.019995960684092606,3.9163547042652485,9.686502416790333,0.00045100405571898267,0.010307754146348639,-0.32432172610998067,66.99940686356003,44.12329464625997,1.4810232196162756
17.369999999998246,93.20622785164932,40.00501916489443,-0.12257958956333957,3.6026297766442257,-0.11436166160305676,0.01999717415584673,3.916390803801441,9.686500213045186,0.00045066575839808624,0.010307951524411644,-0.32432478023282374,66.9816689531895,44.05900595539284,1.4810233879707502
17.385999999998266,93.20839737963871,40.00502953398612,-0.12258638969855384,3.6027092025321985,-0.11436694813432884,0.020000386305760447,3.916485857601729,9.686494413323897,0.0004497677189057788,0.01030847139747627,-0.32433282314108813,66.93498015651963,43.8874018261119,1.4810238328251484
17.38899999999827,93.2087995938422,40.00503147166499,-0.12258765235409465,3.6027239230416184,-0.11436792761809907,0.020000984890200184,3.9165034830514562,9.686493338334591,0.00044960001007533274,0.010308567829821766,-0.32433431482493685,66.92632523193348,43.85519917671132,1.481023915574353
17.43999999999833,93.21541874988482,40.00506409826797,-0.12260852751354658,3.602965990365811,-0.1143840247900433,0.02001098179141387,3.9167936978629982,9.686475652513547,0.0004467853470914899,0.01031015729086773,-0.32435889315515615,66.78399546503698,43.30649194904709,1.4810252905780974
17.45599999999835,93.21741061093834,40.00507421259744,-0.12261484392593562,3.6030387285408545,-0.1143888627287947,0.020014044707250163,3.9168811713739924,9.686470328462848,0.0004459162465737151,0.010310636721173471,-0.32436630369434283,66.74121666176413,43.13387135601027,1.481025709681727
17.489999999998393,93.22151181849617,40.00509551481451,-0.12262790941778938,3.603188345192764,-0.11439880873615572,0.02002044531924406,3.9170614240372603,9.68645936990164,0.000444089535379715,0.010311625423675353,-0.32438158144692963,66.65329125979753,42.76632839682005,1.481026581013319
17.51999999999843,93.22498449857952,40.005114096450995,-0.12263904456201778,3.6033148995597704,-0.11440721563266007,0.02002597387015436,3.9172141631271913,9.686450093440648,0.0004425031036985364,0.010312464257789528,-0.3243945393621404,66.57908223024774,42.44123699825282,1.4810273282622148
17.52199999999843,93.22521115986446,40.00511532811074,-0.12263977360777643,3.6033231533232994,-0.11440776404557376,0.020026338217933502,3.9172241409544943,9.686449487775608,0.00044239820696737075,0.010312519073491757,-0.3243953860203401,66.57424755735059,42.41953874788262,1.4810273773648726
17.554999999998472,93.22886447252523,40.005135522908255,-0.12265156514107439,3.6034560592627867,-0.11441659637322898,0.020032275231630165,3.9173851247460982,9.68643972357996,0.000440681581164788,0.010313403736913028,-0.3244090482296031,66.49651069556327,42.061071883676796,1.4810281747681306
17.58599999999851,93.2321507965842,40.00515427555495,-0.12266225053269837,3.603575461623999,-0.11442452457230451,0.02003773479339656,3.91753004989982,9.686430944238417,0.0004390940979235118,0.01031420112593894,-0.3244213599601873,66.42698664550055,41.72358959628539,1.4810289020407066
17.598999999998526,93.23348753559064,40.00516207685878,-0.12266662015609993,3.6036239876062313,-0.11442774597063723,0.02003999000856071,3.9175890369290594,9.686427372880978,0.0004384364839750041,0.010314525943888597,-0.3244263747658015,66.39884267969026,41.58185963199794,1.481029200797558
17.63399999999857,93.23696565970927,40.005182897272675,-0.12267805292543238,3.603750065681595,-0.11443612066367576,0.020045955382136018,3.9177427581032216,9.686418074313663,0.00043668872279260964,0.010315372706766704,-0.32443944706526995,66.32604578926868,41.199701862376024,1.4810299870256678
17.65099999999859,93.23859269944643,40.00519291419198,-0.12268343736215959,3.603808961090116,-0.11444003163900222,0.02004880096397106,3.91781474630056,9.686413724947151,0.000435851182394124,0.010315769539931208,-0.32444557302990185,66.29225502124612,41.0137897240189,1.4810303594518475
17.670999999998614,93.24045585253637,40.00520461877772,-0.12268963644523825,3.6038763584799494,-0.11444450417287265,0.020052107990591747,3.9178971991205223,9.686408746022948,0.0004348763389019893,0.010316224468823937,-0.32445259588642916,66.25381542980816,40.79483480792536,1.4810307897572799
17.703999999998654,93.24341013873645,40.005223742740476,-0.12269954000702503,3.603983070476087,-0.11445158823263613,0.02005746081031833,3.918028119666546,9.686400846643746,0.00043329392672061324,0.010316947291541926,-0.324463755188622,66.19350053862814,40.43302788857334,1.4810314813932486
17.714999999998668,93.2443620099756,40.00523006545084,-0.12270275106153129,3.604017398780975,-0.11445386836658461,0.02005921588722255,3.918070372318548,9.68639829998799,0.00043277320700169607,0.010317180624061518,-0.32446735775931884,66.17425734183756,40.31228451526086,1.481031706898501
17.7409999999987,93.24654820170362,40.005244907212806,-0.12271017053556058,3.604096162860675,-0.11445909684028259,0.02006331225008632,3.918167473222499,9.686392453191596,0.00043155557473948395,0.01031771721025047,-0.3244756430037132,66.1304883894517,40.02662367948165,1.481032229987393
17.760999999998724,93.24816997238081,40.00525622570875,-0.12271571894471217,3.6041545349014354,-0.11446296822724597,0.020066414658266522,3.918239535817599,9.686388117668258,0.00043063280330250483,0.010318115873717575,-0.3244817995186321,66.09846163136659,39.80663895988699,1.481032622947601
17.78099999999875,93.24973993170853,40.00526745900362,-0.12272111303813767,3.6042109644373217,-0.11446685078807999,0.02006954502033976,3.9183092266475734,9.68638368592557,0.0004297236245849091,0.010318501889109002,-0.3244877706282746,66.06786392927962,39.58645085956946,1.481033007789003
17.803999999998776,93.25148196853468,40.005280272799354,-0.12272716750049716,3.60427338734951,-0.11447119504790418,0.020073155311819302,3.918386577911228,9.686378670956984,0.0004286987405534244,0.010318927011642949,-0.3244944112845942,66.0344449474529,39.3329951619475,1.4810334402887715
17.837999999998818,93.25393651217999,40.005299007921536,-0.12273578716744919,3.604361132228213,-0.11447730648111207,0.02007835578809445,3.9184956782353164,9.686371611778323,0.00042722065671315274,0.010319519616658543,-0.32450379269203944,65.98851205716473,38.95788132519957,1.481034059721799
17.843999999998825,93.25435500446571,40.00530228870017,-0.12273726686187907,3.60437608018174,-0.11447833730742805,0.020079248162455467,3.9185143034279717,9.686370426752458,0.000426964534010612,0.01031961996003312,-0.3245053952176026,65.98083623124995,38.891633181744474,1.4810341665512876
17.869999999998857,93.25611799759504,40.00531641800623,-0.12274353772860014,3.604438998703326,-0.11448263118622935,0.020083017713873337,3.918592940264472,9.686365520564076,0.0004258705332961083,0.01032004140634687,-0.32451215847807086,65.94906617785846,38.60438971794871,1.481034620851068
17.900999999998895,93.25811466190636,40.00533307988944,-0.12275072687899602,3.6045101370514976,-0.11448739206417705,0.020087325728256895,3.9186823753876707,9.686360137854745,0.000424596307560501,0.010320518192146048,-0.32451984246251503,65.9143573036587,38.261571564839535,1.481035144250059
17.908999999998905,93.25861186354605,40.00533734719483,-0.12275253489142601,3.60452783894604,-0.11448856095530084,0.02008841102423367,3.918704687776694,9.686358823993475,0.00042427246248579224,0.010320637122570402,-0.3245217593326467,65.90596045915808,38.173047052996594,1.4810352761193213
17.92199999999892,93.2594042735155,40.00534425305194,-0.12275543299162217,3.6045560434479413,-0.11449041198178472,0.020090155324064496,3.9187402777478435,9.686356747788013,0.0004237506590799737,0.010320827021988725,-0.32452481732403116,65.89280610766595,38.02914908343828,1.4810354876308525
17.955999999998962,93.26138612639822,40.00536214743856,-0.12276277402477788,3.604626485972322,-0.1144949925348731,0.020094617053029017,3.9188295690517307,9.686351617873102,0.00042241087192495256,0.010321304933245038,-0.3245324873512925,65.86127523645392,37.65255050321174,1.4810360247613306
17.97199999999898,93.26227389658767,40.005370484762004,-0.12276610853176056,3.6046579689790037,-0.11449702706045597,0.02009667463614001,3.9188697328484237,9.68634933480207,0.0004217912446033409,0.0103215207475997,-0.324535935195,65.84787622529161,37.47521227184149,1.4810362696150385
18.000999999999017,93.26381235670425,40.00538545989375,-0.12277196868240518,3.604712445194729,-0.11450052967789456,0.02010035519106894,3.9189394712147516,9.686345388046032,0.000420684298837203,0.01032189730301661,-0.32454192610830085,65.82593952677097,37.15361860684762,1.4810367007696965
18.033999999999057,93.26545483524748,40.00540228651587,-0.12277835446325323,3.60477048751802,-0.11450424467696725,0.02010447120353154,3.9190141107174874,9.686341171570161,0.00041945229872268424,0.010322302928186483,-0.3245483487312763,65.80466202890607,36.787434713060335,1.4810371719891053
18.0699999999991,93.26711779824694,40.00542038344871,-0.12278497314022649,3.6048290205050657,-0.11450798532524721,0.0201088659252901,3.91909004450928,9.686336885452496,0.00041814035665794044,0.010322717524435905,-0.3245548895435788,65.78592684284033,36.38772659317957,1.48103766310571
18.094999999999132,93.26819694659385,40.00543279179222,-0.122789370636364,3.6048669030709353,-0.11451039546673884,0.0201118642202513,3.9191394068640735,9.686334102920332,0.0004172494786441992,0.010322988294104798,-0.32455915361368665,65.77566600708136,36.11003534061615,1.481037990424418
18.098999999999137,93.26836397559298,40.00543476502457,-0.12279005943602743,3.6048727592836607,-0.11451076732888708,0.020112339530700133,3.9191470536899313,9.686333672255744,0.00041710867903736634,0.010323030323298904,-0.32455981520655003,65.77423349221556,36.06559737546814,1.4810380417685711
18.119999999999163,93.2692154905107,40.00544507171045,-0.12279349786186888,3.6049025694542536,-0.11451266903855076,0.02011473838750988,3.9191861091905307,9.686331427756313,0.0004163774658442157,0.010323244902767576,-0.3245631966875059,65.76765985959835,35.83226985192929,1.4810383067369952
18.1499999999992,93.27035917793982,40.00545966189726,-0.12279804430404304,3.604942438838183,-0.11451525526395293,0.020117920575724816,3.9192386819399796,9.686328373080013,0.0004153566661948967,0.010323532704983093,-0.32456776369035556,65.76102944206488,35.49887905016241,1.4810386720423123
18.16699999999922,93.27097074390986,40.00546786254868,-0.12280051729251416,3.6049636779489815,-0.11451664127487803,0.020119662054114067,3.9192668432892717,9.68632675330854,0.0004147915190997697,0.010323686929188156,-0.3245702167002611,65.75871402212906,35.30993386241737,1.4810388722353387
18.184999999999242,93.27159034267042,40.005476492517985,-0.12280307076587448,3.604985151908331,-0.11451804033267071,0.020121473558042245,3.919295401601742,9.686325129921716,0.00041420431097149437,0.010323843789162412,-0.3245727101968653,65.75739936922707,35.10986353796604,1.481039078904321
18.21599999999928,93.27259071619962,40.00549122501901,-0.12280732155922394,3.605019688842783,-0.11452027320217602,0.020124540902362695,3.9193417174701795,9.686322545858308,0.0004132201478203149,0.010324099535763588,-0.3245767605131908,65.75787673260456,34.76529173334371,1.4810394222499823
18.229999999999297,93.27301537744015,40.005497823365886,-0.12280918353556192,3.6050342873073946,-0.11452120687533261,0.020125912553141508,3.9193614835975703,9.686321462098396,0.00041278613835708653,0.010324209329401774,-0.3245784905507376,65.7592293397583,34.60968382434399,1.4810395721728795
18.258999999999332,93.27384386492133,40.00551137957585,-0.12281293918503726,3.605062690936346,-0.11452299687756441,0.02012874291351288,3.9194001433493164,9.686319371936568,0.000411907643511977,0.010324425834019412,-0.3245818832665597,65.76428162054124,34.287381406016216,1.4810398727652956
18.283999999999363,93.27450406823012,40.005522941846834,-0.12281606947867885,3.6050852467034704,-0.11452439212261525,0.02013117400492772,3.919431080275998,9.686317724430266,0.000411174066310534,0.010324600881038174,-0.3245846076489445,65.77107309197031,34.00958301143832,1.4810401213234872
18.294999999999376,93.2747788801756,40.005527992072096,-0.12281741359013526,3.6050945984293685,-0.11452496463117545,0.020132239997186094,3.919444030947999,9.686317041326157,0.00041085809658929413,0.010324674531899116,-0.3245857491711841,65.77477580561364,33.887370977728416,1.481040227647804
18.32999999999942,93.27559178552664,40.00554390701407,-0.12282155934988317,3.6051221154307598,-0.11452662466900641,0.020135618431292295,3.9194825933199504,9.686315031565405,0.0004098781719714861,0.010324895208538541,-0.3245891543876073,65.78946126800972,33.49861513576981,1.4810405538555145
18.359999999999456,93.27621778381209,40.00555735808894,-0.12282496654378781,3.6051431949014336,-0.11452786238966252,0.020138499833457967,3.919512455213035,9.686313501545897,0.00040907074971150646,0.010325067980111144,-0.32459180741206295,65.80556508404626,33.16554665809143,1.481040819156321
18.374999999999474,93.27650686296522,40.00556401644325,-0.1228266177723239,3.605152876235986,-0.11452842083387703,0.020139931771183714,3.9195263484376945,9.686312799234592,0.0004086789081894289,0.010325148788415721,-0.32459304547728085,65.81483368100463,32.99907516476977,1.481040946979708
18.391999999999495,93.27681555473978,40.005571507833295,-0.12282844554732386,3.605163156542654,-0.11452900648549515,0.020141545660009388,3.919541297715446,9.686312052150972,0.00040824377176547957,0.010325235922567177,-0.3245943790981202,65.82631829763208,32.81046462140054,1.4810410880331875
18.41999999999953,93.27728216162176,40.005583718558945,-0.12283136238512558,3.6051785921881696,-0.114529864686125,0.020144185607112078,3.919564067296551,9.686310934924562,0.0004075471372305522,0.010325369270553334,-0.32459641848702386,65.84750356561389,32.49995907361678,1.4810413116963967
18.44399999999956,93.27764262062864,40.00559405649305,-0.1228337760218825,3.605190445944058,-0.1145305001789267,0.020146430253291096,3.9195817748559825,9.686310086564102,0.00040697150529830754,0.010325473746767627,-0.32459801643367525,65.86790903810716,32.2339739594726,1.481041495024191
18.48599999999961,93.27818807742065,40.00561185883023,-0.12283779777488886,3.6052081280540365,-0.11453140264817963,0.020150302543033752,3.919609094454335,9.686308827671313,0.00040601197579715533,0.010325635530977418,-0.3246004952812774,65.90860489565812,31.768911707501065,1.4810417978089911
18.515999999999647,93.27851549232611,40.005624347296084,-0.12284052469864495,3.605218564126704,-0.11453189172697285,0.020153028082608097,3.919625823678039,9.686308099748471,0.00040536193412015815,0.010325735267540673,-0.32460202935218263,65.94155524848757,31.437085552920543,1.4810420004865446
18.545999999999683,93.2787942572096,40.00563664393397,-0.12284313713607077,3.605227312140869,-0.11453226105242158,0.02015571795201574,3.919640358967649,9.686307505494161,0.00040474371743008707,0.010325822475657118,-0.3246033779824052,65.97773701032368,31.105596077800502,1.481042192236493
18.556999999999697,93.2788845224063,40.00564110437015,-0.1228440648009446,3.605230091050128,-0.11453236772987979,0.020156693632907785,3.9196451842175892,9.686307318959026,0.00040452470008869596,0.010325851416708491,-0.32460382782866043,65.99181263704031,30.984140515371294,1.4810422598766395
18.588999999999736,93.27911294899197,40.00565393214865,-0.12284667937012296,3.6052369759445586,-0.11453259337560956,0.020159503736835713,3.9196576967009644,9.686306870857733,0.0004039094562974709,0.010325926645889731,-0.3246050051747033,66.03522585745077,30.631111095950722,1.4810424487247102
18.610999999999763,93.27924230546095,40.00566262275882,-0.12284841136234166,3.6052407755633777,-0.1145326795375932,0.020161413283956223,3.9196649958944465,9.686306641904489,0.00040350661986418226,0.010325970919227146,-0.32460570606578293,66.06719962233052,30.38867377714095,1.4810425718832978
18.635999999999793,93.27936268614404,40.00567237067696,-0.12285031183610409,3.6052441682155543,-0.11453271372688574,0.0201635564468131,3.9196721282945894,9.686306453205287,0.00040306940501937686,0.010326014216069827,-0.32460640103104654,66.10563498838009,30.11346225730361,1.4810427054335098
18.655999999999818,93.27943933626946,40.00568007098863,-0.12285178011151293,3.6052461851931246,-0.11453269399473336,0.020165249774649972,3.919677000471086,9.686306354511355,0.0004027340957365571,0.010326043663354012,-0.32460688219888445,66.13799134817853,29.893523341990978,1.4810428074974762
18.683999999999852,93.27951986801133,40.00569070470158,-0.12285376902442516,3.6052481103249816,-0.11453259969073183,0.020167594251241355,3.9196825613891124,9.686306293594663,0.00040228598186871025,0.010326077464331555,-0.3246074492386378,66.18568884079639,29.585971744103198,1.481042943461587
18.718999999999895,93.27957907535266,40.005703755149305,-0.12285614953870225,3.605249135651304,-0.11453238189221424,0.020170478436797718,3.9196876062937163,9.68630633354862,0.00040176335495371835,0.010326108249703462,-0.32460799467577256,66.24924037361049,29.20216293773107,1.4810431024385022
18.734999999999914,93.27959129975024,40.005709631542025,-0.1228571964725762,3.605249085748421,-0.11453224755630749,0.020171777401524187,3.9196892877179863,9.686306390969692,0.0004015374808274782,0.010326118292888195,-0.3246081869321932,66.27974470304376,29.026953312117705,1.4810431711850882
18.750999999999934,93.27959498262409,40.00571545178431,-0.1228582204753895,3.6052487479578463,-0.11453209231394619,0.02017306580111745,3.919690578003269,9.686306472717057,0.00040131922610250155,0.010326125910265471,-0.3246083449259003,66.31115907800753,28.851904538000763,1.4810432375375102
18.78199999999997,93.27957983610546,40.005726568452296,-0.12286014774682971,3.605247391410146,-0.11453173673063469,0.02017553471067422,3.919691975602787,9.686306697473087,0.000400919541957791,0.010326134115866659,-0.3246085589927311,66.37461096041504,28.513222925337907,1.4810433594707144
18.78899999999998,93.27957245277447,40.005729049408856,-0.12286057226916113,3.6052469568727075,-0.11453164717134652,0.02017608656666322,3.9196921084634457,9.686306759285063,0.00040083370109062464,0.010326134828647594,-0.3246085914140897,66.389410505104,28.436835981465602,1.48104338582393
18.84600000000005,93.2794615899996,40.00574885097895,-0.12286387959107803,3.6052417029405426,-0.11453080050096558,0.020180497851821785,3.919691002146478,9.68630739915366,0.00040018926559654726,0.010326126063149199,-0.3246086533910605,66.51637709604535,27.81612257370349,1.4810435849309764
18.852000000000057,93.27944525568672,40.00575089390057,-0.12286421477072353,3.605241004450149,-0.11453070013190064,0.02018095489854148,3.9196906574734727,9.686307480328065,0.000400126993214867,0.01032612371587975,-0.32460864025702596,66.53040992645292,27.75092352673547,1.481043604338299
18.87100000000008,93.27938817789229,40.00575731104527,-0.12286526119740777,3.6052386307492292,-0.11453037013025794,0.020182392767446225,3.9196893072524155,9.686307752709336,0.0003999373229819481,0.010326114638746262,-0.3246085762220939,66.57568496920258,27.54464225260304,1.4810436639230071
18.89500000000011,93.27930457688156,40.00576530386477,-0.12286654669778489,3.6052352551713973,-0.11452992830513488,0.02018418546980809,3.9196871147221697,9.68630812662235,0.0003997133873888814,0.010326099760821378,-0.32460844901896785,66.63469247839436,27.284482314219126,1.4810437352207986
18.91900000000014,93.27920922023414,40.00577317093826,-0.12286779400990275,3.6052314935929077,-0.11452946020115627,0.02018595327704531,3.9196844140850207,9.6863085322386,0.0003995051002295488,0.010326081281553746,-0.3246082731466631,66.69572601934006,27.02479016057394,1.4810438022410617
18.949000000000176,93.27907633884105,40.005782828435464,-0.12286931692045104,3.6052264202703026,-0.11452897841040463,0.02018804232133696,3.919680521392544,9.686309050272103,0.00039926569086194387,0.010326054221501377,-0.32460799095475934,66.77486138998921,26.700856825027444,1.481043880246258
18.980000000000214,93.27892422085165,40.00579260404029,-0.12287080560241811,3.60522078903598,-0.11452867267697471,0.02019002902717204,3.919676055225207,9.686309517469812,0.0003990305984274725,0.01032602859564104,-0.32460763417429656,66.85994623965637,26.366952139028516,1.4810439543885934
18.98500000000022,93.27889836155042,40.00579416163361,-0.12287104154100621,3.6052198480208926,-0.1145286185176821,0.02019035035896394,3.919675260335731,9.686309595074043,0.0003989939558812088,0.01032602472581969,-0.32460757084834657,66.87398426050305,26.313177460961107,1.4810439657469452
19.016000000000258,93.27873124881346,40.00580369977581,-0.12287249408535669,3.60521385293255,-0.11452822635944605,0.02019237516600655,3.9196698573789766,9.686310101293973,0.00039877762509916726,0.010326001862282516,-0.3246071460826354,66.9629671772479,25.98029027599096,1.4810440325327632
19.049000000000298,93.27854235424387,40.005813627696206,-0.1228740057292796,3.605207181789238,-0.11452766237606926,0.02019459475889865,3.9196633060942396,9.686310701531346,0.00039857392192527375,0.010325977674463204,-0.3246066410384108,67.06136850766696,25.626930165232906,1.481044096908377
19.07600000000033,93.27837987090403,40.00582157863854,-0.12287520122196297,3.6052014498665126,-0.11452708639549829,0.02019643708420317,3.9196575325055303,9.68631124649931,0.00039842899156835763,0.010325955840552252,-0.3246061935134433,67.14469183568427,25.338614958108938,1.4810441445984075
19.094000000000353,93.2782685412741,40.005826794160804,-0.12287598066482143,3.6051975384097696,-0.11452665252974081,0.020197670783295187,3.9196534956834697,9.686311639906513,0.0003983426963450693,0.010325939551177969,-0.3246058798979749,67.2016438803187,25.146815489652635,1.4810441739837592
19.118000000000382,93.27811767169409,40.00583364298245,-0.12287700402037458,3.6051922966462406,-0.11452602267988919,0.020199316140372542,3.9196478800676156,9.686312201555243,0.0003982418311257893,0.010325915250705468,-0.3246054456098696,67.27932222603265,24.89160694976705,1.4810442102705206
19.145000000000415,93.2779447626437,40.00584120523434,-0.12287812880046653,3.6051863379806113,-0.11452525800197888,0.020201154018239874,3.9196413693818206,9.68631287594772,0.00039814873949985547,0.010325884090375789,-0.3246049390546176,67.36908503026336,24.605231036540157,1.4810442472972305
19.175000000000452,93.27774942640231,40.00584943268204,-0.12287934430916778,3.6051796336554385,-0.11452435938154845,0.0202031679311305,3.9196340149161633,9.68631366680384,0.0003980677222390694,0.010325844515177306,-0.3246043577029809,67.47176229793641,24.28797252241315,1.4810442839758826
19.18100000000046,93.2777102116268,40.005851056251565,-0.1228795845428453,3.605178298144227,-0.11452417562406803,0.020203567180485063,3.9196325249516533,9.68631382935301,0.00039805417998347995,0.010325835981700653,-0.3246042394587544,67.49266840838675,24.22464170169666,1.4810442907744286
19.229000000000518,93.27739631004016,40.005863784841765,-0.122881463668223,3.6051676954464544,-0.1145228527904285,0.02020659611585169,3.9196203127397884,9.6863150984965,0.0003979845953184222,0.010325764074091836,-0.3246032778763497,67.66435177202725,23.719486100274022,1.4810443391440253
19.250000000000544,93.2772588421345,40.00586921015966,-0.12288226328093474,3.605163078207224,-0.11452227255060492,0.02020789380879718,3.9196150531304266,9.686315652303202,0.00039797208783435493,0.010325730806196195,-0.3246028512235952,67.74193537971787,23.499334111662,1.4810443571449217
19.25400000000055,93.27723272789984,40.00587023374692,-0.1228824148243115,3.60516220579006,-0.11452216161865983,0.02020814007877426,3.919614056833779,9.686315757823522,0.00039797067361145886,0.010325724347668382,-0.3246027696777337,67.75688335001387,23.457460655197156,1.4810443603692534
19.28000000000058,93.27706420374753,40.00587681089589,-0.12288339700858657,3.6051566419579584,-0.11452143688080761,0.02020973639824257,3.919607605010955,9.686316444061957,0.0003979689374008542,0.010325681394581496,-0.32460223866060967,67.85536963334896,23.185760501458233,1.481044379808288
19.31300000000062,93.27685321210339,40.00588497001277,-0.12288462289877948,3.6051498097670422,-0.11452058487412875,0.020211784350240687,3.919599652352412,9.686317186780315,0.00039798415100761737,0.010325623888100804,-0.32460156631741155,67.983669326369,22.842124266652558,1.4810444009153945
19.316000000000624,93.27683415508766,40.00588570141771,-0.12288473365473995,3.605149197034767,-0.11452050994213604,0.02021197273997647,3.919598950221628,9.686317247934815,0.0003979860927331525,0.010325618359140377,-0.32460150544147076,67.99551541205136,22.810953173811253,1.4810444026461032
19.325000000000635,93.27677711693252,40.00588788530376,-0.12288506777716128,3.605147367583136,-0.11452028639169815,0.020212536990938203,3.9195968591055257,9.686317432397303,0.000397992247843174,0.010325601466133818,-0.3246013231255285,68.03123581054412,22.7175093484734,1.4810444076546267
19.350000000000666,93.27662025983665,40.005893870685874,-0.12288598605258216,3.605142395104622,-0.11451966572938717,0.020214082247078796,3.9195911484992414,9.686317951675456,0.00039801155678394835,0.010325552250960622,-0.32460081939000923,68.13189045481703,22.45849552530925,1.4810444201550048
19.364000000000683,93.27653383029086,40.00589717108897,-0.12288649438195144,3.6051397050571388,-0.11451931259316991,0.0202149280565916,3.919587985713285,9.686318258043416,0.00039802420309075165,0.010325523364409867,-0.32460053944371714,68.18917460742777,22.31380736563533,1.48104442627757
19.390000000000715,93.27637589910952,40.005903203859184,-0.12288742832285672,3.605134856734436,-0.11451864668983999,0.02021645340941259,3.919582196997153,9.686318863887129,0.0003980525749932969,0.010325467840123712,-0.32460002507597296,68.29730231460731,22.045797980579252,1.481044436066661
19.405000000000733,93.27628602170527,40.00590662791096,-0.12288795878924236,3.605132107754436,-0.11451826039865425,0.02021730520356345,3.919578938653135,9.686319230005413,0.0003980714681469218,0.0103254350440479,-0.3245997319737581,68.36071183880931,21.891595595195138,1.4810444408331345
19.42800000000076,93.27615013493134,40.00591179918071,-0.1228887620415948,3.6051279555829994,-0.11451767207275654,0.020218576844844686,3.9195740567174933,9.686319804302126,0.0003981024804161399,0.01032538416047613,-0.32459928779528,68.4593967699711,21.655756670273615,1.4810444469908766
19.457000000000797,93.2759833061958,40.00591818494072,-0.12288976709546792,3.6051229191488456,-0.11451694910948376,0.020220134976221427,3.9195680228717587,9.68632053321625,0.00039814483985406624,0.010325319686247279,-0.32459873774965803,68.58633185026491,21.359456155957062,1.481044452968402
19.48400000000083,93.27583197590879,40.00592399724393,-0.12289069028778335,3.6051183884893443,-0.1145163087069564,0.020221543032592965,3.9195625738152837,9.686321193219705,0.0003981880757662432,0.01032525996614586,-0.324598237438982,68.7070164880025,21.0846760339597,1.481044456984112
19.514000000000866,93.2756674278161,40.00593030787102,-0.12289169350786387,3.6051134432435155,-0.11451564530005347,0.02022306216620165,3.9195567757752197,9.686321884319149,0.0003982368088809424,0.010325194334306516,-0.3245976947376634,68.84393053540472,20.780619165947762,1.4810444599829342
19.522000000000876,93.27562435007825,40.00593196488801,-0.12289195852270626,3.6051121536675956,-0.11451547753235465,0.020223461102553453,3.9195552607319364,9.686322060360178,0.000398249553477496,0.010325176985205763,-0.3245975522564627,68.88094070201676,20.699763857936844,1.4810444605590367
19.530000000000886,93.27558164625208,40.00593361113304,-0.12289222282167511,3.6051108808555745,-0.1145153137278909,0.020223857718615037,3.9195537547727506,9.6863222328314,0.000398262248077066,0.010325159707657067,-0.324597410750499,68.91816081424165,20.619004975129606,1.4810444610511717
19.560000000000922,93.27542420527426,40.005939689543176,-0.1228932029748505,3.6051062141894015,-0.11451473636483196,0.020225320732325032,3.9195482227650933,9.686322844798015,0.00039830973384293896,0.01032509560790887,-0.32459688912527607,69.05960175649871,20.31702724916143,1.481044462232026
19.589000000000958,93.27527452890008,40.005945425332015,-0.12289412205374135,3.605101740632863,-0.11451423510740845,0.0202266920812886,3.919543126573665,9.68632337890082,0.0003983528164345772,0.010325034701838568,-0.3245963974155826,69.19911838105793,20.02643860298837,1.4810444625402361
19.617000000000992,93.27513239971806,40.00595083608631,-0.12289498661211663,3.6050974755803895,-0.11451380166950736,0.020227981952540955,3.9195383713636534,9.686323844763246,0.0003983881311036697,0.010324976836072424,-0.3245959319243678,69.33641517870117,19.74712893684698,1.4810444622314238
19.644000000001025,93.27499716667373,40.00595593780214,-0.12289579964498988,3.6050934230521676,-0.11451342883240634,0.020229193926412967,3.919533890042411,9.686324250878,0.00039841642951315726,0.010324921929945571,-0.32459549063736437,69.47120865182751,19.47898763195923,1.4810444614933806
19.654000000001037,93.2749470938615,40.00595779904503,-0.12289609257485125,3.6050919065426053,-0.11451330187673496,0.02022963292650371,3.9195322716043264,9.686324389924136,0.0003984251200306794,0.010324901813879572,-0.3245953287346303,69.52172806826293,19.379977488748278,1.4810444611296556
19.66500000000105,93.27489186624908,40.00595982907488,-0.1228964088388374,3.605090217955458,-0.11451316893159894,0.02023010947941159,3.919530518835451,9.686324535792076,0.00039843310238547235,0.01032487981204818,-0.3245951512576726,69.5776704837254,19.271256465521585,1.4810444606803013
19.699000000001092,93.27472030294906,40.005965991199496,-0.1228973524475189,3.605084898374453,-0.11451279895324723,0.0202315471189798,3.919525187975146,9.686324945158258,0.0003984448801313774,0.01032481254225031,-0.3245946040025056,69.75303350404738,18.93648360244098,1.48104445900528
19.719000000001117,93.27461849712367,40.00596953826562,-0.12289788499530432,3.605081712072991,-0.11451260794278133,0.02023236945470923,3.9195220527605334,9.68632515996775,0.00039844251698326316,0.0103247734387092,-0.3245942814209112,69.85791132917095,18.740469782890084,1.4810444578410826
19.752000000001157,93.2744459158823,40.005975269198856,-0.12289870920730214,3.6050761696260305,-0.11451233322714306,0.02023367842600738,3.9195169201780673,9.686325470785004,0.00039842118932014863,0.010324709500319069,-0.32459374375956135,70.03373619015427,18.418549146955048,1.4810444556511684
19.783000000001195,93.27427648668028,40.005980520081664,-0.12289941585828136,3.6050705385164603,-0.11451211421115068,0.020234857175570775,3.919512045034693,9.686325719004508,0.00039837495959767444,0.010324649716046973,-0.32459322476257485,70.20203886187413,18.11787141627799,1.481044453271541
19.815000000001234,93.2740913581814,40.005985811405864,-0.1229000688451272,3.6050642174448826,-0.11451192137465478,0.02023602109843876,3.919506801475709,9.68632593733011,0.00039829773153468855,0.010324587831254107,-0.3245926666049758,70.37893659016581,17.809287908904786,1.4810444504216527
19.846000000001272,93.27389558777737,40.00599081950409,-0.12290059374950416,3.6050572152631584,-0.11451176397748548,0.02023708307786783,3.9195015604108945,9.686326107052347,0.00039818542393128115,0.01032452703931152,-0.32459209241147274,70.55335542417467,17.512116211106942,1.4810444471672533
19.87700000000131,93.27368228082182,40.005995718792626,-0.12290102540845521,3.605049377872501,-0.11451162202023238,0.02023810130501946,3.9194957836020823,9.686326254402825,0.0003980281004936566,0.010324464559917396,-0.3245914709821763,70.73075714897686,17.216715458791896,1.4810444432626848
19.912000000001353,93.27341728132355,40.006001126245984,-0.12290139873305846,3.6050394482155137,-0.1145114629841403,0.02023919769396823,3.9194883111067824,9.686326415060467,0.0003978007935689846,0.010324391197457091,-0.3245907013208491,70.93461191792838,16.88536445382273,1.4810444378018528
19.938000000001384,93.27319964445472,40.00600506330991,-0.1229015740691782,3.6050310479206025,-0.11451140376739813,0.020239913178966937,3.9194819962558003,9.686326519976234,0.0003975973043761293,0.010324334743802841,-0.32459007404821294,71.08847789742953,16.64072939273828,1.4810444328071417
19.97400000000143,93.27286605549335,40.00601041225493,-0.12290164059047036,3.605017861908745,-0.11451135418452003,0.02024077765626024,3.919471988357206,9.686326657229774,0.0003972671872611745,0.010324255602630667,-0.32458911201571855,71.30492176082448,16.304166739343586,1.481044424166604
19.97600000000143,93.27284629748506,40.00601070617249,-0.12290163834043459,3.6050170723544004,-0.11451135072646769,0.020240822398094525,3.9194713870250673,9.686326665612123,0.0003972471889359297,0.010324251163956334,-0.32458905507274805,71.31706163226917,16.28554325864102,1.4810444236172133
19.994000000001453,93.27266180603374,40.00601333701911,-0.12290158629489305,3.60500965128775,-0.11451131003575497,0.02024121114068813,3.919465770144491,9.68632674672623,0.0003970587882492206,0.010324210921142355,-0.32458852446708175,71.42686407117301,16.11828786653268,1.4810444182964626
20.010000000001472,93.27248706696497,40.00601565480643,-0.12290148940994329,3.6050025456020354,-0.11451125512693949,0.020241536839377773,3.9194604577804353,9.686326829644766,0.0003968774476506158,0.010324174535889625,-0.3245880235278571,71.52528556857838,15.970157458824488,1.4810444129495777
20.038000000001507,93.27215553210624,40.00601966795061,-0.12290120529213756,3.604988931754019,-0.11451110629264422,0.02024206852785409,3.9194502912647775,9.686327009757713,0.0003965252971221106,0.0103241087487173,-0.3245870729518115,71.69937045704367,15.712166990479622,1.481044401997088
20.047000000001518,93.27204171400113,40.006020947133976,-0.12290108322913346,3.604984237186968,-0.11451104255107078,0.02024222981999649,3.919446750092343,9.686327079401265,0.00039640255381959334,0.010324086871929315,-0.3245867458711454,71.75582368826639,15.62957889464589,1.4810443979981895
20.05700000000153,93.27191078734559,40.00602236274109,-0.12290092894636595,3.6049788257347632,-0.11451096192321698,0.020242403011783223,3.9194426521659222,9.686327164105705,0.0003962607537135968,0.010324062068998352,-0.3245863694290757,71.81883230492275,15.53800830253954,1.4810443932574227
20.08900000000157,93.27145693906905,40.006026855998186,-0.12290028722707398,3.604959935837441,-0.11451063043103525,0.020242906755628287,3.9194283837980413,9.686327488343721,0.000395766380088178,0.01032397852916529,-0.3245850659107894,72.02245273019865,15.246365427257123,1.4810443757875065
20.112000000001597,93.27109493810443,40.00603005583499,-0.12289967581088632,3.6049447341320433,-0.11451031970790793,0.020243217680369532,3.9194169402063337,9.686327775955645,0.0003953684267002346,0.01032391371010915,-0.3245840262842968,72.17067140844215,15.03806199583352,1.481044360825616
20.145000000001637,93.27051940927251,40.006034612811014,-0.12289857711018373,3.6049204673639226,-0.11450976082742499,0.020243591131732415,3.9193984008617644,9.686328285560704,0.0003947315184257604,0.010323812230183636,-0.3245823661486173,72.38604126708893,14.74113861035494,1.4810443353464693
20.176000000001675,93.26991097326237,40.00603886676712,-0.12289727967478027,3.6048946830642024,-0.1145091028449153,0.02024385053832916,3.919378538415424,9.686328878300593,0.0003940608706305274,0.010323706338058571,-0.32458060694889657,72.59124616422817,14.464327881224389,1.4810443065464207
20.177000000001676,93.26989015179943,40.00603900368851,-0.12289723311427765,3.6048937977594933,-0.11450907934840436,0.020243857254818913,3.9193778565485076,9.686328899344982,0.00039403797933159956,0.010323702732250197,-0.32458054671312003,72.59791201245262,14.45543297982824,1.4810443055319205
20.193000000001696,93.26954644178264,40.00604119271246,-0.12289644754567416,3.6048791634346906,-0.1145086830738459,0.02024395106859117,3.9193665658983554,9.686329253959837,0.0003936603860739608,0.010323643297363707,-0.32457955145067413,72.70495790679959,14.313409653955555,1.481044288527792
20.240000000001753,93.26841646156603,40.006047615697895,-0.122893696165107,3.6048309564278425,-0.11450728316032106,0.020244081274260334,3.9193287489167075,9.686330515995097,0.00039242719728153826,0.010323448166209337,-0.32457626098760833,73.02365364702915,13.899458032515115,1.4810442294792325
20.252000000001768,93.26809668174914,40.00604925706516,-0.12289287915149592,3.6048172888502426,-0.11450686388755126,0.020244076230502908,3.919317913669289,9.686330895536466,0.0003920826403761723,0.010323392999978214,-0.3245753265348044,73.1060322755205,13.794551640175813,1.481044212026116
20.28500000000181,93.26714447618735,40.006053783024356,-0.12289036435623095,3.6047764919758523,-0.11450556802218816,0.020243972546372557,3.919285485588636,9.686332069411236,0.00039106724127965396,0.010323228774864909,-0.3245725387734019,73.33467441950927,13.507723173954139,1.4810441585010266
20.30300000000183,93.26657837941714,40.00605626318373,-0.12288882826896327,3.6047522139111248,-0.11450476687333647,0.02024386454107124,3.9192659914519186,9.686332800124848,0.0003904696059174841,0.010323130902751233,-0.32457087432669285,73.46068001025284,13.352308833683065,1.4810441256458533
20.337000000001872,93.26541833046063,40.00606097792329,-0.1228856411742208,3.604702559807988,-0.11450304375229862,0.020243585824363634,3.919225109518338,9.686334398381733,0.0003892630563140443,0.01032292901014935,-0.3245674348922127,73.70115976692465,13.06076944604841,1.4810440558856561
20.36700000000191,93.26429867840142,40.00606517472236,-0.12288256521958106,3.604654833643501,-0.1145012451052515,0.02024328880877728,3.9191841455588374,9.686336108025603,0.0003881353786767536,0.010322731896015007,-0.32456407018469213,73.91600965103767,12.805747285518608,1.481043985272359
20.371000000001914,93.26414286236843,40.006065736945736,-0.12288213936891855,3.604648208487594,-0.11450098187208917,0.020243247324024397,3.9191783184637923,9.68633636135372,0.00038798225770636627,0.010322704265833333,-0.3245635981444835,73.94484368884349,12.771902856084274,1.4810439751750055
20.389000000001936,93.2634236078328,40.00606827433429,-0.12288018453374637,3.604617680433556,-0.11449972036412716,0.020243058858923024,3.91915101131658,9.68633758485578,0.0003872897120273219,0.010322576045178044,-0.3245614067691294,74.0751398754112,12.620067573673305,1.4810439276645035
20.42400000000198,93.26194638994053,40.006073238785035,-0.12287624214583893,3.6045552678364965,-0.11449686095255505,0.020242701703570617,3.919092837037445,9.686340403797798,0.00038595286965955304,0.010322309002916264,-0.3245568414524862,74.33102373735376,12.327024507027772,1.4810438251796696
20.43400000000199,93.26150711176648,40.00607466313464,-0.12287509231339266,3.604536784096177,-0.11449593407542444,0.020242606365876752,3.9190750101615297,9.686341327805994,0.00038558063589194035,0.010322228584574347,-0.3245554670902285,74.40474355381797,12.24383388739391,1.4810437933549296
20.47400000000204,93.25968737902093,40.00608037396885,-0.12287045875006053,3.604460619223299,-0.11449168379384653,0.0202422806684451,3.9189986748088996,9.686345607933392,0.0003841809861789609,0.010321890159900208,-0.3245496907095492,74.70231249118886,11.91347831506049,1.4810436543664045
20.495000000002065,93.25869914145805,40.00608337204664,-0.12286803171948843,3.604419540711499,-0.11448908796020082,0.02024215109021129,3.9189557226576457,9.686348242752882,0.0003835275680985007,0.010321702814710012,-0.32454650106412847,74.86024699591412,11.74159643479884,1.4810435738223047
20.501000000002072,93.25841324689225,40.006084227538516,-0.12286733996964772,3.6044076882505034,-0.1144882997499022,0.020242118662479082,3.9189431511640818,9.686349043854142,0.0003833535063432586,0.010321648191426808,-0.3245455725723583,74.90558606317036,11.692685514169604,1.4810435498531245
20.530000000002108,93.2570117326632,40.00608835021841,-0.12286400509283918,3.6043497500271795,-0.11448420939129408,0.020241984641092746,3.918880884735383,9.686353200832723,0.00038259718287952894,0.010321377865965119,-0.32454098993568714,75.12606390758367,11.457532589636948,1.4810434280991642
20.562000000002147,93.25543477675836,40.00609286455012,-0.12286035602619082,3.604284929550769,-0.11447920437763287,0.020241880543774467,3.9188099078291585,9.68635828336772,0.00038193172825715994,0.010321068572483159,-0.3245357765863409,75.37190740026486,11.200475737923282,1.4810432827816569
20.56300000000215,93.25538510514693,40.00609300485764,-0.12286024283508776,3.6042828959088573,-0.11447904063704933,0.020241878083127753,3.91880765949748,9.686358449593463,0.0003819138620369404,0.010321058739296984,-0.3245356114201434,75.37963297139545,11.19248394997526,1.4810432780630973
20.610000000002206,93.25303035784938,40.00609953237361,-0.12285498137680483,3.604187070923061,-0.11447094665944259,0.02024180834335048,3.9187007908966462,9.686366653392403,0.0003812735226500565,0.01032058661715926,-0.32452772811322766,75.74564727631561,10.819714412880263,1.4810430451298964
20.619000000002217,93.2525758375186,40.00610076533642,-0.12285398601839699,3.6041687003168366,-0.11446932598234864,0.0202418041083609,3.9186801871846635,9.686368291867474,0.00038119349686587423,0.010320494172244428,-0.3245261961027984,75.81638183750273,10.748972478797711,1.4810429982138313
20.63000000000223,93.25201936812596,40.00610226391836,-0.12285277603914993,3.604146269953946,-0.11446732384701047,0.020241803500659003,3.9186549872807874,9.686370314398888,0.0003811129527368594,0.010320380377218271,-0.3245243159122887,75.90311545330994,10.662791285226504,1.4810429399647078
20.636000000002237,93.25171554508749,40.00610307727552,-0.12285211959065687,3.6041340542584934,-0.11446622359446527,0.020241805520051268,3.9186412378497213,9.68637142528711,0.00038107681730300457,0.010320317948623129,-0.32452328713742673,75.95055427054906,10.615914086741153,1.481042907791501
20.67000000000228,93.24999264233895,40.00610762796113,-0.12284845202402116,3.6040652358321537,-0.11445992214529378,0.02024184883255762,3.918563428568963,9.686377781011451,0.0003809713836647305,0.01031995982641788,-0.3245174245677838,76.22109219477048,10.352029118364564,1.4810427206645613
20.69500000000231,93.24872648590392,40.00611090544212,-0.12284580736937076,3.6040151245382215,-0.1144552705215994,0.020241909744847804,3.918506629425769,9.686382462941411,0.0003809926503371364,0.010319692277693195,-0.3245130909787174,76.42186692042951,10.15990976085879,1.481042578610604
20.722000000002343,93.24736264760782,40.006114374444465,-0.12284299374270158,3.6039615596870265,-0.11445029255021924,0.020241996455232367,3.9184459434244214,9.686387463207646,0.00038109419846361735,0.01031939977662663,-0.3245084020376373,76.64044730861089,9.954258726577853,1.4810424219090748
20.76000000000239,93.24545723571126,40.00611912610658,-0.12283910538442833,3.6038875373155617,-0.1144434594590897,0.02024214173154941,3.918361832051325,9.68639431607807,0.00038135185837428565,0.010318982602987437,-0.32450181046087323,76.95111485816932,9.668086888896404,1.4810421973135244
20.771000000002402,93.24490941944995,40.006120472279605,-0.12283799466577291,3.6038664201929733,-0.11444153253681634,0.020242185806132355,3.9183378301596767,9.686396247586051,0.00038144767067813736,0.010318860798631467,-0.3244999082470013,77.04170154052291,9.585965126616701,1.4810421317163909
20.790000000002426,93.24396756794123,40.00612276603895,-0.12283609013078284,3.6038302609846657,-0.11443826846271804,0.0202422613178867,3.9182967954790526,9.686399519606793,0.00038163089467222096,0.010318649455844594,-0.32449663190742645,77.19885820398613,9.444882246396926,1.481042018063099
20.820000000002462,93.24249410167232,40.00612630586542,-0.12283312907607484,3.6037740824300064,-0.11443329856469327,0.02024238139354206,3.918233068938016,9.686404510774015,0.0003819561443606007,0.010318313729694785,-0.32449148860502736,77.44876372065178,9.224101068030874,1.4810418382665804
20.838000000002484,93.24161932630959,40.0061283809949,-0.1228313839407312,3.603740970608528,-0.11443043317493937,0.020242453617828348,3.918195445366675,9.68640739802845,0.00038216815837171,0.010318111476385424,-0.3244884244427837,77.59973500474564,9.092804329593449,1.4810417305227352
20.8520000000025,93.24094381970684,40.00612996947905,-0.12283004079625241,3.6037155069639826,-0.1144282674969175,0.020242507455520087,3.918166528269242,9.68640958529366,0.00038233982118843023,0.010317953933389117,-0.32448605443144035,77.71768604458295,8.991295889260574,1.4810416469377499
20.886000000002543,93.23932121169686,40.00613373437487,-0.12282682347173929,3.6036546397582567,-0.11442324244933488,0.020242624247082494,3.918097624603341,9.686414679535927,0.00038277067778917754,0.010317571102660668,-0.32448035144635584,78.00604940552648,8.747015742310781,1.4810414452273908
20.903000000002564,93.23852036016436,40.006135567595095,-0.1228252431297368,3.603624758376434,-0.11442085542243759,0.02024267752426271,3.9180638255871294,9.686417113365446,0.00038298888094845146,0.010317379910637333,-0.3244775298628536,78.15123780866158,8.62607295226312,1.4810413452797833
20.921000000002586,93.23768057181101,40.00613747284542,-0.12282359293353352,3.6035935476018253,-0.11441841789593007,0.02024273083909687,3.918028476389404,9.68641961080648,0.00038322017978567645,0.010317177940872868,-0.3244745658482003,78.30569171203622,8.49889130932144,1.4810412402623578
20.95000000000262,93.23634460306648,40.00614046517028,-0.12282097507186929,3.603544089997043,-0.11441467849673595,0.020242803794063728,3.9179725248685378,9.686423465381846,0.00038358986244778294,0.010316854130464743,-0.3244698445040366,78.55608948176287,8.295892327859642,1.4810410730628423
20.968000000002643,93.23552569704853,40.00614227500951,-0.12281937168131406,3.6035138534538835,-0.11441246903348677,0.0202428394558949,3.9179384240714854,9.686425756577629,0.00038381403993730255,0.010316654414979722,-0.3244669483392761,78.71246583912581,8.171081983718437,1.4810409706473555
20.97500000000265,93.23520946138353,40.00614296910978,-0.12281875323539358,3.603502193496503,-0.1144116319810483,0.020242851851765643,3.917925281642418,9.686426627864549,0.00038389962982745315,0.010316577056859516,-0.32446582921237743,78.7734753971014,8.122791735431768,1.4810409311185297
21.010000000002695,93.23364769811599,40.0061463584778,-0.12281570793509591,3.603444769189158,-0.11440762147317324,0.020242903736482583,3.9178604694136494,9.686430831346263,0.0003843133968797934,0.010316193347826092,-0.32446029516163755,79.08016050789801,7.883426847669203,1.4810407361075388
21.033000000002723,93.23263798950423,40.00614851291504,-0.12281374048933864,3.603407732520852,-0.11440513256435507,0.020242923703102208,3.9178187195865455,9.686433462375128,0.0003845714703280921,0.010315944408596508,-0.3244567154738909,79.28316890561001,7.728033630608342,1.4810406104262486
21.037000000002728,93.2324636289907,40.00614888179632,-0.12281340021838041,3.603401338268538,-0.11440471062278941,0.020242925681016696,3.917811529455569,9.686433909892274,0.0003846149925540745,0.010315901397576717,-0.3244560975023132,79.31859288703697,7.701163642359182,1.4810405887724394
21.074000000002773,93.23086830770423,40.00615221408577,-0.12281028247816378,3.6033428520439634,-0.11440094914394672,0.020242927531859363,3.9177459068505316,9.68643792156899,0.00038499499408650815,0.010315507751339641,-0.324450443784728,79.6479094803316,7.454803706008736,1.4810403913532157
21.0950000000028,93.22997693315091,40.00615404231855,-0.12280853903527102,3.603310206664619,-0.11439891762770027,0.020242917641660436,3.917709284798834,9.686440106522427,0.00038519252021762367,0.010315287916118616,-0.3244472842983169,79.83612765222843,7.316742902788613,1.4810402816037385
21.10400000000281,93.2295977406172,40.00615481213514,-0.12280779584340278,3.603296318281878,-0.11439806740633467,0.02024291016011838,3.91769372812621,9.68644102412867,0.0003852732007882221,0.010315194537405273,-0.32444594098161167,79.91707985536361,7.257967358134085,1.4810402350707563
21.13800000000285,93.22817857132857,40.00615764813733,-0.12280499750132579,3.60324426267551,-0.11439495438562136,0.020242860316257036,3.917635723206342,9.686444395355949,0.00038555354638683987,0.010314846330008377,-0.3244409213447526,80.22444000988239,7.038067138461617,1.4810400619348183
21.158000000002875,93.22735321743168,40.00615926462628,-0.12280335934285384,3.6032139347587497,-0.11439318882742319,0.020242818265706654,3.917602085962895,9.686446316265071,0.0003856984890819728,0.010314644841765053,-0.32443800643181814,80.40636743378228,6.9103031571205324,1.4810399619887036
21.16900000000289,93.226902158754,40.00616013780602,-0.12280246140113472,3.6031973517034923,-0.11439223608904905,0.020242791921943254,3.917583706751196,9.686447355795156,0.0003857719538809377,0.01031453507654523,-0.3244364143961227,80.50677992255666,6.840537196021894,1.4810399075933718
21.197000000002923,93.22576164126723,40.00616231093519,-0.12280017713593773,3.60315535941696,-0.11438986229188687,0.020242710966228233,3.9175373158095637,9.686449951204883,0.00038593928769388306,0.01031425900725728,-0.32443239551401454,80.76349353136915,6.66457298335108,1.4810397708902998
21.222000000002954,93.22475027898525,40.0061641934784,-0.12279812681822612,3.603117986672283,-0.11438779655959408,0.02024261780940602,3.9174963759144834,9.686452211072753,0.0003860624859084978,0.010314016365310234,-0.3244288434275379,80.99404520461819,6.50943933274857,1.4810396508431514
21.240000000002976,93.2240255588515,40.00616551676558,-0.12279664511553846,3.6030911284945066,-0.11438633572750073,0.020242541550502074,3.917467107073013,9.686453810493187,0.00038613428620291396,0.010313843747078558,-0.3244263035736898,81.16081807686169,6.39890410277679,1.4810395654947872
21.270000000003012,93.2228258751803,40.00616766436344,-0.12279418930295227,3.603046613758755,-0.1143839356439788,0.02024241480337187,3.917418430710464,9.68645644765541,0.0003862258043803176,0.010313559775067491,-0.3244220989816699,81.44019884493814,6.216850023087955,1.4810394250829426
21.296000000003044,93.22179887075797,40.00616946693554,-0.12279211062945225,3.603008561025735,-0.1143818639906533,0.020242326900194098,3.9173760729256775,9.68645873877578,0.0003862895793451825,0.010313317588282045,-0.32441848533215656,81.68375302833466,6.061276697001535,1.481039305051636
21.315000000003067,93.22105909354151,40.00617074847067,-0.12279063819463766,3.602981231170561,-0.11438033371397828,0.020242283554274668,3.9173449477873943,9.686460438438658,0.00038633909179106295,0.01031314315768343,-0.3244158673256481,81.86256069857198,5.948891163983054,1.4810392181967553
21.348000000003108,93.21979933393793,40.00617289904159,-0.12278817439621778,3.6029348004891406,-0.11437760067517123,0.02024224121613214,3.9172908424528465,9.686463471233923,0.0003864550247369361,0.010312845878908326,-0.32441138161575145,82.17475657467249,5.756323573683577,1.4810390688678656
21.363000000003126,93.21923798572058,40.006173844055674,-0.12278708955891308,3.6029141205016235,-0.1143763171470458,0.02024223033889891,3.917266391444178,9.686464889015946,0.000386525288417433,0.010312713254858854,-0.3244093734990256,82.31734186505817,5.669900583833866,1.481039001577089
21.396000000003166,93.21803141211764,40.00617584956362,-0.12278478911872945,3.6028697271754457,-0.11437339688509565,0.020242222740832996,3.9172131690909566,9.686468101348865,0.0003867260233244739,0.010312427259638043,-0.32440503488235806,82.6324998361478,5.4822199706061205,1.4810388547583706
21.4230000000032,93.2170760084996,40.00617741315376,-0.1227830017837168,3.6028346977947394,-0.114370919042434,0.02024222970985374,3.9171704459442886,9.686470815460666,0.00038694419749371253,0.010312199577147275,-0.32440157704370787,82.89183970671797,5.3311808373962375,1.48103873590553
21.429000000003207,93.21686766791746,40.00617775098727,-0.1227826153784588,3.6028270719644806,-0.1143703596110345,0.020242231879310194,3.9171610901348464,9.686471426457667,0.00038699958366451663,0.010312149794166595,-0.3244008209088577,82.94964988465985,5.297925593950964,1.4810387096589153
21.44800000000323,93.21621764939366,40.00617879748575,-0.12278141692119349,3.602803307230922,-0.11436857266773062,0.020242239686950613,3.9171318520733704,9.686473373754412,0.00038719093524305063,0.010311994151328895,-0.32439845730841066,83.13314091696716,5.193361032165542,1.481038626972848
21.48000000000327,93.2151584736595,40.006180479130066,-0.1227794955387379,3.6027647417733037,-0.11436553484133026,0.020242262658279997,3.9170840160694333,9.686476674319568,0.0003875656162682557,0.010311739103848876,-0.3243945869825267,83.44362446426287,5.019816460360422,1.4810384893489816
21.492000000003284,93.21477346984298,40.00618108320365,-0.12277880935771533,3.6027508003272986,-0.11436439567971535,0.02024227599779308,3.917066558230147,9.68647791007222,0.00038772279603196155,0.010311645845480328,-0.3243931732331805,83.56051795599691,4.95556999208101,1.481038438340073
21.501000000003295,93.21448911364662,40.006181526650536,-0.12277830659717767,3.6027405312565466,-0.11436354399354104,0.02024228741857003,3.9170536551521002,9.686478833066255,0.00038784651117614515,0.01031157678046235,-0.3243921269624016,83.64835179519919,4.9076841689002375,1.4810384003223651
21.534000000003335,93.2134785920556,40.006183081831466,-0.12277654387904609,3.6027042098836,-0.11436046097817365,0.02024233715274077,3.917007880107349,9.686482165495569,0.000388338770025429,0.010311330060804223,-0.32438839646505996,83.9715969788985,4.734302644352063,1.481038262876441
21.55400000000336,93.21289144227151,40.00618397011178,-0.12277553994751482,3.602683251333471,-0.11435864028232058,0.020242376178016937,3.916981350382941,9.686484129021252,0.00038866232781240804,0.010311185543453926,-0.32438621825649183,84.168400235452,4.630911379477073,1.48103818125333
21.558000000003364,93.2127764134523,40.006184142833995,-0.1227753456088708,3.6026791629274024,-0.11435828185469045,0.020242385180739522,3.9169761525200126,9.686484515523025,0.00038872906751077674,0.010311157098132035,-0.3243857902702663,84.20784118752458,4.610386540289675,1.4810381650963476
21.57100000000338,93.21240818196445,40.00618469277651,-0.1227747291466184,3.602666120154599,-0.11435713163712907,0.020242417306422594,3.916959510084654,9.686485755916744,0.0003889504602787687,0.010311065717142088,-0.3243844172731504,84.33620772503427,4.544034720195949,1.4810381129957408
21.610000000003428,93.21135440690638,40.00618623768505,-0.1227730092540787,3.602629160869537,-0.11435383736589448,0.020242533588394063,3.9169120280984977,9.686489307517839,0.0003896512364296298,0.01031080145849781,-0.3243804669294821,84.72297097412635,4.348236979893708,1.481037960776052
21.622000000003442,93.21104541278264,40.00618668148525,-0.12277251651740807,3.602618419998232,-0.114352877297473,0.02024257404984838,3.916898191613809,9.686490342210854,0.0003898753585987511,0.010310723131667261,-0.32437930307940416,84.84247027306819,4.288978066335266,1.481037915279404
21.65300000000348,93.21028168708226,40.00618775964479,-0.1227713307698182,3.6025921243227383,-0.11435052853366297,0.02024269351256694,3.9168640770605334,9.686492879238386,0.00039046656520995925,0.01031052730595629,-0.3243764103591158,85.15223633071095,4.138050808465527,1.4810378009485958
21.68600000000352,93.20952402802168,40.00618879935326,-0.12277020763306952,3.6025664706063965,-0.11434824976700346,0.02024284208682594,3.9168303304110252,9.68649535405867,0.0003911113137762296,0.010310329379366021,-0.32437351524287533,85.48363782849655,3.980819507069063,1.4810376846869977
21.700000000003538,93.20921944980547,40.00618920708178,-0.12276977001460358,3.602556271453778,-0.11434735468498383,0.020242908767151464,3.916816849032798,9.6864963299565,0.00039138749058997363,0.010310248733753906,-0.32437234514944513,85.62473758664494,3.9151892399241763,1.4810376371665266
21.720000000003562,93.2088018939899,40.00618975553143,-0.12276918580215389,3.6025424071693064,-0.11434615158827661,0.02024300849280864,3.9167984371256304,9.686497647440873,0.0003917822169549877,0.010310136974201878,-0.32437073364104735,85.82682268440396,3.8225452944656126,1.481037571223869
21.753000000003603,93.20815935405292,40.00619057374391,-0.12276833628817142,3.6025214419557563,-0.11434436144109343,0.020243188552037786,3.9167701156264094,9.686499629314543,0.0003924317500950519,0.010309961610518479,-0.3243682300776979,86.16156436593414,3.672556456771967,1.4810374675896594
21.755000000003605,93.20812225828396,40.00619061988387,-0.12276828924859028,3.602520246781424,-0.11434426068553841,0.0202431999339228,3.9167684815414665,9.686499741794345,0.0003924710254480301,0.010309951351491164,-0.32436808462400474,86.18190313585735,3.6635815444984723,1.4810374615205988
21.76600000000362,93.20792191383421,40.00619086666893,-0.1227680388695878,3.6025138189519046,-0.11434372200101779,0.020243263067647538,3.9167596674844365,9.686500344873517,0.00039268670767742046,0.010309895689580118,-0.32436729749860105,86.29387019002603,3.61445562940472,1.481037428580411
21.810000000003672,93.20718234896508,40.006191737488365,-0.12276717382141503,3.602490505057098,-0.11434182546937358,0.020243522688764642,3.916727324545944,9.68650249827565,0.00039353806511147494,0.010309686023535753,-0.3243643655311377,86.74347066450527,3.421958262725439,1.4810373043700453
21.823000000003688,93.20698313187687,40.00619195976028,-0.1227669633309352,3.6024843772499557,-0.11434134208665196,0.02024360369191147,3.9167186087817885,9.686503059330082,0.000393785021801131,0.010309628101870385,-0.32436356523198395,86.87682854227096,3.36631462410531,1.481037270014104
21.8340000000037,93.20682146692968,40.00619213552151,-0.12276680166669414,3.60247946758574,-0.11434095938436425,0.020243673827614335,3.916711521945963,9.686503508591635,0.00039399247684795616,0.010309580556789327,-0.3243629116309086,86.98985234651018,3.319671327400555,1.4810372417855964
21.870000000003746,93.20633514476057,40.00619263301639,-0.12276636659912814,3.6024650385562094,-0.11433986845833133,0.020243906993158933,3.9166902393480494,9.686504818108215,0.00039466095485495803,0.01030943446199133,-0.3243609234980616,87.3608999127046,3.1698466546361135,1.4810371548142167
21.89000000000377,93.20609278575334,40.00619285912895,-0.12276618415100997,3.602458062080403,-0.11433936460495345,0.02024403834441988,3.9166796728717874,9.686505443160334,0.0003950234086247605,0.010309359610018188,-0.32435991771997463,87.56778607590093,3.088486906301986,1.481037110079919
21.904000000003787,93.20593518196019,40.00619299650726,-0.1227660840186052,3.602453640360737,-0.11433905325116721,0.020244132806969264,3.9166727725493953,9.6865058404168,0.00039527302849959995,0.010309309913670708,-0.32435925516402825,87.71291850972702,3.0323348467888027,1.4810370802838007
21.94000000000383,93.20557483807545,40.006193272112576,-0.12276592916064896,3.6024439880185786,-0.1143384404447715,0.02024435473501688,3.9166568133566835,9.686506707588743,0.0003959022790310605,0.010309192752870643,-0.3243577080613806,88.08727353917477,2.8909769874361864,1.4810370093652703
21.967000000003864,93.20534521494537,40.00619340770998,-0.12276588782829247,3.602438207300283,-0.11433815546253004,0.020244489092867322,3.9166466127101387,9.686507205316019,0.0003963633051023204,0.010309116251387657,-0.32435669391830096,88.36910958106228,2.7878339141341426,1.4810369614957255
21.983000000003884,93.20522551743628,40.00619346039447,-0.12276589904986286,3.602435376210356,-0.11433803517051586,0.02024457335887572,3.916641274444636,9.686507449385074,0.00039663077105453286,0.010309075561018061,-0.32435615075003443,88.53654626605862,2.7278787257216397,1.481036935241502
22.02000000000393,93.20499542585559,40.006193504743415,-0.12276603527831917,3.602430607688318,-0.11433787035854422,0.020244798682725627,3.916630821122699,9.68650788543793,0.0003972347786833224,0.010308994407433682,-0.3243550577051944,88.92491968907424,2.5925678824935967,1.4810368804224048
22.034000000003946,93.2049246136281,40.00619349385235,-0.12276611349546007,3.6024294014776412,-0.11433792394146806,0.02024492895258895,3.916627500275857,9.68650787866599,0.00039745863970100343,0.010308968027376988,-0.32435470294707486,89.07229119529458,2.5425867214897098,1.4810368617825715
22.065000000003984,93.20479849254629,40.00619341793027,-0.12276637054672647,3.602427745347445,-0.11433810874570129,0.02024529330413423,3.916621424128377,9.686507735179974,0.0003979479694257363,0.010308913867808946,-0.3243540296433354,89.39941209988329,2.4343001250869434,1.4810368243822862
22.09600000000402,93.204714920415,40.006193271191705,-0.12276671307312845,3.602427647730968,-0.11433836693320508,0.020245652230896492,3.916617138815666,9.686507520049194,0.0003984256930848957,0.01030886559993805,-0.3243535081297203,89.72760579378982,2.3293097857001084,1.4810367919286522
22.100000000004027,93.20470714878326,40.00619324730826,-0.12276676255836284,3.602427748848377,-0.11433840255871935,0.020245695200060525,3.9166167186888874,9.686507492255156,0.0003984865449262669,0.010308859825402233,-0.32435345174128977,89.77002979417499,2.3160032999280897,1.4810367880780893
22.106000000004034,93.20469673531163,40.00619320942083,-0.1227668388941958,3.602427946277586,-0.11433845669546494,0.02024575777957705,3.916616147490749,9.686507451181342,0.00039857745923296817,0.010308851376992972,-0.3243533717682737,89.83369809150683,2.2961468535614906,1.4810367824411743
22.140000000004076,93.20466526029266,40.006192949387604,-0.12276731937667705,3.6024300586216005,-0.11433877871636366,0.020246071369648712,3.9166142464962257,9.68650723383522,0.00039908247381079847,0.01030880887378256,-0.32435302079903167,90.1952060156329,2.1859715041384056,1.4810367535392293
22.16800000000411,93.20467457469609,40.00619267962608,-0.12276778536177455,3.6024331009689172,-0.11433906784964794,0.020246292674513944,3.9166142653703013,9.686507066852498,0.00039948311796675573,0.010308781727153628,-0.32435285824116916,90.49381659640046,2.0982382397087957,1.4810367334528967
22.187000000004133,93.20469865717217,40.00619246900138,-0.12276813896080299,3.602435833606654,-0.11433928259832807,0.020246431219252882,3.9166150426117405,9.68650694778745,0.00039974739107312624,0.010308767854552496,-0.32435281147628753,90.69689369087605,2.040251829447626,1.4810367216640776
22.220000000004173,93.20477205884183,40.00619205308274,-0.12276878333819316,3.602441700523231,-0.11434022210466097,0.020246550030554852,3.9166186144601474,9.686506270506545,0.00040017968439174734,0.010308755583094025,-0.3243528486138995,91.0504425995509,1.9425184315831068,1.4810367046356647
22.23400000000419,93.20481504760373,40.006191859578045,-0.1227690845194833,3.6024446407098574,-0.11434073886607085,0.020246649864877248,3.916620782673028,9.68650582301903,0.0004003441469840001,0.010308754113479559,-0.3243529078932781,91.20074546768629,1.9022006590910765,1.4810366986330277
22.240000000004198,93.20483564414577,40.00619177335392,-0.12276922426655733,3.602445997829944,-0.11434097212181843,0.020246699726838166,3.9166217969056465,9.686505619877272,0.0004004113210012435,0.010308754091292886,-0.3243529411125138,91.26521676156207,1.8851307308909235,1.4810366962584935
22.26700000000423,93.20494399323461,40.00619136102721,-0.12276988484986266,3.602452775704494,-0.1143420149572001,0.020246943638126055,3.916626886734602,9.686504698501901,0.0004006933547697278,0.01030875817134543,-0.3243531479438944,91.55574384292089,1.8098708327360198,1.4810366868772054
22.297000000004267,93.20509229858669,40.006190858850694,-0.1227706626118804,3.6024613098018445,-0.1143430546599659,0.020247208710845968,3.9166334787253705,9.686503791814468,0.0004009777918559907,0.010308770334250907,-0.32435348458681307,91.8793110442919,1.729237876616224,1.4810366785648492
22.302000000004274,93.2051197081548,40.00619077093612,-0.1227707957839077,3.602462813489221,-0.11434321181953429,0.020247250161026763,3.916634670851745,9.686503657867998,0.0004010228599012472,0.010308773142515656,-0.3243535511696078,91.93331456773943,1.7161054739278505,1.481036677362615
22.312000000004286,93.20517683406527,40.006190591654224,-0.1227710656733089,3.602465888738416,-0.11434351248178504,0.02024733108731283,3.9166371291506827,9.68650340474531,0.00040111125927904225,0.010308779441074771,-0.3243536930108274,92.041385184051,1.6901036306066861,1.4810366750998378
22.338000000004318,93.20533995577155,40.00619010283586,-0.12277186657610567,3.6024743312104013,-0.11434421454212355,0.02024758319283384,3.9166439411263085,9.686502857582319,0.00040133239066589716,0.01030880039114899,-0.32435411475109255,92.32275817761709,1.624141461653375,1.4810366700446485
22.371000000004358,93.20557593122729,40.006189424748804,-0.12277301135720284,3.6024859247077856,-0.11434501114746229,0.020247956637318515,3.9166534944565465,9.686502274092122,0.0004016014406710926,0.010308837834158433,-0.3243547572742321,92.68066989405905,1.543843055044583,1.4810366652647338
22.435000000004436,93.20611722989031,40.00618793413345,-0.12277532454397012,3.602510863538305,-0.11434643479552206,0.02024872471072027,3.916675141445515,9.686501130572756,0.00040209378890399423,0.010308940707335274,-0.3243563221638995,93.37715748835302,1.3990586156824527,1.4810366612757377
22.443000000004446,93.2061924028658,40.00618773298823,-0.12277562062173275,3.602514223676663,-0.11434661305081352,0.02024882472261352,3.91667812086765,9.686500974097088,0.0004021534519881891,0.010308955833727396,-0.324356545748945,93.4644254681945,1.38197857876465,1.4810366612913959
22.47000000000448,93.20645693946456,40.0061870324284,-0.12277662202423151,3.6025258870859647,-0.11434722738593008,0.020249159079658074,3.9166886806296257,9.686500413744374,0.0004023520010557704,0.010309009817286566,-0.3243573438045666,93.75927665853422,1.3260072046997367,1.4810366622335374
22.492000000004506,93.20668448690896,40.00618643886432,-0.12277744017693626,3.6025357564579847,-0.11434774448164983,0.020249426496805494,3.9166978379417277,9.686499921933141,0.0004025091608362807,0.010309056700864301,-0.3243580411781504,93.99988103966581,1.2823124414111602,1.481036664044169
22.50500000000452,93.2068240787933,40.00618607937093,-0.12277792659753048,3.602541764170344,-0.11434805784814205,0.02024958306631537,3.9167034537510834,9.68649961767097,0.0004026000294351798,0.010309085459330434,-0.32435847222261,94.14220089063484,1.2573006193741485,1.4810366655668321
22.515000000004534,93.20693396192901,40.00618579869157,-0.12277830231890813,3.6025464742598343,-0.11434830360504077,0.02024970225670001,3.916707874398604,9.686499376602844,0.0004026690954068916,0.010309108068246364,-0.32435881315870196,94.25174877224856,1.2384694523339523,1.4810366669713728
22.555000000004583,93.20739260577547,40.00618464354148,-0.12277980507692704,3.602565924738349,-0.1143493331280047,0.020250153946643507,3.9167265162305265,9.686498349047163,0.0004029370222580211,0.010309202304632805,-0.3243602546440522,94.6905340908208,1.1667027832223311,1.4810366746676908
22.5680000000046,93.20754763835188,40.00618425832772,-0.1227802909382818,3.602572423124402,-0.11434968322992618,0.020250290240686985,3.9167329041756096,9.686497994935728,0.0004030198663615734,0.010309234105648846,-0.32436074808494836,94.83333552301929,1.1446057144677304,1.4810366779009532
22.580000000004613,93.2076933481087,40.00618389907778,-0.12278073961647924,3.6025785074857617,-0.1143500125677387,0.020250412626743486,3.9167389215432915,9.686497660724536,0.0004030940818558884,0.010309263922146672,-0.32436121361707454,94.96523390114365,1.124743307520626,1.4810366812111142
22.616000000004657,93.20814474609344,40.006182802855875,-0.1227820891961965,3.6025972620754154,-0.1143510390355583,0.020250760457307726,3.9167575989712895,9.686496616008787,0.0004033048286746132,0.01030935588143771,-0.32436266531122876,95.36137912214554,1.0682400700668966,1.4810366930534202
22.63400000000468,93.20837723322984,40.00618224600123,-0.12278276054989173,3.6026068472663435,-0.11435157549709682,0.020250919219899743,3.916767308496225,9.686496068412561,0.0004034031766613944,0.010309403200424743,-0.3243634202428224,95.55969251506562,1.0417249584225041,1.481036700070991
22.647000000004695,93.20854756380632,40.006181840968075,-0.12278324243623322,3.6026138325596526,-0.11435197193445892,0.02025102708882302,3.9167744711176646,9.686495663054313,0.00040347053745582405,0.010309437893267834,-0.32436397640646986,95.70301346489943,1.0232958372225178,1.481036705602014
22.680000000004735,93.20898931304079,40.006180804512546,-0.12278446284172545,3.6026318577310104,-0.11435300883752435,0.02025128417251808,3.916793083110368,9.68649460239874,0.00040362677286371403,0.010309527788217216,-0.3243654256802616,96.06716575528397,0.9792312518510788,1.4810367214123172
22.69900000000476,93.20924937471361,40.00618020370062,-0.12278516534382852,3.6026424282458427,-0.11435362712284776,0.02025142256465295,3.9168040336822654,9.686493970489915,0.00040370817613048093,0.010309580687021954,-0.32436628296428655,96.27703646644234,0.9556306340316607,1.4810367316833937
22.704000000004765,93.20931838177825,40.006180045237926,-0.12278534963392063,3.602645225384691,-0.11435379254706965,0.020251457407650934,3.9168069460771666,9.686493801395642,0.0004037286056390867,0.010309594741733288,-0.324366511175916,96.33228944980189,0.9496350656153303,1.4810367345296844
22.71700000000478,93.20949875907503,40.00617963274475,-0.12278582675987201,3.6026525173508577,-0.11435422798997927,0.020251544447684164,3.9168145803629497,9.686493356073123,0.00040377962071360383,0.010309631535730772,-0.3243671093088679,96.47599203251556,0.9344662565002785,1.4810367422111217
22.74900000000482,93.20994844283439,40.00617861603466,-0.12278699090581825,3.602670584976439,-0.11435532863854495,0.0202517410098026,3.91683369295535,9.686492229356949,0.00040389092559648684,0.01030972355599842,-0.32436860823090113,96.82998334590077,0.8997116770643467,1.4810367628580996
22.769000000004844,93.21026582830189,40.00612108127072,-0.13336744671635273,3.6027084677299275,-0.11098587795771575,0.027446782525360893,3.916368604185541,9.693471541778909,0.00040969761070108003,0.010321658383199317,-0.3243677597921663,97.051403878648,0.8798575950203615,1.4810368478448368
22.80700000000489,93.23497559438876,39.981699495590966,-0.6064245996278518,3.5784059869649223,-0.10438499858717581,0.3995579685550086,3.924338981616429,9.808305161813475,0.00010069204285292704,0.012468978078943177,-0.32413831395623743,97.47237283147511,0.8461015816709374,1.4810653160530287
22.83200000000492,93.27195054487693,39.90800855040939,-1.3439592146538426,3.545196544065662,-0.127605208891929,1.0113155836183476,3.9286224314639346,9.9211405954166,-0.0011125668665831986,0.017753385480989443,-0.3237449492257232,97.74925530795426,0.8267519798855102,1.4811734266698084
22.867000000004964,93.23898953452526,39.67939451992675,-2.655047000780259,3.468805852888676,-0.1724770729460684,2.2023778715829083,3.9073443718896894,10.010571400322666,-0.004720711088237285,0.03051585364694495,-0.3232572843073182,98.13594471943307,0.8035301370187309,1.4815826959772198
22.894000000004997,93.09647229249404,39.37778720491091,-3.85328895304425,3.3864998327531564,-0.2418077802235285,3.3397392547347375,3.869264965280822,10.014796510894003,-0.009267927929076894,0.043814408929728994,-0.32304361910895873,98.43263487742985,0.7887277000656194,1.482160025336246
22.927000000005037,92.77424717112044,38.84681383761723,-5.348945254366277,3.261247250145957,-0.34157840411593965,4.832929575704478,3.7814894462932642,9.933340091738147,-0.016647387179791803,0.06197619912286197,-0.3229022702131427,98.79200646762392,0.7743224390400748,1.4831787258532403
22.959000000005076,92.32907971865363,38.16352327054578,-6.770323284575264,3.1109690459463213,-0.42314533835010565,6.30450123151314,3.66581426018156,9.819112060443981,-0.0249747890423656,0.07905521470837817,-0.32261221711506294,99.13560730613558,0.7641750415505676,1.484419981157454
22.991000000005116,91.79613507022604,37.31980396582077,-8.010063762772008,2.9373253381846176,-0.49004323266612393,7.6413031605888815,3.530515542822144,9.675226053929284,-0.034237977937554766,0.09433613491884296,-0.3219128874348424,99.47286389644512,0.7576783059042568,1.4858038690955278
23.024000000005156,91.25048100238311,36.335863543282,-8.698406275591964,2.717342043943298,-0.493699969220051,8.520606032596598,3.299700451324658,9.501544450078994,-0.045040027491670645,0.10497355411250517,-0.32081650209132817,99.81260668758522,0.7546199104317632,1.4872407868337087
23.087000000005233,89.62190028271066,34.30777152150228,-9.254392421710808,2.489902619118809,-0.37259058642513804,9.417582260405412,2.8285899470974525,9.329585553935313,-0.05820155152617351,0.10705635416737297,-0.320932484129404,100.4353139194744,0.7579300514764098,1.489471579983066
23.10000000000525,89.30697940459706,33.876909213026394,-9.311983018987124,2.454523480356214,-0.3358293903903757,9.524343607147712,2.7500232414185377,9.328169154619612,-0.05831378186220434,0.10516181910884087,-0.32044314873302654,100.55930598460016,0.7599325547466882,1.489807371739771
23.137000000005294,88.54565451825046,32.63817943673937,-9.425244403479283,2.3639305521515754,-0.23042524023650027,9.74182101911649,2.5827418007819265,9.361018811371666,-0.05431860984875579,0.09725013906785557,-0.3171790719256371,100.90346161306385,0.7677974436087683,1.4905366897172465
23.15100000000531,88.31389726765576,32.16611575214213,-9.448656338730983,2.332833305946826,-0.1938067044960337,9.794770685672416,2.5423194956705886,9.37986972236548,-0.05154135851715022,0.09358367537117886,-0.3151279405387668,101.03026558378703,0.7715548397899377,1.490737991674686
23.18400000000535,87.8836895560298,31.049194206305383,-9.489411853332774,2.2623691773411165,-0.11298173642290461,9.893577102907603,2.4974192327737383,9.429398531972584,-0.043752770709093954,0.08399472269131636,-0.3084438444082964,101.32165639467878,0.7819871931673957,1.4910954206217595
23.218000000005393,87.56724007081831,29.894247038191747,-9.51500266664955,2.196114491487318,-0.04032591205839389,9.958135953193855,2.508640890741521,9.48975777703357,-0.03598860253598302,0.07328191962039467,-0.2990641118042194,101.6107763097688,0.7949326977914399,1.491361986022277
23.227000000005404,87.49828613094182,29.58806675022038,-9.519414711371509,2.178819359423828,-0.024964118170758224,9.970301071480055,2.5165142908944444,9.504250406635265,-0.034238729617517796,0.07039761216719419,-0.2961947548979841,101.68541285374268,0.7987195914453725,1.491427171425172
23.25700000000544,87.29547704610314,28.566638293875034,-9.529534918611535,2.1134972445738223,0.013105557076540382,10.001715194008025,2.545129479107542,9.543258570541385,-0.029751048116128533,0.060797485560623366,-0.28560529140794305,101.92845327735645,0.8124042379723742,1.4916598073106202
23.285000000005475,87.11396340266018,27.6125414625419,-9.535887355562316,2.035672789856087,0.028032886193977168,10.02192703517815,2.5548784735191408,9.564067382816729,-0.027892345396783,0.05195252443583958,-0.27456762563847686,102.14729520086219,0.8266175491988244,1.4919299769831131
23.310000000005505,86.92960923268326,26.76018434179503,-9.540505978371877,1.9481296315421033,0.024279272193743994,10.033998903348756,2.5355099244310346,9.569472826395982,-0.028210815526254214,0.04428590538845029,-0.26408693672429656,102.33615286303686,0.8404417389371944,1.4922369233425978
23.33800000000554,86.6720446628589,25.80494422751207,-9.547352860519657,1.830615730661569,0.005657191452508741,10.043910216801123,2.4769519407320097,9.565010317103924,-0.03067084883632481,0.036056172287682896,-0.251952387058435,102.5403428531147,0.8571283912832456,1.4926661138745903
23.340000000005542,86.65098620611015,25.736680580610898,-9.547948940198895,1.8214897537658599,0.00367595069777193,10.044407245467474,2.470916083585444,9.5643005243794,-0.030917815263115316,0.03548727880869606,-0.2510762254997947,102.55463129957799,0.8583666452957772,1.4927003307940259
23.359000000005565,86.43215189961832,25.08790947482262,-9.554141776238207,1.7303609818707042,-0.018735639378810558,10.047666817532075,2.4016380272358817,9.555516357376295,-0.03362417250086197,0.03023889822587124,-0.24272359522915224,102.6883991135456,0.8704213398919767,1.4930486767147744
23.367000000005575,86.32984759577215,24.81458000389086,-9.557124953057485,1.6894663568244932,-0.029972148610717692,10.048346705860833,2.366147287236781,9.550833754761966,-0.034921878998833616,0.028122888356874026,-0.23919910652690743,102.74365468174365,0.8756484626137739,1.4932076127842184
23.373000000005582,86.24923744062768,24.60951255624735,-9.559370426627273,1.6579006927598938,-0.03901970925060698,10.048471110375297,2.337214995599485,9.546992181981313,-0.03594134435077954,0.026576321420992064,-0.23655615846259892,102.78468120580595,0.8796247431709711,1.4933313811622053
23.40400000000562,85.7845934899532,23.548935437160864,-9.571918560851577,1.4851897571554353,-0.09893951020146978,10.040635806350794,2.149543726642466,9.522210273237754,-0.04146087925689057,0.019237968151782213,-0.22293743084779707,102.99098599418349,0.9008708983826578,1.4940279218126666
23.432000000005655,85.31135775547007,22.5894087430785,-9.580812048090316,1.3186311148122856,-0.16708046936969503,10.022016397733905,1.9419791005626228,9.492855034093683,-0.045757999381126166,0.01386936533600669,-0.21072868043644127,103.16918066747256,0.9209239787308734,1.4947237744988222
23.45400000000568,84.92673365641907,21.83454058289434,-9.585688262610653,1.1835958703111067,-0.22037302652466165,10.004950376217247,1.768944410496702,9.468859037016188,-0.04836888198095108,0.010527868761848018,-0.20116423531811561,103.30378559490734,0.9371205916827445,1.4952986250587457
23.490000000005725,84.3108504862681,20.598185124206516,-9.581561296073833,0.9704481911452204,-0.3000673747710855,9.96942683943645,1.4874691442805603,9.429966858080407,-0.05084488117974149,0.006566509913628219,-0.18555787018455677,103.51383320376578,0.9641820092651123,1.496256861099783
23.498000000005735,84.17829117551328,20.3234143814803,-9.579181908081537,0.9255879457410665,-0.3163268227456709,9.962205047243348,1.429256669503664,9.42018193275812,-0.0511025119996514,0.005897446816533621,-0.1821012731713806,103.55879503297722,0.9702542981715583,1.4964680805549566
23.516000000005757,83.88410191736585,19.70529780993468,-9.57152716808617,0.8275197020417877,-0.34816374739930417,9.9448958805807,1.3017544724638506,9.401257253994595,-0.05135623440765136,0.004604713695279749,-0.1743503667276915,103.65768677254398,0.9839529949337341,1.4969348050699056
23.548000000005796,83.362992399055,18.607080414717714,-9.556348051904898,0.6641832834660595,-0.3908562821749659,9.916400889963752,1.0902467558765507,9.376483351706804,-0.05085083824338898,0.0028993479136151436,-0.16070478164141364,103.82575155788913,1.0083049008425178,1.4977183047213067
23.561000000005812,83.14593747378186,18.16125163165381,-9.549159164203346,0.6012487072154307,-0.40315979411944197,9.90493610048386,1.0101413114028304,9.36997768139367,-0.05035493518500706,0.0023841831871995534,-0.1552203395874744,103.89120703607736,1.0181504402116084,1.498014165836806
23.57500000000583,82.90521131535262,17.68136464278038,-9.54183525967895,0.5354609504280902,-0.4134610033258657,9.893436593766836,0.9271183018496674,9.365322186549799,-0.049673603581674275,0.0019261687021944987,-0.1493575970352335,103.95988090334481,1.0286959898216002,1.4983158289473344
23.610000000005872,82.21605712790672,16.482595639044316,-9.525465277636814,0.37709089953169306,-0.42796228650571355,9.868489661972763,0.7343478630218628,9.362453915974081,-0.04751299033696441,0.001159569810269448,-0.13492754051757452,104.12335058778676,1.0546812339439469,1.498986555428862
23.62500000000589,81.8593123507461,15.969206433663311,-9.519063987872297,0.31124916771492067,-0.4298396108624428,9.859560480771886,0.6580424216523229,9.364178432538276,-0.046489962923222064,0.0009681042044402226,-0.12884043307471407,104.18982801453328,1.0656018238057974,1.4992362139953685
23.661000000005934,80.92348960835676,14.73782512153218,-9.506078158598983,0.16745077902095884,-0.4261105015746051,9.842903940165604,0.4814379590622922,9.373709309315574,-0.0439396387121499,0.0007251187822075632,-0.11454554938822153,104.34064198378672,1.091128953309946,1.4997440789490195
23.688000000005967,80.08450821176136,13.8148711191162,-9.497279417462037,0.0657619121191482,-0.4186491717385489,9.83312287510763,0.35809939217931885,9.383403987986714,-0.041896369528726975,0.0006798798407506487,-0.10422330320514421,104.4456886906118,1.1095201314214034,1.5000452399111444
23.696000000005977,79.80512571442702,13.541491391209492,-9.494764965783016,0.03654004926115085,-0.41594790003451504,9.830535748106353,0.3229443941618338,9.386505854437528,-0.04129068867733909,0.0006798143879445628,-0.10122758502765039,104.47548991108457,1.114827876950068,1.5001223375324124
23.719000000006005,78.92395781309968,12.755732751136318,-9.487898991477147,-0.043600515296661355,-0.40737880526736975,9.823792562167238,0.2239982841115391,9.395808752915583,-0.03954311006893115,0.0007012713606223243,-0.09277793494457362,104.55780471217213,1.1296934094039741,1.5003155328095545
23.753000000006047,77.38985669917882,11.59470038424701,-9.478527744144474,-0.15278416566526667,-0.3934934553212421,9.81509250153317,0.0833800363640326,9.410090089189831,-0.03685197766080926,0.0007698033016235405,-0.08079347052416831,104.6703651579142,1.1504978573962727,1.5005318959147387
23.761000000006057,77.0390121427689,0.0,0.0,0.0,0.0,0.3417713361240315,0.004827811636255357,9.800041073691416,0.0,0.0,-0.0,104.69219135130902,1.1545937866790643,1.5005674253560781
23.761000000006057,77.0390121427689,0.0,0.0,0.0,0.0,0.3417713361240315,0.004827811636255357,9.800041073691416,0.0,0.0,-0.0,104.69219135130902,1.1545937866790643,1.5005674253560781
23.761000000006057,77.0390121427689,0.0,0.0,0.0,0.0,0.3417713361240315,0.004827811636255357,9.800041073691416,0.0,0.0,-0.0,104.69219135130902,1.1545937866790643,1.5005674253560781
23.761000000006057,77.0390121427689,0.0,0.0,0.0,0.0,0.3417713361240315,0.004827811636255357,9.800041073691416,0.0,0.0,-0.0,104.69219135130902,1.1545937866790643,1.5005674253560781
23.761000000006057,77.0390121427689,0.0,0.0,0.0,0.0,0.3417713361240315,0.004827811636255357,9.800041073691416,0.0,0.0,-0.0,104.69219135130902,1.1545937866790643,1.5005674253560781
23.761000000006057,77.0390121427689,0.0,0.0,0.0,0.0,0.3417713361240315,0.004827811636255357,9.800041073691416,0.0,0.0,-0.0,104.69219135130902,1.1545937866790643,1.5005674253560781
23.761000000006057,77.0390121427689,0.0,0.0,0.0,0.0,0.3417713361240315,0.004827811636255357,9.800041073691416,0.0,0.0,-0.0,104.69219135130902,1.1545937866790643,1.5005674253560781
