Time [s],Steer [deg],Speed [km/h],Car ax [m/s²],Car ay [m/s²],Car az [m/s²],IMU ax [m/s²],IMU ay [m/s²],IMU az [m/s²],IMU wx [rad/s],IMU wy [rad/s],IMU wz [rad/s],IMU pos X [m],IMU pos Y [m],IMU pos Z [m]
0.03000000000000002,3.0069043499979475e-09,3.112661574137886e-05,3.156574972942329e-06,-0.0010494014982801664,6.767874479258318e-07,0.01101132543162692,-0.00405361242796005,9.805994126340751,-1.5941309248867188e-06,-2.1293096366057666e-07,2.4401465831287616e-07,101.89989558133044,0.08114039307834836,1.4715374263217016
0.03800000000000003,4.024026284367157e-09,4.068152319442096e-05,-1.7852753359401533e-06,0.00040594927803484565,-2.2931036679934573e-05,0.011021205877374617,0.004832479542948456,9.805965229037085,-2.471641178799095e-05,-2.3925719292340797e-07,2.4576694240340985e-07,101.89989557589357,0.08114051713705775,1.471537416974352
0.07300000000000005,1.3197219295080252e-08,5.247481418238458e-05,7.548141487532808e-07,0.00033664045597664644,-1.652643536133006e-05,0.01101701521528861,0.001949601691655916,9.805973271204898,-2.569563975209529e-05,-3.820302765382397e-07,1.371546632104183e-07,101.89989552165883,0.08114169313747421,1.4715373575597746
0.10600000000000008,1.817487125069401e-08,4.053928004971617e-05,1.8580734977427728e-07,0.000160674231235171,1.7122125317991526e-07,0.011013609629411917,-8.704093934764393e-06,9.805994075423486,-1.241503475162872e-05,-3.822650278932707e-07,-5.1043940391877554e-08,101.89989548767433,0.0811423641370307,1.4715372932496067
0.1440000000000001,1.9975242510274223e-08,1.957348886353847e-05,2.855180736123742e-07,-0.00030421430427330254,4.89246955960544e-06,0.01101167106664474,-0.0013365880263439059,9.806000624183032,7.84556571738514e-06,-2.9207914901871227e-07,-1.347485772704232e-07,101.89989547155898,0.08114263674147924,1.4715372270170348
0.18100000000000013,2.0535953131702418e-08,3.946418860240989e-06,5.302442307564103e-08,-0.00016317677016624082,4.503519462080213e-06,0.011012051285418928,1.012786860566882e-05,9.805999982435983,1.3017215809896084e-05,-2.0557761098809785e-07,-1.5835279020125796e-07,101.89989547845016,0.08114244234879936,1.4715371756564815
0.21500000000000016,2.0738063899372003e-08,6.925777821840838e-06,3.9788886106207277e-07,5.833952886224309e-05,2.635365879373374e-06,0.011011635151495726,0.0011437099408288089,9.805998132368815,-1.1604670697841516e-05,-1.2005288682048525e-07,-1.355554518799465e-07,101.89989548676643,0.08114227110249728,1.4715371390589966
0.25200000000000017,2.0848854176414047e-08,4.15272418146567e-05,5.464546099472282e-07,0.0006709091459854869,-5.208853988409323e-05,0.011018004823146991,0.0031736648365468527,9.805936395946532,-9.639571855433259e-05,-1.8223178324617982e-07,1.2945864711172175e-07,101.89989542313774,0.08114382054855819,1.4715370962378471
0.2700000000000002,2.117600662964644e-08,9.898199732629302e-05,6.028586319327342e-07,0.0010744228928843504,-9.243369459507596e-05,0.011022894890001037,0.004174724795318601,9.805890709325798,-0.000160510256110496,-3.512995643152569e-07,3.950379886082857e-07,101.89989532905614,0.08114601220787372,1.4715370517518964
0.3000000000000002,2.8071067750052342e-08,0.00025539570001058666,9.038374728651189e-07,0.001795860889865564,-0.00017138124052035964,0.011031777804638777,0.005610547987503834,9.805801720626189,-0.0002943533196220584,-9.031846332669046e-07,1.031969654763642e-06,101.89989502608348,0.08115290120132515,1.4715368926717523
0.32900000000000024,9.448397278962791e-08,0.0004776051983210363,1.6092234325917618e-06,0.002420476806454945,-0.0002495943733402758,0.011038890443108662,0.006550620835207064,9.80571467204419,-0.0004441400617413543,-1.7591512142491222e-06,1.8197392266882468e-06,101.89989450797127,0.08116445899591931,1.4715365727774035
0.33700000000000024,1.5803500707301268e-07,0.000549853145753844,1.914118977452106e-06,0.0025705010025977694,-0.00027024001119703005,0.011040305355869747,0.006749590278406886,9.805691996703535,-0.0004878088713670768,-2.0437996215333623e-06,2.052629740932227e-06,101.89989431981796,0.08116862039351744,1.4715364458352234
0.34800000000000025,3.6931475305169956e-07,0.0006559746330454681,2.422809931707925e-06,0.002759375648036191,-0.0002974773772559335,0.011041755318511058,0.006979299479686689,9.80566235475677,-0.0005490989411823396,-2.4631022959529812e-06,2.3770795522457162e-06,101.89989402662974,0.08117508066264516,1.4715362391667666
0.3860000000000003,-4.3477250128196225e-06,0.0010720360548488318,5.038044602454381e-06,0.0032502498752835346,-0.00037659740798248726,0.011041674076009495,0.007317022507957897,9.805578985279135,-0.000767017668783589,-4.073593236951163e-06,3.4862546511784164e-06,101.89989268744961,0.08120437743765724,1.471535194096231
0.4000000000000003,-7.0937546706614275e-06,0.001239522685503278,6.335416491865633e-06,0.003358427655276023,-0.00039773246487348935,0.011039471099970914,0.007256125195858698,9.805558060366453,-0.0008469031897928822,-4.687969340438257e-06,3.870362536954768e-06,101.89989206154367,0.08121801112334966,1.4715346631295982
0.4210000000000003,-5.399896418628213e-06,0.0014987308361954878,8.607289174204622e-06,0.003450309829967364,-0.00042004089647102165,0.011033973623796467,0.007029085723131899,9.805537873968845,-0.000964342121190812,-5.578696951151005e-06,4.39314977633665e-06,101.89989098777791,0.08124137476926109,1.4715337051305524
0.45000000000000034,-3.4937697685734175e-06,0.0018623785687726501,1.2283671824757637e-05,0.0034559283669581714,-0.0004313513016500897,0.011022454067924615,0.006472465568627568,9.805532773334102,-0.001119587361972186,-6.661947738357411e-06,4.975847190092922e-06,101.89988924459009,0.08127933568394213,1.4715320508207186
0.46400000000000036,-3.0094748310825082e-06,0.0020366373895434283,1.421739493934183e-05,0.0034165403719400374,-0.0004285796562352944,0.011015529047625669,0.0061132238575472625,9.805539708335482,-0.0011907692304468707,-7.092051070979791e-06,5.191772602763733e-06,101.89988829946981,0.08129997103903397,1.4715311132929096
0.4890000000000004,-2.379419349624225e-06,0.0023400514678859068,1.77548493669555e-05,0.0032766326480723005,-0.00040971869891547936,0.011001481767955503,0.005269642756620795,9.805567561276563,-0.0013093410582626524,-7.663919510937014e-06,5.463893053828325e-06,101.89988645574962,0.08134039508982907,1.4715292196180354
0.5150000000000003,-1.930744259635985e-06,0.0026380588167222233,2.1345039572732223e-05,0.0030470817638454826,-0.0003718526614553619,0.01098540884357927,0.004234121510692112,9.80561631142061,-0.001419005810981052,-7.946205724651144e-06,5.575437526970738e-06,101.89988434680895,0.08138698186028004,1.4715269693286244
0.5290000000000004,-1.7499212351570694e-06,0.0027885053675904235,2.3147932245587916e-05,0.0028941419200717404,-0.000344265820064495,0.010976501531802694,0.0036136485392395147,9.80565014964655,-0.00147175841379166,-7.952967398773909e-06,5.558555542207665e-06,101.89988314038217,0.08141382885705653,1.47152565005071
0.5660000000000004,-1.4120942780161396e-06,0.0031445896960140916,2.7294385809382536e-05,0.002369814022762349,-0.0002546623830347554,0.01095394428003311,0.002758020130468441,9.805755959370147,-0.0015928823848034032,-7.461399733098597e-06,5.247373471112565e-06,101.89987975813078,0.08148998383998084,1.4715218614384442
0.5930000000000004,-1.2536606424812457e-06,0.003389809671991247,3.1810781357789826e-05,0.0026399988805772016,-0.00023267145764852012,0.010943346054681613,0.005274666599581612,9.805781887667912,-0.0017463462344873527,-6.761551050166473e-06,5.015648383957033e-06,101.89987711563572,0.08155051655388995,1.4715188797929397
0.6240000000000004,-1.1265455219319622e-06,0.0037456792398867346,3.790555722525433e-05,0.0037423988351574593,-0.000269579304472023,0.010941304738977448,0.00841826024848746,9.805737555197807,-0.0020220881666585234,-5.9861356176129606e-06,6.002760195782867e-06,101.89987379427319,0.081627871111094,1.4715152579672692
0.6580000000000005,-1.0255161340236215e-06,0.004308431010637293,4.4866452552635096e-05,0.005416340682503035,-0.00036349435080342284,0.0109491547037227,0.010741760914340853,9.80562403654907,-0.0024205956270234477,-5.6492844588159956e-06,9.195143358267598e-06,101.8998696250205,0.08172640296583468,1.4715109855291129
0.6830000000000005,-9.650846543593384e-07,0.004835362198811466,4.850449989602573e-05,0.00624566051226363,-0.0004165808240262897,0.010955547527676274,0.009948765266430532,9.805557218019297,-0.0027111911004450134,-5.862865544519828e-06,1.247355455947362e-05,101.89986612065898,0.08180989634604979,1.4715075731380993
0.6900000000000005,-9.495201668600709e-07,0.004993250166174223,4.92129959148736e-05,0.006345258362148872,-0.00042425592946663296,0.010956682005773656,0.009504967126983914,9.805546707938193,-0.0027852857017511908,-5.97850937283641e-06,1.3379809618292508e-05,101.8998650708743,0.08183497847736486,1.4715065693272176
0.7040000000000005,-9.198263551867402e-07,0.005314318423127041,5.044654012546902e-05,0.006408419731966,-0.00043110361074118496,0.010957724618803188,0.008581219763123392,9.805535658648946,-0.002925332086993516,-6.257891667724203e-06,1.5018152911098821e-05,101.89986288414731,0.08188730078431544,1.4715044945451006
0.7340000000000005,-8.619232451391645e-07,0.005995370667757373,5.278388141717367e-05,0.006144048603402237,-0.00041262568426705633,0.010953959477735711,0.006457822845397806,9.805551657683015,-0.0031974610044956664,-6.939214201086893e-06,1.7423762202364713e-05,101.8998578247091,0.0820086747633204,1.4714997428938363
0.7600000000000006,-8.177754400751291e-07,0.006550904866373815,5.447272177722103e-05,0.005703871021558745,-0.00036679186410077557,0.01094558048911341,0.004437375667956021,9.80560093151467,-0.003408004014281222,-7.446252170446536e-06,1.835709603536006e-05,101.8998530592534,0.08212337277251927,1.4714953001091597
0.7930000000000006,-7.699501363138525e-07,0.007175516679293583,5.3660424751459304e-05,0.004734089974718859,-0.00023805772153875172,0.010929265844765293,-0.0019931422069215735,9.80574333685619,-0.003590834565698718,-7.72148589039148e-06,1.8392563069092728e-05,101.89984658126174,0.082279979630121,1.4714892870236471
0.8000000000000006,-7.610197702398772e-07,0.007286902073292327,5.251316656747548e-05,0.004307763802210657,-0.0001909686598570625,0.010924699675728997,-0.003969860422088131,9.80579568254287,-0.0036007749955592797,-7.68202825644592e-06,1.814782049570371e-05,101.89984516508535,0.08231435260291622,1.4714879701640555
0.8130000000000006,-7.456058001335153e-07,0.007462502550188681,4.965732097634834e-05,0.003384800627279542,-8.64112779907631e-05,0.010915228332785538,-0.007567669680401658,9.805911998775333,-0.003591213304552512,-7.4759823241395655e-06,1.7262993098353977e-05,101.89984252005476,0.08237872526030116,1.4714855022124762
0.8400000000000006,-7.185805822119423e-07,0.007654638164768762,4.077863458354381e-05,0.0006614154763939419,0.0002127983727953309,0.010889976708133648,-0.017118550134905895,9.806245619330412,-0.0034384334604985315,-6.336228539235729e-06,1.3286024485311261e-05,101.89983706786488,0.08251237215791533,1.4714803701687484
0.8700000000000007,-6.964772275528855e-07,0.007511539411627139,2.6824852143139776e-05,-0.0031698395386062133,0.0006609420872966618,0.010856396563725453,-0.028143669255710727,9.806743944303498,-0.00304717747747982,-3.590142810741329e-06,5.32203555599287e-06,101.89983136443522,0.0826544508402215,1.4714749281031452
0.8890000000000007,-6.865170096428713e-07,0.007194798755467481,1.6005940707537373e-05,-0.0058540927912081216,0.0009968446530714916,0.010834630794799073,-0.03535812422636192,9.807115287318075,-0.0026773229336402283,-9.104437470441528e-07,-1.2199795237007107e-06,101.89982812738727,0.08273697287917667,1.4714718220247258
0.9000000000000007,-6.820216325640007e-07,0.006926768513166202,9.375159962608668e-06,-0.007436388336756515,0.0012025449689233951,0.010822821164014175,-0.03909792536393664,9.807341403263976,-0.0024239965358275406,9.889163319748663e-07,-5.349791596442243e-06,101.89982643915192,0.08278095382950133,1.471470209055243
0.9090000000000007,-6.789609429217144e-07,0.006661447085228868,3.939201891591367e-06,-0.008694301040170735,0.0013740939897592809,0.010813832046756611,-0.04203559089359743,9.807529128843413,-0.0021983555334684087,2.727570546364989e-06,-8.82152853062352e-06,101.89982517653068,0.08281449355563543,1.4714690149014296
0.9260000000000007,-6.74497104083523e-07,0.006050741341312463,-5.863681723057909e-06,-0.01099248009788965,0.0017003337900186705,0.010798966845852923,-0.04699619571122871,9.807883599844429,-0.0017310785197346286,6.439342760496226e-06,-1.534541405026427e-05,101.89982312029426,0.08287103446688247,1.4714671256881737
0.9590000000000007,-6.69545512366952e-07,0.004498746614863013,-1.7914635536664316e-05,-0.014769535427708952,0.0022954219495079664,0.010779927075937713,-0.05365029731618684,9.808517038279696,-0.0007171743587163637,1.4937534646036081e-05,-2.628479554260121e-05,101.89982054338161,0.08295130382579467,1.4714651652671398
0.9600000000000007,-6.694516103566635e-07,0.004445220659128585,-1.8007475383937272e-05,-0.014865244216058927,0.0023118822709391183,0.01077953556104285,-0.053786576647005105,9.808534201018894,-0.0006851255882640015,1.5214166312780656e-05,-2.6552398738404602e-05,101.89982049712243,0.0829530708398592,1.471465146755941
0.9830000000000008,-6.678873792491454e-07,0.0031334741943343366,-1.2462248376090206e-05,-0.01677493170468676,0.0025739523976451312,0.010765819766160274,-0.05581110497262857,9.80880972052855,5.8548712279155256e-05,2.172889499966246e-05,-3.106484384370623e-05,101.89981998316797,0.08298220276547029,1.4714654765766448
0.9890000000000008,-6.676247306736381e-07,0.0027698969201787682,1.8216722457510038e-06,-0.017198561397631502,0.0024275265832162754,0.010742754810428138,-0.055860682460755776,9.808674050958691,0.00025098736415639735,2.3519539510005135e-05,-3.141468685120561e-05,101.89982002605628,0.08298610847137514,1.4714658097873086
1.015999999999999,-6.668780713141102e-07,0.0010737544582447268,-1.8109269833300654e-05,-0.01880508883806144,0.0016268427047331417,0.01093881402765479,-0.05552289102066338,9.807692259708734,0.0010862625960017626,2.8778349895998417e-05,-3.064732121245196e-05,101.8998211238689,0.08298456436805995,1.4714683974399498
1.033999999999997,-6.666150793028553e-07,0.0004857848431814774,-4.284077834054515e-05,-0.019188306590593337,0.0010766914647774549,0.011082399037763509,-0.05410257270274896,9.807019934196163,0.0016029211588391677,2.912902936289321e-05,-3.133874493530449e-05,101.89982262339011,0.08296626436537437,1.4714708640310048
1.050999999999995,-6.664558006676374e-07,0.0014629043108831757,-6.494617853717978e-05,-0.019024392360220847,0.0005710555684863281,0.011208312259239394,-0.05198174870220773,9.80640757828036,0.0020555174294798334,2.719462735357222e-05,-3.3138946049295476e-05,101.899824540561,0.0829366674451093,1.471473510378796
1.0619999999999938,-6.663778399317208e-07,0.0021826271188849634,-7.795545684605908e-05,-0.018681859677939023,0.0002662650096281971,0.011279679551535287,-0.05024490126658868,9.806042815298543,0.0023287015577855385,2.4897079607635e-05,-3.46021610179018e-05,101.89982601294477,0.08291138862454843,1.4714753012097654
1.0769999999999922,-6.662777444396469e-07,0.003151939721162468,-9.302711058736712e-05,-0.0179616158835666,-0.00011178174697533234,0.01136081330051784,-0.047462224780920236,9.805596865732607,0.00267465254933099,2.065652827483642e-05,-3.6617428610731676e-05,101.89982828066279,0.08286953977620133,1.4714777497418914
1.1099999999999886,-6.659192270176729e-07,0.005125534098746064,-0.00011193677765877844,-0.015576845937873361,-0.0007715789052546334,0.01146730850851799,-0.03995257244362237,9.804846570792488,0.003318423576433482,8.169558560994455e-06,-3.9691383929562035e-05,101.89983413912755,0.0827501708827915,1.4714827240710313
1.1179999999999877,-6.657642888477043e-07,0.005559052021339336,-0.0001133468087931442,-0.014868108991058865,-0.0008944994573883957,0.01147829147641271,-0.03792098815676861,9.80471352808429,0.0034485868003609654,4.750399363145778e-06,-3.997512103994869e-05,101.89983570399315,0.08271618101420322,1.4714837732104513
1.132999999999986,-6.65342251638854e-07,0.006316240447773447,-0.00011278360255096708,-0.013456809910291877,-0.0010864095321097534,0.011484337248936317,-0.03400437609635443,9.804514058623434,0.0036650934997745363,-1.8131846171738675e-06,-3.9931326353772824e-05,101.8998387552538,0.08264783196080429,1.4714855173403096
1.1459999999999846,-6.64764797038782e-07,0.00690990697319907,-0.000109175511137638,-0.012159034205284632,-0.0012122404756381945,0.011475245462272451,-0.030470404703473467,9.80439293357193,0.003823087811122447,-7.502028386794527e-06,-3.9281346307229115e-05,101.89984150153823,0.08258422053159824,1.471486765201889
1.1709999999999818,-6.622984443203096e-07,0.007878129934797558,-9.54312221531497e-05,-0.009539209831622718,-0.0013520538406445698,0.011425297010146293,-0.023516021419271307,9.804287826844234,0.004048536604264487,-1.788883387632849e-05,-3.652365529658651e-05,101.8998469714917,0.08245244941092844,1.471488403479424
1.1999999999999786,-6.675773084081184e-07,0.008705146190384715,-7.153980944512035e-05,-0.006441342693644795,-0.0013597497918705508,0.011325669079599893,-0.015566549725962994,9.804353947001918,0.004184527819874658,-2.8072747030130065e-05,-3.121097390954873e-05,101.89985348656181,0.0822882052679498,1.471488991095057
1.2299999999999753,-6.730201791185539e-07,0.009229003212324158,-4.2650250253539415e-05,-0.003367569006971668,-0.001221467090627222,0.011193460302643884,-0.00792339421574799,9.804593200959342,0.0041961014573363205,-3.551722816355947e-05,-2.4050444368933938e-05,101.8998602541694,0.08211115791018218,1.4714881745006358
1.2439999999999738,-6.745078409042679e-07,0.009363700436787912,-2.9100808640485304e-05,-0.002024792120235892,-0.0011156984505887202,0.011126983890242288,-0.004584808726125937,9.804750669024768,0.004161165218982928,-3.7733471931865256e-05,-2.0379331662653588e-05,101.89986338322475,0.0820276659395259,1.4714873518335072
1.268999999999971,-6.765127018239794e-07,0.009443069965197193,-6.599906820648964e-06,0.00020476966886424442,-0.00087593877388277,0.011007985450560157,0.0009356315057389361,9.80508458923683,0.004040789488493956,-3.9588221839616746e-05,-1.3633487225737074e-05,101.89986887924036,0.08187940700607546,1.4714853068531615
1.286999999999969,-6.775994692737449e-07,0.009381812456324188,7.392426245992573e-06,0.001660016470138229,-0.0006730631464396689,0.010926259051144763,0.004490022068332456,9.805353454158599,0.003913296265286229,-3.926615739634302e-05,-8.799834926897424e-06,101.89987273976827,0.08177463508803436,1.4714834757610469
1.3019999999999674,-6.783445699154085e-07,0.009262676066796788,0.03198526985864724,0.0037167245615984616,-0.03399076928885212,-0.008747836646076234,0.0059099434724630955,9.758900270934529,0.0037894021892571714,-5.7705391424202753e-05,-4.868219662104006e-06,101.8998759420072,0.08168935286558116,1.471481640142037
1.341999999999963,-6.79053112001036e-07,0.07887034701416014,1.227519460789938,-0.011607786816752673,-0.018393852240745762,-0.7765227136640186,-0.044036734703097824,9.316032216643785,0.004720866186572065,-0.0116127856045168,-3.270793937015435e-06,101.90006295858936,0.08146408937128209,1.4713057300109138
1.351999999999962,-6.791168994009726e-07,0.12815211817665942,1.5628120179719789,-0.026420642241745732,0.011978011463525645,-1.0249539925247457,-0.05321603020756278,9.251841344111583,0.005061869420822171,-0.01772617789961435,-1.0903911338978778e-05,101.90025417421823,0.08140610384003162,1.471163395920334
1.3839999999999584,-6.790226945973881e-07,0.30202203717634407,1.4050423154721217,-0.0066442560801583915,0.07220538722420093,-1.1276681976810548,-0.009962402804690344,9.579447313892263,0.005612767045996092,-0.03436854987883057,-1.3045379542810808e-05,101.90157000459965,0.08122409781655118,1.470394355364028
1.4099999999999555,-6.785165948724148e-07,0.4238784696949078,1.163982388016189,0.01210040279090536,0.0914166801577172,-1.1609092215052816,0.03382014217794077,9.880614065421163,0.0053768499835919695,-0.03893142578836962,3.7883785739888704e-06,101.90348086915277,0.081104581089469,1.469593561020828
1.4189999999999545,-6.782615399377727e-07,0.4605077219540719,1.0703862006622302,0.019179256030998206,0.09362030748077035,-1.1548980321525812,0.04998392852679908,9.972677519724432,0.005108277368515361,-0.03856449176191674,9.696893349962729e-06,101.90432288365366,0.08107474971358139,1.4693198534159602
1.4399999999999522,3.6114060722555687e-06,0.5382560134183748,1.0645228087685776,0.03131851290986093,0.06503368819279154,-1.246823789666222,0.07754551985740486,10.040783317450604,0.004159881685379772,-0.03501417564638098,1.9457152456653998e-05,101.90664744651025,0.0810378097361082,1.4687433980098181
1.469999999999949,0.00025666626926687644,0.6883206405708537,1.8539783475412264,0.030768301151547273,0.05050741487028797,-1.8545033045334243,0.07592429186938593,9.822280578575969,0.0025444803086008758,-0.03206425540945989,2.312736886274862e-05,101.91096903975152,0.08108380330368728,1.4680727992736917
1.4859999999999471,0.0006683060802374205,0.8089015855412762,2.3576570383398137,0.025800149850027557,0.07460351249904972,-2.2545333711883337,0.06545304427309753,9.730033690823184,0.001795352270994387,-0.03393628309100796,2.1119142361946883e-05,101.9139131093972,0.08116232611184322,1.4677356784306317
1.496999999999946,0.0011487024650960874,0.9074507696201605,2.645825651069179,0.02330757732048689,0.08942521879787292,-2.5057598010803956,0.05889413511361708,9.701109784321865,0.0013562709374438176,-0.03615740705114479,2.4032308391233817e-05,101.91626317832777,0.08123937844579986,1.4674949003834672
1.5299999999999423,0.004396530647514467,1.2444834956697812,2.9176781598576613,0.019432464382188833,0.11987666638272165,-2.7851221603518095,0.05226405687834871,9.7243178315355,0.0001629395400459265,-0.04470062680983849,2.7360270444818713e-05,101.92516259960772,0.08158689264400784,1.4666976368799132
1.5529999999999398,0.009068725028791854,1.4842356240830439,2.8543175640102403,0.019859942757371452,0.11103378107176141,-2.8112956230778416,0.05289499588082675,9.798960831703672,-0.0006417518789013278,-0.04886844312764242,2.4502409648606473e-05,101.93310592177829,0.08193417763852434,1.4660966409777803
1.559999999999939,0.010915746173875501,1.556063870150431,2.837151857698263,0.019803201382640124,0.10490595852448785,-2.816665994165477,0.05244750199799566,9.813099974610452,-0.0008860945427754138,-0.049716517738527345,2.225715325849019e-05,101.93581142175032,0.08205718190354006,1.465913449319531
1.5899999999999357,0.021859738574819973,1.8629106892017562,2.8691887062164083,0.017217281117468366,0.07470575515518603,-2.8933805698164683,0.044569213259360085,9.813976133637638,-0.0018592469846564277,-0.05224248972314738,6.707316473095392e-06,101.94893635906574,0.08267522621884112,1.4651469073422196
1.6099999999999335,0.03332226302734321,2.0720885432528426,2.9455502382063394,0.013667566029899754,0.05798494461015104,-2.9727572827309046,0.03476562114138048,9.788986025489303,-0.0023681058336204306,-0.053826591977466136,-8.737490161949103e-06,101.95908783511022,0.08316733442366708,1.4646513828307537
1.623999999999932,0.044431003537973135,2.2216936409633647,2.9919732231214544,0.010893496010575498,0.049292678201091705,-3.0242049024487683,0.027279610127158,9.777374855192637,-0.0026368287007639407,-0.05503805223845672,-2.1577104447509175e-05,101.96687749877239,0.08354839308477345,1.464307424705588
1.6559999999999284,0.08405671085495645,2.566882214816027,3.0046895924914723,0.00593104010256168,0.02742225345702366,-3.0888219306801346,0.013039252027212567,9.79143988690059,-0.0030125229267659454,-0.05716945713098339,-5.607736661155493e-05,101.98683796114143,0.08452657879009924,1.4635271081919965
1.6799999999999258,0.1319089292173743,2.8253407875273835,3.008919234348938,0.002566709697665748,0.01174950215311607,-3.134358513896851,0.0026565807186482494,9.80512249997385,-0.0030904268389451354,-0.05771520765360029,-8.923711731773113e-05,102.00379484822955,0.08535250656680574,1.4629597911952947
1.6899999999999247,0.15775121382182988,2.932544700044598,2.991911359600895,0.001397520464337303,0.0004635578048034941,-3.142747025737221,-0.00045044519938609515,9.814838125300755,-0.0030766448736399164,-0.05764344452285705,-0.00010553267545204884,102.0113666155048,0.08571866095323569,1.4627312875585032
1.723999999999921,0.2774687902569437,3.297980794230543,3.0075711070983946,-0.0028111290579756892,-0.009399357302884201,-3.203549651996945,-0.014373103506454061,9.832741129393161,-0.0028015053749593823,-0.05651201091645401,-0.000172016961721093,102.03935635993528,0.08705489393333764,1.4620013272023005
1.7519999999999178,0.4004767031485429,3.598082456549865,3.0072365507729413,-0.005289120472517007,-0.046541279570269996,-3.247726899870285,-0.02193220392745303,9.826960277236662,-0.002381470214581687,-0.054504788670983934,-0.00022878970278941287,102.06503061777671,0.08825520927933561,1.4614683341601213
1.7559999999999174,0.42057398187896866,3.641413294187869,2.9709299299085647,-0.006041918486887084,-0.015316074121889069,-3.213683964478584,-0.02359725412106812,9.858350092264493,-0.0023047322239543354,-0.054189406174068214,-0.00023863688258891208,102.06889322483975,0.08843370669592204,1.4613977703652472
1.7649999999999164,0.4714981913744198,3.7378885710557834,2.993048998234181,-0.006089141140068234,-0.024931630932436513,-3.2427830539787132,-0.026537407123531895,9.851195883635967,-0.0021230953843572767,-0.05335291592665081,-0.0002641274632641785,102.0777622038884,0.08884153485984651,1.4612446700073434
1.7919999999999134,0.672342539251194,4.0274945614521585,3.0253030517240624,-0.0062186818131466474,-0.05740036237949921,-3.302824680452761,-0.03197067346364242,9.833973792285112,-0.0014784707339190576,-0.05048506922185601,-0.00036918267363942833,102.10585707745275,0.09011532479912959,1.4608321897171535
1.8189999999999105,0.9337234945327173,4.317537193470824,3.030019048557785,-0.0057982995642393564,-0.06999588830404531,-3.3298246020942357,-0.034359251528549635,9.831666863704886,-0.0007514367054108874,-0.047183110213937694,-0.0004962650276333421,102.13619311168902,0.09146257592055593,1.4604920914337784
1.8249999999999098,0.9991773997099787,4.381772650501008,2.9887866094859596,-0.005183309653787365,-0.09783978857721042,-3.310111700763237,-0.03322737437548565,9.823925434563785,-0.0005831860537578824,-0.046382721705982906,-0.0005284936003395672,102.14323978222657,0.09177180895652998,1.46042651027348
1.8659999999999053,1.5172511314359993,4.822766187570552,2.9404011291264798,-0.0020879292801426336,-0.08073358173993399,-3.2864489153590624,-0.031469407325207255,9.849210750561218,0.0005827466812938987,-0.040693616300277215,-0.0007912516136492709,102.19437346390772,0.09398095442678316,1.4600737378122335
1.894999999999902,1.9972217658609337,5.134315072181576,3.036859501248564,0.00855488927166518,-0.13248510649609863,-3.389356981824672,-0.031719541382700764,9.792971989340337,0.0013923022821050767,-0.03640650810385286,-0.0010434388697905571,102.23368740953882,0.09564698252966768,1.4599217073001547
1.895999999999902,2.023204077429016,5.1452324200995685,3.032975870664066,0.009560308670691246,-0.1121769645592198,-3.379856924620734,-0.03336589872368501,9.806915309800514,0.0014293913743289414,-0.036270149095666816,-0.0010580732709699458,102.23508967282285,0.09570599214469318,1.4599178015513863
1.931999999999898,3.527311666952283,5.532957420715264,2.94687684731025,0.03429095870466121,-0.1335340326956259,-3.324520245217159,-0.03855519522106942,9.806055792593531,0.0031953395833156056,-0.030970595345795885,-0.0020756506816809483,102.28763927071653,0.09789272737767868,1.4598337951240319
1.9579999999998952,5.187627191373263,5.813733372674954,3.037895155067871,0.04763295819395257,-0.14518922312387483,-3.401370391129203,-0.029051387834359125,9.7715365398244,0.004603835428264892,-0.02728322990724556,-0.0031247312940714867,102.32809809377424,0.0995477566441661,1.4598337845076401
1.9609999999998948,5.3941082508365765,5.846388439583788,2.972809561580227,0.04812574297116001,-0.12082655508592455,-3.340905467135496,-0.02665657012847997,9.799995204434335,0.004753431567098997,-0.026881790635484546,-0.0032533343849692185,102.33290192730057,0.09974306770939534,1.4598365800893038
1.9699999999998938,6.018810085246105,5.94361766023671,2.9697614525302374,0.05108592050208907,-0.1349544520651309,-3.343908910693886,-0.01891573487907899,9.789900107348489,0.00517019902829295,-0.025639357790926715,-0.003638931248987993,102.34748121495699,0.10033483727463167,1.4598482885897541
1.9989999999998906,8.047056661781758,6.256993598768155,2.966756196063312,0.06482810500567153,-0.13408329623739199,-3.3408737801576387,0.004931662842802631,9.783681644642456,0.006254900261131928,-0.021720062380426414,-0.004892803134514662,102.39617131106326,0.1023074189242103,1.4599169885497947
2.0099999999998897,8.808201781455363,6.375500129211872,3.0164536659240224,0.07078094831656516,-0.17009836192825692,-3.3915647045343733,0.015453330792273502,9.746348124385886,0.006563763518373629,-0.020252953530789104,-0.0053886102145001315,102.41532254145629,0.10308461908384979,1.459954259337076
2.032999999999887,10.385341835366201,6.623872094613886,3.0169206071264205,0.08348613115676883,-0.17386608439629098,-3.390073711075003,0.034658714940672554,9.736018618575319,0.007037377720217496,-0.01734833844441556,-0.006464047532158845,102.45657750808587,0.10476768503456099,1.4600486624492375
2.0459999999998857,11.276580525438842,6.764166240575058,2.9728015486960526,0.09006351557908883,-0.15570414260945378,-3.34765389583517,0.044080077820674905,9.753761142056698,0.00721669631946991,-0.015769232136105694,-0.007106714430764822,102.48061888174891,0.10575652023331689,1.4601107717053088
2.079999999999882,13.645253697824394,7.131637220684204,2.97886846745984,0.11057983523721526,-0.1451046549600179,-3.339699562278939,0.07015036693237281,9.744487996424503,0.007424603793175681,-0.012008371572749822,-0.008936833461805875,102.54596157859247,0.10848446690697852,1.4602944637232234
2.09699999999988,14.861543800654076,7.315291013391415,2.982586245428017,0.12158642409096372,-0.1619547522985824,-3.343350194344808,0.08335671415742736,9.725575578810744,0.007386148389839167,-0.010314994483091226,-0.00993867418612587,102.57996788792755,0.10993198498946963,1.4603935380516397
2.1209999999998774,16.615946883660037,7.5744843343945085,3.0106363187605147,0.13769389614733654,-0.18338660686004626,-3.3672609863950784,0.10259987733099098,9.697385762745713,0.007193075403721399,-0.008120543290205928,-0.011450532667097045,102.62948772062644,0.11207916737871768,1.4605358768134578
2.1579999999998734,19.40091743190462,7.974736912878131,2.9957109079931152,0.15947091700935154,-0.17510844705611536,-3.342121595394385,0.1264489231748702,9.692112441999601,0.006667277403418364,-0.005291577831220255,-0.013993251678316434,102.709284790574,0.11564709746219903,1.460750277614751
2.1679999999998723,20.16661569461905,8.082801209694823,3.0304681279688275,0.16584703965327552,-0.1633378719448609,-3.362873717554298,0.13147302946704909,9.688397022327385,0.0064834744311613604,-0.004603588065326201,-0.014722978448775426,102.73156879915528,0.1166685146953868,1.460805383144806
2.1769999999998713,20.860251885732023,8.180219711574,3.0084170065635862,0.17068307705952876,-0.14839507182970937,-3.3370951900829926,0.1357572261389928,9.698933624704345,0.006313043442029799,-0.0040360503410414176,-0.015395534734333126,102.7518847471444,0.11760948255953764,1.460853559394731
2.213999999999867,23.747422217990245,8.580471473025739,3.0391177243471814,0.19128535937192845,-0.17594689399080155,-3.363048815419962,0.15386684445954216,9.66505021261736,0.005573180855370685,-0.0020236521980775725,-0.018314193054878657,102.83799414183835,0.12170141230001337,1.461032677525013
2.2309999999998653,25.09247348850988,8.76474500216588,3.0407735139973093,0.19985520942034446,-0.1543726255881459,-3.353426682000485,0.15878065854710516,9.674238258102925,0.005247105827669533,-0.0012910533887120948,-0.01973719212892291,102.8789511843059,0.12370624146630173,1.4611032145819665
2.241999999999864,25.96816069696407,8.884183481424815,2.9751758990540518,0.2043116441808603,-0.13587864353251203,-3.293122082664243,0.16223544187070368,9.698215965848773,0.0050507154040711506,-0.0008869438027287858,-0.02068568543983503,102.90591973098027,0.1250465934931814,1.4611443203322432
2.27799999999986,28.922952383291705,9.274347825242458,3.0410955598862275,0.2284573842030591,-0.16380510890360875,-3.3502799597247517,0.16828246413617473,9.660676850338096,0.004560139086594281,0.0002606751567983871,-0.023962734068430972,102.99674129823353,0.12967560483789603,1.461252802424399
2.2949999999998583,30.487436782861558,9.458668904187569,3.043640535574248,0.24448187906906532,-0.14282440132413865,-3.3442166509265383,0.16310325680549873,9.672451697298577,0.004624447740528037,0.0006923766518272411,-0.025715756686874137,103.04099056756176,0.13199178879154772,1.4612903474725372
2.324999999999855,33.455187315951704,9.78348328883729,3.0064111841944086,0.26472209902098687,-0.1536666923635922,-3.315458586891913,0.1673292372738756,9.670730563768815,0.005132360581240944,0.0013512431547922884,-0.029159149711969708,103.12120268430797,0.1362809365120455,1.4613363658883873
2.3569999999998514,36.76177046337073,10.130188856636828,3.0031891228713947,0.28636531220440664,-0.14632330308087105,-3.3073976735802186,0.17995424536077229,9.673119683871878,0.005941468407431723,0.0018425877851564096,-0.033108262226617224,103.20974799314725,0.1411448157917774,1.4613576888284923
2.359999999999851,37.073627346747415,10.162935430961706,3.0343013773594887,0.28965684473331405,-0.11663759562001105,-3.3226046959238555,0.18048139588988876,9.685855974234094,0.00602632511567742,0.0018609339076213391,-0.03348951923314608,103.21820702659464,0.14161654044207603,1.4613582029435637
2.3939999999998474,40.58089651894598,10.531989929843233,3.0246007419637952,0.31248895671589,-0.10758347358659702,-3.3098093124990067,0.20177151083918798,9.691899482354913,0.006975983269089021,0.0021099360077286556,-0.03789487309745425,103.31596573420296,0.14715953561627976,1.4613476386959932
2.4209999999998444,43.292030750026115,10.825041675161373,2.9811535412523194,0.33050481921606684,-0.09145334991805619,-3.2684077644938507,0.22268167504840675,9.7104515953926,0.007675101630078486,0.0022209336707131534,-0.04148313105488537,103.39606975562725,0.15183158436679303,1.4613191082188477
2.424999999999844,43.68578360696976,10.867994773548197,3.0078941684801235,0.33315792984025194,-0.12915188659792862,-3.303756872298854,0.22761425242602756,9.681974818305875,0.0077649377052909545,0.0022676795443681967,-0.04201808530745389,103.40812277540518,0.15254514452720214,1.46131361585645
2.45999999999984,47.058784562464155,11.247339700634402,3.0206959048355007,0.359313125947081,-0.1249485153015849,-3.3110741583769436,0.25711155389087664,9.680618276611296,0.008489509553605525,0.0023459837088466553,-0.04676007005753551,103.51563098282931,0.15903800801368045,1.4612528391726878
2.486999999999837,49.57927353270396,11.540140650598902,3.045219630459015,0.38164332987651894,-0.11765243282761868,-3.3271122061226586,0.2805518907819264,9.679047173427849,0.008939229235252871,0.0023137023416056448,-0.0504922855624445,103.6010691464352,0.1643692740873497,1.4611935328145869
2.5199999999998335,52.598810672795594,11.898528312900178,2.960995288570293,0.4076774794249756,-0.09132734268574261,-3.2535683083553906,0.3100396667991257,9.716906830888297,0.009405708771714164,0.0021483802895017764,-0.055170394414965095,103.70845173978252,0.1712962848060926,1.4611100495726395
2.5449999999998307,54.85042936391478,12.1697390405845,2.981454759009834,0.431029387502,-0.06525710175679705,-3.259937280386836,0.33136615360315225,9.727970168092963,0.009702588586654818,0.0020238579677683147,-0.058806984180323436,103.79196406644725,0.17686477245264315,1.4610429551494954
2.5669999999998283,56.8023751816408,12.40779158930107,2.989914358271248,0.44967260524704916,-0.09552496779410469,-3.276771131688646,0.3530668634268425,9.706607858108484,0.009914909714841338,0.0019364723244495617,-0.0620661408021837,103.86699417865162,0.18200747944749823,1.4609834615895736
2.5849999999998263,58.37455024567071,12.603320998360749,2.967728492107416,0.4651927873090407,-0.08362848697737828,-3.257437964529412,0.3707165991426449,9.721470567608637,0.010068149811993866,0.001771507657412147,-0.06477305336053536,103.92945453273983,0.18639205446723753,1.4609346996585595
2.6209999999998224,61.446084408221516,12.993742310082295,2.9815381034976487,0.49890786628544725,-0.056483572951140336,-3.2589361164789636,0.40493499744873984,9.735191796484253,0.010272657679918789,0.0015060988391337625,-0.07026559740309717,104.05726380028617,0.19566526032984927,1.4608419473284509
2.632999999999821,62.444688461491104,13.123853303323619,2.964732700134073,0.5083709360627838,-0.06341067986371487,-3.24926175836514,0.4174820856664023,9.735739667437526,0.010315035502490716,0.0014030311926055057,-0.07211713785096187,104.10072196901687,0.19891265551670323,1.460813124723367
2.6359999999998207,62.692291360663944,13.156167024415623,3.0175021656236867,0.5125616729760978,-0.08879889121330482,-3.298069932809992,0.4210079743154208,9.706087646470056,0.010319877425391446,0.001394402349899806,-0.07258077883753183,104.11165321704604,0.19973714123803715,1.4608061158535435
2.6629999999998177,64.88411581488033,13.449124541340474,2.9707437543107766,0.5355533219413494,-0.0749763812768705,-3.2585190366016876,0.448326550837553,9.7272093273753,0.010358708596633143,0.0011621306875014205,-0.07678018475690711,104.21123632996459,0.2073916366498491,1.4607469395715051
2.695999999999814,67.46336209527487,13.807516408029688,3.0319605139026935,0.5672453387620541,-0.0837020620203963,-3.3094636718887576,0.48076412153847636,9.706883767311675,0.010340693398582623,0.0008348419019682681,-0.08195667101653667,104.33588475933139,0.21734309115423828,1.4606847911604213
2.7279999999998106,69.85942622056199,14.15512821215322,3.025741589811059,0.5967167055591539,-0.060428619972452906,-3.300174600693933,0.5116299977705772,9.726097093311477,0.010274953176491682,0.0005577405722407383,-0.08700398651104752,104.45983698748286,0.22765573038384979,1.4606374836391212
2.750999999999808,71.51794484379617,14.404701301619344,2.962899857257302,0.6146201360836104,-0.05201054439890141,-3.248606377142746,0.5335328850956663,9.745897857633228,0.010214382284834716,0.000415555599239167,-0.09063967191006259,104.55079784023035,0.23549229105361347,1.4606132782013639
2.760999999999807,72.22285368305191,14.513119771180591,2.9628736120513146,0.6235804296103631,-0.05223088008204615,-3.248960537358744,0.5428960810252704,9.745781616859773,0.010190020256200904,0.0003658051811486577,-0.09222284192328442,104.59083322270794,0.2390142662096369,1.4606055173581947
2.768999999999806,72.77733806882627,14.599803629753756,3.0057569683656515,0.6328785608307476,-0.05484663910069769,-3.284163942951059,0.550803304389051,9.734720796537616,0.010169784213341504,0.00033057288346828963,-0.09348977116941107,104.62307394370325,0.24188304403178695,1.460600524405494
2.804999999999802,75.19473106805786,14.98982870203759,2.9930083876127758,0.6626004681087984,-0.08491278983043886,-3.283829761140128,0.5846481126651407,9.716689551581593,0.010098817666338371,0.0001964815001302781,-0.09918144619377911,104.77049275834612,0.2553721097150705,1.4605912447408662
2.8199999999998004,76.16294257932421,15.152904083985051,2.9846235050231105,0.6770267918867777,-0.054713391097491716,-3.2684480450608775,0.5979364203169041,9.738869856155073,0.010097623920065007,0.00010627983232893394,-0.1015528474872074,104.83304435246707,0.2612810268538321,1.460593423083053
2.8309999999997992,76.85740547880526,15.272187939687521,2.9642002485072947,0.6853043629768414,-0.055770900441970986,-3.2528533008360982,0.6078124963094074,9.742545461618764,0.010100168793564623,6.825014424820296e-05,-0.10328714574724729,104.8793363191044,0.26572542748739547,1.4605973072846892
2.8359999999997987,77.16954115581328,15.325999690294315,3.0110696204745926,0.6909528423090042,-0.08743281455578743,-3.29932610771856,0.6130037637048916,9.710267019420327,0.010098019755547498,8.140449169974622e-05,-0.10407359826613906,104.90049560943216,0.26777717311586924,1.4605997484523863
2.8729999999997946,79.40095547146025,15.727355432120333,2.9498992809565565,0.7212047835385306,-0.07453608281507546,-3.248394533318193,0.6461044365751356,9.732564302724484,0.0101923959076142,-2.0522812253046863e-05,-0.10988519697965689,105.05935888620483,0.2835893571761699,1.4606286509253992
2.8919999999997925,80.49189701892298,15.933416032534849,2.949897661973443,0.7384354804925276,-0.06418312202019859,-3.245983009379655,0.6633045555358644,9.739509679004907,0.01028750748052772,-5.550093800346656e-05,-0.11285641446691508,105.14249867729515,0.29215235175107274,1.4606507610044768
2.897999999999792,80.82988923069225,15.998282898175578,3.0251068788869926,0.7476868728486215,-0.07953036781228741,-3.309023621479079,0.6691281470817462,9.710906749622689,0.010321018606271305,-5.463160693180188e-05,-0.11379277496982691,105.16897308748409,0.2949207368704147,1.4606586802899004
2.932999999999788,82.73468354617933,16.37818267768844,2.978510153168759,0.7781597741244891,-0.06713489567665609,-3.269513642377101,0.7012819972046945,9.729208257297143,0.010606313847130101,-0.0001199250766154179,-0.11922785101776699,105.32551039385177,0.3117018536516921,1.460711840887951
2.9559999999997855,83.92005681079068,16.627299790485527,2.946440236347958,0.7970708989831337,-0.0725627144143319,-3.2481227612227364,0.7239625064436637,9.734032536987128,0.010852687677541434,-8.819190407164561e-05,-0.12277563041925536,105.43032817531265,0.3233341411709786,1.4607532928861697
2.9919999999997815,85.68930917385038,17.016930264505046,2.9854885038001204,0.8325357193463062,-0.09982600649803941,-3.2865139171376443,0.7597959988289303,9.704213300042628,0.01132073480797128,8.170872011351742e-06,-0.12828616635942505,105.59748809092993,0.3425452833497528,1.4608268170803331
3.0169999999997787,86.86231600788027,17.287989472487617,3.004454707004699,0.8598407053246068,-0.08611099839421377,-3.297691132297148,0.7849270666156238,9.708282554476598,0.01171086061741773,4.710947184273712e-05,-0.1320865983864474,105.7157907951563,0.35663470580067963,1.4608822201640743
3.0299999999997773,87.44012186789404,17.428984369764116,2.9750811426557946,0.8707860819126461,-0.08063233493207891,-3.2737695007375383,0.7995686273943982,9.7188706284167,0.01193124607054465,6.951337438513454e-05,-0.13405414781963726,105.77802595939117,0.36421165179446024,1.4609118565006947
3.0649999999997735,88.97182521817578,17.808065913400057,2.9583917320072413,0.9068913999170705,-0.08393640517432599,-3.26165811042532,0.8365346609956286,9.71851976810625,0.012539291121517386,0.0001906239476827655,-0.13930606920431343,105.94801667869419,0.3854912879740251,1.4609935914964436
3.0809999999997717,89.65966454222848,17.980889567658036,2.9629052083341487,0.9242948518480698,-0.10471945497483481,-3.2725862599292825,0.8545613846880526,9.703667330185912,0.012872746318489572,0.0002964023899168094,-0.14171526130349793,106.02690680821969,0.3956585912828986,1.461031395394147
3.0899999999997707,90.04228474360585,18.078519346659327,2.9431496105011763,0.9335935825797808,-0.09077491664172677,-3.2533236308322344,0.8641953770608823,9.717614547634254,0.013076990000481703,0.0003221824710566276,-0.14307500982613938,106.07160733233162,0.40150199659838226,1.4610526006888376
3.123999999999767,91.47602586866537,18.446402640414977,2.9411400947820234,0.9735445047485652,-0.09277787874830347,-3.2530173668190123,0.9040274377421308,9.715416170340157,0.01389015167560355,0.0005077070205492742,-0.14823132157594407,106.24258086902712,0.4244054440589957,1.4611321946373619
3.1449999999997647,92.34243785935972,18.673772351948294,2.95784152841229,1.0003684768161196,-0.09209869427673394,-3.2659009558793635,0.9307392041563454,9.71074373506261,0.014429996502292843,0.000607450407687971,-0.1514362918005344,106.34984173232178,0.43922466429704965,1.461179874771954
3.1749999999997613,93.54466961965282,18.99824704811135,2.977152489257812,1.0375775153960154,-0.11000801286726415,-3.2864994564432757,0.971428723711654,9.692358690475283,0.015186164002786762,0.0007820965713375484,-0.15601987993341349,106.50526289606216,0.4613208333049904,1.461244875235973
3.197999999999759,94.43265035906869,19.247187986735664,2.973438576183948,1.066142426192719,-0.11059130407237212,-3.2845307408963094,1.004566025148381,9.692210334950682,0.015730674699557304,0.000908763191540784,-0.1595282199408669,106.62615972334282,0.47902428141277786,1.4612916392589914
3.2099999999997575,94.88274407133082,19.377107682747532,2.9739868552010584,1.0813555136413262,-0.11039725502505138,-3.2850626881862044,1.0224111497693447,9.691643299707062,0.015994523266234132,0.0009718646238753858,-0.16135363755306908,106.689834219403,0.488531770569829,1.4613149018109253
3.2199999999997564,95.25324769006333,19.485420293159798,2.955692771221845,1.0928510466849635,-0.10974972796149837,-3.271057938162136,1.0372216966006662,9.696249025248978,0.016202653568891542,0.0010206007295162538,-0.16287104093865706,106.74320895605813,0.4965995851333122,1.4613336008296074
3.2539999999997526,96.61871091065335,19.85342046789898,2.9435484641686314,1.1448881469025012,-0.10765832753970782,-3.2623940565201845,1.081769295514562,9.699887648232068,0.016974378482303158,0.0012222594611846526,-0.16808917690796335,106.92680208658128,0.5250403804390695,1.4613930240657138
3.2729999999997506,97.45817280681142,20.059171673552303,2.956134982188664,1.1788554653665024,-0.09972383215891775,-3.2707849219630782,1.105810523188201,9.702007469839083,0.017596651154016776,0.0013274350745860418,-0.17114668683836023,107.03082028911,0.5416310432698916,1.4614233768818814
3.314999999999746,99.2782256277485,20.51329593415384,2.941694779573589,1.2419092355332781,-0.10900562683854075,-3.263954096373651,1.1751928615656086,9.697717201862893,0.019041458583482676,0.0016352399135302058,-0.1781701677133711,107.26435409570945,0.5801471021897402,1.4614841135082046
3.3389999999997433,100.2570928096626,20.772761155761028,2.9395685611073166,1.2774452057750725,-0.10864363476515426,-3.2630647734152327,1.2216949493504046,9.697634676678637,0.019684642767258953,0.001817347819244708,-0.1821983246421672,107.4000147864995,0.6033402401414625,1.4615154045280785
3.3529999999997417,100.79609192755811,20.92409870036597,2.9483616404401283,1.2986606268987524,-0.1090712522769144,-3.270464724108557,1.2502230106481038,9.69472427866715,0.01996348487932768,0.0019224440757185783,-0.18452230846253673,107.4798892330659,0.6172830313334566,1.461532660218871
3.3899999999997377,102.12426553333222,21.316083696725624,2.750353628904849,1.3456086141604966,-0.09774977925079757,-3.13997069264426,1.3357245944999598,9.775814318602809,0.020122406081416837,0.003234178658859561,-0.19044770637047811,107.69357696211745,0.6556527816480304,1.4615860907730083
3.4079999999997357,102.75753134156902,21.49503385900354,2.6473964198298634,1.3709626072695655,-0.10565973304380602,-3.0698198844195694,1.3752996803127202,9.802306565992033,0.019813569434216163,0.005268695097995643,-0.19317303319811596,107.79884468826879,0.6751404469941826,1.4616394822921004
3.4359999999997326,103.64924275463372,21.765669361835048,2.60160171390792,1.4099958285180518,-0.11518873940633528,-3.021612848679073,1.4311397549248281,9.790186189994005,0.01906607651145929,0.008948987425015638,-0.197307186422745,107.96422281880098,0.706557177967379,1.461783151301925
3.466999999999729,104.49314728680477,22.0627901232483,2.5856154839262144,1.447934406785161,-0.12272939596422874,-2.9816257936317783,1.488207123872668,9.758321575798066,0.017887447390902995,0.012384954523957912,-0.20171658442185245,108.14957913159859,0.7429531982618074,1.4620160358909013
3.4719999999997286,104.61983942111252,22.110581377790954,2.583831895265912,1.4540588111800345,-0.12388009630314056,-2.9756362590255816,1.4967620836637936,9.753004560089407,0.017665268631488297,0.012855759459710327,-0.20240940733328502,108.17969410512896,0.748986149337022,1.4620589428547666
3.5099999999997245,105.48263174422365,22.47404518214956,2.5939410675612553,1.499495208224857,-0.12947522741893663,-2.9461437777906543,1.5534608778998922,9.708353053834562,0.01588295452867952,0.015511318882808083,-0.20755127674451787,108.41052148073814,0.7963505172872147,1.4624112033660048
3.513999999999724,105.56279004489792,22.512471786098754,2.5974794660708245,1.504075723882327,-0.12962091786895139,-2.944862041355648,1.5587682092349937,9.703460061031457,0.015693664300859778,0.015682677051608186,-0.20808103080615323,108.43501832477459,0.8014941957644544,1.4624493960193328
3.5449999999997206,106.03871169019666,22.812583658598577,2.636342326309649,1.5338887653348265,-0.12756121828678132,-2.9453030024512343,1.6001698074731088,9.667795605532723,0.014233760938427258,0.0162369276445719,-0.2120901977741753,108.62614478064032,0.8424003042038379,1.4627365094528824
3.54899999999972,106.06577010868901,22.85166323112415,2.6424114402506262,1.5360746208045708,-0.1269018639682087,-2.946508283323219,1.6063815979260951,9.663712025077533,0.01402834110429027,0.01620860372227208,-0.21258362691704913,108.6509704794239,0.8478146502645232,1.4627713636826458
3.567999999999718,106.09364890916886,23.038522649924857,2.671170481918374,1.54317551861036,-0.12244448088525828,-2.953760721430186,1.6368514326256411,9.647429024073054,0.01290500080717393,0.015782308313842433,-0.21478204818832355,108.7694040325409,0.8739655640368762,1.4629260450305697
3.604999999999714,105.93867727854153,23.407953308729855,2.7246471997346533,1.5634487347180985,-0.11002983196878319,-2.974674349265138,1.676540904644939,9.629396108097813,0.010364181426010291,0.013808069945418994,-0.2183729860965706,109.0024599273397,0.9269845144582509,1.463160817262808
3.6099999999997134,105.90741511989427,23.45843075140817,2.7315605916223196,1.5668862848021072,-0.10804162310927964,-2.9781533017509574,1.6794422520520285,9.628242921989793,0.010046039456152693,0.013447409199559873,-0.2188105729104615,109.03419946782897,0.9343650486549255,1.4631847151522657
3.623999999999712,105.80782630206704,23.60043146939598,2.7502264134801426,1.576325919214272,-0.10224479346106918,-2.988513134890376,1.6856599499008997,9.626518688225019,0.00922812726461945,0.012346725324335608,-0.2200011837984667,109.1233816012809,0.9553071537074627,1.4632410050331859
3.659999999999708,105.51174445853377,23.96968126290474,2.791904212501443,1.6000464026930656,-0.08656968929779012,-3.0177416334248663,1.6931699905450495,9.631342655701186,0.007703114222184677,0.009086645019053772,-0.22291721579591614,109.35481956646983,1.011046785549525,1.4633134466495559
3.6729999999997065,105.39966729921585,24.106820257609257,2.9023634086877848,1.6126320686136975,-0.08103055737697772,-3.0902887950962574,1.6875991247029078,9.596835426107772,0.0074665303051396755,0.007475309309968125,-0.22397164160702532,109.43914734379095,1.0318496692955104,1.4633124726564104
3.7089999999997025,105.11522483704276,24.489420967074512,2.84007212074885,1.6345652924784064,-0.0635389908568909,-3.0678458921602223,1.6929562112897907,9.656457265303652,0.007479300981100626,0.003207537477824939,-0.2268466826959951,109.6747967820041,1.0913497972441653,1.4632294636312433
3.7329999999997,104.99907148908584,24.74032806363762,2.806946246069903,1.6543059810785858,-0.06004825440103024,-3.0582185102790183,1.69510030860625,9.683707211480193,0.008082230007485248,0.0013154975114204007,-0.2287563281381683,109.83361483795296,1.1325699299748515,1.4631347694715384
3.739999999999699,104.96662587374519,24.812990441180748,2.797747352244956,1.6599146250562227,-0.059842091350021616,-3.0558623163194207,1.6971881541083214,9.690705871309328,0.00833889258345169,0.0008886065221524243,-0.229320435971687,109.88019338978067,1.1448277051017908,1.4631041468295856
3.7449999999996986,104.9439209551715,24.86475362551658,2.791295121523836,1.6638816721201408,-0.05976100085279984,-3.0541835877870867,1.698917956043062,9.69548931354681,0.008539161423004933,0.0006173634586135591,-0.22972440561602753,109.91353440305507,1.1536485308422841,1.4630818172768938
3.7799999999996947,104.8188089932254,25.223973461325677,2.7471454851296393,1.6939832087101785,-0.06114056304866528,-3.041759617765239,1.7151960796245467,9.724723912988786,0.010311426311539498,-0.0005406560412232076,-0.2325579984343781,110.14855869153698,1.2169259941382344,1.4629248860003021
3.8069999999996917,104.75386711196094,25.49731729688987,2.7114055021201673,1.7197184198770878,-0.06345349890229732,-3.0284420229633344,1.7350431332160132,9.74346875048258,0.012050070413734288,-0.0006120210554512021,-0.2347492694353403,110.33180127824612,1.267588058994076,1.4628183174334162
3.8249999999996898,104.71605132791471,25.67760697717798,2.685957320820863,1.7376523574333878,-0.06538776661500555,-3.016784972547359,1.7526094631927867,9.754302712723593,0.01330406112208012,-0.00029915299945602533,-0.23620511970939886,110.45488787369834,1.3022681304929011,1.4627621007197051
3.839999999999688,104.68637317721905,25.82659076877728,2.6637933958121898,1.7532344978468934,-0.0679722983320919,-3.0047779035433235,1.7705852211179065,9.76097620974525,0.014360954295080813,0.0001600757738702348,-0.23741010584974653,110.55801820953809,1.3317274925320448,1.4627273859110177
3.857999999999686,104.65021674031563,26.00379581781233,2.6358615799399896,1.7728259281057672,-0.07191217228333772,-2.9879451223681466,1.7947478540741424,9.76709665730446,0.01559383609178854,0.0009179777153670654,-0.23884308878626725,110.68243610272019,1.3677569139255503,1.4627026195690436
3.8799999999996837,104.6002239700232,26.21791935214415,2.6000396573875197,1.7978507598880693,-0.07742011623426376,-2.96378154039398,1.8285197990933804,9.772094871542542,0.01700220260292583,0.00211866896393054,-0.24056796171006378,110.83546752347516,1.4128097412314777,1.462700121733514
3.885999999999683,104.58536688154138,26.27583254459645,2.590040821794824,1.8048638012809048,-0.07901305996840834,-2.956558541844199,1.8384226723714034,9.772995418647401,0.017359356140823953,0.002491935458600279,-0.24103176639715057,110.87738503623295,1.4252930594990083,1.4627050698529678
3.8979999999996817,104.55387402086747,26.391023544040387,2.5697751180370667,1.819111903813335,-0.08227093635963732,-2.94132475191891,1.8589462978015534,9.774257121715257,0.01803194905655294,0.003289891408538587,-0.24194973582378163,110.9614505570813,1.45051433468061,1.4627224524645885
3.932999999999678,104.44041809849907,26.722029727626943,2.508466347698681,1.8616201110489914,-0.09193407439721052,-2.8908861291387646,1.9231791053682952,9.774473575993317,0.019616718816884683,0.005937234055056328,-0.24454685725404002,111.20836356449945,1.5260407580434014,1.4628313264915966
3.950999999999676,104.36557995204684,26.88928900414386,2.4760878856563635,1.883646286040371,-0.0968227713457023,-2.8618227170322434,1.9579741891839582,9.772735649434745,0.020175866388579905,0.007435667806486915,-0.24583037167530217,111.3363206405214,1.566040319466512,1.4629211069161592
3.960999999999675,104.31881228318626,26.981325562724006,2.458011728304288,1.8958847292929726,-0.0994520412210072,-2.844891917750213,1.9775446117970152,9.771272071362976,0.020404355452433662,0.008293631692340861,-0.24652676003578336,111.40768593201621,1.5886072113700562,1.462980692039563
3.9909999999996715,104.15599291806213,27.253631347604784,2.4038606159381457,1.9322699128412495,-0.10806339591317195,-2.7903657986158272,2.0346162038320554,9.762783828870978,0.020751824346584513,0.01090764171199535,-0.24854185115153862,111.6229416709185,1.6578063154451936,1.463198988121226
4.015999999999676,103.99519116075389,27.476189910381514,2.3585355760371907,1.961397646119157,-0.1146817888835562,-2.7414871773621745,2.0803020381876602,9.753591577248848,0.02069155223779394,0.01304413094036461,-0.25013604981763765,111.80360824293126,1.7172135008267115,1.4634215700961453
4.0449999999996855,103.77997931338734,27.729405724351135,2.3066785608242664,1.9940562793271581,-0.12252876610928308,-2.683461384318858,2.1327638325553475,9.741452600088271,0.02021224036668822,0.015403850505064261,-0.2518937340785643,112.01458302867785,1.7881425251899807,1.463717689538505
4.0749999999996955,103.53323626838478,27.9858700993205,2.254440176841979,2.02720711143936,-0.1290985190550233,-2.622238209072028,2.182539235011753,9.728598412122345,0.01930064524104702,0.017656073690345078,-0.2536105882722617,112.23434359241105,1.863832672766962,1.4640560395863462
4.079999999999697,103.4898437916888,28.028081861376428,2.245850679940724,2.032587293430555,-0.12998842979352593,-2.611939642398274,2.1903173319568094,9.726518892548858,0.019117336618470603,0.018008184997070284,-0.25388757769481735,112.27111419768255,1.8766790870476995,1.4641147487748984
4.0899999999997005,103.40105486225006,28.112053906636348,2.2287664720734184,2.043153798736775,-0.13157961023365208,-2.5912821859642756,2.205440062481637,9.722449651461295,0.018728190024735927,0.018690381860285057,-0.2544340486822241,112.34477538489402,1.9025716016771503,1.4642336478747875
4.11699999999971,103.15073290283361,28.335800557152623,2.18331188847459,2.070401663070312,-0.1345672155077491,-2.5352748352974515,2.2431918602086567,9.712217793233823,0.017552709401941455,0.020375286280626216,-0.25586016756501956,112.54443912540147,1.9738188798488694,1.4645615112672112
4.140999999999718,102.92012474255836,28.531093258694394,2.143774813720853,2.0932174308428055,-0.13558682905892916,-2.485493916958303,2.2726657431373307,9.704277584163911,0.01640795746088502,0.02166610142221948,-0.2570708711566148,112.72283570525482,2.038800605296208,1.4648562190598207
4.156999999999723,102.76383357854537,28.65944195136549,2.1178726890877546,2.107608487299905,-0.1354404526212192,-2.4524669525509677,2.2902369375562306,9.699685593063254,0.015623478299995327,0.022413058732912165,-0.25785067494552816,112.84222609829618,2.082990906683655,1.4650517029389785
4.195999999999736,102.37466807349361,28.966207204473147,2.055717384673465,2.1400767690049296,-0.1324155396440409,-2.372636752469755,2.326610091792722,9.691316719913912,0.013748654011048448,0.023849183584516268,-0.25966804731592025,113.13470045063552,2.1936364333289426,1.4655157464339739
4.219999999999744,102.12981166686866,29.150754353016556,2.0184986756992878,2.15824920515297,-0.12887390781882088,-2.3244844310051374,2.3450826521187054,9.688029190210106,0.012679838599596944,0.024467994673190656,-0.2607280737241671,113.31565938538809,2.26380256903389,1.465787337587361
4.254999999999756,101.78026453787,29.41424801835432,1.9653235691981887,2.183465219722717,-0.12172821086845083,-2.255819447152724,2.3670768150404164,9.685857393413718,0.011343420527168736,0.025024932486219863,-0.2622073722516295,113.58079918294084,2.36897633026109,1.466157786853432
4.259999999999757,101.73081200227728,29.451352047942194,1.9578846802063499,2.1869156294152328,-0.12054598376963244,-2.246216877838054,2.369876197423622,9.685765646377188,0.011179373770595481,0.02507273128362661,-0.2624135141975546,113.61879100093182,2.3842775028106478,1.4662079455884414
4.290999999999768,101.42646705732639,29.67846808105928,1.9126774973122214,2.2075048450987715,-0.11246618236750158,-2.1879706343464154,2.386092907257259,9.686323883484492,0.010323063589239713,0.02520188649301967,-0.2636646107748425,113.85494704287326,2.4806888543534926,1.4665024594308331
4.325999999999779,101.08857288470648,29.92896627995061,1.863080770245329,2.2296344991994315,-0.10211674648823038,-2.124780676238258,2.4030886911179117,9.68924891187337,0.009691755852667416,0.025028817051982358,-0.26502108701868565,114.12276384096172,2.592739329918923,1.4668001721108732
4.349999999999787,100.85981236386303,30.097147373133616,1.8292619315178489,2.244375078970172,-0.09466362473840223,-2.0826949735476816,2.4147502852036515,9.692595914271017,0.009454993122187021,0.024746515959044105,-0.2659158212363461,114.30708754380017,2.6715365472705215,1.4669834809450732
4.355999999999789,100.80285847166519,30.138740782008014,1.8209581166475313,2.248029458492284,-0.09277949918112532,-2.072411980841044,2.4177303533468764,9.693525311751305,0.009418606614067463,0.02465798565749294,-0.26613485661073366,114.35325003652301,2.6914854666364487,1.4670268008830083
4.364999999999792,100.71750199286134,30.20079696034373,1.808595147915833,2.253492677934518,-0.08994538746536987,-2.05715280303727,2.4222761338576593,9.69498724574581,0.009379818449838456,0.024512612119561152,-0.26645985170069697,114.42255290651705,2.7215961217110354,1.4670899867838023
4.400999999999804,100.37576705269525,30.445087914939386,1.7604019287907458,2.2752164726958433,-0.07872675077849504,-1.9982329555662037,2.4416810322493765,9.701408058023159,0.00938866548459106,0.023794837649632365,-0.26771489406231735,114.70044230832818,2.8442873295915625,1.4673228321247918
4.419999999999811,100.19485009802835,30.57153940846799,1.7356815052932193,2.286703116717955,-0.0730043410647753,-1.9684419792662928,2.452852597844587,9.7050744899241,0.009477047199545483,0.023340175091891995,-0.26834661766962364,114.84751813263925,2.910492794342462,1.4674343740802163
4.420999999999811,100.1853203941698,30.578148169701056,1.7343928199152934,2.287310011936363,-0.07270907629598995,-1.9668981776213288,2.4534593016827175,9.705271018571539,0.009482932132112412,0.023315004967250835,-0.2683792608065198,114.8552664300233,2.9140051036822863,1.4674400546865354
4.4699999999998274,99.71765746320939,30.8963900175088,1.6726092596730606,2.3174641606399584,-0.05925063555080793,-1.8940751081921574,2.485490762870951,9.715062810296608,0.009869782837706618,0.021962096207553596,-0.26990502188788373,115.23578483981572,3.089520173517771,1.4676996293871885
4.486999999999833,99.55500751945357,31.00428996204934,1.6517406895587476,2.328116689757107,-0.055156413107553655,-1.8700402171013162,2.497633430336556,9.718413411948085,0.010026301744156512,0.02145218022418118,-0.2704012664328254,115.36816398151166,3.151978305084919,1.4677831730952262
4.4969999999998365,99.45922904925656,31.06716865393278,1.6395882478388044,2.3344241759962787,-0.05291322638850457,-1.8561802833133536,2.5050039178662296,9.720341506223438,0.010117773709646765,0.02114624509033971,-0.2706854210527494,115.44611384556646,3.1890958311264455,1.4678313264992722
4.5269999999998465,99.17149796478755,31.25320402432407,1.6033233628542978,2.353486135471634,-0.04696306296689042,-1.8155642027997791,2.5279934215201703,9.725980868699692,0.010372151519849498,0.020214664439235006,-0.27150414033827275,115.68029337034744,3.3021290156407606,1.46797329514235
4.552999999999855,98.92257644192657,31.41100768833841,1.5490340898143033,2.3693880089241506,-0.038406021030473664,-1.7659935669055442,2.547662200414658,9.743102883835732,0.010557481507027981,0.019454057283625786,-0.27216974303302865,115.88361454238405,3.40213463440088,1.4680962414040621
4.5539999999998555,98.91319627368281,31.4169507551357,1.5437615376550495,2.3698619294197356,-0.03787357337781641,-1.7620131956779395,2.5483744388962797,9.74514589113096,0.010564473138409112,0.01943467285554261,-0.27219385133989826,115.89144075071262,3.406018934798216,1.4681010731813458
4.576999999999863,98.72217286229196,31.54590570642858,1.325903947194536,2.3769976925939837,-0.030025489004558217,-1.607807957372848,2.5644485271752058,9.823944107835224,0.010696142027491091,0.019836203094287477,-0.2726806303115552,116.07154811842672,3.4961284120005427,1.4682235000759007
4.5929999999998685,98.63094374765733,31.621910348445194,1.075180901241455,2.378840908976703,-0.03082028031455196,-1.432587956661848,2.5740510654692508,9.90597927980899,0.010742508645793809,0.02163417767750445,-0.27292601730441607,116.19692554160767,3.559672830250403,1.4683371155906075
4.620999999999878,98.54594805543364,31.713535505040905,0.4809681975042221,2.3750303037297917,-0.04934490218463814,-1.0059579427614387,2.5884916260889237,10.071262399093623,0.01067884617014391,0.029132733954988103,-0.27315689899295464,116.41635225267673,3.6725101952186274,1.4686603441387491
4.649999999999888,98.52895599877752,31.737882635725605,-0.2666484658496456,2.3603642874214468,-0.09322361453767997,-0.4371978961726636,2.6026548390278927,10.225988143369387,0.010206245680736876,0.04352790432387816,-0.27311775590421267,116.64333581765392,3.791434129151714,1.4692743549914602
4.682999999999899,98.56200362224858,31.66806270393028,-1.1759713542314418,2.344235095403591,-0.19119085392174096,0.32688369563807274,2.626710731925237,10.296611250896879,0.00883187601383882,0.06721609560882985,-0.27274243581937835,116.90072534650125,3.929041164960168,1.4704648671929765
4.690999999999901,98.57759941475045,31.63386392203044,-1.3641891365597296,2.3268072902621735,-0.2064054296050941,0.4794146074038804,2.6199100038184095,10.323690815176878,0.008295362233165125,0.07397747149058756,-0.27258889846570417,116.96290073273167,3.9627275213618476,1.4708446128543249
4.725999999999913,98.54688384033257,31.44404925382426,-1.8376565083133563,2.3019691846445904,-0.2704805989152037,1.0364223758826145,2.6259271253070895,10.194041690428175,0.005664368287722946,0.10279505539159003,-0.2719189838791728,117.23356542149446,4.111431986732002,1.472905203440939
4.74799999999992,98.46661511410512,31.30545812861774,-1.8018234881435422,2.2984496541074737,-0.3064132690435416,1.187431597310072,2.631723238093834,9.97865778811732,0.0034919290220318954,0.11788139027725081,-0.2714789285352822,117.40239273327589,4.2059149447697175,1.4744731329456626
4.755999999999923,98.41701527785781,31.257133824021782,-1.723221839875697,2.2988484365266606,-0.31495922290114503,1.2011887264840921,2.6302512202920307,9.879932508646442,0.002685699228906658,0.12202385020254508,-0.2713403242464122,117.46351451517302,4.2404556015042765,1.4750739870608882
4.790999999999935,97.95905559890434,31.120562629859705,-0.2527096612974227,2.3502613284369938,-0.245354560358353,0.5192557972920379,2.59007249583103,9.152391614809943,0.00038657495764841965,0.12431396233651185,-0.2712413078419561,117.72928439545603,4.392740330096901,1.4776517543911947
4.811999999999942,97.60896476084275,31.099388764842377,-0.3872211657564987,2.30489850530718,-0.22591660020311252,0.7190951631592911,2.5940700645404466,9.131608761102875,-0.0005009402843726896,0.1143606284553015,-0.271149857167791,117.88765962733852,4.485115428360452,1.4789168247305986
4.83799999999995,97.4267726381753,31.072977185362955,-0.38043527723121406,2.3181424482024355,-0.16900894865149038,0.7955818117171314,2.6012626614130903,9.133271334708613,-0.0018521328395311222,0.1001350734849991,-0.27071347497897363,118.08263585834123,4.600542951243006,1.480104335284137
4.872999999999962,97.1741339027709,31.037200207848006,-0.38321848459013685,2.329705841892049,-0.07358561564589727,0.8529583200198317,2.597164301143786,9.208255166623458,-0.0029171060108740075,0.07927224909975308,-0.26999704856670154,118.34310204541343,4.757733202949722,1.4810538135950582
4.874999999999963,97.15733366115072,31.03515160192246,-0.38326201577012664,2.329700381071996,-0.06779852925659806,0.8544858989098516,2.5973555542701625,9.214342867815024,-0.002968061123184874,0.07806644488042092,-0.2699502369634643,118.35791541006728,4.766777193843578,1.481087040040748
4.883999999999966,97.08232879947698,31.02593674326752,-0.3831149413469386,2.329351052159755,-0.0416971185149071,0.8594473719026882,2.5983625334941856,9.243103411982839,-0.0032009549240453955,0.07265041071607502,-0.269726614541527,118.42448084470261,4.807557193906642,1.481210664706784
4.908999999999974,96.89058615186386,31.000396147967656,-0.38258828427101754,2.326849394716801,0.029276768999814337,0.8603866610436078,2.5993133272950177,9.33188879574964,-0.003895378629017057,0.057847781827819314,-0.2689985953723471,118.60857058731594,4.921537620259349,1.4813491252521427
4.938999999999984,96.67631399589055,30.96989401309106,-0.3813953726512548,2.3212017912372764,0.10606661120286624,0.8414716054112973,2.5950907450493808,9.444864823968697,-0.0048165451150620296,0.04098593938278839,-0.2679909348414965,118.82790054018793,5.059674076543107,1.4811817971900771
4.959999999999991,96.51962252598838,30.948674840473867,-0.3800039626696188,2.314062057267766,0.15190724832436683,0.8181566789825482,2.589379809957832,9.52256459163188,-0.005540890665100013,0.030010768607232317,-0.26723774172128306,118.98041510301518,5.15725055012002,1.4808993245378266
4.993000000000002,96.26820258165661,30.915629993130594,-0.376526497933922,2.299256500432072,0.19830022125606556,0.7755702458250122,2.578545664990574,9.618639955807632,-0.006907524232178069,0.014362538773963845,-0.26599851089116683,119.21841297737278,5.312050088599436,1.4802706061447386
5.002000000000005,96.19846063622789,30.906687514740156,-0.3757791208239737,2.2947028829018374,0.20643566441702077,0.7636570581721063,2.572732329377157,9.639823403817967,-0.0073195421462406585,0.010405149546444715,-0.26565838713788903,119.28297165939065,5.354578917469816,1.4800717126291343
5.038000000000017,95.90579152782566,30.87119493392609,-0.37202883797407915,2.2743174600974383,0.22785322323689824,0.7058422268224419,2.5446048701421753,9.719466102098732,-0.00894589861925854,-0.003967228150530834,-0.26431452891319257,119.53973061767016,5.5260212866724405,1.4792075368452604
5.064000000000026,95.69690527072689,30.84586926241667,-0.36879095876558865,2.257609984104566,0.22431599986372908,0.6490221257815335,2.5127746700438376,9.769944399464093,-0.009851883942588336,-0.012659276035458442,-0.26335075633859617,119.72372648798714,5.651155620277656,1.478555667650903
5.089000000000034,95.50588705737832,30.821831708501264,-0.3642763789848169,2.239636939716437,0.21032327124263162,0.5869462642292096,2.4852342223167168,9.812126009189893,-0.010485458765045835,-0.01938128362800606,-0.2624246226104427,119.89954009276865,5.7725117836612565,1.4779418238757853
5.125000000000046,95.2616851748663,30.787808282029097,-0.3577614041570031,2.2154905511178664,0.1818459107568681,0.49634049796448976,2.4401330607404312,9.863062925703016,-0.010907961701969733,-0.02619913827814352,-0.2611028694787232,120.1508736515495,5.949043631414094,1.4771305096644856
5.127000000000047,95.2482889652767,30.785937194548367,-0.3574109626854494,2.2141510201631265,0.18006205449450702,0.4914171050959759,2.4375740526698877,9.865513167025105,-0.010910839757638468,-0.026481385396453318,-0.2610316470671867,120.1647747010839,5.958912403603059,1.4770890513500718
5.13700000000005,95.18104313790604,30.776610125445178,-0.3556705470194489,2.207354593571478,0.1709061677151198,0.46710484046721534,2.4248532819583817,9.877129153923077,-0.01089342297444929,-0.027746357112862826,-0.26067951822152,120.23418415824841,6.008353097467816,1.4768886206884013
5.173000000000062,94.94181505673055,30.743400269637263,-0.3496814020550154,2.1824741321911763,0.1352482796570477,0.3850977287128004,2.3806666436813604,9.909829031811276,-0.010421767030402169,-0.030396850976241327,-0.25946190567752514,120.48276202704625,6.187672889019716,1.4762747634178386
5.190000000000068,94.83436417939048,30.727898677729442,-0.3470857366894981,2.171170088771233,0.11725156738573952,0.35010817584479237,2.3609978382974997,9.92015006443973,-0.009992276729249036,-0.030705008598990304,-0.25891299479407237,120.59945795677434,6.27307472219648,1.4760510980594108
5.216000000000077,94.67768997869135,30.70438094794839,-0.34349524201637055,2.1551380663429494,0.08879281242906255,0.30207319445392483,2.333019442394452,9.929577185783529,-0.009099003805877403,-0.030164484372702246,-0.2581104704425087,120.77710408775626,6.404582208166737,1.4757994024726424
5.250000000000088,94.48239228845601,30.673913408336503,-0.33949792441576754,2.136377346255442,0.05077298780286717,0.2500670826233888,2.3020459892708556,9.93077148114291,-0.007569837242933759,-0.027915311477400305,-0.25713353069923406,121.00793086369,6.5781741274256795,1.4756416775888628
5.254000000000089,94.46007358466736,30.670346685716652,-0.3390812259725067,2.134353762424906,0.04629633745191898,0.24478263726796307,2.2988928144488283,9.930132736142037,-0.007369096063161105,-0.027554985389949813,-0.2570237881181906,121.03497848749036,6.598716890469504,1.4756359490841233
5.260000000000091,94.42685507205096,30.665002622998294,-0.33847779179802284,2.1313173317547127,0.039594897935968223,0.23718811629039932,2.2945424472260565,9.928884922131536,-0.007062180773001446,-0.026981916592008152,-0.25686112643873926,121.0755075009439,6.629578319936441,1.475632357325849
5.2850000000001,94.29122551296335,30.643239458854016,-0.15767632918869126,2.1191375181591168,-0.07370182889331743,0.08083080221653456,2.264543690929008,9.781566042096152,-0.005801557154571925,-0.024330069927566603,-0.25621763528392627,121.24383346639368,6.758777617353885,1.4756799603917155
5.31700000000011,93.95239630786087,30.694637963653083,0.5663967978620835,2.139207806104555,-0.03290867272401432,-0.4259748190303058,2.3210054763036783,9.578664970126956,-0.003679538161280206,-0.029734744989912562,-0.25604368329543875,121.45821068834618,6.925717846070226,1.4757330426506514
5.320000000000111,93.92264022202289,30.70191378093121,0.6398656038951414,2.141365066222953,-0.042031621744191366,-0.48198422758871456,2.324943655462184,9.549748006072358,-0.0036834881388465752,-0.030453059289239102,-0.2560292654667533,121.47825733173579,6.941468395348795,1.4757299564328565
5.333000000000116,93.79675381065701,30.74490089327166,1.0956184147277996,2.167875530622468,-0.06311168538347396,-0.8110644035721528,2.327043525667941,9.387905384441424,-0.0036362654540391046,-0.03474359869307175,-0.2560477839861566,121.56504010777483,7.009936253181512,1.4756888706585503
5.364000000000126,93.38613660803995,30.934953042486647,2.0820530406963513,2.2143025838375516,-0.04958725667369352,-1.5635822291489383,2.306165237198083,9.13237460371433,-0.0020351048369360012,-0.05335564350592539,-0.25658450650654624,121.77163452984924,7.174783331470378,1.475284723131671
5.386000000000133,93.08065534148763,31.12297325105068,2.4846844454150783,2.23064907954092,-0.07140181300993996,-1.95673101795885,2.3076746575062748,9.080530034078059,-0.00021454857294666142,-0.06986404064094805,-0.2571025084243571,121.91817813851401,7.2932940024702315,1.474643689986645
5.400000000000138,92.9153372016309,31.259271472259844,2.7158386144235935,2.241154801606901,-0.037735014446464425,-2.1964889757681454,2.299713397478729,9.107978362798681,0.0012085979004234871,-0.08065940697990624,-0.2574520390726819,122.01148014029602,7.369430983818865,1.474069004765973
5.43700000000015,92.60196389871825,31.64743367707722,2.8948615180253863,2.268656067587249,-0.06420142952892703,-2.583748856366787,2.3112055931055595,9.255106581172749,0.005428826675840277,-0.10526703400313636,-0.25838858828213246,122.25847534637845,7.573549718229985,1.471964659180319
5.449000000000154,92.52695381548496,31.776976109203588,2.911877868791678,2.2784836412712153,-0.07033734349290006,-2.687907956151474,2.3169879271010565,9.324527908062604,0.006890281662543471,-0.11132874104350622,-0.2587211083339661,122.33875059359796,7.640692550710702,1.4711267356857225
5.484000000000166,92.36425257387874,32.15513310229917,2.8806182080846976,2.309553548065198,-0.08069685748606845,-2.9371090587841775,2.3451683265722196,9.561088704590627,0.011242681301140898,-0.12238122484251937,-0.25976140274782294,122.57346950755453,7.839281276306931,1.46838835763386
5.510000000000175,92.30473238312808,32.43046617695799,2.799787679947653,2.3354727514247435,-0.08130913461975234,-3.071642964239341,2.375915094128289,9.752337667113027,0.01443051883671458,-0.12378647239670595,-0.2605756581212291,122.74845206358037,7.9895427642708965,1.4662112508226879
5.513000000000176,92.30067464720464,32.46170905799818,2.7881399238657596,2.338587778197761,-0.08105385598441224,-3.0844399550658346,2.379971136052946,9.77444894302837,0.014788951480636855,-0.12357304348442967,-0.2606716515481206,122.76867807250673,8.007034192160036,1.4659593852040362
5.537000000000184,92.2815800462613,32.70674550928658,2.6814378968115244,2.3639618572269363,-0.07721092600508675,-3.1664773777068036,2.41557992531545,9.947448450232079,0.017539615288403254,-0.11916215044425087,-0.2614589761319402,122.93075535060957,8.148125940442611,1.4639843260930112
5.5720000000001955,92.26608071560192,33.04615754193254,2.508360296393857,2.402081856311581,-0.06954945373490708,-3.230604534148384,2.4781941991088505,10.167451420775068,0.0209753110233678,-0.10482267856614053,-0.26268313511606817,123.16796234573503,8.357629024430375,1.4613903708073932
5.576000000000197,92.26405538566084,33.08356417244197,2.488871318751133,2.406560036452574,-0.06855096510837377,-3.2343308634250767,2.4860121896193133,10.18909321904412,0.02131132197566621,-0.10266698578819122,-0.2628284119534825,123.19513322432617,8.381858004086606,1.461126843891466
5.607000000000207,92.24263580684426,33.36392304373999,2.338765064886888,2.4423406392404177,-0.06173769147971386,-3.236014935541403,2.5492116628798076,10.32976308968955,0.02347215801956458,-0.08307216196526851,-0.2639909506997594,123.40610619110957,8.571636033146062,1.4593870550550916
5.6380000000002175,92.19503853585074,33.62766288002708,2.196042642001864,2.479653172919985,-0.08092396328419495,-3.1789042968215218,2.626162877798801,10.380829837864606,0.024510188436694662,-0.05981434061044557,-0.26523810635823475,123.6177142020581,8.764976974899346,1.458272789259613
5.648000000000221,92.16776266438922,33.71006353674768,2.1999967954098554,2.49421781589852,-0.09370051683250007,-3.180920244831945,2.647535589076714,10.360589423538608,0.024625487972653952,-0.052024296909757094,-0.265673972135147,123.68608967112843,8.828106267595416,1.4580584813310824
5.679000000000231,92.03094924609907,33.96688817322741,2.1911938720213753,2.533038566010914,-0.11771738281137048,-3.142343958737854,2.708176755314001,10.291885880896956,0.024587327866404284,-0.028985033291484982,-0.2671513911626638,123.89835999457786,9.02617821868545,1.457827030450519
5.702000000000239,91.91317060857871,34.153875851711916,2.1259468791496197,2.5577747611045343,-0.14491859770924284,-3.0544545851053653,2.7558485257358885,10.234702381549075,0.024097916703455024,-0.012823780729111727,-0.26830789128660293,124.05610049361165,9.175452775149541,1.4580515177827071
5.728000000000248,91.78133384553958,34.357711138111874,2.029660698288057,2.588538032540984,-0.1894231720476491,-2.912555250487223,2.806982653255581,10.138821891198765,0.022859442850166684,0.004215926025165969,-0.26966404235887215,124.23458305688933,9.346556398730776,1.4586691323901886
5.761000000000259,91.60718305054198,34.60308471049773,1.899736113241997,2.624737975909048,-0.24753217237735545,-2.7020264809295966,2.8519319725845405,9.996523295334782,0.02105967688456157,0.023183591720903823,-0.2714546992940607,124.46120836917697,9.567266633264675,1.4599069055138727
5.76500000000026,91.58624867096258,34.63179988369982,1.884132368640683,2.6292732294816714,-0.25372083287511693,-2.675756156653213,2.8566786562848203,9.979545444584161,0.020838552638595267,0.025255725869385178,-0.2716761369691077,124.4886750776797,9.59428353963894,1.4600845684366393
5.79500000000027,91.43034914856787,34.84028147411915,1.7702067044233003,2.655558936557996,-0.3082031324768571,-2.4862119855003044,2.8819308896981006,9.851064819536099,0.0194227759577191,0.03930216693722249,-0.2733529229755025,124.69458569023539,9.798690038005365,1.461555919383564
5.831000000000282,91.28066670296819,35.074967570484034,1.6415817482031632,2.6882978046222643,-0.36032920298970794,-2.265883677773957,2.9220126128731247,9.71416130304941,0.017706674311780607,0.05286370302807681,-0.27533728574917365,124.94130872413922,10.048028230519707,1.4635237473243894
5.858000000000291,91.20112050834524,35.2404182431233,1.5488073949060437,2.7162968392872315,-0.3825094902714915,-2.1035665026002484,2.947516940671902,9.630590870587582,0.0165965383369769,0.06073722967589216,-0.27680068840984434,125.12593659399077,10.23784498518811,1.4650391835686445
5.880000000000298,91.1399169842006,35.36878084003986,1.4772366496195501,2.7384197549505522,-0.3899307236747451,-1.9753822181117342,2.96867011170503,9.574756301887806,0.0158516839711128,0.06575008163062292,-0.27798421013456764,125.27602877013021,10.394242426698986,1.4662475494461702
5.900000000000305,91.0896762609234,35.480703923673936,1.4153165831232952,2.7579564780475114,-0.388709186532613,-1.8627275263537137,2.988544579073854,9.533762529108957,0.015267088921921648,0.06925121938379841,-0.2790411265897021,125.41215676345809,10.537740067680891,1.4672987479985706
5.920000000000312,91.04776223968805,35.588284667879215,1.3559972079522091,2.7774028676807148,-0.3804573795710311,-1.754104700458875,3.008813353135267,9.502112745666643,0.01475097755434401,0.07179318246159158,-0.28007338113450375,125.54793891920897,10.68246720723376,1.4682863714178385
5.940000000000318,91.01442520766119,35.69168361293855,1.299490219849227,2.7965920076256436,-0.3660849835775004,-1.650170144040392,3.0297432349787483,9.479192501549404,0.014285869458224215,0.07343449992977509,-0.28107672592875743,125.6833363418356,10.828399711286423,1.4691964218794475
5.968000000000328,90.98247852019652,35.82984997025999,1.2259694263333287,2.8234667572894323,-0.33684105869441183,-1.5136959916384773,3.0596501727220344,9.460589288855788,0.013684121756925093,0.07432786372123094,-0.2824284766955465,125.87217537430777,11.034686614264704,1.470321032180135
5.97500000000033,90.97642652275057,35.86325202957252,1.208503113272851,2.830182251507159,-0.3280862549018063,-1.4812495758213875,3.0672465031166127,9.458266956685529,0.013538865065522798,0.07431264962391027,-0.28275715454163364,125.91924431816234,11.086613423021017,1.4705730021517724
6.011000000000342,90.95451949711214,36.02828545143948,1.123404882848222,2.8642206485026622,-0.27578533616366263,-1.3248199803795515,3.1070014461328594,9.459790122104785,0.012786342654902841,0.0728856486037258,-0.2843864847253202,126.16034565242565,11.355862534425503,1.4716768577468748
6.031000000000349,90.94858966169421,36.11530613054116,1.0791670537265345,2.882629300932587,-0.24284025255896,-1.2454654781956807,3.1293378150427316,9.469185382443511,0.012339396737820602,0.07123027663407389,-0.2852453102467031,126.29354341175427,11.50700698739471,1.4721511809935877
6.052000000000356,90.9464654445716,36.20333626655552,1.0355963828772141,2.90148589565415,-0.2063432669365642,-1.1683722311853189,3.1526158836660794,9.48421800449944,0.011829350983968754,0.068929519604643,-0.2861107287065607,126.43278415180669,11.666884618920678,1.4725460615144759
6.088000000000368,90.95066147820025,36.34687480058588,0.9668267261124776,2.932309400565988,-0.14187147044668846,-1.0505518606409845,3.1912229589765393,9.519731773196682,0.010832167998827087,0.06387639979024623,-0.2875084008432436,126.66991908816124,11.943710220935406,1.4729953232047899
6.0930000000003695,90.95190874746463,36.36611761985438,0.9578095971431261,2.936411158791481,-0.13292679383766084,-1.03557735006302,3.196380450867111,9.525424425396984,0.010680373626607925,0.06308239521321828,-0.2876940606579156,126.70269125271471,11.982428953173143,1.473036884271403
6.128000000000381,90.96644143174821,36.496410950208166,0.8979053753869415,2.963380037482618,-0.07194067579219865,-0.9398360935749189,3.2306639473524847,9.568736999472009,0.009522361698666352,0.05704692371208906,-0.28893333519741465,126.93092699321356,12.255278400189578,1.4732048630727874
6.1560000000003905,90.98543796058235,36.59536858939825,0.8528270512378988,2.983141131207566,-0.026749441743874697,-0.8735589127384333,3.2546938448648555,9.60610942163791,0.008498688963976174,0.05178657774784132,-0.28985338496107005,127.11198587831025,12.47581720186876,1.4732089500208885
6.175000000000397,91.00076437061833,36.6600195477575,0.8242806677008551,2.9953501679527705,0.0012963544962481522,-0.8339424596976488,3.2691201334702984,9.631467908848474,0.007771575252810884,0.048092532277381125,-0.2904449243358507,127.23404120805156,12.626593816561515,1.4731616044754883
6.209000000000408,91.03285839934786,36.771047672429056,0.7766425782567662,3.0151066416511547,0.04503246346308092,-0.7728419294994344,3.2905007543668066,9.675210844701423,0.006452159456333679,0.04139093436819686,-0.29144536831385714,127.45077349985858,12.898641269264571,1.473007638862095
6.2100000000004085,91.03386225602782,36.77422702776829,0.7753043010341597,3.0156442029068944,0.046180860621695484,-0.7712248976576167,3.291042948888835,9.67644563071607,0.006413744915815846,0.04119398037690588,-0.29147380039369053,127.45711463958982,12.906685686342394,1.4730021695144448
6.21500000000041,91.03892532710829,36.7900525665097,0.768663728687522,3.018293816278397,0.051798119573516564,-0.7632869871096319,3.2936810647412007,9.682564134807405,0.006222458808504267,0.040210485309684366,-0.29161517725097746,127.48879137056068,12.946944387867873,1.4729742651184696
6.233000000000416,91.05778710899004,36.84606172593785,0.7454357857180154,3.0273060598600687,0.07025417346771808,-0.736685262216094,3.30217943418253,9.703744137030846,0.005548321522381747,0.036696363122814143,-0.29211377731209026,127.60242482911636,13.092378928401846,1.4728680906386191
6.248000000000421,91.07435823379082,36.891621708652146,0.7268503292269645,3.0342133696131524,0.0834545728160759,-0.7167695658427403,3.3080875095778697,9.720241415711662,0.005010825668263169,0.03381554979265383,-0.2925177805300422,127.69663235167137,13.214172166323902,1.4727763878433113
6.269000000000428,91.09901701122917,36.95377868075478,0.7019290728202203,3.04302222274861,0.09850608927992441,-0.6920903165781417,3.314654927492079,9.74131767211391,0.004310541857926498,0.029887185474820027,-0.29306781934658693,127.82776806697461,13.385587469033318,1.4726504450429194
6.298000000000438,91.13611613458814,37.03665447274091,0.6694852829543232,3.053684924058935,0.11263365256727409,-0.6636259675605287,3.320786633550007,9.766092202541799,0.0034758966806236404,0.024728240431707953,-0.29380196805046993,128.0073896467432,13.624020849665408,1.4724964459400427
6.306000000000441,91.14701396794285,37.0589395718363,0.6609086265187849,3.056352919631872,0.11517832776557138,-0.656820598234223,3.3219549617056288,9.77198419075454,0.0032778963377964264,0.023369821702576413,-0.2940000434458399,128.05663642343043,13.690142840463373,1.4724604958509955
6.330000000000449,91.18153866646095,37.12434993486831,0.6355217210004348,3.0637276561765545,0.11941186440606251,-0.6384885693175905,3.3243453277251147,9.787354018318545,0.0027792685364940025,0.019488914813303636,-0.29458439193111374,128.20357860284324,13.889401247738572,1.4723753256730825
6.349000000000455,91.21101204981666,37.17462536705345,0.6162870392706479,3.0690225672243527,0.11917380172312714,-0.6263163157566438,3.325305477556069,9.79673635640948,0.002493082711437166,0.01664426732663316,-0.29503784919605897,128.31905108954012,14.04808939890141,1.4723362645587401
6.360000000000459,91.2291392293754,37.203149574453846,0.6055745151940861,3.071929868416648,0.11767743014677558,-0.6201700101549544,3.325581379968125,9.801025920701633,0.0023736665756435025,0.01509520147418959,-0.29529738384992593,128.38555445846603,14.140338830330593,1.4723266070919019
6.376000000000464,91.2570228473323,37.24390475228183,0.5904748498270717,3.076009838805632,0.11381343733882479,-0.6122737981682658,3.325738564251612,9.805815602818791,0.002262285823701891,0.012975214060711924,-0.2956718315138411,128.48182640132242,14.27501044556465,1.4723307955464227
6.382000000000466,91.2679037304312,37.2589689372118,0.5849481010654539,3.0775006433935004,0.11187050407299241,-0.6096050753591298,3.325755697628911,9.807179704478477,0.002239686979740605,0.012221887064210436,-0.2958114819417676,128.51778708385456,14.325661497233437,1.4723381545248067
6.402000000000473,91.30552195522395,37.30834519402597,0.5670236006405482,3.0823477630204175,0.10356842970810669,-0.6017432098718615,3.3258092088912123,9.810085288082716,0.0022388060710264728,0.009878879364827849,-0.29627442719559777,128.63709616310237,14.495082577019382,1.4723862610034406
6.427000000000481,91.35458880321966,37.36831680489999,0.5455903688650457,3.0880777176810317,0.08483914989067991,-0.597079895279575,3.3271322688855425,9.80908793433783,0.0023733504117414866,0.007363888525566201,-0.296846454330136,128.7850130349485,14.708114303221908,1.4724984139117723
6.442000000000486,91.38615547540313,37.40341292957108,0.5335619879264033,3.0912550247931887,0.07135836536121454,-0.5955422152136186,3.3281358013573814,9.806363901746893,0.002520048365104793,0.006110758655689962,-0.2971814048231851,128.87310795131836,14.836598212033168,1.4725932412519847
6.471000000000496,91.45273686211547,37.469466272075664,0.5108300630307299,3.098023262104385,0.0429868250754023,-0.5929988748495362,3.3309614863055237,9.7981135698118,0.002926463319874004,0.004214575127087198,-0.29781193868979383,129.04202002437358,15.086403961996973,1.4728324278935607
6.500000000000505,91.51914756587135,37.533200010643014,0.48885604312502157,3.1056103802655946,0.01331763355712042,-0.5900034267182397,3.335499851752759,9.78670011273812,0.0034773505579638675,0.002973478737481658,-0.29843089973889464,129.2090639342681,15.338045479958922,1.4731392329002255
6.505000000000507,91.53014507125347,37.54396050499133,0.48517043461426324,3.106972477096103,0.008193517195114174,-0.5893974221648856,3.336528472373534,9.78447614779815,0.0035836721148002565,0.002820466381429433,-0.29853681978314817,129.23767429001433,15.381616237130748,1.473198312811083
6.536000000000517,91.59506538407511,37.60923131646831,0.4630163560960901,3.1158418273224058,-0.02311245903229147,-0.5848896278372286,3.344679136110776,9.769435438205964,0.004287816933453835,0.0022300540547547957,-0.29918699827963385,129.4137981214771,15.652956244971087,1.473599964626241
6.563000000000526,91.64697852443632,37.664125595163654,0.4446534090230536,3.1243036717513752,-0.04917509818824225,-0.5797631422703488,3.3542367946894496,9.755147230855242,0.0049270155188027714,0.0021601895867946483,-0.29974194474797483,129.5654115495289,15.890958789360702,1.4739915302359108
6.571000000000529,91.66143854305096,37.6800541701577,0.4393705623977044,3.1269463525134777,-0.0565903476100896,-0.5780104104220204,3.3574984220361865,9.750802686132031,0.005114566915378317,0.0022081179403791737,-0.29990397497820664,129.6100117328267,15.961775222276534,1.4741134656234938
6.60300000000054,91.71453395434652,37.74228979071118,0.41894883445733494,3.1381062163690534,-0.08449047294331966,-0.5699034206945492,3.372355379655744,9.733341416852875,0.0058282632565624295,0.0026646734972429727,-0.30053913502501145,129.78692308020575,16.246389185051434,1.4746208393687008
6.63300000000055,91.75648027449498,37.79856966908581,0.4005511185112277,3.149307645069726,-0.10763765084147965,-0.5605495630155263,3.3885902270134136,9.717536042875313,0.006407012375646833,0.0034073399384007925,-0.30111314711599346,129.95058748059486,16.51515814117801,1.4751138224442926
6.651000000000556,91.77765755589006,37.831399584525116,0.3897223603342458,3.1562842808691003,-0.12000225768156463,-0.5540701693259193,3.399201745228663,9.708577629272108,0.006694972541899989,0.003966356185498939,-0.3014459981184001,130.0477545146023,16.677313641221335,1.4754119103153558
6.6860000000005675,91.80963165616461,37.89331919445872,0.36989061180936517,3.170224266124825,-0.14045151190689878,-0.5401941013744289,3.4210933114912843,9.692480991260764,0.007099279326578637,0.005222868239769345,-0.30206565882413006,130.23444205134487,16.994515731936193,1.4759845872590003
6.697000000000571,91.81709583690052,37.91228107668512,0.3639353418149552,3.1746562989640257,-0.1458706704512284,-0.5354865833206901,3.4281874388205176,9.687883915809513,0.0071799744517758125,0.00564926797970912,-0.30225239223786426,130.29249474566896,17.09472169839581,1.4761603687676634
6.720000000000579,91.82873432820566,37.95119273400832,0.35186993288274226,3.1839147228263935,-0.1556341275832486,-0.5251525718604712,3.443118181011286,9.679100508594873,0.007273584815879391,0.006567774810005162,-0.30262972227510265,130.412906423324,17.305030012572278,1.4765179297604765
6.756000000000591,91.83616188637914,38.010186265748914,0.33398460171428135,3.1981378473577,-0.16672758855778613,-0.5078232554017358,3.4661511562227956,9.66779233376523,0.007215577841132649,0.008026852568827621,-0.3031842182704064,130.59870503329785,17.636323757252693,1.4770422481142664
6.7610000000005925,91.83618146072294,38.018202671349414,0.3315931994996226,3.2000730143545386,-0.1678750881120341,-0.5053225782420584,3.4692709145605884,9.666469102174087,0.007188378841049671,0.008227500516106769,-0.3032576738367503,130.62424954093655,17.682539009773027,1.4771110259957987
6.7640000000005935,91.83608289501618,38.02299234807438,0.33016891624836886,3.201228257061812,-0.16851881376422947,-0.5038126221653452,3.4711294534150094,9.665704621270075,0.007169917730393504,0.008347362941843869,-0.3033013227370296,130.63954546835134,17.710291675884072,1.4771517752318049
6.786000000000601,91.83295741287246,38.05766309919461,0.31996139164990245,3.2095477327743422,-0.17223818945193473,-0.4925434170736011,3.4843968091404807,9.66077562828369,0.006987656583588759,0.009210260037161449,-0.3036116793486469,130.75100661840997,17.914347509250664,1.4774381637780962
6.810000000000609,91.82505782376847,38.094602686708946,0.30928764657304075,3.2182530270726324,-0.17437894455445868,-0.47993087829519476,3.4979864238150316,9.65675008605541,0.006703115125232825,0.010107460436681752,-0.303930944623103,130.87116559844335,18.138021633157656,1.4777240067140447
6.829000000000615,91.81577375764556,38.12321883884987,0.30116601284814404,3.224808834308767,-0.17475901852407077,-0.4697831654228393,3.507967617925127,9.654539492595239,0.00642366172541684,0.010775107073564145,-0.3041698241560465,130.96521809340467,18.315878374724274,1.477929398368871
6.851000000000623,91.80206128639527,38.155687391354284,0.29210883053470366,3.2319759494951934,-0.17387583294410514,-0.45793102531313834,3.5185631236549764,9.653012556206098,0.006051472029546083,0.011492316537966056,-0.30443170285800464,131.07292375746593,18.522670411086377,1.4781432712489622
6.883000000000633,91.77752790765737,38.20169392796376,0.2795750529861972,3.2413262904021103,-0.1713146837260527,-0.44132440157465447,3.530607194670569,9.652370854636265,0.005461811077384759,0.012424206738150787,-0.3047855550999417,131.2272680124774,18.825069921554526,1.478407680153851
6.893000000000637,91.76904004707197,38.215786723683664,0.27584974558139497,3.2438969666528097,-0.17016574349534394,-0.4362563090816683,3.5338478719167874,9.652507603830099,0.005278257922113012,0.012690872259568392,-0.30488974119325574,131.27493213620892,18.91995645517597,1.4784789435325305
6.898000000000638,91.76470264414019,38.2227840395753,0.2740109811579132,3.245126415204641,-0.16950834037481802,-0.433723406498626,3.5354145519963978,9.652645381765979,0.005186446569626612,0.012819558817704456,-0.30494069340981916,131.29866207747827,18.967468120638564,1.4785125576848352
6.929000000000649,91.73738664454233,38.26545321526695,0.2628879873394373,3.2523114609261743,-0.16541318663677218,-0.41875570878129403,3.545831203736974,9.654169588137302,0.004595367282860908,0.013556748818429613,-0.30524001889029195,131.4442594442696,19.263048709965357,1.478691391391985
6.955000000000657,91.71512590992012,38.30032196541889,0.2539874197791248,3.258175591836531,-0.1608556365418209,-0.4063384087552377,3.553048768582003,9.65645713735241,0.00407147237824656,0.014100825772358903,-0.30547003733609945,131.5643283947788,19.512277204491014,1.4788031973884246
6.958000000000658,91.712545406993,38.30429286334298,0.25297645533114543,3.258844222753528,-0.1602524337395264,-0.4048984535086447,3.553767960018546,9.656783042903351,0.0040115734465757695,0.01415884147743055,-0.3054957055332209,131.57806160967897,19.541110990249145,1.4788139362295418
6.965000000000661,91.7064251752353,38.31351664907772,0.2506321180930056,3.2603813140045275,-0.15878694041637195,-0.4015350037792048,3.55537081809633,9.657588753635096,0.0038730024945680948,0.014290206786165261,-0.3055551015731149,131.61000811710096,19.60845101965467,1.4788373018780654
6.991000000000669,91.68212821602476,38.34727386648825,0.24213536787677417,3.265667839791668,-0.15267555287815654,-0.38903112362371983,3.560537754510996,9.661084994576559,0.0033772351043919076,0.014726785192123806,-0.3057703647610627,131.72746494359615,19.859315261703745,1.478904031912385
7.02300000000068,91.6501412146156,38.38776840156444,0.23216401233436104,3.2712555600855358,-0.14392253377536995,-0.37371738342286853,3.565394001523747,9.666306856399187,0.0028193278613798363,0.015144684941813286,-0.30602340825833274,131.86941060262288,20.169657360728674,1.478945764316586
7.039000000000685,91.63410797704955,38.40759604240062,0.2273649542022443,3.2737746057718526,-0.13915490434001357,-0.3661330579257383,3.567241625720922,9.669223311101149,0.002568041441179521,0.015301179252840833,-0.3061451213288982,131.93929293430838,20.325473469850255,1.478951488873879
7.063000000000693,91.61043223264852,38.43683102367408,0.22038280035854016,3.27728318213296,-0.1316642981454988,-0.35490301388834045,3.5694024016568036,9.673886760806681,0.002233258954337158,0.015468341460420781,-0.30632276815751747,132.04274437345387,20.559990072296177,1.4789432636288502
7.087000000000701,91.58738001770509,38.4654764213914,0.21364931328738546,3.2805040644348846,-0.12392215124101923,-0.34390991810981125,3.571002912341677,9.678796979415168,0.0019543614933352996,0.015553942269334901,-0.3064956896741734,132.14454030316122,20.79544265238748,1.4789172756253326
7.090000000000702,91.58455285253304,38.469016628455385,0.21282446885503178,3.280888916979244,-0.12294517742415212,-0.3425556901699708,3.571173227467694,9.679422646381438,0.0019235970895324897,0.015558942956331638,-0.30651702362434236,132.15714790187155,20.824939195126216,1.4789129177242772
7.099000000000705,91.5761550317757,38.47958419361311,0.21037170600703994,3.2820227490840597,-0.1200097451959792,-0.3385224046804139,3.5716530323396687,9.681310501340397,0.0018368334177065377,0.015566429141903839,-0.30658068720256215,132.19481439336897,20.913514657866788,1.478898498817063
7.128000000000715,91.55007002662262,38.51310394701419,0.20268223350821113,3.2855001672670987,-0.11059169911935346,-0.3258567889265053,3.5729748594842814,9.68744810930621,0.0016134914099167786,0.015515427026274994,-0.306782701501388,132.31458424565196,21.199791107310883,1.4788398874003956
7.1500000000007224,91.53142008885678,38.538006236796946,0.1970539993043991,3.2880135564506205,-0.10361182873060473,-0.3166268822365445,3.5738769019559355,9.692078969265188,0.0014998199381125845,0.015403383083688231,-0.30693315954222916,132.40380776222517,21.417835012480833,1.478785406170441
7.1590000000007254,91.52409289559182,38.54806605656166,0.19479956796932363,3.2890231944694523,-0.10082650581597317,-0.3129546587061535,3.5742500795405183,9.693947850629208,0.0014665300638927415,0.015340292084502622,-0.3069940982740075,132.43989959143414,21.507247407199866,1.4787612098695988
7.167000000000728,91.51772832693604,38.556947021573706,0.19281816289423342,3.2899147850008976,-0.0983934202975371,-0.30974367930576074,3.5745924505875215,9.695590811135697,0.0014430846312260847,0.015276170820342687,-0.3070479864878749,132.47178143609676,21.586827663125177,1.4787389539346338
7.200000000000739,91.49293379885466,38.59298591530608,0.18485814087484395,3.2935699059844894,-0.08888283807770977,-0.2970571455174722,3.5762060393641324,9.702117126032977,0.0014026942725082283,0.014937089188075438,-0.30726760605935133,132.60129950504304,21.916103122218367,1.4786419736999419
7.223000000000747,91.47699026916378,38.617552247871174,0.17950021060799057,3.2961341707819147,-0.08286526008907166,-0.28877605118979277,3.5776167960637912,9.70634937705257,0.0014212960032497864,0.014637069548976648,-0.30741813312020255,132.6896625145953,22.146540317786993,1.4785721238717804
7.224000000000747,91.47632069064359,38.61861030492,0.17927058552236919,3.2962465191824966,-0.0826166560596743,-0.2884268438462656,3.5776847074948845,9.706526310694368,0.0014228511007878975,0.014622968883895391,-0.3074246287923346,132.6934687085504,22.156576613307756,1.478569087447409
7.2370000000007515,91.46778643596784,38.63228997680347,0.17630943788390646,3.2977156497247653,-0.07949066594525994,-0.2839705500486778,3.578621857797644,9.708767632908625,0.001448073717136099,0.01443233243404905,-0.30750868577966234,132.74267800777235,22.28717823639512,1.4785298171166414
7.26300000000076,91.45160051884709,38.659237460803624,0.17051708338859986,3.3007115305798584,-0.07386536373366835,-0.27552982743297116,3.5808163999180165,9.712893748090863,0.0015223817621943365,0.014014504212872207,-0.30767452909134124,132.83958143871138,22.549096720807093,1.4784535427437742
7.290000000000769,91.43586262791821,38.68665433651994,0.16467178589788503,3.3039179265803957,-0.06897901974652217,-0.2674363592980552,3.583568138605733,9.71661889891453,0.0016238480859463351,0.013539237681963518,-0.30784321442649526,132.93806420323187,22.822080320631105,1.4783799934328887
7.310000000000776,91.42477006783785,38.706600314607584,0.16044488438204707,3.306359432309909,-0.0660249293140327,-0.26188136832276293,3.5859138172617957,9.71897766296336,0.0017083764810185028,0.013167589328271776,-0.30796556642275014,133.00959675073486,23.02492863897014,1.4783308345120878
7.341000000000786,91.40826748536453,38.736922448653885,0.15405225961260305,3.3102497373381032,-0.06260368774569214,-0.2539970931490112,3.5900262890760763,9.721919184145777,0.001844325007948324,0.01257219169230618,-0.3081503170817148,133.11807557425354,23.340394103948785,1.478266042650757
7.354000000000791,91.40151920350651,38.74942769186309,0.1514252092632623,3.311914955553912,-0.061591658875794354,-0.25094622435823605,3.5919041865756323,9.722886910614806,0.0019002841134984007,0.012319481067002555,-0.3082258721308192,133.16269597707907,23.473059454768677,1.4782436075699663
7.376000000000798,91.39022686973354,38.77031286612198,0.14704690653721536,3.3147693333295627,-0.060443853241210335,-0.24611354260128748,3.5952548132301434,9.72416288590692,0.001990233197392985,0.01189306909494068,-0.3083509571731248,133.23703029933702,23.69806346521133,1.4782127005966228
7.403000000000807,91.37643519488269,38.795476532245395,0.14178239890946484,3.31831665219085,-0.059983334462069646,-0.24072272770912448,3.5996006870368937,9.725111609349536,0.0020882452395444362,0.011380038154234039,-0.3084994378290687,133.3262282385321,23.975037822574283,1.4781877200110005
7.420000000000813,91.36770665434804,38.811060596587005,0.13852538988960736,3.3205631349432743,-0.060208523395373685,-0.23761500514333356,3.602429110859539,9.725367640353024,0.002141042920373235,0.011067443108547077,-0.308589955561492,133.38123708049142,24.14989130713712,1.4781796614576395
7.446000000000821,91.35417546266768,38.834514176436564,0.13362486861729775,3.323998271767107,-0.061277148885723026,-0.23325633038226765,3.6068288677367524,9.725270042118966,0.0022065714767921176,0.010611601118498147,-0.30872382323745723,133.46363768480157,24.417991335086892,1.478179087651134
7.482000000000833,91.33487443082062,38.866243275272524,0.12699026911834538,3.3287094181276604,-0.06407112950374269,-0.2279239808799576,3.6129331423176723,9.724226116739958,0.0022653829671809796,0.010037965981452363,-0.30889992933029553,133.5742593167115,24.790527538385696,1.4782017420694886
7.516000000000845,91.31583340466072,38.89543419347107,0.12086455218770117,3.3331037636882024,-0.06843388255753598,-0.22386257909094004,3.6193718595782025,9.722241753074428,0.002274142046606093,0.00957814765503475,-0.30905620209699763,133.67501255463205,25.143735879252535,1.478247272030704
7.547000000000855,91.29825014540423,38.92139613683468,0.11518934865346221,3.3370802813263007,-0.07362748153951215,-0.22066797551573283,3.624310405121925,9.719745998890994,0.002241802126152014,0.009251445019075384,-0.30918849193973247,133.7637053847607,25.466902548132126,1.4783075876856204
7.548000000000855,91.29767023510969,38.922223207148676,0.11501046365612554,3.3372041928895593,-0.07380895340367176,-0.22057267740047318,3.624456467498629,9.719653690674924,0.0022406443273354937,0.00924258005301215,-0.30919262564340655,133.76651591091198,25.47734476368267,1.4783098084962663
7.577000000000865,91.28022449116989,38.945932229729365,0.10988973851413156,3.340616044609417,-0.07918894805348663,-0.2178405180089886,3.6285742652316793,9.71678614035257,0.00220335109747404,0.00902979881926898,-0.3093092083619957,133.84664296603654,25.780635238396425,1.4783809514389763
7.590000000000869,91.27214405233913,38.95638864498683,0.10762063349249083,3.342067234104874,-0.08163328355440212,-0.21660362312091871,3.6303160493033486,9.715408879142068,0.0021844507653882407,0.008961339384602153,-0.30935930029133524,133.88169517088312,25.916881573869883,1.4784167114673685
7.620000000000879,91.25308627834767,38.980117764100065,0.10244606919197854,3.34534601597872,-0.08719480908091051,-0.2136501887876758,3.634081320381272,9.712108788284453,0.002139324240476385,0.008862104957807277,-0.30947057899091607,133.9605296481383,26.231961720904255,1.4785068563400934
7.634000000000884,91.24393599268471,38.991001986096116,0.10006608316927604,3.3468432316646184,-0.08971004510552553,-0.21221458146682937,3.635742377289638,9.710541017683983,0.002118924600360735,0.008841570292338674,-0.30952091541137255,133.99633500281365,26.379310747998463,1.4785519631191217
7.650000000000889,91.23325794135606,39.00329554499373,0.09737605485354985,3.3485244947918567,-0.09249485053381828,-0.21052484270496588,3.6375867528481933,9.708750906648525,0.0020968042054020954,0.008836183783990372,-0.3095774454352171,134.03648647233052,26.547947353139584,1.4786053805581851
7.680000000000899,91.21269984454068,39.02593361589378,0.09241888802186357,3.351600529221487,-0.09739458761770677,-0.20720600279746282,3.640928808311813,9.705461825665301,0.002059727677802505,0.00887217266295959,-0.3096808692297686,134.10955382065922,26.864809599902262,1.4787094639085032
7.6980000000009055,91.20010937766094,39.039262375989146,0.08949858960188622,3.3534092229269383,-0.10009713078374405,-0.20511659763374335,3.6428818265480665,9.703568417585242,0.0020406504065112207,0.008918707947123421,-0.3097414382614798,134.15200250632108,27.05533557992481,1.4787734268312156
7.706000000000908,91.19446558507204,39.04512596285638,0.0882136722137985,3.3542061061016004,-0.10123482986850217,-0.20416405428520037,3.643741451951952,9.702753259099063,0.0020329801621635744,0.008944583333243286,-0.30976802170926115,134.17053273692935,27.140110051405372,1.4788020259462296
7.7160000000009115,91.1873748681736,39.05240373928868,0.08661879853836389,3.355196915840057,-0.10259918935498326,-0.20295274752584017,3.6448110553564406,9.701760584131543,0.002024090463621029,0.00898097975343098,-0.3098009698698038,134.1934044420491,27.24616025665314,1.4788378196885947
7.754000000000924,91.16013933130314,39.07954296245753,0.08067306462642918,3.3589173179495004,-0.1071642009845568,-0.1981453332619402,3.6488587363644247,9.698300760042684,0.001996839744129015,0.009153616510524492,-0.3099234226719284,134.27736042655854,27.649964355819446,1.4789727572218387
7.768000000000929,91.15001892118772,39.0893389414795,0.07852852087760533,3.360273548727863,-0.10858814033184506,-0.1962958265568155,3.6503554804582152,9.697167589610325,0.0019889765255708737,0.009228063432438047,-0.30996746133462444,134.30710859161204,27.79905055201049,1.479021408844244
7.7760000000009315,91.14422132111267,39.094888441906214,0.0773142062896519,3.361045703998045,-0.10933799143498235,-0.19522103464122664,3.651214293588178,9.696557395212764,0.001984873081485351,0.009272588288009517,-0.3099923673529764,134.32382085852004,27.88431715993218,1.4790488169952223
7.8000000000009395,91.12678440265387,39.111329287446566,0.07371986344717357,3.363351341695263,-0.11130788539585355,-0.19192267144405126,3.653810752540853,9.694896964328814,0.001973706381875354,0.009412823521342793,-0.3100659476891125,134.37270441066914,28.14043544715098,1.4791289242155299
7.8180000000009455,91.11368287147002,39.12345838063883,0.07107188729814827,3.365070958094018,-0.11251165837018501,-0.18938121393613797,3.6557804805902694,9.693824406999953,0.0019658148779233622,0.009522543748941155,-0.31011999969887116,134.40813101973944,28.33283054865329,1.4791865337369607
7.8300000000009495,91.10494687855052,39.13144994674824,0.06932926624391214,3.3662130222355295,-0.11318603252306059,-0.18765757865238672,3.6571045820726527,9.693193168450827,0.0019604439250602637,0.009596882968929049,-0.31015548699205087,134.43115894870613,28.461236181664468,1.4792235875127384
7.846000000000955,91.09330637777312,39.141989335502494,0.06703393049895408,3.367730214657441,-0.11392948367180437,-0.1853262321877362,3.6588827861820605,9.692456090696892,0.0019527878196342573,0.009696535094381814,-0.3102021144185275,134.46112760102537,28.63261679001798,1.4792711507028984
7.875000000000965,91.07226015659576,39.16075960154215,0.06295523124178411,3.3704614821072885,-0.11484183362475311,-0.18101686631425257,3.6621353538282966,9.691421184864916,0.0019362464312220342,0.009875589762243408,-0.3102845973015654,134.51329953498256,28.943734225701398,1.4793515292341235
7.906000000000975,91.04988632905533,39.1803612532414,0.058710676816140464,3.373347272069083,-0.11524126677078506,-0.17631663240043222,3.665632747939748,9.690728003558526,0.0019126865920354949,0.01005954899811847,-0.31036987086944906,134.56600214942088,29.27697955718471,1.4794284959222093
7.910000000000976,91.0470122587839,39.18285631256322,0.0581670244930093,3.3737265410174166,-0.11525556088442065,-0.17571088148972597,3.666070940805963,9.69067673095866,0.0019091350181747826,0.010082453394841888,-0.31038065421760086,134.5725710893362,29.320027782691046,1.479437725401308
7.930000000000983,91.03271940832445,39.19521644159081,0.055507333735268505,3.3755108961420115,-0.11538280441869903,-0.17277100804069534,3.6680453588754247,9.690409954890997,0.0018930017713704515,0.010195209838738053,-0.310433706653479,134.6046209611651,29.535431252622125,1.4794814206562765
7.95000000000099,91.0185943068919,39.207387886700644,0.05290871498857585,3.3772322242400477,-0.1152979837991791,-0.16981054816797658,3.6700939392051217,9.690290591344242,0.00187712553370206,0.010303924861373789,-0.31048532624343717,134.63534425396983,29.751098535856997,1.4795209948876535
7.979000000000999,90.99865230941867,39.22470816747669,0.04920273611278012,3.3796834561783,-0.11492861154620942,-0.16552675451867283,3.6732142428524335,9.690348000413154,0.0018495333275208318,0.01045230344562534,-0.3105574541616421,134.67753157093327,30.064265835971895,1.4795710713611274
8.002000000001004,90.98330497216895,39.23817376738119,0.046336077885699566,3.3816512594094976,-0.11451900664387335,-0.16218105190712295,3.675842340450542,9.690524160782031,0.0018169251847408325,0.010563252706173365,-0.31061256409215,134.70899848544175,30.313001858779845,1.4796047528594582
8.010000000001,90.97807886524583,39.24280232594325,0.045351743234109294,3.38234349896838,-0.11432464178444687,-0.16100749199057945,3.6767267975372535,9.690620361440104,0.001803483464765458,0.010600212405224851,-0.31063131176025455,134.7195296825105,30.39959092917323,1.4796152481724303
8.051000000000977,90.95169672320135,39.266084959837194,0.040392334146743654,3.3858740106595575,-0.11297390798016343,-0.15492469672442083,3.6810674722792585,9.691354937398321,0.0017226053251003489,0.010772988035597763,-0.31072557028145564,134.7701427591029,30.84391680728743,1.4796596124260302
8.085000000000958,90.93012231811677,39.28484797347335,0.03641212670381151,3.3886603336319734,-0.11146787643194632,-0.14983100137337912,3.6844296658234716,9.692212274418932,0.001642945044649441,0.010890394912416276,-0.3108019462971619,134.8078408539831,31.213047995325702,1.4796853173441105
8.114000000000942,90.91221589670647,39.30047358105565,0.033113245570312186,3.3909374464057205,-0.10997836879884312,-0.14548398495518725,3.6870781054463277,9.693075381331807,0.0015687957653960755,0.010968331815423586,-0.31086580448108336,134.83692483425165,31.528335263949025,1.4797002435059705
8.11700000000094,90.91039629400848,39.30207054642461,0.03277688382707302,3.3911680020190134,-0.10981608983747607,-0.14503536596316358,3.6873395099329427,9.69317010012866,0.0015609427577991755,0.010975137115297141,-0.31087235587074846,134.83977193499246,31.56097307614405,1.4797014552896643
8.142000000000927,90.89549690700096,39.31523898488718,0.030009186014244595,3.3930511401532315,-0.10842003950189891,-0.14131272030698105,3.6894256528508804,9.693989670200704,0.0014951245955335854,0.011022297170082445,-0.3109266637706097,134.86231800572875,31.833106644609494,1.4797093691269156
8.180000000000906,90.87386555867258,39.33478692276045,0.025921013313613493,3.3957816104029708,-0.1062100046634667,-0.13573968488954263,3.6922904161336163,9.695303258944392,0.0013973363611512052,0.011060544512133086,-0.31100862912176974,134.89254756803257,32.24723790425157,1.479714914207083
8.205000000000892,90.8604133190175,39.347347473108734,0.02330704964203694,3.3974958706080205,-0.10474985579167874,-0.13215542649039558,3.6939882965933157,9.696182400898433,0.001337373012345722,0.011063647599179032,-0.31106249197121,134.90977261385441,32.51998674897271,1.4797151800923074
8.241000000000872,90.84228625997949,39.36502855694208,0.01964378817180529,3.3998638129872605,-0.10271348596267847,-0.12714585936788764,3.6962102594734323,9.69742612978528,0.0012610264271482423,0.011038505785517239,-0.3111404374591915,134.9308573937486,32.913112534705554,1.479712237097953
8.24400000000087,90.84084634284618,39.36648074530716,0.01934372380903702,3.4000563481555557,-0.10254967703609996,-0.1267376275743457,3.696385213893909,9.697527216247977,0.0012553069956606324,0.011034904921500277,-0.3111469679749753,134.93241609366413,32.94589112900336,1.4797118617130105
8.264000000000859,90.83153787604827,39.376079923029415,0.017363141502191887,3.4013233540890333,-0.1014885650760474,-0.12405604753192925,3.69751826631126,9.698186468105007,0.0012200125725404158,0.01100532591570543,-0.3111906882931878,134.9420268357539,33.16448099667403,1.4797090132589261
8.29700000000084,90.81733386679355,39.391611400685655,0.014168199057515153,3.403360787978688,-0.09988022749028223,-0.1197944079429508,3.6992867348660274,9.699203537144093,0.0011732964570584136,0.010936875762205603,-0.3112636629645027,134.95491431626226,33.52538575035291,1.4797035691825313
8.308000000000835,90.81293514280756,39.396705067005776,0.013122619387676096,3.4040286804029076,-0.09939059300879526,-0.11842190377681407,3.6998563026340268,9.69951866086219,0.0011610662424199408,0.01090916944750613,-0.31128826050845465,134.9583875042485,33.645745353735585,1.479701721416481
8.340000000000817,90.80113549732627,39.411290520870715,0.010133407676047,3.405951038264827,-0.09811809991550106,-0.11457314249639008,3.701483862821261,9.700354740744423,0.0011351313122395603,0.010816744281269948,-0.31136072711922663,134.96615046893257,33.99602699450122,1.4796967921869157
8.367000000000802,90.79235592476952,39.423332827420786,0.007669289788859631,3.407559898386813,-0.09723662002121403,-0.11149739773820538,3.7028515872630723,9.700955603406978,0.0011241217027091837,0.01072747551508436,-0.3114230471482059,134.96998840927296,34.291722923660714,1.4796936684752742
8.378000000000796,90.7890903276573,39.428170895594114,0.006679919727983225,3.4082145326401525,-0.09693122090192194,-0.11029004575361036,3.7034143193839464,9.701170518316156,0.0011223255455852677,0.010688802226244127,-0.31144877053389786,134.97083987795372,34.412224230333806,1.4796927907325375
8.411000000000778,90.78037245545144,39.44245293923796,0.0037598851140972665,3.410183927528641,-0.09620881665213854,-0.10682658139207322,3.7051426519888806,9.701705184341241,0.001125368959101432,0.010567145725783563,-0.31152715568614014,134.97091895619005,34.77382148532323,1.4796919012780472
8.44200000000076,90.77364443599258,39.4555580421946,0.0010791765367757734,3.412052126691115,-0.09579919023336117,-0.10378576468732192,3.706845005463589,9.702051288829916,0.001138087901592228,0.010448562531044078,-0.31160249531794226,134.9676088910677,35.11360266278532,1.479693891944794
8.472000000000744,90.76845494516526,39.46795967902697,-0.0014611385594206377,3.413886687016981,-0.09564877227124578,-0.10103089330853221,3.7085849579057295,9.702239416430887,0.001157309215417689,0.01033364859078512,-0.3116770049844387,134.96128176874248,35.442481391466494,1.4796988235667259
8.506000000000725,90.76409170069148,39.481688447512575,-0.004279862518852224,3.4160047845822357,-0.09575878792457843,-0.09811725661267728,3.7106799306736296,9.702280193756916,0.0011845012337876374,0.010207484790745918,-0.31176335691340784,134.95039426719762,35.81524034079697,1.4797082961684327
8.508000000000724,90.76388391613813,39.48248538471243,-0.004443754430994028,3.4161307681842112,-0.09577411327314907,-0.09795235516557292,3.7108073416445815,9.702277027862365,0.0011862148231017817,0.010200288395738765,-0.31176849921757305,134.94963079712736,35.837167414898765,1.4797089861020065
8.519000000000718,90.76283632084194,39.48684763650523,-0.0053414608569948,3.416826525364531,-0.0958752293937251,-0.09705763550265879,3.7115163363979335,9.702248861111658,0.0011957773004494712,0.010161272678137333,-0.31179690590909337,134.9451873012271,35.957765195693206,1.4797130471347617
8.553000000000699,90.76060701385597,39.500109656236496,-0.0080771698449356,3.419002659894072,-0.09635896486621702,-0.09441636545783454,3.7137965246732794,9.702050577299358,0.0012258590876764717,0.010047852122577207,-0.31188599366753833,134.92883724308177,36.330496244834556,1.4797284452603872
8.572000000000688,90.76003260219753,39.50737718779596,-0.00958138887146379,3.4202385357997542,-0.09673228703972242,-0.09301471928046709,3.7151228072372566,9.701871111348769,0.001242205962374412,0.009990112299292222,-0.31193656717248375,134.91797844007743,36.53875795232925,1.4797388952206565
8.594000000000676,90.75993683980221,39.51566567361136,-0.011302225889179271,3.4216892348373156,-0.09724511910256274,-0.09145011780378531,3.7166974677885953,9.701607530034972,0.001260159767956847,0.009929124783055488,-0.31199587829599307,134.90386219462263,36.77986412512499,1.4797525876403197
8.634000000000654,90.76121494980052,39.53039397618952,-0.014370050031869225,3.4243783000577297,-0.09848236045339595,-0.08882345926506599,3.719834814874986,9.700957096831502,0.001284879263449358,0.009837948965366713,-0.31210576253382327,134.8739531158558,37.218093826265836,1.4797815670035315
8.637000000000652,90.76138973787866,39.53148111225376,-0.014596885222029472,3.4245836090259676,-0.09858401633688918,-0.08863284279541789,3.720072276665797,9.700901377390739,0.0012861455087261149,0.009832271055448445,-0.3121140880144558,134.87148918078222,37.25095191859196,1.4797839367543302
8.648000000000646,90.76212287288708,39.535446637892534,-0.015426408292704826,3.425341648799551,-0.09896363156343993,-0.08793828097744218,3.7209404520195637,9.700690986656728,0.0012902323337801655,0.009812853973341936,-0.31214472983933833,134.86219118397864,37.371419114421045,1.479792841259417
8.675000000000631,90.76445115138546,39.54504357296726,-0.017445739579148245,3.4272186267186027,-0.09992726804580387,-0.0862557156239316,3.7230550273363594,9.700139444908132,0.0012971267853520347,0.009774514412633968,-0.31222087234779367,134.83761274249647,37.667020259611526,1.4798160261117734
8.706000000000614,90.76795020514868,39.55582587245654,-0.01972757918546972,3.4293657177169656,-0.10105382949630407,-0.08434888505159092,3.7254541235855765,9.699460889013332,0.0013005096372799502,0.009746315030880743,-0.3123100490220123,134.80631546178935,38.006231155133136,1.4798446354412815
8.734000000000599,90.77191021277942,39.56535136712552,-0.021752818142737333,3.431292893465283,-0.10205899925664293,-0.08263722522349426,3.7275862141156253,9.698825672720279,0.0013002865736235407,0.009734357416040128,-0.3123921617316127,134.77521931734023,38.312420197645125,1.479871890344224
8.761000000000584,90.77649321273309,39.574348376661405,-0.023673892653505016,3.4331438787226145,-0.10299444682575616,-0.0809877611407522,3.729606630845973,9.698210025074617,0.0012981064580909521,0.009733813111813882,-0.3124727908456443,134.74269225790417,38.60747449664467,1.479899054821455
8.771000000000578,90.77838637495422,39.577634344185164,-0.024377597084587237,3.4338275682185007,-0.10333130856504347,-0.08037776325878657,3.7303423125759743,9.697983713594146,0.0012970194932468405,0.009736116125660428,-0.3125030329795752,134.73001206192927,38.7166996312199,1.4799092618619332
8.791000000000567,90.78249700014642,39.58413220133339,-0.02577127179374553,3.4351913447095903,-0.10397750797906496,-0.07915276729723042,3.7318086478776236,9.697538364536362,0.0012946699520177594,0.009744447234781599,-0.3125641617737351,134.70362515130253,38.93505548138603,1.4799298086545611
8.820000000000551,90.78923962751172,39.5933809456133,-0.027762625536675998,3.4371670240264685,-0.10483726306710865,-0.07736092992483895,3.733924150190783,9.696922800156424,0.0012908558032429683,0.009764207908862607,-0.3126543906280083,134.6629335786915,39.25143197982974,1.4799596681698555
8.837000000000542,90.79363018486976,39.59870869536577,-0.028913349109522795,3.438324750494609,-0.10530123943657625,-0.07630594887595785,3.7351495624716993,9.69658063714992,0.0012887051722831591,0.009779433979904186,-0.3127081964892991,134.63774275082943,39.436752499095384,1.4799770632469442
8.871000000000523,90.8033943429707,39.60915977555602,-0.031176131684512078,3.4406384033291895,-0.1061225942082405,-0.07418085325241253,3.737595256903975,9.695950147115425,0.0012850669915827103,0.00981639459637117,-0.3128179194706205,134.58439749802835,39.80705335104032,1.4800112495949793
8.902000000000506,90.81347810750123,39.618455700129914,-0.033195973313919075,3.4427517814393727,-0.10673980419859391,-0.07222450113579157,3.7398281677853875,9.69544798167947,0.001282581272318267,0.009855758209642592,-0.3129204535677237,134.53231726505086,40.144253968717244,1.4800413335182776
8.923000000000494,90.82096312138457,39.62462921138034,-0.03454092898510852,3.4441888085866084,-0.10708391663305072,-0.07088944967096072,3.7413477915832103,9.695151171262024,0.0012813281178389747,0.009884450906178798,-0.3129912986173828,134.49517306862464,40.372431183074234,1.4800609352469782
8.958000000000474,90.83462726113068,39.634700948538985,-0.03674066264024304,3.446596503153565,-0.10752460579034627,-0.06864935560545676,3.74390222495034,9.69473799805582,0.0012797612996809573,0.009934121738324938,-0.31311192276423566,134.42992296475902,40.75224725936491,1.4800919339409473
8.96700000000047,90.83838388868351,39.63724758886822,-0.03729788591424123,3.4472186237051297,-0.10761160642610235,-0.06807082993644105,3.744564407777671,9.69464839476101,0.001279405072328567,0.009947014854403545,-0.3131434624863107,134.41246935185848,40.849812533752,1.4800995345637635
8.986000000000459,90.84664288711663,39.64256665347939,-0.03846298632782099,3.4485364253189923,-0.10776112566528348,-0.0668469894510777,3.745970304958956,9.694481397674796,0.0012786266405767591,0.009974088991085895,-0.3132107558295375,134.37471659940215,41.0556406612873,1.4801150497712048
9.030000000000435,90.86748175448496,39.654591949607294,-0.04110280038423828,3.451612045585665,-0.1079401615630167,-0.06400586535147865,3.749269160840489,9.694206194443986,0.0012761055017075098,0.010034402597656453,-0.31337032058683256,134.28257110244925,41.531512272782045,1.4801480944293885
9.036000000000431,90.87050948034127,39.65620065839566,-0.04145651297286103,3.4520340867328567,-0.10794781548426363,-0.0636183752236757,3.7497235349110154,9.694180139749804,0.0012756249200262095,0.010042216007126724,-0.3133924850433231,134.26949562175963,41.59631519020934,1.480152281205298
9.052000000000422,90.87880278012662,39.66045467248453,-0.042392446455733715,3.453162528076748,-0.10795030974605462,-0.06258585436921826,3.7509401143026433,9.694123248685631,0.0012741241682427918,0.010062418024628334,-0.31345206878664084,134.23402956481516,41.769014530480774,1.4801630697930301
9.088000000000402,90.89865818124927,39.66983838883007,-0.04445797066720863,3.455710677721736,-0.10791474447364849,-0.06030166564401001,3.753772291304239,9.694043829936069,0.0012680208066859317,0.01010443696268031,-0.31358853581501933,134.15105262080732,42.15699077030915,1.4801853693372728
9.105000000000393,90.9086349564593,39.674180947564956,-0.045414078270683826,3.456929246567587,-0.10786756566248444,-0.05923172660007045,3.7551137078100454,9.694029642141896,0.001263277049103721,0.010122639969175042,-0.3136540611792896,134.1103408332244,42.33990252980192,1.4801949737259485
9.13000000000038,90.92396702542449,39.680465795215234,-0.04680238550592116,3.4587360345886404,-0.10776028499846488,-0.05766251405550033,3.75707196345153,9.694036112464588,0.0012549296308475696,0.010147129789507218,-0.31375182836552157,134.04869169888158,42.60852618744094,1.480208067621637
9.159000000000363,90.94266768200886,39.68760776436194,-0.04838328589737484,3.4608336680767158,-0.10758662435210349,-0.055853297971824444,3.759328101055623,9.694077586055018,0.0012437795729013166,0.01017169514791031,-0.3138674777013718,133.9745287115684,42.91956539987139,1.4802218114410284
9.169000000000358,90.94934394153374,39.690034157504904,-0.048920736136803075,3.461556012222514,-0.10751637872852741,-0.05523325347023347,3.7601018938086885,9.694098977559667,0.0012396429187452027,0.010179116306979452,-0.31390791249950306,133.94829602589783,43.026675069392304,1.4802262148797787
9.18300000000035,90.95889073695058,39.693400231549724,-0.04966663000112754,3.4625667671931613,-0.10741065875896767,-0.05436918972181349,3.7611807705936258,9.694134126209594,0.001233663340585773,0.010188547610145694,-0.31396499511772263,133.9110028388165,43.17650012395887,1.4802321096426345
9.210000000000335,90.97797085618407,39.69979160141398,-0.05108402971329115,3.4645152857993176,-0.10718750483650591,-0.05271823282556223,3.7632450362177097,9.694216180555216,0.0012217747519321536,0.010203459353751203,-0.31407664652441286,133.83721256508298,43.465014496263805,1.480242654957236
9.23600000000032,90.99718551333372,39.7058235616628,-0.05242315960956462,3.466391018786147,-0.10695672717727045,-0.05115147937054961,3.765211653657254,9.694308246577824,0.0012103489882590952,0.010213623466762528,-0.3141861310010802,133.76383335739212,43.74228558693862,1.480251900593815
9.249000000000313,91.00710361043211,39.70879519075312,-0.053083384668428,3.467328597670911,-0.10683834982039946,-0.05037796183115009,3.766187599743349,9.694357391320533,0.0012048086663306351,0.010217148862797194,-0.31424160715434585,133.72629060428866,43.88070969825494,1.4802562327183821
9.284000000000294,91.03483816954368,39.71665164663172,-0.05483056605665976,3.4698521900366246,-0.10651986983917884,-0.04833286474630902,3.7687943342097627,9.694493982663493,0.001191001361952355,0.010221562266231051,-0.31439342402756937,133.62239139018698,44.25266605134898,1.4802671009614774
9.301000000000284,91.04885449363528,39.72039312769974,-0.0556635334985432,3.4710782069416397,-0.10636971016383993,-0.0473612619751735,3.7700515762361837,9.694559925066951,0.0011850927854652601,0.01022112120018001,-0.3144684647246226,133.5704429811078,44.43293886431046,1.4802720398898974
9.311000000000279,91.05726653894524,39.722571613809606,-0.05614883847946797,3.4717997325300076,-0.10628397305342291,-0.04679689628076271,3.770789112161678,9.694597860341112,0.0011819152155385874,0.010220108936542181,-0.31451300547970124,133.53943275922123,44.53885892589451,1.4802748640894863
9.341000000000262,91.08324418903769,39.72900906965306,-0.057584391297311396,3.473966843846494,-0.10604278381824449,-0.045137538777395445,3.772996184353484,9.694705073156841,0.001173880905296628,0.010213926859326816,-0.314648406197246,133.44439444024664,44.856060694131465,1.4802830676992724
9.360000000000252,91.10026924706209,39.73301126185389,-0.05847811810646581,3.4753421416977526,-0.10590575111279314,-0.04411409536793122,3.7743927005502442,9.694765771396856,0.0011700552100778411,0.010207761580574215,-0.3147355391407588,133.3826481498893,45.056511667812984,1.4802881258226301
9.373000000000244,91.11217252810279,39.73571669159912,-0.05908287727631932,3.4762848357123386,-0.10582040557273195,-0.043426632245512964,3.7753490447067795,9.694803181027105,0.0011680313812513711,0.010202638532245685,-0.3147957705072577,133.33970679097106,45.19345937222754,1.4802915574240656
9.395000000000232,91.13278574273048,39.74023503999398,-0.060094128167113625,3.4778841546892183,-0.10569348169009556,-0.042287516329927055,3.7769712074249555,9.694857562809258,0.0011657233655461721,0.010192474331149866,-0.31489883156756,133.26575422205218,45.424833625791784,1.4802973598082378
9.420000000000218,91.15691911051184,39.74527926523769,-0.0612251479109613,3.4797089323456625,-0.10557874311061155,-0.04103085633995839,3.7788239579051615,9.69490378376119,0.0011647904977028951,0.010178970981508129,-0.3150176603808734,133.17976316571875,45.6871607799869,1.4803040239022132
9.441000000000207,91.1777648294567,39.74944348738936,-0.06216072064248194,3.4812487730660515,-0.10550870789086078,-0.04000672102365091,3.7803913136770046,9.694928233565522,0.0011653376587538885,0.010166342490915099,-0.3151188697833316,133.10592719790873,45.90701168670839,1.4803097466588138
9.476000000000187,91.21364776270168,39.75623889161674,-0.06369164697109644,3.4838317222222397,-0.10544897228958504,-0.03836366712833994,3.78303278700516,9.694936850791938,0.0011686863559923198,0.01014348569515665,-0.3152903248369082,132.97962127981071,46.272378132481066,1.4803196804646843
9.505000000000171,91.24443266099227,39.76173498329928,-0.06493427386758903,3.485989603962049,-0.10545535705937625,-0.03706182052871908,3.7852542993047744,9.694911500187894,0.0011734167013901498,0.010123632123954743,-0.3154349512737422,132.87190172589445,46.57408534194461,1.4803284053123356
9.50600000000017,91.24551081272978,39.76192236632861,-0.06497671660876289,3.4860643156576865,-0.10545648920925789,-0.03701787268184372,3.7853314877337385,9.694910083646532,0.0011736063799545294,0.010122942448967486,-0.31543997899026466,132.86813779597074,46.584472112596345,1.4803287153987592
9.52400000000016,91.2651027992892,39.765271181199054,-0.06573614248662515,3.4874126326944888,-0.10548722030249677,-0.036237346653992086,3.7867278820693073,9.694878326538204,0.0011772757368580205,0.010110549882365094,-0.31553093248031855,132.7998240184266,46.77123801279278,1.480334410754079
9.556000000000143,91.30078078194899,39.77111336916513,-0.06706542494099328,3.48982634177295,-0.10558952876788619,-0.034897662249415526,3.7892440120530644,9.694792538715308,0.0011847429665485319,0.010088996193908333,-0.31569470894813884,132.67574743542372,47.10233450611603,1.4803451016616236
9.575000000000133,91.32246099472229,39.774515924085215,-0.06784256441984335,3.4912710054789593,-0.10570010694843285,-0.03414479228614985,3.7907937120405397,9.694718275612182,0.0011891476505898019,0.010076958747555397,-0.3157931742015563,132.60048777886553,47.29834651493125,1.4803518127957038
9.576000000000132,91.32361205265872,39.77469365657403,-0.06788312500542644,3.4913472768831886,-0.10570656644423879,-0.0341057652112987,3.790875679976307,9.694713890619251,0.0011893616429772581,0.01007635175543071,-0.3157983801430118,132.59649399942987,47.30865084696947,1.4803521737089123
9.585000000000127,91.33401762747718,39.77628722976,-0.06824693550869904,3.4920350074309616,-0.10576696304113116,-0.03375683221662161,3.7916142714215804,9.69467282578198,0.001191218805304141,0.010071013219189073,-0.3158453334750456,132.56040277397324,47.40133495672611,1.480355456735553
9.61700000000011,91.37166625721721,39.7818663746931,-0.06952651395605695,3.4945023455747646,-0.10601556785994026,-0.03254703749638671,3.794252728737629,9.694504029532068,0.001197018406512648,0.010054026785267909,-0.3160137463866131,132.42993544801075,47.73006841605106,1.4803676362215759
9.641000000000096,91.40050831517672,39.785962925651766,-0.07047221753360482,3.496367396282355,-0.10623132732058703,-0.03166711184370105,3.7962440793267103,9.694355697848538,0.001200736609607008,0.010043566457681485,-0.31614159551085663,132.32989460882828,47.975772826937195,1.4803772804977806
9.67000000000008,91.43599604158439,39.79081438525827,-0.07159754268998714,3.498628059155295,-0.10651731578028271,-0.030630935533299194,3.798663578192162,9.694154541240586,0.0012045492264111614,0.010033719931284688,-0.3162977796085193,132.2065145379816,48.271674825805086,1.4803894877096766
9.690000000000069,91.46086150656272,39.79409844983961,-0.07236254987823358,3.5001909348843716,-0.10672715422667055,-0.02993163771153879,3.8003388615901392,9.694003760216628,0.0012067462176682635,0.01002874484309639,-0.31640651561097777,132.1198366933593,48.47510045859822,1.480398235094117
9.712000000000057,91.48856818979054,39.79765363933212,-0.07319379666389263,3.501913466981223,-0.1069668271920436,-0.029175220543816716,3.802186496127279,9.693828463212023,0.0012087866815112145,0.01002498172878456,-0.3165270402695761,132.0229976254411,48.69824893161524,1.4804081386156105
9.74300000000004,91.52821357510153,39.802563088869476,-0.07434710220882026,3.504345824439001,-0.10731482573131725,-0.028129492079341453,3.804796919760746,9.693568322149392,0.0012110781878434257,0.010022658248218528,-0.3166984190080677,131.88389443651482,49.01156184288875,1.4804225322561133
9.776000000000021,91.57114701660893,39.80766312048753,-0.07555192310554555,3.5069399996516073,-0.10769056803651904,-0.027038650397197758,3.8075836714371833,9.693280036453022,0.0012128869726678324,0.010023844391673087,-0.3168827295965458,131.7324242835363,49.34361152642012,1.4804383135677541
9.800000000000008,91.60281043775058,39.81129219585003,-0.07641345597327874,3.5088286180987183,-0.1079623757858485,-0.026257747105177733,3.8096154432499185,9.693066573766178,0.0012138433129969882,0.010026918464423683,-0.31701790344537134,131.62007452981734,49.584123941339016,1.4804500134149066
9.834999999999988,91.64960019521956,39.816466386158005,-0.07764790760740867,3.5115846235639068,-0.10834965805360429,-0.025134932729365796,3.8125857345728376,9.69275481512019,0.0012147263443747134,0.010034422533433274,-0.3172165897487669,131.4529385454018,49.93336053974641,1.4804672890642825
9.839999999999986,91.65634038155105,39.817194280784534,-0.07782214552757706,3.5119784285170335,-0.10840368979837067,-0.024975923014555902,3.8130107541972733,9.692710560741139,0.0012148032327849488,0.01003576297297347,-0.3172451142101975,131.4287439535525,49.98310288594437,1.4804697694045201
9.869999999999969,91.6970517734543,39.82150344011215,-0.07885653085483356,3.5143410047739567,-0.10871903693367564,-0.02402843933380725,3.8155645661877715,9.69244820046886,0.001214990819302379,0.010045064220925609,-0.31741693726826054,131.28191189682718,50.28076374499803,1.480484669976179
9.899999999999952,91.73819077791568,39.82571437108175,-0.07987207605694459,3.5167021317528158,-0.10901651495247962,-0.02309128070411253,3.8181244229560702,9.692193607375046,0.0012146566741651926,0.010056269042181295,-0.3175898111810417,131.13223471497668,50.57704402060134,1.4804995315775629
9.910999999999946,91.7533729423909,39.82723419043984,-0.08023975123049756,3.5175672902153714,-0.10912049103709609,-0.02275003052718617,3.819064355434793,9.69210276644685,0.0012143865056516885,0.010060783041964519,-0.31765343118041656,131.0766425310081,50.68532853226318,1.4805049526625946
9.923999999999939,91.77137777968196,39.82901382766995,-0.08067104213975368,3.51858918534843,-0.10923958931134889,-0.022348298505077323,3.8201759771532875,9.69199739256019,0.0012139553069175821,0.010066360186400499,-0.3177287634506925,131.0104523582634,50.8130549285123,1.4805113308905664
9.944999999999927,91.80059341052986,39.83185125530763,-0.08136035161644693,3.5202382144891753,-0.10942295729865352,-0.02170282914145865,3.8219732672344273,9.691832098939633,0.0012129806776602645,0.010075851319139954,-0.3178507537500111,130.90241009053696,51.018813073060215,1.4805215530434581
9.95999999999992,91.82155116465485,39.83385006839392,-0.08184713461149469,3.521414423730829,-0.1095468851113558,-0.021244361664569014,3.823258007603733,9.691718024023519,0.001212053774726728,0.010082935555044106,-0.3179380885023543,130.82439222068632,51.1653480924433,1.4805287810681822
9.984999999999905,91.85662598672803,39.83713050154541,-0.08264819438542162,3.5233709628035066,-0.10974005951973266,-0.02048493879366865,3.82540016525087,9.691535781580695,0.0012100333588186442,0.010095172300478359,-0.31808394781384924,130.6928026223733,51.40875668393372,1.4805406664897778
10.019999999999886,91.90598285176901,39.841618179911514,-0.08374807647765402,3.526100243361133,-0.10998227281237337,-0.019431842961227828,3.8283982569776045,9.69129787735271,0.001206097875590775,0.010112870548250509,-0.31828861134054726,130.50531385398958,51.747786557475024,1.4805569125085296
10.04899999999987,91.94703909418334,39.84524589395723,-0.08464046616811088,3.5283502547483536,-0.11015855753696419,-0.018568561045067527,3.8308785184358163,9.691116274313089,0.0012017587370822484,0.010127704230124117,-0.3184584112836321,130.34709499277773,52.02712840365266,1.4805699798555645
10.060999999999863,91.96405654530024,39.84672345467306,-0.08500472701536574,3.52927765746046,-0.11022529060318868,-0.018213943087467106,3.8319029973077674,9.691045199402046,0.0011996573792075259,0.010133817830190213,-0.31852868809990476,130.28086708108754,52.14229579453579,1.480575274909632
10.091999999999846,92.00806261714006,39.85047783287763,-0.08593225070735597,3.5316622003990843,-0.11038182601878781,-0.017305355520247003,3.834542104768355,9.69087227672808,0.0011933695730150886,0.010149384700948953,-0.3187101629961398,130.10773245402476,52.43865061644058,1.4805886369396812
10.109999999999836,92.03362325474572,39.85261699576106,-0.08646191978707243,3.5330383928555693,-0.11046290179460742,-0.016783073393821235,3.8360682134913118,9.690778642259477,0.001189143761769589,0.010158193151470988,-0.3188154237136543,130.00585352073276,52.60995013788204,1.4805961816479434
10.12199999999983,92.05065657044592,39.854026718117574,-0.08681139057697637,3.5339519210880357,-0.11051326268776096,-0.016437202282463197,3.8370826125636026,9.69071882246775,0.0011860907523511869,0.010163941852200651,-0.31888552524643143,129.93738542855985,52.72382868913202,1.4806011233909087
10.154999999999811,92.0973820019347,39.857836996106954,-0.08775712727173743,3.53644318513932,-0.11063809541866007,-0.015496508998649024,3.839859723066231,9.690564155436086,0.0011766738661448135,0.010179132624815016,-0.31907786001213007,129.74684246277042,53.03565393516447,1.480614351579813
10.185999999999794,92.14097560472426,39.86132939086731,-0.08862477482321104,3.5387480569613285,-0.11073967394023787,-0.014628034747849482,3.842450300481813,9.69043053993358,0.0011662592196990695,0.0101924302906414,-0.3192576041311832,129.56484713569188,53.32676350275631,1.4806263045816404
10.186999999999793,92.14237555295728,39.861440671327635,-0.08865243049080057,3.538821787335025,-0.11074273196250552,-0.014600275945227545,3.8425334931956305,9.690426399665707,0.0011658950270165185,0.010192841864107818,-0.3192633818548646,129.5589281103429,53.33612446876256,1.4806266827289647
10.20999999999978,92.17445097106075,39.863976719364516,-0.08928285655928109,3.5405067373052757,-0.1108098033595781,-0.013966375047599679,3.844438626782377,9.690333831176021,0.001157014159514364,0.010201989116819776,-0.31939584066988685,129.42196168207306,53.55090978578942,1.4806352558871063
10.22999999999977,92.20213609925723,39.866145953799425,-0.08982237788793432,3.541954739590741,-0.11086367872405455,-0.013422402050974778,3.846080031006635,9.69025712750016,0.0011485165090367503,0.010209428812752518,-0.319510271736068,129.3015725931047,53.73686787811918,1.48064252315062
10.255999999999755,92.237828902459,39.86891678639723,-0.09051200285965152,3.54381345868881,-0.1109288891277807,-0.012725652365275533,3.8481873697778193,9.690161913180537,0.0011364843024599925,0.010218359209399628,-0.3196578441630691,129.14328342945848,53.97747051728384,1.4806517239618704
10.28399999999974,92.27588270613836,39.87183981417098,-0.09124013960561264,3.545785165452815,-0.11099484336799684,-0.011989079354747597,3.8504177449204695,9.690063962732063,0.001122524283329301,0.010227027279613802,-0.3198151466226565,128.9705741974225,54.23511732877956,1.4806613423295714
10.31999999999972,92.32416728165043,39.87550733027543,-0.0921542677139828,3.5482704110936885,-0.11107640698068996,-0.01106455321365751,3.853222145191301,9.689942911556566,0.0011035438931464023,0.01023674667280359,-0.32001477452710836,128.7451199996526,54.564112277904016,1.4806733092951794
10.332999999999712,92.34141321784902,39.876807159753824,-0.09247831294132122,3.5491532073648067,-0.11110565039817442,-0.010737221382087755,3.854217037505963,9.689900117048694,0.0010965017042035932,0.01023987614187292,-0.32008610100804186,128.66277090660842,54.68228153606581,1.4806775305871704
10.352999999999701,92.36774382523916,39.87878192708749,-0.09297068558216495,3.5504962390354278,-0.1111509639956027,-0.010240577626333812,3.855728617079809,9.689834906034209,0.0010855619410490977,0.010244316462259661,-0.32019501190345184,128.53511567564397,54.8634154453384,1.4806839307073574
10.379999999999686,92.40288881162373,39.88140061257025,-0.0936237093145151,3.5522800943016737,-0.11121356473094889,-0.00958374336075181,3.8577325599061507,9.689747570957625,0.001070748106672848,0.010249634958547072,-0.32034041661195406,128.3609346672598,55.1066551178888,1.4806924053242734
10.401999999999674,92.43116011229955,39.883494948587014,-0.0941459367706194,3.5537077816192935,-0.11126648040233343,-0.009060413608536877,3.859335235691821,9.689676527488276,0.0010587661441816075,0.010253443885868662,-0.3204574670590621,128.21744846137767,55.30374138473224,1.4806991844918589
10.472999999999635,92.52000061940402,39.89002010973814,-0.09577249565659267,3.5581563516542865,-0.11145384798845082,-0.007444860077240866,3.8643299918906955,9.689444512523115,0.0010214950179682164,0.010263134908890562,-0.32082586687719855,127.74490084751854,55.93287007006212,1.4807204297863985
10.51899999999961,92.57542907269871,39.894063913709736,-0.09677978811061631,3.5609084523785963,-0.1115913258922635,-0.00645731275340534,3.8674307772789813,9.689289668521127,0.0009989640430594583,0.010267917159640707,-0.32105637883240534,127.43109738487637,56.33471113191041,1.480733788210958
10.537999999999599,92.59779748464022,39.89569349020223,-0.09718550166497532,3.5620155048681683,-0.11165192076439494,-0.006062509515355004,3.868682321369057,9.689224410153622,0.000990027041263082,0.010269687821700445,-0.3211495808940351,127.29974677226532,56.49933950155159,1.4807392320354258
10.567999999999582,92.63245529713247,39.8982192502847,-0.09781403407215326,3.5637280669943805,-0.11175192840881143,-0.005454161783064024,3.870624888285138,9.68911975851433,0.0009763075569138655,0.010272346659877548,-0.3212942470774985,127.09030016947607,56.75765062005591,1.4807477510612765
10.58999999999957,92.65733093553663,39.900035368446005,-0.0982656463670363,3.564955671741733,-0.11182841167276192,-0.0050193752210960525,3.8720242225062327,9.689041777649468,0.0009664839358968036,0.010274245343870411,-0.32139832665912205,126.93511913334908,56.94579868785166,1.4807539434431656
10.604999999999562,92.67402263291648,39.90125641553891,-0.09856912213329226,3.5657790237639184,-0.11188193295751385,-0.004728210442887711,3.8729660323344994,9.688988059690193,0.0009598634658555472,0.010275537780942588,-0.32146828287456064,126.82854829646769,57.07345461007129,1.4807581403511556
10.619999999999553,92.69049341406395,39.90246368946052,-0.09886906632017246,3.566591445273581,-0.1119364546435909,-0.004441168740813236,3.8738976793969706,9.68893394706881,0.0009532856702014598,0.010276841114126169,-0.3215374045786634,126.72135942648569,57.20059862429177,1.4807623173966409
10.651999999999536,92.7248955969669,39.90499389098934,-0.0994974419593942,3.5682891161356136,-0.11205560481348951,-0.0038419460319153217,3.8758498315406085,9.688817432027776,0.0009393443059251413,0.010279701584420316,-0.32168202387365913,126.49063515213373,57.47011381019991,1.4807711627671623
10.668999999999526,92.74276998442427,39.9063133607189,-0.0998250610427874,3.5691720409979864,-0.11212016686644515,-0.003530526238661397,3.8768664890468556,9.688755090101049,0.0009319812993670731,0.010281286830498648,-0.32175726675856187,126.36693118470751,57.612329912652,1.48077582518574
10.677999999999521,92.75212022400191,39.90700506449999,-0.0999967882305711,3.5696341908345635,-0.1121546252077671,-0.003367527046091905,3.8773989045294126,9.688721995411669,0.0009280967318688566,0.010282149071800879,-0.3217966556101951,126.30112456059612,57.68734795122674,1.4807782829765395
10.709999999999503,92.78471823003517,39.90942666225257,-0.10059771140710735,3.571246671442064,-0.11227829884160721,-0.0027981922807983877,3.8792601539627074,9.688603977310912,0.0009143485413570225,0.01028536295007319,-0.3219342064535298,126.06538125234802,57.95253737335727,1.4807869602427883
10.721999999999497,92.79667227314572,39.91031975493311,-0.10081913212229171,3.5718383746688964,-0.11232498727780105,-0.002588719213193697,3.8799457915678266,9.68855964194702,0.0009092003908753659,0.010286632892309348,-0.3219847764789112,125.97627093179595,58.051358843126195,1.480790188293837
10.739999999999487,92.81430765494319,39.91164429097771,-0.10114717909086235,3.572711595032709,-0.11239515398839565,-0.002278538116665991,3.8809623409097895,9.688493136229852,0.0009014433877126432,0.010288607691771645,-0.32205957738110363,125.84188691762509,58.19894722837845,1.4807950021729728
10.762999999999474,92.83629352943768,39.91331074651605,-0.10155914282511116,3.573800766733136,-0.11248474946803295,-0.0018890461502656386,3.8822410529618723,9.688408307098243,0.0008913697329866418,0.010291254287586349,-0.32215325757072594,125.6689254266394,58.38640057749705,1.480801101003826
10.799999999999454,92.870285309822,39.91593160199471,-0.10220498289238336,3.575487681310327,-0.1126276100575624,-0.0012776364470624916,3.884248290415852,9.688272909568237,0.0008744104299288122,0.010295791622419772,-0.32229922718997545,125.38776528279288,58.685265617237306,1.4808107773556827
10.803999999999451,92.87385431213781,39.91621058295195,-0.10227357236511037,3.5756651696012893,-0.11264289284402029,-0.0012125933168521934,3.8844612984345708,9.688258396739744,0.0008725025118587795,0.010296301486271744,-0.32231464141592364,125.35715537113587,58.71737504704111,1.4808118127044163
10.831999999999436,92.89823241938677,39.91814008975962,-0.10274702188217658,3.576880111435939,-0.11274863723547851,-0.0007627460848719601,3.885928637352695,9.688157718448464,0.0008586623859836997,0.010299964252773068,-0.3224204484589067,125.14172349679626,58.941037597748334,1.4808189964771348
10.86199999999942,92.92312117268817,39.920162798209944,-0.10324126384210391,3.5781257879437836,-0.11285898721117014,-0.00029097793540719223,3.887451945259267,9.688051958903415,0.0008427755263111996,0.010304042452245525,-0.3225295886337657,124.90866001563289,59.178517388246235,1.4808265605300344
10.868999999999415,92.92873755954908,39.9206282370311,-0.10335464523939608,3.5784077310209956,-0.11288421218774333,-0.0001823583213021781,3.887799601640477,9.68802765307573,0.0008388941915772767,0.010305011798774787,-0.32255439996920676,124.85394675913679,59.23360557281049,1.4808283042179557
10.87799999999941,92.93584999703245,39.92122307458518,-0.10349934719537571,3.578765283357199,-0.11291632009218686,-4.3489799583958794e-05,3.8882420112053535,9.687996634834791,0.0008338019653634616,0.010306265708451634,-0.3225859261731976,124.78341754739773,59.30425227150276,1.4808305336830219
10.91599999999939,92.96450039951353,39.92369080270981,-0.10409704731698324,3.580212359999024,-0.11304743847985221,0.0005334003131367143,3.890049382946266,9.687868895626334,0.0008110117652197205,0.010311618540874774,-0.3227142635915665,124.48336317518205,59.60027998593619,1.4808397840029028
10.93199999999938,92.97587447641705,39.92470901055817,-0.10434229723030329,3.580790310439185,-0.11310028036838946,0.0007718470686271708,3.890779265585639,9.687816852352388,0.0008007921556444005,0.01031387959059367,-0.32276592005206856,124.35593631784145,59.723822959550965,1.4808435949198404
10.972999999999358,93.00307483487218,39.92726324555075,-0.10495340727390348,3.5821822252521685,-0.11322848760938448,0.0013711581467863287,3.892558586935127,9.68768894431718,0.0007729674996628169,0.010319603887666302,-0.32289156724481666,124.02649149758831,60.0373943316179,1.480853112236358
10.997999999999344,93.01824912307056,39.92878278328136,-0.10531387493410627,3.582966367115533,-0.11330114098501168,0.0017285037434655818,3.893574988224195,9.68761527046543,0.0007549290464257157,0.010322990902121607,-0.32296327634092714,123.82357190892219,60.22645406050247,1.480858727430641
11.024999999999329,93.03339882478485,39.93039242130366,-0.10569287636118091,3.5837564562180177,-0.11337456544389324,0.0021076159964402152,3.894611121972377,9.687539782866539,0.0007346584088749089,0.01032651073389858,-0.32303641276405465,123.60270207108215,60.428797556676315,1.480864619607339
11.05799999999931,93.0501251682876,39.932316401033766,-0.10614162752948389,3.5846399254811994,-0.11345682808326396,0.0025613670860376424,3.8957875069166716,9.687453761927502,0.0007089500593680154,0.010330558261269007,-0.3231195614134196,123.33035255819702,60.67348695013298,1.4808715629989295
11.060999999999309,93.0515467745089,39.93248898369134,-0.10618163917089359,3.584715708835169,-0.11346388527102261,0.002602094380759463,3.895889420447115,9.687446301732667,0.0007065700251529757,0.010330910107401817,-0.32312677389782135,123.30546369670478,60.695587645500304,1.4808721795380129
11.086999999999295,93.06316766719439,39.933968741678505,-0.10652296962907874,3.5853405818792963,-0.11352203533376246,0.0029514093652698928,3.8967369289665434,9.687384275906574,0.0006857040034775525,0.010333833149471705,-0.3231868263588891,123.08886056453557,60.88611682168157,1.4808774164789247
11.122999999999275,93.0771591260023,39.93597121936599,-0.10697957200898975,3.586110285862032,-0.11359347337502257,0.0034242036361472727,3.8978036471429442,9.687306478441707,0.0006562871920586872,0.01033746907951864,-0.32326260299576987,122.78630611595594,61.14691679738799,1.4808843412590706
11.14999999999926,93.08603107585323,39.937438543163466,-0.10730995185028105,3.5866142682270534,-0.11364000149730877,0.0037704884841036606,3.8985216517012953,9.687254572700857,0.0006340018514802047,0.010339848596767218,-0.3233137173615401,122.55739837413368,61.34020319794499,1.48088927509293
11.18399999999924,93.09520364027803,39.93924526047714,-0.10771147491383612,3.5871594929938118,-0.11368990928642786,0.00419640924482511,3.8993256018465408,9.687197344714773,0.0006058873165087191,0.01034238554298612,-0.32337100282680753,122.26674488179847,61.58075384605327,1.480895158490042
11.186999999999239,93.09590524062881,39.93940251846524,-0.10774613367860489,3.5872028139638408,-0.11369384785376496,0.004233447352207518,3.899391199102408,9.687192737106617,0.0006034106995414012,0.01034258378407727,-0.3233756752030992,122.24097162288086,61.601825617896324,1.4808956595768485
11.21999999999922,93.10246445767746,39.94110968421464,-0.10811923859809974,3.58762831894986,-0.11373221087745361,0.004635072308243707,3.90005599274091,9.687146833570637,0.0005762779981834293,0.010344481022325144,-0.32342294791026943,121.95611501640609,61.83196398039755,1.4809009745414277
11.245999999999206,93.10613287138396,39.94242592497424,-0.10840280825143796,3.587898092963842,-0.11375607964058608,0.004944058963738817,3.900506996722623,9.68711685921635,0.0005551073022211095,0.010345601775940884,-0.3234548399248687,121.72995263506812,62.01114116177287,1.4809049040457665
11.2569999999992,93.1072858614245,39.942975296789854,-0.1085201942226292,3.587994914469594,-0.11376676913807572,0.005071177387239103,3.900682592880263,9.68710547140479,0.0005462015629264555,0.010345983550285081,-0.32346690597207206,121.63381387059678,62.086374514431526,1.4809064971673533
11.264999999999196,93.10797493396463,39.9433720732268,-0.1086044046753852,3.588059255052414,-0.11377533794737363,0.005162124920958839,3.9008051525124934,9.687097079516517,0.0005397041688599281,0.010346245476668495,-0.32347514661909293,121.56372600034024,62.14087507393249,1.4809076297096566
11.299999999999176,93.10951734840808,39.94508101079926,-0.10896236043517725,3.5882788206057303,-0.11380583399611706,0.005553584316763206,3.9012666614270692,9.687066223578498,0.0005112135043331623,0.010347213753953963,-0.3235058579878184,121.25543294277138,62.377180216594816,1.4809123234667654
11.320999999999165,93.10929033237501,39.9460856441856,-0.10917005514492197,3.5883632058715005,-0.11381927086953307,0.005783923398840712,3.9014863906365207,9.687052273782822,0.0004942150405676267,0.01034764332211391,-0.32352012163888677,121.06917262649486,62.517286073565664,1.4809149335505196
11.33099999999916,93.10887668153705,39.94655866025114,-0.10926704445627915,3.588390460777902,-0.11382432227899433,0.005892450321306652,3.9015763963409418,9.687046801349412,0.00048616961481467286,0.010347804461888042,-0.3235258206354726,120.98014180228594,62.583558571006186,1.4809161216385789
11.367999999999139,93.10563362913317,39.94827914826747,-0.10961492315769632,3.588418258553123,-0.11383520746507353,0.00628756817351612,3.9018288311794835,9.687033040356347,0.00045671855200111,0.010348121432664208,-0.32354077220627786,120.64886448076219,62.82625890188183,1.4809202083545208
11.38499999999913,93.10324337384857,39.94905423606056,-0.10976902426826184,3.5883929902600067,-0.11383609439230763,0.006465774913895869,3.9019026335289704,9.687030141648632,0.0004433691220085478,0.01034810064651183,-0.32354440265987633,120.49568158608335,62.936439100590555,1.48092192230966
11.392999999999125,93.10192339635955,39.94941567982354,-0.10984031381558591,3.58837293834377,-0.11383562446040747,0.006548922253517352,3.901928245696314,9.687029523526002,0.0004371302620903486,0.01034805075826793,-0.3235454062117167,120.42338518464456,62.987997244259894,1.4809226931702475
11.424999999999107,93.09539993838058,39.95084061760131,-0.11011770468848044,3.588241048818751,-0.11382814356590781,0.006876970023735916,3.9019729429868035,9.687031802255765,0.0004124707891978526,0.010347573592383995,-0.3235449206282785,120.13286501551761,63.192356771262645,1.480925548414069
11.449999999999093,93.08892617103851,39.9519310327709,-0.11032587166994749,3.5880810572446507,-0.11381619291614409,0.007128213506844909,3.9019444716286253,9.687038818219339,0.0003935504650553998,0.010346867070260762,-0.3235395505381335,119.90442516161312,63.34991696440569,1.4809275260406811
11.475999999999079,93.08092230196662,39.95304427622529,-0.11053454466489236,3.5878624494036346,-0.11379827753884733,0.007384814650947978,3.901856904543729,9.687050900824822,0.00037420089170030825,0.01034579523920433,-0.3235293481674797,119.66549659733927,63.5118172065603,1.4809293493249565
11.511999999999059,93.06772348987722,39.954551461949805,-0.11081056896641862,3.5874734677724027,-0.11376466998818212,0.007732190937682732,3.901639709510741,9.687075482250814,0.0003479579059954638,0.010343704682973702,-0.3235075085203732,119.33242956190274,63.73266234603249,1.4809314862667409
11.52899999999905,93.06064555391706,39.955249645188786,-0.11093579704089529,3.5872555181569177,-0.11374543135131712,0.007893015219118909,3.9014989911074385,9.687090165322049,0.00033578324220117067,0.010342460993961284,-0.3234941075527187,119.17425410794601,63.835600667521476,1.4809323414261597
11.549999999999038,93.05116235303905,39.956100333951525,-0.11108603877343305,3.58695642682192,-0.11371885128033661,0.008088813909708333,3.9012918173492146,9.687110936282371,0.00032093225323245715,0.010340690076853573,-0.32347484307956464,118.97807895333652,63.96155812634714,1.4809332639471344
11.575999999999024,93.03830158093342,39.9571358272242,-0.11126534849549104,3.5865411086230052,-0.1136818706692976,0.008326814973967691,3.9009847735262038,9.687140552182333,0.00030282822015985025,0.010338131486191844,-0.32344687846716963,118.73401090221184,64.11565716469856,1.4809342049547634
11.58299999999902,93.03462966334632,39.957411305453476,-0.11131237514740197,3.586420897348573,-0.11367118398617883,0.008390052591297657,3.9008926344549595,9.687149240192488,0.0002980069787230043,0.010337372711656651,-0.3234385784724529,118.66807842155303,64.15679468657827,1.4809344209354294
11.587999999999017,93.03195290010432,39.95760722442277,-0.11134564447705232,3.5863328720426884,-0.11366336829152797,0.008435003278383446,3.900824375477298,9.687155627152228,0.00029457692335219283,0.010336812487139295,-0.32343245090448336,118.62092654741694,64.18608731127895,1.4809345656289818
11.611999999999004,93.01848342982089,39.95853786548843,-0.1115009370395957,3.585885269783458,-0.1136331642994491,0.008654324729153168,3.9004796007013516,9.687171791704474,0.0002781216261188486,0.010333825961901482,-0.323400748395966,118.39393768450108,64.32563006145266,1.4809351491303588
11.645999999998985,92.99765821167199,39.959828939687604,-0.11171294081013088,3.585185996501693,-0.11358389753785345,0.008960280918114205,3.8999132997277903,9.687201350957631,0.0002546170388792722,0.010328613234066659,-0.3233494681415845,118.07052129210273,64.52029458435642,1.480935654207441
11.649999999998983,92.9950759206754,39.95997875213651,-0.11173700140842852,3.5850988020109584,-0.11357759912880394,0.008995527831416824,3.8998404617391182,9.687205449470948,0.00025185183834717357,0.010327927547261986,-0.32334294865845986,118.03233138070405,64.54296249850785,1.4809356884120841
11.665999999998974,92.9844743622638,39.96057370069731,-0.11183147974403199,3.5847395073286474,-0.11355119714981068,0.00913480507534731,3.8995357006311937,9.687223505718867,0.00024082354444842537,0.010325038487376545,-0.3233158521235648,117.87927796692594,64.63314026387525,1.480935771549131
11.698999999998955,92.96125550064643,39.96177935927816,-0.11201811536170916,3.583944608363228,-0.11349071594639017,0.009413351976734893,3.89883929385126,9.687269693948439,0.0002183742480038573,0.010318395369993587,-0.32325487743788733,117.56213537168277,64.81662794364094,1.4809356704437062
11.715999999998946,92.9485966968916,39.96238938024492,-0.11211012799494591,3.583506657217668,-0.11345659321935538,0.009552263538255612,3.898445442919332,9.687298090119066,0.00020702954696331512,0.010314653820258864,-0.32322083828854975,117.39799573054295,64.90983031091238,1.4809354752142443
11.74399999999893,92.92673989017304,39.963378010429615,-0.11225571662598893,3.58274383394933,-0.11339641384843677,0.009774366108749445,3.897745968440293,9.687351178301927,0.00018875093863979226,0.010308089599358214,-0.32316096685076656,117.12653361112561,65.06137182593092,1.4809349439658586
11.760999999998921,92.91287327874548,39.9639686127315,-0.11234058281063476,3.5822561546746976,-0.11335765763836339,0.009905246272785363,3.8972910338453186,9.687386980140918,0.0001779352738289568,0.01030389363690139,-0.3231223507142367,116.96104881695194,65.15217979026619,1.4809344963057358
11.783999999998908,92.89341637811232,39.964756256040886,-0.11245129063778682,3.58156783357514,-0.11330280450427153,0.010077705778842807,3.8966400088339777,9.687439348132658,0.00016368866773715913,0.010298005347587036,-0.3230674458260589,116.73636444522441,65.27358956133122,1.4809337441010573
11.81599999999889,92.8650588513446,39.96583064256693,-0.11259770945526947,3.5805577075070607,-0.11322234634136029,0.010309189843198781,3.8956683999372688,9.687518966836612,0.00014469955382134092,0.010289486774542693,-0.3229861116472541,116.42226464331834,65.43972603554691,1.4809324272156208
11.846999999998873,92.83622123710506,39.966848090913345,-0.11273143706867832,3.5795238520417962,-0.11314041572668822,0.01052458878167147,3.8946574051966496,9.687602582754606,0.00012733851284955005,0.01028096574724874,-0.3229020344185524,116.11635020614371,65.59756963494532,1.480930867036951
11.875999999998857,92.80808789157564,39.96777949891143,-0.11284961352188316,3.578510352943143,-0.11306075500972351,0.010718756174615552,3.8936530729185272,9.687685633775446,0.00011210533686426661,0.010272831744036166,-0.32281887665700093,115.82874769069622,65.74245325501796,1.4809291707371484
11.883999999998853,92.80013821457348,39.96803301967292,-0.11288107489697463,3.5782232695041105,-0.11303832843280492,0.010771144549764659,3.8933665341148043,9.687709251531658,0.00010808274331092172,0.010270568427134695,-0.3227951967628848,115.749170267935,65.7819471432813,1.4809286647500317
11.917999999998834,92.76548322668951,39.9690942338397,-0.11300949074405173,3.5769690605782287,-0.11294111914147736,0.010988503009961967,3.8921054912525923,9.687812498442149,9.188210824448483e-05,0.010260889595970305,-0.322691126344663,115.40983203374184,65.94750112268962,1.4809263424926746
11.918999999998833,92.7644433045911,39.96912505134281,-0.11301314090461767,3.576931367850363,-0.11293821738882197,0.010994771802352652,3.892067378981528,9.68781559793354,9.142786981194322e-05,0.010260603891287915,-0.3226879834656479,115.39982396441887,65.95231398514649,1.4809262701563601
11.933999999998825,92.7487080119727,39.96958463557201,-0.11306704790180572,3.5763607187561464,-0.11289442705920778,0.011087996843160591,3.8914889813996223,9.6878624638135,8.476858692279355e-05,0.010256314200460411,-0.3226402952452297,115.24951624962887,66.02411941563209,1.4809251588581793
11.964999999998808,92.71540739995247,39.97051868211181,-0.11317356598168146,3.5751515902590105,-0.11280250058143851,0.01127610785189085,3.8902554189513348,9.687961245958627,7.19271713729544e-05,0.010247437387549308,-0.3225385996894017,114.937783036339,66.17020963515608,1.480922714043152
11.984999999998797,92.69339509524465,39.97111016971612,-0.11323892330327578,3.5743516782922455,-0.11274230320452681,0.011394444894964498,3.8894339281585943,9.688026082089463,6.430167298860127e-05,0.010241712570991095,-0.322470844955255,114.73589194230362,66.26280555786805,1.4809210385879372
12.011999999998782,92.66306786161266,39.97189505508569,-0.11332316606647697,3.57324932290245,-0.11266009624146812,0.011550757703505578,3.8882954654110176,9.688114634644215,5.482119588989462e-05,0.010233996822974099,-0.3223768612566692,114.4623950527081,66.38574253524766,1.480918665791851
12.043999999998764,92.62628791580764,39.97280533693786,-0.11341736623857751,3.57191271359807,-0.11256147756398485,0.011731334556489592,3.8869059956226732,9.688220664315198,4.4776917151007815e-05,0.010224878373382549,-0.32226197082007685,114.13687294923939,66.52835861377508,1.4809157046930823
12.05099999999876,92.61813022857667,39.97300161324844,-0.11343719175928403,3.571616378136058,-0.11253975496381058,0.011770206879250768,3.886596669861393,9.688243968514557,4.274909181457154e-05,0.010222887715382717,-0.3222363617087209,114.06546901928058,66.55910820675804,1.480915037292901
12.059999999998755,92.60758613933413,39.973252480374576,-0.11346228339437302,3.571233445555987,-0.11251175432674028,0.011819870743446733,3.886196289683291,9.688273974233867,4.022993819635499e-05,0.010220330312564132,-0.3222031957851185,113.97356184101275,66.59840677134513,1.4809141695248058
12.089999999998739,92.5720146925743,39.97407672029216,-0.11354278985300831,3.5699425257647732,-0.11241788789945345,0.011982975416322858,3.884841186149292,9.68837424706195,3.2537766500902426e-05,0.010211820072991542,-0.32209078546309966,113.6663845126222,66.72747564636997,1.4809112033984744
12.116999999998724,92.53949398601017,39.97480297205934,-0.11361131489356459,3.568763862604801,-0.11233279667011595,0.012126748194493293,3.8835969579627285,9.68846467197216,2.6521854278619794e-05,0.010204174620404084,-0.3219873497828657,113.38886455984205,66.841096797647,1.4809084462825555
12.14299999999871,92.50778310709823,39.975488609968934,-0.11367399058844836,3.5676162068315658,-0.11225039675614783,0.01226266841897908,3.8823793559763606,9.688551773304772,2.1516535336271367e-05,0.010196817167499558,-0.321885917138695,113.12069440337592,66.94822706367952,1.4809057225080227
12.174999999998692,92.46830574004407,39.97631429580845,-0.11374696210386011,3.5661900594712823,-0.11214846554120786,0.01242674623889119,3.8808579887372936,9.688658886146795,1.638466236152813e-05,0.01018775662420759,-0.32175889660988816,112.7894165994806,67.07699490680965,1.4809022897696917
12.182999999998687,92.45837017889453,39.9765176224855,-0.11376452460925811,3.5658316167937745,-0.11212290694839348,0.012467232367002014,3.8804741697876626,9.688685637538883,1.5275275395410176e-05,0.010185489005721197,-0.3217268037505025,112.7063902635656,67.10865366258776,1.4809014192477705
12.207999999998673,92.42717836486143,39.977145137256535,-0.11381774303467107,3.5647076278591583,-0.11204287550818641,0.012592409386149079,3.879266946930695,9.688769144301594,1.2246916631648613e-05,0.010178392506270322,-0.3216257402914455,112.44640936867283,67.20620926999294,1.4808986706739402
12.23299999999866,92.39580685092264,39.977760841340356,-0.1138685680954579,3.563579212261515,-0.11196272533989042,0.012715524295265955,3.8780493495956456,9.688852487530786,9.870617274847541e-06,0.01017127628327722,-0.32152363620747926,112.18564839639816,67.30167258655408,1.4808958839613962
12.247999999998651,92.37691813128167,39.97812466403343,-0.11389796348992358,3.562900750714345,-0.11191477038018206,0.012788309533354834,3.8773144125994126,9.688902335056799,8.756823283201441e-06,0.010166997693661896,-0.3214619444586451,112.0288245136694,67.35794395220162,1.4808941959650785
12.28499999999863,92.33019225154439,39.9790043986812,-0.1139672205171336,3.5612257748980185,-0.11179624355112433,0.012964904029228426,3.875491764467373,9.689025032476723,6.987269628817936e-06,0.010156411947279858,-0.3213086628215534,111.64084163254408,67.4935101532363,1.480889989268168
12.309999999998617,92.29857337227558,39.97958476176376,-0.11401164383423422,3.56009524659484,-0.11171606055772988,0.013081902729437997,3.8742546558731012,9.689107721635402,6.5616684691358735e-06,0.01014922989802775,-0.3212044161691556,111.37778599932221,67.58249483789888,1.480887118570137
12.344999999998597,92.25434602749482,39.9803785708137,-0.11407093215610249,3.5585180595315244,-0.11160380504448034,0.013242558035761486,3.8725192314585444,9.689223168872559,6.987839426905772e-06,0.01013913181093396,-0.3210579174196501,111.00831943778049,67.70352057815616,1.4808830714858032
12.364999999998586,92.22913824736624,39.98082252585995,-0.11410342595193074,3.557621379882716,-0.11153974939226251,0.013332694749476348,3.8715274695480995,9.689288948773426,7.761317415886878e-06,0.010133339467821719,-0.3209740708752597,110.79658928369754,67.77081249266244,1.4808807484585764
12.378999999998578,92.21153686176542,39.98112917189622,-0.11412562008780147,3.5569962539817492,-0.11149498788841103,0.013395058498266874,3.8708338706772913,9.689334898899881,8.530510996794874e-06,0.010129276257870638,-0.32091537876033094,110.64812183631336,67.81710782594304,1.4808791194272337
12.409999999998561,92.17273518338499,39.98179623770634,-0.1141732823944055,3.5556210931221353,-0.11139621262837203,0.013530980492162434,3.8693017402094068,9.68943631788749,1.0895417606866212e-05,0.010120258696048321,-0.32078557585163403,110.31863801975604,67.91724346316707,1.4808755081336102
12.42999999999855,92.1478607700558,39.982217980135104,-0.11420305480713303,3.5547417354178643,-0.11133281942011262,0.013617077090247133,3.868317233339996,9.689501471693799,1.290203679240985e-05,0.010114430592103592,-0.32070206123419953,110.10554306739826,67.98010698361144,1.4808731784503784
12.444999999998542,92.1293033665824,39.98252990282701,-0.11422493400437099,3.5540868804479384,-0.1112854916328909,0.013680823646726256,3.867581561412144,9.68955016942748,1.4654129526763947e-05,0.010110057188938863,-0.32063960240267136,109.94545818839455,68.02635733329942,1.4808714329810344
12.48499999999852,92.08030351934127,39.98334357842737,-0.11428161185058242,3.552362776287209,-0.11116042691309486,0.01384732361019694,3.865634542386768,9.689679172770377,2.0356500860158218e-05,0.010098402198684263,-0.32047406393584893,109.51749093904857,68.14592396419827,1.4808667941406284
12.509999999998506,92.05009663131352,39.983838940045366,-0.11431598666925676,3.5513037430967183,-0.11108329448435714,0.013948806734762492,3.8644311502363218,9.68975903155272,2.4672176650070382e-05,0.0100911385991058,-0.3203715661929536,109.24924210728948,68.21786443281711,1.4808639131066437
12.523999999998498,92.03334070815099,39.984111976536084,-0.11433494731373994,3.5507176605813324,-0.11104051087043826,0.014004776439730821,3.8637625952905568,9.689803445750913,2.7338918114949587e-05,0.010087083525747019,-0.3203145604922823,109.09877230465702,68.2572122475647,1.4808623080928038
12.569999999998473,91.97919029739907,39.98498737039488,-0.11439606598423455,3.5488307041694003,-0.11090237249646452,0.014184345535106554,3.8615976803394054,9.689947505344723,3.7345350334657974e-05,0.010073855786136168,-0.32012960971141324,108.60314919980274,68.38174245294883,1.4808570892222799
12.587999999998463,91.95841407223531,39.985320978384685,-0.1144195933786468,3.548109764362126,-0.1108494764255613,0.01425282306010302,3.860765594480772,9.69000296160022,4.1765235088904484e-05,0.010068732653351715,-0.32005835409405026,108.40871629846112,68.42848320964792,1.4808550747592844
12.604999999998453,91.93902522360187,39.985631505716796,-0.11444167928546421,3.5474386654654193,-0.11080019083943687,0.01431659569640119,3.859988340233499,9.690054794613173,4.6191446759950166e-05,0.010063928479735489,-0.3199917035384542,108.22483937219206,68.47159839030644,1.4808531891529535
12.649999999998428,91.88887832580113,39.98643248332864,-0.11449976928624397,3.5457112510835413,-0.11067321486548878,0.014481278941543326,3.857975221094494,9.690189104437579,5.90536347199128e-05,0.010051405049163265,-0.3198186231431153,107.7369952242078,68.58089423037885,1.4808482895797894
12.669999999998417,91.86717630788078,39.98677883446765,-0.1145255202674923,3.544967668403745,-0.11061856293564809,0.014552595607322754,3.857103076271709,9.690247274359823,6.528043247611891e-05,0.010045944304429316,-0.31974340284766306,107.51967781989146,68.62721468123978,1.4808461606047298
12.706999999998397,91.82805283143232,39.98740424437655,-0.11457329131438812,3.5436340942282722,-0.11052064688843836,0.014681622745454825,3.855529613055456,9.690352084132497,7.757374113771077e-05,0.010036041656040925,-0.3196072879215653,107.11687333098683,68.70924124924318,1.4808423125886578
12.732999999998382,91.80140065362379,39.98783199307324,-0.11460709585793565,3.5427312556941564,-0.11045449465390911,0.014770113212229135,3.854457081048936,9.69042334872885,8.67800593841867e-05,0.010029255407121792,-0.3195141713413818,106.83325106331554,68.76402975541401,1.4808396861821689
12.761999999998366,91.77253606249873,39.98829787539424,-0.11464516515470587,3.5417592032033296,-0.11038346745158235,0.014866786758833996,3.8532951976426872,9.690500301865562,9.756084346896428e-05,0.010021871200761215,-0.3194129481953845,106.51637516613623,68.8223586748149,1.480836839884183
12.798999999998346,91.7370971449047,39.988875396152174,-0.11469451253514423,3.5405750203568864,-0.11029745063958524,0.014987073781851693,3.85186803365783,9.690594285241366,0.00011204354653575842,0.010012758286439154,-0.3192880911124045,106.11131900725547,68.89251364017977,1.4808333467856394
12.818999999998335,91.71861474765899,39.989179819798096,-0.11472159378445718,3.5399618590490505,-0.11025329127410413,0.01505064778907181,3.851123602460915,9.69064295958697,0.00012019293649315535,0.010007989621797522,-0.31922270766922006,105.89203043499673,68.92844172578056,1.4808315277884059
12.858999999998312,91.68312654938529,39.98977266296225,-0.11477684140533406,3.53879429183055,-0.11016975534912392,0.015175148417769626,3.8496947605352307,9.690735701475631,0.00013709317183444438,0.00999880610311447,-0.3190966029455362,105.45278268933826,68.9960951673462,1.4808280453365639
12.86299999999831,91.67968879280299,39.98983078828138,-0.11478245659109798,3.538681956707633,-0.11016175750755439,0.015187415067985256,3.8495563795095165,9.690744629118,0.00013882408704876014,0.009997914576114729,-0.31908434483616727,105.40881085294862,69.00255204337878,1.4808277089440067
12.872999999998305,91.67118437235702,39.98997518941613,-0.11479657058262784,3.538404692936365,-0.1101420489123014,0.015217940374350382,3.8492140859318438,9.690766666441602,0.00014318203882209083,0.009995707614224972,-0.3190539867077807,105.29884524668125,69.01844868866704,1.4808268776728617
12.89999999999829,91.64887210170211,39.99035861677881,-0.11483523582497343,3.537681787180832,-0.11009089430662752,0.015299367775194955,3.8483164534443075,9.69082412449548,0.00015515576110932457,0.009989907159615839,-0.3189741034506514,105.00168881143533,69.05961660309191,1.480824703950844
12.930999999998273,91.62444692131415,39.990787388580635,-0.11488069511226913,3.5368987583272373,-0.11003590811080627,0.015391142097766044,3.847334775186712,9.690886343486563,0.00016923873470835128,0.009983538564647676,-0.3188862323136689,104.66008349219068,69.10372582645103,1.4808223394053737
12.959999999998256,91.60278109037463,39.99117760376659,-0.11492435299509778,3.5362127595260233,-0.10998812615693954,0.01547543130890099,3.846464839520892,9.690940857320594,0.00018269646375083332,0.009977869108851154,-0.31880786523264165,104.34013370717871,69.1419305560154,1.4808202587753754
12.98999999999824,91.58159727601847,39.99157039765165,-0.11497073951062599,3.5355511726464295,-0.10994243760888239,0.015561105683968377,3.8456153013944565,9.690993443971015,0.00019686957196775033,0.009972302876622997,-0.3187308073577764,104.00879099312056,69.1783383483826,1.4808182440140647
12.993999999998238,91.57886841886864,39.99162194544052,-0.1149770215188705,3.5354666846796565,-0.10993663369164107,0.015572415363694,3.8455059622227012,9.691000161009592,0.00019877646645865603,0.009971583902594295,-0.31872084659033756,103.96458590119951,69.18295328287425,1.4808179861403123
13.011999999998228,91.56687029401354,39.99185153546737,-0.1150055852363562,3.5350974385887484,-0.1099113526614679,0.015622989541094834,3.8450254841295957,9.691029529480385,0.00020740244938205048,0.009968416512736968,-0.31867694829632426,103.76559097012071,69.20302297749126,1.4808168574374214
13.04499999999821,91.54608508539351,39.99226247401775,-0.11505925720244847,3.5344675402534724,-0.10986854538835691,0.015714396895286482,3.8441940238918195,9.691079730548552,0.00022339225706278956,0.00996290039778951,-0.31860045253359015,103.40047826735348,69.23685164256513,1.4808149245246165
13.056999999998203,91.53891944997493,39.99240874814754,-0.1150792043864051,3.534253688963762,-0.10985411080823505,0.01574722421759535,3.8439077027805304,9.69109681806095,0.0002292581806781959,0.00996098840655192,-0.31857393292637026,103.26762379247923,69.2482009210371,1.4808142658965577
13.092999999998183,91.51869129444383,39.992837641936816,-0.11514044456252885,3.533660942325439,-0.10981440670446839,0.015844411874373743,3.8431008438927607,9.691144350094348,0.0002469947529709678,0.009955554553019526,-0.3184985911925937,102.8688107979991,69.27920043201921,1.4808124332362533
13.121999999998167,91.50379389731846,39.993172492706066,-0.11519135016874273,3.5332370679365166,-0.10978631279613153,0.015921337008065375,3.8425082343589927,9.691178598485047,0.00026140525772457235,0.009951508029287369,-0.3184425579124882,102.5472998371606,69.30084536431498,1.48081111442076
13.146999999998153,91.49196025174287,39.99345368481881,-0.11523638836261227,3.5329102488661603,-0.10976484904948654,0.015986701722161288,3.8420388543469897,9.691205252453013,0.00027389563440491274,0.009948257171624402,-0.31839763339781485,102.26998265566834,69.31712093995985,1.4808100910553252
13.175999999998137,91.47940718830263,39.993771363628994,-0.11528997312109879,3.5325757859650344,-0.10974311745715927,0.016061436568271067,3.8415430297571813,9.691232860004092,0.0002884353986387044,0.009944761865905472,-0.31834947728199225,101.94814220974456,69.33323426541048,1.4808090361229123
13.185999999998131,91.47537172492007,39.99387882169988,-0.11530878863454438,3.532471579639987,-0.1097364051257992,0.0160869431540316,3.8413842221833527,9.691241561374637,0.00029345573877298395,0.009943625188598232,-0.3183338620144699,101.83712945876124,69.33810147115538,1.4808087053108976
13.199999999998123,91.46997523920447,39.9940274878806,-0.115335425797288,3.532335297606523,-0.10972767530275954,0.016122430757632436,3.841172377560817,9.691253043417012,0.00030048618428407626,0.00994209286432831,-0.31831285680324584,101.68168627966925,69.34432175241074,1.480808270572407
13.235999999998104,91.4574536040076,39.99440039784384,-0.1154055026171258,3.5320361485026504,-0.1097087758483884,0.016212510717691267,3.840683961730015,9.691278839907612,0.0003185538930575341,0.009938468062627295,-0.3182634439050144,101.28185988019798,69.35713511330046,1.4808073046692587
13.250999999998095,91.45281054348555,39.99455185524034,-0.1154353661518278,3.531933143118668,-0.10970239789986314,0.016249548513361058,3.840504479463366,9.691288011103293,0.00032606568868494767,0.009937091310826436,-0.3182448137918902,101.1152258693873,69.36112161156966,1.4808069666856167
13.257999999998091,91.45075913497034,39.99462175712253,-0.1154494360166646,3.5318894086533197,-0.10969972042633,0.01626673488055172,3.840425558430977,9.691291975407177,0.0003295654515365839,0.009936475602577776,-0.31823651409818254,101.03745702362501,69.36270970104324,1.4808068219077801
13.286999999998075,91.44304149758827,39.994906141421076,-0.11550863849550551,3.5317375711855328,-0.10969063708256364,0.016337289743235492,3.8401312635958322,9.691306276485449,0.00034401265185414194,0.00993410550607319,-0.3182048014914814,100.71523905991427,69.36744299788133,1.480806309636258
13.31499999999806,91.43677894463274,39.99517288294026,-0.11556719035624263,3.531635571931405,-0.1096849100412224,0.01640444128970195,3.839896857099136,9.691316864691661,0.0003578615419482058,0.009932091592813623,-0.3181782614884921,100.40410120920178,69.36919102923619,1.4808059482337175
13.34999999999804,91.4305770418162,39.99549573618411,-0.1156422537677639,3.5315687078803886,-0.10968190627173661,0.01648705024775468,3.8396723085823283,9.691325689505442,0.0003749865762087677,0.009929949156075646,-0.31815069785539796,100.01517441363212,69.36747722472236,1.48080567907731
13.364999999998032,91.42846776839409,39.99563057840023,-0.11567484948361616,3.531560076141729,-0.10968329978106858,0.016521836452048265,3.839598835319717,9.691326671873616,0.0003822476909855643,0.009929157031275226,-0.3181407823447671,99.84850097354175,69.36541668987513,1.4808056253386623
13.383999999998021,91.42626479564105,39.995798408901955,-0.11571676605274464,3.531567289798778,-0.10968869271054585,0.01656949972590769,3.839532590084782,9.691320115348933,0.00039127654223955385,0.00992820832492484,-0.3181298493362524,99.63739781915932,69.36166463312058,1.480805609022745
13.419999999998002,91.42350351525874,39.99610741074451,-0.1157988115914011,3.531635199632706,-0.10970201798126838,0.016658121995679308,3.839464081968521,9.69130613736497,0.0004077741468647863,0.00992652516981533,-0.31811410406266843,99.23748962587608,69.35105564457344,1.480805726342272
13.444999999997988,91.42266052804341,39.99631522844628,-0.11585653475290988,3.5317232083257757,-0.1097130424859557,0.016717633831679745,3.8394604290162504,9.69129523537666,0.0004188394844943249,0.009925458845919869,-0.31810693516350513,98.95985762245658,69.34099335659481,1.4808059132782223
13.450999999997984,91.42258812761594,39.99636429922525,-0.11587051092033197,3.5317491127325344,-0.10971584178697714,0.016731626093363712,3.839464683269246,9.69129261089275,0.00042145623569443626,0.009925218210120155,-0.3181056673601203,98.8932382861079,69.33824979283666,1.4808059701921297
13.474999999997971,91.4227948959731,39.99655752198718,-0.11592677961389543,3.531870711259518,-0.10973294816253948,0.01678498945552316,3.8395050645262048,9.691278248065082,0.0004317438983180544,0.0099243470317082,-0.3181023321127611,98.62681616150257,69.32600377829512,1.480806242214967
13.51299999999795,91.42471970415987,39.99685367861099,-0.11601748158936641,3.532119472405724,-0.1097649562741218,0.016866275764621665,3.83963053393202,9.69125210473088,0.0004474377258710311,0.00992332979380009,-0.31810264139796424,98.20519189653342,69.30245416622594,1.4808068058696655
13.533999999997938,91.42660424551963,39.99701231162168,-0.11606860300395475,3.532286464626692,-0.10978339250337218,0.016909670619530186,3.839731447213331,9.691237696519138,0.0004558646169995292,0.00992298465362893,-0.3181057117361281,97.97231914899247,69.28725316366241,1.480807179978809
13.559999999997924,91.42972915185914,39.99720386913822,-0.11613274815665266,3.5325210235783246,-0.1098063557517368,0.016962111893417283,3.8398873505856135,9.691220141482397,0.0004661070804649546,0.009922791484940227,-0.31811232185696686,97.68414834040438,69.26627730415548,1.4808076990297065
13.581999999997912,91.43304490826687,39.99736185262779,-0.11618773816833308,3.532742873910334,-0.10982585731302977,0.01700551606549648,3.8400457849757568,9.691205433675037,0.0004746308439786583,0.009922838702116018,-0.3181202993431155,97.4404529112354,69.24666666962025,1.4808081834759501
13.595999999997904,91.43546972411595,39.997460464295685,-0.11622306171046164,3.532894977967574,-0.10983832279269691,0.01703272933953031,3.8401591646649065,9.691196068443793,0.00047999224206328944,0.009922971517220276,-0.3181264952218731,97.28544734804565,69.23329900296065,1.480808512406759
13.631999999997884,91.44280633195729,39.997707312466666,-0.116315035853104,3.5333244018471874,-0.10987068511563455,0.017101481288085522,3.8404950549058143,9.69117164642096,0.0004935641760627043,0.009923683185490669,-0.3181463472541269,96.88714783990187,69.19575490457454,1.4808094295445535
13.643999999997877,91.44559741955588,39.997787482608544,-0.11634604575152087,3.5334795849532736,-0.10988160503996637,0.017124063810551968,3.8406210830482044,9.691163309549804,0.000498020365895002,0.009924038351962204,-0.31815419748505414,96.75447961563708,69.18222634852313,1.4808097577231818
13.651999999997873,91.4475521675011,39.99784035238483,-0.11636681179038752,3.5335863149009854,-0.10988893111934704,0.01713903804580498,3.8407089879689966,9.691157675490958,0.0005009718908529375,0.009924307499188711,-0.3181597678737493,96.66606310928664,69.17292583675658,1.4808099827180092
13.687999999997853,91.45725967022932,39.99807265195893,-0.11646112860040146,3.5340983202198526,-0.10992244771571072,0.01720573390144091,3.8411427492819024,9.691131372164971,0.0005140483610395416,0.00992583210369149,-0.3181881102358485,96.26849229111332,69.12828855298656,1.4808110569891368
13.706999999997842,91.46297059974842,39.998191622836764,-0.11651145687856478,3.5343890627044345,-0.109940567834675,0.017240565051677544,3.8413965095806653,9.691116730724032,0.0005208009778643421,0.009926836725476574,-0.31820518375553514,96.05887575763664,69.10289393660017,1.4808116652910996
13.74799999999782,91.4766255219072,39.99844005735296,-0.11662125323299018,3.535063123515552,-0.10998095373516756,0.017315093031149788,3.842001044705018,9.691082901445204,0.0005349729992849363,0.009929444389766501,-0.3182468385182753,95.60708973428092,69.04377769847898,1.4808130784765383
13.773999999997805,91.48619105802494,39.998591892525404,-0.11669163449828596,3.5355222570989646,-0.11000765184781586,0.01736199704000941,3.8424237781805477,9.691059613824537,0.0005436374233258648,0.009931386066076468,-0.3182765493483973,95.32100475246575,69.00323544229985,1.4808140485572847
13.792999999997795,91.49360920979325,39.998700127254025,-0.1167434035319195,3.5358727380092008,-0.11002777734679978,0.017396136639404012,3.8427513662092108,9.691041595073024,0.000549789288625991,0.009932933800034136,-0.3182998211795385,95.11215930815615,68.97211123522406,1.4808147952427764
13.824999999997777,91.50688992243772,39.998877358066714,-0.11683117497932102,3.5364905123460337,-0.11006298860647999,0.01745340478642053,3.843337445284542,9.691009191805403,0.0005597766823350359,0.009935763901411009,-0.3183418948987954,94.76085658956184,68.91683691068346,1.4808161276267562
13.839999999997769,91.51344311598531,39.99895829982775,-0.11687253815407585,3.5367914717337894,-0.11008011353197877,0.01748014591943351,3.8436265651168022,9.690993068153889,0.0005642856290793532,0.00993717861466203,-0.3183628231439344,94.59638087609552,68.88969514812447,1.4808167854827765
13.865999999997754,91.52527826922498,39.99909545470767,-0.11694452387218959,3.5373295543470236,-0.11011080807601492,0.01752633065627547,3.8441486074557547,9.690963652942017,0.000571820996355014,0.00993975013483623,-0.31840085741252977,94.31160265984812,68.84078883412512,1.4808179776795123
13.895999999997738,91.53965751233959,39.99924888308364,-0.11702799709799748,3.537975297425547,-0.11014791800155871,0.01757934050517967,3.844782303378924,9.690927348767262,0.0005800543000655665,0.009942885025967733,-0.3184474149695628,93.98352791092955,68.78142965933657,1.4808194372470533
13.906999999997732,91.545116659476,39.999303876330565,-0.11705869963838404,3.538218455183664,-0.110162004229373,0.017598689945778262,3.845022687353471,9.69091339201981,0.000582946601304517,0.00994407463653173,-0.3184651785390221,93.86337783969007,68.75887929004162,1.480819995435766
13.943999999997711,91.5641782987239,39.99948402331117,-0.11716225708605991,3.539059882609925,-0.11021136719164258,0.017663340171017124,3.845861281068621,9.69086388382435,0.000592166266855713,0.009948213635194469,-0.31852753947117707,93.45982948515115,68.67993980943663,1.4808219653099681
13.970999999997696,91.57873656691504,39.999610918421496,-0.1172380402670369,3.539695495315476,-0.11024937521070052,0.017710020328274886,3.8465007775294806,9.690825283133359,0.0005983927247611507,0.00995135069928408,-0.31857547523545127,93.16594906444794,68.61933481402545,1.4808234936894218
13.990999999997685,91.58985358558706,39.99970251424598,-0.11729425489675181,3.5401772849290447,-0.11027863542379986,0.017744277155708588,3.846988449326888,9.69079536907042,0.0006027336950139117,0.009953728782034958,-0.3186122374695599,92.94860132496527,68.57281270310364,1.4808246756066872
14.009999999997675,91.60066437980778,39.99978768809959,-0.11734769132964726,3.5406430692124475,-0.11030731300681666,0.017776529623594703,3.847462191899867,9.690765931406762,0.0006066460180388605,0.009956026009745739,-0.3186481083291568,92.74239919732975,68.52733389072858,1.4808258376552534
14.042999999997656,91.61998823782058,39.999931480912565,-0.11744051924664053,3.541469522573421,-0.11035915074209529,0.0178317913535609,3.8483077224849196,9.69071252876388,0.0006129576548772741,0.00996009411681958,-0.31871249468887763,92.38492581175383,68.44537823211982,1.4808279461814233
14.056999999997648,91.62838584632362,39.999990939419654,-0.11747989260772947,3.541826452599962,-0.11038191025928551,0.017854922371965183,3.84867458504748,9.690689037746546,0.0006154545015289879,0.009961847132758887,-0.3187405718246496,92.23353427576694,68.40947345551302,1.4808288749191165
14.091999999997629,91.64986487021486,40.00013569714942,-0.1175782388938744,3.542733826921922,-0.11044076079629943,0.017911843737703895,3.8496114194449267,9.69062825759509,0.0006212458448206903,0.009966293667533493,-0.3188126306727235,91.85576904180917,68.31675698622732,1.480831284028247
14.105999999997621,91.65863952752107,40.000192086320666,-0.11761752048237015,3.54310234440487,-0.11046505849485305,0.017934223648354668,3.8499935866092954,9.690603168159505,0.0006233876091774816,0.00996809641807093,-0.31884216361293166,91.70495635190684,68.27849035583796,1.4808322818092565
14.111999999997618,91.66243054946973,40.00021599453766,-0.11763434308158047,3.543261194511849,-0.11047559962429057,0.017943744231774916,3.8501586016576677,9.690592287193704,0.0006242757438833569,0.00996887308631435,-0.31885493900588513,91.64037488085609,68.26188422637601,1.480832715264544
14.1459999999976,91.68424177482662,40.00034861175537,-0.11772951197542136,3.5441711414921384,-0.11053672053412682,0.017996870270779647,3.851106790587741,9.69052926339769,0.0006289828743331655,0.009973319263159858,-0.3189286133521001,91.2750221511232,68.16544968403788,1.4808352358586894
14.169999999997586,91.69995329887992,40.00043937435801,-0.11779649333902034,3.544822698549137,-0.11058120655153435,0.01803349669961464,3.851788648587646,9.690483485429182,0.0006319875865514031,0.009976503425576846,-0.31898185618024116,91.01776573002195,68.0949941439966,1.4808370785496157
14.177999999997581,91.70524437218174,40.00046911953731,-0.11781877666111,3.545041422911718,-0.11059626556968644,0.018045539006962756,3.8520180970865807,9.690468009365054,0.0006329331523137089,0.009977573238404851,-0.3189998174861075,90.93213432011946,68.07107127376102,1.4808377039496865
14.202999999997568,91.72194204681031,40.000560465822105,-0.11788900939367605,3.5457294789651908,-0.1106438675679495,0.018083132719586684,3.8527416373471164,9.690419423157877,0.0006357133097820268,0.009980945213657217,-0.31905659637151934,90.66493384857577,67.99490396796332,1.4808396928110996
14.23599999999755,91.74433497816611,40.000677101448346,-0.11798490691538721,3.5466472824768425,-0.11070844171327107,0.01813386224912958,3.853710734269148,9.690354996940277,0.0006389919661668003,0.009985503671373243,-0.31913294879213594,90.31317495423279,67.89110182570425,1.480842394344626
14.255999999997538,91.75808307783655,40.00074559775789,-0.1180427236680654,3.547208275869339,-0.11074834340550624,0.01816403888096091,3.8543050966127783,9.690315077970052,0.0006407719753098314,0.009988332455323537,-0.3191799369181547,90.1005266008365,67.82638933934254,1.480844071459718
14.291999999997518,91.78312720814415,40.00086489887734,-0.11814578399196106,3.5482257133928057,-0.110821330397515,0.018217106695342534,3.8553869297174357,9.69024166348919,0.0006435984937333322,0.009993536189590861,-0.31926573767572775,89.71881710489758,67.70648857254518,1.4808471601176945
14.300999999997513,91.7894431583378,40.00089395132192,-0.11817131642834496,3.548481464511954,-0.1108397674668943,0.01823011079150592,3.8556595586816256,9.690223033081928,0.0006442318577886596,0.009994857097111797,-0.3192874140141852,89.62360697209162,67.67582804160023,1.4808479453573775
14.309999999997508,91.79577950064142,40.00092270456041,-0.11819675129892537,3.5487377263703115,-0.11085826683718147,0.018243007853827764,3.8559329794622847,9.690204306669294,0.0006448371015499983,0.009996185147564812,-0.31930917468399034,89.52848532492727,67.64489383984994,1.4808487354881137
14.331999999997496,91.81134891584475,40.00099176148416,-0.11825850658477906,3.5493661074838467,-0.1109037095363816,0.01827407808157076,3.856604484747489,9.690158174774249,0.0006462020131398532,0.009999459053828121,-0.31936270407531314,89.29634320499454,67.56812626142649,1.4808506863970934
14.357999999997482,91.82988276188743,40.001071205046635,-0.11833070894488824,3.550111811706126,-0.11095771762872546,0.018309952012954902,3.857403395213629,9.690103131068502,0.0006476128794107433,0.010003372563785593,-0.3194265344961492,89.02269703572534,67.47529929544066,1.4808530246663971
14.368999999997476,91.83776313399463,40.00110413463225,-0.11836100017390161,3.5504281434871827,-0.11098063145408965,0.01832485291035167,3.8577429762604414,9.690079716380515,0.0006481455554376364,0.010005040866990613,-0.3194537090276512,88.90715746259029,67.43534230428035,1.4808540235477679
14.390999999997463,91.85358636088738,40.00116882405564,-0.11842113137136825,3.551062075474215,-0.11102651405975568,0.018354165991081556,3.858424656242749,9.690032737879541,0.0006490989468028053,0.010008396991485835,-0.31950833218798863,88.67650311158114,67.35421059081398,1.4808560365868673
14.423999999997445,91.87745611538861,40.0012630548853,-0.1185102123475135,3.5520154342388683,-0.1110953247922698,0.018396925277411887,3.8594527094947644,9.689962094206981,0.0006502559986492089,0.010013473050175968,-0.3195908764466937,88.33160516370071,67.22947571850419,1.4808590890998992
14.434999999997439,91.88544289894077,40.001293748723135,-0.11853961031489302,3.5523336673882744,-0.11111822094436316,0.018410858690709297,3.85979668572795,9.689938547759855,0.0006505697602645601,0.010015174648346852,-0.31961853370315424,88.2169338829941,67.18708938949888,1.4808601140115105
14.473999999997417,91.91385604219579,40.00139983499011,-0.11864268094293658,3.5534629417213592,-0.11119905725298,0.01845901669781838,3.8610203225019704,9.689855296319683,0.0006513942320198077,0.010021239666561895,-0.3197170660402184,87.8115884530769,67.03356497812506,1.4808637708582149
14.489999999997409,91.9255479993735,40.00144217250829,-0.11868445946092047,3.553926449238556,-0.11123201271084737,0.018478234433472622,3.8615237358484027,9.689821314816918,0.0006516053879082658,0.010023740467515498,-0.31975767054845033,87.64585222486753,66.96911956124802,1.4808652791919217
14.502999999997401,91.93505893356004,40.001476085171205,-0.1187181907592669,3.554303005430198,-0.11125868026733868,0.018493624467869348,3.8619332046074533,9.689793803089232,0.0006517241256848409,0.010025777053303951,-0.31979072533439584,87.5114357446779,66.91613337271568,1.4808665072009726
14.533999999997384,91.95776728313307,40.00155525732124,-0.11879785822141312,3.5552003209774505,-0.11132182543230469,0.018529533163805345,3.86291079158896,9.689728615981384,0.0006518188426048332,0.010030648550651274,-0.3198697350681034,87.19180227295138,66.78752834004574,1.4808694416260526
14.556999999997371,91.97463097718213,40.00161251513351,-0.11885628279055444,3.5558651736580886,-0.11136821890613416,0.0185554895138751,3.8636366009866188,9.689680688301946,0.0006517207213850471,0.010034274787190397,-0.3199284826677144,86.95548746618532,66.69006542873674,1.4808716215775464
14.568999999997365,91.98343149589172,40.00164190691423,-0.11888654036403946,3.5562116594932838,-0.11139225703410352,0.01856881221218027,3.864015264171361,9.689655844685992,0.0006516147360021553,0.010036170213470091,-0.31995916348913694,86.8324792639617,66.63852511185738,1.4808727590392476
14.59499999999735,92.00249632660426,40.00170449577132,-0.11895157301339414,3.556961159635552,-0.11144392898492074,0.018597178608275422,3.8648353462831717,9.689602415719385,0.0006512617761436197,0.010040284021032032,-0.32002568209967136,86.56664607491639,66.52523519754884,1.4808752220892438
14.625999999997333,92.02520710100991,40.00177724320704,-0.11902817403151096,3.557852021504105,-0.11150477551711839,0.018630142651737784,3.8658119301339693,9.689539449169038,0.0006506279690840068,0.010045199223776375,-0.32010501691217885,86.25093700526209,66.38727140419724,1.4808781531682873
14.635999999997328,92.03252564777375,40.0018002911617,-0.11905267057756247,3.5581386662498415,-0.11152422094414041,0.018640588875699443,3.8661265199749364,9.68951931310799,0.0006503759277664109,0.01004678661306872,-0.3201306026944285,86.14938929659047,66.34209895854102,1.480879096751705
14.647999999997321,92.04130177146423,40.001827687020615,-0.11908193167723047,3.5584821366855546,-0.11154743648673494,0.01865300979315222,3.8665036632646594,9.689495263859792,0.0006500443165771122,0.010048692379026256,-0.32016129620205436,86.02772376671075,66.28746291480834,1.4808802275296766
14.670999999997308,92.05810002673074,40.00187941775948,-0.1191376057699918,3.5591387776833137,-0.11159157095632202,0.01867647728428115,3.8672252559516482,9.689449513981941,0.0006493241552570291,0.010052347070278805,-0.32022008330744944,85.79512245901604,66.18143804254308,1.4808823895615422
14.699999999997292,92.07922726390494,40.001943237466534,-0.11920703095590872,3.5599631348525684,-0.11164654589085928,0.018705452211682953,3.868132393736188,9.689392461808216,0.0006482662847145273,0.010056956685375122,-0.3202940917730083,85.50296648055169,66.04531559844843,1.4808851041438176
14.714999999997284,92.0901277866881,40.00197565498321,-0.11924260475871865,3.5603878182684863,-0.11167468830556397,0.01872018442662727,3.8686002395760277,9.689363224317738,0.0006476566541697008,0.010059340575936973,-0.32033230579376154,85.35235094732735,65.97384336600255,1.4808865026044082
14.73999999999727,92.10824864917879,40.002028819581355,-0.1193013968096838,3.5610929170482866,-0.11172115389251683,0.01874437825274048,3.8693775801536097,9.689314898855509,0.0006465529656704246,0.010063311394642109,-0.32039587221920096,85.10209408461355,65.85311607624732,1.4808888240188904
14.771999999997252,92.1313459915415,40.002095353113475,-0.11937574153772612,3.5619900745485777,-0.11177985536340927,0.01877471524611543,3.8703677891298094,9.689253745598075,0.0006449952485251606,0.01006838635822506,-0.3204769710697639,84.78319079447344,65.69566448661507,1.4808917770913317
14.781999999997247,92.13853868647537,40.0021158079379,-0.11939876158284726,3.562269084393102,-0.11179802685309075,0.01878405329008142,3.8706760685722656,9.68923478980967,0.0006444770753173063,0.010069969748568481,-0.32050224433580105,84.6838666251685,65.64579059165233,1.4808926954727042
14.789999999997242,92.14428359341169,40.002132059387925,-0.11941710461726711,3.5624918081065147,-0.11181250587680555,0.01879147645030451,3.8709222732553203,9.689219676899695,0.0006440520459835833,0.010071235388154522,-0.32052243659303625,84.6045227413819,65.60566225039102,1.4808934286006012
14.819999999997226,92.16575016112233,40.00219213495858,-0.11948531961306987,3.5633231246848176,-0.11186634905740779,0.018818955277953697,3.8718420027834415,9.689163405068921,0.0006423782470879426,0.01007597147978955,-0.32059793223600686,84.30790658934352,65.45337076152569,1.4808961650266945
14.84799999999721,92.18566776136274,40.00224701213885,-0.11954817599889972,3.56409323220726,-0.11191597930316637,0.018844111063510745,3.8726950502895496,9.68911143436231,0.000640709974849341,0.010080374459156617,-0.3206680433492506,84.03239870647721,65.30866219830364,1.4808987002665999
14.84899999999721,92.18637685355075,40.002248951382605,-0.11955040629596612,3.564120627220092,-0.11191774106006812,0.018845000877158395,3.872725416793891,9.689109587702015,0.0006406485964000788,0.010080531349882587,-0.32067054056145305,84.02258325118535,65.30344828926027,1.4808987904689295
14.860999999997203,92.19487338337593,40.0022721135728,-0.11957709129170742,3.5644487655166692,-0.1119388253958148,0.018855633179408814,3.873089264038777,9.689087477471004,0.000639902586847854,0.010082411930227107,-0.3207004689616996,83.90492858595995,65.24063584296707,1.4808998710356933
14.879999999997192,92.20827781303616,40.00230838326013,-0.11961904916935685,3.564966029906221,-0.11197199693990915,0.018872301316555398,3.8736632042960077,9.689052655770878,0.0006386864372466649,0.010085381034582772,-0.3207477064763375,83.71913909255181,65.14025736132992,1.4809015748512557
14.924999999997167,92.23977871768246,40.00239238465881,-0.11971702776077843,3.5661798473492747,-0.11204956048781867,0.018911017126982656,3.8750112011665356,9.688971067756844,0.000635654010015067,0.010092365901349439,-0.3208588043803137,83.28157898831513,64.89801283492012,1.4809055750562097
14.958999999997149,92.26333330001691,40.00245416320046,-0.11978975015286035,3.567085846210889,-0.11210728795234069,0.018939567773264013,3.876018652865514,9.688910200459995,0.0006332436646983745,0.010097592896977458,-0.3209419623321756,82.95332398476003,64.71080448694822,1.4809085641740223
14.989999999997131,92.28461319112004,40.00250929033735,-0.11985507582978176,3.567903190288753,-0.11215929612081094,0.01896508394968294,3.8769285499617934,9.688855266882895,0.0006309663463210833,0.010102315864546393,-0.32101714977738827,82.65582988348415,64.53699943789167,1.480911264280456
15.022999999997113,92.30705013804406,40.00256677390877,-0.11992359556220605,3.568763889679587,-0.11221403050043276,0.01899171512390895,3.877887692845192,9.688797367859285,0.0006284695520223365,0.010107294657208265,-0.3210964862935955,82.34106099770095,64.34873526429934,1.48091411185547
15.053999999997096,92.32791374621344,40.002619696660695,-0.11998699190510158,3.5695632023031876,-0.1122648757687912,0.0190162264891521,3.8787796625855893,9.688743515690451,0.0006260591273244463,0.010111922682775084,-0.32117032062532086,82.0472025053936,64.16884964301178,1.4809167615142809
15.077999999997083,92.34391987934933,40.00265998112342,-0.12003546511941016,3.5701758218512243,-0.1123038614311179,0.01903489614828847,3.879463956162715,9.688702200188386,0.0006241506019408935,0.010115471585778276,-0.32122700012258026,81.82093825530667,64.02757764776193,1.4809187958606709
15.108999999997065,92.36439871010141,40.00271115608662,-0.12009730788311535,3.570958912199137,-0.11235374268003523,0.019058627450148243,3.880339538657761,9.688649322516502,0.0006216346192850206,0.010120010595353451,-0.32129956485199834,81.5303049207541,63.84252493209822,1.4809214014056509
15.11899999999706,92.37095632468206,40.00272746274218,-0.12011706816170434,3.5712094881545964,-0.11236972024143237,0.01906618855944817,3.8806199720341814,9.68863238158336,0.0006208106655219267,0.010121463827761272,-0.3213228131559974,81.43694728222468,63.7822136033399,1.4809222365405479
15.127999999997055,92.37683767254276,40.002742056395164,-0.1201347735663474,3.571434149926182,-0.11238405257600408,0.01907295492400267,3.8808715080382323,9.688617183795635,0.000620063766291353,0.01012276711820027,-0.3213436686314099,81.35309156966672,63.727676968221274,1.4809229859125066
15.158999999997038,92.39694574118259,40.00279173783018,-0.12019519305394259,3.5722017998034024,-0.11243307236450624,0.019095989917096774,3.8817315455182575,9.688565196377965,0.0006174531077703267,0.01012722244397163,-0.32141500217036406,81.06547023870755,63.53797526845435,1.480925550673017
15.179999999997026,92.41043299191044,40.00282488917566,-0.120235623147342,3.5727163154881105,-0.11246597428571073,0.019111356791525508,3.882308438038086,9.688530297109596,0.000615653251761748,0.010130210538608119,-0.32146287447993316,80.87171078478016,63.40784237552617,1.48092727352725
15.197999999997016,92.42190498078432,40.002852989416134,-0.12026995047573329,3.5731536910864983,-0.11249398005570051,0.01912437270247317,3.8827992128049575,9.688500587804715,0.0006140909551160011,0.010132752267650723,-0.3215036121921828,80.70633399669853,63.29526013705172,1.4809287408052638
15.225999999997,92.43958562824284,40.002896137653906,-0.12032274947426638,3.573827307411554,-0.11253717846345787,0.019144340013282645,3.8835557102975673,9.688454756789534,0.0006116241960090548,0.010136669979224732,-0.3215664283296192,80.45038445967448,63.11823352476834,1.4809310057113352
15.258999999996982,92.46016363047211,40.00294613666787,-0.12038405332363983,3.574610693854651,-0.11258750688204604,0.01916745263141343,3.8844361229534714,9.688401356180497,0.0006086647330662352,0.010141230405175509,-0.32163957966364715,80.15079192122943,62.9066444223256,1.4809336473045471
15.26199999999698,92.46202020272165,40.00295063728692,-0.12038957650462755,3.5746813381545364,-0.11259205068653058,0.019169531072354938,3.8845155547872166,9.688396534747309,0.0006083931929531938,0.010141641921027419,-0.3216461818484126,80.12366798085758,62.88725148577666,1.48093388594267
15.28199999999697,92.47433622962916,40.00298045486867,-0.12042618268306796,3.575149816732993,-0.1126222068257357,0.01918328947754593,3.8850425121438725,9.688364534696913,0.0006065727170675975,0.010144372230651528,-0.3216899898164046,79.94332174895376,62.757296923409875,1.4809354703761026
15.303999999996957,92.48776027119938,40.003012885947726,-0.12046601752719996,3.575660132018762,-0.11265510111393444,0.019198229119425907,3.8856169189922887,9.688329626359396,0.0006045499465263352,0.010147349101000736,-0.3217377595825478,79.74591171134185,62.61300899578517,1.4809372001011243
15.328999999996944,92.50285599700767,40.00304928302008,-0.12051073499643744,3.5762336326448363,-0.11269212058538598,0.01921496137112733,3.886262890494293,9.688290336909445,0.0006022270532029129,0.010150698082332071,-0.3217915036437868,79.52282904798028,62.4473527657399,1.480939148733353
15.340999999996937,92.51004085371466,40.003066585062136,-0.12053198842152033,3.576506446715537,-0.11270975215878683,0.019222898462670557,3.886570400118412,9.688271622732682,0.0006011031201310812,0.010152292759184204,-0.3218170945033879,79.41622465273628,62.3672010723578,1.4809400775824815
15.36999999999692,92.52723739350618,40.003107958938266,-0.12058277524098442,3.57715898319825,-0.11275198442251326,0.019241823035928016,3.887306704205654,9.688226792841094,0.0005983602906348012,0.0101561120154738,-0.3218783780654418,79.15988237421284,62.17180491866324,1.4809423046460197
15.395999999996906,92.54245244202814,40.003144538589716,-0.12062762202994588,3.577735864511341,-0.11278937733979204,0.01925849399777357,3.887958447419906,9.68818709546505,0.0005958656545908266,0.010159494406011682,-0.32193263618663304,78.93161859358267,61.99459300253926,1.4809442797563783
15.400999999996904,92.5453563586626,40.00315151870858,-0.12063617324799455,3.5778459252666996,-0.11279651585709682,0.01926166951501359,3.888082851201279,9.688179516600218,0.0005953820797261348,0.010160140319468129,-0.32194299519973124,78.88789227598116,61.96029490927502,1.4809446572146816
15.449999999996876,92.5734332464997,40.00321902239136,-0.12071872269613364,3.5789093406250556,-0.11286555980556998,0.01929227723829445,3.889285882954347,9.68810620267869,0.0005905830338709795,0.010166392259748086,-0.32204321268413094,78.46231853038383,61.62046167001779,1.4809483150781027
15.468999999996866,92.58413274521314,40.00324476904625,-0.1207501227547461,3.579314225574329,-0.11289187462560735,0.01930390304862598,3.8897443761574233,9.688078253001482,0.0005886947627586563,0.01016877817475107,-0.32208143048254956,78.29875211801347,61.486888181293146,1.48094971296099
15.49899999999685,92.60081331618102,40.00328495127762,-0.12079902300492078,3.5799450951843172,-0.11293288780113342,0.019322000837779067,3.89045898561902,9.688034680493535,0.0005856896157148781,0.010172501482264526,-0.32214103670628397,78.04216321959431,61.273950156836726,1.480951896328956
15.510999999996843,92.60741198628527,40.003300866245645,-0.12081834973234859,3.580194532211081,-0.11294910752995665,0.01932915091629758,3.8907416233577856,9.688017443850828,0.0005844816393426126,0.010173975671680512,-0.32216462542735413,77.94010618303165,61.1880817739082,1.4809527613994273
15.537999999996828,92.62210473318608,40.00333635281874,-0.12086134598536355,3.5807496361726767,-0.11298520794709953,0.019345052885351013,3.891370857537784,9.687979068038047,0.0005817547950866665,0.010177260787990782,-0.32221716761483626,77.71169742773502,60.99343847697989,1.4809546902530841
15.555999999996818,92.63178175909536,40.00335976748752,-0.12088964050192592,3.5811150346585814,-0.11300896598726733,0.019355517371592065,3.8917851449818306,9.687953802843229,0.0005799326369286951,0.010179426277488758,-0.3222517851412951,77.56036993356996,60.862574665277776,1.4809559624865312
15.589999999996799,92.64980345708227,40.00340347775921,-0.12094229009808201,3.5817951242700112,-0.11305315833863765,0.019374992267563524,3.8925562798706905,9.687906783948911,0.0005764931568675863,0.010183462684961746,-0.32231627756294595,77.27661246647118,60.61300019153371,1.480958335269412
15.60499999999679,92.65764699188304,40.0034225510639,-0.12096518539228564,3.5820909318774317,-0.113072368457974,0.019383460627632316,3.8928917899122326,9.68788633444599,0.0005749799868001026,0.010185220928534662,-0.3223443576731108,77.15229869060519,60.501907494612546,1.4809593693112202
15.612999999996786,92.66180340931135,40.00343267171069,-0.12097731338793773,3.582247637242287,-0.11308254116817754,0.019387946472930406,3.8930695590716553,9.687875502597464,0.0005741744506483252,0.01018615300053606,-0.3223592404657194,77.08621817704294,60.44241245952222,1.4809599175677257
15.65999999999676,92.68584923155076,40.00349141781339,-0.12104742969205462,3.583153681693965,-0.11314126835479053,0.019413891160813396,3.894097472972115,9.687812931029177,0.0005694734432606295,0.010191549221162152,-0.3224453688613918,76.70111454763632,60.089451711667735,1.4809630926040918
15.670999999996754,92.69138511434974,40.00350499420871,-0.12106356151136763,3.5833621509340197,-0.11315475568450938,0.01941986235960301,3.8943340149110743,9.687798550756483,0.0005683837734469719,0.010192792468149844,-0.3224652048491298,76.61175988359726,60.00600334445099,1.480963824230815
15.701999999996737,92.70679900652085,40.00354291131856,-0.1211084556009597,3.5839423310433562,-0.11319223624110647,0.01943648174145418,3.8949925657671867,9.687758567087139,0.0005653380226999275,0.010196255919559848,-0.32252045206181545,76.36154238113424,59.76913030643379,1.48096586238787
15.736999999996717,92.72387329213728,40.00358512376622,-0.12115816045854362,3.584584647845386,-0.11323360288624884,0.019454895175606668,3.8957218261603366,9.687714400668227,0.0005619479968557538,0.010200094885784583,-0.32258167165996454,76.08190307118578,59.498699446563215,1.480968121106407
15.794999999996685,92.751407090083,40.00365372390427,-0.1212382685926068,3.5856197297849257,-0.11329993895432519,0.019484601133977354,3.8968977759002277,9.68764348812855,0.0005564587550173467,0.010206290445462247,-0.3226804465422214,75.62528327183095,59.04365513556856,1.4809717640423925
15.80599999999668,92.75652335915466,40.00366654886562,-0.12125315159198309,3.5858119913480926,-0.1133122078900248,0.019490127280157366,3.8971162851815526,9.687630360965505,0.0005554354362891299,0.010207442170441082,-0.3226988061098238,75.53964833385476,58.956393032595855,1.480972440794088
15.842999999996659,92.7734902004021,40.003709262916985,-0.12130251644302138,3.586449515172454,-0.11335275444099244,0.019508481335763328,3.8978407803563178,9.687586952442741,0.0005520396451112813,0.010211261997341148,-0.32275969803875265,75.25388835725418,58.66065283538514,1.480974684016544
15.869999999996644,92.78563820804071,40.00374002540932,-0.12133786955880407,3.586905888336417,-0.11338165177315274,0.019521648730339354,3.898359433880375,9.687555989921103,0.0005496091088004708,0.010213997042676604,-0.3228033024014971,75.04760153004531,58.4426980260671,1.480976288820583
15.878999999996639,92.78964464240032,40.003750204203314,-0.1213495319756321,3.5870563934007182,-0.11339115632352734,0.01952599770238788,3.898530452500457,9.687545801476992,0.000548808205839449,0.010214898957910787,-0.32281768333926575,74.97926259087731,58.369647613071365,1.4809768177553706
15.89399999999663,92.79627499574443,40.00376708576839,-0.12136883650216547,3.587305471376705,-0.11340685716402357,0.01953320258380755,3.898813422118281,9.687528965842098,0.0005474844061839271,0.010216391350617712,-0.3228414823854382,74.86583719959538,58.24745635515293,1.4809776926763427
15.922999999996614,92.80892788226836,40.00379943133189,-0.12140568698289189,3.5877807801452266,-0.11343672746120616,0.019546972825638206,3.8993533369874753,9.687496919017226,0.0005449660052101095,0.010219238576048057,-0.32288690084805327,74.64823309222011,58.00966781272177,1.4809793608023896
15.944999999996602,92.81838184517478,40.003823715391086,-0.12143322612159912,3.5881358710143916,-0.11345897202466491,0.019557274419208973,3.899756800308049,9.687473038383875,0.000543090565847854,0.010221365292807661,-0.32292084087539963,74.48464555592594,57.82792214401326,1.4809806058885444
15.952999999996598,92.82178907930785,40.003832492207266,-0.12144315287685863,3.5882638391420163,-0.11346697337704945,0.019560990380374843,3.899902220038079,9.687464445596332,0.0005424156735793126,0.010222131576940291,-0.3229330734953092,74.42548006970469,57.761545112615714,1.4809810543245423
15.989999999996577,92.83733895316782,40.00387271595837,-0.12148847415481662,3.588847886374154,-0.11350338626728326,0.019577977088721367,3.9005658733395823,9.687425323912965,0.0005393430892954223,0.010225627027273443,-0.3229889010991436,74.15408044934809,57.45257136192596,1.4809830987066717
16.008999999996583,92.84519151354503,40.003893137892284,-0.12151136994522631,3.589142830286318,-0.11352171834911907,0.019586568609024836,3.9009010978791236,9.687405618016431,0.0005377958692146426,0.010227391200012877,-0.323017096926756,74.01615383461656,57.29265366370755,1.4809841298280721
16.04099999999662,92.85821547544597,40.00392718009763,-0.12154935289058938,3.5896319784180557,-0.11355205310343426,0.01960083373743725,3.9014573834546007,9.687372996652435,0.0005352303764846354,0.010230315781541521,-0.3230638695465769,73.78608472207894,57.02141364505572,1.4809858383370844
16.07199999999666,92.87059555454137,40.0039597423553,-0.12158547719159826,3.5900969852021563,-0.11358081431542859,0.019614421927456965,3.9019864062428438,9.687342056065782,0.0005327871564624535,0.010233093797291645,-0.323108334960702,73.5658922687523,56.75639362709945,1.4809874604986772
16.1049999999967,92.88352017177407,40.00399396253033,-0.1216232067709241,3.5905824600354084,-0.11361079222507903,0.01962863183234754,3.902539111337808,9.687309797495026,0.000530225497331589,0.010235992249637529,-0.32315476805671733,73.3344251070465,56.47186546251184,1.4809891526153771
16.134999999996737,92.895044933816,40.004024682350035,-0.12165686470498527,3.591015344289762,-0.11363749849626174,0.019641327043664822,3.9030323426997997,9.687281054546096,0.0005279219488868976,0.010238575307269113,-0.3231961823208049,73.12664563146366,56.211073147363116,1.4809906607169818
16.158999999996766,92.90411314971054,40.00404899504381,-0.12168336487907518,3.5913560019843205,-0.11365850515250323,0.019651340067660745,3.9034205723659112,9.687258445132624,0.0005260937566024893,0.010240606630070115,-0.32322877321303245,72.96224976327697,56.00099538149951,1.4809918470651426
16.189999999996804,92.91562759643018,40.004080057641275,-0.12171702869575447,3.5917885397410836,-0.11368519437298295,0.019664077342376435,3.9039138138780562,9.68722971946353,0.0005237490397701178,0.010243184806775971,-0.3232701672162925,72.7523272059032,55.72776723584853,1.4809933536769009
16.200999999996817,92.91965992652058,40.004090988527295,-0.1217288214060947,3.5919399986042744,-0.1136945481709395,0.01966854429013786,3.904086622076861,9.6872196522627,0.0005229203634132038,0.010244087395574478,-0.32328466637516,72.67849853439024,55.63031115450659,1.4809938814544767
16.20399999999682,92.92075484977678,40.004093961443225,-0.12173202403853398,3.591981124680374,-0.11369708879498651,0.019669757995486606,3.9041335490149724,9.687216917946564,0.0005226946159368414,0.010244332449692124,-0.3232886035906879,72.65842366572659,55.60368667936943,1.4809940247824815
16.231999999996855,92.93087577093006,40.004121539585206,-0.12176163982906944,3.5923612846843147,-0.11372059002724695,0.01968099474445483,3.9045673240549776,9.687191627174817,0.00052059349764118,0.010246596899418032,-0.3233249997590312,72.47230716328187,55.35425593488094,1.480995350050597
16.26099999999689,92.94117146762525,40.00414978369543,-0.12179178695766231,3.5927479916540377,-0.11374454484603447,0.019692453322568255,3.905008646503045,9.68716585295703,0.0005184302054030022,0.010248899355032369,-0.32336203326064616,72.28193375276923,55.09415042796481,1.4809966993791097
16.2679999999969,92.94362822148156,40.00415655316153,-0.1217989825461887,3.5928402523344443,-0.1137502703695559,0.019695190493874026,3.9051139799065018,9.687159693254333,0.0005179098985014795,0.010249448647553411,-0.32337087220212246,72.23634780504905,55.03109953196562,1.4809970216028534
16.27799999999691,92.94711882098764,40.004166191682295,-0.12180920750008681,3.5929713259582674,-0.11375841193936068,0.01969908161461254,3.9052636539964483,9.687150934849509,0.00051716769421717,0.010250229013237655,-0.32338343198281455,72.17147300464312,54.940848050862655,1.4809974796101344
16.30999999999695,92.95814006470255,40.00419678293204,-0.12184150792474624,3.5933851239012036,-0.11378416925922465,0.019711389811108964,3.9057362189504268,9.68712323191523,0.0005148017967808585,0.010252692150938911,-0.32342309448779144,71.9658417197364,54.650640256824865,1.4809989272099742
16.32599999999697,92.96356650884739,40.00421193581775,-0.12185742190877234,3.5935888431439174,-0.1137968826085762,0.019717462922010164,3.9059688468525655,9.68710956206074,0.0005136255693870965,0.010253904465361133,-0.32344262620199243,71.86415576849758,54.504741609461746,1.4809996408744028
16.338999999996986,92.9679342186335,40.00422417814433,-0.1218702348319436,3.593752792340831,-0.11380713340288824,0.01972235546941633,3.906156090348368,9.687098541880191,0.0005126737657176702,0.01025488012150135,-0.32345834998785483,71.78209308180422,54.38581245434574,1.4810002158293623
16.343999999996992,92.96960425652362,40.00422887026748,-0.12187513465028223,3.593815471972356,-0.11381105741898088,0.019724226938174355,3.9062276896793584,9.68709432376042,0.0005123086039088365,0.010255253155101628,-0.3234643629387795,71.75066385964139,54.339978687301866,1.4810004358062678
16.379999999997036,92.9814683258408,40.00426238626986,-0.1219099558432133,3.594260621349293,-0.11383900412549773,0.019737536474780354,3.9067363824758026,9.687064289899515,0.000509693685828009,0.010257902948564492,-0.323507090582734,71.52656926459079,54.008482977117986,1.4810020008462732
16.392999999997052,92.98568431606796,40.0042743749502,-0.12192233784239831,3.5944187726483054,-0.11384896334633474,0.019742274943522813,3.9069171180871676,9.687053590630292,0.0005087560663350421,0.010258844418838812,-0.3235222774156887,71.44659766198014,53.88813752624071,1.4810025579758732
16.413999999997078,92.99241885269369,40.00429361446047,-0.12194212618318952,3.594671367380693,-0.11386490411822295,0.019749853190733,3.9072057810485115,9.687036469679226,0.0005072506516663893,0.010260348242645528,-0.3235465407988059,71.31848469085797,53.69302548330459,1.4810034490721993
16.436999999997106,92.99968701966229,40.00431450797281,-0.12196349586051235,3.5949438883085563,-0.11388215636758689,0.019758042134660498,3.9075173611144893,9.687017946987144,0.0005056153495380593,0.010261971487774739,-0.3235727360055146,71.17969603867313,53.47833735386555,1.4810044125525177
16.47399999999715,93.01114493214459,40.00434773449854,-0.12199719571629332,3.595373299319552,-0.11390944721867685,0.019770963709500322,3.90800867818675,9.686988655119565,0.0005030115054169096,0.010264531364826269,-0.3236140501179675,70.95979314625015,53.13081815503823,1.4810059353855853
16.476999999997155,93.01206144220198,40.004350407967294,-0.12199989301262033,3.5954076411683866,-0.11391163453403318,0.019771998862307266,3.9080479767306975,9.686986308136104,0.0005028018693116801,0.010264736178566299,-0.32361735553434473,70.94214591796978,53.102525865316416,1.4810060574020079
16.5139999999972,93.02321114339443,40.00438312992899,-0.12203272481651811,3.5958253301102245,-0.11393829659473692,0.019784607012134303,3.9085261294341085,9.686957707347847,0.0005002363860080652,0.010267228958888283,-0.3236575799785799,70.72676242537833,52.752187245499,1.4810075444101412
16.535999999997227,93.02970576919634,40.00440236867859,-0.12205186125611167,3.5960685115051727,-0.11395387022795467,0.019791961586263347,3.908804808236185,9.686941006480678,0.0004987269065694154,0.010268682363396892,-0.3236810237931681,70.60069191216643,52.542662873536926,1.4810084129637098
16.54699999999724,93.03291576576865,40.004411927976,-0.12206132406716044,3.5961886781402077,-0.11396157657082795,0.019795601401289983,3.908942575580599,9.686932743716962,0.0004979760230295153,0.010269401127099186,-0.3236926138890125,70.53821727384098,52.43756512060961,1.4810088428860249
16.583999999997285,93.04353233971769,40.004443791052,-0.12209264885109054,3.596586043848471,-0.11398709771047358,0.01980766979350473,3.9093982731546615,9.686905385404941,0.0004954704897475324,0.010271780500539188,-0.3237309586822936,70.33083069619828,52.08243337638222,1.4810102677199328
16.609999999997317,93.05082562586283,40.004465916140816,-0.12211418722209695,3.5968589041549146,-0.11400466070177576,0.01981598206630613,3.909711538842984,9.686886560258513,0.0004937278379127726,0.01027341767179792,-0.3237573175834749,70.18765293033475,51.83140642874133,1.4810112493587486
16.631999999997344,93.0568895589367,40.004484469138866,-0.12213210598131087,3.597085675018831,-0.11401927682054777,0.019822908652930453,3.909972188998313,9.686870893471031,0.0004922616897348262,0.010274780816006808,-0.32377924507872125,70.06815743400446,51.6180632168017,1.481012067349065
16.664999999997384,93.06580290501574,40.00451201355737,-0.12215847102748971,3.597418909758102,-0.11404077044542434,0.01983312830979256,3.910355525257196,9.686847853028642,0.0004900744276477115,0.010276787867518032,-0.3238114930103288,69.89177277543142,51.29646481820512,1.4810132726330063
16.675999999997398,93.06872526214319,40.00452111985794,-0.12216712141147096,3.597528132476123,-0.11404781984884539,0.019836488794230063,3.910481288046681,9.68684029514889,0.0004893481998150651,0.010277446919412854,-0.32382207159365256,69.83374322151599,51.18884848008468,1.4810136686072835
16.689999999997415,93.07240927527336,40.00453265594992,-0.12217802995562113,3.59766578732007,-0.11405670795451665,0.019840731961636472,3.9106399095249706,9.686830764564569,0.0004884252650987537,0.01027827854251736,-0.32383541205447897,69.76044277940059,51.05158422968591,1.4810141683897957
16.70999999999744,93.07760380225386,40.00454903261908,-0.1221934193856117,3.5978598198235376,-0.11406924004772186,0.019846730896336477,3.910863705139075,9.68681732354301,0.00048710817695234295,0.010279452680444693,-0.3238542307009905,69.65680968247648,50.85491869553211,1.4810148742351215
16.738999999997475,93.08499449688564,40.00457256499028,-0.12221533844126176,3.598135804318278,-0.11408706182061046,0.01985530897142522,3.911182271117659,9.686798201944569,0.0004852003938411339,0.010281126230214337,-0.3238810195690453,69.50881061560254,50.56857005161278,1.4810158807275013
16.761999999997503,93.09073719623603,40.00459105079534,-0.12223238888699683,3.5983501687771633,-0.11410090275854001,0.019862010940103324,3.9114299463814857,9.686783343606818,0.0004836893859798714,0.010282429217410327,-0.32390184886636797,69.39334952858776,50.34048456660072,1.481016664695104
16.79999999999755,93.09999478666857,40.00462125391305,-0.12225990596074207,3.5986954954085135,-0.1141231997650251,0.019872886053824278,3.9118295816801725,9.686759387560501,0.0004811932221570332,0.010284534824200577,-0.3239354572780272,69.2063226774963,49.96178169832821,1.4810179322925245
16.812999999997565,93.10309670427473,40.00463149103424,-0.1222691374807517,3.598811149307436,-0.11413066274391478,0.019876554720240015,3.9119635304664153,9.686751363097004,0.0004803390241858319,0.01028524164390568,-0.3239467253478721,69.14341239220688,49.83170026382933,1.4810183580448109
16.83199999999759,93.10757081336139,40.00464636636853,-0.12228246399300441,3.598977919535451,-0.11414141982428586,0.019881870002092922,3.9121567560849257,9.686739790481944,0.00047909129580937934,0.01028626225901263,-0.3239629848011419,69.05245387736386,49.641107043983084,1.4810189730647032
16.84899999999761,93.11151394717203,40.004659589446156,-0.1222942183746437,3.599124831139629,-0.11415089451011182,0.019886576519526286,3.912327106712705,9.686729590567971,0.00047797588563834196,0.010287162899431697,-0.32397732283649266,68.9720662802939,49.470104197169334,1.481019516073052
16.88199999999765,93.1190070361426,40.00468502792364,-0.12231657909130417,3.599403793080196,-0.11416888100966933,0.01989558081366383,3.9126509810229053,9.686710207299537,0.00047581231694819283,0.01028887722443019,-0.3240045912115301,68.8187155383075,49.13690474803469,1.481020550574206
16.895999999997667,93.12212238257924,40.004695729393426,-0.12232588810068715,3.5995197083229664,-0.114176349013765,0.019899352148769638,3.9127856395944747,9.686702151401716,0.00047489551998085424,0.01028959090521132,-0.3240159354228736,68.75473617625413,48.99505524646344,1.4810209816608837
16.902999999997675,93.12366594562558,40.00470106005265,-0.12233050346513322,3.5995771282849223,-0.11418004690203551,0.019901227153148578,3.912852354259194,9.686698160611304,0.0004744376481543133,0.010289944696076189,-0.32402155770403357,68.72298809241086,48.9240219478745,1.4810211954659618
16.943999999997725,93.13251752709579,40.00473201646338,-0.12235700404371534,3.5999061631899383,-0.11420122838052578,0.019912056614585536,3.9132350028810947,9.68667527603854,0.0004717654530822011,0.010291975936412599,-0.3240538247465558,68.54027928613901,48.50653820071515,1.4810224245232495
16.961999999997747,93.13630183379055,40.004745465300765,-0.12236835107395455,3.600046685296378,-0.11421027012533197,0.01991672783128648,3.9133986543675383,9.68666549328871,0.0004705975530402873,0.010292845507234659,-0.3240676340627249,68.46182193013728,48.322492599502475,1.4810229515978826
16.976999999997766,93.13940867735694,40.00475660740958,-0.12237767705444384,3.600161997157196,-0.11421768428488453,0.01992058460878324,3.913532992137602,9.686657465268862,0.00046962727229143324,0.010293559769206357,-0.3240789764119851,68.39726225831447,48.16877353968283,1.481023385007927
17.009999999997806,93.14609486778818,40.00478091314475,-0.12239778085359626,3.600409993042489,-0.11423361395925015,0.019928952338290895,3.913822051512838,9.686640197032919,0.0004675061816313135,0.010295097885284769,-0.32410340419289113,68.25786764321471,47.82949761683168,1.4810243199285393
17.024999999997824,93.14906632254687,40.0047918680907,-0.1224067281928241,3.6005201069542507,-0.11424068334945513,0.019932698766415805,3.913950548314972,9.686632524392154,0.00046654892691993605,0.010295781899291258,-0.3241142703060895,68.19570835312564,47.67479217007426,1.481024736463607
17.033999999997835,93.15082896920156,40.004798413409915,-0.12241203952595787,3.6005853932020044,-0.11424487352836678,0.019934929431740907,3.9140267864519167,9.686627973919677,0.0004659765829809298,0.010296187765670059,-0.3241207190024402,68.15877426258957,47.58182438451535,1.4810249838607963
17.06199999999787,93.15621698179014,40.00481864506729,-0.12242829767765731,3.600784836267844,-0.11425766171200655,0.0199417921670597,3.914259823763421,9.686614074055248,0.0004642061880241091,0.010297428689246296,-0.32414044264018094,68.04560591628059,47.29190785867433,1.4810257414583046
17.082999999997895,93.16016369880158,40.00483368906778,-0.12244023152893209,3.60093083058147,-0.11426700822610382,0.019946863926201756,3.9144304883628527,9.686603903638693,0.000462890562168984,0.01029833780361035,-0.32415490107636014,67.9624599185846,47.07380247695265,1.4810262976826365
17.090999999997905,93.16164597525113,40.00483939106892,-0.12244471873392475,3.6009856354733327,-0.11427051439792854,0.019948778086478533,3.914494590755313,9.686600085813192,0.0004623924624839249,0.010298679282212266,-0.32416033422319346,67.93117629804568,46.990566507563486,1.4810265068844717
17.10199999999792,93.16366498738411,40.00484720530852,-0.12245083502000327,3.6010602568716275,-0.1142752867272277,0.01995139328115806,3.9145819204972723,9.686594886953092,0.0004617103616107073,0.010299144455049179,-0.3241677376510873,67.88851418186404,46.87598505848431,1.4810267921152227
17.13599999999796,93.16976692223622,40.00487116951403,-0.12246935339561275,3.601285584688401,-0.11428967984087879,0.01995935761353714,3.914845938895642,9.686579191198447,0.00045962186643333806,0.010300550448062324,-0.3241901315977369,67.7592381889336,46.52087275374864,1.481027656055041
17.155999999997984,93.17326004906315,40.004885133763686,-0.12247998313766185,3.6014144805693675,-0.11429789384927863,0.019963964326136167,3.9149970584110227,9.686570223416842,0.0004584084423477649,0.010301355173300289,-0.32420296177055413,67.68502557689558,46.31132437509269,1.4810281518176251
17.163999999997994,93.17463749673145,40.00489069216754,-0.12248418094755328,3.6014652905250184,-0.11430112779236666,0.01996579060818411,3.9150566463893477,9.68656669063111,0.0004579266419406588,0.010301672463958491,-0.324208023448719,67.65572144569877,46.227370930753025,1.4810283475528447
17.189999999998026,93.17903604134366,40.00490864991197,-0.12249760682240815,3.6016274410707982,-0.1143114373834822,0.01997165654938953,3.9152469913003776,9.686555420013173,0.0004563751575314114,0.010302685624063897,-0.3242241981792673,67.5619893824941,45.95400181849842,1.4810289735882507
17.203999999998043,93.18135518703721,40.004918252091464,-0.12250469856370484,3.601712865195265,-0.11431686193980868,0.019974770599327608,3.915347413248541,9.68654948455388,0.0004555483468256886,0.010303219811280148,-0.32423273384039264,67.51247425503999,45.80647833742754,1.481029304306332
17.22599999999807,93.1849309170809,40.00493324667583,-0.12251565410096092,3.6018444980184077,-0.11432520652807067,0.01997960534754049,3.9155022905490897,9.686540347391244,0.0004542606802091421,0.010304043309994146,-0.32424590284648813,67.43601990428779,45.57420552388678,1.481029815031618
17.24299999999809,93.18763720223453,40.00494475461084,-0.12252396553928696,3.60194408070802,-0.11433150526724686,0.019983294060334052,3.915619517896569,9.686533445227246,0.0004532759353254639,0.010304666415603144,-0.32425587615502927,67.3780781320271,45.394351610701584,1.4810302022064625
17.279999999998136,93.19335676875274,40.004969565494875,-0.12254158584883637,3.6021543661603017,-0.11434477516530756,0.019991170945902782,3.915867460917687,9.686518888698973,0.0004511644674385712,0.010305983203726363,-0.3242769789428626,67.25540396708456,45.001816850954796,1.4810310225246792
17.29199999999815,93.195161843279,40.00497754343645,-0.12254716208946932,3.602220667783344,-0.11434895102155286,0.01999368027607098,3.9159457967659352,9.686514303388964,0.00045048814738923794,0.010306398801455993,-0.3242836467275411,67.21663077443112,44.87419529670658,1.481031282043299
17.31499999999818,93.19855452731892,40.004992740993146,-0.12255766758526025,3.6023452243654366,-0.11435678004121229,0.01999843327200547,3.9160930889466266,9.686505701188217,0.00044920261693912034,0.010307179850549237,-0.3242961872737443,67.14370572018535,44.62916962362493,1.4810317705931422
17.33999999999821,93.20214330024024,40.005009121287706,-0.12256881922165558,3.6024769137476294,-0.11436503399762125,0.020003516770670457,3.9162489606174953,9.686496624225537,0.00044782225673469504,0.01030800594893233,-0.3243094651186641,67.06651581239588,44.36222816492016,1.481032288525757
17.360999999998235,93.2050783965902,40.00502276967585,-0.12257796813062669,3.6025845321387076,-0.1143717669112367,0.02000771590443172,3.9163765720706305,9.686489213256307,0.00044667617619106593,0.010308681696819361,-0.32432033727547027,67.00335151249706,44.13751940093231,1.4810327131512824
17.394999999998277,93.20967858215563,40.00504465402798,-0.12259236363943112,3.602753029386957,-0.11438228459422663,0.02001438133186871,3.916576832517601,9.686477623609877,0.00044484296851353395,0.010309741059708992,-0.324337400614767,66.90433644186227,43.772808072342116,1.4810333806922016
17.42099999999831,93.2130722784972,40.00506121252521,-0.1226030377786877,3.6028772464095535,-0.11439001301042345,0.020019376647163478,3.9167246603393826,9.686469097811537,0.0004434599226632269,0.01031052263201237,-0.3243500049378543,66.83133760910786,43.493186521892106,1.4810338747553513
17.427999999998317,93.2139676930128,40.0050656445454,-0.12260586192133749,3.602910003978124,-0.11439204862094718,0.02002070585308198,3.9167636866145363,9.686466850680816,0.000443090515553901,0.01031072888413061,-0.3243533334535551,66.81208741785228,43.41779940910622,1.481034005372158
17.441999999998334,93.21573529259844,40.00507447560156,-0.12261144607158499,3.6029746390245982,-0.1143960633764032,0.02002334334739441,3.916840772931443,9.686462416671,0.0004423552481353677,0.010311136122998422,-0.324359908385872,66.77410105926256,43.26689493523503,1.4810342635781615
17.459999999998356,93.21796270904879,40.00508576549126,-0.12261850094261184,3.6030560259461724,-0.11440111534162319,0.020026694160181265,3.9169380022411384,9.686456833109826,0.0004414162339253426,0.010311649464631265,-0.3243682017630876,66.72626960751953,43.07262396415224,1.4810345896705162
17.489999999998393,93.22156424157448,40.00510442203398,-0.12262995940587093,3.603187511932319,-0.11440926235792674,0.020032187640444267,3.9170953146290763,9.686447819676705,0.0004398664496256717,0.010312479674476021,-0.3243816273691765,66.64907511749594,42.7482285836865,1.4810351186217614
17.501999999998407,93.222966582212,40.005111828853686,-0.12263444028497178,3.6032386805185346,-0.11441242765494397,0.02003435421701857,3.917156583627018,9.686444314663415,0.0004392524505569103,0.010312802979712404,-0.32438686037324393,66.6190823232111,42.6182625160597,1.481035325176793
17.52099999999843,93.2251423438208,40.005123491354084,-0.12264141352712227,3.603318018181814,-0.1144173335505412,0.02003774606738419,3.917251699643771,9.686438878378883,0.0004382875973235458,0.010313304735276365,-0.3243949874529205,66.57262960102348,42.41224675286185,1.4810356464234706
17.56099999999848,93.2295460244542,40.005147785487864,-0.12265560892796967,3.603478346551501,-0.11442724458966283,0.020044732036897606,3.9174444798867665,9.686427879834595,0.0004362832404887558,0.010314320891791977,-0.3244114685000871,66.47899215367364,41.97761501843586,1.481036299841494
17.562999999998482,93.22976003426062,40.005148991038986,-0.12265630206438706,3.6034861312911963,-0.11442772536637487,0.020045076292610202,3.917453852244086,9.686427345764898,0.0004361839678014911,0.010314370284586986,-0.32441227039238785,66.47445848504354,41.95585186403302,1.4810363317080755
17.596999999998523,93.23330968897459,40.00516935241736,-0.12266784853839761,3.603615171547828,-0.1144356897714896,0.02005085647989985,3.917609323402251,9.686418491047373,0.0004345124157996619,0.010315189639291332,-0.3244255848424539,66.39954943697009,41.585436013120784,1.4810368619072123
17.61799999999855,93.23541882368048,40.00518180351489,-0.12267475300321821,3.6036917301468696,-0.11444041677983023,0.02005435347284931,3.9177017962382377,9.686413227949375,0.00043349563360597145,0.010315676739201697,-0.32443351199393533,66.3553260243039,41.35624504653724,1.4810371786301435
17.62799999999856,93.23640103559714,40.005187699238896,-0.12267798001975598,3.6037273459764605,-0.11444261679767873,0.02005599891383919,3.9177448947564764,9.6864107762876,0.0004330154210220354,0.010315903658039327,-0.32443720807335463,66.33481661295157,41.24700172681978,1.481037326603307
17.637999999998573,93.2373691831496,40.005193573500584,-0.12268116902035948,3.603762431671069,-0.11444478389623104,0.02005763249829637,3.9177873873661437,9.686408360028507,0.000432537728541851,0.010316127353865256,-0.324440853677324,66.31466192742893,41.13769238931463,1.4810374727549354
17.671999999998615,93.24055753830646,40.0052133857255,-0.12269173623659056,3.603877873614632,-0.11445190855217191,0.020063102920753473,3.917927321496806,9.686400407136182,0.0004309344449976256,0.010316864080464547,-0.3244528756549825,66.2487922277051,40.765562334510996,1.4810379561942293
17.69099999999864,93.2422702023998,40.0052243495922,-0.122697455474646,3.603939799570404,-0.11445573060416821,0.020066100435204664,3.9180025287677904,9.686396134457175,0.00043005402000376094,0.010317259952639497,-0.324459346382212,66.21377286402057,40.55729753244739,1.4810382173943892
17.703999999998654,93.24341365079906,40.00523180689006,-0.1227012906076786,3.6039810940914907,-0.11445828118692686,0.02006812511420278,3.9180527876148585,9.686393280286381,0.00042945797169557465,0.010317524364308132,-0.3244636728117526,66.19055269734923,40.4146778754277,1.4810383924579729
17.729999999998686,93.24563263915795,40.00524661397079,-0.12270877654797052,3.6040611219022503,-0.11446322458882918,0.020072114648384376,3.9181503985167065,9.68638774185785,0.00042828068389554855,0.010318037659103383,-0.3244720821132183,66.14591908619019,40.129150840589055,1.4810387337816728
17.75699999999872,93.24784342604924,40.005261839099546,-0.12271630178411909,3.6041407530620204,-0.11446813690189743,0.020076180079275332,3.9182476569121722,9.686382229513004,0.00042708064920279925,0.010318549118892961,-0.32448047625312654,66.10212140301958,39.83225416772661,1.481039075964677
17.771999999998737,93.24903085036965,40.00527023089844,-0.1227203729899971,3.604183471148023,-0.11447077120265779,0.02007840273520713,3.9182999259872537,9.68637926944426,0.00042642480794985297,0.01031882392561544,-0.3244849931665709,66.07891439753315,39.66714910032977,1.4810392607340503
17.793999999998764,93.25072004285653,40.00528245310786,-0.12272620049027493,3.6042441466034116,-0.11447451421020838,0.020081613330164696,3.9183743815558016,9.686375057839818,0.00042547650051507496,0.010319215096938165,-0.32449143119524293,66.046332528493,39.424795147567686,1.4810395249210304
17.8239999999988,93.2529255127698,40.00529895599104,-0.12273388320279592,3.6043232185751863,-0.1144793858080797,0.020085905029727843,3.9184717083499994,9.686369565936973,0.00042420825886430464,0.01031972611791737,-0.3244998569975789,66.00469404736333,39.09394969715142,1.4810398722886118
17.861999999998847,93.25556126145999,40.00531958863643,-0.12274319581269443,3.6044175426473952,-0.11448517793401682,0.020091206013246724,3.9185881157987277,9.686363019446233,0.0004226466839787376,0.010320337219478467,-0.3245099579343693,65.95658130523044,38.674322921992264,1.4810402912940688
17.88799999999888,93.25726434349207,40.0053335316685,-0.12274929478098218,3.6044783212195424,-0.11448890356015999,0.02009473936224033,3.918663532231525,9.68635879632715,0.0004216068801537846,0.01032073263227178,-0.3245165093079095,65.92664674409896,38.38688224395003,1.4810405646991331
17.910999999998907,93.25870513690865,40.00534574841211,-0.12275451484719914,3.604529650481765,-0.11449203797787606,0.02009780835732563,3.918727410410703,9.686355235083704,0.0004207053606068394,0.01032106739984065,-0.3245220657250979,65.90218969959295,38.13240494489118,1.4810407977092994
17.939999999998943,93.26043591358955,40.005360994868155,-0.12276087057403104,3.6045912234295767,-0.11449577879810137,0.02010160524370349,3.918804209986863,9.68635097369447,0.0004195951196021936,0.01032146986424104,-0.3245287590704483,65.8740624142361,37.811293696756685,1.481041079846389
17.957999999998965,93.26146237998991,40.00537037004847,-0.12276468608002729,3.6046276617304485,-0.11449798553798073,0.020103917349632815,3.9188498637727207,9.686348452851357,0.0004189208198292144,0.010321708881799082,-0.3245327415979461,65.85812538957721,37.611855339252,1.4810412485182107
17.989999999999004,93.26319914168712,40.005386870863454,-0.12277123234882896,3.6046891697820915,-0.11450169135813384,0.020107948885311904,3.918927290022985,9.686344205764176,0.0004177477717574367,0.010322113845777749,-0.324539502389129,65.8326720571714,37.25708092327001,1.481041536386231
18.01999999999904,93.26472845357681,40.00540214715741,-0.12277711027362555,3.6047432285548204,-0.11450491664109869,0.020111646484562817,3.918995552898589,9.686340493482168,0.0004166792757395708,0.010322470854406936,-0.32454547830538616,65.81215868477352,36.92425624454373,1.4810417925651291
18.05199999999908,93.26625592279451,40.00541823582489,-0.12278310020940286,3.6047970516423464,-0.11450810285027901,0.020115494970846214,3.9190639769272675,9.686336807322398,0.0004155734797121603,0.010322828193203392,-0.32455147731352535,65.79385246401414,36.56904103637613,1.4810420515282288
18.07699999999911,93.26737703226769,40.00543065750001,-0.12278758656239379,3.6048364357179916,-0.11451041143512283,0.02011843793297638,3.9191143513862983,9.686334122260433,0.0004147319337645338,0.01032309092203477,-0.32455590059268535,65.78211954814212,36.29140809648731,1.4810422437923958
18.08499999999912,93.267722856351,40.00543460508285,-0.12278898858624301,3.6048485716654257,-0.11451111710285432,0.020119369331824496,3.91912989883949,9.686333298817383,0.00041446692322525005,0.010323172008972458,-0.32455726824835757,65.77884107620184,36.20254647678696,1.4810423034856548
18.113999999999155,93.2689245302388,40.00544880747985,-0.12279378209604004,3.6048906806621543,-0.11451355729210785,0.020122601242382084,3.919184008113501,9.686330385990745,0.000413524753744299,0.01032345353544951,-0.32456203621819113,65.76889201078677,35.88035854802976,1.4810425125491053
18.147999999999197,93.27023116896308,40.00546527230988,-0.12279893739961777,3.604936277804923,-0.11451614309328273,0.02012616276778284,3.919243136664817,9.686327204433052,0.0004124554244564989,0.010323756068978554,-0.32456725561009975,65.76109206378011,35.50252179972838,1.4810427432478206
18.16699999999922,93.27091527562496,40.00547438857138,-0.12280170159624444,3.6049600805234028,-0.11451746788205254,0.020128103513566496,3.9192741715488104,9.686325571462485,0.0004118737307873256,0.010323912492282705,-0.3245700022975602,65.7585504109291,35.291347237249326,1.4810428655051595
18.188999999999247,93.27166744243642,40.005484867408256,-0.12280481324796978,3.6049862063081295,-0.11451889930413742,0.020130313933627277,3.919308334851635,9.686323809916846,0.0004112156989740692,0.010324083000715844,-0.32457303475191956,65.75723530166711,35.04681522087308,1.4810430012036584
18.212999999999276,93.27243952234572,40.00549620315951,-0.12280810031930035,3.605012927626747,-0.11452034251761957,0.020132679039568002,3.9193435413150466,9.686322039006914,0.00041051699088741567,0.010324256848585367,-0.32457616618722884,65.75779313499885,34.7800497809141,1.48104314218993
18.227999999999295,93.27289692323889,40.00550323646225,-0.1228100994287013,3.6050286981404236,-0.11452118358673638,0.020134134294078725,3.919364484923959,9.686321009525852,0.0004100897460635749,0.010324359456375633,-0.324578031460989,65.75919758595204,34.61332663595897,1.4810432266404117
18.26399999999934,93.27391953457305,40.00551995088218,-0.1228147421037548,3.6050638425416874,-0.11452301564850158,0.02013757169137559,3.9194114118615473,9.686318773271518,0.0004090942032910335,0.010324588176603096,-0.32458222756258015,65.7658816496342,34.21323448359038,1.4810434181073617
18.275999999999353,93.27423738478613,40.00552546934648,-0.12281624234493366,3.60507473238786,-0.11452357100904655,0.020138701127325655,3.9194260329204473,9.686318096729448,0.0004087724559081966,0.010324659268854612,-0.32458354070208373,65.76914905394169,34.079891136289376,1.4810434784933553
18.301999999999385,93.2748870949322,40.00553733324796,-0.12281940285365674,3.6050968885688506,-0.11452473650434916,0.020141147946158955,3.9194560019141353,9.686316649937872,0.0004080930857715995,0.010324804718441633,-0.32458624341401343,65.77801093668742,33.791030344048835,1.4810436036020782
18.333999999999424,93.2756163723091,40.005551757562046,-0.12282315086868915,3.6051215583074927,-0.11452601992798757,0.02014413467905274,3.919489814147246,9.686315035809365,0.0004072899402569285,0.010324967112306752,-0.32458930905736455,65.79226558809664,33.43562828076121,1.4810437470549782
18.340999999999433,93.27576602051775,40.0055548862688,-0.12282394962569228,3.6051266043196315,-0.1145262762577497,0.020144781038087374,3.9194967658834043,9.686314711994413,0.0004071191347329927,0.010325000319201324,-0.3245899424100923,65.79587608023574,33.35790503496755,1.481043776917753
18.40499999999951,93.27697484899228,40.005583039556946,-0.12283089131487744,3.605167027363356,-0.11452821406539418,0.020150537053043288,3.919553508911158,9.68631224813352,0.0004056408636013576,0.010325269150786213,-0.3245951418989985,65.83707585266453,32.647732644423364,1.4810440255758284
18.45399999999957,93.27771875699361,40.00560403259511,-0.12283579844036678,3.6051915402828296,-0.11452922843419305,0.02015479016686751,3.919589049990755,9.686310921734677,0.0004046059882937251,0.01032543758111586,-0.3245984391930273,65.8785907819161,32.104672823573615,1.4810441876707934
18.508999999999638,93.27838088742811,40.005627000898656,-0.12284090316746173,3.6052129009793443,-0.11452994303971743,0.02015943196867907,3.919621551726427,9.686309909974845,0.0004035415925455547,0.010325593376882162,-0.3246014909127598,65.93547602205285,31.49599104536971,1.4810443426452953
18.520999999999653,93.27850299022055,40.005631927312315,-0.12284196620420823,3.605216789148717,-0.11453004328070616,0.02016043211183182,3.9196276394695477,9.686309749652466,0.00040332254057517746,0.010325623018626197,-0.3246020707790345,65.94933162928307,31.363328911495252,1.4810443728966343
18.54299999999968,93.27870677274348,40.00564087925794,-0.12284386728074195,3.6052232126362305,-0.11453018042659178,0.02016225236922112,3.919637935496543,9.68630950505068,0.0004029337649250272,0.010325673489635957,-0.32460305818642804,65.97607595043196,31.12025927263914,1.4810444252098778
18.571999999999715,93.27893683722105,40.00565252106711,-0.12284627680484783,3.6052302986537095,-0.11453027359044332,0.020164624570778392,3.9196498951983654,9.686309272883198,0.00040244468762102117,0.010325732514802654,-0.3246042148131099,66.01398205979979,30.80015265804339,1.4810444881747529
18.604999999999755,93.27914958655487,40.005665548079094,-0.12284890238544224,3.6052366818158186,-0.11453026173117299,0.020167299533895122,3.919661282330826,9.686309129455289,0.0004019196547392342,0.010325789502156787,-0.32460533976482786,66.06078164069143,30.436346419072205,1.4810445519516733
18.63199999999979,93.27928675966918,40.00567603057908,-0.12285096081722978,3.605240640737066,-0.11453016814345753,0.020169465662208168,3.9196689550336448,9.686309097603305,0.0004015168157868346,0.010325828250367182,-0.3246061179948963,66.10197056525075,30.139073404443753,1.4810445982437301
18.663999999999827,93.27940835052027,40.00568824848706,-0.12285329300163285,3.6052438833131357,-0.11452996791131559,0.020172001787455075,3.91967631171683,9.686309149134548,0.00040106820165892445,0.01032586515830146,-0.32460688362728385,66.15416026136486,29.787234051212476,1.4810446466482146
18.667999999999832,93.27942066024602,40.0056897599996,-0.1228535773333015,3.6052441910650077,-0.11452993610830173,0.020172317130886075,3.9196770983415457,9.686309162423875,0.00040101425158290457,0.010325869091146122,-0.3246069678375609,66.16094099435463,29.74329281819314,1.4810446522265561
18.678999999999846,93.27945137413867,40.00569389859062,-0.12285435174061106,3.6052449360065015,-0.1145298412972102,0.020173182634858275,3.919679109731021,9.686309206559843,0.0004008684782609,0.010325879135291384,-0.3246071867375172,66.17988228500809,29.62250025338756,1.4810446670431212
18.719999999999896,93.2795259690676,40.00570909049951,-0.12285713066094267,3.6052463873416305,-0.11452957943938863,0.02017625685219889,3.9196850785395054,9.686309407534656,0.0004003550044863834,0.010325908995604725,-0.324607846133941,66.25428035017808,29.172888587064275,1.4810447157547255
18.729999999999908,93.27953488209737,40.00571274019277,-0.12285777785077966,3.6052464249540837,-0.11452951294326877,0.020176987199959525,3.9196861501020672,9.686309466727892,0.0004002353918088731,0.01032591512347892,-0.32460797096809146,66.27333390923171,29.06338045642716,1.4810447261385955
18.757999999999942,93.2795423501212,40.005722843519486,-0.12285955159340999,3.6052459727761104,-0.1145292786172529,0.020179035326206237,3.919688282806233,9.686309674102734,0.00039991348460069063,0.010325929759893224,-0.3246082495068682,66.32857476745795,28.75709360084614,1.4810447522372534
18.77999999999997,93.27953138054083,40.0057306614134,-0.12286090833994344,3.6052450838362287,-0.11452904059929986,0.020180651458908364,3.919689089486854,9.686309879620598,0.0003996764606298028,0.010325938491189268,-0.3246083992618497,66.37393086894512,28.516799608905945,1.481044769777099
18.799999999999994,93.2795088754597,40.0057376762541,-0.12286210833215451,3.605243843397459,-0.11452878282502738,0.02018212135405314,3.919689240349354,9.686310095936573,0.0003994742099795331,0.010325944087003767,-0.3246084861432713,66.41665261879886,28.298636700878443,1.4810447835535052
18.82300000000002,93.27946887750065,40.005745634679265,-0.12286344679894039,3.605241911035673,-0.1145284392637707,0.020183809046543218,3.9196887986046085,9.686310378009791,0.00039925634546328934,0.010325947473986914,-0.3246085308579079,66.46753325464194,28.048098622171516,1.4810447969453673
18.840000000000042,93.2794306250965,40.00575144235569,-0.12286441198711692,3.605240192897801,-0.11452815305676106,0.020185056661791292,3.9196880481496468,9.68631061084855,0.00039910520940028435,0.010325947718512777,-0.3246085277343532,66.50634276067007,27.863166259024815,1.481044805222756
18.868000000000077,93.27935314202473,40.005760869474024,-0.12286596374323626,3.6052369217723554,-0.11452762425594804,0.02018711218181083,3.919686047979245,9.686311039703135,0.00039887651417508125,0.010325943684949223,-0.3246084604861365,66.57248823716887,27.559047610882814,1.4810448159876022
18.87000000000008,93.27934693093538,40.005761536241906,-0.12286607265515875,3.605236666535031,-0.1145275839508771,0.020187258750053783,3.919685872454616,9.686311072333817,0.00039886119141794267,0.01032594317909306,-0.3246084528898199,66.57731869935574,27.537348047600258,1.4810448166243961
18.889000000000102,93.279283488846,40.00576782671553,-0.12286709301495172,3.605234088930161,-0.11452718522250893,0.020188647353541117,3.919684017910781,9.686311394717153,0.00039872216848923413,0.010325936884776113,-0.3246083630609296,66.62391073476178,27.33136018827903,1.4810448218265686
18.925000000000146,93.27914327841705,40.005779528968354,-0.12286895961966667,3.60522854243354,-0.11452649788499104,0.02019136738961482,3.9196798079057773,9.686311809747727,0.00039848492778142813,0.010325915079987372,-0.3246081097526062,66.71567226270543,26.94187291912593,1.4810448276066028
18.933000000000156,93.27910908048457,40.00578209087154,-0.12286936988320644,3.6052272320705727,-0.11452632868488558,0.02019197218495641,3.9196787134697484,9.686311919401867,0.0003984363879157446,0.010325908179251933,-0.3246080397962187,66.73668172435039,26.855467614480396,1.4810448281785866
18.958000000000187,93.27899567799844,40.00579000641772,-0.12287062015903771,3.6052229759509573,-0.11452576208148613,0.020193835220965867,3.9196749495745804,9.686312305514544,0.00039829650550755955,0.010325882077571069,-0.3246077921731524,66.80378213586383,26.58580736846866,1.4810448283329483
18.996000000000233,93.27880515313542,40.0058017793557,-0.12287243004958599,3.6052159429729245,-0.11452479193566506,0.020196567235280537,3.919668422358253,9.686313035828379,0.000398118673873385,0.010325830224509749,-0.32460733835845546,66.90996223541472,26.176990013990544,1.4810448239887426
18.998000000000236,93.27879460106419,40.0058023904302,-0.12287252288652156,3.6052155564847848,-0.11452473753702362,0.020196707827609163,3.9196680541301903,9.68631307911798,0.0003981104134013669,0.010325827128653464,-0.32460731206722737,66.91569034029675,26.15550992480385,1.48104482361328
19.012000000000253,93.27871956011893,40.005806644134005,-0.12287316764193705,3.60521282342869,-0.11452434822336988,0.02019768398151478,3.919665404182462,9.68631339518814,0.00039805571327929855,0.010325804537627319,-0.32460712181783336,66.95617756966327,26.005254103802496,1.481044820591772
19.045000000000293,93.2785350902588,40.00581650643242,-0.12287465310860704,3.6052062087147907,-0.11452338034513765,0.020199927648509815,3.919658715063697,9.686314221002673,0.000397949630397545,0.010325745610314616,-0.32460663438670734,67.0543116819291,25.651819667235166,1.481044810881139
19.064000000000316,93.2784241022088,40.00582208080508,-0.1228754826278136,3.6052022594782063,-0.11452279973189891,0.020201178941335135,3.9196546685330973,9.686314737400828,0.00039790267820426315,0.010325708632363017,-0.32460633175252274,67.11252960207248,25.448810774154037,1.4810448037698318
19.094000000000353,93.27824317908392,40.00583072952565,-0.12287675875999153,3.605195865318197,-0.11452186049271676,0.020203099508470962,3.919648054469076,9.686315599499514,0.00039784638687227693,0.010325646654961136,-0.3246058250022389,67.20699998764388,25.129012676782963,1.481044790545715
19.128000000000394,93.27803278785933,40.005840306819266,-0.1228781717493033,3.605188576254638,-0.11452077864105778,0.0202052071789166,3.919640218402289,9.686316628520212,0.00039780880433962494,0.010325572458714927,-0.32460521530907943,67.31782715662256,24.76770741263154,1.4810447730436835
19.155000000000427,93.27786197163425,40.005847743919496,-0.12287926270875606,3.605182717832575,-0.11451992433944236,0.020206823986523036,3.919633884856404,9.686317462055698,0.00039779782841620014,0.010325511575550743,-0.32460471036585514,67.40867485429544,24.481673768405134,1.48104475762807
19.170000000000446,93.27776605940053,40.005851811927045,-0.12287985790096574,3.60517944635376,-0.11451945605067414,0.02020770241264918,3.9196303490288624,9.686317925798257,0.00039779747946783195,0.010325477273955668,-0.3246044231410622,67.46022850813729,24.323113726439892,1.4810447486103613
19.19700000000048,93.27759306638032,40.00585902052551,-0.12288091842278016,3.6051736268853047,-0.11451862929706584,0.020209255816198195,3.9196239217655666,9.686318756588445,0.00039780657083889504,0.010325415079714491,-0.3246038966283428,67.55496923427181,24.038345759294984,1.4810447317698738
19.20500000000049,93.27754178834277,40.005861128430936,-0.12288123003896129,3.605171922331643,-0.11451838958608558,0.02020970916457427,3.9196220079352613,9.68631900021587,0.00039781178165697773,0.010325396610495398,-0.3246037388524882,67.58351973481673,23.954130712921494,1.481044726666614
19.242000000000534,93.27730411972986,40.0058707127208,-0.12288264630277969,3.6051640727915695,-0.11451732412232928,0.020211758544554436,3.9196132319706996,9.686320095480921,0.00039784880681479094,0.010325311443944466,-0.324603002111169,67.71840763267159,23.56561358040463,1.4810447026955182
19.260000000000556,93.27718875365828,40.00587527838153,-0.12288332262061598,3.6051602939253176,-0.11451683495735893,0.020212730858217197,3.9196090201511824,9.686320605154904,0.00039787248360612895,0.010325270363679515,-0.3246026406221908,67.78571450213012,23.377197945568323,1.4810446909669142
19.292000000000595,93.27698600561325,40.00588324013843,-0.12288451613420732,3.6051537715069824,-0.114516017266306,0.0202144298840286,3.9196015746447848,9.686321468752599,0.00039792287212695495,0.010325198320571782,-0.32460199668851325,67.90808642695012,23.04322033275691,1.4810446703257834
19.32000000000063,93.27681069752389,40.005890045618514,-0.1228855436985414,3.605148206284606,-0.11451536450149179,0.020215879306296973,3.9195952004459955,9.686322168393025,0.00039797526869143017,0.010325136664377359,-0.32460143557582427,68.01800405981737,22.752046646902702,1.4810446527556569
19.335000000000647,93.2767176134121,40.005893630416374,-0.12288608632779627,3.6051452637632124,-0.11451504083362699,0.02021664135358294,3.9195918661235836,9.68632251882794,0.00039800514874761584,0.010325104251227617,-0.32460113651884703,68.0779763796776,22.596475298294006,1.4810446436213125
19.376000000000698,93.27646867422331,40.0059032146631,-0.122887558445232,3.6051375356206767,-0.11451424780428751,0.02021868818961811,3.9195829347654083,9.686323392238545,0.0003980912649123974,0.010325018140797807,-0.3246003276718718,68.24575961562994,22.17275777793249,1.4810446199471712
19.398000000000724,93.27633823549627,40.00590822961693,-0.12288833818911211,3.6051335524502783,-0.11451387992765259,0.020219761110597555,3.919578291752116,9.686323806298207,0.00039814051069172286,0.010324973596956298,-0.324599901224566,68.33811130819663,21.946328819062348,1.481044608165235
19.42700000000076,93.27616927314234,40.005914706381134,-0.12288934901270078,3.605128411348301,-0.11451345779703187,0.02022114539295052,3.9195723984065554,9.68632429053937,0.0003982055692204687,0.01032491676666882,-0.3245993481741582,68.46231505571254,21.648873085118318,1.4810445937561685
19.442000000000778,93.27608373020894,40.00591799748627,-0.12288986820089176,3.605125839303531,-0.11451326583155894,0.020221851755744855,3.919569421782418,9.686324515741827,0.0003982386121022919,0.010324888237887018,-0.3245990663820487,68.52765617948903,21.49547916490269,1.4810445868356197
19.46700000000081,93.27594406028176,40.005923394375344,-0.12289072882979915,3.6051216980458367,-0.11451298455993497,0.020223014382139498,3.919564558639812,9.686324854172282,0.000398293452513168,0.010324842058807016,-0.32459860429026693,68.63821611358941,21.240535784517782,1.4810445761425912
19.50100000000085,93.2757584019781,40.00593055985738,-0.12289187544808411,3.605116212837288,-0.11451267976218744,0.020224555548099078,3.9195582520317878,9.686325237216721,0.0003983656706503223,0.010324782064288853,-0.3245979917235787,68.79189210972997,20.89526996430882,1.4810445633241223
19.530000000000886,93.27560435077466,40.00593651631638,-0.12289283522288302,3.6051116890626407,-0.11451248397801879,0.020225839917095825,3.919553116294866,9.686325500473236,0.00039842119862870565,0.010324733438065031,-0.3245974827251792,68.9259746337917,20.602134373889577,1.4810445539605572
19.55700000000092,93.275464649256,40.00594193595776,-0.12289371694818603,3.6051076412706995,-0.11451234893392478,0.0202270135136169,3.9195484819405615,9.68632569952336,0.00039846812252432247,0.010324690282406618,-0.32459702034832416,69.05328671163535,20.330361294105593,1.4810445465071302
19.587000000000955,93.27531177737634,40.005947818415166,-0.12289466887048156,3.605103181155833,-0.11451224995749457,0.020228282781434508,3.9195435819603324,9.68632586809114,0.0003985127456217523,0.010324644683822437,-0.32459651876358125,69.19753332536358,20.029713593028205,1.4810445395826113
19.596000000000966,93.27526635960913,40.005949555127245,-0.12289494891552519,3.6051018484672532,-0.11451222956103363,0.020228657340847073,3.9195421571132774,9.686325909037947,0.00039852383397788346,0.010324631466054602,-0.3245963703347987,69.24137778444717,19.939794803885924,1.4810445377681258
19.611000000000985,93.2751912642437,40.00595242133179,-0.12289541168111373,3.605099650240691,-0.11451220363908719,0.020229276960740263,3.9195398067039426,9.686325969166106,0.000398539772648433,0.010324609893247773,-0.32459612479572497,69.31503532445205,19.790216157209294,1.481044534997689
19.650000000001032,93.27499804020397,40.005959710556425,-0.1228965845087655,3.6050939951801757,-0.11451217940368094,0.02023085541500364,3.919533836059106,9.686326080914037,0.0003985669846789247,0.010324556372204247,-0.32459549630660617,69.50994654952288,19.403008015248183,1.481044529151555
19.666000000001052,93.27491852923717,40.00596263448922,-0.12289704564335403,3.6050916225102094,-0.1145121863113982,0.02023148498309127,3.919531475687314,9.68632610786289,0.00039857092114923247,0.010324535405860095,-0.3245952413894269,69.59132609537467,19.244872964634148,1.4810445272541342
19.679000000001068,93.2748536517813,40.00596498242359,-0.12289741142913492,3.6050896631930334,-0.11451219779201463,0.020231989651703038,3.919529587193398,9.686326122922408,0.00039857005457985274,0.010324518744102855,-0.3245950346794948,69.6580513061014,19.116700965592806,1.4810445258966112
19.710000000001106,93.27469807377545,40.00597048296193,-0.12289825679468945,3.605084926934517,-0.11451224060846703,0.02023317453982,3.919525089903135,9.686326140904772,0.0003985524508679821,0.010324480198346003,-0.3245945411466256,69.81934435477102,18.81220568629697,1.4810445232179215
19.73000000000113,93.27459601066931,40.0059739597345,-0.12289877744560558,3.6050817732323845,-0.1145122777269859,0.0202339222206738,3.9195221815768537,9.686326140430054,0.0003985294356131979,0.010324456083337794,-0.32459422088697926,69.92502792881459,18.61662509790604,1.4810445218156254
19.767000000001175,93.27439991120191,40.0059802486322,-0.12289966843182175,3.60507549341291,-0.11451236760017208,0.02023525636454513,3.919516804679526,9.68632611425333,0.0003984570314206597,0.010324412527294113,-0.3245936173603401,70.12388219609362,18.256627576438607,1.4810445196132718
19.793000000001207,93.27425552183192,40.00598456104283,-0.12290023849308758,3.6050707280636436,-0.11451245061145693,0.020236154846553202,3.919512873889294,9.686326080222676,0.0003983795416788566,0.010324382610523677,-0.32459317837543894,70.26619858415634,18.005098232447985,1.4810445181444252
19.797000000001212,93.2742326621343,40.00598521691948,-0.12290032142924968,3.605069963553549,-0.11451246359845685,0.02023629055653883,3.9195122551804102,9.686326074280462,0.00039836560956780815,0.010324378042892662,-0.3245931094326743,70.2882817241139,17.96650841230799,1.481044517909902
19.810000000001228,93.27415672647025,40.005987334922665,-0.12290058011573482,3.605067392660983,-0.11451250625747283,0.020236725807276937,3.9195102291155464,9.68632605321809,0.0003983162522029571,0.010324363225117036,-0.32459288225725347,70.36039781441191,17.841290171344113,1.481044517114058
19.84300000000127,93.27395044728796,40.00599262126758,-0.1229011511409127,3.6050601410843073,-0.11451261554275062,0.020237789330359635,3.9195049713317363,9.68632598737174,0.00039815665437135483,0.010324325386577186,-0.3245922778156025,70.54583011339041,17.5248059666589,1.4810445147115499
19.863000000001293,93.27381565996703,40.005995765032054,-0.12290144392017115,3.6050552718888187,-0.11451267785889263,0.020238414828757063,3.9195015530903987,9.686325946149294,0.0003980318272163115,0.010324301910292013,-0.3245918862835314,70.65986021428449,17.3339710265353,1.481044512841712
19.87700000000131,93.27371692589446,40.00599793969854,-0.12290162888443237,3.6050516810961706,-0.11451271684031529,0.020238848099242666,3.919498971315583,9.686325920784597,0.0003979319791366029,0.010324285085172979,-0.3245915990492833,70.7404176428105,17.200829154517336,1.48104451127629
19.912000000001353,93.27345091091767,40.006003286313415,-0.12290200170051219,3.605041842707957,-0.11451278948496543,0.02023990395832609,3.919491792541657,9.686325873109979,0.0003976402505955474,0.010324241059829646,-0.3245908283464633,70.94445227247698,16.869588851903917,1.4810445061584765
19.92600000000137,93.27333549611653,40.00600539054591,-0.12290210683979777,3.6050374697079812,-0.11451280607571784,0.02024031098520742,3.9194886324910785,9.686325861201636,0.00039750594231224997,0.010324222410532685,-0.32459049628788245,71.02711811796149,16.737745670898473,1.481044503521956
19.93500000000138,93.27325839851967,40.0060067333812,-0.12290216011545042,3.605034518284824,-0.11451281220561241,0.02024056777443386,3.919486499403032,9.686325856455728,0.0003974139147209613,0.010324210029947309,-0.32459027474570085,71.08057664325254,16.653188354318406,1.4810445016179334
19.96800000000142,93.2729554326526,40.006011594340556,-0.12290225669930693,3.6050227685028076,-0.11451279671107462,0.020241476336174367,3.919477850390237,9.686325866758562,0.0003970387154590918,0.010324161500132488,-0.3245894032742245,71.27870024884002,16.344490193434158,1.4810444930230835
19.99100000000145,93.2727226914908,40.00601492782057,-0.12290222033856088,3.605013584749726,-0.11451274520266308,0.020242071000239795,3.9194710110399407,9.686325904193918,0.00039674276633201825,0.010324124214279428,-0.3245887355035671,71.4187374353408,16.130600892955428,1.4810444852932365
19.996000000001455,93.27266939384393,40.00601564701473,-0.12290219929321373,3.6050114590920184,-0.11451272916503277,0.020242194955013733,3.919469437282923,9.686325915818532,0.0003966744804804773,0.010324115671467215,-0.32458858307379146,71.44939146012156,16.084242004115602,1.481044483398362
20.031000000001498,93.27226717876292,40.0060206317053,-0.12290191503582638,3.604995206345453,-0.11451256264743247,0.020243009493646377,3.9194574355381384,9.686326040057423,0.00039615290882252514,0.01032405082694282,-0.32458743444716337,71.6660716927788,15.761131997025123,1.4810444677143442
20.055000000001527,93.27196039382834,40.006024004442814,-0.12290158371336714,3.6049826705420474,-0.1145123855625304,0.02024351846517522,3.919448013881897,9.686326180409282,0.00039575025063245527,0.010324000638127122,-0.32458655590231966,71.81676861817249,15.54100377733701,1.4810444542179961
20.084000000001563,93.27155095468477,40.006028037857476,-0.12290101735657821,3.6049657780376396,-0.11451209424812438,0.020244069863223045,3.91943522640966,9.686326418346281,0.0003952145252960036,0.010323932896424987,-0.3245853835470064,72.00114283990413,15.276592695399268,1.4810444344784408
20.100000000001582,93.2713048504056,40.00603024649278,-0.12290061825771546,3.604955530295733,-0.11451189447484672,0.020244340386398538,3.9194274863307452,9.686326583869864,0.0003948938723145253,0.0103238918359662,-0.32458467929808804,72.10393003918833,15.131457506629726,1.4810444218059036
20.125000000001613,93.27088992594793,40.00603367806622,-0.12289987124788873,3.6049381635393933,-0.11451152069604419,0.02024471888988474,3.919414262026988,9.68632690007261,0.0003943545506204367,0.010323821907075552,-0.3245834886700533,72.26604093287312,14.905758348783637,1.4810443992073739
20.141000000001632,93.27060390521369,40.006035863939395,-0.12289931327225302,3.604926160149645,-0.11451123858013657,0.020244933470356073,3.9194049952794865,9.686327143627492,0.00039398493981168003,0.010323773212565654,-0.3245826650130591,72.37075141326324,14.762004547393918,1.481044382813301
20.176000000001675,93.26991580893196,40.006040625323436,-0.12289784818431625,3.6048971393899474,-0.11451049585053481,0.020245313493230534,3.9193824575175946,9.68632779420243,0.00039310820134178795,0.010323655041034753,-0.32458068042408994,72.60240081470329,14.449451984172322,1.48104434117016
20.18800000000169,93.26965856862975,40.00604225370323,-0.12289726245750804,3.6048862359189977,-0.11451019918447963,0.020245413478277484,3.9193739790630255,9.686328056485074,0.00039278430454529065,0.010323610566372807,-0.32457993747752334,72.68263933620189,14.342899822953463,1.4810443249232939
20.227000000001738,93.26874255868535,40.00604754233605,-0.12289506277568346,3.6048473311027567,-0.1145090698645541,0.020245640856329288,3.9193433446881536,9.686329069931437,0.0003916444315039481,0.010323450744686236,-0.3245772795174058,72.9462716467586,13.998778678569389,1.4810442644622954
20.255000000001772,93.26800287017578,40.006051344804455,-0.1228931852367623,3.604815855098405,-0.11450808940890522,0.02024570522628992,3.9193182116967202,9.686329962521539,0.0003907435475842556,0.0103233205033204,-0.32457512330296706,73.13822326957983,13.753790199600015,1.48104421318518
20.274000000001795,93.2674577078657,40.00605393270769,-0.12289175221615957,3.604792595360922,-0.11450733732967937,0.02024569476776961,3.9192995917242257,9.68633065083627,0.0003900902349019912,0.010323224113059826,-0.3245735311720975,73.26974126871657,13.588546542235173,1.4810441742968328
20.31000000000184,93.26632374998421,40.00605886417956,-0.12288868456403602,3.6047441679216456,-0.11450569990713044,0.02024556788637083,3.9192603864626507,9.686332164550564,0.000388753113634656,0.010323022270289991,-0.32457020297172,73.52171830220279,13.2776923634793,1.4810440907577038
20.317000000001848,93.26608774412578,40.006059828388835,-0.12288803817903621,3.6047341008572467,-0.1145053455374262,0.020245530611154416,3.919252091280252,9.686332495792463,0.00038847850938026685,0.010322979963655244,-0.3245695060299633,73.57113492273358,13.217591711316803,1.481044072924035
20.349000000001887,93.26494545148037,40.00606426147547,-0.12288490290895909,3.604685490366754,-0.11450355003581686,0.020245327839574116,3.9192110086767107,9.686334195735972,0.0003871733985555186,0.010322773403937113,-0.3245661061722173,73.79877375129043,12.94428302496901,1.4810439843355854
20.370000000001912,93.26414097531388,40.006067193955296,-0.12288270492156,3.604651370236438,-0.11450219175892566,0.020245177728080918,3.9191810147719046,9.686335503645672,0.0003862855001585228,0.010322625958950024,-0.3245636829721522,73.9497000373432,12.766215896776176,1.4810439195625287
20.38400000000193,93.2635817721858,40.00606915894606,-0.12288118836202569,3.604627702155134,-0.11450119434232753,0.02024507501821247,3.9191596032316154,9.68633647434783,0.00038568771442523713,0.010322522425117496,-0.32456198378611106,74.0509906575644,12.648078043737799,1.4810438732951792
20.414000000001966,93.26232644352291,40.00607339395271,-0.12287783020183259,3.60457469807664,-0.11449877401763041,0.020244857453342938,3.9191097964960746,9.686338859287531,0.0003844164316174982,0.010322286733113552,-0.32455812431241043,74.26984429108954,12.396483320661199,1.4810437654361104
20.430000000001986,93.26162797630481,40.00607566398558,-0.12287599452287884,3.6045452720747178,-0.11449730703338516,0.020244746547660945,3.9190810377625254,9.686340321127256,0.0003837583349910177,0.010322153589829507,-0.32455594987249997,74.38756547916323,12.263174570923459,1.4810437028629762
20.452000000002013,93.2606391012364,40.00607879430091,-0.12287344184306112,3.6045036846569176,-0.11449506692142208,0.02024460441794966,3.9190390507174317,9.686342571643504,0.00038289601633718895,0.010321962595794215,-0.32455283797618734,74.55055977391618,12.080877360829549,1.4810436108824352
20.45700000000202,93.26041027870556,40.00607950669769,-0.1228728594977082,3.60449407430746,-0.11449451952150011,0.02024457426077059,3.919029123476068,9.686343124400429,0.0003827090398727366,0.010321917979939149,-0.32455211224211944,74.58778527389394,12.039608879629654,1.4810435890010316
20.49000000000206,93.25886825305258,40.006084210019324,-0.1228690166569431,3.604429436606602,-0.11449052896121092,0.0202443922936359,3.918960300531995,9.686347177035644,0.0003815861053290021,0.010321613411822047,-0.3245471690987852,74.83514816930264,11.76875912206427,1.4810434353609414
20.51600000000209,93.25761977103608,40.00608790754191,-0.12286599446717571,3.604377195951189,-0.11448690813557459,0.02024425204084753,3.9189026640117497,9.686350872310815,0.0003808660550209584,0.010321362676188967,-0.32454311133618624,75.03207567622128,11.55723856775387,1.481043302960043
20.54800000000213,93.25605103497027,40.006092432545174,-0.12286228458855954,3.60431162626059,-0.11448187698037411,0.02024406025847834,3.9188287870638785,9.686356014309307,0.00038020782602139015,0.01032104374867942,-0.32453795668924834,75.2768882770177,11.299199746446602,1.4810431264322037
20.58000000000217,93.2544578100288,40.006096912355986,-0.12285861471919438,3.604245311827511,-0.11447624463752615,0.020243853556036397,3.918752755029918,9.68636177226105,0.00037981447344087853,0.01032071635693621,-0.3245326612434584,75.52436876706125,11.04371848205402,1.4810429355312658
20.586000000002176,93.2541570509053,40.00609774585475,-0.12285793237093971,3.6042328388751463,-0.11447512683797549,0.020243813427281522,3.918738361440974,9.68636291417146,0.0003797704766422758,0.010320654275004844,-0.3245316557218757,75.57106620175077,10.996102712566817,1.4810428982198367
20.62300000000222,93.25229196655648,40.00610283101449,-0.1228537634235087,3.604155859174148,-0.11446785995709469,0.020243559315116594,3.918649428410129,9.68637032222766,0.00037969593126649777,0.010320268108939252,-0.32452538604204384,75.86107479338841,10.704491215832352,1.4810426584109289
20.649000000002253,93.2509757718975,40.00610633967868,-0.12285088884793145,3.6041020456900124,-0.11446243278526175,0.020243393301327392,3.918587277583689,9.68637583499075,0.00037982846495795096,0.010319994447990687,-0.3245209250764877,76.06695036797778,10.501669353551215,1.481042480916826
20.652000000002257,93.25082386598477,40.006106740669814,-0.12285056098672906,3.6040958700957537,-0.11446179309284941,0.02024337592150976,3.9185801459223755,9.686376483571058,0.00037985263783916774,0.010319962797414685,-0.32452040823011613,76.09081522557979,10.478378855724017,1.4810424600189083
20.67000000000228,93.24991269750858,40.00610912863336,-0.12284861051034343,3.6040589890160826,-0.11445790870501436,0.020243280856178457,3.9185376044738827,9.686380415570218,0.0003800329671933313,0.010319772678237561,-0.3245173004394975,76.23447974498038,10.339125017296023,1.4810423330207694
20.70300000000232,93.24824494647797,40.00611342115734,-0.12284510134221695,3.603992195372759,-0.1144506494214524,0.020243151699391587,3.918461090554797,9.68638772859038,0.00038049885441604844,0.01031942341928812,-0.3245115835972766,76.49996844553384,10.086016487518263,1.4810420941516864
20.717000000002336,93.24753963570161,40.00611520686661,-0.12284363318088652,3.603964239045944,-0.11444754785466091,0.020243115809167576,3.9184293189103174,9.686390835704358,0.0003807380245770855,0.01031927495953812,-0.3245091550575698,76.61341646087955,9.979499154760184,1.4810419910103623
20.75400000000238,93.24568741007735,40.00611982033321,-0.12283981957225873,3.6038917753870914,-0.11443939997480868,0.020243093375111407,3.9183474538936442,9.686398946483369,0.00038145082450326924,0.010318881141016825,-0.3245027435733802,76.91556213493693,9.700482353300034,1.4810417154055113
20.781000000002415,93.2443483462898,40.00612308715631,-0.12283709504764237,3.6038402195041384,-0.11443359375774492,0.020243145663333937,3.9182898028964814,9.68640467959192,0.0003820144655626514,0.01031859165823485,-0.3244980842799157,77.13815082454863,9.499176506335687,1.4810415133738462
20.79500000000243,93.2436586904079,40.00612474742957,-0.12283570025163548,3.6038139152227875,-0.11443065895708915,0.020243195542485687,3.9182606304739327,9.686407562754825,0.00038231043951053784,0.010318440547012666,-0.324495678126381,77.25425959996907,9.39556590177665,1.481041408915788
20.830000000002475,93.24195186215236,40.0061287967333,-0.12283228044148187,3.6037495667792765,-0.1144236203200573,0.020243396240276518,3.9181896653372807,9.686414443856775,0.00038303564036337815,0.010318058880884154,-0.3244897005451225,77.54658131987681,9.138857514825173,1.481041150326371
20.84300000000249,93.24132463080355,40.00613026365934,-0.12283103454281144,3.603726178033895,-0.11442113313912886,0.020243496127208577,3.918163978289092,9.686416865128647,0.00038329406784916515,0.01031791548867932,-0.32448749681979444,77.65589808460581,9.044357107430416,1.481041055669243
20.85900000000251,93.24055755456307,40.00613204156126,-0.12282951543413426,3.603697728087214,-0.11441817905043783,0.02024363313853461,3.9181328518747582,9.686419734253587,0.0003835999366592238,0.010317737642935334,-0.32448479853960976,77.79098775846938,8.928683583621845,1.4810409405278049
20.88500000000254,93.23932286738055,40.006134866446565,-0.12282707795008338,3.6036522355069023,-0.11441364994218618,0.020243882647458057,3.918083342634,9.686424122076525,0.0003840602858878519,0.010317445178900028,-0.32448044881307564,78.01178444797986,8.74221537464651,1.4810407572060276
20.912000000002575,93.23805790804,40.00613771685397,-0.1228245954907664,3.60360599857405,-0.11440932279854321,0.020244173009942655,3.918033078528813,9.686428311474623,0.00038448227373839833,0.010317136719407522,-0.32447598094445124,78.24273064019629,8.550555035337496,1.481040572622261
20.935000000002603,93.23699457346572,40.00614007899439,-0.12282251850591971,3.603567373936871,-0.11440594918980942,0.020244433042489445,3.917991019051456,9.686431583720246,0.0003847948822521993,0.010316870202965584,-0.3244722180566996,78.44078131729289,8.388890675152396,1.4810404206376662
20.96500000000264,93.23562629919148,40.006143070842924,-0.12281984653439773,3.6035178352803703,-0.11440198358296134,0.020244762930728327,3.9179370909198092,9.686435448366948,0.0003851364530216382,0.010316517751177836,-0.3244673725625518,78.70091231756989,8.180254528711846,1.4810402303004166
20.978000000002655,93.23504015790195,40.00614433668262,-0.12281870216732772,3.6034966473933125,-0.11440041504535704,0.02024489854413583,3.9179139824612137,9.686436988089527,0.00038526128047357934,0.010316363513669076,-0.3244652951747248,78.81426437636472,8.090634185800473,1.481040150724819
20.99700000000268,93.23419127496061,40.00614615406527,-0.12281704684063853,3.603465996944323,-0.11439827920503282,0.02024508571325504,3.9178804062278014,9.686439102018037,0.000385420487090041,0.010316136747880822,-0.3244622838461272,78.98061072307766,7.960512953734222,1.4810400376532278
21.03000000000272,93.23273771834987,40.00614922014738,-0.12281420972412088,3.603413512103468,-0.11439498740716438,0.020245357713397444,3.917822579001934,9.686442417621262,0.00038563998177649746,0.010315740260588239,-0.32445712556759226,79.27142430357586,7.736960142199817,1.4810398504279598
21.045000000002737,93.23208506640404,40.00615057691674,-0.12281293001721079,3.6033898910188285,-0.11439365409984825,0.020245450080102534,3.9177964953963214,9.68644378898813,0.0003857185100867914,0.010315559484049617,-0.3244548109465908,79.40440044799087,7.63637776650406,1.4810397691295736
21.07300000000277,93.23088036152004,40.006153049912484,-0.12281056008917218,3.6033461795712074,-0.11439140860623621,0.02024556551641363,3.9177480456026066,9.686446155990273,0.00038583464464754877,0.010315222279366295,-0.32445053915901517,79.65392629447807,7.450361395120968,1.481039623536887
21.109000000002816,93.22935673460886,40.006156118601204,-0.12280754923068035,3.6032906876737627,-0.11438892205095053,0.0202455943954972,3.9176860820032093,9.686448898215701,0.00038594165793160985,0.010314791881676678,-0.3244451389045372,79.97721149539433,7.21454335744236,1.481039447509241
21.135000000002847,93.22827129419463,40.0061582602675,-0.12280538326772208,3.603250913425306,-0.11438735492961573,0.02024551683374865,3.9176416413467354,9.686450714369913,0.00038599853532179175,0.010314485388704844,-0.32444130016282363,80.2123978738181,7.046587939034816,1.4810393275369444
21.151000000002867,93.22760914476645,40.00615954833034,-0.12280405360187105,3.6032265479564187,-0.11438646663013384,0.020245429256039272,3.9176144152958123,9.686451781704971,0.00038602679658528854,0.010314299330185786,-0.3244389614430058,80.35782940595539,6.944219531596611,1.4810392564140018
21.1770000000029,93.22654225438296,40.00616159423383,-0.12280190092974685,3.603187164702705,-0.11438511914198166,0.020245227342224066,3.9175703281369083,9.686453459562637,0.00038606560429500764,0.010314002160131976,-0.32443519694228856,80.59528364301886,6.779485953089347,1.4810391447997986
21.192000000002917,93.22593102759663,40.00616274861313,-0.12280065957793598,3.603164522164136,-0.11438438405949297,0.020245076579524096,3.9175450071462112,9.686454404321276,0.00038608546657742826,0.010313834074925924,-0.3244330441972199,80.73290611832032,6.6853608371792825,1.4810390824204627
21.22600000000296,93.22455403694876,40.006165297828694,-0.12279783188510772,3.603113245186048,-0.11438279409347178,0.020244643857690203,3.9174880294047796,9.686456509130679,0.00038612295247003885,0.01031346344698724,-0.32442820965037855,81.04653591324885,6.474498887549654,1.4810389456831528
21.24500000000298,93.2237892663847,40.00616668323483,-0.12279624807464386,3.603084639643539,-0.11438193035938332,0.020244359330624916,3.917456396164962,9.686457681051058,0.00038613812561211333,0.010313263141240451,-0.32442553096581644,81.22280731541612,6.358175748130048,1.4810388716419105
21.246000000002983,93.22374912370049,40.00616675538952,-0.12279616489999787,3.603083136845352,-0.11438188500634616,0.02024434383097346,3.9174547333930603,9.686457743004645,0.0003861388233649028,0.010313252741838372,-0.32442539038749224,81.2321045956209,6.3520836134341145,1.4810388677851112
21.257000000002996,93.22330839615775,40.00616754407621,-0.12279525239025033,3.6030666346203932,-0.11438138561493337,0.020244171129722453,3.9174364469243272,9.686458427437136,0.0003861460985357521,0.01031313932066536,-0.3244238466274792,81.33450494024852,6.285269465359031,1.4810388255989069
21.291000000003038,93.22195913388781,40.00616992285861,-0.12279248626128288,3.603016165279891,-0.11437980397083967,0.02024363683795832,3.917379802021136,9.686460606342978,0.0003861727950721932,0.010312800497944584,-0.3244191069277505,81.65251342152787,6.081070925544733,1.4810386975330765
21.31000000000306,93.22121703171997,40.0061712117254,-0.12279099556543722,3.6029884978892994,-0.11437886728572265,0.020243354421979096,3.9173479616967533,9.686461888873472,0.00038620198300875434,0.010312619319324038,-0.3244164838158173,81.83119959823209,5.968492336382296,1.4810386271144693
21.321000000003075,93.22079209940773,40.00617194394467,-0.1227901527233703,3.6029726858114186,-0.11437829946158959,0.020243197690761945,3.9173294768639115,9.686462658250832,0.00038622791323856214,0.010312517223079052,-0.32441497588182866,81.93496569886877,5.903819621164056,1.481038586603874
21.35700000000312,93.21942720018448,40.00617426545382,-0.12278748426938436,3.6029219300015303,-0.11437627954508242,0.020242707860612608,3.9172690717875818,9.686465327869863,0.0003863758206163057,0.010312197778414545,-0.3244101085276199,82.27616660789522,5.694760945485712,1.4810384547980149
21.376000000003142,93.21872416558938,40.00617544302347,-0.12278612893902972,3.602895773917426,-0.1143751001509464,0.020242461663931913,3.917237452236006,9.686466837702184,0.0003864984895930307,0.010312038319515854,-0.3244075879349455,82.45722325938479,5.586035669536445,1.4810383854216909
21.401000000003172,93.21782007926802,40.00617694045601,-0.12278441030275207,3.602862177483456,-0.11437341772434945,0.020242157012726823,3.917196297440497,9.686468938465847,0.00038671213980906514,0.010311838130097648,-0.3244043299169936,82.69647085677465,5.444680981053978,1.4810382940416298
21.438000000003218,93.2165281775657,40.0061790443206,-0.12278200084498486,3.602814299770477,-0.11437065292002573,0.020241746900596498,3.9171368627066694,9.686472276239972,0.0003871438315626208,0.010311561757701641,-0.3243996458827273,83.05264310219218,5.2390498626317825,1.4810381582172945
21.451000000003233,93.21608771462138,40.006179750941484,-0.12278119034248071,3.602798012921171,-0.1143696072700271,0.020241614781541246,3.9171165486902044,9.686473506947769,0.0003873271254266553,0.010311470165604351,-0.3243980422649015,83.17836746872317,5.167818480035033,1.4810381102828731
21.479000000003268,93.21516476821432,40.00618121414685,-0.12277951777171768,3.6027640239417607,-0.11436723585429621,0.02024136295063332,3.917073942607462,9.686476246655602,0.000387773120694769,0.010311282259210438,-0.32439466721210003,83.45017245972599,5.016202511943879,1.4810380066847404
21.5060000000033,93.21430949387317,40.006182547498994,-0.12277800434108178,3.602732780166283,-0.1143648155406711,0.0202411702130827,3.9170345014561962,9.686478979546898,0.0003882648236975754,0.010311112682342322,-0.32439152053264764,83.71356462335832,4.872346434073919,1.4810379064707349
21.52300000000332,93.2137884433927,40.00618334730985,-0.12277709759757788,3.6027138698330896,-0.11436323885272705,0.02024107396962985,3.917010621238972,9.686480728592807,0.0003886013073845335,0.010311011414728963,-0.32438959614310703,83.88004695021426,4.782956622637827,1.4810378433385323
21.54500000000335,93.21313454647037,40.006184336530524,-0.12277597708628883,3.602690289968669,-0.1143611551481535,0.02024098179858959,3.916980890116975,9.686483006292304,0.0003890610454650522,0.010310886203990299,-0.32438717253322685,84.09622227617999,4.668641595070624,1.4810377617797257
21.57000000000338,93.21242085902679,40.006185397452604,-0.12277478458398663,3.6026648283437885,-0.11435875150108418,0.02024093086412078,3.9169487084920105,9.686485592318494,0.0003896090810911818,0.010310751253543249,-0.32438451208776,84.34285950585347,4.540615549630274,1.4810376695889245
21.577000000003387,93.21222672711855,40.00618568238033,-0.12277446643470506,3.602657962040145,-0.11435807568504464,0.02024092738300865,3.9169400068534497,9.686486311997264,0.0003897664375543731,0.010310714757220132,-0.3243837854803774,84.4121033187188,4.505127248144007,1.4810376439221975
21.610000000003428,93.21134455942145,40.006186953975096,-0.12277305089464079,3.6026270742609436,-0.11435490367847215,0.020240969895120767,3.916900903051666,9.686489646955811,0.00039052293557666955,0.010310549463664017,-0.32438047049407187,84.73961599295986,4.3399483514532795,1.4810375242036908
21.631000000003453,93.21081161760482,40.00618770195536,-0.12277222025469417,3.6026086722616473,-0.11435292131822311,0.020241047261560393,3.916877686263885,9.686491696862612,0.0003910088095519912,0.01031044935514639,-0.3243784566971652,84.94894680389652,4.236664494019111,1.481037449477597
21.643000000003468,93.21051737237892,40.00618810812553,-0.12277177225460041,3.6025986171102873,-0.11435180947814577,0.020241110651091056,3.916864976382856,9.686492836311528,0.0003912854142680932,0.010310393656825087,-0.3243773397043062,85.06887889253944,4.1782864499065315,1.48103740742503
21.689000000003524,93.20945917705679,40.00618952281277,-0.1227702324855931,3.6025631726447056,-0.11434775171677342,0.020241473744600422,3.9168198837960597,9.686496935274919,0.0003923265679474149,0.010310188395141005,-0.3243732900980888,85.5307003213785,3.9588425396079385,1.4810372517157377
21.700000000003538,93.20922215736991,40.006189828076224,-0.12276990164830055,3.602555378468059,-0.11434684167609098,0.02024158387059198,3.916809956595425,9.686497841350022,0.0003925681797246735,0.010310140875696478,-0.32437237681912673,85.6416174815797,3.907390041286121,1.4810372159972118
21.71100000000355,93.20899134167809,40.00619012082366,-0.12276958510668455,3.6025478414927075,-0.11434595895528936,0.020241702201217775,3.916800347716701,9.686498715926703,0.0003928057741599249,0.010310093827300498,-0.3243714848020695,85.75271761301235,3.8563338270521275,1.4810371809461267
21.74300000000359,93.2083561288259,40.00619090222055,-0.12276875062571674,3.6025274233938043,-0.11434362928665945,0.02024204297494285,3.9167739695014117,9.686501056138537,0.0003934735012008982,0.010309959954793417,-0.3243690111703879,86.07694517269924,3.7100659325720566,1.4810370831149398
21.778000000003633,93.20772246527972,40.00619164008214,-0.12276797142815081,3.6025075561354343,-0.11434139846745639,0.0202424710772051,3.9167478932254363,9.686503273718523,0.00039416345165857263,0.01030981894766654,-0.32436651448799014,86.43328702795202,3.5539503038051814,1.4810369838945068
21.80800000000367,93.20722892457715,40.00619217823716,-0.12276741799671778,3.602492454420355,-0.11433973790147889,0.020242893747123705,3.9167277752182224,9.6865048964202,0.00039471620771158576,0.010309701283851405,-0.32436454778163776,86.74011767614573,3.423365569643996,1.4810369059591852
21.84200000000371,93.2067260105973,40.006192685717046,-0.12276692223440869,3.6024775502606476,-0.11433814213838461,0.020243421325011956,3.9167071842757775,9.68650643444209,0.00039530140941970205,0.01030957041520127,-0.32436251202422284,87.08937681823632,3.278988835283392,1.4810368261279456
21.845000000003715,93.20668446100399,40.00619272537266,-0.12276688466283789,3.6024763426229023,-0.11433801637073729,0.02024346900097119,3.9167054769780028,9.686506554954326,0.0003953512018079653,0.010309558975295069,-0.32436234229636546,87.12026988285405,3.266434892372895,1.4810368195320838
21.871000000003747,93.20634293212845,40.00619303518741,-0.12276659526513235,3.602466542216278,-0.11433703022820159,0.0202438803130931,3.9166914337118195,9.68650749771428,0.0003957708972982656,0.010309460537038427,-0.3243609381453388,87.38851799650362,3.158895438815734,1.4810367654782155
21.900000000003782,93.2060015084775,40.0061933110442,-0.12276635248258728,3.6024570255163466,-0.11433614819965825,0.020244329455593735,3.91667728474575,9.68650834462571,0.0003962151269004929,0.01030935240078883,-0.3243595117016503,87.68877612679857,3.0416225750963486,1.4810367118447965
21.912000000003797,93.20587263565557,40.00619340425092,-0.12276627916774888,3.6024535446233354,-0.11433584873510035,0.020244510991220835,3.9166718575855923,9.686508636719752,0.0003963928991305296,0.01030930829408787,-0.32435896426806493,87.81334133222164,2.9939233546004056,1.481036691719822
21.94600000000384,93.20554568963551,40.00619360357115,-0.12276614975469018,3.602445046476181,-0.11433520512621476,0.020244993378043218,3.916657850106763,9.686509288607756,0.00039688340085900024,0.010309186112301432,-0.3243575489790813,88.1672734062194,2.86141418093408,1.48103664126282
21.976000000003875,93.20530260989274,40.006193702807494,-0.12276612176914682,3.602439100180616,-0.1143348808268503,0.02024536351012301,3.9166472177049334,9.686509661280676,0.0003973030001537928,0.010309082884223181,-0.3243564641605665,88.48076407085689,2.7477434801065566,1.481036604713444
22.00400000000391,93.20511455703421,40.006193733236984,-0.12276617692025238,3.602434928789119,-0.11433476882491092,0.020245662745329532,3.916638664175685,9.686509859618015,0.0003976875038472126,0.01030899180918659,-0.3243555875940674,88.77434097529925,2.64440901437328,1.4810365771906477
22.033000000003945,93.20495795796167,40.00619370347932,-0.12276631087430992,3.60243195079642,-0.11433483477119234,0.020245916207072782,3.916631232349547,9.686509925904051,0.00039808410077420836,0.010308904386691877,-0.3243548166438332,89.07937951955705,2.5402007849319643,1.481036555187013
22.042000000003956,93.20491692511344,40.00619368196792,-0.12276636528913441,3.602431282729677,-0.11433491262195956,0.02024598360386482,3.9166292156500613,9.686509894374076,0.00039820709244103576,0.01030887891243321,-0.32435460520446174,89.17424457484599,2.5084445055814655,1.481036549665127
22.05400000000397,93.20486777576453,40.00619364453183,-0.12276644800444797,3.6024305716794043,-0.11433504608439103,0.020246066725004473,3.91662673374981,9.686509825654099,0.00039837143166243037,0.010308846224901545,-0.3243543433947785,89.30087482148292,2.466534050220475,1.4810365432381158
22.081000000004003,93.20478075984838,40.00619352423953,-0.12276668687905799,3.602429798880201,-0.11433544106761433,0.020246226712068195,3.916622082284921,9.68650959939948,0.00039874242184255963,0.010308778491893983,-0.3243538373464343,89.5863831608765,2.3740406196290147,1.4810365325557053
22.107000000004035,93.20472705626416,40.00619336216973,-0.12276698301049012,3.602430136986648,-0.11433593830577338,0.020246337490094746,3.9166188368393744,9.686509300578173,0.00039910225909385285,0.010308721664531449,-0.32435345750156,89.86207295724147,2.2873404578435044,1.4810365269737016
22.140000000004076,93.20469880703402,40.00619309456271,-0.12276740268419725,3.6024320152598666,-0.11433707779153932,0.020246337891393892,3.916617081954641,9.686508506206673,0.00039955002360681505,0.010308665742246346,-0.32435312274396205,90.21302370053056,2.1806529301247934,1.4810365260552119
22.170000000004112,93.20471159899898,40.006192794715496,-0.12276790084823057,3.6024352375835993,-0.11433825680913974,0.020246433699093035,3.9166171914619885,9.68650757514338,0.0003999369059867504,0.010308628348033472,-0.3243529563193658,90.53304484778315,2.0869305672453793,1.481036530507791
22.173000000004116,93.20471485407785,40.00619276168385,-0.12276795546234415,3.6024356408178897,-0.11433837753296938,0.020246443563360673,3.9166172825245362,9.686507479384181,0.0003999747760061947,0.010308625308066477,-0.3243529468147197,90.5650968123271,2.07772978403712,1.4810365311984357
22.19400000000414,93.20474716032462,40.00619251546683,-0.12276835338377785,3.602438820582641,-0.11433922130386616,0.02024650670766613,3.9166183369045386,9.686506809859193,0.0004002366011774411,0.01030860757093886,-0.32435291594243887,90.7897092424944,2.014198622476274,1.4810365371553464
22.230000000004186,93.20483964025225,40.00619203526302,-0.12276909736160369,3.6024455659349104,-0.11434063352467334,0.020246586146698914,3.916621848347939,9.686505702329727,0.00040067109070124416,0.010308591686390901,-0.3243530032388061,91.17574846840508,1.908854271648687,1.4810365514113395
22.236000000004193,93.20485959008633,40.00619194840265,-0.12276923016290701,3.6024468495984934,-0.11434086276692719,0.020246597294396027,3.9166226301397176,9.68650552501424,0.0004007415558580871,0.01030859084668999,-0.32435303437739066,91.24020685094337,1.8917356549284554,1.481036554222279
22.252000000004212,93.20491913235583,40.006191707512485,-0.12276959794022567,3.6024505062864467,-0.1143414646087231,0.020246626389021534,3.9166249686436108,9.686505062678755,0.00040092695202300493,0.010308591163920714,-0.3243531400483675,91.41225756311182,1.8466999314981836,1.4810365622562862
22.287000000004255,93.20507971698784,40.006191134891175,-0.12277046239783337,3.60245958622235,-0.11434273364667376,0.020246686536308102,3.9166314025961624,9.686504096759663,0.00040132047026420777,0.010308604835909127,-0.3243534837266184,91.78941922583452,1.7513024783169429,1.4810365822714866
22.30000000000427,93.20514922112139,40.00619090690289,-0.12277080082640711,3.6024632886539747,-0.11434319610865307,0.0202467016201894,3.9166342565326056,9.686503750489825,0.00040146167930404946,0.0103086144235483,-0.32435364935917615,91.92978020966873,1.71696110897796,1.4810365904618092
22.320000000004296,93.20526641664422,40.0061905407775,-0.1227713429622724,3.6024693251624265,-0.11434390671917172,0.020246718450936528,3.9166390979890284,9.686503226474905,0.00040167306737305046,0.01030863418066368,-0.324353942480175,92.14599976229361,1.6652852944196503,1.481036603772251
22.350000000004332,93.20546562293939,40.0061899508091,-0.12277233554224382,3.602479213910458,-0.11434493745675774,0.020246846854276496,3.9166473391630197,9.686502510313103,0.00040197679681696084,0.010308675844513171,-0.3243544665761479,92.47094655787035,1.59040552177628,1.481036625214038
22.368000000004354,93.20559773898897,40.00618957049078,-0.12277296225896643,3.602485590443524,-0.1143455404258831,0.020246942953349854,3.916652841259093,9.686502083817087,0.00040215159194893405,0.010308707857700683,-0.32435482834045015,92.66625912730126,1.5469973910103858,1.4810366388742362
22.369000000004355,93.20560533719427,40.00618954879363,-0.12277299745991058,3.602485953236293,-0.11434557357667309,0.02024694861096231,3.916653159565883,9.68650206002598,0.0004021611254504355,0.010308709783227074,-0.3243548494504414,92.67711722403061,1.544619288105487,1.4810366396500014
22.392000000004384,93.2057874073154,40.0061890337564,-0.12277381566739204,3.602494535425574,-0.11434632444910621,0.02024708863869408,3.9166608397056706,9.68650150943331,0.0004023745432274381,0.01030875809930115,-0.32435536345138993,92.92706397397997,1.4908959869101297,1.4810366579720295
22.42300000000442,93.20605527901073,40.006188293272274,-0.1227749456486807,3.602506883764286,-0.11434730136440574,0.02024731524337957,3.9166721648286007,9.686500753478446,0.0004026436309914713,0.010308834356663965,-0.3243561395354195,93.26456959447617,1.4214409839710638,1.4810366840953024
22.432000000004432,93.20613779309103,40.00618806887114,-0.12277527947359348,3.602510641438303,-0.11434757826826976,0.020247389936081113,3.9166756423293116,9.686500529721574,0.00040271806810516483,0.010308858612881484,-0.3243563822630579,93.36268428496496,1.401912937908952,1.4810366919834206
22.453000000004458,93.20633788685036,40.00618752977234,-0.12277606394694682,3.602519664155666,-0.11434821570920212,0.02024757650336265,3.9166840994961563,9.68649999648959,0.00040288557707744704,0.010308918432185179,-0.32435697822814374,93.5918372894757,1.3574625107002822,1.4810367109208915
22.47100000000448,93.20651725197807,40.00618705146731,-0.12277673873709016,3.6025276428723396,-0.1143487540336288,0.020247747742230038,3.9166917376959662,9.686499525315147,0.00040302156622069873,0.010308972860843653,-0.32435752079701574,93.78849142013155,1.3206058374777392,1.4810367277488212
22.501000000004517,93.20683209670362,40.00618622415357,-0.12277787078013246,3.602541458498877,-0.11434963577145514,0.02024806025160195,3.916705176430242,9.686498712430849,0.0004032309864066181,0.01030906878109452,-0.3243584863047213,94.1167159564472,1.2617327772437,1.481036757033938
22.526000000004547,93.20710926023605,40.006185508725245,-0.12277882432874779,3.6025534873961322,-0.11435036084921989,0.02024834768281747,3.9167169580015764,9.686498006988602,0.00040339038746093557,0.010309152490395254,-0.32435934671156536,94.39066366934053,1.2151147578666968,1.4810367826443005
22.56000000000459,93.20750449490792,40.00618450293847,-0.12278011935901184,3.6025703971546004,-0.11435134721255978,0.020248759704319885,3.91673385937133,9.68649699719149,0.00040358552335508136,0.01030926989409892,-0.32436059298686826,94.7638215622565,1.1552840132591264,1.48103681928219
22.567000000004597,93.20758828449632,40.00618429178058,-0.12278038505162571,3.6025739467818014,-0.11435155091070266,0.020248846815732975,3.9167374580600844,9.686496782245163,0.0004036222195646337,0.010309294381736833,-0.3243608596524812,94.84072880844141,1.1434772392198995,1.4810368270890522
22.582000000004616,93.20777067137801,40.006183835155035,-0.12278095477414468,3.602581644726922,-0.11435198837893536,0.020249036992053805,3.9167452804191796,9.686496314300907,0.00040369681082465155,0.010309347049242652,-0.32436144195972094,95.00561918780203,1.1187654925915795,1.4810368441261335
22.614000000004655,93.20817194078202,40.00618284421817,-0.12278217249825729,3.602598472039991,-0.11435293162578719,0.02024945533814922,3.916762420227559,9.686495280963289,0.0004038395042487592,0.010309459659463139,-0.3243627318190998,95.3577759067978,1.0687314809239268,1.4810368818953827
22.63400000000468,93.20842979720678,40.006182215132014,-0.12278292851146841,3.6026091836561323,-0.11435353368970774,0.02024971696920404,3.9167734607996794,9.686494607866658,0.00040391790193146956,0.010309529742602321,-0.32436356881937317,95.57813047557138,1.0393183571970108,1.4810369064993558
22.640000000004687,93.20850807990875,40.00618202521312,-0.12278315391988277,3.602612417811274,-0.11435371655115484,0.020249794740261756,3.9167768220641355,9.686494401844193,0.000403939673522355,0.010309550667868152,-0.32436382417179027,95.64427358987354,1.0307733781234218,1.481036914031608
22.670000000004723,93.20890605610236,40.00618106906267,-0.12278427596001157,3.6026287655172813,-0.11435464584699785,0.020250181247799065,3.9167938927461647,9.686493347314945,0.000404036162625049,0.010309654304171653,-0.3243651279417998,95.97523183698189,0.9899812383118101,1.481036952743458
22.69900000000476,93.20930079103059,40.00618013695838,-0.1227853574957821,3.6026448764853565,-0.11435557232815806,0.020250550228163543,3.916810711140502,9.686492290260084,0.0004041126978220691,0.010309752521084653,-0.32436642827118994,96.29552106340435,0.9536134462746357,1.481036991830699
22.727000000004793,93.2096890363417,40.00617923287887,-0.12278638894745855,3.6026605820746833,-0.1143565009894471,0.020250888010102226,3.916827265015244,9.68649123124135,0.000404172992374864,0.010309845190039532,-0.32436771740259773,96.60507744501199,0.9213614198972789,1.4810370311131729
22.74900000000482,93.20999845595131,40.00617852184618,-0.12278719017298774,3.6026730018378923,-0.11435725399070504,0.020251138788053402,3.916840453519963,9.68649037601774,0.00040421047366458055,0.010309916393141395,-0.3243687502820711,96.84849822360647,0.8979946687255311,1.481037063024312
22.767000000004842,93.21028656211325,40.00612105636772,-0.13339198453137313,3.60271619283968,-0.11082658528316726,0.02740479590752777,3.9163482807384216,9.693701079069841,0.0004100944693929201,0.010322024814953243,-0.3243678029622493,97.0477806640657,0.8801694987173139,1.4810371619637415
22.78900000000487,93.21747861723145,39.99993724741673,-0.31779937722502594,3.5931915037253113,-0.10588299637066753,0.16798354132759094,3.920128371039604,9.74551754519078,0.0003667512893598422,0.010954868615669699,-0.3242937810600837,97.29147322028442,0.8599653245498132,1.481043463072407
22.829000000004918,93.26998482501038,39.91230844590068,-1.3214307388977091,3.5441775401359568,-0.12015458883541069,0.984088600399959,3.933229730245958,9.933567699827984,-0.001177989550711379,0.017474727042065052,-0.32375846596278646,97.73455757171543,0.827722601536604,1.4811672949773431
22.83200000000492,93.27337198662977,39.89910541296736,-1.397608815394039,3.5476558561977485,-0.1193631845067558,1.0542370306586364,3.9409612546333994,9.941139979297338,-0.0014211964614856626,0.01837322344299422,-0.3237233098797875,97.76776128643154,0.825540505134324,1.4811889546089636
22.845000000004937,93.27451608930276,39.83047677505007,-1.8441245231857262,3.52050537812558,-0.11928232528368002,1.446512823122207,3.9366194094057154,10.00102519739482,-0.0026457861718032234,0.022734731597857123,-0.3234984380324845,97.91154846181593,0.8164693135325155,1.4813110962441667
22.877000000004976,93.20390415649689,39.55975473523988,-3.175391432651988,3.4470427951209697,-0.16417440394312754,2.621629578254818,3.930880450359909,10.130756751111164,-0.007352301696382556,0.03807384161962058,-0.3229649118257798,98.2644309051024,0.7968206576874257,1.4818605663752562
22.898000000005002,93.09322770297479,39.29487023602835,-4.133079282395112,3.3863148522521227,-0.20420696464156537,3.4950854312653745,3.9176378701622045,10.18889095076449,-0.01182527087464324,0.05141193617271231,-0.3225532106452242,98.49472667444873,0.7860156915763018,1.4824611461336206
22.934000000005046,92.78401939279368,38.6723914058597,-5.7497468025774365,3.260018351077192,-0.29423388072315465,5.0475329565900635,3.8525358109308545,10.187895017679187,-0.02160880442690199,0.07844434753280871,-0.321607075970315,98.88587166684786,0.7713616190382271,1.4840053627203509
22.96100000000508,92.46284422537737,38.06813537973387,-6.947192582102993,3.141336154286865,-0.3533976785978402,6.24063633515676,3.7902200892993125,10.154405137378582,-0.030393718403340868,0.10034624735222408,-0.3205143061667284,99.17516105402282,0.7635534790794242,1.4855942298529905
22.965000000005084,92.41151525497762,37.968725699397645,-7.1226962921147825,3.122544501069965,-0.36166380847925883,6.4183026382368435,3.78192781452619,10.147399187256573,-0.031822614882047615,0.10364602227386532,-0.32030525766772117,99.21766041548081,0.7626260362592764,1.485860124162723
22.99400000000512,91.98179686725075,37.17676684858993,-8.187426725091932,2.9826050239336053,-0.4243325626246217,7.548956261500929,3.687795059948596,10.043768516934248,-0.04309484153789966,0.12726324216258222,-0.31868156598379255,99.5225952120435,0.7576431420441008,1.488010292077604
23.02600000000516,91.48522456493838,36.20818045834913,-8.787830191134617,2.770863540134621,-0.45828978188777914,8.348669608441961,3.46705327776324,9.837635674650706,-0.056672415993249875,0.14916382022765093,-0.3165422327466059,99.85183831519464,0.7555910568185983,1.490759516146991
23.030000000005163,91.40557404802776,36.082637686772344,-8.839351409239187,2.7488741426152323,-0.4613540089267739,8.430308167287658,3.434171259521404,9.8080365433886,-0.058393350797125515,0.15141599394865918,-0.3164023693943938,99.89241807761638,0.7555773154761354,1.4911228101719463
23.064000000005205,90.53446227757955,34.992006541792286,-9.119793881542511,2.5915168635008032,-0.47423482229984704,8.996106479383087,3.1486311528725257,9.54251075020788,-0.07122707789755753,0.16515898610481947,-0.31584066897182533,100.23187834176255,0.7574889550820746,1.4942923970777284
23.09400000000524,89.74562043730398,34.00855315990242,-9.236109208546651,2.4732718519689856,-0.4680872002369528,9.375167279607709,2.8894398589542294,9.319030224044862,-0.07757435939402155,0.16875886584325137,-0.3149605465089058,100.52294652870307,0.7619651185025488,1.4970661129349603
23.122000000005276,89.08529541266478,33.08135646689968,-9.299549257320148,2.3652495088883545,-0.4405026725984535,9.675023111641234,2.6677895643054566,9.143940677269734,-0.07860424480606079,0.16508567095359997,-0.3132288122538006,100.78715220326872,0.7682368536905685,1.4994834265530732
23.15800000000532,88.3407112687661,31.881076445600673,-9.350119939784602,2.234267411675395,-0.37146974729726595,10.000219606999304,2.4361441690932812,8.983812752644459,-0.074647528953101,0.151144658174164,-0.30943616954826036,101.11590590231347,0.7789076118224437,1.5021790942362918
23.17400000000534,88.04531721847819,31.3456543407644,-9.36808416017949,2.181960499542743,-0.3301454822032732,10.12547667928337,2.3565003441422627,8.937920535734335,-0.07146396912329475,0.14203517525413592,-0.30714852206456134,101.25797521058618,0.7844921739466603,1.5031936429238333
23.20000000000537,87.60331589939118,30.47312551815567,-9.400844803186201,2.101713447997059,-0.25618331056632887,10.305726386574243,2.253211945792301,8.895877950408174,-0.06513222179336672,0.12409351913069949,-0.30264858274162293,101.48342982847016,0.7945616255678873,1.5045791753970015
23.2250000000054,87.21851190435342,29.631082272372634,-9.437481768999563,2.0310821307519107,-0.1701903789450685,10.450718433977745,2.164886673796586,8.901261938857232,-0.05824226370014248,0.10394759154856409,-0.2973950480052314,101.69381245740941,0.805311083097481,1.505603078063671
23.250000000005432,86.86898543734166,28.785459490756853,-9.48233472589601,1.963449948388921,-0.07306642572112541,10.573106039733336,2.0955477487499996,8.944577551616097,-0.05058350424799737,0.08179537812309041,-0.29125019335461577,101.89783845572049,0.8170082529373952,1.5063470665056122
23.28800000000548,86.39669795347704,27.49057353403051,-9.562780452538762,1.8491072891790954,0.07401359234314946,10.68206127062614,2.0173592324534164,9.091403328976513,-0.03736881492049146,0.04690779148641028,-0.2801785468721707,102.1956422349846,0.8363765637711231,1.5070656456300755
23.28900000000548,86.38622628042287,27.45639708582089,-9.563033851564478,1.8464063941528102,0.0767678039013661,10.682048860131628,2.0174708869821463,9.095032522821992,-0.03705903054560544,0.045995335632895026,-0.27984827617471186,102.20327731093658,0.8369100109905427,1.5070795321660027
23.3060000000055,86.2409628420643,26.87532790013138,-9.5671359443464,1.8053139730410965,0.11216787937477221,10.672581673059637,2.020283920804001,9.153376903916824,-0.03200002070754766,0.030702169293332242,-0.2738715052038321,102.33148839459199,0.8461577785768968,1.507287256012464
23.341000000005543,86.06148500399064,25.678536523587567,-9.573485480210525,1.728289580768652,0.11810363901025409,10.59400655965871,2.0216896257608004,9.258288311308435,-0.022843298432477496,0.0015559751069410643,-0.25981213426397654,102.5860431578278,0.8662248031279896,1.5076018830519213
23.353000000005558,86.01447076803879,25.26814991133924,-9.570920422676622,1.6963779945104092,0.08761218468510847,10.542744114668753,2.032770439490357,9.280153294206867,-0.020217966888765385,-0.007259814096342302,-0.2545427502656126,102.67041644440052,0.8734092894369272,1.5076925435808461
23.36200000000557,85.98060208444755,24.960420475149835,-9.567036804649199,1.6692218240518453,0.061229866051923446,10.500900510509995,2.041292646530566,9.293939622813149,-0.018582277105289438,-0.01338471268945009,-0.25045264970618414,102.73272985076444,0.8788963639842379,1.5077583392109144
23.3880000000056,85.88987032178453,24.07211150887787,-9.549945007754008,1.5804499551569235,-0.04138735202355693,10.366014177573799,2.039482914011484,9.313525721719351,-0.015378406288680636,-0.02860105853062805,-0.23804644181426735,102.90812378059762,0.8952131509809955,1.5079444171327694
23.41900000000564,85.72958354447027,23.014232274540763,-9.53168992571725,1.45401705427452,-0.18222786476792363,10.199842907844465,2.017144765042994,9.322843046639896,-0.014650832545608485,-0.04177142518645235,-0.2226391346770461,103.10836382132244,0.9155283010379311,1.5081597613987952
23.42000000000564,85.72252107241314,22.98012460487996,-9.531157137187563,1.4496729804267114,-0.18673420383549,10.194572958781105,2.015690599838991,9.323102994455517,-0.014690224210323236,-0.0421059768454476,-0.22213723428254104,103.11466378959247,0.9161984625995683,1.5081665067789762
23.440000000005664,85.55406045753757,22.298147444827688,-9.521087206349415,1.3615056040738853,-0.27766900720659304,10.089840470633943,1.9786038042716079,9.327045057314844,-0.01618092203107443,-0.04763332736212133,-0.21208506033700894,103.23858861244936,0.9297857129183301,1.5082971402152374
23.467000000005697,85.23428326312676,21.377898042606134,-9.50938296292813,1.2357604819434718,-0.3911016541435233,9.959572468002964,1.912759861177062,9.331225092014652,-0.020170736204807818,-0.05172135528765127,-0.1985975355400775,103.39966664470545,0.9486475476616916,1.5084547246620588
23.48700000000572,84.92943767144502,20.69639190020321,-9.503627923561263,1.1383951167447537,-0.46351454384595503,9.876288217721312,1.842554395218039,9.334890640265566,-0.024452457956897832,-0.05254025617833399,-0.18872945460878515,103.51442164095394,0.9629624732403036,1.5085513193564202
23.50100000000574,84.67912242111396,20.21931965051291,-9.50132016061005,1.0693974843662348,-0.5068838038650741,9.824818410914906,1.780940265285783,9.339383935864788,-0.027873742391105634,-0.052117279406934516,-0.18192921681322155,103.59245891827729,0.9731340723716285,1.5086060480229704
23.531000000005776,84.04286960509,19.196484015203996,-9.504931670286407,0.9159126237585603,-0.5760441505304673,9.742555865254495,1.6242831841718575,9.352429256017828,-0.03600015815968492,-0.048931702595760705,-0.16773512904797586,103.75337502682453,0.9952701765869156,1.5086820348915562
23.5520000000058,83.57320360916395,18.47977415794165,-9.508223549525436,0.809687105697742,-0.607288489680358,9.70153283937676,1.4902092410473264,9.362299764873748,-0.04170174449175447,-0.04525030153657693,-0.15816110978495668,103.86093068060472,1.0109658179796708,1.5086987352764485
23.557000000005807,83.45272973097528,18.309057794626018,-9.508480240560251,0.7838385117065133,-0.6128970239306918,9.693068605386784,1.4572206911268184,9.364592339120964,-0.043023860587671145,-0.04424224836608415,-0.15592724610350728,103.88592466831808,1.014718415569813,1.5086980537949277
23.570000000005823,83.1229746533384,17.865081022406354,-9.509984735868368,0.7147987197698573,-0.6251946084421158,9.674399735406947,1.36801631461382,9.37030529691222,-0.046364208469397816,-0.04142703954024102,-0.15018697209205126,103.94980595422923,1.0244917061321541,1.5086876894247134
23.603000000005864,82.16650547917796,16.737280241197077,-9.513684915337805,0.5364316929165617,-0.6399477126755372,9.645070757264376,1.1265871486757275,9.382872557340777,-0.05390893114616628,-0.033367922075633584,-0.13599140907545856,104.10483227046335,1.0493061049458645,1.5086038987070176
23.610000000005872,81.93440053871709,16.49790291099013,-9.514361621138058,0.49803339855430895,-0.6417118126849121,9.642678773668749,1.071416725464389,9.382903830462752,-0.05528986836505818,-0.03156292187352794,-0.133039798261108,104.13640434532185,1.0545506954898392,1.5085752022273609
23.628000000005894,81.281604745592,15.882135551847911,-9.516085310027586,0.39851549531283054,-0.6415316070080489,9.640155293434878,0.9270465173018395,9.384150131444912,-0.05836507821216558,-0.02688953271280743,-0.1255289973565767,104.21548551542855,1.0679694553174004,1.5084827246726282
23.659000000005932,79.98367306385127,14.821221179375796,-9.512773239729754,0.22986318635425007,-0.6282724581516852,9.643519245763986,0.6814867081034321,9.385512137413071,-0.06195846294970432,-0.019026611037947578,-0.11278933854834382,104.34459077236805,1.0907294143293853,1.5082560420888802
23.693000000005974,78.48242952096815,13.657358449951355,-9.510174725291876,0.06893892491941292,-0.6054737688353323,9.656901367737804,0.41255789819772865,9.387790563119212,-0.06327491912519242,-0.011046429029526014,-0.09924068388321905,104.47589714612658,1.1149246221201394,1.5079022774237296
23.712000000005997,77.57029385202146,13.00679831622961,-9.509015951820025,-0.017241537373013212,-0.5868653185570036,9.669001805022031,0.2652363294275203,9.391102139257624,-0.06260009712523466,-0.006994639729752557,-0.09195663203347801,104.54459272549498,1.1279785143541612,1.5076550579122259
23.749000000006042,75.66831926369748,11.739594532678536,-9.506397271915471,-0.17546654239921525,-0.5410830275223688,9.698187508868704,-0.005138721224767972,9.402285650027006,-0.05860541441432779,-0.0001560465504847691,-0.07834392984793398,104.66874912045583,1.1521877956795141,1.507074694203951
23.759000000006054,75.17727769672737,0.0,0.0,0.0,0.0,0.3261449515687715,-0.019358052565062837,9.800555634063155,0.0,0.0,-0.0,104.69702874991137,1.1578002945561185,1.506915016413363
23.759000000006054,75.17727769672737,0.0,0.0,0.0,0.0,0.3261449515687715,-0.019358052565062837,9.800555634063155,0.0,0.0,-0.0,104.69702874991137,1.1578002945561185,1.506915016413363
23.759000000006054,75.17727769672737,0.0,0.0,0.0,0.0,0.3261449515687715,-0.019358052565062837,9.800555634063155,0.0,0.0,-0.0,104.69702874991137,1.1578002945561185,1.506915016413363
23.759000000006054,75.17727769672737,0.0,0.0,0.0,0.0,0.3261449515687715,-0.019358052565062837,9.800555634063155,0.0,0.0,-0.0,104.69702874991137,1.1578002945561185,1.506915016413363
23.759000000006054,75.17727769672737,0.0,0.0,0.0,0.0,0.3261449515687715,-0.019358052565062837,9.800555634063155,0.0,0.0,-0.0,104.69702874991137,1.1578002945561185,1.506915016413363
23.759000000006054,75.17727769672737,0.0,0.0,0.0,0.0,0.3261449515687715,-0.019358052565062837,9.800555634063155,0.0,0.0,-0.0,104.69702874991137,1.1578002945561185,1.506915016413363
23.759000000006054,75.17727769672737,0.0,0.0,0.0,0.0,0.3261449515687715,-0.019358052565062837,9.800555634063155,0.0,0.0,-0.0,104.69702874991137,1.1578002945561185,1.506915016413363
