sensor,time,t,ax,ay,az,wx,wy,wz,lat,lon,alt,v_kmh,satellites,x,y
acc,1778675410.0,155.0,0.078125,0.320312,-9.835938,,,,,,,,,,
acc,1778675410.0,155.0,0.078125,0.3313003591084626,-9.835938,,,,,,,,,,
acc,1778675410.0,155.0,0.078125,0.3370566833390332,-9.827564542349553,,,,,,,,,,
acc,1778675410.0,155.0,0.078125,0.3338347894566352,-9.822411042011698,,,,,,,,,,
acc,1778675410.0,155.0,0.078125,0.3316519007357907,-9.818919456574378,,,,,,,,,,
acc,1778675410.0,155.0,0.078125,0.33007509881999403,-9.816397322232778,,,,,,,,,,
acc,1778675410.0,155.0,0.078125,0.32888264494631414,-9.81878399856654,,,,,,,,,,
acc,1778675410.0,155.0,0.08237938560390008,0.32794920848532194,-9.816823276196816,,,,,,,,,,
acc,1778675410.0,155.0,0.0858004471532965,0.3271986080736955,-9.815246608604214,,,,,,,,,,
acc,1778675410.0,155.0,0.08861139545937326,0.32658186998666106,-9.813951124429293,,,,,,,,,,
acc,1778675410.0,155.0,0.09096225740479028,0.32285263168913253,-9.812546352527896,,,,,,,,,,
acc,1778675410.0,155.0,0.0929575971191499,0.32265933217471526,-9.808381985134211,,,,,,,,,,
acc,1778675410.0,155.0,0.09467252398559921,0.3249814636353245,-9.807844019105241,,,,,,,,,,
acc,1778675410.0,155.0,0.0961623816994151,0.3269988356508707,-9.807376656412574,,,,,,,,,,
acc,1778675410.0,155.0,0.09746884878742272,0.3287678838748304,-9.809151370233247,,,,,,,,,,
acc,1778675410.0,155.0,0.09862391103983714,0.3303319193143399,-9.806144132853712,,,,,,,,,,
acc,1778675410.0,155.0,0.10181690166909783,0.32977672792353163,-9.807794974344505,,,,,,,,,,
acc,1778675410.0,155.0,0.10467870142701038,0.3292791233977776,-9.809274583377931,,,,,,,,,,
acc,1778675410.0,155.0,0.10725849412507953,0.32883055374557985,-9.8088497020004,,,,,,,,,,
acc,1778675410.0,155.0,0.10773229258555717,0.33010163963684647,-9.808464694062039,,,,,,,,,,
acc,1778675410.0,155.0,0.10816365234848421,0.33125887283714844,-9.809717998359305,,,,,,,,,,
acc,1778675410.0,155.0,0.10855806057646754,0.3323169740675401,-9.810863940956397,,,,,,,,,,
acc,1778675410.0,155.0,0.10892009743797243,0.33181335023884806,-9.81044094884493,,,,,,,,,,
acc,1778675410.0,155.0,0.11082933670111343,0.3313493976789127,-9.811469473488431,,,,,,,,,,
acc,1778675410.0,155.0,0.11259401205176534,0.3309205747114639,-9.81105420686018,,,,,,,,,,
acc,1778675410.0,155.0,0.11423006460173452,0.33052300758438824,-9.810669207984427,,,,,,,,,,
acc,1778675410.0,155.0,0.11575117419158004,0.3287393388650823,-9.810169861618219,,,,,,,,,,
acc,1778675410.0,155.0,0.11716914659538455,0.32844427515126684,-9.80984113241652,,,,,,,,,,
acc,1778675410.0,155.0,0.11849422379746397,0.3268441039005484,-9.809401502138071,,,,,,,,,,
acc,1778675410.0,155.0,0.11845128550750439,0.32662938007460646,-9.809118128323323,,,,,,,,,,
acc,1778675410.0,155.0,0.11841098164490166,0.3264278303718483,-9.808852140569606,,,,,,,,,,
acc,1778675410.0,155.0,0.11958383455253611,0.3262382649511255,-9.808601968628142,,,,,,,,,,
acc,1778675410.0,155.0,0.11951161836850961,0.3260596331504249,-9.808366225926662,,,,,,,,,,
acc,1778675410.0,155.0,0.11944344588101594,0.32589100371696206,-9.808143683478802,,,,,,,,,,
acc,1778675410.0,155.0,0.11937898221510945,0.3257315483140511,-9.807933248117905,,,,,,,,,,
acc,1778675410.0,155.0,0.1193179285098403,0.32558052768815277,-9.807733944241502,,,,,,,,,,
acc,1778675410.0,155.0,0.12032208637972892,0.32543728000863403,-9.80754489842313,,,,,,,,,,
acc,1778675410.0,155.0,0.12127592224013362,0.3262345801741865,-9.808298695561431,,,,,,,,,,
acc,1778675410.0,155.0,0.12116987714753974,0.3269929524169166,-9.80810367846593,,,,,,,,,,
acc,1778675410.0,155.0,0.12007807328706416,0.3277152278824902,-9.807917943736319,,,,,,,,,,
acc,1778675410.0,155.0,0.12000635283284786,0.3284039692896347,-9.807740832363823,,,,,,,,,,
acc,1778675410.0,155.0,0.11898886426280605,0.329061501998894,-9.807571746376848,,,,,,,,,,
acc,1778675410.0,155.0,0.11801639650093027,0.3296899408639195,-9.80741014193611,,,,,,,,,,
acc,1778675410.0,155.0,0.11708596666094907,0.33029121351844515,-9.807255523346342,,,,,,,,,,
acc,1778675410.0,155.0,0.11619485021188262,0.33086708063899284,-9.807107437845692,,,,,,,,,,
acc,1778675410.0,155.0,0.11621713673220689,0.3306302220885509,-9.807754402600757,,,,,,,,,,
acc,1778675410.0,155.0,0.11623852236210358,0.33040293809697585,-9.808375215029379,,,,,,,,,,
acc,1778675410.0,155.0,0.11625906189950863,0.33018464627816685,-9.809816473052095,,,,,,,,,,
acc,1778675410.0,155.0,0.11627880577379099,0.3299748106746458,-9.809624430930098,,,,,,,,,,
acc,1778675410.0,155.0,0.11629780047240218,0.3297729372231752,-9.809439675791577,,,,,,,,,,
acc,1778675410.0,155.0,0.11631608891848615,0.32957856974156496,-9.809261790137334,,,,,,,,,,
acc,1778675410.0,155.0,0.11554422228727622,0.3293912863680911,-9.809800933608317,,,,,,,,,,
acc,1778675410.0,155.0,0.11479994172718277,0.32921069639507106,-9.81032080840058,,,,,,,,,,
acc,1778675410.0,155.0,0.11484670593904094,0.3290364374466118,-9.810133994859967,,,,,,,,,,
acc,1778675410.0,155.0,0.11489186147497737,0.3288681729576632,-9.809953607653355,,,,,,,,,,
acc,1778675410.0,155.0,0.11493549233469415,0.3287055899175025,-9.810447358951436,,,,,,,,,,
acc,1778675410.0,155.0,0.11497767673997451,0.32920680842831773,-9.810924741359234,,,,,,,,,,
acc,1778675410.0,155.0,0.11501848762276799,0.32904257680174814,-9.810737449732173,,,,,,,,,,
acc,1778675410.0,155.0,0.11505799306462983,0.3295237851766028,-9.811196335739895,,,,,,,,,,
acc,1778675410.0,155.0,0.11509625669307871,0.32998986725527757,-9.811009233749614,,,,,,,,,,
acc,1778675410.0,155.0,0.11444084932033263,0.3304415481811032,-9.811451158062049,,,,,,,,,,
acc,1778675410.0,155.0,0.11380535305874794,0.33087950715399156,-9.811264439434071,,,,,,,,,,
acc,1778675410.0,155.0,0.11386380071592453,0.33130438100957577,-9.811083299491086,,,,,,,,,,
acc,1778675410.0,155.0,0.11392053054781982,0.33171676746898804,-9.810907483401762,,,,,,,,,,
acc,1778675410.0,155.0,0.11397561980554109,0.3315244840571474,-9.810736751750833,,,,,,,,,,
acc,1778675410.0,155.0,0.11402914113619651,0.3313376733341432,-9.81057087939167,,,,,,,,,,
acc,1778675410.0,155.0,0.114724456916446,0.3317350809824161,-9.810409654399784,,,,,,,,,,
acc,1778675410.0,155.0,0.11540059104049027,0.33154908618787743,-9.810252877117058,,,,,,,,,,
acc,1778675410.0,155.0,0.11542937221545777,0.3319342488676162,-9.810100359277687,,,,,,,,,,
acc,1778675410.0,155.0,0.1154573831321996,0.33174913303569026,-9.809951923207754,,,,,,,,,,
acc,1778675410.0,155.0,0.11610022302854628,0.33212292805036436,-9.809807401091328,,,,,,,,,,
acc,1778675410.0,155.0,0.11672635910992264,0.33193873653637085,-9.808996532410488,,,,,,,,,,
acc,1778675410.0,155.0,0.11673348514876895,0.331759262451655,-9.808869714781551,,,,,,,,,,
acc,1778675410.0,155.0,0.11733739547864873,0.3321216060307406,-9.809283385296704,,,,,,,,,,
acc,1778675410.0,155.0,0.11792627073136731,0.3319428879824012,-9.809154716338357,,,,,,,,,,
acc,1778675410.0,155.0,0.11850068734126394,0.3317685579948859,-9.809029206586485,,,,,,,,,,
acc,1778675410.0,155.0,0.1190611922066694,0.33159845008974376,-9.808906736544067,,,,,,,,,,
acc,1778675410.0,155.0,0.1196083045561793,0.3314324066860256,-9.80930441366622,,,,,,,,,,
acc,1778675410.0,155.0,0.12014251767530629,0.33178284525967544,-9.80969271478211,,,,,,,,,,
acc,1778675410.0,155.0,0.12009982246380538,0.3321251296855679,-9.810071980749155,,,,,,,,,,
acc,1778675410.0,155.0,0.12005810786782266,0.3319558954900596,-9.81044253580742,,,,,,,,,,
acc,1778675410.0,155.0,0.12057219907866222,0.3322898896433348,-9.810804688579367,,,,,,,,,,
acc,1778675410.0,155.0,0.12052452701601217,0.33212116118137974,-9.810663488283867,,,,,,,,,,
acc,1778675410.0,155.0,0.12047790902621074,0.33195616345983425,-9.81052541005587,,,,,,,,,,
acc,1778675410.0,155.0,0.12043230914633782,0.33125334920443567,-9.810336208149737,,,,,,,,,,
acc,1778675410.0,155.0,0.12038769306631561,0.3311028826213706,-9.810688286679365,,,,,,,,,,
acc,1778675410.0,155.0,0.12034402803506854,0.33095562342585405,-9.810553085591804,,,,,,,,,,
acc,1778675410.0,155.0,0.12030128277299569,0.3308114661282358,-9.810420732407682,,,,,,,,,,
acc,1778675410.0,155.0,0.12025942739026585,0.3311429652539589,-9.810291134578394,,,,,,,,,,
acc,1778675410.0,155.0,0.12021843331048834,0.330998405283212,-9.810164203622175,,,,,,,,,,
acc,1778675410.0,155.0,0.11966059989636064,0.3308567861879029,-9.810039854903138,,,,,,,,,,
acc,1778675410.0,155.0,0.11911398714864771,0.3307180157219268,-9.809918007424544,,,,,,,,,,
acc,1778675410.0,155.0,0.11908881384268875,0.3305820055633098,-9.809798583635237,,,,,,,,,,
acc,1778675410.0,155.0,0.11906413576657224,0.33044867110765896,-9.809681509248287,,,,,,,,,,
acc,1778675410.0,155.0,0.11853611471083618,0.33031793127449705,-9.809566713070941,,,,,,,,,,
acc,1778675410.0,155.0,0.11851883903314117,0.33018970832555417,-9.810405220629997,,,,,,,,,,
acc,1778675410.0,155.0,0.1180044725009062,0.3300639276941644,-9.810730349597613,,,,,,,,,,
acc,1778675410.0,155.0,0.11749980094891285,0.33038542686316164,-9.811049350408126,,,,,,,,,,
acc,1778675410.0,155.0,0.11749587910671762,0.3302587229815337,-9.810920194771986,,,,,,,,,,
acc,1778675410.0,155.0,0.11749202967603209,0.3301343585156438,-9.810793423819915,,,,,,,,,,
acc,1778675410.0,155.0,0.11748825060408263,0.3304492666990571,-9.810668969949168,,,,,,,,,,
acc,1778675410.0,155.0,0.11748453991775187,0.3307584763429232,-9.810546768180277,,,,,,,,,,
acc,1778675410.0,155.0,0.1174808957197438,0.3306300989272655,-9.81042675603075,,,,,,,,,,
acc,1778675410.0,155.0,0.11747731618496766,0.33050399946099107,-9.81073853383703,,,,,,,,,,
acc,1778675410.0,155.0,0.11747379955712635,0.33038011607345363,-9.811044832443535,,,,,,,,,,
acc,1778675410.0,155.0,0.11747034414549572,0.33025838920400497,-9.811345799112493,,,,,,,,,,
acc,1778675410.0,155.0,0.11746694832188269,0.33056160352172964,-9.811218733632774,,,,,,,,,,
acc,1778675410.0,155.0,0.11746361051775055,0.33085963725903605,-9.811093839135419,,,,,,,,,,
acc,1778675410.0,155.0,0.1174603292215009,0.3311526253870918,-9.810971059059192,,,,,,,,,,
acc,1778675410.0,155.0,0.11745710297590235,0.3314406980226147,-9.810850338877172,,,,,,,,,,
acc,1778675410.0,155.0,0.11745393037565682,0.33172398064517783,-9.811146110856546,,,,,,,,,,
acc,1778675410.0,155.0,0.11745081006509497,0.3320025943029864,-9.81102449118523,,,,,,,,,,
acc,1778675410.0,155.0,0.11790394142733727,0.3322766558078337,-9.811315453244138,,,,,,,,,,
acc,1778675410.0,155.0,0.11834973272880514,0.33254627791989316,-9.811601702146172,,,,,,,,,,
acc,1778675410.0,155.0,0.11878836399719568,0.3324046869172903,-9.811476470883994,,,,,,,,,,
acc,1778675410.0,155.0,0.11922000912591717,0.33226535105377886,-9.811353234197105,,,,,,,,,,
acc,1778675410.0,155.0,0.11964483613500886,0.3321282160921725,-9.811635283214097,,,,,,,,,,
acc,1778675410.0,155.0,0.11961676964896058,0.33239485731279367,-9.81151128569385,,,,,,,,,,
acc,1778675410.0,155.0,0.11958913933887265,0.33265735471255053,-9.811389215195653,,,,,,,,,,
acc,1778675410.0,155.0,0.11956193501382219,0.3329158051086974,-9.811269026696088,,,,,,,,,,
acc,1778675410.0,155.0,0.11997593420079465,0.3331703021597724,-9.811150676640647,,,,,,,,,,
acc,1778675410.0,155.0,0.11994459819906912,0.33302577659006877,-9.811034122883743,,,,,,,,,,
acc,1778675410.0,155.0,0.11991373417269625,0.3328834278298805,-9.810919324631609,,,,,,,,,,
acc,1778675410.0,155.0,0.1203190266263536,0.33274320690417053,-9.810806242387951,,,,,,,,,,
acc,1778675410.0,155.0,0.12071830591128563,0.33260506638256754,-9.81069483790218,,,,,,,,,,
acc,1778675410.0,155.0,0.12111170483159651,0.3324689603182145,-9.810109331022554,,,,,,,,,,
acc,1778675410.0,155.0,0.12106841834480092,0.3323348441894855,-9.810006420458441,,,,,,,,,,
acc,1778675410.0,155.0,0.12102576018977994,0.33220267484441596,-9.80990500370873,,,,,,,,,,
acc,1778675411.0,156.0,0.1209837168640306,0.33207241044769975,-9.809805048672173,,,,,,,,,,
acc,1778675411.0,156.0,0.12094227527368408,0.331944010430117,-9.809706524219024,,,,,,,,,,
acc,1778675411.0,156.0,0.12090142271792612,0.3318174354402636,-9.809609400153994,,,,,,,,,,
acc,1778675411.0,156.0,0.12086114687412142,0.3316926472984611,-9.809894960580463,,,,,,,,,,
acc,1778675411.0,156.0,0.12082143578360513,0.3315696089527344,-9.8101765168403,,,,,,,,,,
acc,1778675411.0,156.0,0.12120325339902117,0.3314482844367488,-9.810075260300136,,,,,,,,,,
acc,1778675411.0,156.0,0.12116011446579049,0.33132863882960684,-9.810353123460988,,,,,,,,,,
acc,1778675411.0,156.0,0.12111756864524299,0.33121063821740954,-9.81062716631029,,,,,,,,,,
acc,1778675411.0,156.0,0.12107560405934524,0.33109424965649287,-9.810522017290335,,,,,,,,,,
acc,1778675411.0,156.0,0.12061826951724415,0.33097944113825506,-9.810418295729727,,,,,,,,,,
acc,1778675411.0,156.0,0.12058184926526053,0.3308661815554955,-9.810315973525261,,,,,,,,,,
acc,1778675411.0,156.0,0.12054591737234222,0.3307544406701904,-9.810215023358973,,,,,,,,,,
acc,1778675411.0,156.0,0.12051046438458989,0.33064418908263377,-9.810115418670259,,,,,,,,,,
acc,1778675411.0,156.0,0.1204754811081722,0.3305353982018785,-9.81038731278135,,,,,,,,,,
acc,1778675411.0,156.0,0.12044095860021801,0.33042804021741257,-9.810655625746115,,,,,,,,,,
acc,1778675411.0,156.0,0.12040688816008688,0.33032208807201224,-9.810552202098092,,,,,,,,,,
acc,1778675411.0,156.0,0.12037326132099979,0.33021751543571537,-9.810450125037848,,,,,,,,,,
acc,1778675411.0,156.0,0.12034006984201295,0.33011429668086134,-9.810715717145047,,,,,,,,,,
acc,1778675411.0,156.0,0.12030730570031845,0.3300124068581478,-9.810612450879848,,,,,,,,,,
acc,1778675411.0,156.0,0.12027496108385638,0.329911821673656,-9.810875055847646,,,,,,,,,,
acc,1778675411.0,156.0,0.12024302838422408,0.3298125174667998,-9.810770639094503,,,,,,,,,,
acc,1778675411.0,156.0,0.12021150018986854,0.32971447118915526,-9.8106675450334,,,,,,,,,,
acc,1778675411.0,156.0,0.12058256393558943,0.32961766038413115,-9.810565750051598,,,,,,,,,,
acc,1778675411.0,156.0,0.12054769151915423,0.32952206316744076,-9.810465231138126,,,,,,,,,,
acc,1778675411.0,156.0,0.1209136472037871,0.3294276582083396,-9.810726332029496,,,,,,,,,,
acc,1778675411.0,156.0,0.12127506177837315,0.3289349048122453,-9.810584662817007,,,,,,,,,,
acc,1778675411.0,156.0,0.12163201384581868,0.32884689997630784,-9.810484607237527,,,,,,,,,,
acc,1778675411.0,156.0,0.12158675387164197,0.32875997645043004,-9.810743836830213,,,,,,,,,,
acc,1778675411.0,156.0,0.1215420473225274,0.32867411579872713,-9.810205866343109,,,,,,,,,,
acc,1778675411.0,156.0,0.12149788483306204,0.32858930003456244,-9.809674442727555,,,,,,,,,,
acc,1778675411.0,156.0,0.12184966924272703,0.3288613945341027,-9.809584417286377,,,,,,,,,,
acc,1778675411.0,156.0,0.12219721231898958,0.32913020849176045,-9.809061365769919,,,,,,,,,,
acc,1778675411.0,156.0,0.1225405842683267,0.32904128991429066,-9.808977870540035,,,,,,,,,,
acc,1778675411.0,156.0,0.12287985363614652,0.32895343372911345,-9.809249211525326,,,,,,,,,,
acc,1778675411.0,156.0,0.12321508735793515,0.3292198069079842,-9.809517324880085,,,,,,,,,,
acc,1778675411.0,156.0,0.12354635080852586,0.3291304822929774,-9.809429719831552,,,,,,,,,,
acc,1778675411.0,156.0,0.12387370784956994,0.3293941256305015,-9.80934314786167,,,,,,,,,,
acc,1778675411.0,156.0,0.12419722087528472,0.3296546731157792,-9.809257592469827,,,,,,,,,,
acc,1778675411.0,156.0,0.12451695085655044,0.330301821579835,-9.809134074754155,,,,,,,,,,
acc,1778675411.0,156.0,0.12444396712607624,0.3305524433403796,-9.809400995694695,,,,,,,,,,
acc,1778675411.0,156.0,0.12437182989796758,0.33080015826248527,-9.809664820750628,,,,,,,,,,
acc,1778675411.0,156.0,0.1243005260192694,0.33104501151261223,-9.809925598025817,,,,,,,,,,
acc,1778675411.0,156.0,0.12423004262852544,0.33128704725623115,-9.810183374558031,,,,,,,,,,
acc,1778675411.0,156.0,0.12416036714727749,0.3315263086870144,-9.810438196350043,,,,,,,,,,
acc,1778675411.0,156.0,0.12409148727186146,0.33141552275607844,-9.8103427931007,,,,,,,,,,
acc,1778675411.0,156.0,0.12402339096548838,0.3316527873284948,-9.810595265363204,,,,,,,,,,
acc,1778675411.0,156.0,0.123956066450599,0.3318873627862421,-9.810498600716235,,,,,,,,,,
acc,1778675411.0,156.0,0.1238895022014811,0.33177351855351217,-9.810403027660087,,,,,,,,,,
acc,1778675411.0,156.0,0.12382368693713912,0.3320062312093054,-9.810308529997485,,,,,,,,,,
acc,1778675411.0,156.0,0.1233755120569132,0.3318915438731293,-9.810215091872635,,,,,,,,,,
acc,1778675411.0,156.0,0.12293234477710999,0.33212245301915805,-9.810122697761662,,,,,,,,,,
acc,1778675411.0,156.0,0.12287616293656843,0.33200694237103506,-9.810375181073539,,,,,,,,,,
acc,1778675411.0,156.0,0.12243906199645994,0.33223610485025457,-9.810624862455013,,,,,,,,,,
acc,1778675411.0,156.0,0.12238783994209546,0.33211978987486496,-9.810871782203503,,,,,,,,,,
acc,1778675411.0,156.0,0.1219566269426035,0.33234726020769945,-9.811115979796249,,,,,,,,,,
acc,1778675411.0,156.0,0.12191022899784157,0.3325722308792565,-9.811357493912608,,,,,,,,,,
acc,1778675411.0,156.0,0.12186433930149262,0.3327947371962528,-9.811254713616627,,,,,,,,,,
acc,1778675411.0,156.0,0.12181895071703601,0.3330148137616831,-9.811494289780041,,,,,,,,,,
acc,1778675411.0,156.0,0.12177405624921026,0.333232494493616,-9.81210994199455,,,,,,,,,,
acc,1778675411.0,156.0,0.121729649040262,0.3334478126433817,-9.812340671295104,,,,,,,,,,
acc,1778675411.0,156.0,0.1220635286922748,0.33366080081317495,-9.812228866550306,,,,,,,,,,
acc,1778675411.0,156.0,0.12239380599051575,0.33353183734608743,-9.812118268109161,,,,,,,,,,
acc,1778675411.0,156.0,0.12272053008621044,0.33340426129897116,-9.812348136840406,,,,,,,,,,
acc,1778675411.0,156.0,0.12338264780319612,0.33327805384676423,-9.812613192872847,,,,,,,,,,
acc,1778675411.0,156.0,0.12369914576911456,0.3331531965219661,-9.812499254124322,,,,,,,,,,
acc,1778675411.0,156.0,0.12401226725778158,0.3330296712054659,-9.812386530902069,,,,,,,,,,
acc,1778675411.0,156.0,0.12432205733831421,0.3329074601176567,-9.811862094259507,,,,,,,,,,
acc,1778675411.0,156.0,0.12425357158257189,0.332786545809827,-9.81134322240612,,,,,,,,,,
acc,1778675411.0,156.0,0.12418581062160824,0.3326669111558177,-9.810829841849513,,,,,,,,,,
acc,1778675411.0,156.0,0.12449301608390112,0.3321742881933317,-9.81035931322657,,,,,,,,,,
acc,1778675411.0,156.0,0.12479698697921063,0.3320607449685698,-9.809856341852154,,,,,,,,,,
acc,1778675411.0,156.0,0.12472422387603545,0.33157485276128157,-9.809732204076768,,,,,,,,,,
acc,1778675411.0,156.0,0.1246522231000565,0.33109405116761337,-9.809609366872662,,,,,,,,,,
acc,1778675411.0,156.0,0.12458097483831324,0.3306182746592842,-9.809487813498396,,,,,,,,,,
acc,1778675411.0,156.0,0.12413793309687862,0.33014745887180375,-9.809367527509863,,,,,,,,,,
acc,1778675411.0,156.0,0.12332728905417382,0.33005374193151915,-9.809285710982909,,,,,,,,,,
acc,1778675411.0,156.0,0.1225250579993554,0.32996099759997755,-9.809204743560388,,,,,,,,,,
acc,1778675411.0,156.0,0.12173113373180718,0.3298692135995375,-9.809459037873905,,,,,,,,,,
acc,1778675411.0,156.0,0.12094541188820424,0.3297783778649634,-9.80937655819123,,,,,,,,,,
acc,1778675411.0,156.0,0.12016778989903242,0.3296884785383983,-9.809294928775643,,,,,,,,,,
acc,1778675411.0,156.0,0.11939816694638086,0.3295995039644846,-9.80921413904397,,,,,,,,,,
acc,1778675411.0,156.0,0.1190068273703548,0.329511442685627,-9.809134178592611,,,,,,,,,,
acc,1778675411.0,156.0,0.11861949636978969,0.32942428343739216,-9.809055037193357,,,,,,,,,,
acc,1778675411.0,156.0,0.11823612472470284,0.32933801514404215,-9.808976704789334,,,,,,,,,,
acc,1778675411.0,156.0,0.11748711885090264,0.32925262691419555,-9.808899171491069,,,,,,,,,,
acc,1778675411.0,156.0,0.11711501495522898,0.3291681080366133,-9.808822427572657,,,,,,,,,,
acc,1778675411.0,156.0,0.11674669209862984,0.3290844479761044,-9.80874646346805,,,,,,,,,,
acc,1778675411.0,156.0,0.11638210465629535,0.3290016363695479,-9.808671269767437,,,,,,,,,,
acc,1778675411.0,156.0,0.11638970703875023,0.32891966302202674,-9.80859683721374,,,,,,,,,,
acc,1778675411.0,156.0,0.11639723260952782,0.3288385179030713,-9.808854584514139,,,,,,,,,,
acc,1778675411.0,156.0,0.1167726782158661,0.32908939878669974,-9.809109732400085,,,,,,,,,,
acc,1778675411.0,156.0,0.11714434422545603,0.3293377540619419,-9.809362311721895,,,,,,,,,,
acc,1778675411.0,156.0,0.11784304551025503,0.3295836135828466,-9.809649102994465,,,,,,,,,,
acc,1778675411.0,156.0,0.11853473768684149,0.32982700673360915,-9.80952899162638,,,,,,,,,,
acc,1778675411.0,156.0,0.11888914490984528,0.33043502484522647,-9.809813859270779,,,,,,,,,,
acc,1778675411.0,156.0,0.1195701666564883,0.3306701244157212,-9.810095878931808,,,,,,,,,,
acc,1778675411.0,156.0,0.11991442995616453,0.330902877456253,-9.810338423487185,,,,,,,,,,
acc,1778675411.0,156.0,0.12058503102857408,0.33113331117190203,-9.810212134664274,,,,,,,,,,
acc,1778675411.0,156.0,0.121615166586272,0.33136145235225395,-9.810489926214844,,,,,,,,,,
acc,1778675411.0,156.0,0.12226906994778297,0.33158732738015617,-9.810764958430154,,,,,,,,,,
acc,1778675411.0,156.0,0.12328228525323415,0.331810962240239,-9.810634888859251,,,,,,,,,,
acc,1778675411.0,156.0,0.12391986866661402,0.33170334116257594,-9.81090826274751,,,,,,,,,,
acc,1778675411.0,156.0,0.12491655109445189,0.33159678422096445,-9.811178933568522,,,,,,,,,,
acc,1778675411.0,156.0,0.12553818116628818,0.3318199728238764,-9.81104520174493,,,,,,,,,,
acc,1778675411.0,156.0,0.12615368261256643,0.3320409610194431,-9.81091278837794,,,,,,,,,,
acc,1778675411.0,156.0,0.12676312448944754,0.3322597736014266,-9.810453329527737,,,,,,,,,,
acc,1778675411.0,156.0,0.127038388629596,0.33247643500204965,-9.810363036967926,,,,,,,,,,
acc,1778675411.0,156.0,0.12731095032579878,0.33269096929926556,-9.810273630867867,,,,,,,,,,
acc,1778675411.0,156.0,0.12758083972753773,0.332575521395622,-9.810185101337883,,,,,,,,,,
acc,1778675411.0,156.0,0.12748396024493056,0.332788928743413,-9.810097438630107,,,,,,,,,,
acc,1778675411.0,156.0,0.1277519865157673,0.3330002492787725,-9.810010633135684,,,,,,,,,,
acc,1778675411.0,156.0,0.12765360161389208,0.3328820806159862,-9.809924675382042,,,,,,,,,,
acc,1778675411.0,156.0,0.12755617632389493,0.3330923444166079,-9.809839556030227,,,,,,,,,,
acc,1778675411.0,156.0,0.1274597001066322,0.3333005599231962,-9.809755265872308,,,,,,,,,,
acc,1778675411.0,156.0,0.12700083588084365,0.3338700669521192,-9.809635465950253,,,,,,,,,,
acc,1778675411.0,156.0,0.12654643089312612,0.3344340395172894,-9.809516830242671,,,,,,,,,,
acc,1778675411.0,156.0,0.12573341290418666,0.33462952345762575,-9.809762369775617,,,,,,,,,,
acc,1778675411.0,156.0,0.12529115375302297,0.33482311212492444,-9.810005528732155,,,,,,,,,,
acc,1778675411.0,156.0,0.12449044573462284,0.3350148260319855,-9.80991987145964,,,,,,,,,,
acc,1778675411.0,156.0,0.1240600731940397,0.3352046854127521,-9.810161376483558,,,,,,,,,,
acc,1778675411.0,156.0,0.12363385924089557,0.33506650188802173,-9.810074339562421,,,,,,,,,,
acc,1778675411.0,156.0,0.12321175923814638,0.33492965215389564,-9.810314228044003,,,,,,,,,,
acc,1778675411.0,156.0,0.12279372914638506,0.3347941219322855,-9.81055180350791,,,,,,,,,,
acc,1778675411.0,156.0,0.12201767751548229,0.3346598971353172,-9.810461244671076,,,,,,,,,,
acc,1778675411.0,156.0,0.12124909312578229,0.33452696386186925,-9.81037155719982,,,,,,,,,,
acc,1778675411.0,156.0,0.12048789666496547,0.334033525843899,-9.810246555436368,,,,,,,,,,
acc,1778675411.0,156.0,0.11973400986186446,0.333544826238679,-9.81052058524477,,,,,,,,,,
acc,1778675411.0,156.0,0.1193489004528236,0.3326992792410113,-9.810394289442801,,,,,,,,,,
acc,1778675412.0,157.0,0.11896748205052415,0.33222325194441854,-9.81026920409855,,,,,,,,,,
acc,1778675412.0,157.0,0.11858971583856819,0.3317517827454042,-9.810145316482263,,,,,,,,,,
acc,1778675412.0,157.0,0.11821556350049031,0.33128482382329844,-9.810022614028139,,,,,,,,,,
acc,1778675412.0,157.0,0.1178449872110249,0.33082232797047095,-9.809901084331461,,,,,,,,,,
acc,1778675412.0,157.0,0.11711698301784079,0.3307252059507924,-9.809816809034592,,,,,,,,,,
acc,1778675412.0,157.0,0.11675678181928734,0.33062901055435556,-9.810058112081146,,,,,,,,,,
acc,1778675412.0,157.0,0.11640001426956521,0.33053373214878906,-9.809972437219935,,,,,,,,,,
acc,1778675412.0,157.0,0.11640728925406162,0.3304393612229758,-9.80988757836946,,,,,,,,,,
acc,1778675412.0,157.0,0.1164144950056348,0.3303458883849954,-9.81012801680024,,,,,,,,,,
acc,1778675412.0,157.0,0.11678206251725869,0.3302533043601134,-9.810041770630978,,,,,,,,,,
acc,1778675412.0,157.0,0.11714613771928152,0.3298012693901458,-9.80992031268351,,,,,,,,,,
acc,1778675412.0,157.0,0.11750675652605255,0.3293535258729197,-9.810196271215094,,,,,,,,,,
acc,1778675412.0,157.0,0.1178639544095735,0.3289100297664759,-9.81007345419057,,,,,,,,,,
acc,1778675412.0,157.0,0.11854180641619842,0.3284707375690174,-9.810311852975056,,,,,,,,,,
acc,1778675412.0,157.0,0.11888928116123701,0.32803560631005474,-9.809864077900372,,,,,,,,,,
acc,1778675412.0,157.0,0.11955734200730798,0.3276045935417449,-9.809780399973347,,,,,,,,,,
acc,1778675412.0,157.0,0.12021908427465203,0.32717765733042076,-9.809697513479577,,,,,,,,,,
acc,1778675412.0,157.0,0.12087457217546574,0.3267547562483039,-9.809615410376166,,,,,,,,,,
acc,1778675412.0,157.0,0.12152386915039419,0.326335849365398,-9.809534082716858,,,,,,,,,,
acc,1778675412.0,157.0,0.12252655897457916,0.326280408131687,-9.809813043744255,,,,,,,,,,
acc,1778675412.0,157.0,0.12316035326076134,0.3262254898147676,-9.810448802691168,,,,,,,,,,
acc,1778675412.0,157.0,0.12378817361667237,0.32617108913930226,-9.810323931581525,,,,,,,,,,
acc,1778675412.0,157.0,0.12476935730920326,0.3261172008923561,-9.81059543875593,,,,,,,,,,
acc,1778675412.0,157.0,0.12538210589203308,0.3263871015443167,-9.811223579639151,,,,,,,,,,
acc,1778675412.0,157.0,0.12598908999076383,0.3266544630830747,-9.811486698624977,,,,,,,,,,
acc,1778675412.0,157.0,0.1262672321466482,0.32691931094840454,-9.81171144195479,,,,,,,,,,
acc,1778675412.0,157.0,0.12654276085828406,0.3271816702836222,-9.811610995905108,,,,,,,,,,
acc,1778675412.0,157.0,0.12681570222448638,0.3274415659401042,-9.811511493091528,,,,,,,,,,
acc,1778675412.0,157.0,0.12708608204212415,0.32769902248171306,-9.811412924109609,,,,,,,,,,
acc,1778675412.0,157.0,0.12767680134271545,0.3276311794730092,-9.811279406645117,,,,,,,,,,
acc,1778675412.0,157.0,0.1279391695230874,0.3275639724436814,-9.811183006942677,,,,,,,,,,
acc,1778675412.0,157.0,0.12784046747953853,0.32749739508217535,-9.810693029788082,,,,,,,,,,
acc,1778675412.0,157.0,0.12774268967875513,0.32775414329741287,-9.810207640763823,,,,,,,,,,
acc,1778675412.0,157.0,0.12764582697568175,0.32836696916343294,-9.80976264986824,,,,,,,,,,
acc,1778675412.0,157.0,0.12719144457734108,0.32897406264008605,-9.80932182142927,,,,,,,,,,
acc,1778675412.0,157.0,0.12674131028667243,0.329575480284081,-9.808885114379422,,,,,,,,,,
acc,1778675412.0,157.0,0.1262953822500461,0.33017127801542184,-9.808452488113534,,,,,,,,,,
acc,1778675412.0,157.0,0.1258536190834931,0.33076151112660607,-9.8080239024821,,,,,,,,,,
acc,1778675412.0,157.0,0.12541597986595532,0.3317044156319572,-9.807921674572466,,,,,,,,,,
acc,1778675412.0,157.0,0.12498242413266744,0.33263852216961604,-9.807498096238692,,,,,,,,,,
acc,1778675412.0,157.0,0.12419484614313439,0.3335639169528079,-9.807400721058544,,,,,,,,,,
acc,1778675412.0,157.0,0.1237726194226944,0.3344806852393599,-9.806982051475696,,,,,,,,,,
acc,1778675412.0,157.0,0.1229963725966927,0.33538891134515136,-9.80688943538244,,,,,,,,,,
acc,1778675412.0,157.0,0.122227355370974,0.33628867865730716,-9.806797681872206,,,,,,,,,,
acc,1778675412.0,157.0,0.12146549725857998,0.33718006964714126,-9.806384726750123,,,,,,,,,,
acc,1778675412.0,157.0,0.12035294305603247,0.3380631658828554,-9.806297623114114,,,,,,,,,,
acc,1778675412.0,157.0,0.1196084714261448,0.33858030467988526,-9.806604844619219,,,,,,,,,,
acc,1778675412.0,157.0,0.11887092157277698,0.3390926353431474,-9.806193832845134,,,,,,,,,,
acc,1778675412.0,157.0,0.11814022632898903,0.3392425701064481,-9.806466157305135,,,,,,,,,,
acc,1778675412.0,157.0,0.11741631925509194,0.339391111973525,-9.806735951866774,,,,,,,,,,
acc,1778675412.0,157.0,0.11669913462880903,0.33989581267622404,-9.806645693625153,,,,,,,,,,
acc,1778675412.0,157.0,0.11598860743561719,0.3400383369093905,-9.807271265314311,,,,,,,,,,
acc,1778675412.0,157.0,0.11564212805200595,0.3401795386331153,-9.807211874694191,,,,,,,,,,
acc,1778675412.0,157.0,0.11494145290892734,0.34031943061035985,-9.807832106804085,,,,,,,,,,
acc,1778675412.0,157.0,0.1146046399667072,0.34045802546772197,-9.808089231753206,,,,,,,,,,
acc,1778675412.0,157.0,0.1142709489244843,0.3405953356972371,-9.808343973425805,,,,,,,,,,
acc,1778675412.0,157.0,0.11394034974685312,0.3404098196352537,-9.808274800728189,,,,,,,,,,
acc,1778675412.0,157.0,0.11397005002133785,0.3402260219005274,-9.808527785054535,,,,,,,,,,
acc,1778675412.0,157.0,0.11435666232232418,0.33968673896520013,-9.808814143811448,,,,,,,,,,
acc,1778675412.0,157.0,0.11473969609084893,0.3391524477010771,-9.80909785199541,,,,,,,,,,
acc,1778675412.0,157.0,0.11511918562242615,0.3386231002695732,-9.809378935008668,,,,,,,,,,
acc,1778675412.0,157.0,0.11549516485238381,0.3380986493345244,-9.809657417986683,,,,,,,,,,
acc,1778675412.0,157.0,0.116188996059924,0.3375790480557596,-9.809576286804312,,,,,,,,,,
acc,1778675412.0,157.0,0.1165551184130543,0.3370642500827829,-9.809852907090605,,,,,,,,,,
acc,1778675412.0,157.0,0.11723911906834959,0.33619725405210554,-9.809770006391732,,,,,,,,,,
acc,1778675412.0,157.0,0.11759557130816753,0.3353382678315893,-9.80933095224979,,,,,,,,,,
acc,1778675412.0,157.0,0.11826992867601395,0.33448721506652046,-9.808860257448945,,,,,,,,,,
acc,1778675412.0,157.0,0.11893805960579927,0.333644020193396,-9.80878644979571,,,,,,,,,,
acc,1778675412.0,157.0,0.1199568472086731,0.33280860843006027,-9.808320819923571,,,,,,,,,,
acc,1778675412.0,157.0,0.12028833846405919,0.3319809057660054,-9.80860874361533,,,,,,,,,,
acc,1778675412.0,157.0,0.12093784672485783,0.33151758706765133,-9.808858338123922,,,,,,,,,,
acc,1778675412.0,157.0,0.12126031869475296,0.3310585414892841,-9.808748905809766,,,,,,,,,,
acc,1778675412.0,157.0,0.12157981734562638,0.33060372849259034,-9.808640482504801,,,,,,,,,,
acc,1778675412.0,157.0,0.1218963708634961,0.33050976063289467,-9.80856872208576,,,,,,,,,,
acc,1778675412.0,157.0,0.12221000714644474,0.3300600367285452,-9.808461962607328,,,,,,,,,,
acc,1778675412.0,157.0,0.1225207538081078,0.32997104817075684,-9.808391844099994,,,,,,,,,,
acc,1778675412.0,157.0,0.12282863818110591,0.3298828792869077,-9.808322371454492,,,,,,,,,,
acc,1778675412.0,157.0,0.12345456914444684,0.32979552232925896,-9.808217887058298,,,,,,,,,,
acc,1778675412.0,157.0,0.12375388125764598,0.32935246479058156,-9.808506527227063,,,,,,,,,,
acc,1778675412.0,157.0,0.12405043838321501,0.32926996219162935,-9.808436024649014,,,,,,,,,,
acc,1778675412.0,157.0,0.12434426650869257,0.3291882188042444,-9.808366170855043,,,,,,,,,,
acc,1778675412.0,157.0,0.12427896893387026,0.3294280186041029,-9.808296959729264,,,,,,,,,,
acc,1778675412.0,157.0,0.12421427197551693,0.32934484539019127,-9.808228385217356,,,,,,,,,,
acc,1778675412.0,157.0,0.12415016997906536,0.32958318095020567,-9.808160441325853,,,,,,,,,,
acc,1778675412.0,157.0,0.12408665734668438,0.3298193252147286,-9.808093122121422,,,,,,,,,,
acc,1778675412.0,157.0,0.12402372853661703,0.32973260041704405,-9.808347120101509,,,,,,,,,,
acc,1778675412.0,157.0,0.12431767281674445,0.3296466726481086,-9.808278107534258,,,,,,,,,,
acc,1778675412.0,157.0,0.1242526456094854,0.32956153442247244,-9.808209729085766,,,,,,,,,,
acc,1778675412.0,157.0,0.1241882157824283,0.3297978114587058,-9.808462611933448,,,,,,,,,,
acc,1778675412.0,157.0,0.1237681450303523,0.33003191833322715,-9.808713172098054,,,,,,,,,,
acc,1778675412.0,157.0,0.12335193180916412,0.3302638753925208,-9.808640839770872,,,,,,,,,,
acc,1778675412.0,157.0,0.12293953997235282,0.3304937027811616,-9.808177368167613,,,,,,,,,,
acc,1778675412.0,157.0,0.12217476839789014,0.3307214204441143,-9.807718151052702,,,,,,,,,,
acc,1778675412.0,157.0,0.12177315953586429,0.3313031826999407,-9.807619292291045,,,,,,,,,,
acc,1778675412.0,157.0,0.12137523595409601,0.3315234932165501,-9.807165218250871,,,,,,,,,,
acc,1778675412.0,157.0,0.120980963193224,0.33174178245501834,-9.807427513330838,,,,,,,,,,
acc,1778675412.0,157.0,0.12059030713340169,0.3319580693058092,-9.807366926646607,,,,,,,,,,
acc,1778675412.0,157.0,0.1202032339904925,0.33217237247352044,-9.807306895635456,,,,,,,,,,
acc,1778675412.0,157.0,0.1198197103123195,0.3323847104789605,-9.8072474151093,,,,,,,,,,
acc,1778675412.0,157.0,0.11908368115570722,0.33259510166119505,-9.807188479930964,,,,,,,,,,
acc,1778675412.0,157.0,0.11871040198412196,0.3328035641795651,-9.806738484691753,,,,,,,,,,
acc,1778675412.0,157.0,0.11834054413688896,0.3330101160156766,-9.8066841936818,,,,,,,,,,
acc,1778675412.0,157.0,0.11797407573035598,0.33321477497536217,-9.806630400203968,,,,,,,,,,
acc,1778675412.0,157.0,0.1176109651921519,0.33341755869061546,-9.806577099623784,,,,,,,,,,
acc,1778675412.0,157.0,0.11725118125777097,0.33329814488256937,-9.806524287351966,,,,,,,,,,
acc,1778675412.0,157.0,0.11725060559774347,0.33317982491263054,-9.80647195884393,,,,,,,,,,
acc,1778675412.0,157.0,0.11725003521003878,0.33306258860500215,-9.806420109599303,,,,,,,,,,
acc,1778675412.0,157.0,0.116893591226268,0.33294642588276074,-9.806689028831975,,,,,,,,,,
acc,1778675412.0,157.0,0.11689627327845675,0.33283132676678334,-9.806955485792974,,,,,,,,,,
acc,1778675412.0,157.0,0.11689893077665633,0.33271728137468914,-9.807219503360228,,,,,,,,,,
acc,1778675412.0,157.0,0.1169015639489171,0.3326042799197954,-9.807481104190119,,,,,,,,,,
acc,1778675412.0,157.0,0.11654835822176514,0.33249231271008733,-9.807740310719874,,,,,,,,,,
acc,1778675412.0,157.0,0.11655418430356575,0.3323813701472018,-9.807997145169912,,,,,,,,,,
acc,1778675412.0,157.0,0.11691573247232959,0.3322714427254246,-9.80793142075977,,,,,,,,,,
acc,1778675412.0,157.0,0.11727397283337372,0.3318067603705265,-9.808577828090835,,,,,,,,,,
acc,1778675412.0,157.0,0.11762893605100508,0.3317020750697497,-9.808827003170027,,,,,,,,,,
acc,1778675412.0,157.0,0.11798065249444745,0.33159834730348814,-9.809429631081255,,,,,,,,,,
acc,1778675412.0,157.0,0.11864930029384597,0.3314955682013919,-9.810062317514019,,,,,,,,,,
acc,1778675412.0,157.0,0.1193118335425492,0.3313937289783034,-9.81033351391145,,,,,,,,,,
acc,1778675412.0,157.0,0.11964818522272248,0.3312928209333583,-9.81056666332686,,,,,,,,,,
acc,1778675412.0,157.0,0.12030157351704604,0.33119283544909867,-9.810833247100774,,,,,,,,,,
acc,1778675412.0,157.0,0.12094898880703611,0.3310937639905967,-9.811097393876581,,,,,,,,,,
acc,1778675412.0,157.0,0.12194614743002044,0.3313156958230472,-9.81096790171767,,,,,,,,,,
acc,1778675412.0,157.0,0.12257854379315825,0.3312155128113923,-9.8108395930694,,,,,,,,,,
acc,1778675412.0,157.0,0.12356079721162867,0.33111624534039563,-9.810712456993029,,,,,,,,,,
acc,1778675412.0,157.0,0.12417845077094081,0.3313379495284055,-9.810977666624469,,,,,,,,,,
acc,1778675413.0,158.0,0.12479046093280308,0.3315576280422646,-9.811240453079785,,,,,,,,,,
acc,1778675413.0,158.0,0.1250768454406471,0.331775299587781,-9.811465281383995,,,,,,,,,,
acc,1778675413.0,158.0,0.1253606138114983,0.3319909826926978,-9.811368022663634,,,,,,,,,,
acc,1778675413.0,158.0,0.12528622107543252,0.3322046957085303,-9.811591675448568,,,,,,,,,,
acc,1778675413.0,158.0,0.12485694057304661,0.3324164568123814,-9.811102151098513,,,,,,,,,,
acc,1778675413.0,158.0,0.1244315804732626,0.33262628400873406,-9.810617097327777,,,,,,,,,,
acc,1778675413.0,158.0,0.1240101046238737,0.33283419513122187,-9.810527570581609,,,,,,,,,,
acc,1778675413.0,158.0,0.12359247721547162,0.3330402078443784,-9.81043886129248,,,,,,,,,,
acc,1778675413.0,158.0,0.12317866277794391,0.3332443396453648,-9.810350961926094,,,,,,,,,,
acc,1778675413.0,158.0,0.12276862617701365,0.33312664149912535,-9.809872801083307,,,,,,,,,,
acc,1778675413.0,158.0,0.12236233261082081,0.33301001776489914,-9.809399005149995,,,,,,,,,,
acc,1778675413.0,158.0,0.12195974760654484,0.3328944585475035,-9.808929533925959,,,,,,,,,,
acc,1778675413.0,158.0,0.12156083701706738,0.333099894283528,-9.80885537959294,,,,,,,,,,
acc,1778675413.0,158.0,0.12116556701767502,0.33298352330249464,-9.808390880276102,,,,,,,,,,
acc,1778675413.0,158.0,0.12041843647066133,0.33318813787790347,-9.80793061980435,,,,,,,,,,
acc,1778675413.0,158.0,0.12003358207270144,0.3333908853605767,-9.807474559175066,,,,,,,,,,
acc,1778675413.0,158.0,0.11965223917925291,0.33327187536930974,-9.807413651812015,,,,,,,,,,
acc,1778675413.0,158.0,0.11927437549446238,0.33279851913602126,-9.806997868103535,,,,,,,,,,
acc,1778675413.0,158.0,0.11925539165001105,0.3326849048141286,-9.806941301077433,,,,,,,,,,
acc,1778675413.0,158.0,0.11888115671698625,0.33257232691203037,-9.806885250070657,,,,,,,,,,
acc,1778675413.0,158.0,0.11851033541580548,0.3324607759036762,-9.806829710340313,,,,,,,,,,
acc,1778675413.0,158.0,0.11814289637715657,0.33235024235250354,-9.806774677188066,,,,,,,,,,
acc,1778675413.0,158.0,0.11777880852623873,0.33256057971527836,-9.806720145959689,,,,,,,,,,
acc,1778675413.0,158.0,0.11741804107982996,0.33276899884561006,-9.80666611204463,,,,,,,,,,
acc,1778675413.0,158.0,0.11706056354338798,0.3329755173605149,-9.806612570875568,,,,,,,,,,
acc,1778675413.0,158.0,0.11670634570818436,0.3328603105085451,-9.806559517927996,,,,,,,,,,
acc,1778675413.0,158.0,0.11671072748653433,0.3327461541182682,-9.806826784303247,,,,,,,,,,
acc,1778675413.0,158.0,0.11671506931406653,0.3326330385476723,-9.80709161388015,,,,,,,,,,
acc,1778675413.0,158.0,0.11671937155741668,0.3325209542449712,-9.807354029021631,,,,,,,,,,
acc,1778675413.0,158.0,0.1173987813823811,0.33240989174771374,-9.807649584008592,,,,,,,,,,
acc,1778675413.0,158.0,0.11739686398177228,0.33229984168190335,-9.807906913310791,,,,,,,,,,
acc,1778675413.0,158.0,0.11739496405894399,0.33219079476112734,-9.808161896965945,,,,,,,,,,
acc,1778675413.0,158.0,0.11774840077776534,0.3320827417856959,-9.80876987580978,,,,,,,,,,
acc,1778675413.0,158.0,0.11809861615425998,0.3319756736417909,-9.809017000475615,,,,,,,,,,
acc,1778675413.0,158.0,0.11844563972121397,0.3318695813006238,-9.809261872884928,,,,,,,,,,
acc,1778675413.0,158.0,0.11878950073600839,0.33140915555962086,-9.809895342147406,,,,,,,,,,
acc,1778675413.0,158.0,0.11944999472067264,0.33095292562759776,-9.81013221694901,,,,,,,,,,
acc,1778675413.0,158.0,0.12010447000429174,0.3305008530560237,-9.810366933247055,,,,,,,,,,
acc,1778675413.0,158.0,0.1207529817312624,0.3300528997544317,-9.81059951081813,,,,,,,,,,
acc,1778675413.0,158.0,0.12107583394535798,0.3296090279869295,-9.811220771485788,,,,,,,,,,
acc,1778675413.0,158.0,0.12139574462845693,0.3295244710831647,-9.811445575833558,,,,,,,,,,
acc,1778675413.0,158.0,0.12135747559686566,0.32944068454713515,-9.811668332069246,,,,,,,,,,
acc,1778675413.0,158.0,0.12167481483684459,0.3293576613246613,-9.811569314364355,,,,,,,,,,
acc,1778675413.0,158.0,0.12163400893850043,0.32927539442711995,-9.81147119869093,,,,,,,,,,
acc,1778675413.0,158.0,0.12194882370500384,0.3291938769308091,-9.81137397679141,,,,,,,,,,
acc,1778675413.0,158.0,0.12226077082786314,0.3291131019763198,-9.810886865083898,,,,,,,,,,
acc,1778675413.0,158.0,0.12256987655173253,0.32903306276791466,-9.811114685760641,,,,,,,,,,
acc,1778675413.0,158.0,0.12252093324170796,0.3289537525729128,-9.811340431400284,,,,,,,,,,
acc,1778675413.0,158.0,0.12211719788894683,0.3291948814780141,-9.8112444042318,,,,,,,,,,
acc,1778675413.0,158.0,0.12171713953497278,0.32943381431411745,-9.810758498077718,,,,,,,,,,
acc,1778675413.0,158.0,0.121320724544692,0.32967057116961307,-9.810277017110167,,,,,,,,,,
acc,1778675413.0,158.0,0.12057269601813055,0.3299051719467636,-9.810190664060974,,,,,,,,,,
acc,1778675413.0,158.0,0.11983147931273197,0.3304928462728744,-9.810069578201968,,,,,,,,,,
acc,1778675413.0,158.0,0.11909701213969356,0.3310751692262322,-9.809629908257469,,,,,,,,,,
acc,1778675413.0,158.0,0.11836923278675734,0.3312969887262428,-9.809158714429493,,,,,,,,,,
acc,1778675413.0,158.0,0.11729288343308056,0.3315167884841617,-9.808691810981795,,,,,,,,,,
acc,1778675413.0,158.0,0.11622633425233682,0.33173458696282043,-9.808229158695223,,,,,,,,,,
acc,1778675413.0,158.0,0.11516949566892612,0.33163072211409805,-9.807770718713288,,,,,,,,,,
acc,1778675413.0,158.0,0.11380261137685967,0.33184747954068866,-9.80770716238392,,,,,,,,,,
acc,1778675413.0,158.0,0.11244817127932308,0.3320622635949917,-9.807644184675091,,,,,,,,,,
acc,1778675413.0,158.0,0.11110606166897422,0.33227509230846086,-9.806942459539988,,,,,,,,,,
acc,1778675413.0,158.0,0.1097761698886544,0.3324859835460142,-9.806247122525766,,,,,,,,,,
acc,1778675413.0,158.0,0.10845838432138769,0.3323752924563451,-9.80555811527323,,,,,,,,,,
acc,1778675413.0,158.0,0.10715259438048322,0.3322656089729105,-9.805123991648806,,,,,,,,,,
acc,1778675413.0,158.0,0.10585869049973982,0.3321569238923905,-9.804445210554581,,,,,,,,,,
acc,1778675413.0,158.0,0.10457656412375121,0.33204922809636955,-9.803772607931325,,,,,,,,,,
acc,1778675413.0,158.0,0.10362574805110085,0.331942512550531,-9.803106127356175,,,,,,,,,,
acc,1778675413.0,158.0,0.10236394885388003,0.33183676830385866,-9.802090553384765,,,,,,,,,,
acc,1778675413.0,158.0,0.10111363391489936,0.33205162972998187,-9.801084222654099,,,,,,,,,,
acc,1778675413.0,158.0,0.10019432951840358,0.3319448954271371,-9.800087050775472,,,,,,,,,,
acc,1778675413.0,158.0,0.09928339169239157,0.3321587697729358,-9.799098954137689,,,,,,,,,,
acc,1778675413.0,158.0,0.09873588122343623,0.33272583486495233,-9.798084338002164,,,,,,,,,,
acc,1778675413.0,158.0,0.098193353364288,0.33261297390945516,-9.79672382137879,,,,,,,,,,
acc,1778675413.0,158.0,0.09836604255987495,0.33282076870740995,-9.795020545825496,,,,,,,,,,
acc,1778675413.0,158.0,0.09853716028298465,0.3327070466342979,-9.793332770087602,,,,,,,,,,
acc,1778675413.0,158.0,0.0990618456779589,0.3325943594061017,-9.7916603527238,,,,,,,,,,
acc,1778675413.0,158.0,0.0999013681622888,0.3324826975802098,-9.790393794906414,,,,,,,,,,
acc,1778675413.0,158.0,0.10144349856941225,0.3323720518008668,-9.789103251824873,,,,,,,,,,
acc,1778675413.0,158.0,0.10332672218415924,0.332262412798356,-9.787824451521802,,,,,,,,,,
acc,1778675413.0,158.0,0.10519281056948973,0.3321537713881897,-9.786557286871766,,,,,,,,,,
acc,1778675413.0,158.0,0.10739703061102476,0.3320461184703079,-9.785337160973654,,,,,,,,,,
acc,1778675413.0,158.0,0.10958119564280333,0.33193944502828504,-9.784447735257933,,,,,,,,,,
acc,1778675413.0,158.0,0.11206508511712654,0.33147863688748536,-9.783921507006111,,,,,,,,,,
acc,1778675413.0,158.0,0.11488148776455462,0.3313771238493869,-9.783719669697144,,,,,,,,,,
acc,1778675413.0,158.0,0.11767226718259054,0.33092143426654996,-9.78323558496224,,,,,,,,,,
acc,1778675413.0,158.0,0.12043765702898242,0.3304698903941322,-9.783395083570772,,,,,,,,,,
acc,1778675413.0,158.0,0.12353299304193675,0.3303775495651091,-9.783553131145034,,,,,,,,,,
acc,1778675413.0,158.0,0.12660016989814624,0.3302860487870102,-9.783709740915322,,,,,,,,,,
acc,1778675413.0,158.0,0.12928434488969287,0.33019538040085167,-9.784575115786033,,,,,,,,,,
acc,1778675413.0,158.0,0.1319441021506262,0.33010553681793264,-9.78543261840902,,,,,,,,,,
acc,1778675413.0,158.0,0.1342245694462649,0.33001651051917785,-9.786246813793225,,,,,,,,,,
acc,1778675413.0,158.0,0.13648429230881562,0.3299282940544869,-9.787408686289389,,,,,,,,,,
acc,1778675413.0,158.0,0.13872345982717202,0.3298408800420902,-9.78855998992799,,,,,,,,,,
acc,1778675413.0,158.0,0.14094225935623567,0.3300738432957241,-9.79005590926361,,,,,,,,,,
acc,1778675413.0,158.0,0.14282130540665597,0.32998510728314684,-9.791928813597055,,,,,,,,,,
acc,1778675413.0,158.0,0.1446832598293571,0.3298971784050685,-9.793784682167265,,,,,,,,,,
acc,1778675413.0,158.0,0.14617320550679283,0.32981004930591845,-9.795943237631523,,,,,,,,,,
acc,1778675413.0,158.0,0.14729451928934836,0.33004328738525823,-9.798082159755221,,,,,,,,,,
acc,1778675413.0,158.0,0.1476954873555362,0.3302744040617864,-9.80023713251368,,,,,,,,,,
acc,1778675413.0,158.0,0.14777324642444079,0.3305034186653068,-9.802337000294264,,,,,,,,,,
acc,1778675413.0,158.0,0.14749523321254474,0.33073035034855663,-9.80441776947983,,,,,,,,,,
acc,1778675413.0,158.0,0.14650960398584398,0.33063565031708736,-9.806479614076128,,,,,,,,,,
acc,1778675413.0,158.0,0.14553293891374497,0.3308613776889301,-9.808913281249307,,,,,,,,,,
acc,1778675413.0,158.0,0.1442100967865101,0.3307654876359483,-9.811324814912952,,,,,,,,,,
acc,1778675413.0,158.0,0.14257973153331377,0.33067046966253133,-9.813323845869707,,,,,,,,,,
acc,1778675413.0,158.0,0.14060912841553833,0.3305763158246929,-9.815340200538667,,,,,,,,,,
acc,1778675413.0,158.0,0.13830139224191307,0.3304830182511559,-9.817302714235307,,,,,,,,,,
acc,1778675413.0,158.0,0.13565958129117506,0.33039056914267767,-9.818892327817316,,,,,,,,,,
acc,1778675413.0,158.0,0.13268674409723163,0.33061851759180544,-9.820858039665763,,,,,,,,,,
acc,1778675413.0,158.0,0.12942139539543984,0.33084439309395763,-9.822770372348431,,,,,,,,,,
acc,1778675413.0,158.0,0.12618574114117456,0.3310682145281193,-9.82431026683438,,,,,,,,,,
acc,1778675413.0,158.0,0.12297951090852745,0.33129000060058905,-9.825836158004433,,,,,,,,,,
acc,1778675413.0,158.0,0.11980243674488923,0.33119021868345455,-9.82699311956294,,,,,,,,,,
acc,1778675413.0,158.0,0.11665425314804462,0.3310913441282491,-9.82813956034873,,,,,,,,,,
acc,1778675413.0,158.0,0.11353469704348695,0.33099336867262896,-9.829275576162866,,,,,,,,,,
acc,1778675413.0,158.0,0.1104435077619504,0.33089628412979155,-9.830401261930525,,,,,,,,,,
acc,1778675413.0,158.0,0.10738042701715719,0.3311196282921145,-9.830806624847975,,,,,,,,,,
acc,1778675413.0,158.0,0.10434519888377788,0.3310213969360681,-9.831208301798007,,,,,,,,,,
acc,1778675413.0,158.0,0.1013375697756023,0.33124360220343074,-9.831606326339791,,,,,,,,,,
acc,1778675413.0,158.0,0.09867682153971859,0.33146378700373297,-9.831681198610005,,,,,,,,,,
acc,1778675413.0,158.0,0.09604026667112311,0.33136242871522015,-9.831755390089638,,,,,,,,,,
acc,1778675413.0,158.0,0.09413775832633856,0.33126199203633655,-9.831793405578384,,,,,,,,,,
acc,1778675413.0,158.0,0.09225254852718527,0.33116246857734893,-9.831511536709034,,,,,,,,,,
acc,1778675413.0,158.0,0.09073950943783217,0.3310638500251665,-9.831196729557757,,,,,,,,,,
acc,1778675413.0,158.0,0.08959526485146403,0.33096612814263326,-9.830529747233339,,,,,,,,,,
acc,1778675413.0,158.0,0.08846142397541308,0.33086929476782795,-9.829868829251259,,,,,,,,,,
acc,1778675413.0,158.0,0.08765741734561606,0.3310928761348113,-9.829213920412618,,,,,,,,,,
acc,1778675414.0,159.0,0.08686072076552011,0.3309948914187755,-9.82831645226016,,,,,,,,,,
acc,1778675414.0,159.0,0.08642629141434141,0.33121732982175656,-9.827072111031097,,,,,,,,,,
acc,1778675414.0,159.0,0.08635084351110418,0.33111821460846086,-9.825839083167509,,,,,,,,,,
acc,1778675414.0,159.0,0.08663111214298026,0.33133953077648215,-9.824617265704806,,,,,,,,,,
acc,1778675414.0,159.0,0.08758337326062215,0.3312393055317043,-9.823726076806201,,,,,,,,,,
acc,1778675414.0,159.0,0.08852697680098758,0.3311399914947723,-9.82284299024068,,,,,,,,,,
acc,1778675414.0,159.0,0.09017204725722483,0.3310415803733308,-9.8220034413755,,,,,,,,,,
acc,1778675414.0,159.0,0.09144714436827504,0.33094406395070475,-9.821136016219121,,,,,,,,,,
acc,1778675414.0,159.0,0.09306566539086729,0.3308474340852028,-9.8199569606682,,,,,,,,,,
acc,1778675414.0,159.0,0.09466947197622709,0.3307516827094275,-9.818788624248299,,,,,,,,,,
acc,1778675414.0,159.0,0.09661372143306415,0.33097632562980983,-9.81763090942105,,,,,,,,,,
acc,1778675414.0,159.0,0.0985402954515558,0.3311989262906071,-9.816483719538004,,,,,,,,,,
acc,1778675414.0,159.0,0.10044935486093635,0.33109998117026757,-9.8157019803631,,,,,,,,,,
acc,1778675414.0,159.0,0.10269607054875789,0.331001935559392,-9.81489183955082,,,,,,,,,,
acc,1778675414.0,159.0,0.10492236151519035,0.33090478127370565,-9.813734053041717,,,,,,,,,,
acc,1778675414.0,159.0,0.10712841359232365,0.3308085102035839,-9.812941801543815,,,,,,,,,,
acc,1778675414.0,159.0,0.10931441091735551,0.33035810543980776,-9.812440762970635,,,,,,,,,,
acc,1778675414.0,159.0,0.1111255279267788,0.33026680320196067,-9.811695777220253,,,,,,,,,,
acc,1778675414.0,159.0,0.1129201806922008,0.33049584833358825,-9.810957563879995,,,,,,,,,,
acc,1778675414.0,159.0,0.11434350354740976,0.33040329467636814,-9.810226061337197,,,,,,,,,,
acc,1778675414.0,159.0,0.11575388764198613,0.3306310982875862,-9.809749708795065,,,,,,,,,,
acc,1778675414.0,159.0,0.11679644591861862,0.3305373158634054,-9.809313194268274,,,,,,,,,,
acc,1778675414.0,159.0,0.11782952691370181,0.33076390045337156,-9.809200153242536,,,,,,,,,,
acc,1778675414.0,159.0,0.11849820453001829,0.33066891150394284,-9.809088139799307,,,,,,,,,,
acc,1778675414.0,159.0,0.11916080367149502,0.33057478603180884,-9.808977144590996,,,,,,,,,,
acc,1778675414.0,159.0,0.11981737963105746,0.33048151618233707,-9.809257667535617,,,,,,,,,,
acc,1778675414.0,159.0,0.11979348345489763,0.33038909417248996,-9.809855143205988,,,,,,,,,,
acc,1778675414.0,159.0,0.11976980449794107,0.3302975122901683,-9.810092187445195,,,,,,,,,,
acc,1778675414.0,159.0,0.11903632339583362,0.3302067628935608,-9.81032707693569,,,,,,,,,,
acc,1778675414.0,159.0,0.11830950964932252,0.33011683841050005,-9.810559831276754,,,,,,,,,,
acc,1778675414.0,159.0,0.1172343043646197,0.3303472406681078,-9.810790469889053,,,,,,,,,,
acc,1778675414.0,159.0,0.11616887260309891,0.3302560398527811,-9.81137400960589,,,,,,,,,,
acc,1778675414.0,159.0,0.11511312547077045,0.3301656680404093,-9.811952245026403,,,,,,,,,,
acc,1778675414.0,159.0,0.11374747639122693,0.33007611769101214,-9.812525224394435,,,,,,,,,,
acc,1778675414.0,159.0,0.112394240741821,0.3299873813333078,-9.813447991194815,,,,,,,,,,
acc,1778675414.0,159.0,0.11069830146797204,0.3298994515640835,-9.814042872927105,,,,,,,,,,
acc,1778675414.0,159.0,0.10901777772492581,0.329457326582859,-9.814951844215733,,,,,,,,,,
acc,1778675414.0,159.0,0.10735252931353644,0.3293742142254336,-9.815178063118895,,,,,,,,,,
acc,1778675414.0,159.0,0.10534742401932348,0.3292918573244801,-9.815721721567924,,,,,,,,,,
acc,1778675414.0,159.0,0.10336054420267778,0.3292102490095759,-9.81626043841369,,,,,,,,,,
acc,1778675414.0,159.0,0.10174671627851536,0.3294488863244324,-9.816829755995096,,,,,,,,,,
acc,1778675414.0,159.0,0.10014755716321744,0.32936585120054485,-9.817038907180114,,,,,,,,,,
acc,1778675414.0,159.0,0.09856293345846324,0.3292835708168227,-9.817246157304561,,,,,,,,,,
acc,1778675414.0,159.0,0.09699271298086537,0.32920203830974387,-9.81745152365647,,,,,,,,,,
acc,1778675414.0,159.0,0.09579176386073364,0.3291212468782937,-9.817619526181794,,,,,,,,,,
acc,1778675414.0,159.0,0.09460173051245173,0.3290411897833931,-9.817786001683862,,,,,,,,,,
acc,1778675414.0,159.0,0.09342251367314554,0.3292813613609194,-9.818305953057795,,,,,,,,,,
acc,1778675414.0,159.0,0.0925735064661085,0.32951934996843696,-9.818146689397848,,,,,,,,,,
acc,1778675414.0,159.0,0.09173221603240021,0.329755175456344,-9.817988873312848,,,,,,,,,,
acc,1778675414.0,159.0,0.09089857220195621,0.32998885749429197,-9.817832491639725,,,,,,,,,,
acc,1778675414.0,159.0,0.09042749253453218,0.33022041557283816,-9.817677531335262,,,,,,,,,,
acc,1778675414.0,159.0,0.08996069454057093,0.33044986900508233,-9.817523979474995,,,,,,,,,,
acc,1778675414.0,159.0,0.08985313455825411,0.3310322231113858,-9.81772681852299,,,,,,,,,,
acc,1778675414.0,159.0,0.09010154701734013,0.33093480038981704,-9.817572819138595,,,,,,,,,,
acc,1778675414.0,159.0,0.09034770166508364,0.33083826313963965,-9.817029728339909,,,,,,,,,,
acc,1778675414.0,159.0,0.09059161903076883,0.3307426033096522,-9.816491573654805,,,,,,,,,,
acc,1778675414.0,159.0,0.09083331945679671,0.33064781292194545,-9.816348800382384,,,,,,,,,,
acc,1778675414.0,159.0,0.09142780715382423,0.33087338062457106,-9.815816835027956,,,,,,,,,,
acc,1778675414.0,159.0,0.09233637875411584,0.33109689817994914,-9.81564469735599,,,,,,,,,,
acc,1778675414.0,159.0,0.09323669252646105,0.331318384228383,-9.815154637462731,,,,,,,,,,
acc,1778675414.0,159.0,0.09412882355174687,0.33153785724050977,-9.814669031612356,,,,,,,,,,
acc,1778675414.0,159.0,0.09501284622748578,0.3314358403777928,-9.814187839308719,,,,,,,,,,
acc,1778675414.0,159.0,0.09624382547129251,0.33165424552096345,-9.813711020424254,,,,,,,,,,
acc,1778675414.0,159.0,0.09746361673205424,0.3315511711758381,-9.813238535196609,,,,,,,,,,
acc,1778675414.0,159.0,0.0986723217279829,0.3314490336381193,-9.812770344225312,,,,,,,,,,
acc,1778675414.0,159.0,0.09987004125157249,0.3313478243906774,-9.812625893209077,,,,,,,,,,
acc,1778675414.0,159.0,0.1010568751780487,0.33156702850864267,-9.812163270623637,,,,,,,,,,
acc,1778675414.0,159.0,0.10223292247374093,0.33146474716631297,-9.811704852618897,,,,,,,,,,
acc,1778675414.0,159.0,0.10304329211727305,0.3316828883177873,-9.811570084786343,,,,,,,,,,
acc,1778675414.0,159.0,0.10384629669621177,0.33157955428010816,-9.811436541794576,,,,,,,,,,
acc,1778675414.0,159.0,0.10464200316828039,0.33147715939379885,-9.81098472927936,,,,,,,,,,
acc,1778675414.0,159.0,0.1054304778819277,0.3313756951208594,-9.811246990194583,,,,,,,,,,
acc,1778675414.0,159.0,0.10589230392008872,0.33127515300097843,-9.811151879760924,,,,,,,,,,
acc,1778675414.0,159.0,0.10634993268596837,0.33082054624147833,-9.811412621228419,,,,,,,,,,
acc,1778675414.0,159.0,0.10680340233684509,0.3307250492401345,-9.811316005776252,,,,,,,,,,
acc,1778675414.0,159.0,0.10725275068282221,0.33063042015191074,-9.811220268402112,,,,,,,,,,
acc,1778675414.0,159.0,0.1073430376673468,0.3305366510867537,-9.81144489179897,,,,,,,,,,
acc,1778675414.0,159.0,0.10743250409339308,0.3304437342263947,-9.811667473742858,,,,,,,,,,
acc,1778675414.0,159.0,0.10716617137495543,0.33067115199086455,-9.811888032792014,,,,,,,,,,
acc,1778675414.0,159.0,0.1069022591663829,0.3305770129960716,-9.812106587335839,,,,,,,,,,
acc,1778675414.0,159.0,0.1066407454638543,0.3304837295621078,-9.812323155596431,,,,,,,,,,
acc,1778675414.0,159.0,0.10602662322762452,0.33039129391148825,-9.812537755630123,,,,,,,,,,
acc,1778675414.0,159.0,0.10541808227658464,0.3302996983374811,-9.812750405328979,,,,,,,,,,
acc,1778675414.0,159.0,0.10481507187467692,0.3302089352034625,-9.812961122422305,,,,,,,,,,
acc,1778675414.0,159.0,0.10386256636498256,0.33011899694227753,-9.813169924478125,,,,,,,,,,
acc,1778675414.0,159.0,0.10291871739053836,0.3300298760556068,-9.813057340377112,,,,,,,,,,
acc,1778675414.0,159.0,0.10198344626156526,0.32994156511333905,-9.812945779457822,,,,,,,,,,
acc,1778675414.0,159.0,0.10073719599524085,0.32985405675294943,-9.81283523241937,,,,,,,,,,
acc,1778675414.0,159.0,0.09982175059770443,0.3297673436788836,-9.81304517793198,,,,,,,,,,
acc,1778675414.0,159.0,0.09891462485991855,0.3296814186619472,-9.813253215438676,,,,,,,,,,
acc,1778675414.0,159.0,0.09769626476538089,0.3295962745387013,-9.813459362283233,,,,,,,,,,
acc,1778675414.0,159.0,0.09680845539993335,0.32951190421086285,-9.814018609401346,,,,,,,,,,
acc,1778675414.0,159.0,0.09592871448964266,0.32942830064471135,-9.814217800521156,,,,,,,,,,
acc,1778675414.0,159.0,0.09541194201373306,0.3293454568705003,-9.814415181385563,,,,,,,,,,
acc,1778675414.0,159.0,0.09454489286325665,0.3292633659818744,-9.814610768449421,,,,,,,,,,
acc,1778675414.0,159.0,0.09368572345596221,0.3295015076557953,-9.814485091497428,,,,,,,,,,
acc,1778675414.0,159.0,0.09283436216732684,0.32973748510176315,-9.814680043034908,,,,,,,,,,
acc,1778675414.0,159.0,0.0919907380242356,0.32997131799186624,-9.81455373669751,,,,,,,,,,
acc,1778675414.0,159.0,0.0915097530118893,0.33020302581928257,-9.814748064212816,,,,,,,,,,
acc,1778675414.0,159.0,0.09103313916238502,0.3304326278999097,-9.81462113987653,,,,,,,,,,
acc,1778675414.0,159.0,0.09091583776627427,0.3303406577276608,-9.81449536901913,,,,,,,,,,
acc,1778675414.0,159.0,0.09079960239481746,0.33024952337215663,-9.814370741156097,,,,,,,,,,
acc,1778675414.0,159.0,0.09068442335845114,0.33047870255468037,-9.814247245898253,,,,,,,,,,
acc,1778675414.0,159.0,0.09057029105572842,0.3303863138246769,-9.814124872950902,,,,,,,,,,
acc,1778675414.0,159.0,0.09081217627918227,0.33029476471142577,-9.814003612112968,,,,,,,,,,
acc,1778675414.0,159.0,0.09105186328441485,0.3302040475833865,-9.813883453276139,,,,,,,,,,
acc,1778675414.0,159.0,0.09093439208367389,0.3304336395757936,-9.813764386424024,,,,,,,,,,
acc,1778675414.0,159.0,0.09117296824452173,0.3306611450750181,-9.813255926574016,,,,,,,,,,
acc,1778675414.0,159.0,0.09176434682261549,0.3305670986421392,-9.813142562394056,,,,,,,,,,
acc,1778675414.0,159.0,0.09199538067176141,0.33047390688499345,-9.81263975374118,,,,,,,,,,
acc,1778675414.0,159.0,0.09222431493290943,0.33070104615543033,-9.812851473162802,,,,,,,,,,
acc,1778675414.0,159.0,0.09280613877543613,0.3306066372514412,-9.812741784542222,,,,,,,,,,
acc,1778675414.0,159.0,0.09338267513650228,0.33051308631388976,-9.812633092746635,,,,,,,,,,
acc,1778675414.0,159.0,0.09427344670077008,0.3304203855447034,-9.812489893554552,,,,,,,,,,
acc,1778675414.0,159.0,0.09483664866169311,0.33032852721671513,-9.812383490867422,,,,,,,,,,
acc,1778675414.0,159.0,0.09539473239152932,0.3302375036730183,-9.812278055139888,,,,,,,,,,
acc,1778675414.0,159.0,0.09594774440946179,0.3301473073263269,-9.812173577583334,,,,,,,,,,
acc,1778675414.0,159.0,0.09649573081170124,0.3300579306583417,-9.812070049489053,,,,,,,,,,
acc,1778675414.0,159.0,0.09735821127267348,0.3299693662191225,-9.812322440403593,,,,,,,,,,
acc,1778675414.0,159.0,0.09789337989652841,0.3298816066264655,-9.8122175596229,,,,,,,,,,
acc,1778675414.0,159.0,0.09842368507684376,0.32979464456528723,-9.812113631965639,,,,,,,,,,
acc,1778675414.0,159.0,0.0989491710163041,0.32970847278701326,-9.812010648769098,,,,,,,,,,
acc,1778675414.0,159.0,0.09946988151570459,0.329623084108973,-9.811908601449323,,,,,,,,,,
acc,1778675414.0,159.0,0.09998585997760878,0.3295384714137998,-9.81212696401065,,,,,,,,,,
acc,1778675414.0,159.0,0.10014218108025069,0.32945462764883676,-9.812343342170347,,,,,,,,,,
acc,1778675414.0,159.0,0.09994210429509699,0.32969102812030676,-9.812238271669186,,,,,,,,,,
acc,1778675414.0,159.0,0.10045379100984317,0.32992528027231516,-9.812453638199548,,,,,,,,,,
acc,1778675414.0,159.0,0.10060585973051131,0.3301574036300657,-9.81234756547398,,,,,,,,,,
acc,1778675415.0,160.0,0.10040156955466417,0.33038741754124934,-9.812242456695982,,,,,,,,,,
acc,1778675415.0,160.0,0.10019913588653351,0.3302958592909623,-9.812812752749094,,,,,,,,,,
acc,1778675415.0,160.0,0.09999854185321824,0.33020513308480315,-9.813022898534248,,,,,,,,,,
acc,1778675415.0,160.0,0.09979977073521282,0.3301152313607459,-9.813231134601736,,,,,,,,,,
acc,1778675415.0,160.0,0.0992478294389678,0.33002614662551205,-9.81311799670834,,,,,,,,,,
acc,1778675415.0,160.0,0.09870090394726662,0.32993787145394526,-9.813005886963344,,,,,,,,,,
acc,1778675415.0,160.0,0.09748450910923477,0.330169879905185,-9.812894796022501,,,,,,,,,,
acc,1778675415.0,160.0,0.09627916832426599,0.3303997799672316,-9.812784714626519,,,,,,,,,,
acc,1778675415.0,160.0,0.09508478112899758,0.3303081095613945,-9.81203668929378,,,,,,,,,,
acc,1778675415.0,160.0,0.09354627194159908,0.3305367533686668,-9.811898910928056,,,,,,,,,,
acc,1778675415.0,160.0,0.09237671994273607,0.3307633193681936,-9.8104134978718,,,,,,,,,,
acc,1778675415.0,160.0,0.09086282042955161,0.3303133786967681,-9.809687021006418,,,,,,,,,,
acc,1778675415.0,160.0,0.08900771183527477,0.33054197444449046,-9.808612170255868,,,,,,,,,,
acc,1778675415.0,160.0,0.08645951931154344,0.3304490119990137,-9.807511592381987,,,,,,,,,,
acc,1778675415.0,160.0,0.08290506067372949,0.3300019278567453,-9.80745042974884,,,,,,,,,,
acc,1778675415.0,160.0,0.07835348968008071,0.3299138729981967,-9.805650467540003,,,,,,,,,,
acc,1778675415.0,160.0,0.07348831472014769,0.32982661833733196,-9.805215747224262,,,,,,,,,,
acc,1778675415.0,160.0,0.0679574103892279,0.3297401566018055,-9.80453650468811,,,,,,,,,,
acc,1778675415.0,160.0,0.06109238000890805,0.32997396103492116,-9.803508459505226,,,,,,,,,,
acc,1778675415.0,160.0,0.05148546518663052,0.329531194317228,-9.802454261863064,,,,,,,,,,
acc,1778675415.0,160.0,0.03990702824181033,0.32873748522322793,-9.801090172984992,,,,,,,,,,
acc,1778675415.0,160.0,0.026694456840917574,0.3279509889285956,-9.801406843693693,,,,,,,,,,
acc,1778675415.0,160.0,0.011152651527799198,0.3268166649435474,-9.80101068679359,,,,,,,,,,
acc,1778675415.0,160.0,-0.0059872707408748,0.32604762393424247,-9.800618129948761,,,,,,,,,,
acc,1778675415.0,160.0,-0.025420727400060433,0.32493059674794916,-9.799980668082592,,,,,,,,,,
acc,1778675415.0,160.0,-0.04677191006959297,0.32346874575402373,-9.798994024389165,,,,,,,,,,
acc,1778675415.0,160.0,-0.06998788741240304,0.32202017923096454,-9.799329742968986,,,,,,,,,,
acc,1778675415.0,160.0,-0.09544219136284554,0.3209397510326941,-9.799662410730974,,,,,,,,,,
acc,1778675415.0,160.0,-0.12240453192912065,0.31986914114035314,-9.799672575610384,,,,,,,,,,
acc,1778675415.0,160.0,-0.1508612047617246,0.3184532858755157,-9.799682648117306,,,,,,,,,,
acc,1778675415.0,160.0,-0.18079863006689012,0.3170502970692032,-9.800367074061512,,,,,,,,,,
acc,1778675415.0,160.0,-0.21220336056124567,0.3153405872637013,-9.799696390651043,,,,,,,,,,
acc,1778675415.0,160.0,-0.24612695760651013,0.31364641427692613,-9.800771160428344,,,,,,,,,,
acc,1778675415.0,160.0,-0.28215608021189176,0.31196763691150237,-9.802510607960123,,,,,,,,,,
acc,1778675415.0,160.0,-0.3182127571194484,0.3099491502039715,-9.803524300177529,,,,,,,,,,
acc,1778675415.0,160.0,-0.355326156502341,0.3083039712566079,-9.805593693726522,,,,,,,,,,
acc,1778675415.0,160.0,-0.39281223117936825,0.3066737426796672,-9.806259898677956,,,,,,,,,,
acc,1778675415.0,160.0,-0.4334363514799156,0.3047033637313138,-9.807949467702135,,,,,,,,,,
acc,1778675415.0,160.0,-0.4744012439407552,0.3027508903528945,-9.811079055095057,,,,,,,,,,
acc,1778675415.0,160.0,-0.5167332206219538,0.3004611859705772,-9.812050386927332,,,,,,,,,,
acc,1778675415.0,160.0,-0.5586805111677154,0.2985472627651702,-9.815426682834067,,,,,,,,,,
acc,1778675415.0,160.0,-0.6012760290297636,0.29665073207118264,-9.816677976568318,,,,,,,,,,
acc,1778675415.0,160.0,-0.6434844662089694,0.29477143582891463,-9.819018305979831,,,,,,,,,,
acc,1778675415.0,160.0,-0.6866937221621588,0.29290921741528847,-9.820272456157815,,,,,,,,,,
acc,1778675415.0,160.0,-0.7305752231108127,0.29141888613357814,-9.82293508562069,,,,,,,,,,
acc,1778675415.0,160.0,-0.7757973035158077,0.2895871335536208,-9.824828086227944,,,,,,,,,,
acc,1778675415.0,160.0,-0.8206084354249069,0.2884464609220258,-9.827058848896817,,,,,,,,,,
acc,1778675415.0,160.0,-0.8660417609737272,0.28699668422913593,-9.829304843576848,,,,,,,,,,
acc,1778675415.0,160.0,-0.9103877846945874,0.28556008214180434,-9.830430022432507,,,,,,,,,,
acc,1778675415.0,160.0,-0.9546502910836919,0.283781570668203,-9.832609878296905,,,,,,,,,,
acc,1778675415.0,160.0,-0.9999304446424431,0.2823741853300888,-9.833350050044771,,,,,,,,,,
acc,1778675415.0,160.0,-1.045118592355687,0.28062462518302195,-9.834793442137325,,,,,,,,,,
acc,1778675415.0,160.0,-1.0898961008872863,0.2795653975177989,-9.83693364592709,,,,,,,,,,
acc,1778675415.0,160.0,-1.1342667019951844,0.27887076856678134,-9.838379967419172,,,,,,,,,,
acc,1778675415.0,160.0,-1.1785890666548187,0.27782747879260516,-9.840168109781096,,,,,,,,,,
acc,1778675415.0,160.0,-1.2225086602127413,0.2771486428102111,-9.842649939837244,,,,,,,,,,
acc,1778675415.0,160.0,-1.2660291429126282,0.27612100256623956,-9.844044315755594,,,,,,,,,,
acc,1778675415.0,160.0,-1.3091541417314196,0.27407329451174406,-9.846490921420875,,,,,,,,,,
acc,1778675415.0,160.0,-1.3518872506817703,0.2727541314593748,-9.849554241761707,,,,,,,,,,
acc,1778675415.0,160.0,-1.3932026250451892,0.27176642531702605,-9.851915282578332,,,,,,,,,,
acc,1778675415.0,160.0,-1.4337875814873975,0.27046822550473926,-9.854290362482665,,,,,,,,,,
acc,1778675415.0,160.0,-1.4743587034082803,0.2695012920287848,-9.857282806856654,,,,,,,,,,
acc,1778675415.0,160.0,-1.5145611437783166,0.2678687124375027,-9.860212563464389,,,,,,,,,,
acc,1778675415.0,160.0,-1.555072685877147,0.2662509685659296,-9.862831721935159,,,,,,,,,,
acc,1778675415.0,160.0,-1.595571060820522,0.26464792559324235,-9.865746548486145,,,,,,,,,,
acc,1778675415.0,160.0,-1.6360563792482516,0.26305944992393127,-9.867995939924075,,,,,,,,,,
acc,1778675415.0,160.0,-1.6768837325676444,0.2621598418339799,-9.870828343173184,,,,,,,,,,
acc,1778675415.0,160.0,-1.7169851128627285,0.2605939761371486,-9.872996060447715,,,,,,,,,,
acc,1778675415.0,160.0,-1.7581064586951545,0.25939730342572154,-9.874469637460903,,,,,,,,,,
acc,1778675415.0,160.0,-1.7992090871863897,0.2582115052044037,-9.87699473236147,,,,,,,,,,
acc,1778675415.0,160.0,-1.8392282689932857,0.2563265466210851,-9.878396477926671,,,,,,,,,,
acc,1778675415.0,160.0,-1.8788837858127154,0.2548136896873348,-9.880530915950724,,,,,,,,,,
acc,1778675415.0,160.0,-1.917823969960594,0.25331458048483424,-9.88158105845324,,,,,,,,,,
acc,1778675415.0,160.0,-1.9574752027579527,0.25182909408087084,-9.882621658035385,,,,,,,,,,
acc,1778675415.0,160.0,-1.996766114491795,0.25071207002988116,-9.883297828979618,,,,,,,,,,
acc,1778675415.0,160.0,-2.0353450162571063,0.25027963788309066,-9.883932360869261,,,,,,,,,,
acc,1778675415.0,160.0,-2.0739283049741966,0.24917669419240102,-9.883531722144891,,,,,,,,,,
acc,1778675415.0,160.0,-2.1114510419425163,0.24808377323065195,-9.884199623016176,,,,,,,,,,
acc,1778675415.0,160.0,-2.1486328003656885,0.2462908483481506,-9.883761061188794,,,,,,,,,,
acc,1778675415.0,160.0,-2.185831651179184,0.24451421622116187,-9.883681447896134,,,,,,,,,,
acc,1778675415.0,160.0,-2.222692466834128,0.2427537287897646,-9.882537650330903,,,,,,,,,,
acc,1778675415.0,160.0,-2.2588633469631834,0.2410092393396245,-9.8821141912339,,,,,,,,,,
acc,1778675415.0,160.0,-2.29470553349976,0.23857066712809288,-9.880736165202743,,,,,,,,,,
acc,1778675415.0,160.0,-2.330222013431088,0.2361542548111832,-9.879370661626936,,,,,,,,,,
acc,1778675415.0,160.0,-2.3657707187739616,0.23446973627591036,-9.878656503903233,,,,,,,,,,
acc,1778675415.0,160.0,-2.4006414124266415,0.23315549751285322,-9.876599963533222,,,,,,,,,,
acc,1778675415.0,160.0,-2.4355501999858102,0.2311432663779952,-9.875556020668245,,,,,,,,,,
acc,1778675415.0,160.0,-2.4697867911114044,0.22950428387698535,-9.87313718859357,,,,,,,,,,
acc,1778675415.0,160.0,-2.503357294292127,0.22717026011229416,-9.87184073865193,,,,,,,,,,
acc,1778675415.0,160.0,-2.5363032660707177,0.22453797766640346,-9.870165603309324,,,,,,,,,,
acc,1778675415.0,160.0,-2.5692693187314353,0.22157465242212354,-9.868896156822117,,,,,,,,,,
acc,1778675415.0,160.0,-2.6019358013750242,0.21899321851880424,-9.867886716500367,,,,,,,,,,
acc,1778675415.0,160.0,-2.633985967879231,0.2174646460308168,-9.866602475228138,,,,,,,,,,
acc,1778675415.0,160.0,-2.665744887335158,0.215949964023715,-9.864974941255158,,,,,,,,,,
acc,1778675415.0,160.0,-2.697215206419712,0.21341964304475078,-9.863362197045717,,,,,,,,,,
acc,1778675415.0,160.0,-2.7283995477570593,0.21091231565194404,-9.862119071048564,,,,,,,,,,
acc,1778675415.0,160.0,-2.758945547307612,0.20874724125782027,-9.860887241610312,,,,,,,,,,
acc,1778675415.0,160.0,-2.7888589968005375,0.206956813264609,-9.858246736658373,,,,,,,,,,
acc,1778675415.0,160.0,-2.819210550968064,0.20589258994915646,-9.857724536097335,,,,,,,,,,
acc,1778675415.0,160.0,-2.8492862940307413,0.20448306559950105,-9.856852118111837,,,,,,,,,,
acc,1778675415.0,160.0,-2.8787337696303537,0.2030863498989863,-9.85463874769595,,,,,,,,,,
acc,1778675415.0,160.0,-2.907913649763466,0.2009923918886101,-9.85379437085889,,,,,,,,,,
acc,1778675415.0,160.0,-2.9364733943591634,0.19962739664393964,-9.851573292452434,,,,,,,,,,
acc,1778675415.0,160.0,-2.9644186478621735,0.19862977718746144,-9.850721268444483,,,,,,,,,,
acc,1778675415.0,160.0,-2.992464919707405,0.19831565422798023,-9.849273544937619,,,,,,,,,,
acc,1778675415.0,160.0,-3.020966263696263,0.19732995487924457,-9.848832885391088,,,,,,,,,,
acc,1778675415.0,160.0,-3.0488536474499783,0.19564327838953682,-9.848005764020147,,,,,,,,,,
acc,1778675415.0,160.0,-3.076132641114803,0.1946818634364136,-9.846902185125566,,,,,,,,,,
acc,1778675415.0,160.0,-3.103163745013676,0.19372918505659073,-9.84644758011827,,,,,,,,,,
acc,1778675415.0,160.0,-3.1299492118034973,0.19172025786414873,-9.846032600641848,,,,,,,,,,
acc,1778675415.0,160.0,-3.157201207939636,0.18972958619712882,-9.845976363845958,,,,,,,,,,
acc,1778675415.0,160.0,-3.184205559737372,0.18846693840200116,-9.846275600661691,,,,,,,,,,
acc,1778675415.0,160.0,-3.2102545834094207,0.1872157645384543,-9.845862184041657,,,,,,,,,,
acc,1778675415.0,160.0,-3.2364218660875195,0.1859759603392068,-9.846162458402983,,,,,,,,,,
acc,1778675415.0,160.0,-3.2627063240559435,0.18474742248452478,-9.8468149757331,,,,,,,,,,
acc,1778675415.0,160.0,-3.2890713980994826,0.18353004859360972,-9.846396657776157,,,,,,,,,,
acc,1778675415.0,160.0,-3.3155518591799193,0.1830336713163024,-9.846337112749566,,,,,,,,,,
acc,1778675415.0,160.0,-3.340407313470802,0.18286127277674802,-9.846597576881534,,,,,,,,,,
acc,1778675415.0,160.0,-3.3643269674162295,0.18166103875858491,-9.846145740078132,,,,,,,,,,
acc,1778675415.0,160.0,-3.388739192907542,0.1804717114967991,-9.846407943224381,,,,,,,,,,
acc,1778675415.0,160.0,-3.4143139534203324,0.1792931918784492,-9.845993324111767,,,,,,,,,,
acc,1778675415.0,160.0,-3.4393013397061676,0.17777041924871248,-9.845937444251367,,,,,,,,,,
acc,1778675415.0,160.0,-3.46338723046385,0.17626148434111916,-9.846201540186659,,,,,,,,,,
acc,1778675415.0,160.0,-3.486544314286497,0.175831157751207,-9.84646323623261,,,,,,,,,,
acc,1778675415.0,160.0,-3.5102008992633493,0.17607918109713477,-9.846403086214048,,,,,,,,,,
acc,1778675415.0,160.0,-3.5346719143055374,0.176324950608804,-9.846662950763228,,,,,,,,,,
acc,1778675415.0,160.0,-3.558246117271003,0.1762135152960843,-9.847310919767507,,,,,,,,,,
acc,1778675416.0,161.0,-3.581606097111805,0.17610309261657744,-9.846852600844441,,,,,,,,,,
acc,1778675416.0,161.0,-3.605073268476084,0.17531924306240054,-9.84678891261772,,,,,,,,,,
acc,1778675416.0,161.0,-3.627652759085123,0.17592688965536593,-9.846335337281005,,,,,,,,,,
acc,1778675416.0,161.0,-3.650027065759845,0.1768839767945074,-9.846986283280355,,,,,,,,,,
acc,1778675416.0,161.0,-3.672553015392676,0.1764479936273466,-9.846885885850991,,,,,,,,,,
acc,1778675416.0,161.0,-3.695548706977474,0.1770453830399077,-9.847496325392814,,,,,,,,,,
acc,1778675416.0,161.0,-3.7183354325879905,0.17763734386772018,-9.84739129313917,,,,,,,,,,
acc,1778675416.0,161.0,-3.7402406518758244,0.17857888774295683,-9.848387605735825,,,,,,,,,,
acc,1778675416.0,161.0,-3.761591852247809,0.17915691334986128,-9.848664930992229,,,,,,,,,,
acc,1778675416.0,161.0,-3.7831039927618315,0.18008464861795548,-9.850004641166038,,,,,,,,,,
acc,1778675416.0,161.0,-3.8044206486593803,0.181003953391978,-9.850267272163595,,,,,,,,,,
acc,1778675416.0,161.0,-3.8255435963585915,0.18191490428196005,-9.850527516587125,,,,,,,,,,
acc,1778675416.0,161.0,-3.84576466253697,0.18349201639112206,-9.851850301063797,,,,,,,,,,
acc,1778675416.0,161.0,-3.866511909940935,0.1847353200811573,-9.851705703599977,,,,,,,,,,
acc,1778675416.0,161.0,-3.8863606899407386,0.1856123634166965,-9.85333724948216,,,,,,,,,,
acc,1778675416.0,161.0,-3.906029100641607,0.18715587604825976,-9.853214634308355,,,,,,,,,,
acc,1778675416.0,161.0,-3.926228714632766,0.18868536251440307,-9.853767563397547,,,,,,,,,,
acc,1778675416.0,161.0,-3.945889809048264,0.18952651116474264,-9.85541586714269,,,,,,,,,,
acc,1778675416.0,161.0,-3.964662306235753,0.19000505394813383,-9.855629325474546,,,,,,,,,,
acc,1778675416.0,161.0,-3.9829092432547037,0.1911891725263565,-9.8576156823224,,,,,,,,,,
acc,1778675416.0,161.0,-4.0017003007219145,0.1916526064383927,-9.858483589663017,,,,,,,,,,
acc,1778675416.0,161.0,-4.020320600666812,0.1921118290479669,-9.859698581451923,,,,,,,,,,
acc,1778675416.0,161.0,-4.0387716948026,0.19256687862416114,-9.860902532405326,,,,,,,,,,
acc,1778675416.0,161.0,-4.057055120741414,0.19301779308829034,-9.861385600344526,,,,,,,,,,
acc,1778675416.0,161.0,-4.075172402122475,0.1941745343378226,-9.862254744210485,,,,,,,,,,
acc,1778675416.0,161.0,-4.093125048739073,0.19496580193287572,-9.863080495622937,,,,,,,,,,
acc,1778675416.0,161.0,-4.111269527898052,0.19539491700093725,-9.863579275545423,,,,,,,,,,
acc,1778675416.0,161.0,-4.129249125160971,0.19720449587872135,-9.863718551744999,,,,,,,,,,
acc,1778675416.0,161.0,-4.14671036762597,0.19832319185606628,-9.865276429025496,,,,,,,,,,
acc,1778675416.0,161.0,-4.165042337969794,0.19872179780513716,-9.865009826415323,,,,,,,,,,
acc,1778675416.0,161.0,-4.182888254956123,0.199471743676572,-9.866201007516763,,,,,,,,,,
acc,1778675416.0,161.0,-4.199862069851073,0.1995049413517395,-9.86592600313596,,,,,,,,,,
acc,1778675416.0,161.0,-4.217391574215374,0.1988633984448111,-9.865653497764967,,,,,,,,,,
acc,1778675416.0,161.0,-4.2344068230116205,0.19890212424084922,-9.866128896378129,,,,,,,,,,
acc,1778675416.0,161.0,-4.250557518194887,0.19791109714685984,-9.865144604929924,,,,,,,,,,
acc,1778675416.0,161.0,-4.26656144939058,0.1979584766423716,-9.863885284590971,,,,,,,,,,
acc,1778675416.0,161.0,-4.2831298835296145,0.19907032093263377,-9.862672911377844,,,,,,,,,,
acc,1778675416.0,161.0,-4.299902719712609,0.2008465005683758,-9.860406650785578,,,,,,,,,,
acc,1778675416.0,161.0,-4.3161681763606525,0.20331647300726025,-9.859864823828099,,,,,,,,,,
acc,1778675416.0,161.0,-4.331575892970666,0.20540903834242566,-9.856914147582621,,,,,,,,,,
acc,1778675416.0,161.0,-4.345814196307513,0.20819252141321565,-9.855729618701895,,,,,,,,,,
acc,1778675416.0,161.0,-4.360278075965158,0.2095308441259892,-9.852426063307199,,,,,,,,,,
acc,1778675416.0,161.0,-4.376349854090686,0.2105375285356953,-9.84950748989865,,,,,,,,,,
acc,1778675416.0,161.0,-4.392950024208131,0.21047016981616787,-9.845550533715302,,,,,,,,,,
acc,1778675416.0,161.0,-4.408014973992499,0.20866408919842894,-9.842729933707192,,,,,,,,,,
acc,1778675416.0,161.0,-4.422588064158421,0.20651944959660773,-9.840644898098898,,,,,,,,,,
acc,1778675416.0,161.0,-4.437383688386964,0.20371986899428787,-9.838543315152355,,,,,,,,,,
acc,1778675416.0,161.0,-4.45239983356382,0.1992063856070431,-9.836105858506045,,,,,,,,,,
acc,1778675416.0,161.0,-4.468308925442483,0.19682822196738364,-9.83479095003958,,,,,,,,,,
acc,1778675416.0,161.0,-4.4840734489100385,0.19411670705483383,-9.832742562843682,,,,,,,,,,
acc,1778675416.0,161.0,-4.499339746586425,0.19142983210229952,-9.831813188263252,,,,,,,,,,
acc,1778675416.0,161.0,-4.514147849407516,0.1894418028377337,-9.83117623229734,,,,,,,,,,
acc,1778675416.0,161.0,-4.528821388692605,0.18747183910463733,-9.829551158112025,,,,,,,,,,
acc,1778675416.0,161.0,-4.543681054864882,0.1834609753212996,-9.828899254084169,,,,,,,,,,
acc,1778675416.0,161.0,-4.559470593112404,0.1794865588790781,-9.827259376782301,,,,,,,,,,
acc,1778675416.0,161.0,-4.574761687389383,0.17693263033906367,-9.826379828754554,,,,,,,,,,
acc,1778675416.0,161.0,-4.589203886978543,0.17404693866579898,-9.826111714149445,,,,,,,,,,
acc,1778675416.0,161.0,-4.602840418484571,0.17221687037939606,-9.82485212966233,,,,,,,,,,
acc,1778675416.0,161.0,-4.616707994712438,0.1700839646043242,-9.823958953194655,,,,,,,,,,
acc,1778675416.0,161.0,-4.632188887828126,0.16864487953367394,-9.823357866375678,,,,,,,,,,
acc,1778675416.0,161.0,-4.647529103695491,0.16792880468470778,-9.821768344562757,,,,,,,,,,
acc,1778675416.0,161.0,-4.659925692029956,0.16721923691743748,-9.821897106244524,,,,,,,,,,
acc,1778675416.0,161.0,-4.671535192031787,0.16545121302617885,-9.820675820566299,,,,,,,,,,
acc,1778675416.0,161.0,-4.684423566385997,0.16405422648795032,-9.820814510166826,,,,,,,,,,
acc,1778675416.0,161.0,-4.6978692516624525,0.16547416314065738,-9.821697366859256,,,,,,,,,,
acc,1778675416.0,161.0,-4.711192753954365,0.1668811966133092,-9.822572200898813,,,,,,,,,,
acc,1778675416.0,161.0,-4.7254600875942865,0.16756552025308724,-9.824858951175745,,,,,,,,,,
acc,1778675416.0,161.0,-4.7385328677894,0.1689535492401817,-9.82570505543276,,,,,,,,,,
acc,1778675416.0,161.0,-4.750102491158182,0.16890909903689486,-9.8279278335093,,,,,,,,,,
acc,1778675416.0,161.0,-4.761921941557104,0.17060439536175284,-9.828391079350734,,,,,,,,,,
acc,1778675416.0,161.0,-4.774343919797639,0.17370415220981109,-9.830234487167116,,,,,,,,,,
acc,1778675416.0,161.0,-4.786298055715768,0.1778051416243777,-9.833161542022435,,,,,,,,,,
acc,1778675416.0,161.0,-4.798143562605293,0.1829337687100064,-9.833932199422092,,,,,,,,,,
acc,1778675416.0,161.0,-4.8105558570846645,0.18730584915464935,-9.837429093329453,,,,,,,,,,
acc,1778675416.0,161.0,-4.822535891632027,0.1926676094346294,-9.838160970873169,,,,,,,,,,
acc,1778675416.0,161.0,-4.833697128875013,0.19766117904640493,-9.840625531164992,,,,,,,,,,
acc,1778675416.0,161.0,-4.84578634277034,0.2011895054784883,-9.842748228081147,,,,,,,,,,
acc,1778675416.0,161.0,-4.857765700176361,0.20504073140263623,-9.84584554183321,,,,,,,,,,
acc,1778675416.0,161.0,-4.870701103305548,0.20711762727438313,-9.847920803742147,,,,,,,,,,
acc,1778675416.0,161.0,-4.883873922418165,0.20779127862353514,-9.848912303517656,,,,,,,,,,
acc,1778675416.0,161.0,-4.896572076254662,0.20739390449066633,-9.849859299013628,,,,,,,,,,
acc,1778675416.0,161.0,-4.909509801994111,0.20561577900147343,-9.850442718023828,,,,,,,,,,
acc,1778675416.0,161.0,-4.92335937022733,0.2028244111652502,-9.851375806413849,,,,,,,,,,
acc,1778675416.0,161.0,-4.938147980188036,0.2000584089014786,-9.854394720011232,,,,,,,,,,
acc,1778675416.0,161.0,-4.953121680482213,0.1979919711417371,-9.853907524576467,,,,,,,,,,
acc,1778675416.0,161.0,-4.967639835937252,0.19491491099086972,-9.85519959312236,,,,,,,,,,
acc,1778675416.0,161.0,-4.9799317584957645,0.19012647924627718,-9.855769987567433,,,,,,,,,,
acc,1778675416.0,161.0,-4.992466953527571,0.18886022724938614,-9.855589771503048,,,,,,,,,,
acc,1778675416.0,161.0,-5.0069470492787955,0.1879604528514326,-9.855446687460482,,,,,,,,,,
acc,1778675416.0,161.0,-5.021650524164788,0.18600395098668684,-9.854310997625323,,,,,,,,,,
acc,1778675416.0,161.0,-5.034126082191122,0.18651450334427178,-9.853185627970305,,,,,,,,,,
acc,1778675416.0,161.0,-5.045813834503046,0.18631047428887865,-9.852034981255812,,,,,,,,,,
acc,1778675416.0,161.0,-5.0573953784988435,0.18646327024776171,-9.849865390264673,,,,,,,,,,
acc,1778675416.0,161.0,-5.069226650281207,0.18625970675706294,-9.848034991263585,,,,,,,,,,
acc,1778675416.0,161.0,-5.080950409568684,0.18328925950763394,-9.844836854037064,,,,,,,,,,
acc,1778675416.0,161.0,-5.0904733291781685,0.18105573799151467,-9.843087644441606,,,,,,,,,,
acc,1778675416.0,161.0,-5.098170379438179,0.17916198031805508,-9.840999359204218,,,,,,,,,,
acc,1778675416.0,161.0,-5.105442523606104,0.17696596399098516,-9.838184623310651,,,,,,,,,,
acc,1778675416.0,161.0,-5.111938642820443,0.174434941310118,-9.836495863496786,,,,,,,,,,
acc,1778675416.0,161.0,-5.117346330522452,0.171571947441245,-9.83649079411296,,,,,,,,,,
acc,1778675416.0,161.0,-5.123379316238759,0.16770556968566414,-9.834426961052797,,,,,,,,,,
acc,1778675416.0,161.0,-5.129357479338667,0.16351935531019485,-9.834121215489434,,,,,,,,,,
acc,1778675416.0,161.0,-5.135991250824351,0.1604005819891499,-9.831723944188617,,,,,,,,,,
acc,1778675416.0,161.0,-5.141535339955167,0.1569551875479857,-9.831087799456105,,,,,,,,,,
acc,1778675416.0,161.0,-5.147029049145954,0.15460600566859056,-9.829782997018079,,,,,,,,,,
acc,1778675416.0,161.0,-5.153502236510474,0.15437246611977645,-9.827425147749274,,,,,,,,,,
acc,1778675416.0,161.0,-5.159561630139347,0.15517045816435193,-9.827147534281732,,,,,,,,,,
acc,1778675416.0,161.0,-5.1634716662273,0.15525125684886737,-9.829357203798459,,,,,,,,,,
acc,1778675416.0,161.0,-5.1701504080892065,0.157070663481843,-9.828068127548452,,,,,,,,,,
acc,1778675416.0,161.0,-5.177123421117024,0.1602934025005437,-9.831618308346167,,,,,,,,,,
acc,1778675416.0,161.0,-5.182968165635605,0.16625558938275925,-9.829953723280031,,,,,,,,,,
acc,1778675416.0,161.0,-5.188085368782909,0.17738160530874733,-9.831782930675452,,,,,,,,,,
acc,1778675416.0,161.0,-5.195214871714888,0.18840651752887053,-9.83466041952776,,,,,,,,,,
acc,1778675416.0,161.0,-5.2043738918214775,0.1986568063693582,-9.836127389020307,,,,,,,,,,
acc,1778675416.0,161.0,-5.215543986581475,0.20427037954868962,-9.83651612423149,,,,,,,,,,
acc,1778675416.0,161.0,-5.225938138674802,0.2084485701888655,-9.841764364227773,,,,,,,,,,
acc,1778675416.0,161.0,-5.236237837618505,0.21155939275519597,-9.844551150356056,,,,,,,,,,
acc,1778675416.0,161.0,-5.246763409200205,0.21496142339578975,-9.849726374909878,,,,,,,,,,
acc,1778675416.0,161.0,-5.256518895000421,0.2169481681177386,-9.851411399779742,,,,,,,,,,
acc,1778675416.0,161.0,-5.267570102480507,0.22030123018073205,-9.85478495123708,,,,,,,,,,
acc,1778675416.0,161.0,-5.279230818826989,0.22397878433005794,-9.856778979034328,,,,,,,,,,
acc,1778675416.0,161.0,-5.288691268648055,0.22311484468561052,-9.854530784588484,,,,,,,,,,
acc,1778675416.0,161.0,-5.295616484249671,0.22190379394592913,-9.852338514172827,,,,,,,,,,
acc,1778675416.0,161.0,-5.3017688366683515,0.21687011128776512,-9.850166165231133,,,,,,,,,,
acc,1778675416.0,161.0,-5.30719085247821,0.2115271994985402,-9.848333033290697,,,,,,,,,,
acc,1778675416.0,161.0,-5.312918559492632,0.2069427722663197,-9.84406728445632,,,,,,,,,,
acc,1778675416.0,161.0,-5.318239256184402,0.20240000437705985,-9.841615135518033,,,,,,,,,,
acc,1778675416.0,161.0,-5.323156632028667,0.19857295565221808,-9.83772990064903,,,,,,,,,,
acc,1778675416.0,161.0,-5.32767435206083,0.194106245479178,-9.833241036530445,,,,,,,,,,
acc,1778675416.0,161.0,-5.331476589633918,0.1875858210585004,-9.829431898287543,,,,,,,,,,
acc,1778675417.0,162.0,-5.3359187050271935,0.18357392344891305,-9.822924135425584,,,,,,,,,,
acc,1778675417.0,162.0,-5.3420597963247385,0.18062788272907934,-9.821338555638516,,,,,,,,,,
acc,1778675417.0,162.0,-5.347470644277863,0.17596928015380126,-9.81905744241107,,,,,,,,,,
acc,1778675417.0,162.0,-5.350383057407802,0.17238241116169642,-9.818855867471983,,,,,,,,,,
acc,1778675417.0,162.0,-5.356392709073486,0.1688281365565277,-9.815212952766016,,,,,,,,,,
acc,1778675417.0,162.0,-5.363412644743538,0.16740046399120326,-9.815756245975873,,,,,,,,,,
acc,1778675417.0,162.0,-5.370013827440653,0.1670506594462938,-9.817359505848204,,,,,,,,,,
acc,1778675417.0,162.0,-5.377939395356211,0.16563913906984723,-9.818628720126265,,,,,,,,,,
acc,1778675417.0,162.0,-5.387532275433087,0.16495037810929375,-9.821661237244617,,,,,,,,,,
acc,1778675417.0,162.0,-5.394588708922604,0.16426787601697232,-9.823246331993518,,,,,,,,,,
acc,1778675417.0,162.0,-5.400551619421254,0.1642660051930085,-9.824426557490735,,,,,,,,,,
acc,1778675417.0,162.0,-5.4078447151962425,0.16358972209569478,-9.824566657932074,,,,,,,,,,
acc,1778675417.0,162.0,-5.41681087048162,0.16291958447837318,-9.826125350708447,,,,,,,,,,
acc,1778675417.0,162.0,-5.425021110690704,0.1608711654162014,-9.830083650678853,,,,,,,,,,
acc,1778675417.0,162.0,-5.4338311816451,0.1584863988103128,-9.837484646806134,,,,,,,,,,
acc,1778675417.0,162.0,-5.445010459851135,0.16169627248704388,-9.840345817452008,,,,,,,,,,
acc,1778675417.0,162.0,-5.455733188565256,0.1690300817144967,-9.848008530715548,,,,,,,,,,
acc,1778675417.0,162.0,-5.466358478332825,0.17977591334873733,-9.850738574991711,,,,,,,,,,
acc,1778675417.0,162.0,-5.478981518375302,0.1911340378991423,-9.85482817294888,,,,,,,,,,
acc,1778675417.0,162.0,-5.489395547300768,0.19788087457350137,-9.858880608153694,,,,,,,,,,
acc,1778675417.0,162.0,-5.4973011712605935,0.19342045367842656,-9.856613316083967,,,,,,,,,,
acc,1778675417.0,162.0,-5.504779984804788,0.18342759575246464,-9.859904102355479,,,,,,,,,,
acc,1778675417.0,162.0,-5.512545808216649,0.17490991538551828,-9.857308042213722,,,,,,,,,,
acc,1778675417.0,162.0,-5.519886091602312,0.1730720060128669,-9.85963410397309,,,,,,,,,,
acc,1778675417.0,162.0,-5.526449749182507,0.1754394054905096,-9.86083863960331,,,,,,,,,,
acc,1778675417.0,162.0,-5.530504487237435,0.176755882839264,-9.861677258553103,,,,,,,,,,
acc,1778675417.0,162.0,-5.5327830464665,0.1804741774526072,-9.864922028046712,,,,,,,,,,
acc,1778675417.0,162.0,-5.537845136553748,0.18103497951094877,-9.863984207828052,,,,,,,,,,
acc,1778675417.0,162.0,-5.542506255824016,0.1829750474339462,-9.868272917337636,,,,,,,,,,
acc,1778675417.0,162.0,-5.547479989743157,0.18386808554465725,-9.874971920284922,,,,,,,,,,
acc,1778675417.0,162.0,-5.5537928976788615,0.18020943922164542,-9.874972175449184,,,,,,,,,,
acc,1778675417.0,162.0,-5.556214793681856,0.17903330506505105,-9.877492691642479,,,,,,,,,,
acc,1778675417.0,162.0,-5.557585281438633,0.17960720052565377,-9.8771505727667,,,,,,,,,,
acc,1778675417.0,162.0,-5.560682657299721,0.17772660630408824,-9.875462686108662,,,,,,,,,,
acc,1778675417.0,162.0,-5.5661656489453035,0.1772829666937237,-9.87620390867291,,,,,,,,,,
acc,1778675417.0,162.0,-5.570214453942209,0.1754234931126362,-9.879352166800096,,,,,,,,,,
acc,1778675417.0,162.0,-5.573197066749941,0.17184158400481378,-9.880377521639245,,,,,,,,,,
acc,1778675417.0,162.0,-5.5761525761377655,0.17351023175592076,-9.882848918680006,,,,,,,,,,
acc,1778675417.0,162.0,-5.5773418864929,0.1731049069273915,-9.884197459849121,,,,,,,,,,
acc,1778675417.0,162.0,-5.579549789545547,0.1727032653422597,-9.885178784835205,,,,,,,,,,
acc,1778675417.0,162.0,-5.582802532649817,0.17230527353036204,-9.8865061541843,,,,,,,,,,
acc,1778675417.0,162.0,-5.584605852249149,0.17258533664999198,-9.888886365116472,,,,,,,,,,
acc,1778675417.0,162.0,-5.587812650203132,0.1718334546741359,-9.887091833711393,,,,,,,,,,
acc,1778675417.0,162.0,-5.592729640342544,0.17176283439019424,-9.885952553423914,,,,,,,,,,
acc,1778675417.0,162.0,-5.599341281910015,0.1716928558426352,-9.889012224227837,,,,,,,,,,
acc,1778675417.0,162.0,-5.605182918971443,0.16920975116435621,-9.887819989639484,,,,,,,,,,
acc,1778675417.0,162.0,-5.609587101259306,0.16777861092237853,-9.88841342530246,,,,,,,,,,
acc,1778675417.0,162.0,-5.615690594925713,0.16742537013000144,-9.885913258896952,,,,,,,,,,
acc,1778675417.0,162.0,-5.620673721729269,0.17055401396413142,-9.883790782736222,,,,,,,,,,
acc,1778675417.0,162.0,-5.623197804140702,0.16911065822536453,-9.879557795773367,,,,,,,,,,
acc,1778675417.0,162.0,-5.624634046301415,0.16629604746592003,-9.877138101706922,,,,,,,,,,
acc,1778675417.0,162.0,-5.629535902708226,0.16002833880087025,-9.87261059770368,,,,,,,,,,
acc,1778675417.0,162.0,-5.634393215262594,0.1524332237728396,-9.874407137682281,,,,,,,,,,
acc,1778675417.0,162.0,-5.638886921308236,0.1497701631755439,-9.871679286571517,,,,,,,,,,
acc,1778675417.0,162.0,-5.644724163410327,0.14922560584603883,-9.872099927596945,,,,,,,,,,
acc,1778675417.0,162.0,-5.6494434581243125,0.15042532976667458,-9.872481242749679,,,,,,,,,,
acc,1778675417.0,162.0,-5.654474838830632,0.1509042189547503,-9.873214063719184,,,,,,,,,,
acc,1778675417.0,162.0,-5.6619097641315905,0.152088689083568,-9.877809356241162,,,,,,,,,,
acc,1778675417.0,162.0,-5.668567194558507,0.15187802478375456,-9.877464359801754,,,,,,,,,,
acc,1778675417.0,162.0,-5.67306982433412,0.15131431302729412,-9.882021029286669,,,,,,,,,,
acc,1778675417.0,162.0,-5.67859644163699,0.14518274551237906,-9.880608351604101,,,,,,,,,,
acc,1778675417.0,162.0,-5.680594172256623,0.1377225345120946,-9.883077650990845,,,,,,,,,,
acc,1778675417.0,162.0,-5.686052414759804,0.1306850772784177,-9.881690875092373,,,,,,,,,,
acc,1778675417.0,162.0,-5.691461057454194,0.12509594137451482,-9.885144243171167,,,,,,,,,,
acc,1778675417.0,162.0,-5.698559883826919,0.12686989667027476,-9.88469709924114,,,,,,,,,,
acc,1778675417.0,162.0,-5.705949173055021,0.1282727699971291,-9.888442616768476,,,,,,,,,,
acc,1778675417.0,162.0,-5.7132713147847,0.1282785242456421,-9.88903039452038,,,,,,,,,,
acc,1778675417.0,162.0,-5.719142548222559,0.12654489344240175,-9.895505267645781,,,,,,,,,,
acc,1778675417.0,162.0,-5.725989829040607,0.12202278007953468,-9.898833102416269,,,,,,,,,,
acc,1778675417.0,162.0,-5.734869191302107,0.11860666333125242,-9.901101296596318,,,,,,,,,,
acc,1778675417.0,162.0,-5.74121860014226,0.11763536037190359,-9.905088212138555,,,,,,,,,,
acc,1778675417.0,162.0,-5.743002236330516,0.11457858014517998,-9.909393859814195,,,,,,,,,,
acc,1778675417.0,162.0,-5.7465089971240895,0.11364388093554628,-9.908406879757683,,,,,,,,,,
acc,1778675417.0,162.0,-5.75101330067279,0.1127176754674204,-9.903595232143209,,,,,,,,,,
acc,1778675417.0,162.0,-5.75235296927282,0.11006054471740424,-9.902625450657185,,,,,,,,,,
acc,1778675417.0,162.0,-5.754709864207041,0.11126120514758456,-9.900670575982755,,,,,,,,,,
acc,1778675417.0,162.0,-5.758784674459756,0.11071161317275995,-9.900082342127016,,,,,,,,,,
acc,1778675417.0,162.0,-5.7617930562589645,0.10842768266782755,-9.89985441542109,,,,,,,,,,
acc,1778675417.0,162.0,-5.764774100475328,0.10825881017776885,-9.898315186765874,,,,,,,,,,
acc,1778675417.0,162.0,-5.769112426488916,0.1080914722554565,-9.898493783680008,,,,,,,,,,
acc,1778675417.0,162.0,-5.770962055040046,0.1040920185923638,-9.897960824999265,,,,,,,,,,
acc,1778675417.0,162.0,-5.774214741078933,0.10570187762452736,-9.894983434897437,,,,,,,,,,
acc,1778675417.0,162.0,-5.77708290772275,0.10520280402852958,-9.893772442582318,,,,,,,,,,
acc,1778675417.0,162.0,-5.779570040065707,0.10399833292494258,-9.889768218449191,,,,,,,,,,
acc,1778675417.0,162.0,-5.778910867796509,0.10177540693478847,-9.887575217444807,,,,,,,,,,
acc,1778675417.0,162.0,-5.7817363600833085,0.10060208106312946,-9.887496439069375,,,,,,,,,,
acc,1778675417.0,162.0,-5.786275509468522,0.10224365363423936,-9.88670844390671,,,,,,,,,,
acc,1778675417.0,162.0,-5.790063478317316,0.09900727258036036,-9.88553714413226,,,,,,,,,,
acc,1778675417.0,162.0,-5.791048292551765,0.09580030096962787,-9.88579635343402,,,,,,,,,,
acc,1778675417.0,162.0,-5.792379119427239,0.09262247155430596,-9.881190170843032,,,,,,,,,,
acc,1778675417.0,162.0,-5.795082223844741,0.09014794872265887,-9.881488881690627,,,,,,,,,,
acc,1778675417.0,162.0,-5.798790164856211,0.0905001484827184,-9.87798674522127,,,,,,,,,,
acc,1778675417.0,162.0,-5.801080040345352,0.08978425331607862,-9.880124896580806,,,,,,,,,,
acc,1778675417.0,162.0,-5.804378507495945,0.0884004252944502,-9.876954622258818,,,,,,,,,,
acc,1778675417.0,162.0,-5.805233239081943,0.0838699742707732,-9.87587195681196,,,,,,,,,,
acc,1778675417.0,162.0,-5.807819536333511,0.0821849283369427,-9.875154100566377,,,,,,,,,,
acc,1778675417.0,162.0,-5.810737293326959,0.0822545273778148,-9.87447826194078,,,,,,,,,,
acc,1778675417.0,162.0,-5.813273574475694,0.08406282669068874,-9.876648295366438,,,,,,,,,,
acc,1778675417.0,162.0,-5.816141769869282,0.08273099006557919,-9.874255040420794,,,,,,,,,,
acc,1778675417.0,162.0,-5.818628939791695,0.08417999791194306,-9.872557971605637,,,,,,,,,,
acc,1778675417.0,162.0,-5.820028604935182,0.0842314674802421,-9.871515259132941,,,,,,,,,,
acc,1778675417.0,162.0,-5.823154883852638,0.08602180206229215,-9.86842322178648,,,,,,,,,,
acc,1778675417.0,162.0,-5.8255783246374895,0.08815082940834768,-9.867418082356675,,,,,,,,,,
acc,1778675417.0,162.0,-5.829009143352822,0.08710131196291442,-9.866812541997819,,,,,,,,,,
acc,1778675417.0,162.0,-5.830669453021254,0.086061331627723,-9.866567475136927,,,,,,,,,,
acc,1778675417.0,162.0,-5.834763940598252,0.08471133431680769,-9.864975758653102,,,,,,,,,,
acc,1778675417.0,162.0,-5.8374368500606435,0.08511293733927949,-9.865776782966925,,,,,,,,,,
acc,1778675417.0,162.0,-5.839375537775158,0.0844459965083264,-9.864156757252513,,,,,,,,,,
acc,1778675417.0,162.0,-5.840941646585043,0.08343014539260345,-9.864645756523842,,,,,,,,,,
acc,1778675417.0,162.0,-5.843558418377922,0.08277849632467861,-9.860551239787938,,,,,,,,,,
acc,1778675417.0,162.0,-5.846151411203629,0.08145833059361478,-9.861427964674245,,,,,,,,,,
acc,1778675417.0,162.0,-5.845916604910669,0.08188949410872459,-9.860876857342804,,,,,,,,,,
acc,1778675417.0,162.0,-5.847068303271258,0.07883807414742851,-9.859656319712059,,,,,,,,,,
acc,1778675417.0,162.0,-5.8482095359896045,0.0747494793453482,-9.86196104215593,,,,,,,,,,
acc,1778675417.0,162.0,-5.850050330816407,0.07176294168499878,-9.860766155836927,,,,,,,,,,
acc,1778675417.0,162.0,-5.852229368953553,0.07295664682249063,-9.861285965969568,,,,,,,,,,
acc,1778675417.0,162.0,-5.853678673222476,0.07275513366207333,-9.86006171071407,,,,,,,,,,
acc,1778675417.0,162.0,-5.855114807463175,0.0711710898328998,-9.860232951369143,,,,,,,,,,
acc,1778675417.0,162.0,-5.857602785780412,0.07237017320855016,-9.857598399709406,,,,,,,,,,
acc,1778675417.0,162.0,-5.860387622914066,0.07146405676819462,-9.860241299257684,,,,,,,,,,
acc,1778675417.0,162.0,-5.86456701914083,0.07198603962616378,-9.857642175188936,,,,,,,,,,
acc,1778675417.0,162.0,-5.868353474836958,0.07108341386121511,-9.858509840782435,,,,,,,,,,
acc,1778675417.0,162.0,-5.871395589840899,0.0701889903813193,-9.859369621778791,,,,,,,,,,
acc,1778675417.0,162.0,-5.874055089858972,0.06724389452181208,-9.856387953538912,,,,,,,,,,
acc,1778675417.0,162.0,-5.8794946588549255,0.06709429392965226,-9.857657481643535,,,,,,,,,,
acc,1778675417.0,162.0,-5.882435532381006,0.06520672006926415,-9.856111237149712,,,,,,,,,,
acc,1778675417.0,162.0,-5.884675243498345,0.0643656989170777,-9.855572949296505,,,,,,,,,,
acc,1778675417.0,162.0,-5.887214069469831,0.0621479493107384,-9.852661276306831,,,,,,,,,,
acc,1778675417.0,162.0,-5.8911496900686275,0.06275458892018315,-9.852189833084154,,,,,,,,,,
acc,1778675418.0,163.0,-5.894339623581959,0.0616163832041942,-9.851083739094578,,,,,,,,,,
acc,1778675418.0,163.0,-5.896116198800465,0.060488520520753944,-9.852401467324881,,,,,,,,,,
acc,1778675418.0,163.0,-5.89855105923126,0.05866097423705899,-9.85090298496027,,,,,,,,,,
acc,1778675418.0,163.0,-5.903058097320773,0.05198699877891269,-9.854636126717367,,,,,,,,,,
acc,1778675418.0,163.0,-5.907524179332757,0.0540703432729534,-9.852087937633783,,,,,,,,,,
acc,1778675418.0,163.0,-5.909535906452247,0.053330519913546676,-9.855455340695299,,,,,,,,,,
acc,1778675418.0,163.0,-5.912203791012733,0.05085808672634926,-9.855632945708376,,,,,,,,,,
acc,1778675418.0,163.0,-5.914847432137846,0.0515673188719798,-9.855489469382459,,,,,,,,,,
acc,1778675418.0,163.0,-5.9178220209962005,0.05432891533593903,-9.85222359321578,,,,,,,,,,
acc,1778675418.0,163.0,-5.921124541132849,0.05603601673098277,-9.855234801775158,,,,,,,,,,
acc,1778675418.0,163.0,-5.921273347184577,0.054248930966482325,-9.853000639869974,,,,,,,,,,
acc,1778675418.0,163.0,-5.922805171940183,0.05109371377202103,-9.851851674522903,,,,,,,,,,
acc,1778675418.0,163.0,-5.9274467804198805,0.05180080474139929,-9.850038720787506,,,,,,,,,,
acc,1778675418.0,163.0,-5.9289225063361695,0.04969723406838602,-9.84753230897059,,,,,,,,,,
acc,1778675418.0,163.0,-5.9282905185610275,0.04867768233933878,-9.847781911664583,,,,,,,,,,
acc,1778675418.0,163.0,-5.930787977371139,0.04798686283472698,-9.841071906292154,,,,,,,,,,
acc,1778675418.0,163.0,-5.933262741428339,0.046627891707827045,-9.84102525377814,,,,,,,,,,
acc,1778675418.0,163.0,-5.932946284203615,0.04805000249849572,-9.84002061386377,,,,,,,,,,
acc,1778675418.0,163.0,-5.933307131863572,0.044951115825940025,-9.836895305326031,,,,,,,,,,
acc,1778675418.0,163.0,-5.932990271256969,0.04049602732866528,-9.839051898445405,,,,,,,,,,
acc,1778675418.0,163.0,-5.935445022764188,0.03956008823449893,-9.835544927534839,,,,,,,,,,
acc,1778675418.0,163.0,-5.9330144312850495,0.03966205420604113,-9.837003859081243,,,,,,,,,,
acc,1778675418.0,163.0,-5.932700230489118,0.03873369354091449,-9.833160528123795,,,,,,,,,,
acc,1778675418.0,163.0,-5.930294581316515,0.03536450367767331,-9.83077198732703,,,,,,,,,,
acc,1778675418.0,163.0,-5.928940192667321,0.03341029194190329,-9.828085684113459,,,,,,,,,,
acc,1778675418.0,163.0,-5.92830804417538,0.03008947656374926,-9.826843656989285,,,,,,,,,,
acc,1778675418.0,163.0,-5.927681640104004,0.028538170590806523,-9.8273167546744,,,,,,,,,,
acc,1778675418.0,163.0,-5.927060928252847,0.027000961549267795,-9.824981317053881,,,,,,,,,,
acc,1778675418.0,163.0,-5.927155789536283,0.029311357596347676,-9.827210670775571,,,,,,,,,,
acc,1778675418.0,163.0,-5.930018530642702,0.031600758755811836,-9.824166273601708,,,,,,,,,,
acc,1778675418.0,163.0,-5.929731554009151,0.03351439403460982,-9.8264385371822,,,,,,,,,,
acc,1778675418.0,163.0,-5.929092214308274,0.03019263266965455,-9.82269121476649,,,,,,,,,,
acc,1778675418.0,163.0,-5.93019801707147,0.02761098924836016,-9.821107751793388,,,,,,,,,,
acc,1778675418.0,163.0,-5.93058383861261,0.02331347288119174,-9.817444374407515,,,,,,,,,,
acc,1778675418.0,163.0,-5.930646686724103,0.019729437830403276,-9.815198648469336,,,,,,,,,,
acc,1778675418.0,163.0,-5.930708963726138,0.01862724582246301,-9.811943929696872,,,,,,,,,,
acc,1778675418.0,163.0,-5.930770674808466,0.01615069866650696,-9.81290739411945,,,,,,,,,,
acc,1778675418.0,163.0,-5.931861225169028,0.016820359849509237,-9.810383428931285,,,,,,,,,,
acc,1778675418.0,163.0,-5.93258690377197,0.01400526125281312,-9.81100610297584,,,,,,,,,,
acc,1778675418.0,163.0,-5.935045320727644,0.011570714708488786,-9.812652527837683,,,,,,,,,,
acc,1778675418.0,163.0,-5.9350676267364,0.009477758640186712,-9.812189687852566,,,,,,,,,,
acc,1778675418.0,163.0,-5.937858471883138,0.009143154246139725,-9.81240549203708,,,,,,,,,,
acc,1778675418.0,163.0,-5.940623956235154,0.006752790339028767,-9.813329258731004,,,,,,,,,,
acc,1778675418.0,163.0,-5.942654368523513,0.0022898444420054766,-9.815345028891583,,,,,,,,,,
acc,1778675418.0,163.0,-5.94434686275976,0.002020557614725996,-9.815177189194317,,,,,,,,,,
acc,1778675418.0,163.0,-5.948118280623357,1.4385141021287969e-05,-9.817140672595537,,,,,,,,,,
acc,1778675418.0,163.0,-5.951145494454189,0.00012074658883529844,-9.819441275328064,,,,,,,,,,
acc,1778675418.0,163.0,-5.9516959342444675,-0.0025426003182250564,-9.820336610336602,,,,,,,,,,
acc,1778675418.0,163.0,-5.951886401249694,-0.003442403245214479,-9.82299863636495,,,,,,,,,,
acc,1778675418.0,163.0,-5.95140070826391,-0.004689000401678583,-9.821767341588549,,,,,,,,,,
acc,1778675418.0,163.0,-5.950564457974555,-0.0045398986415019806,-9.825765242920575,,,,,,,,,,
acc,1778675418.0,163.0,-5.949380835944217,-0.0075158553975998256,-9.822769474917747,,,,,,,,,,
acc,1778675418.0,163.0,-5.948207969650459,-0.012559072778559634,-9.826403298862665,,,,,,,,,,
acc,1778675418.0,163.0,-5.945661399525598,-0.011273560173020048,-9.823366238398103,,,,,,,,,,
acc,1778675418.0,163.0,-5.9424280377965895,-0.013833365442765122,-9.82635570463971,,,,,,,,,,
acc,1778675418.0,163.0,-5.94238325603822,-0.011151902248819522,-9.826087809415238,,,,,,,,,,
acc,1778675418.0,163.0,-5.939179683251338,-0.011299042071774687,-9.826567775589533,,,,,,,,,,
acc,1778675418.0,163.0,-5.939164419738235,-0.01350364492078963,-9.82739835110748,,,,,,,,,,
acc,1778675418.0,163.0,-5.936345058736137,-0.013948881549248672,-9.830990111814598,,,,,,,,,,
acc,1778675418.0,163.0,-5.9335513176561285,-0.019963041184611823,-9.831035073956167,,,,,,,,,,
acc,1778675418.0,163.0,-5.9283691927187565,-0.021414483889187444,-9.832854454570874,,,,,,,,,,
acc,1778675418.0,163.0,-5.9263578620700015,-0.02178783363402163,-9.83014922770329,,,,,,,,,,
acc,1778675418.0,163.0,-5.922625475970198,-0.02251275247340351,-9.832367123346973,,,,,,,,,,
acc,1778675418.0,163.0,-5.918572035715124,-0.0260353200647406,-9.82618765954631,,,,,,,,,,
acc,1778675418.0,163.0,-5.915939800544915,-0.02707661227189924,-9.827696127507803,,,,,,,,,,
acc,1778675418.0,163.0,-5.912976523083472,-0.029492813027650115,-9.826777107759233,,,,,,,,,,
acc,1778675418.0,163.0,-5.910040173332775,-0.030502686519791163,-9.826150412324669,,,,,,,,,,
acc,1778675418.0,163.0,-5.906811039182075,-0.03114841229017889,-9.82659431525716,,,,,,,,,,
acc,1778675418.0,163.0,-5.9049956104454235,-0.02937450838258107,-9.82706967874259,,,,,,,,,,
acc,1778675418.0,163.0,-5.901102375208943,-0.02793619159916512,-9.829315558670618,,,,,,,,,,
acc,1778675418.0,163.0,-5.901078163664393,-0.026191477583754393,-9.830795602981166,,,,,,,,,,
acc,1778675418.0,163.0,-5.89895986858282,-0.026201950713713583,-9.832297692285131,,,,,,,,,,
acc,1778675418.0,163.0,-5.895476451826956,-0.0230531307106714,-9.833431161034568,,,,,,,,,,
acc,1778675418.0,163.0,-5.893054089410831,-0.021672257157365985,-9.836613138987563,,,,,,,,,,
acc,1778675418.0,163.0,-5.890653739335836,-0.019984464377598866,-9.839127257951706,,,,,,,,,,
acc,1778675418.0,163.0,-5.891079437759554,-0.020051341491574316,-9.840198665496917,,,,,,,,,,
acc,1778675418.0,163.0,-5.890436364304476,-0.01869774561068674,-9.844384040615392,,,,,,,,,,
acc,1778675418.0,163.0,-5.88738537266918,-0.022574448105830362,-9.845372184692232,,,,,,,,,,
acc,1778675418.0,163.0,-5.8832972023169345,-0.02400216059396686,-9.848765120331974,,,,,,,,,,
acc,1778675418.0,163.0,-5.878571743455607,-0.026446299313128956,-9.850103918155686,,,,,,,,,,
acc,1778675418.0,163.0,-5.875628567264875,-0.029578160443390962,-9.84965571400433,,,,,,,,,,
acc,1778675418.0,163.0,-5.871292270848934,-0.03268156191996381,-9.849531059247608,,,,,,,,,,
acc,1778675418.0,163.0,-5.8680602733671,-0.03575676235964783,-9.851182364293225,,,,,,,,,,
acc,1778675418.0,163.0,-5.86276334194279,-0.03773911453108052,-9.852499196287765,,,,,,,,,,
acc,1778675418.0,163.0,-5.862377580751113,-0.03728968183174892,-9.854513994684801,,,,,,,,,,
acc,1778675418.0,163.0,-5.85922659228672,-0.03475002964055336,-9.854345192062368,,,,,,,,,,
acc,1778675418.0,163.0,-5.8567786755648985,-0.03432775916740104,-9.851409181547822,,,,,,,,,,
acc,1778675418.0,163.0,-5.8515842615750016,-0.03181502237572868,-9.851304087150075,,,,,,,,,,
acc,1778675418.0,163.0,-5.848176382627555,-0.029325119169531625,-9.848750673349581,,,,,,,,,,
acc,1778675418.0,163.0,-5.845509413268931,-0.02405361495964071,-9.851473973366396,,,,,,,,,,
acc,1778675418.0,163.0,-5.843186146442806,-0.02337358250566648,-9.850977824974867,,,,,,,,,,
acc,1778675418.0,163.0,-5.838115249638407,-0.020960387826699144,-9.853964859612214,,,,,,,,,,
acc,1778675418.0,163.0,-5.833090432771998,-0.01959853131783014,-9.849967401734428,,,,,,,,,,
acc,1778675418.0,163.0,-5.827046382698471,-0.020698315508949336,-9.850904809038811,,,,,,,,,,
acc,1778675418.0,163.0,-5.822477121012596,-0.02249803844549984,-9.846935158262475,,,,,,,,,,
acc,1778675418.0,163.0,-5.818623819113118,-0.026340207152228765,-9.846515749069104,,,,,,,,,,
acc,1778675418.0,163.0,-5.814131094423097,-0.029473032353820205,-9.845461216276169,,,,,,,,,,
acc,1778675418.0,163.0,-5.80793985396827,-0.030483085593715625,-9.846439571908306,,,,,,,,,,
acc,1778675418.0,163.0,-5.802479312444285,-0.030454560290554204,-9.847444531448016,,,,,,,,,,
acc,1778675418.0,163.0,-5.798133295110687,-0.03457939784809485,-9.845671626046073,,,,,,,,,,
acc,1778675418.0,163.0,-5.792761867138257,-0.033803716155549335,-9.846683564015517,,,,,,,,,,
acc,1778675418.0,163.0,-5.787439250071889,-0.03615878678643487,-9.84211333744686,,,,,,,,,,
acc,1778675418.0,163.0,-5.7814905620844925,-0.036078685604789634,-9.842802648300564,,,,,,,,,,
acc,1778675418.0,163.0,-5.7759154071458205,-0.033905008766738215,-9.836847822876686,,,,,,,,,,
acc,1778675418.0,163.0,-5.768651572635639,-0.033490417115023124,-9.83754947873935,,,,,,,,,,
acc,1778675418.0,163.0,-5.761453745590431,-0.03169523109076425,-9.831322922177087,,,,,,,,,,
acc,1778675418.0,163.0,-5.754001858777053,-0.02782205462261314,-9.829661021699627,,,,,,,,,,
acc,1778675418.0,163.0,-5.748002059196853,-0.025368436066544015,-9.826984814003925,,,,,,,,,,
acc,1778675418.0,163.0,-5.741346847986561,-0.028155121022930926,-9.826356231115609,,,,,,,,,,
acc,1778675418.0,163.0,-5.73720137891798,-0.030206550353735623,-9.824774958004085,,,,,,,,,,
acc,1778675418.0,163.0,-5.732028685888371,-0.03397867074860802,-9.823527521553338,,,,,,,,,,
acc,1778675418.0,163.0,-5.7265835213316745,-0.036332151542081054,-9.8212265172328,,,,,,,,,,
acc,1778675418.0,163.0,-5.719767972464715,-0.035895504109795064,-9.817526557184767,,,,,,,,,,
acc,1778675418.0,163.0,-5.714079260925874,-0.039296460783803396,-9.815670549675367,,,,,,,,,,
acc,1778675418.0,163.0,-5.708797205266597,-0.038122943629855736,-9.812376048331256,,,,,,,,,,
acc,1778675418.0,163.0,-5.704592557511331,-0.03802499388448646,-9.810566844205324,,,,,,,,,,
acc,1778675418.0,163.0,-5.699041747058882,-0.03824740163604075,-9.809803480615905,,,,,,,,,,
acc,1778675418.0,163.0,-5.694215815860996,-0.037793350062434596,-9.805852361501483,,,,,,,,,,
acc,1778675418.0,163.0,-5.68840433851543,-0.04323586993407588,-9.806480715616296,,,,,,,,,,
acc,1778675418.0,163.0,-5.681616261728688,-0.04621516191813609,-9.801920856097196,,,,,,,,,,
acc,1778675418.0,163.0,-5.675564307406059,-0.04778300975509304,-9.801520032846707,,,,,,,,,,
acc,1778675418.0,163.0,-5.669567348026081,-0.04724230679722414,-9.799419013607897,,,,,,,,,,
acc,1778675418.0,163.0,-5.662950445566947,-0.04880082082710234,-9.797372590067457,,,,,,,,,,
acc,1778675418.0,163.0,-5.6560387100380005,-0.04718597447074343,-9.797013097536848,,,,,,,,,,
acc,1778675418.0,163.0,-5.650219182451078,-0.04874500040014102,-9.79498853688723,,,,,,,,,,
acc,1778675418.0,163.0,-5.64061890148353,-0.05234865934434545,-9.796816009928623,,,,,,,,,,
acc,1778675419.0,164.0,-5.632170763087811,-0.05418023865915649,-9.794757736794251,,,,,,,,,,
acc,1778675419.0,164.0,-5.623799394089473,-0.05741503943052725,-9.7923987000574,,,,,,,,,,
acc,1778675419.0,164.0,-5.61479415515225,-0.054692505347367665,-9.790380567626329,,,,,,,,,,
acc,1778675419.0,164.0,-5.606225718922836,-0.05234968216753865,-9.787315879833711,,,,,,,,,,
acc,1778675419.0,164.0,-5.597025212618775,-0.04967317768360998,-9.787793210096252,,,,,,,,,,
acc,1778675419.0,164.0,-5.589328177852853,-0.04737596582568113,-9.784787528337981,,,,,,,,,,
acc,1778675419.0,164.0,-5.579606783557213,-0.05031763618709885,-9.788127564618607,,,,,,,,,,
acc,1778675419.0,164.0,-5.570648167185656,-0.054971907868550475,-9.782669579216117,,,,,,,,,,
acc,1778675419.0,164.0,-5.560031626311337,-0.059583885542102685,-9.782479198417318,,,,,,,,,,
acc,1778675419.0,164.0,-5.550221492041286,-0.06344402090432405,-9.780231738450254,,,,,,,,,,
acc,1778675419.0,164.0,-5.540500503812688,-0.06762404954579257,-9.774845503508004,,,,,,,,,,
acc,1778675419.0,164.0,-5.532607184226847,-0.07141112283019352,-9.776856019067393,,,,,,,,,,
acc,1778675419.0,164.0,-5.525140563184373,-0.07204007886460231,-9.776079522975419,,,,,,,,,,
acc,1778675419.0,164.0,-5.516357421446088,-0.0695396158955635,-9.781557490197043,,,,,,,,,,
acc,1778675419.0,164.0,-5.507973560740521,-0.06706187497795611,-9.781057738603323,,,,,,,,,,
acc,1778675419.0,164.0,-5.500730788827829,-0.06911472413623788,-9.784076697135301,,,,,,,,,,
acc,1778675419.0,164.0,-5.4931988621202,-0.07604744940801193,-9.785257891484719,,,,,,,,,,
acc,1778675419.0,164.0,-5.48782968261246,-0.07872857804861097,-9.784724513834888,,,,,,,,,,
acc,1778675419.0,164.0,-5.483183722766167,-0.07964601022052997,-9.789023524977694,,,,,,,,,,
acc,1778675419.0,164.0,-5.475101316030198,-0.07672146024509098,-9.789094872412566,,,,,,,,,,
acc,1778675419.0,164.0,-5.470571020604228,-0.07069978246523438,-9.792395767263349,,,,,,,,,,
acc,1778675419.0,164.0,-5.466081892596812,-0.06821149895456945,-9.800103743123243,,,,,,,,,,
acc,1778675419.0,164.0,-5.459894225230666,-0.06677522686746845,-9.800109897449756,,,,,,,,,,
acc,1778675419.0,164.0,-5.45273338600164,-0.07440364974695592,-9.806789362617302,,,,,,,,,,
acc,1778675419.0,164.0,-5.445637618305035,-0.08267268473167846,-9.806699269438752,,,,,,,,,,
acc,1778675419.0,164.0,-5.439990701736284,-0.08529360894603814,-9.809804696348962,,,,,,,,,,
acc,1778675419.0,164.0,-5.434395099476205,-0.08544144205608968,-9.814266265639347,,,,,,,,,,
acc,1778675419.0,164.0,-5.429560277859262,-0.08143482814534424,-9.814143723173242,,,,,,,,,,
acc,1778675419.0,164.0,-5.4254438201198605,-0.0743054249346865,-9.821654072361635,,,,,,,,,,
acc,1778675419.0,164.0,-5.423104110969144,-0.06724080759300487,-9.8246590972778,,,,,,,,,,
acc,1778675419.0,164.0,-5.420785663077749,-0.061979720085223566,-9.830370053490158,,,,,,,,,,
acc,1778675419.0,164.0,-5.41745888319328,-0.06233940971420082,-9.834964219048445,,,,,,,,,,
acc,1778675419.0,164.0,-5.408589356218875,-0.07071807410853807,-9.837848292828413,,,,,,,,,,
acc,1778675419.0,164.0,-5.399800427857755,-0.0831737040660342,-9.838895828142707,,,,,,,,,,
acc,1778675419.0,164.0,-5.392475736608433,-0.08681947549668077,-9.839933844359315,,,,,,,,,,
acc,1778675419.0,164.0,-5.385927538471944,-0.08627901365973184,-9.84096242797959,,,,,,,,,,
acc,1778675419.0,164.0,-5.3804682447621754,-0.08677286312226337,-9.843401529987952,,,,,,,,,,
acc,1778675419.0,164.0,-5.373674189497134,-0.08797215754125735,-9.845463496679569,,,,,,,,,,
acc,1778675419.0,164.0,-5.365912472699773,-0.09331365744695266,-9.84786169685669,,,,,,,,,,
acc,1778675419.0,164.0,-5.358576258552848,-0.09548291481535842,-9.85087704817313,,,,,,,,,,
acc,1778675419.0,164.0,-5.35130670959433,-0.09518319452596274,-9.85425545471047,,,,,,,,,,
acc,1778675419.0,164.0,-5.341298983850364,-0.09140753247058188,-9.85625429374028,,,,,,,,,,
acc,1778675419.0,164.0,-5.328932934371394,-0.08592683860645306,-9.856815103775512,,,,,,,,,,
acc,1778675419.0,164.0,-5.310076878842908,-0.08085091942316151,-9.859749094250049,,,,,,,,,,
acc,1778675419.0,164.0,-5.289297876431749,-0.07720549672564328,-9.858574308228963,,,,,,,,,,
acc,1778675419.0,164.0,-5.2655839920857685,-0.07675239843790758,-9.859823968607476,,,,,,,,,,
acc,1778675419.0,164.0,-5.2378969919861,-0.07768778842571528,-9.859251942660332,,,,,,,,,,
acc,1778675419.0,164.0,-5.208047816512582,-0.07928910758325287,-9.860104980060676,,,,,,,,,,
acc,1778675419.0,164.0,-5.177759951973341,-0.08055640791933376,-9.860595294931878,,,,,,,,,,
acc,1778675419.0,164.0,-5.147392355657129,-0.08110225948826962,-9.861116657691388,,,,,,,,,,
acc,1778675419.0,164.0,-5.115206410327858,-0.08235308346325262,-9.862698177163779,,,,,,,,,,
acc,1778675419.0,164.0,-5.081254133933405,-0.0846219410766325,-9.863200430742827,,,,,,,,,,
acc,1778675419.0,164.0,-5.047610386550838,-0.08584078122026255,-9.86259772241929,,,,,,,,,,
acc,1778675419.0,164.0,-5.013207470126472,-0.08495424205233414,-9.862355461850075,,,,,,,,,,
acc,1778675419.0,164.0,-4.976348435924242,-0.08233642630542005,-9.860092087912612,,,,,,,,,,
acc,1778675419.0,164.0,-4.9387594504343895,-0.07974239901075098,-9.857849281565855,,,,,,,,,,
acc,1778675419.0,164.0,-4.899098270275889,-0.07820134404746673,-9.852858123178716,,,,,,,,,,
acc,1778675419.0,164.0,-4.8577031931808,-0.07738422549726719,-9.848515760602716,,,,,,,,,,
acc,1778675419.0,164.0,-4.814235013535784,-0.07586459958149745,-9.844958284667827,,,,,,,,,,
acc,1778675419.0,164.0,-4.768748064269186,-0.07506871535009198,-9.840084268544992,,,,,,,,,,
acc,1778675419.0,164.0,-4.723674461175449,-0.07321516902033647,-9.835254543277959,,,,,,,,,,
acc,1778675419.0,164.0,-4.679010448120959,-0.07556706412050737,-9.829403802894513,,,,,,,,,,
acc,1778675419.0,164.0,-4.633687399609511,-0.07860751986033115,-9.824316161629097,,,,,,,,,,
acc,1778675419.0,164.0,-4.5898411113772415,-0.07672181592667773,-9.818884287239898,,,,,,,,,,
acc,1778675419.0,164.0,-4.544653927722659,-0.07137457319255372,-9.815560582224549,,,,,,,,,,
acc,1778675419.0,164.0,-4.496043720916944,-0.06366215063288667,-9.808433443949042,,,,,,,,,,
acc,1778675419.0,164.0,-4.444716043804471,-0.05530987928490597,-9.800661138326321,,,,,,,,,,
acc,1778675419.0,164.0,-4.393854788363148,-0.046678544403409364,-9.79544422039181,,,,,,,,,,
acc,1778675419.0,164.0,-4.342781286967752,-0.04160430901532904,-9.79031021275615,,,,,,,,,,
acc,1778675419.0,164.0,-4.292526859287323,-0.037996049171699846,-9.786891193430243,,,,,,,,,,
acc,1778675419.0,164.0,-4.24340353878698,-0.03647938726527643,-9.781479937467857,,,,,,,,,,
acc,1778675419.0,164.0,-4.192987266896224,-0.03707080193031132,-9.775727398200164,,,,,,,,,,
acc,1778675419.0,164.0,-4.142354705424562,-0.036627442280889544,-9.770027133049073,,,,,,,,,,
acc,1778675419.0,164.0,-4.0904429163302,-0.03966678595324924,-9.766472961448285,,,,,,,,,,
acc,1778675419.0,164.0,-4.038647885952228,-0.0419685780567777,-9.764725923223613,,,,,,,,,,
acc,1778675419.0,164.0,-3.985584191466613,-0.0428650825498169,-9.764024160623821,,,,,,,,,,
acc,1778675419.0,164.0,-3.932647723220312,-0.039564842384408126,-9.761908909768875,,,,,,,,,,
acc,1778675419.0,164.0,-3.878807925043052,-0.033525850138690354,-9.761268240118241,,,,,,,,,,
acc,1778675419.0,164.0,-3.825457376526927,-0.024063069682903532,-9.760242936187465,,,,,,,,,,
acc,1778675419.0,164.0,-3.7732660700672063,-0.010852633504238991,-9.75922694933472,,,,,,,,,,
acc,1778675419.0,164.0,-3.7215490331973258,0.0015278159000713387,-9.759959527576571,,,,,,,,,,
acc,1778675419.0,164.0,-3.6692725561163155,0.00999762967766194,-9.7593365722304,,,,,,,,,,
acc,1778675419.0,164.0,-3.6160867516737283,0.015586240913896224,-9.760387621727519,,,,,,,,,,
acc,1778675419.0,164.0,-3.5626743213268495,0.017645402305920835,-9.762174547187273,,,,,,,,,,
acc,1778675419.0,164.0,-3.5101022279514047,0.019330880954091904,-9.762880340201484,,,,,,,,,,
acc,1778675419.0,164.0,-3.4576528935682176,0.021710976059889992,-9.765354546619385,,,,,,,,,,
acc,1778675419.0,164.0,-3.4074195152793125,0.0261637464564281,-9.769155146131414,,,,,,,,,,
acc,1778675419.0,164.0,-3.3562582437087216,0.03022108305443899,-9.774305579980771,,,,,,,,,,
acc,1778675419.0,164.0,-3.3059168434325477,0.03143731389903205,-9.780474105536166,,,,,,,,,,
acc,1778675419.0,164.0,-3.2570623115288426,0.030228730817233283,-9.786267109436675,,,,,,,,,,
acc,1778675419.0,164.0,-3.210036089306317,0.02903113029634884,-9.795841107737665,,,,,,,,,,
acc,1778675419.0,164.0,-3.165176542610895,0.030613145266187115,-9.802204402207007,,,,,,,,,,
acc,1778675419.0,164.0,-3.120369669933813,0.03672435310703859,-9.811598081773719,,,,,,,,,,
acc,1778675419.0,164.0,-3.075650496066071,0.045548760290411223,-9.819167057911331,,,,,,,,,,
acc,1778675419.0,164.0,-3.0316571589037165,0.05603232063952997,-9.825673348032481,,,,,,,,,,
acc,1778675419.0,164.0,-2.9870341952072317,0.06606564457126628,-9.833078925927188,,,,,,,,,,
acc,1778675419.0,164.0,-2.9449110209829565,0.07114475803418392,-9.839068340854253,,,,,,,,,,
acc,1778675419.0,164.0,-2.9031706258441585,0.07198910980826934,-9.847807556232695,,,,,,,,,,
acc,1778675419.0,164.0,-2.86251947314589,0.07005705611173989,-9.854018091841251,,,,,,,,,,
acc,1778675419.0,164.0,-2.824296523166313,0.06952693016167871,-9.863650856821334,,,,,,,,,,
acc,1778675419.0,164.0,-2.7874858138921783,0.07074095422109217,-9.872131193131697,,,,,,,,,,
acc,1778675419.0,164.0,-2.751009608602856,0.0751031442269827,-9.879860029183828,,,,,,,,,,
acc,1778675419.0,164.0,-2.7155392968016745,0.08322383627613576,-9.888583535733154,,,,,,,,,,
acc,1778675419.0,164.0,-2.6800718411952658,0.09059629620399683,-9.89509797267454,,,,,,,,,,
acc,1778675419.0,164.0,-2.644216750608415,0.09580745803056762,-9.90435743911987,,,,,,,,,,
acc,1778675419.0,164.0,-2.610426812849659,0.09436889635776623,-9.912503363470632,,,,,,,,,,
acc,1778675419.0,164.0,-2.576588967135397,0.09361784536724461,-9.919829837690866,,,,,,,,,,
acc,1778675419.0,164.0,-2.5427036397246794,0.09496792282306418,-9.922936631592801,,,,,,,,,,
acc,1778675419.0,164.0,-2.5091262329508655,0.10049432993706427,-9.929138897220968,,,,,,,,,,
acc,1778675419.0,164.0,-2.4755344812831326,0.1063254886891633,-9.931415671422835,,,,,,,,,,
acc,1778675419.0,164.0,-2.442567449902672,0.11036431712958576,-9.935127115892197,,,,,,,,,,
acc,1778675419.0,164.0,-2.4106099271107584,0.11436644417973967,-9.937704436099807,,,,,,,,,,
acc,1778675419.0,164.0,-2.3792977775903075,0.11623789980769737,-9.938554497521789,,,,,,,,,,
acc,1778675419.0,164.0,-2.3468857949765103,0.11564308394461431,-9.941810605274648,,,,,,,,,,
acc,1778675419.0,164.0,-2.313703441017737,0.11260440793919417,-9.939535144141544,,,,,,,,,,
acc,1778675419.0,164.0,-2.2804676579057714,0.11030327743526178,-9.938948704399145,,,,,,,,,,
acc,1778675419.0,164.0,-2.2472144255186084,0.11324106475381931,-9.93527938448517,,,,,,,,,,
acc,1778675419.0,164.0,-2.2145828372473644,0.11860142131039937,-9.93302777909494,,,,,,,,,,
acc,1778675419.0,164.0,-2.182602738486264,0.12600737111119487,-9.93182603440069,,,,,,,,,,
acc,1778675419.0,164.0,-2.151268218147538,0.13334602202620313,-9.928185944810016,,,,,,,,,,
acc,1778675419.0,164.0,-2.120218438910518,0.13887865292784016,-9.924578933214766,,,,,,,,,,
acc,1778675419.0,164.0,-2.089805784154227,0.14262166628156037,-9.920330260756435,,,,,,,,,,
acc,1778675419.0,164.0,-2.059314522519499,0.14281649754675352,-9.916084702209938,,,,,,,,,,
acc,1778675419.0,164.0,-2.0280709391308007,0.14474890012235814,-9.910528856177388,,,,,,,,,,
acc,1778675419.0,164.0,-1.9967562996265806,0.14598930441543084,-9.90257422247982,,,,,,,,,,
acc,1778675419.0,164.0,-1.9653712587906826,0.14686347521037477,-9.89540180626829,,,,,,,,,,
acc,1778675419.0,164.0,-1.9335614855090755,0.14772970229491472,-9.888294566790652,,,,,,,,,,
acc,1778675419.0,164.0,-1.9017213046045334,0.1482330869940157,-9.878802646461047,,,,,,,,,,
acc,1778675420.0,165.0,-1.8694605180876287,0.15292049536471886,-9.870390886206453,,,,,,,,,,
acc,1778675420.0,165.0,-1.8361085279595732,0.15685538506303934,-9.860032259040326,,,,,,,,,,
acc,1778675420.0,165.0,-1.8027046410983962,0.1590151761078442,-9.84973225869878,,,,,,,,,,
acc,1778675420.0,165.0,-1.7696042999574793,0.1611553408339805,-9.840945721147055,,,,,,,,,,
acc,1778675420.0,165.0,-1.737159717035677,0.16292109581502578,-9.830464201030445,,,,,,,,,,
acc,1778675420.0,165.0,-1.705009962507119,0.16885940313501624,-9.82043288970412,,,,,,,,,,
acc,1778675420.0,165.0,-1.673471824639151,0.17612811914685392,-9.811202676006557,,,,,,,,,,
acc,1778675420.0,165.0,-1.6411908781257247,0.18265634506107448,-9.801346396810802,,,,,,,,,,
acc,1778675420.0,165.0,-1.60884830215834,0.1891252480873534,-9.792325119062648,,,,,,,,,,
acc,1778675420.0,165.0,-1.5761251893587724,0.18996239839507534,-9.781575488419062,,,,,,,,,,
acc,1778675420.0,165.0,-1.542279570723608,0.1879877052262028,-9.769965129821745,,,,,,,,,,
acc,1778675420.0,165.0,-1.5090964827467668,0.18571148895255044,-9.758815247012581,,,,,,,,,,
acc,1778675420.0,165.0,-1.475859963199682,0.1831009951961771,-9.745991848595251,,,,,,,,,,
acc,1778675420.0,165.0,-1.4426060010694477,0.18225355603781654,-9.734314387300142,,,,,,,,,,
acc,1778675420.0,165.0,-1.4099736896863282,0.18350811213100315,-9.724482373385754,,,,,,,,,,
acc,1778675420.0,165.0,-1.3773184451972602,0.1861356388084494,-9.714384733475244,,,,,,,,,,
acc,1778675420.0,165.0,-1.3449599434120885,0.1883843270156454,-9.707822032299896,,,,,,,,,,
acc,1778675420.0,165.0,-1.312540526015521,0.19167747549097444,-9.698230758063882,,,,,,,,,,
acc,1778675420.0,165.0,-1.2790313374213336,0.19770944048907316,-9.692205306421181,,,,,,,,,,
acc,1778675420.0,165.0,-1.2461461188522762,0.20265719214288969,-9.684495276205656,,,,,,,,,,
acc,1778675420.0,165.0,-1.213559732793245,0.2068500411748154,-9.676535840682957,,,,,,,,,,
acc,1778675420.0,165.0,-1.181624434572673,0.21238916011839512,-9.67141746637635,,,,,,,,,,
acc,1778675420.0,165.0,-1.149304898530938,0.21613861164359288,-9.66286693807855,,,,,,,,,,
acc,1778675420.0,165.0,-1.1172790545641937,0.21811465870471208,-9.657837280612437,,,,,,,,,,
acc,1778675420.0,165.0,-1.0858637012656558,0.21623911293004472,-9.651433463068242,,,,,,,,,,
acc,1778675420.0,165.0,-1.055088794469602,0.2105469742741292,-9.644129426568208,,,,,,,,,,
acc,1778675420.0,165.0,-1.0239191052157024,0.20806575881592757,-9.641044875578423,,,,,,,,,,
acc,1778675420.0,165.0,-0.9926776974472054,0.20766589059954052,-9.636213518199533,,,,,,,,,,
acc,1778675420.0,165.0,-0.9620751464270618,0.2062402559930871,-9.63178103489111,,,,,,,,,,
acc,1778675420.0,165.0,-0.9313957232290841,0.2093711451826808,-9.630512533758848,,,,,,,,,,
acc,1778675420.0,165.0,-0.9009950881748033,0.21211862177756485,-9.626486817854635,,,,,,,,,,
acc,1778675420.0,165.0,-0.8708707078779625,0.21587053172186824,-9.623953043813309,,,,,,,,,,
acc,1778675420.0,165.0,-0.8410200719735342,0.21958834754380396,-9.624175541982149,,,,,,,,,,
acc,1778675420.0,165.0,-0.812470092956134,0.22153304637968269,-9.624041047418885,,,,,,,,,,
acc,1778675420.0,165.0,-0.7855639133509668,0.22484444437763,-9.626321545982057,,,,,,,,,,
acc,1778675420.0,165.0,-0.7571629012236512,0.22709634211118818,-9.627516417846058,,,,,,,,,,
acc,1778675420.0,165.0,-0.7293749438654492,0.22652354036358677,-9.630120297013,,,,,,,,,,
acc,1778675420.0,165.0,-0.7025494321367057,0.2256364763308075,-9.632700514371354,,,,,,,,,,
acc,1778675420.0,165.0,-0.6756127166667795,0.22788117676092257,-9.63632218843389,,,,,,,,,,
acc,1778675420.0,165.0,-0.650305149748179,0.23148985019729496,-9.64030141706597,,,,,,,,,,
acc,1778675420.0,165.0,-0.6245531179013161,0.23439129284703475,-9.644918924173602,,,,,,,,,,
acc,1778675420.0,165.0,-0.5986801365408834,0.23655643705378046,-9.64913950049764,,,,,,,,,,
acc,1778675420.0,165.0,-0.5726872956646293,0.24008627720513653,-9.65371218908389,,,,,,,,,,
acc,1778675420.0,165.0,-0.5465756935396182,0.24184470853126597,-9.658527298072842,,,,,,,,,,
acc,1778675420.0,165.0,-0.5207013711391311,0.24532649343141855,-9.664683022411479,,,,,,,,,,
acc,1778675420.0,165.0,-0.49612706667714485,0.24984154236733203,-9.673196570703949,,,,,,,,,,
acc,1778675420.0,165.0,-0.4717760723041049,0.2518662880289292,-9.68166825865768,,,,,,,,,,
acc,1778675420.0,165.0,-0.4486757679052078,0.2535176727744002,-9.688714086668012,,,,,,,,,,
acc,1778675420.0,165.0,-0.42507543743249815,0.25724834561436416,-9.699494030132845,,,,,,,,,,
acc,1778675420.0,165.0,-0.4027544699076043,0.26165505903764297,-9.706697349403552,,,,,,,,,,
acc,1778675420.0,165.0,-0.38166573613617183,0.2639274245069336,-9.715894011215202,,,,,,,,,,
acc,1778675420.0,165.0,-0.3614785712268443,0.2627004662278515,-9.723942198199792,,,,,,,,,,
acc,1778675420.0,165.0,-0.34182982072575374,0.26006479221952716,-9.729503488332254,,,,,,,,,,
acc,1778675420.0,165.0,-0.32200465026583736,0.2578080398044859,-9.739912772886761,,,,,,,,,,
acc,1778675420.0,165.0,-0.3027146047207416,0.2555717948094329,-9.746784295835644,,,,,,,,,,
acc,1778675420.0,165.0,-0.2853391831577061,0.2585738780126438,-9.757391509085961,,,,,,,,,,
acc,1778675420.0,165.0,-0.26847662530389216,0.26644721150369666,-9.768221809629356,,,,,,,,,,
acc,1778675420.0,165.0,-0.25034743456746184,0.2728291336609366,-9.777249855418491,,,,,,,,,,
acc,1778675420.0,165.0,-0.23380285155203442,0.2805729276807253,-9.786905794746271,,,,,,,,,,
acc,1778675420.0,165.0,-0.2177280788544683,0.2837027839199266,-9.79608352400309,,,,,,,,,,
acc,1778675420.0,165.0,-0.2025093124642118,0.28612976045032357,-9.805923280964185,,,,,,,,,,
acc,1778675420.0,165.0,-0.18813877373406312,0.28573045562163923,-9.815318660925225,,,,,,,,,,
acc,1778675420.0,165.0,-0.1745732512554035,0.28150113401996013,-9.8253385964087,,,,,,,,,,
acc,1778675420.0,165.0,-0.16010160050012923,0.2825282519781111,-9.835551452412144,,,,,,,,,,
acc,1778675420.0,165.0,-0.14611642648884315,0.28496590164200664,-9.845387529732987,,,,,,,,,,
acc,1778675420.0,165.0,-0.13225833767978723,0.287700876548373,-9.854779254404036,,,,,,,,,,
acc,1778675420.0,165.0,-0.11852617923222676,0.2914758927686046,-9.86192034291757,,,,,,,,,,
acc,1778675420.0,165.0,-0.10559323598660761,0.29624600494413306,-9.868322101102212,,,,,,,,,,
acc,1778675420.0,165.0,-0.09139345435631888,0.2982040377242184,-9.872926352946994,,,,,,,,,,
acc,1778675420.0,165.0,-0.07767766987069807,0.2984049358220316,-9.87748876532118,,,,,,,,,,
acc,1778675420.0,165.0,-0.06408652260758686,0.298604008331163,-9.882364680199254,,,,,,,,,,
acc,1778675420.0,165.0,-0.04990894733734255,0.3008955753831816,-9.885456954285731,,,,,,,,,,
acc,1778675420.0,165.0,-0.035860205646063306,0.30629002223957225,-9.887882193624664,,,,,,,,,,
acc,1778675420.0,165.0,-0.022294097665861105,0.309541145472285,-9.891598767580911,,,,,,,,,,
acc,1778675420.0,165.0,-0.008496295916563227,0.3127627253004493,-9.893968195416603,,,,,,,,,,
acc,1778675420.0,165.0,0.006560494216208726,0.31350576487341497,-9.894860732307256,,,,,,,,,,
acc,1778675420.0,165.0,0.022545355630961446,0.3111183487537009,-9.895035216871095,,,,,,,,,,
acc,1778675420.0,165.0,0.03767502777462857,0.3097820274606176,-9.895243619316728,,,,,,,,,,
acc,1778675420.0,165.0,0.05195728186989066,0.30916779122432897,-9.894385224486019,,,,,,,,,,
acc,1778675420.0,165.0,0.0661097511552906,0.3116828402270553,-9.892540724319703,,,,,,,,,,
acc,1778675420.0,165.0,0.08084354763730192,0.3159143673147262,-9.89035802360697,,,,,,,,,,
acc,1778675420.0,165.0,0.09718278876319289,0.32046240370644885,-9.8895440248573,,,,,,,,,,
acc,1778675420.0,165.0,0.11408348558882642,0.32777334764135146,-9.887388555565275,,,,,,,,,,
acc,1778675420.0,165.0,0.13083060345490588,0.33327852334028996,-9.886246579007196,,,,,,,,,,
acc,1778675420.0,165.0,0.14809997622870116,0.3383787018889161,-9.883020676205192,,,,,,,,,,
acc,1778675420.0,165.0,0.16521241983382937,0.34378750527327806,-9.878404222358148,,,,,,,,,,
acc,1778675420.0,165.0,0.181494922033145,0.3480822546217927,-9.873581240169276,,,,,,,,,,
acc,1778675420.0,165.0,0.1972745011191663,0.35095360608337867,-9.868447123310313,,,,,,,,,,
acc,1778675420.0,165.0,0.21326565077037654,0.35344390340535603,-9.865737928386942,,,,,,,,,,
acc,1778675420.0,165.0,0.22943096314313385,0.35591157105261456,-9.862343428744047,,,,,,,,,,
acc,1778675420.0,165.0,0.24580434086958192,0.3548781493009534,-9.856246527930523,,,,,,,,,,
acc,1778675420.0,165.0,0.2620289314577525,0.3534991475344854,-9.852228336229528,,,,,,,,,,
acc,1778675420.0,165.0,0.27810608695686184,0.3542269804891468,-9.846578323515276,,,,,,,,,,
acc,1778675420.0,165.0,0.29542151803800676,0.3580719031152363,-9.843357929840433,,,,,,,,,,
acc,1778675420.0,165.0,0.3122601339987771,0.36433115171552466,-9.836723620236029,,,,,,,,,,
acc,1778675420.0,165.0,0.3285907642767826,0.3691491507536465,-9.832882835885869,,,,,,,,,,
acc,1778675420.0,165.0,0.3444180250078805,0.3707996643812764,-9.829112456719091,,,,,,,,,,
acc,1778675420.0,165.0,0.36081140296221204,0.3692759816146374,-9.82367250118538,,,,,,,,,,
acc,1778675420.0,165.0,0.3770558120334425,0.36883103917060445,-9.819630846737853,,,,,,,,,,
acc,1778675420.0,165.0,0.3924426642011649,0.3704844435219961,-9.813567119265786,,,,,,,,,,
acc,1778675420.0,165.0,0.40666029387667185,0.3738621649290619,-9.81032722644946,,,,,,,,,,
acc,1778675420.0,165.0,0.42039376421987956,0.37894852519811245,-9.806761813211896,,,,,,,,,,
acc,1778675420.0,165.0,0.4346768749008688,0.3825687997428759,-9.803903237649545,,,,,,,,,,
acc,1778675420.0,165.0,0.4491851547615316,0.3826775019039929,-9.7997572561687,,,,,,,,,,
acc,1778675420.0,165.0,0.4639165576585228,0.3806909127314461,-9.79593292284615,,,,,,,,,,
acc,1778675420.0,165.0,0.47851409426864067,0.3773380141473019,-9.790794474306097,,,,,,,,,,
acc,1778675420.0,165.0,0.4919495810057199,0.3736606129537585,-9.786057681329016,,,,,,,,,,
acc,1778675420.0,165.0,0.5055824541252032,0.3721109323534507,-9.782677305343208,,,,,,,,,,
acc,1778675420.0,165.0,0.5177070725410574,0.3716402283216393,-9.77797877983844,,,,,,,,,,
acc,1778675420.0,165.0,0.5290470746055085,0.37429750523188876,-9.77538175966423,,,,,,,,,,
acc,1778675420.0,165.0,0.5402840285095019,0.3793799095036368,-9.773163300743436,,,,,,,,,,
acc,1778675420.0,165.0,0.5514188706658631,0.38406115840725996,-9.769296657302636,,,,,,,,,,
acc,1778675420.0,165.0,0.5624525289781056,0.38589564106837987,-9.768943825033558,,,,,,,,,,
acc,1778675420.0,165.0,0.5747702938258824,0.38703901525881573,-9.765115524549623,,,,,,,,,,
acc,1778675420.0,165.0,0.5866211545875568,0.38469332500024767,-9.762990356321138,,,,,,,,,,
acc,1778675420.0,165.0,0.5993937340801234,0.3833983594867821,-9.762943299884109,,,,,,,,,,
acc,1778675420.0,165.0,0.6131151417913181,0.3810857523685906,-9.758814565225133,,,,,,,,,,
acc,1778675420.0,165.0,0.6256469667735242,0.3780842275957437,-9.758202014309731,,,,,,,,,,
acc,1778675420.0,165.0,0.636325571567583,0.37649434899998985,-9.755784708327456,,,,,,,,,,
acc,1778675420.0,165.0,0.6465876709957411,0.3756288504840074,-9.754809234005583,,,,,,,,,,
acc,1778675420.0,165.0,0.6567565173131428,0.3765105495537977,-9.751393349550487,,,,,,,,,,
acc,1778675420.0,165.0,0.6678623579711926,0.37773920736329586,-9.751203207104515,,,,,,,,,,
acc,1778675420.0,165.0,0.6795772109597535,0.379986100237618,-9.748884994607076,,,,,,,,,,
acc,1778675420.0,165.0,0.6901207150584272,0.38082820437883586,-9.745238971477649,,,,,,,,,,
acc,1778675420.0,165.0,0.7009233706567908,0.38201762706433007,-9.7447497838522,,,,,,,,,,
acc,1778675420.0,165.0,0.7116278610360366,0.3828412704415005,-9.742454720140676,,,,,,,,,,
acc,1778675420.0,165.0,0.7229450108710487,0.38120816394229257,-9.741280900756541,,,,,,,,,,
acc,1778675421.0,166.0,0.7348337584810631,0.3799448685673256,-9.739372321036868,,,,,,,,,,
acc,1778675421.0,166.0,0.7466144714042783,0.3779831112102502,-9.734747846474761,,,,,,,,,,
acc,1778675421.0,166.0,0.7589980640007897,0.37777852238114196,-9.73325359529249,,,,,,,,,,
acc,1778675421.0,166.0,0.7716240960465398,0.3782857253129173,-9.729998095535018,,,,,,,,,,
acc,1778675421.0,166.0,0.7827155283322512,0.37807838658778364,-9.728937471214147,,,,,,,,,,
acc,1778675421.0,166.0,0.7919668294766209,0.3754591610225378,-9.729945294114765,,,,,,,,,,
acc,1778675421.0,166.0,0.8021989662680382,0.37041446231799685,-9.73019852270882,,,,,,,,,,
acc,1778675421.0,166.0,0.8130125604974078,0.36648050897991347,-9.730449450179767,,,,,,,,,,
acc,1778675421.0,166.0,0.8244378136536936,0.36290177143110364,-9.730059162611182,,,,,,,,,,
acc,1778675421.0,166.0,0.8367886530957906,0.3610948870448061,-9.728962489005465,,,,,,,,,,
acc,1778675421.0,166.0,0.8479978496242954,0.3631380673765937,-9.725781477481695,,,,,,,,,,
acc,1778675421.0,166.0,0.8598151283614188,0.36832187899692004,-9.72646300847141,,,,,,,,,,
acc,1778675421.0,166.0,0.8708150801380794,0.3723936811125664,-9.723020737017865,,,,,,,,,,
acc,1778675421.0,166.0,0.8824250155592348,0.3733047786119633,-9.722023516914732,,,,,,,,,,
acc,1778675421.0,166.0,0.8928645464037549,0.3721133023879151,-9.722348731789154,,,,,,,,,,
acc,1778675421.0,166.0,0.903919144427821,0.3681639114561666,-9.721002656516639,,,,,,,,,,
acc,1778675421.0,166.0,0.9141633551632353,0.36251107650215203,-9.7203432514896,,,,,,,,,,
acc,1778675421.0,166.0,0.9253793788395026,0.35655463877727117,-9.720435265560786,,,,,,,,,,
acc,1778675421.0,166.0,0.9375228810115411,0.3492679662013126,-9.719816510853418,,,,,,,,,,
acc,1778675421.0,166.0,0.9488461008729768,0.34343187044351803,-9.719167884495372,,,,,,,,,,
acc,1778675421.0,166.0,0.9583270923945935,0.336583913684141,-9.720583952389445,,,,,,,,,,
acc,1778675421.0,166.0,0.967721928840573,0.3312180505189381,-9.721632190506112,,,,,,,,,,
acc,1778675421.0,166.0,0.9773863548873915,0.3311189457359414,-9.722315932278077,,,,,,,,,,
acc,1778675421.0,166.0,0.987672891597796,0.32892644707676383,-9.723383926014892,,,,,,,,,,
acc,1778675421.0,166.0,0.9975109822719205,0.32778327200238117,-9.723412805610863,,,,,,,,,,
acc,1778675421.0,166.0,1.0055203401796782,0.32803485602544646,-9.724435337548728,,,,,,,,,,
acc,1778675421.0,166.0,1.0131019541756763,0.32863911564328585,-9.724774139323957,,,,,,,,,,
acc,1778675421.0,166.0,1.020969634774625,0.33133218781289053,-9.72581979499481,,,,,,,,,,
acc,1778675421.0,166.0,1.0291207915370457,0.3315515223492453,-9.726820454288665,,,,,,,,,,
acc,1778675421.0,166.0,1.036842906754849,0.3352830325726199,-9.72713758217961,,,,,,,,,,
acc,1778675421.0,166.0,1.0455242591828873,0.33930010146222983,-9.727416324838684,,,,,,,,,,
acc,1778675421.0,166.0,1.0548366465127317,0.33912755396928884,-9.729112399792855,,,,,,,,,,
acc,1778675421.0,166.0,1.0640644108964494,0.33824665089230194,-9.729089223958708,,,,,,,,,,
acc,1778675421.0,166.0,1.0721789212668695,0.33286567820511426,-9.731160562268684,,,,,,,,,,
acc,1778675421.0,166.0,1.0798647321906214,0.3289179740658907,-9.73214818363473,,,,,,,,,,
acc,1778675421.0,166.0,1.0871257302314776,0.32429620153668853,-9.73138749766786,,,,,,,,,,
acc,1778675421.0,166.0,1.0943207465831846,0.319716427690949,-9.733757427748793,,,,,,,,,,
acc,1778675421.0,166.0,1.101805351691014,0.31691761264953905,-9.735040918454114,,,,,,,,,,
acc,1778675421.0,166.0,1.1092219431614825,0.3162385343679759,-9.736348240262556,,,,,,,,,,
acc,1778675421.0,166.0,1.116571139043879,0.31868933055393744,-9.737643682257685,,,,,,,,,,
acc,1778675421.0,166.0,1.1242085135446322,0.3204434177433471,-9.739246819806525,,,,,,,,,,
acc,1778675421.0,166.0,1.1324509244456096,0.3249502980299857,-9.739451027602707,,,,,,,,,,
acc,1778675421.0,166.0,1.1413283680576354,0.32874179448783286,-9.739369406680918,,,,,,,,,,
acc,1778675421.0,166.0,1.1501251411169973,0.33352823714275476,-9.739891967926813,,,,,,,,,,
acc,1778675421.0,166.0,1.1574576057800063,0.33408257764985666,-9.73977083667252,,,,,,,,,,
acc,1778675421.0,166.0,1.1643684775533911,0.33395744251433224,-9.739686309601671,,,,,,,,,,
acc,1778675421.0,166.0,1.1712165492832372,0.3359277480411406,-9.738537647145368,,,,,,,,,,
acc,1778675421.0,166.0,1.1783573534156262,0.33578584558816227,-9.738464326237581,,,,,,,,,,
acc,1778675421.0,166.0,1.1850783063040273,0.3356452326223163,-9.736971806338955,,,,,,,,,,
acc,1778675421.0,166.0,1.190673281473364,0.3361803356999523,-9.73893602017737,,,,,,,,,,
acc,1778675421.0,166.0,1.1962174143328224,0.3360361379481332,-9.739462519666105,,,,,,,,,,
acc,1778675421.0,166.0,1.2034505086621585,0.33621272704180216,-9.741084632635983,,,,,,,,,,
acc,1778675421.0,166.0,1.2106178748672152,0.33709764408007065,-9.74063319605971,,,,,,,,,,
acc,1778675421.0,166.0,1.2184300337753842,0.33832948152878306,-9.73979540561642,,,,,,,,,,
acc,1778675421.0,166.0,1.2265261733802748,0.3399050959615311,-9.73900072265018,,,,,,,,,,
acc,1778675421.0,166.0,1.2341937713890372,0.34004652730091733,-9.736757901449556,,,,,,,,,,
acc,1778675421.0,166.0,1.2414367311053098,0.3412515678416951,-9.738404591657636,,,,,,,,,,
acc,1778675421.0,166.0,1.2475844730016397,0.3428006288737011,-9.738580949449942,,,,,,,,,,
acc,1778675421.0,166.0,1.2529664168867063,0.34642991691690034,-9.739501140735767,,,,,,,,,,
acc,1778675421.0,166.0,1.2582994543065125,0.3517655578013876,-9.740022504896162,,,,,,,,,,
acc,1778675421.0,166.0,1.2646489240882925,0.3559878094877702,-9.741958996616656,,,,,,,,,,
acc,1778675421.0,166.0,1.2712601718644043,0.36123659648619644,-9.74075418758055,,,,,,,,,,
acc,1778675421.0,166.0,1.276781933186833,0.3639884126316341,-9.742364562986205,,,,,,,,,,
acc,1778675421.0,166.0,1.2832829266383639,0.36149722460015576,-9.741546533733136,,,,,,,,,,
acc,1778675421.0,166.0,1.2907897390745624,0.35970310352435253,-9.740700443664627,,,,,,,,,,
acc,1778675421.0,166.0,1.2975184034383374,0.3614394546839865,-9.740252498266445,,,,,,,,,,
acc,1778675421.0,166.0,1.3052508269969845,0.36557379833715076,-9.73767882550775,,,,,,,,,,
acc,1778675421.0,166.0,1.3125580140973054,0.37247480881630673,-9.738252243657499,,,,,,,,,,
acc,1778675421.0,166.0,1.3187339053746845,0.37721880532074403,-9.736761650982487,,,,,,,,,,
acc,1778675421.0,166.0,1.3248536754775107,0.37844102711253574,-9.737698374484031,,,,,,,,,,
acc,1778675421.0,166.0,1.3309178343866257,0.37684790623045633,-9.737277709301924,,,,,,,,,,
acc,1778675421.0,166.0,1.3383467527166286,0.3735299295756858,-9.73781927808996,,,,,,,,,,
acc,1778675421.0,166.0,1.3457081634426902,0.3719814365132575,-9.73800095470726,,,,,,,,,,
acc,1778675421.0,166.0,1.3530026800157042,0.3732512509966685,-9.739991310892634,,,,,,,,,,
acc,1778675421.0,166.0,1.359166006817466,0.37518396477509103,-9.739549809481609,,,,,,,,,,
acc,1778675421.0,166.0,1.3659832592538064,0.37642467744314934,-9.739751263968888,,,,,,,,,,
acc,1778675421.0,166.0,1.3730935332389915,0.3780090773577645,-9.740625326085592,,,,,,,,,,
acc,1778675421.0,166.0,1.3797842243247045,0.37851418520471125,-9.739432636297268,,,,,,,,,,
acc,1778675421.0,166.0,1.3860591453185358,0.38146396838264596,-9.739315679052751,,,,,,,,,,
acc,1778675421.0,166.0,1.392277045241143,0.38612627915615516,-9.738844822841385,,,,,,,,,,
acc,1778675421.0,166.0,1.398438442250853,0.3917756229171252,-9.740117578046798,,,,,,,,,,
acc,1778675421.0,166.0,1.4041888880239795,0.3984385338079232,-9.739674929228755,,,,,,,,,,
acc,1778675421.0,166.0,1.4102420404778775,0.4067802305914137,-9.741259608556629,,,,,,,,,,
acc,1778675421.0,166.0,1.4162401871018147,0.41572056350154746,-9.742474925911779,,,,,,,,,,
acc,1778675421.0,166.0,1.4225387986019173,0.42493462523587966,-9.744424626504681,,,,,,,,,,
acc,1778675421.0,166.0,1.4291351446124771,0.4337099866617395,-9.745291715492344,,,,,,,,,,
acc,1778675421.0,166.0,1.4353165778578463,0.43754256889862997,-9.748990655659009,,,,,,,,,,
acc,1778675421.0,166.0,1.4424712396155674,0.44031092388539694,-9.751591079552393,,,,,,,,,,
acc,1778675421.0,166.0,1.4488864567896322,0.43712618268337927,-9.75168311336027,,,,,,,,,,
acc,1778675421.0,166.0,1.4548884071411878,0.4304917072130305,-9.754933508793824,,,,,,,,,,
acc,1778675421.0,166.0,1.460835816943338,0.4273961945851717,-9.75499516948688,,,,,,,,,,
acc,1778675421.0,166.0,1.4653448109054608,0.42709754403593486,-9.756121164268174,,,,,,,,,,
acc,1778675421.0,166.0,1.4683929657504706,0.42925087268092016,-9.75901176310842,,,,,,,,,,
acc,1778675421.0,166.0,1.4717683924532001,0.43000027191099455,-9.762195562092446,,,,,,,,,,
acc,1778675421.0,166.0,1.4740837370539652,0.4307428612470614,-9.762865669781176,,,,,,,,,,
acc,1778675421.0,166.0,1.477052480073579,0.4318336643450019,-9.765694980371002,,,,,,,,,,
acc,1778675421.0,166.0,1.4820885492586475,0.43113972812351353,-9.767078715357838,,,,,,,,,,
acc,1778675421.0,166.0,1.4860494549419563,0.432226924837493,-9.767349478299787,,,,,,,,,,
acc,1778675421.0,166.0,1.4899743673298431,0.4357180130008444,-9.769747578683624,,,,,,,,,,
acc,1778675421.0,166.0,1.4931536808643302,0.43988730979928936,-9.771094487151489,,,,,,,,,,
acc,1778675421.0,166.0,1.4959491326783148,0.44575806139222945,-9.77310359435071,,,,,,,,,,
acc,1778675421.0,166.0,1.499074152697263,0.45193042643038805,-9.776798282837753,,,,,,,,,,
acc,1778675421.0,166.0,1.5025257370023724,0.4566268370693946,-9.779465482406945,,,,,,,,,,
acc,1778675421.0,166.0,1.5055909945121284,0.4585118289619474,-9.782853880847401,,,,,,,,,,
acc,1778675421.0,166.0,1.5089833593781965,0.4575754645845928,-9.785821023224106,,,,,,,,,,
acc,1778675421.0,166.0,1.5126998682181199,0.4563281325786291,-9.789435641043505,,,,,,,,,,
acc,1778675421.0,166.0,1.5167375664038307,0.4536722699823598,-9.792981917973076,,,,,,,,,,
acc,1778675421.0,166.0,1.521058049970733,0.44898174148019515,-9.795537558068112,,,,,,,,,,
acc,1778675421.0,166.0,1.5253392727084656,0.4453632365040179,-9.800448251305372,,,,,,,,,,
acc,1778675421.0,166.0,1.5292621148849326,0.44490131697052765,-9.80041578067867,,,,,,,,,,
acc,1778675421.0,166.0,1.5341787097018367,0.4451535275974618,-9.801093537751033,,,,,,,,,,
acc,1778675421.0,166.0,1.539050626744549,0.44749774989381,-9.801800630311458,,,,,,,,,,
acc,1778675421.0,166.0,1.5438782720061561,0.4487557755118696,-9.800761964742868,,,,,,,,,,
acc,1778675421.0,166.0,1.5479521242435579,0.4493279310037944,-9.799413270257821,,,,,,,,,,
acc,1778675421.0,166.0,1.5519889568246463,0.4505693255140635,-9.799745175507002,,,,,,,,,,
acc,1778675421.0,166.0,1.5553146678780425,0.45286433370890483,-9.80046452082083,,,,,,,,,,
acc,1778675421.0,166.0,1.5582551868765213,0.4561678868957519,-9.80114183498481,,,,,,,,,,
acc,1778675421.0,166.0,1.5611689849739063,0.4577020875583,-9.800464117753517,,,,,,,,,,
acc,1778675421.0,166.0,1.5644112758472795,0.45854790845405063,-9.800112035532694,,,,,,,,,,
acc,1778675421.0,166.0,1.567624103576973,0.45658181616985305,-9.799763152731499,,,,,,,,,,
acc,1778675421.0,166.0,1.571162697672067,0.4536041809023354,-9.799133467222761,,,,,,,,,,
acc,1778675421.0,166.0,1.574314174301864,0.4502986420431237,-9.798757973359509,,,,,,,,,,
acc,1778675421.0,166.0,1.5770820421689458,0.4463132084367392,-9.798776356881193,,,,,,,,,,
acc,1778675421.0,166.0,1.5794697962661053,0.4437483528353573,-9.799149544209858,,,,,,,,,,
acc,1778675421.0,166.0,1.5818358525129534,0.4415617752906189,-9.799519340333873,,,,,,,,,,
acc,1778675421.0,166.0,1.5838254372202705,0.43975003833772863,-9.799140339988519,,,,,,,,,,
acc,1778675421.0,166.0,1.5872168075653754,0.43830972666146933,-9.79951021975256,,,,,,,,,,
acc,1778675421.0,166.0,1.589867427427101,0.4365275415223292,-9.79916680573424,,,,,,,,,,
acc,1778675421.0,166.0,1.592493960741112,0.4368558457999582,-9.799500950640489,,,,,,,,,,
acc,1778675422.0,167.0,1.5947416646117485,0.43544183404986436,-9.798838144351208,,,,,,,,,,
acc,1778675422.0,167.0,1.598033837695215,0.43368570984583876,-9.798181361073956,,,,,,,,,,
acc,1778675422.0,167.0,1.602325494396019,0.4326554673311724,-9.797211078663274,,,,,,,,,,
acc,1778675422.0,167.0,1.6065781522213558,0.43230902504621066,-9.794474786301025,,,,,,,,,,
acc,1778675422.0,167.0,1.6097627655118478,0.43303063442458617,-9.793538186045756,,,,,,,,,,
acc,1778675422.0,167.0,1.612563478009363,0.4341006482125997,-9.791190231537973,,,,,,,,,,
acc,1778675422.0,167.0,1.615338740046712,0.4358353769120578,-9.789928516710734,,,,,,,,,,
acc,1778675422.0,167.0,1.6187632211698253,0.43652494184539564,-9.785874031083765,,,,,,,,,,
acc,1778675422.0,167.0,1.6225115453348051,0.4351139370651077,-9.782850294813667,,,,,,,,,,
acc,1778675422.0,167.0,1.6258708461884601,0.4323313833714721,-9.779889530011385,,,,,,,,,,
acc,1778675422.0,167.0,1.6291996206126307,0.4288641824924413,-9.776565204866115,,,,,,,,,,
acc,1778675422.0,167.0,1.6324981460051855,0.42507352677184906,-9.77469095358927,,,,,,,,,,
acc,1778675422.0,167.0,1.6361216590166765,0.4227016790827867,-9.772478772118454,,,,,,,,,,
acc,1778675422.0,167.0,1.6400672064398547,0.4220907264689914,-9.769221789550732,,,,,,,,,,
acc,1778675422.0,167.0,1.6429475000827067,0.42326015270719014,-9.76638486885263,,,,,,,,,,
acc,1778675422.0,167.0,1.646476058374659,0.42441895220811443,-9.762579821955985,,,,,,,,,,
acc,1778675422.0,167.0,1.6499725521714756,0.42588669803904694,-9.761187628640219,,,,,,,,,,
acc,1778675422.0,167.0,1.653082311074204,0.42666666798738917,-9.758068753695301,,,,,,,,,,
acc,1778675422.0,167.0,1.6565187729429574,0.42396087579118164,-9.75604311480397,,,,,,,,,,
acc,1778675422.0,167.0,1.659924007209456,0.4191853770463155,-9.753645427038855,,,,,,,,,,
acc,1778675422.0,167.0,1.663298297643222,0.41512770310315905,-9.750204623898076,,,,,,,,,,
acc,1778675422.0,167.0,1.6666419254351248,0.41320120534404037,-9.747505020443299,,,,,,,,,,
acc,1778675422.0,167.0,1.6699551692208137,0.4137414792509152,-9.744155510382798,,,,,,,,,,
acc,1778675422.0,167.0,1.6732383051039377,0.413211949206949,-9.741546370415506,,,,,,,,,,
acc,1778675422.0,167.0,1.6761366449057176,0.4113028601673139,-9.739280416563073,,,,,,,,,,
acc,1778675422.0,167.0,1.6790086470945729,0.41079549019079553,-9.73636061547126,,,,,,,,,,
acc,1778675422.0,167.0,1.6829194454114647,0.4120675577965811,-9.731763508692445,,,,,,,,,,
acc,1778675422.0,167.0,1.686794705765474,0.41297310417541383,-9.729621947411655,,,,,,,,,,
acc,1778675422.0,167.0,1.69027978023439,0.4145448600036878,-9.725441037610953,,,,,,,,,,
acc,1778675422.0,167.0,1.6937331853516588,0.41578285656963787,-9.723001958635008,,,,,,,,,,
acc,1778675422.0,167.0,1.6975101797616137,0.41732907979095957,-9.71920068208465,,,,,,,,,,
acc,1778675422.0,167.0,1.7016078229637888,0.41854177576827295,-9.717492748352859,,,,,,,,,,
acc,1778675422.0,167.0,1.705313259457304,0.41867855740278853,-9.716510267484106,,,,,,,,,,
acc,1778675422.0,167.0,1.7089850241391071,0.41742972517565174,-9.713406916652282,,,,,,,,,,
acc,1778675422.0,167.0,1.7132978612636818,0.41583727948551047,-9.711396669891428,,,,,,,,,,
acc,1778675422.0,167.0,1.718281439677371,0.4159986372501981,-9.709795146653084,,,,,,,,,,
acc,1778675422.0,167.0,1.7228647607671261,0.415803557874083,-9.706149376581903,,,,,,,,,,
acc,1778675422.0,167.0,1.7270514708135094,0.4145808511635951,-9.70526997449459,,,,,,,,,,
acc,1778675422.0,167.0,1.7319100682831363,0.4109199900418233,-9.702268765753121,,,,,,,,,,
acc,1778675422.0,167.0,1.7374344476424626,0.4062629956216927,-9.701815092531318,,,,,,,,,,
acc,1778675422.0,167.0,1.7421986935717497,0.40267771999872637,-9.699200240551477,,,,,,,,,,
acc,1778675422.0,167.0,1.7469196461421677,0.3998349569031026,-9.698738957080847,,,,,,,,,,
acc,1778675422.0,167.0,1.7515976987664306,0.3973729881606566,-9.696152058367476,,,,,,,,,,
acc,1778675422.0,167.0,1.7569431739162666,0.394933391667224,-9.694653570653552,,,,,,,,,,
acc,1778675422.0,167.0,1.762559541410782,0.39528470593930193,-9.692458767269839,,,,,,,,,,
acc,1778675422.0,167.0,1.7674504339263215,0.39527785690963463,-9.692449200628676,,,,,,,,,,
acc,1778675422.0,167.0,1.7722968822280214,0.3987497445682571,-9.690984361292964,,,,,,,,,,
acc,1778675422.0,167.0,1.776744328413138,0.40116067357092694,-9.690633231008524,,,,,,,,,,
acc,1778675422.0,167.0,1.7811513600422886,0.40181036144818955,-9.690640253266771,,,,,,,,,,
acc,1778675422.0,167.0,1.7848084117341003,0.40000488020669217,-9.690647211712792,,,,,,,,,,
acc,1778675422.0,167.0,1.7887871930669923,0.3996001765299811,-9.691009077787028,,,,,,,,,,
acc,1778675422.0,167.0,1.7923748568925373,0.398524712177221,-9.691367655534412,,,,,,,,,,
acc,1778675422.0,167.0,1.7956104517093034,0.3953647171750309,-9.691971444442975,,,,,,,,,,
acc,1778675422.0,167.0,1.7984616733698053,0.3922334374826055,-9.692569746638576,,,,,,,,,,
acc,1778675422.0,167.0,1.8012869855864213,0.38636187943090344,-9.693553077200217,,,,,,,,,,
acc,1778675422.0,167.0,1.804086623801836,0.38054367703582076,-9.694527472101626,,,,,,,,,,
acc,1778675422.0,167.0,1.8068608213192343,0.3744233745865844,-9.695493012542377,,,,,,,,,,
acc,1778675422.0,167.0,1.8099647801823158,0.37251179180573274,-9.697834149892275,,,,,,,,,,
acc,1778675422.0,167.0,1.8130405329437458,0.3702981124273452,-9.698414680323125,,,,,,,,,,
acc,1778675422.0,167.0,1.8167627651032097,0.37016335824052204,-9.700374297214967,,,,,,,,,,
acc,1778675422.0,167.0,1.8194217727789035,0.37109472299099705,-9.702351610245298,,,,,,,,,,
acc,1778675422.0,167.0,1.8224115885462355,0.3727275569357304,-9.704630422573336,,,,,,,,,,
acc,1778675422.0,167.0,1.824309331951364,0.37501999136763475,-9.706533556159348,,,,,,,,,,
acc,1778675422.0,167.0,1.8261898303008215,0.3762621940846243,-9.709519793562873,,,,,,,,,,
acc,1778675422.0,167.0,1.8276982785293685,0.3767831761004451,-9.712088438482509,,,,,,,,,,
acc,1778675422.0,167.0,1.829193019281126,0.37694445302036755,-9.713213876504,,,,,,,,,,
acc,1778675422.0,167.0,1.8299997388437308,0.3809379006183574,-9.717168818051237,,,,,,,,,,
acc,1778675422.0,167.0,1.8314735659086654,0.38248128825243455,-9.718958013510811,,,,,,,,,,
acc,1778675422.0,167.0,1.8336439236509638,0.3833007182765236,-9.722186319019917,,,,,,,,,,
acc,1778675422.0,167.0,1.8365045007747132,0.38166343671158887,-9.723574957983768,,,,,,,,,,
acc,1778675422.0,167.0,1.840013512627149,0.37901163330218474,-9.725305939967553,,,,,,,,,,
acc,1778675422.0,167.0,1.8428162084186819,0.3770583563825111,-9.728476560994741,,,,,,,,,,
acc,1778675422.0,167.0,1.844883494006436,0.3748033617456831,-9.731227904931522,,,,,,,,,,
acc,1778675422.0,167.0,1.8469319938853574,0.37288832596918686,-9.733279808752954,,,,,,,,,,
acc,1778675422.0,167.0,1.849671820484916,0.3717006341076682,-9.735987504915874,,,,,,,,,,
acc,1778675422.0,167.0,1.8523867499028484,0.3705237349656585,-9.736895768829418,,,,,,,,,,
acc,1778675422.0,167.0,1.8553964757967922,0.36900255960765593,-9.738860673631143,,,,,,,,,,
acc,1778675422.0,167.0,1.8577044136229595,0.37168380537670515,-9.740452752211763,,,,,,,,,,
acc,1778675422.0,167.0,1.858926484492817,0.3733112862486737,-9.742030363355067,,,,,,,,,,
acc,1778675422.0,167.0,1.8598179737357252,0.375243454478487,-9.744694036383148,,,,,,,,,,
acc,1778675422.0,167.0,1.8599914292591022,0.3782229592369515,-9.748398407742178,,,,,,,,,,
acc,1778675422.0,167.0,1.8601633085682507,0.3804654561913433,-9.751004213473937,,,,,,,,,,
acc,1778675422.0,167.0,1.8610435586204557,0.38304253704052005,-9.753231378116716,,,,,,,,,,
acc,1778675422.0,167.0,1.8622352862198697,0.3842118377801525,-9.755438304207672,,,,,,,,,,
acc,1778675422.0,167.0,1.8630967079258114,0.38292124760738666,-9.755495377755285,,,,,,,,,,
acc,1778675422.0,167.0,1.8649797018216088,0.3840916505208014,-9.75764623620982,,,,,,,,,,
acc,1778675422.0,167.0,1.8664906229191223,0.38560637959519517,-9.757044302061088,,,,,,,,,,
acc,1778675422.0,167.0,1.86763285229511,0.3860424497104439,-9.758471143506,,,,,,,,,,
acc,1778675422.0,167.0,1.8673803311673538,0.38509018628839986,-9.759920522493259,,,,,,,,,,
acc,1778675422.0,167.0,1.8678400373678705,0.3813423400390933,-9.761001759913485,,,,,,,,,,
acc,1778675422.0,167.0,1.8696799279757987,0.37869345447937236,-9.763102581115037,,,,,,,,,,
acc,1778675422.0,167.0,1.8715030992443917,0.3764236014809603,-9.763444970096339,,,,,,,,,,
acc,1778675422.0,167.0,1.874019644825735,0.37694311676554226,-9.765168618649918,,,,,,,,,,
acc,1778675422.0,167.0,1.8782526548923513,0.37955220559816116,-9.765456738903701,,,,,,,,,,
acc,1778675422.0,167.0,1.883121628200497,0.38423188882335746,-9.76751707709765,,,,,,,,,,
acc,1778675422.0,167.0,1.8886562981988062,0.38815911448861334,-9.769594187074608,,,,,,,,,,
acc,1778675422.0,167.0,1.894140673888632,0.3875425784156686,-9.770942489433144,,,,,,,,,,
acc,1778675422.0,167.0,1.9009595741222458,0.3851923122093876,-9.772278539582468,,,,,,,,,,
acc,1778675422.0,167.0,1.908426442704379,0.3873714776935321,-9.771863107091415,,,,,,,,,,
acc,1778675422.0,167.0,1.9172098297315057,0.3902407734348266,-9.770741526145747,,,,,,,,,,
acc,1778675422.0,167.0,1.9276527335926477,0.39308399549057405,-9.768920195439446,,,,,,,,,,
acc,1778675422.0,167.0,1.9380007413482556,0.3934521154803992,-9.767505880636586,,,,,,,,,,
acc,1778675422.0,167.0,1.948964647966318,0.3924325194050792,-9.767417791008246,,,,,,,,,,
acc,1778675422.0,167.0,1.9598289240550444,0.3900378176316078,-9.767046528808885,,,,,,,,,,
acc,1778675422.0,167.0,1.9709139514714324,0.38730991506950335,-9.767353078594352,,,,,,,,,,
acc,1778675422.0,167.0,1.985057445666665,0.3880854666967297,-9.76836677535371,,,,,,,,,,
acc,1778675422.0,167.0,2.0074141176166216,0.3913032451821982,-9.7693357661511,,,,,,,,,,
acc,1778675422.0,167.0,2.038264312991675,0.39342687977684965,-9.768947075047482,,,,,,,,,,
acc,1778675422.0,167.0,2.0719578719824505,0.3941468457033806,-9.769236354307544,,,,,,,,,,
acc,1778675422.0,167.0,2.108504450912113,0.39241100388484046,-9.769487510487217,,,,,,,,,,
acc,1778675422.0,167.0,2.154444998588371,0.3924302685814948,-9.770446317010105,,,,,,,,,,
acc,1778675422.0,167.0,2.2086647597631406,0.3935142617117799,-9.769728066764372,,,,,,,,,,
acc,1778675422.0,167.0,2.265196054677343,0.39494336622064324,-9.771749590813824,,,,,,,,,,
acc,1778675422.0,167.0,2.3205037002082882,0.3973888843075535,-9.77307830672175,,,,,,,,,,
acc,1778675422.0,167.0,2.3791424028583696,0.3991022560879514,-9.776134281086774,,,,,,,,,,
acc,1778675422.0,167.0,2.445554454816358,0.4001256199489305,-9.775328849168242,,,,,,,,,,
acc,1778675422.0,167.0,2.519740216393552,0.4014946461350075,-9.77346583282589,,,,,,,,,,
acc,1778675422.0,167.0,2.5953816396408054,0.4021412991575869,-9.772684649464189,,,,,,,,,,
acc,1778675422.0,167.0,2.670619671911632,0.4006877815001231,-9.768786861233638,,,,,,,,,,
acc,1778675422.0,167.0,2.747658774584384,0.40272613752085906,-9.768048196331161,,,,,,,,,,
acc,1778675422.0,167.0,2.8351437501320556,0.40439100894628616,-9.762772674920724,,,,,,,,,,
acc,1778675422.0,167.0,2.924957441248543,0.4077800841373295,-9.75896495816788,,,,,,,,,,
acc,1778675422.0,167.0,3.0177886192087824,0.4101089532007181,-9.751358206437901,,,,,,,,,,
acc,1778675422.0,167.0,3.0920634059803156,0.41277163037078,-9.735123905813635,,,,,,,,,,
acc,1778675422.0,167.0,3.1638884204942266,0.41367077874516883,-9.733306769914863,,,,,,,,,,
acc,1778675422.0,167.0,3.2483364869222426,0.4163010891159904,-9.72138960881741,,,,,,,,,,
acc,1778675422.0,167.0,3.3375191423261885,0.4181975648602294,-9.7304882544038,,,,,,,,,,
acc,1778675423.0,168.0,3.437427785689521,0.4242654141524281,-9.7147630693213,,,,,,,,,,
acc,1778675423.0,168.0,3.5259925402752987,0.4306330858359083,-9.690839070439855,,,,,,,,,,
acc,1778675423.0,168.0,3.6039554243901097,0.4390016937049318,-9.699860371202325,,,,,,,,,,
acc,1778675423.0,168.0,3.693420690345239,0.44938855842387465,-9.699038118172988,,,,,,,,,,
acc,1778675423.0,168.0,3.776535498562627,0.4548180000015096,-9.678735688538406,,,,,,,,,,
acc,1778675423.0,168.0,3.8553808622614336,0.47237345044084816,-9.682293996406713,,,,,,,,,,
acc,1778675423.0,168.0,3.9279012840169933,0.4793333578208906,-9.67293469894948,,,,,,,,,,
acc,1778675423.0,168.0,4.010198707889249,0.49109306492239885,-9.681053795706806,,,,,,,,,,
acc,1778675423.0,168.0,4.10470455203604,0.5003321299032161,-9.674829471713764,,,,,,,,,,
acc,1778675423.0,168.0,4.187844605578835,0.5007905657333676,-9.670756003465005,,,,,,,,,,
acc,1778675423.0,168.0,4.261532481510604,0.5050429775577286,-9.677155565646702,,,,,,,,,,
acc,1778675423.0,168.0,4.326173540484527,0.49882073286672024,-9.668552894451434,,,,,,,,,,
acc,1778675423.0,168.0,4.392037527741998,0.5013517121520794,-9.680190483719889,,,,,,,,,,
acc,1778675423.0,168.0,4.45971677083241,0.498286714087795,-9.672234672080227,,,,,,,,,,
acc,1778675423.0,168.0,4.515990027283456,0.4903865318118416,-9.66087248154636,,,,,,,,,,
acc,1778675423.0,168.0,4.561635374053463,0.48710170843786266,-9.66459311483664,,,,,,,,,,
acc,1778675423.0,168.0,4.617692414755296,0.47582450048552216,-9.661997036680628,,,,,,,,,,
acc,1778675423.0,168.0,4.677783626266015,0.47508577525125034,-9.6549164749466,,,,,,,,,,
acc,1778675423.0,168.0,4.735518450173749,0.4715850301858504,-9.66252487659987,,,,,,,,,,
acc,1778675423.0,168.0,4.791699229738136,0.464992393283327,-9.654374623904358,,,,,,,,,,
acc,1778675423.0,168.0,4.845985115913565,0.4664464044410591,-9.664756682161737,,,,,,,,,,
acc,1778675423.0,168.0,4.874717072241238,0.46440853743608673,-9.661165211959306,,,,,,,,,,
acc,1778675423.0,168.0,4.905956679141135,0.46341858885676246,-9.662043454631974,,,,,,,,,,
acc,1778675423.0,168.0,4.9526374175460415,0.46453193961862016,-9.655636909365722,,,,,,,,,,
acc,1778675423.0,168.0,4.9908362239846245,0.46946880034528954,-9.654151626616898,,,,,,,,,,
acc,1778675423.0,168.0,5.014063300347957,0.46463472659630184,-9.642989253567384,,,,,,,,,,
acc,1778675423.0,168.0,5.039883545245772,0.47237488945966905,-9.643784194070518,,,,,,,,,,
acc,1778675423.0,168.0,5.083572435646014,0.4870020562104447,-9.646275749161445,,,,,,,,,,
acc,1778675423.0,168.0,5.140388542575781,0.4955683732039505,-9.633410118253545,,,,,,,,,,
acc,1778675423.0,168.0,5.1908314026715034,0.5054412087161873,-9.63390164045798,,,,,,,,,,
acc,1778675423.0,168.0,5.222002671293116,0.5079120268257613,-9.635773067040555,,,,,,,,,,
acc,1778675423.0,168.0,5.239295470090949,0.5187375973522087,-9.63031517703819,,,,,,,,,,
acc,1778675423.0,168.0,5.2853253895923515,0.526660558252316,-9.63814713407353,,,,,,,,,,
acc,1778675423.0,168.0,5.344851708502794,0.5435631654710081,-9.625710330783804,,,,,,,,,,
acc,1778675423.0,168.0,5.389212482207891,0.5589278054620546,-9.624177518475244,,,,,,,,,,
acc,1778675423.0,168.0,5.4272777071344676,0.5591732508195383,-9.625782338632863,,,,,,,,,,
acc,1778675423.0,168.0,5.4674462934355175,0.5643149964123492,-9.621480139249996,,,,,,,,,,
acc,1778675423.0,168.0,5.498198218905624,0.558264080444491,-9.616862063684827,,,,,,,,,,
acc,1778675423.0,168.0,5.530765000936082,0.5613197842515961,-9.618497866027662,,,,,,,,,,
acc,1778675423.0,168.0,5.577624962033951,0.5688557949551294,-9.622603563284793,,,,,,,,,,
acc,1778675423.0,168.0,5.6359504741034225,0.5648579105805484,-9.612047348332087,,,,,,,,,,
acc,1778675423.0,168.0,5.695414318174107,0.5577371575822941,-9.601232088297836,,,,,,,,,,
acc,1778675423.0,168.0,5.742872391793613,0.550006673573079,-9.604784758508089,,,,,,,,,,
acc,1778675423.0,168.0,5.792029005264461,0.5472094828949754,-9.604826470664673,,,,,,,,,,
acc,1778675423.0,168.0,5.839638527964583,0.5534893449420392,-9.594431798600784,,,,,,,,,,
acc,1778675423.0,168.0,5.900765590361858,0.5593571792444125,-9.600495529295564,,,,,,,,,,
acc,1778675423.0,168.0,5.966945655077234,0.5624029499121862,-9.588755842184232,,,,,,,,,,
acc,1778675423.0,168.0,6.013711113085731,0.5626168161534709,-9.581630909724156,,,,,,,,,,
acc,1778675423.0,168.0,6.053058772763782,0.5586756262384635,-9.58085362404575,,,,,,,,,,
acc,1778675423.0,168.0,6.107702887147673,0.557184021414606,-9.577989098127237,,,,,,,,,,
acc,1778675423.0,168.0,6.153508741304576,0.5623438434089667,-9.560880952063089,,,,,,,,,,
acc,1778675423.0,168.0,6.208304956485421,0.5625582467591861,-9.563415927697175,,,,,,,,,,
acc,1778675423.0,168.0,6.273394206949574,0.5683436707018203,-9.550948284537414,,,,,,,,,,
acc,1778675423.0,168.0,6.325042197211843,0.5723371799316714,-9.55183418700765,,,,,,,,,,
acc,1778675423.0,168.0,6.360140883185364,0.5665683270508314,-9.539471788720517,,,,,,,,,,
acc,1778675423.0,168.0,6.391477451562659,0.5615263348046717,-9.538722637920054,,,,,,,,,,
acc,1778675423.0,168.0,6.445176106708898,0.5607187578334957,-9.534501629393011,,,,,,,,,,
acc,1778675423.0,168.0,6.489974095339474,0.5679052592862873,-9.524746008846565,,,,,,,,,,
acc,1778675423.0,168.0,6.521515222346005,0.5712283232340922,-9.507411766520228,,,,,,,,,,
acc,1778675423.0,168.0,6.551030389019056,0.5668539175948712,-9.517034992959582,,,,,,,,,,
acc,1778675423.0,168.0,6.601504337608292,0.5652879955111821,-9.50083571610398,,,,,,,,,,
acc,1778675423.0,168.0,6.661281198465067,0.5633813414036833,-9.491386022347903,,,,,,,,,,
acc,1778675423.0,168.0,6.7083040174500965,0.563941278640181,-9.487240197304967,,,,,,,,,,
acc,1778675423.0,168.0,6.745208946333673,0.559988053152158,-9.492538651073973,,,,,,,,,,
acc,1778675423.0,168.0,6.765024104883501,0.5532665149924452,-9.491186588111189,,,,,,,,,,
acc,1778675423.0,168.0,6.787463436534856,0.5560126705916186,-9.49925341665958,,,,,,,,,,
acc,1778675423.0,168.0,6.833694581918754,0.5569945297279998,-9.495036099521073,,,,,,,,,,
acc,1778675423.0,168.0,6.869424575114886,0.5544888012121172,-9.476587464324185,,,,,,,,,,
acc,1778675423.0,168.0,6.8867266073186215,0.5478172355121147,-9.48166325353131,,,,,,,,,,
acc,1778675423.0,168.0,6.911538686020262,0.5387925333799126,-9.476576380580058,,,,,,,,,,
acc,1778675423.0,168.0,6.936480255719173,0.5458588140403713,-9.471855200157373,,,,,,,,,,
acc,1778675423.0,168.0,6.957361541715747,0.5629419258382585,-9.486345102869606,,,,,,,,,,
acc,1778675423.0,168.0,6.972089642465122,0.5774205357310863,-9.466591073048072,,,,,,,,,,
acc,1778675423.0,168.0,7.018737367631987,0.5670619208383847,-9.472787109974046,,,,,,,,,,
acc,1778675423.0,168.0,7.043698713835805,0.5533187707426785,-9.472643932032854,,,,,,,,,,
acc,1778675423.0,168.0,7.062931252663756,0.5678848275711157,-9.466219153630139,,,,,,,,,,
acc,1778675423.0,168.0,7.093844902294279,0.5816440823610909,-9.457438987117929,,,,,,,,,,
acc,1778675423.0,168.0,7.126181473654948,0.5938939430869655,-9.47308930107805,,,,,,,,,,
acc,1778675423.0,168.0,7.158579159911857,0.6011339479232011,-9.45448512860045,,,,,,,,,,
acc,1778675423.0,168.0,7.191356882206184,0.5891754750801081,-9.435375576526141,,,,,,,,,,
acc,1778675423.0,168.0,7.220003112600382,0.5713977307608471,-9.447428241873048,,,,,,,,,,
acc,1778675423.0,168.0,7.2491344577478865,0.5784871909159898,-9.431861491150485,,,,,,,,,,
acc,1778675423.0,168.0,7.267174611953354,0.595273804159781,-9.438053644069301,,,,,,,,,,
acc,1778675423.0,168.0,7.297581141511621,0.595898891968569,-9.423246519882099,,,,,,,,,,
acc,1778675423.0,168.0,7.342690945869504,0.5867567326160864,-9.425292865874246,,,,,,,,,,
acc,1778675423.0,168.0,7.393993200175588,0.5766682401899891,-9.433248547117168,,,,,,,,,,
acc,1778675423.0,168.0,7.431234060705772,0.5746581722318601,-9.415006413057494,,,,,,,,,,
acc,1778675423.0,168.0,7.452127525238997,0.589385276753638,-9.4296224523937,,,,,,,,,,
acc,1778675423.0,168.0,7.482237733111492,0.5938975197326913,-9.417696179782476,,,,,,,,,,
acc,1778675423.0,168.0,7.526343975865559,0.5938251904807326,-9.4180536207108,,,,,,,,,,
acc,1778675423.0,168.0,7.564440946765376,0.5815781715496117,-9.404848104758184,,,,,,,,,,
acc,1778675423.0,168.0,7.598358089020442,0.5816177899111555,-9.399039396374436,,,,,,,,,,
acc,1778675423.0,168.0,7.630618154071879,0.5830769135232096,-9.395732737839266,,,,,,,,,,
acc,1778675423.0,168.0,7.668867969008682,0.5859071396990211,-9.399413467178869,,,,,,,,,,
acc,1778675423.0,168.0,7.718945549554604,0.5813993456330856,-9.392269773187136,,,,,,,,,,
acc,1778675423.0,168.0,7.764059993731916,0.5825054834178043,-9.396691903597445,,,,,,,,,,
acc,1778675423.0,168.0,7.804220907884382,0.5832465987155679,-9.385064875418173,,,,,,,,,,
acc,1778675423.0,168.0,7.8432714381981095,0.580857275806919,-9.391646781268843,,,,,,,,,,
acc,1778675423.0,168.0,7.883777441453527,0.5791641032786802,-9.391531004034853,,,,,,,,,,
acc,1778675423.0,168.0,7.922105030590559,0.5830592857475659,-9.387937613521457,,,,,,,,,,
acc,1778675423.0,168.0,7.970555840270221,0.584824777701958,-9.392754081723826,,,,,,,,,,
acc,1778675423.0,168.0,8.013348372725293,0.5824211136635203,-9.377329191763435,,,,,,,,,,
acc,1778675423.0,168.0,8.049504636365482,0.5866416700910722,-9.381177156660678,,,,,,,,,,
acc,1778675423.0,168.0,8.089201473642264,0.5911788446017048,-9.390208161702727,,,,,,,,,,
acc,1778675423.0,168.0,8.128892542065286,0.5908117438244073,-9.374451445094744,,,,,,,,,,
acc,1778675423.0,168.0,8.155976596618613,0.5911224172165213,-9.373107553340526,,,,,,,,,,
acc,1778675423.0,168.0,8.19328604326174,0.5970032363819214,-9.380472555297715,,,,,,,,,,
acc,1778675423.0,168.0,8.220849839609167,0.592394610557326,-9.359231338580692,,,,,,,,,,
acc,1778675423.0,168.0,8.225516313461917,0.6000032108953126,-9.359410124938512,,,,,,,,,,
acc,1778675423.0,168.0,8.25342617281961,0.6117312688312903,-9.360652190134658,,,,,,,,,,
acc,1778675423.0,168.0,8.289495110882926,0.6104674727106262,-9.356309990520993,,,,,,,,,,
acc,1778675423.0,168.0,8.30713300791516,0.6189412425088442,-9.342600643944373,,,,,,,,,,
acc,1778675423.0,168.0,8.331532472401424,0.6280479426279467,-9.340871755619597,,,,,,,,,,
acc,1778675423.0,168.0,8.35993430795072,0.6248965419638994,-9.331846267267263,,,,,,,,,,
acc,1778675423.0,168.0,8.376222181664634,0.6203894076035809,-9.328440269315804,,,,,,,,,,
acc,1778675423.0,168.0,8.388137943782882,0.6221706373731735,-9.329608790994444,,,,,,,,,,
acc,1778675423.0,168.0,8.405198927221443,0.62219634818101,-9.320330688979306,,,,,,,,,,
acc,1778675423.0,168.0,8.422459846014513,0.6267653942088514,-9.321217941757842,,,,,,,,,,
acc,1778675423.0,168.0,8.437789076332828,0.6267493518285537,-9.31790852486397,,,,,,,,,,
acc,1778675423.0,168.0,8.442188031787236,0.6257040551800468,-9.312570381002113,,,,,,,,,,
acc,1778675423.0,168.0,8.467490021487317,0.6358141950965076,-9.319811054307143,,,,,,,,,,
acc,1778675423.0,168.0,8.498844999148853,0.6336216214742749,-9.307143311224369,,,,,,,,,,
acc,1778675423.0,168.0,8.521857312142533,0.6328688373385161,-9.304671725070456,,,,,,,,,,
acc,1778675423.0,168.0,8.524143460499607,0.6331522939033971,-9.292141555157373,,,,,,,,,,
acc,1778675423.0,168.0,8.531626832356334,0.6324037746119084,-9.29541476437905,,,,,,,,,,
acc,1778675423.0,168.0,8.560269192082856,0.6358151608554712,-9.297593326003177,,,,,,,,,,
acc,1778675423.0,168.0,8.584178694604228,0.6374562146809014,-9.29208481829051,,,,,,,,,,
acc,1778675423.0,168.0,8.59356579242356,0.6380529559766933,-9.287300805420125,,,,,,,,,,
acc,1778675424.0,169.0,8.590692241447224,0.6358400384260308,-9.282595759893441,,,,,,,,,,
acc,1778675424.0,169.0,8.59409221000362,0.628074261056719,-9.272005539084795,,,,,,,,,,
acc,1778675424.0,169.0,8.626355536238105,0.6426709370837053,-9.27819496542671,,,,,,,,,,
acc,1778675424.0,169.0,8.661413890413666,0.655040667563338,-9.256498788345933,,,,,,,,,,
acc,1778675424.0,169.0,8.685114209766141,0.6568619874222404,-9.257966090396154,,,,,,,,,,
acc,1778675424.0,169.0,8.688011114666507,0.663174822107364,-9.251433309922623,,,,,,,,,,
acc,1778675424.0,169.0,8.697484073032946,0.6635378548756257,-9.262033780388183,,,,,,,,,,
acc,1778675424.0,169.0,8.726358597853896,0.6753630030261536,-9.263450785203464,,,,,,,,,,
acc,1778675424.0,169.0,8.759159342975554,0.685696323518832,-9.25165016650828,,,,,,,,,,
acc,1778675424.0,169.0,8.77810230535599,0.6879490038443224,-9.252132128605341,,,,,,,,,,
acc,1778675424.0,169.0,8.794033399892504,0.6912106138009949,-9.25885711822573,,,,,,,,,,
acc,1778675424.0,169.0,8.810174688152443,0.6986311830559006,-9.244294006638873,,,,,,,,,,
acc,1778675424.0,169.0,8.830357905387283,0.7007663225314494,-9.25772808566563,,,,,,,,,,
acc,1778675424.0,169.0,8.856995587347338,0.6906712183955911,-9.251516944474519,,,,,,,,,,
acc,1778675424.0,169.0,8.87916710757887,0.7005104692535963,-9.242593502962578,,,,,,,,,,
acc,1778675424.0,169.0,8.888997308654718,0.709940832983382,-9.251144504069334,,,,,,,,,,
acc,1778675424.0,169.0,8.899128637472971,0.7116182292519545,-9.256494097461792,,,,,,,,,,
acc,1778675424.0,169.0,8.927590655635328,0.7017794741186888,-9.258316403912158,,,,,,,,,,
acc,1778675424.0,169.0,8.960657071790163,0.701081768463663,-9.26324585440249,,,,,,,,,,
acc,1778675424.0,169.0,8.994132941501656,0.6916937304611858,-9.265006806707715,,,,,,,,,,
acc,1778675424.0,169.0,9.011615104706914,0.6754336630396274,-9.26536739517587,,,,,,,,,,
acc,1778675424.0,169.0,9.021626094413707,0.6701123291269228,-9.271297675832141,,,,,,,,,,
acc,1778675424.0,169.0,9.03679961437003,0.6627450473662017,-9.278203467258926,,,,,,,,,,
acc,1778675424.0,169.0,9.06503999745345,0.6693593927360003,-9.285046504807983,,,,,,,,,,
acc,1778675424.0,169.0,9.090574490971111,0.6679268927777123,-9.279652011787405,,,,,,,,,,
acc,1778675424.0,169.0,9.119391117839815,0.6619638412861661,-9.2840326208973,,,,,,,,,,
acc,1778675424.0,169.0,9.14865581668568,0.6557000060041539,-9.284220319171768,,,,,,,,,,
acc,1778675424.0,169.0,9.173785443512235,0.6456949582793815,-9.285790673627131,,,,,,,,,,
acc,1778675424.0,169.0,9.19176487759285,0.643767567661947,-9.289086099823972,,,,,,,,,,
acc,1778675424.0,169.0,9.213414566303578,0.6512642966373164,-9.288517934718346,,,,,,,,,,
acc,1778675424.0,169.0,9.240014530636278,0.6562436364885265,-9.28795493260728,,,,,,,,,,
acc,1778675424.0,169.0,9.26640827178978,0.6566696538950368,-9.28739704657393,,,,,,,,,,
acc,1778675424.0,169.0,9.290503369287542,0.6584761709308068,-9.286169800940842,,,,,,,,,,
acc,1778675424.0,169.0,9.313989046095587,0.6602662718974877,-9.292230514684636,,,,,,,,,,
acc,1778675424.0,169.0,9.338006732318066,0.6595908406546139,-9.29198874670871,,,,,,,,,,
acc,1778675424.0,169.0,9.362764577845933,0.659276508921897,-9.291394204851104,,,,,,,,,,
acc,1778675424.0,169.0,9.389107775910462,0.6607043662464608,-9.288355800361689,,,,,,,,,,
acc,1778675424.0,169.0,9.413756220991246,0.6652429520245171,-9.285699977132877,,,,,,,,,,
acc,1778675424.0,169.0,9.438571147477601,0.6687108950010471,-9.285872523911612,,,,,,,,,,
acc,1778675424.0,169.0,9.46245064467557,0.6704079916206234,-9.282209857423222,,,,,,,,,,
acc,1778675424.0,169.0,9.484728774685827,0.6717346956289282,-9.280319815858292,,,,,,,,,,
acc,1778675424.0,169.0,9.510673599931343,0.6720199436476737,-9.280186282042886,,,,,,,,,,
acc,1778675424.0,169.0,9.534252863074826,0.6709182286702883,-9.275865363670567,,,,,,,,,,
acc,1778675424.0,169.0,9.552754812848585,0.6694715633551899,-9.27474290802811,,,,,,,,,,
acc,1778675424.0,169.0,9.571443603717322,0.6729010803582135,-9.272920719660645,,,,,,,,,,
acc,1778675424.0,169.0,9.59308627055934,0.6755895002339248,-9.27040515713581,,,,,,,,,,
acc,1778675424.0,169.0,9.61623610582886,0.6768691191598875,-9.26652808296597,,,,,,,,,,
acc,1778675424.0,169.0,9.639921002351123,0.6788470426464556,-9.26339617293705,,,,,,,,,,
acc,1778675424.0,169.0,9.659202072959832,0.6804520306964753,-9.261322123053404,,,,,,,,,,
acc,1778675424.0,169.0,9.675184230234983,0.6820424339990531,-9.259976852980689,,,,,,,,,,
acc,1778675424.0,169.0,9.700072789714246,0.683973346861233,-9.256194542246842,,,,,,,,,,
acc,1778675424.0,169.0,9.723315318157969,0.6820530770286705,-9.25209164011808,,,,,,,,,,
acc,1778675424.0,169.0,9.733780835466483,0.6756066880948707,-9.251859648762505,,,,,,,,,,
acc,1778675424.0,169.0,9.750469647077063,0.6800098544220126,-9.258587114444751,,,,,,,,,,
acc,1778675424.0,169.0,9.771195412242452,0.6941345845597617,-9.241932152877324,,,,,,,,,,
acc,1778675424.0,169.0,9.779202530807058,0.7025579924243729,-9.250489163763383,,,,,,,,,,
acc,1778675424.0,169.0,9.792993829541354,0.6980195760426419,-9.260707748594626,,,,,,,,,,
acc,1778675424.0,169.0,9.830016593047235,0.6837963192460917,-9.240199880308989,,,,,,,,,,
acc,1778675424.0,169.0,9.846824811850292,0.6888349979011337,-9.236242323875967,,,,,,,,,,
acc,1778675424.0,169.0,9.852405342963797,0.6934729276158985,-9.260895516550336,,,,,,,,,,
acc,1778675424.0,169.0,9.869045606473003,0.697039311777103,-9.241095874625435,,,,,,,,,,
acc,1778675424.0,169.0,9.880316650484334,0.7009282494877245,-9.245152410389396,,,,,,,,,,
acc,1778675424.0,169.0,9.891165805553017,0.7117391876990895,-9.256484394528083,,,,,,,,,,
acc,1778675424.0,169.0,9.916860452529598,0.7074723113920792,-9.245066547797865,,,,,,,,,,
acc,1778675424.0,169.0,9.932595536168204,0.7063679123673237,-9.241419729060592,,,,,,,,,,
acc,1778675424.0,169.0,9.939490951352864,0.709817118026255,-9.247567625456814,,,,,,,,,,
acc,1778675424.0,169.0,9.95182568713549,0.7107857058756717,-9.244927479129945,,,,,,,,,,
acc,1778675424.0,169.0,9.962344497153754,0.7138397955760216,-9.235353984363051,,,,,,,,,,
acc,1778675424.0,169.0,9.975926919246337,0.7206997685663171,-9.242586401064212,,,,,,,,,,
acc,1778675424.0,169.0,10.001241795530373,0.7267874714033177,-9.231649809088003,,,,,,,,,,
acc,1778675424.0,169.0,10.017594456105492,0.728986218222621,-9.22116757028979,,,,,,,,,,
acc,1778675424.0,169.0,10.022972047405103,0.7294256520452391,-9.228883862662757,,,,,,,,,,
acc,1778675424.0,169.0,10.024147668154832,0.7270923508559911,-9.216687425719087,,,,,,,,,,
acc,1778675424.0,169.0,10.017325866016092,0.7275489945121842,-9.211914121064282,,,,,,,,,,
acc,1778675424.0,169.0,10.00009454590944,0.7318351248082343,-9.20679373595288,,,,,,,,,,
acc,1778675424.0,169.0,9.976772402002336,0.7336685354923884,-9.197566767761836,,,,,,,,,,
acc,1778675424.0,169.0,9.945639946320863,0.7337459530396298,-9.192967215159097,,,,,,,,,,
acc,1778675424.0,169.0,9.90367995210113,0.7334676962223845,-9.190148792005823,,,,,,,,,,
acc,1778675424.0,169.0,9.852694648998575,0.7349313006446949,-9.185971618430921,,,,,,,,,,
acc,1778675424.0,169.0,9.795215316553483,0.7360266433186236,-9.183891203502611,,,,,,,,,,
acc,1778675424.0,169.0,9.729206663362707,0.7332783962391812,-9.177357122540572,,,,,,,,,,
acc,1778675424.0,169.0,9.653006863856945,0.7298451902254167,-9.176419892217346,,,,,,,,,,
acc,1778675424.0,169.0,9.569832229975875,0.7275080766349487,-9.1779759383106,,,,,,,,,,
acc,1778675424.0,169.0,9.479391181226573,0.7259021333515423,-9.182286586214918,,,,,,,,,,
acc,1778675424.0,169.0,9.381075301160411,0.7253401835434435,-9.187232491855042,,,,,,,,,,
acc,1778675424.0,169.0,9.275985558588719,0.7219791131616586,-9.195647622179616,,,,,,,,,,
acc,1778675424.0,169.0,9.164893441166955,0.7172642143812022,-9.205654627017742,,,,,,,,,,
acc,1778675424.0,169.0,9.049947796844112,0.7122371896747044,-9.215570696824786,,,,,,,,,,
acc,1778675424.0,169.0,8.930828672289257,0.7048420843655205,-9.231040624652053,,,,,,,,,,
acc,1778675424.0,169.0,8.80998776344764,0.6947099432205813,-9.244950109846691,,,,,,,,,,
acc,1778675424.0,169.0,8.687121248996673,0.6898878722821885,-9.260437035955437,,,,,,,,,,
acc,1778675424.0,169.0,8.563986877662158,0.6833702874849488,-9.277877533775957,,,,,,,,,,
acc,1778675424.0,169.0,8.449638717764744,0.6748531287832761,-9.287882731077014,,,,,,,,,,
acc,1778675424.0,169.0,8.3356197227098,0.6677977375837703,-9.28313690315183,,,,,,,,,,
acc,1778675424.0,169.0,8.205598450748873,0.663220221564222,-9.329655843034095,,,,,,,,,,
acc,1778675424.0,169.0,8.072215131134518,0.6520819331104244,-9.335001925711174,,,,,,,,,,
acc,1778675424.0,169.0,7.941073284161952,0.6434941251332653,-9.348641138520117,,,,,,,,,,
acc,1778675424.0,169.0,7.81740604275226,0.6339194613424229,-9.362191904283852,,,,,,,,,,
acc,1778675424.0,169.0,7.705653558633064,0.6279104692031,-9.36866219255966,,,,,,,,,,
acc,1778675424.0,169.0,7.594206652093079,0.6212816524159223,-9.38096612075355,,,,,,,,,,
acc,1778675424.0,169.0,7.479264404443028,0.6168073670547519,-9.389289110873941,,,,,,,,,,
acc,1778675424.0,169.0,7.370229698184994,0.6109538748728185,-9.400340705013024,,,,,,,,,,
acc,1778675424.0,169.0,7.264280108860587,0.6051535741804578,-9.405044464614914,,,,,,,,,,
acc,1778675424.0,169.0,7.161032630726787,0.6004708851138608,-9.417372752952815,,,,,,,,,,
acc,1778675424.0,169.0,7.058013444011539,0.5951208156536812,-9.424654978358651,,,,,,,,,,
acc,1778675424.0,169.0,6.954901006785764,0.5905292956454816,-9.432616456173275,,,,,,,,,,
acc,1778675424.0,169.0,6.856559193613731,0.5866539285988742,-9.43979565430857,,,,,,,,,,
acc,1778675424.0,169.0,6.763619100538906,0.5814294157253528,-9.442721016084642,,,,,,,,,,
acc,1778675424.0,169.0,6.67397284129181,0.5773172731272528,-9.444945356421295,,,,,,,,,,
acc,1778675424.0,169.0,6.582372468131951,0.5739169364093396,-9.4460845803764,,,,,,,,,,
acc,1778675424.0,169.0,6.492278918451863,0.5698730607453677,-9.44966272644922,,,,,,,,,,
acc,1778675424.0,169.0,6.414149999075348,0.5655109705630224,-9.4522144517283,,,,,,,,,,
acc,1778675424.0,169.0,6.338470389717431,0.5611885192948907,-9.450554382044137,,,,,,,,,,
acc,1778675424.0,169.0,6.266282718480972,0.5575797759236553,-9.449264368502384,,,,,,,,,,
acc,1778675424.0,169.0,6.197874730144025,0.5533293965134584,-9.447595612270849,,,,,,,,,,
acc,1778675424.0,169.0,6.134596449115664,0.5494726026597399,-9.444912620209475,,,,,,,,,,
acc,1778675424.0,169.0,6.076436755399052,0.5473901887044468,-9.439449772690333,,,,,,,,,,
acc,1778675424.0,169.0,6.0222842412789355,0.5463561070662117,-9.43439152859235,,,,,,,,,,
acc,1778675424.0,169.0,5.972776922149426,0.5453314222702322,-9.428669325908213,,,,,,,,,,
acc,1778675424.0,169.0,5.927553119070409,0.5443160489261086,-9.422289179946755,,,,,,,,,,
acc,1778675424.0,169.0,5.886218936281057,0.5433099024193955,-9.4135532493818,,,,,,,,,,
acc,1778675424.0,169.0,5.847354666445171,0.543377793311995,-9.403867294286295,,,,,,,,,,
acc,1778675424.0,169.0,5.811647797757608,0.542735134636695,-9.395334260293229,,,,,,,,,,
acc,1778675424.0,169.0,5.780099038526839,0.5428082485232902,-9.38545890188717,,,,,,,,,,
acc,1778675424.0,169.0,5.751605699945014,0.5439100980614574,-9.375637787863019,,,,,,,,,,
acc,1778675424.0,169.0,5.724400684302378,0.5446469731676942,-9.364876510519856,,,,,,,,,,
acc,1778675424.0,169.0,5.696768455196478,0.5457321139617971,-9.3539290493323,,,,,,,,,,
acc,1778675424.0,169.0,5.670061753148801,0.5457779938845352,-9.344039480559886,,,,,,,,,,
acc,1778675425.0,170.0,5.643952709441126,0.5458234568900969,-9.33463024488134,,,,,,,,,,
acc,1778675425.0,170.0,5.618080922209238,0.546542945041159,-9.32562597963672,,,,,,,,,,
acc,1778675425.0,170.0,5.590349931928756,0.5469009333308723,-9.321992533241986,,,,,,,,,,
acc,1778675425.0,170.0,5.562870936975935,0.5472556685316965,-9.319031048389197,,,,,,,,,,
acc,1778675425.0,170.0,5.534257276526428,0.5472877037042411,-9.318226272859135,,,,,,,,,,
acc,1778675425.0,170.0,5.504164299668427,0.5476389242694183,-9.319487610530201,,,,,,,,,,
acc,1778675425.0,170.0,5.47122107824576,0.5479869532449513,-9.32318675156769,,,,,,,,,,
acc,1778675425.0,170.0,5.436482921957974,0.5473024104985886,-9.328236648909243,,,,,,,,,,
acc,1778675425.0,170.0,5.399966132538241,0.5462691265129986,-9.334979989819743,,,,,,,,,,
acc,1778675425.0,170.0,5.362396805304784,0.5448902612607115,-9.34336589138435,,,,,,,,,,
acc,1778675425.0,170.0,5.324458943087761,0.5431689641734272,-9.35309545437459,,,,,,,,,,
acc,1778675425.0,170.0,5.2858364274018,0.5414633087498241,-9.364120974394128,,,,,,,,,,
acc,1778675425.0,170.0,5.246180508926687,0.53977315285195,-9.377140607536976,,,,,,,,,,
acc,1778675425.0,170.0,5.2061750166099765,0.5380983556334803,-9.390751862114461,,,,,,,,,,
acc,1778675425.0,170.0,5.1658586214372235,0.5367937393014156,-9.404913867621216,,,,,,,,,,
acc,1778675425.0,170.0,5.125553625126155,0.5348265399235332,-9.4196216193077,,,,,,,,,,
acc,1778675425.0,170.0,5.08352058232507,0.5328772167573111,-9.43455068140256,,,,,,,,,,
acc,1778675425.0,170.0,5.039775196030401,0.5305906455857167,-9.450408984548787,,,,,,,,,,
acc,1778675425.0,170.0,4.995042968264438,0.5283248528012543,-9.467188075517837,,,,,,,,,,
acc,1778675425.0,170.0,4.950717228412497,0.5264346113612942,-9.482785292528986,,,,,,,,,,
acc,1778675425.0,170.0,4.906084340941777,0.5245615468056143,-9.499305669888622,,,,,,,,,,
acc,1778675425.0,170.0,4.860827638618607,0.5230249795461587,-9.515320962530648,,,,,,,,,,
acc,1778675425.0,170.0,4.814917295774545,0.5208279370109058,-9.53115521855583,,,,,,,,,,
acc,1778675425.0,170.0,4.768749708264371,0.5179409266697284,-9.547555528237037,,,,,,,,,,
acc,1778675425.0,170.0,4.722291719345877,0.5150801509891068,-9.562777396910933,,,,,,,,,,
acc,1778675425.0,170.0,4.6752265005231335,0.5122453715710676,-9.577470486234553,,,,,,,,,,
acc,1778675425.0,170.0,4.627524066330851,0.509791323044566,-9.591710580931368,,,,,,,,,,
acc,1778675425.0,170.0,4.579900148953994,0.5077145365684202,-9.605111341292584,,,,,,,,,,
acc,1778675425.0,170.0,4.533418929306893,0.5060115839104241,-9.618354832738994,,,,,,,,,,
acc,1778675425.0,170.0,4.488424985311345,0.5039691444443183,-9.63044857870727,,,,,,,,,,
acc,1778675425.0,170.0,4.444514345755332,0.5015903031334806,-9.642148454086835,,,,,,,,,,
acc,1778675425.0,170.0,4.401357690001567,0.49887810782066416,-9.652677107592991,,,,,,,,,,
acc,1778675425.0,170.0,4.359303146443116,0.49583558773959285,-9.662755124001345,,,,,,,,,,
acc,1778675425.0,170.0,4.319015120134499,0.49317568631807307,-9.671286191371626,,,,,,,,,,
acc,1778675425.0,170.0,4.280122596716755,0.49089492664765305,-9.679136295290734,,,,,,,,,,
acc,1778675425.0,170.0,4.242648398509986,0.4886348925544537,-9.685850169827004,,,,,,,,,,
acc,1778675425.0,170.0,4.206544133550621,0.4863953957023005,-9.69179310182675,,,,,,,,,,
acc,1778675425.0,170.0,4.171477885653061,0.4838212786058826,-9.696581631730485,,,,,,,,,,
acc,1778675425.0,170.0,4.137049756992825,0.48127055286601517,-9.699658303641826,,,,,,,,,,
acc,1778675425.0,170.0,4.103289452339578,0.4787430059222199,-9.701606619557305,,,,,,,,,,
acc,1778675425.0,170.0,4.070900826631471,0.4758834562850116,-9.702862801670792,,,,,,,,,,
acc,1778675425.0,170.0,4.038806520825583,0.47340486262973364,-9.70307815954975,,,,,,,,,,
acc,1778675425.0,170.0,4.0073233368970875,0.47130376315691475,-9.702581636895136,,,,,,,,,,
acc,1778675425.0,170.0,3.976126244996667,0.4692217566643589,-9.701415187936169,,,,,,,,,,
acc,1778675425.0,170.0,3.944893168866005,0.4671586696515251,-9.698839473391512,,,,,,,,,,
acc,1778675425.0,170.0,3.91358895022598,0.4647593593339223,-9.695612726445546,,,,,,,,,,
acc,1778675425.0,170.0,3.8822142355583713,0.46273682274017064,-9.69209583397993,,,,,,,,,,
acc,1778675425.0,170.0,3.851124627243726,0.46073266521498063,-9.687865463919417,,,,,,,,,,
acc,1778675425.0,170.0,3.8199625636207775,0.45910168151866076,-9.683709039261284,,,,,,,,,,
acc,1778675425.0,170.0,3.789083673961464,0.4578404805692363,-9.679554881159369,,,,,,,,,,
acc,1778675425.0,170.0,3.7578109467508884,0.45659074032652597,-9.675438472464217,,,,,,,,,,
acc,1778675425.0,170.0,3.726467437345773,0.4553523566455095,-9.671040002728251,,,,,,,,,,
acc,1778675425.0,170.0,3.6950537798665297,0.4541252263275468,-9.665936075498587,,,,,,,,,,
acc,1778675425.0,170.0,3.663215649984933,0.4532287236124353,-9.661588460992558,,,,,,,,,,
acc,1778675425.0,170.0,3.631347370160649,0.45269532931439377,-9.656605915584185,,,,,,,,,,
acc,1778675425.0,170.0,3.59905874914987,0.45216678204379507,-9.65166864725211,,,,,,,,,,
acc,1778675425.0,170.0,3.56670856842428,0.45164303775503334,-9.646776244557307,,,,,,,,,,
acc,1778675425.0,170.0,3.5342973964726228,0.4511240528027512,-9.642283270660123,,,,,,,,,,
acc,1778675425.0,170.0,3.5018612818904855,0.4506097839382026,-9.637831125035495,,,,,,,,,,
acc,1778675425.0,170.0,3.469009986114497,0.4501001883056489,-9.633419436671286,,,,,,,,,,
acc,1778675425.0,170.0,3.4361022437267783,0.44959522343878733,-9.6290478379268,,,,,,,,,,
acc,1778675425.0,170.0,3.402819109339082,0.4490948472572123,-9.625390393689097,,,,,,,,,,
acc,1778675425.0,170.0,3.3698384233771637,0.44895398892348204,-9.621766185150866,,,,,,,,,,
acc,1778675425.0,170.0,3.3368024665899534,0.4484594397282554,-9.618529881155306,,,,,,,,,,
acc,1778675425.0,170.0,3.3037117412310524,0.44796938456967283,-9.615677956760415,,,,,,,,,,
acc,1778675425.0,170.0,3.270211792303716,0.44748378260980437,-9.613206909968689,,,,,,,,,,
acc,1778675425.0,170.0,3.2370162620257386,0.4470025933818201,-9.61107778533298,,,,,,,,,,
acc,1778675425.0,170.0,3.2038029076022725,0.44617081501318206,-9.609287475759569,,,,,,,,,,
acc,1778675425.0,170.0,3.1705364057310046,0.4450271186284712,-9.607868405836378,,,,,,,,,,
acc,1778675425.0,170.0,3.1382466394176403,0.4435388533968772,-9.60752712560445,,,,,,,,,,
acc,1778675425.0,170.0,3.1062502946575608,0.44206411223639963,-9.60686947921947,,,,,,,,,,
acc,1778675425.0,170.0,3.074544705088703,0.4406027722519417,-9.606927741591768,,,,,,,,,,
acc,1778675425.0,170.0,3.0431272285786024,0.4391547116651715,-9.607340445386438,,,,,,,,,,
acc,1778675425.0,170.0,3.011995247004217,0.43771980980437336,-9.607394428024316,,,,,,,,,,
acc,1778675425.0,170.0,2.9815011278071837,0.43629794709439224,-9.608122358388623,,,,,,,,,,
acc,1778675425.0,170.0,2.9509291510973656,0.434889005046669,-9.609198635722898,,,,,,,,,,
acc,1778675425.0,170.0,2.920634986150139,0.4334928662493663,-9.610265132776815,,,,,,,,,,
acc,1778675425.0,170.0,2.891681002859203,0.4321094143575844,-9.611605911478735,,,,,,,,,,
acc,1778675425.0,170.0,2.8636645666759306,0.4307385340836656,-9.612934506339945,,,,,,,,,,
acc,1778675425.0,170.0,2.836257681479984,0.4293801111875871,-9.614286531523737,,,,,,,,,,
acc,1778675425.0,170.0,2.809454817284734,0.42803403246744093,-9.615945738082008,,,,,,,,,,
acc,1778675425.0,170.0,2.7836054470415994,0.42670018575000035,-9.617589867201787,,,,,,,,,,
acc,1778675425.0,170.0,2.758310440999238,0.4257334216548078,-9.619574026754405,,,,,,,,,,
acc,1778675425.0,170.0,2.7336002559337285,0.42477544267808653,-9.62154015597592,,,,,,,,,,
acc,1778675425.0,170.0,2.7101795192174625,0.4238261689882551,-9.623488418710433,,,,,,,,,,
acc,1778675425.0,170.0,2.686971609961131,0.4225305597057371,-9.625809433446523,,,,,,,,,,
acc,1778675425.0,170.0,2.6646490324463894,0.4216016855766302,-9.628464327662641,,,,,,,,,,
acc,1778675425.0,170.0,2.6432392359016936,0.42068125225465464,-9.631059593042343,,,,,,,,,,
acc,1778675425.0,170.0,2.623053393174185,0.41976918303703364,-9.633666778335186,,,,,,,,,,
acc,1778675425.0,170.0,2.6034059528400135,0.4185104401445635,-9.636250271776223,,,,,,,,,,
acc,1778675425.0,170.0,2.583937051501912,0.41761809739554095,-9.638419823436086,,,,,,,,,,
acc,1778675425.0,170.0,2.5646450667514364,0.41673386348796804,-9.640569660081235,,,,,,,,,,
acc,1778675425.0,170.0,2.545883352696625,0.4158576647356858,-9.64305492263816,,,,,,,,,,
acc,1778675425.0,170.0,2.5272921289212054,0.4149894281221315,-9.645162639498537,,,,,,,,,,
acc,1778675425.0,170.0,2.5095442844306217,0.4141290812942541,-9.647996630239462,,,,,,,,,,
acc,1778675425.0,170.0,2.4926676496810827,0.4132765525564845,-9.650414402895752,,,,,,,,,,
acc,1778675425.0,170.0,2.4755894043751105,0.4124317708647613,-9.653165175779522,,,,,,,,,,
acc,1778675425.0,170.0,2.45866635143617,0.41159466582061016,-9.6555359811507,,,,,,,,,,
acc,1778675425.0,170.0,2.441897080609849,0.41076516766527743,-9.657885242686977,,,,,,,,,,
acc,1778675425.0,170.0,2.4252801944569122,0.41026268377457403,-9.660213156160141,,,,,,,,,,
acc,1778675425.0,170.0,2.4088143082368467,0.40944528952352793,-9.66287488642356,,,,,,,,,,
acc,1778675425.0,170.0,2.392143088019032,0.4086353230466088,-9.665547923537432,,,,,,,,,,
acc,1778675425.0,170.0,2.375623361475219,0.40783271684661027,-9.66819667039493,,,,,,,,,,
acc,1778675425.0,170.0,2.359253751961529,0.40703740403968225,-9.670821347724962,,,,,,,,,,
acc,1778675425.0,170.0,2.342713418843178,0.405894356576322,-9.673422174250637,,,,,,,,,,
acc,1778675425.0,170.0,2.326323390009731,0.40511665791611196,-9.675963872347584,,,,,,,,,,
acc,1778675425.0,170.0,2.3097273378520162,0.4039910645372927,-9.678517968043808,,,,,,,,,,
acc,1778675425.0,170.0,2.2929271345323534,0.4032306613539538,-9.68136833082136,,,,,,,,,,
acc,1778675425.0,170.0,2.2762795969739016,0.4021222062856255,-9.684228286319732,,,,,,,,,,
acc,1778675425.0,170.0,2.259428367021291,0.4006688621277188,-9.687026758648713,,,,,,,,,,
acc,1778675425.0,170.0,2.242375295655359,0.3995836864817583,-9.689835295234165,,,,,,,,,,
acc,1778675425.0,170.0,2.2251577204838786,0.3981534102029024,-9.69258281590097,,,,,,,,,,
acc,1778675425.0,170.0,2.2077416420156695,0.3967361310415634,-9.695340863829015,,,,,,,,,,
acc,1778675425.0,170.0,2.190128854990389,0.39568669266458006,-9.698073848995714,,,,,,,,,,
acc,1778675425.0,170.0,2.1723211560129214,0.3946467906786521,-9.701101466563347,,,,,,,,,,
acc,1778675425.0,170.0,2.154320307187882,0.3936163384252807,-9.70374660997976,,,,,,,,,,
acc,1778675425.0,170.0,2.1361635671415886,0.39259525003344475,-9.706758172747021,,,,,,,,,,
acc,1778675425.0,170.0,2.1178168581191215,0.3915834404124449,-9.709032436394669,,,,,,,,,,
acc,1778675425.0,170.0,2.0992818973075913,0.3909357870182483,-9.711605509996007,,,,,,,,,,
acc,1778675425.0,170.0,2.08056039537693,0.3902940189396366,-9.713800230862605,,,,,,,,,,
acc,1778675425.0,170.0,2.0620090183125503,0.3896580826959365,-9.715975007998441,,,,,,,,,,
acc,1778675425.0,170.0,2.043271258392928,0.38934740179311833,-9.718130022634945,,,,,,,,,,
acc,1778675425.0,170.0,2.0247037710781712,0.38872006758979233,-9.719910483496095,,,,,,,,,,
acc,1778675425.0,170.0,2.0059855416641517,0.3884179105594227,-9.721674765064202,,,,,,,,,,
acc,1778675425.0,170.0,1.987437407378604,0.38779902277094247,-9.723423014362732,,,,,,,,,,
acc,1778675426.0,171.0,1.9690578225436712,0.38718575890102647,-9.725155377079124,,,,,,,,,,
acc,1778675426.0,171.0,1.9508452555272837,0.38689754434500945,-9.72616207403007,,,,,,,,,,
acc,1778675426.0,171.0,1.9324432177549502,0.3866119488343545,-9.727550079120537,,,,,,,,,,
acc,1778675426.0,171.0,1.9142084018340964,0.3863289485694358,-9.728925471217597,,,,,,,,,,
acc,1778675426.0,171.0,1.896494259057302,0.3860485199668979,-9.729897908803906,,,,,,,,,,
acc,1778675426.0,171.0,1.8785861162748556,0.38545116315703326,-9.730506538855376,,,,,,,,,,
acc,1778675426.0,171.0,1.860840707252099,0.3848592346107651,-9.731109638201751,,,,,,,,,,
acc,1778675426.0,171.0,1.8436115240655198,0.3842726850007145,-9.731352286240735,,,,,,,,,,
acc,1778675426.0,171.0,1.8265389048392795,0.38369146544774724,-9.731592729303573,,,,,,,,,,
acc,1778675426.0,171.0,1.8096214268551092,0.3827605657434651,-9.731547014373582,,,,,,,,,,
acc,1778675426.0,171.0,1.7931771477366962,0.3821930870264305,-9.73178568791506,,,,,,,,,,
acc,1778675426.0,171.0,1.7772372618206969,0.38127580329321253,-9.731383257770158,,,,,,,,,,
acc,1778675426.0,171.0,1.761087262069747,0.38036685504360235,-9.73133944633684,,,,,,,,,,
acc,1778675426.0,171.0,1.745438981364072,0.379821128305348,-9.73097656561053,,,,,,,,,,
acc,1778675426.0,171.0,1.7299328987401772,0.3792803606611191,-9.730971953291927,,,,,,,,,,
acc,1778675426.0,171.0,1.7152776637456573,0.3783895452735097,-9.731251355939703,,,,,,,,,,
acc,1778675426.0,171.0,1.7004006320292095,0.37786178662144204,-9.731244246563536,,,,,,,,,,
acc,1778675426.0,171.0,1.686368722582773,0.37733882378492617,-9.73123720179125,,,,,,,,,,
acc,1778675426.0,171.0,1.6724643230298852,0.3768206131837257,-9.730875250175208,,,,,,,,,,
acc,1778675426.0,171.0,1.6586862746705833,0.37630711163362385,-9.730516587663345,,,,,,,,,,
acc,1778675426.0,171.0,1.64535289674769,0.3757982763428248,-9.730125690007206,,,,,,,,,,
acc,1778675426.0,171.0,1.6321406810661923,0.3756135414090449,-9.730093306265337,,,,,,,,,,
acc,1778675426.0,171.0,1.6190485266081167,0.37511100868639186,-9.729386787612034,,,,,,,,,,
acc,1778675426.0,171.0,1.6064303132211653,0.37493251904845326,-9.729006156604552,,,,,,,,,,
acc,1778675426.0,171.0,1.5942817250504178,0.3744361748697781,-9.728664478803369,,,,,,,,,,
acc,1778675426.0,171.0,1.5822435327734243,0.37394434103900875,-9.728325905875419,,,,,,,,,,
acc,1778675426.0,171.0,1.5699597714340598,0.37345697656999266,-9.728309877019813,,,,,,,,,,
acc,1778675426.0,171.0,1.558497566959657,0.3732935173496813,-9.727974526407104,,,,,,,,,,
acc,1778675426.0,171.0,1.5474944828892696,0.3728120670051585,-9.727606728811681,,,,,,,,,,
acc,1778675426.0,171.0,1.5362364235856876,0.37265446816687675,-9.727632738664148,,,,,,,,,,
acc,1778675426.0,171.0,1.5250806678174043,0.3724983014509422,-9.727906981768054,,,,,,,,,,
acc,1778675426.0,171.0,1.5140262859381057,0.3723435538434619,-9.727930263180557,,,,,,,,,,
acc,1778675426.0,171.0,1.5027173858887288,0.3721902124488019,-9.727953333031659,,,,,,,,,,
acc,1778675426.0,171.0,1.4918662222320827,0.3720382644885126,-9.727976193243846,,,,,,,,,,
acc,1778675426.0,171.0,1.4811136645939558,0.37156822079960683,-9.728247315328687,,,,,,,,,,
acc,1778675426.0,171.0,1.470103846067305,0.37110244846243434,-9.728515973689806,,,,,,,,,,
acc,1778675426.0,171.0,1.458839113504391,0.3706409086626337,-9.729137161575972,,,,,,,,,,
acc,1778675426.0,171.0,1.4476767451176025,0.370183562938555,-9.72975270464227,,,,,,,,,,
acc,1778675426.0,171.0,1.4366158107095737,0.3693754114046189,-9.730007683323379,,,,,,,,,,
acc,1778675426.0,171.0,1.4256553885357706,0.3685746036549665,-9.730260344978099,,,,,,,,,,
acc,1778675426.0,171.0,1.414794565227679,0.36778107295561874,-9.73157561415615,,,,,,,,,,
acc,1778675426.0,171.0,1.403357997442597,0.36699475317901725,-9.732914425661962,,,,,,,,,,
acc,1778675426.0,171.0,1.3920253553239683,0.3658606170250785,-9.734241071203247,,,,,,,,,,
acc,1778675426.0,171.0,1.3811151618984696,0.36509174869599403,-9.735520166973883,,,,,,,,,,
acc,1778675426.0,171.0,1.3699846434896095,0.36468482895273646,-9.7367876394251,,,,,,,,,,
acc,1778675426.0,171.0,1.3589552696343734,0.3639266451717894,-9.738079088539518,,,,,,,,,,
acc,1778675426.0,171.0,1.3480261212182736,0.3631753511112733,-9.739713772938554,,,,,,,,,,
acc,1778675426.0,171.0,1.3368413257055065,0.36278584593678537,-9.741298099288283,,,,,,,,,,
acc,1778675426.0,171.0,1.3257581679698816,0.36239988024945885,-9.74251306687285,,,,,,,,,,
acc,1778675426.0,171.0,1.3147757244149207,0.3616624601120509,-9.744107459100144,,,,,,,,,,
acc,1778675426.0,171.0,1.3038930798369945,0.36128670278642117,-9.745296897645208,,,,,,,,,,
acc,1778675426.0,171.0,1.2931093273490548,0.36091436001935695,-9.746830489371845,,,,,,,,,,
acc,1778675426.0,171.0,1.2820685974444874,0.36054540078229436,-9.747995183365827,,,,,,,,,,
acc,1778675426.0,171.0,1.2714831670336137,0.3601797943286303,-9.749504255398525,,,,,,,,,,
acc,1778675426.0,171.0,1.2609939278866595,0.35946254841772474,-9.750680146872321,,,,,,,,,,
acc,1778675426.0,171.0,1.2502450350397893,0.35910678199262286,-9.75180985849844,,,,,,,,,,
acc,1778675426.0,171.0,1.2395938188625057,0.3587542484660204,-9.752574342505998,,,,,,,,,,
acc,1778675426.0,171.0,1.2290393917534608,0.3584049184601234,-9.754041803088969,,,,,,,,,,
acc,1778675426.0,171.0,1.2185808741770618,0.3580587628640981,-9.755140966882095,,,,,,,,,,
acc,1778675426.0,171.0,1.2082173945901777,0.3573607910582092,-9.755910675008943,,,,,,,,,,
acc,1778675426.0,171.0,1.1983030602300826,0.3566691618182419,-9.757028350465477,,,,,,,,,,
acc,1778675426.0,171.0,1.1884788187916733,0.3563387792818616,-9.7581003750913,,,,,,,,,,
acc,1778675426.0,171.0,1.1787438515881634,0.3560113989770881,-9.758807696308278,,,,,,,,,,
acc,1778675426.0,171.0,1.1690973473722859,0.35533203184879386,-9.759544084359865,,,,,,,,,,
acc,1778675426.0,171.0,1.1595385022686893,0.3546588382231537,-9.760273780751815,,,,,,,,,,
acc,1778675426.0,171.0,1.150421481480384,0.3539917620006988,-9.760286913658152,,,,,,,,,,
acc,1778675426.0,171.0,1.1410323465420997,0.353330747591744,-9.76100985985797,,,,,,,,,,
acc,1778675426.0,171.0,1.132083493739463,0.3526757399117551,-9.76133577132562,,,,,,,,,,
acc,1778675426.0,171.0,1.123215960394638,0.3523816461501944,-9.761303750330306,,,,,,,,,,
acc,1778675426.0,171.0,1.1140740457730767,0.3517352630857107,-9.76162699117476,,,,,,,,,,
acc,1778675426.0,171.0,1.1053701667620988,0.3510947537931508,-9.761627827271626,,,,,,,,,,
acc,1778675426.0,171.0,1.0967453810983512,0.3508150266701759,-9.7619836175442,,,,,,,,,,
acc,1778675426.0,171.0,1.088198970049695,0.3505378414660901,-9.761945709481079,,,,,,,,,,
acc,1778675426.0,171.0,1.0800496888287292,0.35026317508212657,-9.762263116754323,,,,,,,,,,
acc,1778675426.0,171.0,1.0719744612484992,0.34999100462941984,-9.762577639703963,,,,,,,,,,
acc,1778675426.0,171.0,1.0639726143733732,0.3497213074270989,-9.762889304540245,,,,,,,,,,
acc,1778675426.0,171.0,1.0560434813827784,0.3494540610003969,-9.762878669821719,,,,,,,,,,
acc,1778675426.0,171.0,1.048186401515632,0.34950871957943547,-9.763187599155865,,,,,,,,,,
acc,1778675426.0,171.0,1.0404007200152785,0.3492434049677818,-9.763174253793087,,,,,,,,,,
acc,1778675426.0,171.0,1.0326857880749263,0.34898050130654207,-9.763480497114978,,,,,,,,,,
acc,1778675426.0,171.0,1.0253959336441536,0.3487199866870779,-9.763783957561628,,,,,,,,,,
acc,1778675426.0,171.0,1.018172323124518,0.34846183939983766,-9.76376519300789,,,,,,,,,,
acc,1778675426.0,171.0,1.0110143545484762,0.34785107615911187,-9.763711095523181,,,,,,,,,,
acc,1778675426.0,171.0,1.0039214314186466,0.34760082478150156,-9.76369299307682,,,,,,,,,,
acc,1778675426.0,171.0,0.996892962658102,0.347352847472623,-9.7639945225434,,,,,,,,,,
acc,1778675426.0,171.0,0.9899283625611123,0.346752161794265,-9.764328806330111,,,,,,,,,,
acc,1778675426.0,171.0,0.9830270507443359,0.3461569346293898,-9.764269587213525,,,,,,,,,,
acc,1778675426.0,171.0,0.976188452098455,0.34592207814916925,-9.764956342310269,,,,,,,,,,
acc,1778675426.0,171.0,0.9690570258796756,0.34568935584212784,-9.764926924134864,,,,,,,,,,
acc,1778675426.0,171.0,0.9619904039130528,0.34545874831473994,-9.765607705920479,,,,,,,,,,
acc,1778675426.0,171.0,0.9549879973134228,0.3452302363497116,-9.765891836127764,,,,,,,,,,
acc,1778675426.0,171.0,0.9480492225469023,0.3450038009043791,-9.766173384404727,,,,,,,,,,
acc,1778675426.0,171.0,0.9404990721953056,0.3447794231091219,-9.767162306847732,,,,,,,,,,
acc,1778675426.0,171.0,0.9330175310997252,0.34487656076644774,-9.767787281042873,,,,,,,,,,
acc,1778675426.0,171.0,0.9259589375718386,0.34465333921984687,-9.768087099510776,,,,,,,,,,
acc,1778675426.0,171.0,0.9192839538689358,0.34443214611818096,-9.768739164347545,,,,,,,,,,
acc,1778675426.0,171.0,0.9126696266621888,0.3442129630286916,-9.768994838560854,,,,,,,,,,
acc,1778675426.0,171.0,0.9057959373441441,0.3439957716861213,-9.769283683787293,,,,,,,,,,
acc,1778675426.0,171.0,0.8989847101875448,0.34410003049184873,-9.769889380738038,,,,,,,,,,
acc,1778675426.0,171.0,0.8922353775901277,0.34388386538279325,-9.77017009713652,,,,,,,,,,
acc,1778675426.0,171.0,0.8855473771075099,0.34331470282241744,-9.770803233487003,,,,,,,,,,
acc,1778675426.0,171.0,0.8789201514063176,0.34310567409404574,-9.771075645579703,,,,,,,,,,
acc,1778675426.0,171.0,0.8723531482177426,0.3428985448385152,-9.771345582226203,,,,,,,,,,
acc,1778675426.0,171.0,0.865845820291519,0.34269329779505453,-9.772287504195315,,,,,,,,,,
acc,1778675426.0,171.0,0.8593976253503197,0.3421349540863079,-9.772901399376256,,,,,,,,,,
acc,1778675426.0,171.0,0.8530080260445663,0.34158168412373513,-9.773119250786655,,,,,,,,,,
acc,1778675426.0,171.0,0.8466764899076499,0.34138840357494155,-9.77369009341186,,,,,,,,,,
acc,1778675426.0,171.0,0.8407219567250787,0.34119687939311255,-9.773900777850942,,,,,,,,,,
acc,1778675426.0,171.0,0.8348215332055678,0.3406521338444641,-9.774145042131428,,,,,,,,,,
acc,1778675426.0,171.0,0.8293296985077309,0.34046730024707156,-9.774351592388843,,,,,,,,,,
acc,1778675426.0,171.0,0.8235327980075295,0.3406036227586902,-9.774556265695624,,,,,,,,,,
acc,1778675426.0,171.0,0.8177885747404955,0.34041922998821483,-9.775149544328368,,,,,,,,,,
acc,1778675426.0,171.0,0.8120965500213565,0.3402365128202385,-9.775737431756474,,,,,,,,,,
acc,1778675426.0,171.0,0.8064562495147193,0.3400554560283305,-9.77592951175007,,,,,,,,,,
acc,1778675426.0,171.0,0.8012221740561148,0.3398760445244248,-9.776119846286312,,,,,,,,,,
acc,1778675426.0,171.0,0.7960356613620151,0.33969826335756287,-9.7766989164469,,,,,,,,,,
acc,1778675426.0,171.0,0.7908962792230289,0.33952209771264735,-9.776882259296704,,,,,,,,,,
acc,1778675426.0,171.0,0.7858035993573113,0.33966700940986516,-9.777063936084781,,,,,,,,,,
acc,1778675426.0,171.0,0.7804022265143001,0.3394911277738765,-9.777243961950866,,,,,,,,,,
acc,1778675426.0,171.0,0.7750499366901652,0.3393168443985357,-9.777102884483593,,,,,,,,,,
acc,1778675426.0,171.0,0.7697462838607545,0.33914414476022814,-9.776963089006694,,,,,,,,,,
acc,1778675426.0,171.0,0.7648457969155721,0.33897301446731726,-9.776824563870546,,,,,,,,,,
acc,1778675426.0,171.0,0.7599898413701326,0.3388034392589453,-9.777006764944908,,,,,,,,,,
acc,1778675426.0,171.0,0.755178012561474,0.3386354050038449,-9.776867842919494,,,,,,,,,,
acc,1778675426.0,171.0,0.7507648712772977,0.33846889769916155,-9.777085145071092,,,,,,,,,,
acc,1778675426.0,171.0,0.7460368710422923,0.3383039034692864,-9.777264978208198,,,,,,,,,,
acc,1778675426.0,171.0,0.7417067965699761,0.3377854467912648,-9.776804233262643,,,,,,,,,,
acc,1778675426.0,171.0,0.7374160700807073,0.33727170140047585,-9.77634767516986,,,,,,,,,,
acc,1778675427.0,172.0,0.7331643340139452,0.3367626244848036,-9.776214742384,,,,,,,,,,
acc,1778675427.0,172.0,0.7293062049189242,0.3366131353946073,-9.775799044523067,,,,,,,,,,
acc,1778675427.0,172.0,0.7251281643137398,0.336110042958925,-9.77535162071879,,,,,,,,,,
acc,1778675427.0,172.0,0.7213430609994882,0.3359664839669248,-9.774943766163295,,,,,,,,,,
acc,1778675427.0,172.0,0.7175923534403199,0.3354692677418197,-9.77450411439126,,,,,,,,,,
acc,1778675427.0,172.0,0.7138757290772716,0.33533153156246187,-9.773748990381904,,,,,,,,,,
acc,1778675427.0,172.0,0.7098379073310731,0.33519504701073427,-9.773355699148986,,,,,,,,,,
acc,1778675427.0,172.0,0.7058367778271523,0.3347048409394887,-9.77293047836061,,,,,,,,,,
acc,1778675427.0,172.0,0.7022269779986235,0.334574051211757,-9.77318355988619,,,,,,,,,,
acc,1778675427.0,172.0,0.6986499809182615,0.33408948821485734,-9.772404941577566,,,,,,,,,,
acc,1778675427.0,172.0,0.6951054885029759,0.33396429028207786,-9.772023863901229,,,,,,,,,,
acc,1778675427.0,172.0,0.6912382345178256,0.33348526826671965,-9.771610745683164,,,,,,,,,,
acc,1778675427.0,172.0,0.6874061228022185,0.33301059919038367,-9.771520858027896,,,,,,,,,,
acc,1778675427.0,172.0,0.6836088340135116,0.33254024349731354,-9.771112310693473,,,,,,,,,,
acc,1778675427.0,172.0,0.6798460517109725,0.33242912376463707,-9.770991448938545,,,,,,,,,,
acc,1778675427.0,172.0,0.6761174623294093,0.3323190137922743,-9.770268245003907,,,,,,,,,,
acc,1778675427.0,172.0,0.6724227551530402,0.33220990440439424,-9.770155053390141,,,,,,,,,,
acc,1778675427.0,172.0,0.6684066605161649,0.3321017865085479,-9.769758917310554,,,,,,,,,,
acc,1778675427.0,172.0,0.6644270606843327,0.33163968932147503,-9.76965035402768,,,,,,,,,,
acc,1778675427.0,172.0,0.6604836240242241,0.331181791275179,-9.769933242494798,,,,,,,,,,
acc,1778675427.0,172.0,0.6562210510555444,0.3307280542114892,-9.769823095094967,,,,,,,,,,
acc,1778675427.0,172.0,0.6519972126744527,0.33063340209241926,-9.769749452066781,,,,,,,,,,
acc,1778675427.0,172.0,0.6478117568944171,0.3301846483167548,-9.77003144001637,,,,,,,,,,
acc,1778675427.0,172.0,0.6433448675139365,0.32973997242845005,-9.77027537114271,,,,,,,,,,
acc,1778675427.0,172.0,0.6389185693724154,0.3296542991446165,-9.770872056493886,,,,,,,,,,
acc,1778675427.0,172.0,0.6341775318382398,0.3292144426122762,-9.77110834882253,,,,,,,,,,
acc,1778675427.0,172.0,0.6294795767650507,0.3287785831168203,-9.77173295915073,,,,,,,,,,
acc,1778675427.0,172.0,0.6248243126565921,0.32834668433662406,-9.772351893558861,,,,,,,,,,
acc,1778675427.0,172.0,0.6198563807136149,0.3282736720535581,-9.772929709264872,,,,,,,,,,
acc,1778675427.0,172.0,0.6149335930523638,0.32820132324316326,-9.773857236053423,,,,,,,,,,
acc,1778675427.0,172.0,0.6100555394405338,0.328129631876372,-9.774421372504877,,,,,,,,,,
acc,1778675427.0,172.0,0.6052218133736571,0.3280585919789038,-9.775335344344143,,,,,,,,,,
acc,1778675427.0,172.0,0.600077041180655,0.32798819763076714,-9.776241010795436,,,,,,,,,,
acc,1778675427.0,172.0,0.5949790202410846,0.3279184429657664,-9.777138447330962,,,,,,,,,,
acc,1778675427.0,172.0,0.5899273257198676,0.3278493221710128,-9.7780277287371,,,,,,,,,,
acc,1778675427.0,172.0,0.5849215366424606,0.32778082948644016,-9.779263890894068,,,,,,,,,,
acc,1778675427.0,172.0,0.5796062740863382,0.3277129592043247,-9.780133858101841,,,,,,,,,,
acc,1778675427.0,172.0,0.574694273826492,0.32796518216946685,-9.78099591979779,,,,,,,,,,
acc,1778675427.0,172.0,0.5698269095894646,0.3278956366491325,-9.78185014782039,,,,,,,,,,
acc,1778675427.0,172.0,0.5643293465746146,0.3281461995991762,-9.782696613355306,,,,,,,,,,
acc,1778675427.0,172.0,0.5588817406719792,0.32839448564918644,-9.784245319575344,,,,,,,,,,
acc,1778675427.0,172.0,0.5534836379143997,0.3286405154896675,-9.785070019854672,,,,,,,,,,
acc,1778675427.0,172.0,0.5477796175994065,0.3285648331224488,-9.786277691189477,,,,,,,,,,
acc,1778675427.0,172.0,0.5424824013631199,0.32848983849132357,-9.787083923028058,,,,,,,,,,
acc,1778675427.0,172.0,0.5368783507997069,0.32841552534673935,-9.787918322886808,,,,,,,,,,
acc,1778675427.0,172.0,0.5313252250155273,0.328341887495934,-9.789100111299705,,,,,,,,,,
acc,1778675427.0,172.0,0.5261775321106722,0.32826891880242,-9.79023565719149,,,,,,,,,,
acc,1778675427.0,172.0,0.5207216461395864,0.32819661318547283,-9.791396387668428,,,,,,,,,,
acc,1778675427.0,172.0,0.5153153385556789,0.3281249646196245,-9.792546570427671,,,,,,,,,,
acc,1778675427.0,172.0,0.5099581588333177,0.3280539671341611,-9.793686301317784,,,,,,,,,,
acc,1778675427.0,172.0,0.5050046314014326,0.32762865303919,-9.79481567531634,,,,,,,,,,
acc,1778675427.0,172.0,0.5000961173554975,0.3275621656054077,-9.79554432131735,,,,,,,,,,
acc,1778675427.0,172.0,0.49523220765267545,0.32749628235209255,-9.796266346011802,,,,,,,,,,
acc,1778675427.0,172.0,0.4904124969671578,0.3274309977889734,-9.796981809568422,,,,,,,,,,
acc,1778675427.0,172.0,0.48563658365638734,0.3270113447022344,-9.798081236829661,,,,,,,,,,
acc,1778675427.0,172.0,0.48090406972758826,0.3265955050608873,-9.798815702583397,,,,,,,,,,
acc,1778675427.0,172.0,0.47653402821811935,0.3261834442116286,-9.799543494145682,,,,,,,,,,
acc,1778675427.0,172.0,0.47220369787766864,0.32613008958948975,-9.800229177805896,,,,,,,,,,
acc,1778675427.0,172.0,0.46826767961880994,0.3257222580347145,-9.800944124924177,,,,,,,,,,
acc,1778675427.0,172.0,0.46436742849991947,0.3256730942748777,-9.801972042633055,,,,,,,,,,
acc,1778675427.0,172.0,0.4608575903606439,0.32526941549946153,-9.802671152098632,,,,,,,,,,
acc,1778675427.0,172.0,0.45773461746447164,0.32486940500867034,-9.803363908660218,,,,,,,,,,
acc,1778675427.0,172.0,0.45464002345308807,0.32447302946829654,-9.80369540827409,,,,,,,,,,
acc,1778675427.0,172.0,0.4519285122170945,0.32443521762048066,-9.803988401145402,,,,,,,,,,
acc,1778675427.0,172.0,0.44924164085711904,0.3240427876006976,-9.804314225910058,,,,,,,,,,
acc,1778675427.0,172.0,0.4468986528807345,0.32365392364654794,-9.804601595500293,,,,,,,,,,
acc,1778675427.0,172.0,0.4445769559587567,0.32326859335270214,-9.804886353723484,,,,,,,,,,
acc,1778675427.0,172.0,0.4422763566164421,0.323241726381738,-9.804813553448913,,,,,,,,,,
acc,1778675427.0,172.0,0.4403516339977522,0.3228601417812034,-9.804776909080378,,,,,,,,,,
acc,1778675427.0,172.0,0.4384444015985621,0.32248202469248394,-9.804740597704267,,,,,,,,,,
acc,1778675427.0,172.0,0.4365545004828385,0.3224623053792577,-9.804669121934715,,,,,,,,,,
acc,1778675427.0,172.0,0.43468177315882184,0.3224427652581464,-9.804278828261806,,,,,,,,,,
acc,1778675427.0,172.0,0.4331810253393373,0.32242340270080666,-9.804247043014687,,,,,,,,,,
acc,1778675427.0,172.0,0.4316939150219643,0.32240421609369196,-9.803825081383996,,,,,,,,,,
acc,1778675427.0,172.0,0.4302203182808432,0.3223852038379184,-9.803406954176754,,,,,,,,,,
acc,1778675427.0,172.0,0.42876011231624545,0.32236636434913135,-9.803383091769517,,,,,,,,,,
acc,1778675427.0,172.0,0.427668146304914,0.3226671725580306,-9.80296898098277,,,,,,,,,,
acc,1778675427.0,172.0,0.426586103139108,0.3229652472813097,-9.802558633277773,,,,,,,,,,
acc,1778675427.0,172.0,0.4251589217879903,0.3229411368578717,-9.80254247967937,,,,,,,,,,
acc,1778675427.0,172.0,0.4237447094303549,0.3229172455291718,-9.802136007650452,,,,,,,,,,
acc,1778675427.0,172.0,0.42234334821517205,0.32253860953083047,-9.80176873273589,,,,,,,,,,
acc,1778675427.0,172.0,0.42130969222291376,0.32251837602338557,-9.801369291852005,,,,,,,,,,
acc,1778675427.0,172.0,0.4199304583444341,0.3224983263806093,-9.80097348074244,,,,,,,,,,
acc,1778675427.0,172.0,0.4185637577541498,0.32247845893169813,-9.800332796816388,,,,,,,,,,
acc,1778675427.0,172.0,0.41685451478690944,0.32245877202103124,-9.800301375340526,,,,,,,,,,
acc,1778675427.0,172.0,0.4151608039459014,0.3220843022345972,-9.799915268535369,,,,,,,,,,
acc,1778675427.0,172.0,0.4134824840885555,0.3217132353066827,-9.799923135556412,,,,,,,,,,
acc,1778675427.0,172.0,0.4118194153548836,0.3213455403150438,-9.799540465868263,,,,,,,,,,
acc,1778675427.0,172.0,0.40981648829525136,0.3209811866184311,-9.79955173877276,,,,,,,,,,
acc,1778675427.0,172.0,0.4078317621096437,0.32062014385403664,-9.79956290923882,,,,,,,,,,
acc,1778675427.0,172.0,0.4055456039906924,0.32026238193496337,-9.7995384838374,,,,,,,,,,
acc,1778675427.0,172.0,0.4032802205054069,0.319907871047718,-9.799904745613457,,,,,,,,,,
acc,1778675427.0,172.0,0.40103542287183025,0.3195565816497266,-9.799877213897824,,,,,,,,,,
acc,1778675427.0,172.0,0.39845606225005736,0.31920848446687267,-9.799849932366683,,,,,,,,,,
acc,1778675427.0,172.0,0.3955451697728987,0.31921851226449316,-9.79985839310649,,,,,,,,,,
acc,1778675427.0,172.0,0.39266072897655446,0.31922844893813573,-9.79986677696239,,,,,,,,,,
acc,1778675427.0,172.0,0.38980249949095824,0.31923829531585646,-9.799875084633035,,,,,,,,,,
acc,1778675427.0,172.0,0.38661527226974635,0.31924805221818686,-9.80020279331139,,,,,,,,,,
acc,1778675427.0,172.0,0.3834570078212236,0.3192577204582021,-9.800527524055855,,,,,,,,,,
acc,1778675427.0,172.0,0.38032744295668597,0.3192673008415889,-9.80120426570076,,,,,,,,,,
acc,1778675427.0,172.0,0.3772263168790614,0.31927679416671245,-9.80187485770114,,,,,,,,,,
acc,1778675427.0,172.0,0.37415337116117675,0.3189312394512477,-9.802219888526142,,,,,,,,,,
acc,1778675427.0,172.0,0.37075338795078666,0.31858882483907053,-9.802561784008521,,,,,,,,,,
acc,1778675427.0,172.0,0.3677392626294947,0.31824952179563,-9.802900572639567,,,,,,,,,,
acc,1778675427.0,172.0,0.3647525270800885,0.31791330204567236,-9.803236282651667,,,,,,,,,,
acc,1778675427.0,172.0,0.36179293240793897,0.3175801375708852,-9.803568942020656,,,,,,,,,,
acc,1778675427.0,172.0,0.35886023198015676,0.3172500006075623,-9.803898578468145,,,,,,,,,,
acc,1778675427.0,172.0,0.3559541814050396,0.31692286364429006,-9.80422521946384,,,,,,,,,,
acc,1778675427.0,172.0,0.35307453851170617,0.31659869941965485,-9.804158427007334,,,,,,,,,,
acc,1778675427.0,172.0,0.35057603419048866,0.31627748091997127,-9.804482706723569,,,,,,,,,,
acc,1778675427.0,172.0,0.3477452632615471,0.315959181377031,-9.804413574444874,,,,,,,,,,
acc,1778675427.0,172.0,0.34529518679845056,0.31564377426587215,-9.804735535601205,,,,,,,,,,
acc,1778675427.0,172.0,0.34286737451758725,0.3156861950760043,-9.804699600191597,,,,,,,,,,
acc,1778675427.0,172.0,0.3408165949618403,0.3153732686289573,-9.80462849697209,,,,,,,,,,
acc,1778675427.0,172.0,0.33913941289577576,0.3154181475610649,-9.804593534237245,,,,,,,,,,
acc,1778675427.0,172.0,0.33712250984068365,0.31546261867213593,-9.804558889213586,,,,,,,,,,
acc,1778675427.0,172.0,0.33547889643484713,0.3155066856680963,-9.804524559014029,,,,,,,,,,
acc,1778675427.0,172.0,0.3341696861838997,0.3151953904477601,-9.804490540777723,,,,,,,,,,
acc,1778675427.0,172.0,0.33287237290680094,0.3152418857833968,-9.804421337309899,,,,,,,,,,
acc,1778675427.0,172.0,0.3315868484941111,0.3152879586095154,-9.804352762703518,,,,,,,,,,
acc,1778675427.0,172.0,0.3303130058187957,0.3153336127655182,-9.80428481124403,,,,,,,,,,
acc,1778675427.0,172.0,0.3294057095878718,0.3153788520559181,-9.80389800985529,,,,,,,,,,
acc,1778675427.0,172.0,0.3285066580827469,0.315423680250656,-9.804224656018048,,,,,,,,,,
acc,1778675427.0,172.0,0.32797073815589783,0.31546810108541473,-9.804193363041568,,,,,,,,,,
acc,1778675427.0,172.0,0.3270847264337928,0.3155121182619306,-9.80412686006876,,,,,,,,,,
acc,1778675427.0,172.0,0.326206766022224,0.3155557354483016,-9.804060961417623,,,,,,,,,,
acc,1778675427.0,172.0,0.3256917455312592,0.31559895627929335,-9.804031155956519,,,,,,,,,,
acc,1778675428.0,173.0,0.32482644332898647,0.3156417843566417,-9.80396612698183,,,,,,,,,,
acc,1778675428.0,173.0,0.32396900424699115,0.3156842232493531,-9.80358222152087,,,,,,,,,,
acc,1778675428.0,173.0,0.32347431860545195,0.3157262764940019,-9.803556766435138,,,,,,,,,,
acc,1778675428.0,173.0,0.32298412824046324,0.3157679475950253,-9.803531542663276,,,,,,,,,,
acc,1778675428.0,173.0,0.32214343052939237,0.3158092400250149,-9.803471053743387,,,,,,,,,,
acc,1778675428.0,173.0,0.3213103723541989,0.3158501572250066,-9.803411114494644,,,,,,,,,,
acc,1778675428.0,173.0,0.3204848842933683,0.31589070260476704,-9.803351719922107,,,,,,,,,,
acc,1778675428.0,173.0,0.3196668975562288,0.31593087954307786,-9.803292865076232,,,,,,,,,,
acc,1778675428.0,173.0,0.3185013731166457,0.3159706913880173,-9.803234545052446,,,,,,,,,,
acc,1778675428.0,173.0,0.3173464399581557,0.31601014145723905,-9.803176754990748,,,,,,,,,,
acc,1778675428.0,173.0,0.3162020018363289,0.3160492330382489,-9.803119490075298,,,,,,,,,,
acc,1778675428.0,173.0,0.31506796338132176,0.3160879693886786,-9.803062745534023,,,,,,,,,,
acc,1778675428.0,173.0,0.3136247626764102,0.3157713919631219,-9.803006516638208,,,,,,,,,,
acc,1778675428.0,173.0,0.312194676535055,0.31581265309366424,-9.802986293062029,,,,,,,,,,
acc,1778675428.0,173.0,0.31042262400997556,0.3158535392786311,-9.802966253260271,,,,,,,,,,
acc,1778675428.0,173.0,0.30866667437023027,0.31553909215176895,-9.802910901203036,,,,,,,,,,
acc,1778675428.0,173.0,0.3069266812866825,0.3155824642226883,-9.802891546497484,,,,,,,,,,
acc,1778675428.0,173.0,0.3052024997599086,0.31562544216562627,-9.803191844171465,,,,,,,,,,
acc,1778675428.0,173.0,0.30313901524754144,0.31531306778864243,-9.803524907359042,,,,,,,,,,
acc,1778675428.0,173.0,0.3010942819031116,0.315003532000641,-9.803464478735076,,,,,,,,,,
acc,1778675428.0,173.0,0.2990681293321737,0.314696809006973,-9.803795064454828,,,,,,,,,,
acc,1778675428.0,173.0,0.2970603886886801,0.3143928732473889,-9.804122646096618,,,,,,,,,,
acc,1778675428.0,173.0,0.2950708926609106,0.31409169939390874,-9.804056785738426,,,,,,,,,,
acc,1778675428.0,173.0,0.29309947545752946,0.3137932623487114,-9.80399152386238,,,,,,,,,,
acc,1778675428.0,173.0,0.2911459727937698,0.3134975372420431,-9.804317320250476,,,,,,,,,,
acc,1778675428.0,173.0,0.289210221877743,0.313204499430145,-9.804640156081927,,,,,,,,,,
acc,1778675428.0,173.0,0.28729206139687263,0.3129141244931994,-9.804960058259718,,,,,,,,,,
acc,1778675428.0,173.0,0.285391331504452,0.31262638823329486,-9.805277053442365,,,,,,,,,,
acc,1778675428.0,173.0,0.2835078738063234,0.3126962284458453,-9.805555673686216,,,,,,,,,,
acc,1778675428.0,173.0,0.28128656048710543,0.31241047223733076,-9.805867256429456,,,,,,,,,,
acc,1778675428.0,173.0,0.2794404034085013,0.31212731273483596,-9.806176007777399,,,,,,,,,,
acc,1778675428.0,173.0,0.2776110226135145,0.3118467263417357,-9.806481953459324,,,,,,,,,,
acc,1778675428.0,173.0,0.27579826565374554,0.3115686896758306,-9.806394653750214,,,,,,,,,,
acc,1778675428.0,173.0,0.27435695232668766,0.31129317956739855,-9.806308147345584,,,,,,,,,,
acc,1778675428.0,173.0,0.2729287364123236,0.3113751348306993,-9.80657739789714,,,,,,,,,,
acc,1778675428.0,173.0,0.27151349889266063,0.31110138358180034,-9.80687969609177,,,,,,,,,,
acc,1778675428.0,173.0,0.2701111218312387,0.31118508172163545,-9.8068242764005,,,,,,,,,,
acc,1778675428.0,173.0,0.26872148836330273,0.31126801928494735,-9.807088836816254,,,,,,,,,,
acc,1778675428.0,173.0,0.2676994444594992,0.31135020318319967,-9.807031516634419,,,,,,,,,,
acc,1778675428.0,173.0,0.26668668800940065,0.3117511167657078,-9.80697471732897,,,,,,,,,,
acc,1778675428.0,173.0,0.26600260203015574,0.3118289106906226,-9.806882939806716,,,,,,,,,,
acc,1778675428.0,173.0,0.26500526502089383,0.3119059976914282,-9.806827490639362,,,,,,,,,,
acc,1778675428.0,173.0,0.2643364583639032,0.3119823841920414,-9.806737050986312,,,,,,,,,,
acc,1778675428.0,173.0,0.2636737292451095,0.31205807655800394,-9.806327965757324,,,,,,,,,,
acc,1778675428.0,173.0,0.2630170224370863,0.31245255759767027,-9.806242065355669,,,,,,,,,,
acc,1778675428.0,173.0,0.2627212540748394,0.3125239774331458,-9.806156945542794,,,,,,,,,,
acc,1778675428.0,173.0,0.26207320253985883,0.3125947482667408,-9.80607259922538,,,,,,,,,,
acc,1778675428.0,173.0,0.2617860107989965,0.31266487599602466,-9.80598901937457,,,,,,,,,,
acc,1778675428.0,173.0,0.2615014288090341,0.3130538429656321,-9.805906199025372,,,,,,,,,,
acc,1778675428.0,173.0,0.26121943285480576,0.31311979883816277,-9.805824131276095,,,,,,,,,,
acc,1778675428.0,173.0,0.2605850285760754,0.3131851553605966,-9.805742809287757,,,,,,,,,,
acc,1778675428.0,173.0,0.2599563892163931,0.3132499179793105,-9.805662226283527,,,,,,,,,,
acc,1778675428.0,173.0,0.25933346238914545,0.3136335685918466,-9.805582375548154,,,,,,,,,,
acc,1778675428.0,173.0,0.25871619618376357,0.31369425641777476,-9.805893715647898,,,,,,,,,,
acc,1778675428.0,173.0,0.25845951002197026,0.31375439276507106,-9.80581176133679,,,,,,,,,,
acc,1778675428.0,173.0,0.25820515640267877,0.314133459145755,-9.805730551755794,,,,,,,,,,
acc,1778675428.0,173.0,0.2575981432691809,0.31418960439737725,-9.805650080137443,,,,,,,,,,
acc,1778675428.0,173.0,0.25699664614762213,0.3142452394493659,-9.805570339775771,,,,,,,,,,
acc,1778675428.0,173.0,0.25640061491324234,0.3143003689379753,-9.805491324025748,,,,,,,,,,
acc,1778675428.0,173.0,0.255809999896772,0.3143549974573296,-9.805803491523216,,,,,,,,,,
acc,1778675428.0,173.0,0.25522475188029303,0.3144091295598053,-9.806112822311643,,,,,,,,,,
acc,1778675428.0,173.0,0.25464482209313744,0.3141078079829755,-9.806064371308024,,,,,,,,,,
acc,1778675428.0,173.0,0.2540701622078229,0.31416418633024645,-9.80598086622543,,,,,,,,,,
acc,1778675428.0,173.0,0.2531812569225062,0.31386509058627604,-9.805898119965024,,,,,,,,,,
acc,1778675428.0,173.0,0.252300429241933,0.31356871276652115,-9.80581612563128,,,,,,,,,,
acc,1778675428.0,173.0,0.2514276057637967,0.31327502817283015,-9.805734876391337,,,,,,,,,,
acc,1778675428.0,173.0,0.25056271375280736,0.3133389741049224,-9.806364298108438,,,,,,,,,,
acc,1778675428.0,173.0,0.2493507193611952,0.3130473771780879,-9.806668532770194,,,,,,,,,,
acc,1778675428.0,173.0,0.24814973852952982,0.3127584300326849,-9.806579537589192,,,,,,,,,,
acc,1778675428.0,173.0,0.24695967117607523,0.3124721085897846,-9.806881816340145,,,,,,,,,,
acc,1778675428.0,173.0,0.24578041812855198,0.3125433507627023,-9.806826377381887,,,,,,,,,,
acc,1778675428.0,173.0,0.2442569102552995,0.31261394554818356,-9.806771442205076,,,,,,,,,,
acc,1778675428.0,173.0,0.2431022175684749,0.31268389882912717,-9.807036482732439,,,,,,,,,,
acc,1778675428.0,173.0,0.24195801773311432,0.3123982546615377,-9.806944143939457,,,,,,,,,,
acc,1778675428.0,173.0,0.24046924453865826,0.3121152061818367,-9.807243109462293,,,,,,,,,,
acc,1778675428.0,173.0,0.23934897089182033,0.3118347298026508,-9.80753935824425,,,,,,,,,,
acc,1778675428.0,173.0,0.23788390646531682,0.3115568021509485,-9.807832914972728,,,,,,,,,,
acc,1778675428.0,173.0,0.23643215528101874,0.3112814000660921,-9.808123804110787,,,,,,,,,,
acc,1778675428.0,173.0,0.23499359635966074,0.3110085005979079,-9.8080215846787,,,,,,,,,,
acc,1778675428.0,173.0,0.23392308068190598,0.3107380810047735,-9.808310759349158,,,,,,,,,,
acc,1778675428.0,173.0,0.23250732206696811,0.31047011875172287,-9.808952268022999,,,,,,,,,,
acc,1778675428.0,173.0,0.23145939950610908,0.31020459150856816,-9.809232985445739,,,,,,,,,,
acc,1778675428.0,173.0,0.23042099956187556,0.30994147714803916,-9.80912068673011,,,,,,,,,,
acc,1778675428.0,173.0,0.22939203570093886,0.30968075374393916,-9.809009408488373,,,,,,,,,,
acc,1778675428.0,173.0,0.22837242217631057,0.30942239956931783,-9.808899141447347,,,,,,,,,,
acc,1778675428.0,173.0,0.22736207402019698,0.30916639309466065,-9.808789876418107,,,,,,,,,,
acc,1778675428.0,173.0,0.2263609070369184,0.3089127129860947,-9.808681604295234,,,,,,,,,,
acc,1778675428.0,173.0,0.22536883779589292,0.30901629987704643,-9.80860981041597,,,,,,,,,,
acc,1778675428.0,173.0,0.22438578362468375,0.30911894545965457,-9.808538668937572,,,,,,,,,,
acc,1778675428.0,173.0,0.2237666243755455,0.3092206582877177,-9.808468173931587,,,,,,,,,,
acc,1778675428.0,173.0,0.22279812973833635,0.30932144683730484,-9.808398319523429,,,,,,,,,,
acc,1778675428.0,173.0,0.2221933977187076,0.3094213195074617,-9.808329099891898,,,,,,,,,,
acc,1778675428.0,173.0,0.2215941609822221,0.30952028462091086,-9.808579985769349,,,,,,,,,,
acc,1778675428.0,173.0,0.2210003695924851,0.30993782692540234,-9.808509115311622,,,,,,,,,,
acc,1778675428.0,173.0,0.22073144148040033,0.31035157496547094,-9.80840339450359,,,,,,,,,,
acc,1778675428.0,173.0,0.22046495715510558,0.31076156322012,-9.808298634395099,,,,,,,,,,
acc,1778675428.0,173.0,0.22020089440957377,0.3111678258550374,-9.808194826256141,,,,,,,,,,
acc,1778675428.0,173.0,0.21961976382505655,0.3115703967254427,-9.808127455795955,,,,,,,,,,
acc,1778675428.0,173.0,0.21904391405419144,0.3116498328782512,-9.808060697540418,,,,,,,,,,
acc,1778675428.0,173.0,0.21879276452301702,0.3117285471837996,-9.807959051566426,,,,,,,,,,
acc,1778675428.0,173.0,0.21854389722221954,0.3118065462016133,-9.807858329263398,,,,,,,,,,
acc,1778675428.0,173.0,0.21829729141285723,0.3118838364316105,-9.807758522237808,,,,,,,,,,
acc,1778675428.0,173.0,0.21840789740501926,0.31196042431464366,-9.807659622172405,,,,,,,,,,
acc,1778675428.0,173.0,0.21851749830529837,0.31203631623303635,-9.807561620825517,,,,,,,,,,
acc,1778675428.0,173.0,0.21827113238652968,0.3121115185111151,-9.807464510030364,,,,,,,,,,
acc,1778675428.0,173.0,0.21802700522879317,0.3121860374157365,-9.80736828169438,,,,,,,,,,
acc,1778675428.0,173.0,0.21778509648815908,0.31225987915680914,-9.807272927798538,,,,,,,,,,
acc,1778675428.0,173.0,0.21754538600556567,0.311978088114376,-9.807213934756595,,,,,,,,,,
acc,1778675428.0,173.0,0.21730785380513937,0.3116988577459524,-9.807155477792548,,,,,,,,,,
acc,1778675428.0,173.0,0.21707248009253016,0.31142216478234097,-9.807097552034984,,,,,,,,,,
acc,1778675428.0,173.0,0.216839245253262,0.31114798616579475,-9.807359629157412,,,,,,,,,,
acc,1778675428.0,173.0,0.21660812985109829,0.31087629904809566,-9.807619324748938,,,,,,,,,,
acc,1778675428.0,173.0,0.21605964721290263,0.31060708078865057,-9.807912154810776,,,,,,,,,,
acc,1778675428.0,173.0,0.21551614871197472,0.3106952707260401,-9.807847353024941,,,,,,,,,,
acc,1778675428.0,173.0,0.2149775890567728,0.3104276974958879,-9.807747645741943,,,,,,,,,,
acc,1778675428.0,173.0,0.21444392336732562,0.31016255574052704,-9.807648844512755,,,,,,,,,,
acc,1778675428.0,173.0,0.21356014539805684,0.3098998233648112,-9.807941406324433,,,,,,,,,,
acc,1778675428.0,173.0,0.21268439844090456,0.3096394784743758,-9.808231309586638,,,,,,,,,,
acc,1778675428.0,173.0,0.21217157129039124,0.3093814993738132,-9.808128113237487,,,,,,,,,,
acc,1778675428.0,173.0,0.21130844249738323,0.3091258645648651,-9.808025854647772,,,,,,,,,,
acc,1778675428.0,173.0,0.2108081188480189,0.30851759097119524,-9.807924525295943,,,,,,,,,,
acc,1778675428.0,173.0,0.21031234170855856,0.3082698066168752,-9.80821458195838,,,,,,,,,,
acc,1778675428.0,173.0,0.2098210697642406,0.30802427391310655,-9.80811153761549,,,,,,,,,,
acc,1778675428.0,173.0,0.20897930030230077,0.3077809723988306,-9.808009429650735,,,,,,,,,,
acc,1778675428.0,173.0,0.20814518011538616,0.3075398817989213,-9.808298714775606,,,,,,,,,,
acc,1778675428.0,173.0,0.20731863969348116,0.3073009820224952,-9.80819490590622,,,,,,,,,,
acc,1778675428.0,173.0,0.20649961015821727,0.30706425316123764,-9.808092040362325,,,,,,,,,,
acc,1778675428.0,173.0,0.20568802325713323,0.30718463726117906,-9.80802560393171,,,,,,,,,,
acc,1778675429.0,174.0,0.20488381135798728,0.30694896564079005,-9.807924276858174,,,,,,,,,,
acc,1778675429.0,174.0,0.20444186921655672,0.30707039737430664,-9.808178841418282,,,,,,,,,,
acc,1778675429.0,174.0,0.20364898129079198,0.30719072564093775,-9.808111616214518,,,,,,,,,,
acc,1778675429.0,174.0,0.20286329844680148,0.30730996046803893,-9.808045001895438,,,,,,,,,,
acc,1778675429.0,174.0,0.20208475521101488,0.3074281117918458,-9.808298469410508,,,,,,,,,,
acc,1778675429.0,174.0,0.2013132867048292,0.307545189458302,-9.808230157130703,,,,,,,,,,
acc,1778675429.0,174.0,0.20054882863920226,0.30798067972453697,-9.80848194211465,,,,,,,,,,
acc,1778675429.0,174.0,0.19979131730929525,0.30841221263074897,-9.808411962593116,,,,,,,,,,
acc,1778675429.0,174.0,0.19904068958916402,0.3085203476373563,-9.808342618985131,,,,,,,,,,
acc,1778675429.0,174.0,0.19829688292649855,0.308946976506924,-9.808948343786156,,,,,,,,,,
acc,1778675429.0,174.0,0.19720486447683702,0.3093697285412006,-9.808874126008403,,,,,,,,,,
acc,1778675429.0,174.0,0.1964777402097885,0.309469162468865,-9.808800582657817,,,,,,,,,,
acc,1778675429.0,174.0,0.1957572234210908,0.3095676928267352,-9.808727707605787,,,,,,,,,,
acc,1778675429.0,174.0,0.1950432540676782,0.30966532782567424,-9.808655494779389,,,,,,,,,,
acc,1778675429.0,174.0,0.19433577265210455,0.30976207560193214,-9.808903414661547,,,,,,,,,,
acc,1778675429.0,174.0,0.19363472021758527,0.30985794421782353,-9.808829605160936,,,,,,,,,,
acc,1778675429.0,174.0,0.1929400383430841,0.30995294166239973,-9.808756466377423,,,,,,,,,,
acc,1778675429.0,174.0,0.19225166913844485,0.31004707585211444,-9.808683992216107,,,,,,,,,,
acc,1778675429.0,174.0,0.19156955523956715,0.31014035463148354,-9.808612176637476,,,,,,,,,,
acc,1778675429.0,174.0,0.1912486015770616,0.3102327857737386,-9.808860490157556,,,,,,,,,,
acc,1778675429.0,174.0,0.19057560269125196,0.3099694152080392,-9.809142041578399,,,,,,,,,,
acc,1778675429.0,174.0,0.19026368121243545,0.3097084379269405,-9.809030569282216,,,,,,,,,,
acc,1778675429.0,174.0,0.1899545942070533,0.30980479395577126,-9.808955604310057,,,,,,,,,,
acc,1778675429.0,174.0,0.18964831591785508,0.30990027438409834,-9.808881320554924,,,,,,,,,,
acc,1778675429.0,174.0,0.18966428823516954,0.3099948871686241,-9.808772217466588,,,,,,,,,,
acc,1778675429.0,174.0,0.18968011540983692,0.31008864019374727,-9.80866410581304,,,,,,,,,,
acc,1778675429.0,174.0,0.18937633134726894,0.31018154127221986,-9.80891194744555,,,,,,,,,,
acc,1778675429.0,174.0,0.18939477522583276,0.31027359814579847,-9.809193031266929,,,,,,,,,,
acc,1778675429.0,174.0,0.18941305150233206,0.31036481848588926,-9.809081095620424,,,,,,,,,,
acc,1778675429.0,174.0,0.1894311616997899,0.3104552098941872,-9.808970177148556,,,,,,,,,,
acc,1778675429.0,174.0,0.1894491073273894,0.31054477990330964,-9.809250731828605,,,,,,,,,,
acc,1778675429.0,174.0,0.1894668898805995,0.31063353597742405,-9.808818804435631,,,,,,,,,,
acc,1778675429.0,174.0,0.18948451084129966,0.3107214855128699,-9.80871026943988,,,,,,,,,,
acc,1778675429.0,174.0,0.18950197167790325,0.3108086358387751,-9.808602720716582,,,,,,,,,,
acc,1778675429.0,174.0,0.18951927384548,0.3105400324442314,-9.80853164366326,,,,,,,,,,
acc,1778675429.0,174.0,0.1895364187858772,0.3106288316591602,-9.808425718136993,,,,,,,,,,
acc,1778675429.0,174.0,0.1895534079278399,0.310716823943394,-9.808320755170572,,,,,,,,,,
acc,1778675429.0,174.0,0.1895702426871299,0.3104490548561875,-9.808252240376996,,,,,,,,,,
acc,1778675429.0,174.0,0.18958692446664385,0.31018371902355235,-9.807793882966298,,,,,,,,,,
acc,1778675429.0,174.0,0.18960345465653,0.3099207943341692,-9.807730155933001,,,,,,,,,,
acc,1778675429.0,174.0,0.1896198346343042,0.3096602588776472,-9.807667007996033,,,,,,,,,,
acc,1778675429.0,174.0,0.18931659835144507,0.3094020909426983,-9.80724947211963,,,,,,,,,,
acc,1778675429.0,174.0,0.18901611761844855,0.30914626901532805,-9.807155197862755,,,,,,,,,,
acc,1778675429.0,174.0,0.18836340562181803,0.30889277177704233,-9.807061780289036,,,,,,,,,,
acc,1778675429.0,174.0,0.18771662490898933,0.3086415781030714,-9.806969211613675,,,,,,,,,,
acc,1778675429.0,174.0,0.18743068335500526,0.3083926670606091,-9.807267949343103,,,,,,,,,,
acc,1778675429.0,174.0,0.18679237841786522,0.30814601790706847,-9.807173507181155,,,,,,,,,,
acc,1778675429.0,174.0,0.18615987384559335,0.30790161008835343,-9.807079923228137,,,,,,,,,,
acc,1778675429.0,174.0,0.18553311692947527,0.30765942323714573,-9.806987189685389,,,,,,,,,,
acc,1778675429.0,174.0,0.18526701721320352,0.3074194371712078,-9.807285764045604,,,,,,,,,,
acc,1778675429.0,174.0,0.184648373808264,0.3071816318917008,-9.807191159999,,,,,,,,,,
acc,1778675429.0,174.0,0.18403535210114183,0.3069459875815181,-9.807097415632397,,,,,,,,,,
acc,1778675429.0,174.0,0.1837828627801303,0.3067124846036339,-9.80739498835425,,,,,,,,,,
acc,1778675429.0,174.0,0.18282273523034168,0.3064811034994666,-9.807689856991802,,,,,,,,,,
acc,1778675429.0,174.0,0.18222630335239548,0.3066067867606932,-9.807946551757519,,,,,,,,,,
acc,1778675429.0,174.0,0.18163529133306197,0.3067313279208165,-9.807881437401893,,,,,,,,,,
acc,1778675429.0,174.0,0.18104964992133957,0.3068547373582665,-9.807816914749383,,,,,,,,,,
acc,1778675429.0,174.0,0.18046933031377727,0.3069770253571631,-9.808072454923758,,,,,,,,,,
acc,1778675429.0,174.0,0.17953931328983452,0.30709820210817274,-9.808006196468721,,,,,,,,,,
acc,1778675429.0,174.0,0.1789727183192392,0.30721827770935806,-9.808260016614048,,,,,,,,,,
acc,1778675429.0,174.0,0.17876623384860602,0.3073372621670192,-9.8081920537601,,,,,,,,,,
acc,1778675429.0,174.0,0.178206663957358,0.307100203623092,-9.80808921413405,,,,,,,,,,
acc,1778675429.0,174.0,0.17765217895477312,0.3068652992628001,-9.808377774246335,,,,,,,,,,
acc,1778675429.0,174.0,0.17745769440720333,0.30698749128421565,-9.808628217813224,,,,,,,,,,
acc,1778675429.0,174.0,0.1772649771675008,0.30710857292990484,-9.808556909064274,,,,,,,,,,
acc,1778675429.0,174.0,0.17707401117589558,0.3072285542900049,-9.809160686581837,,,,,,,,,,
acc,1778675429.0,174.0,0.17720424793207454,0.3069924835895269,-9.809084539215856,,,,,,,,,,
acc,1778675429.0,174.0,0.1773333012089145,0.30711351986945024,-9.808973589451561,,,,,,,,,,
acc,1778675429.0,174.0,0.1774611817608552,0.3072334562760294,-9.809254113123544,,,,,,,,,,
acc,1778675429.0,174.0,0.1779428711051826,0.30735230280396486,-9.809141622417796,,,,,,,,,,
acc,1778675429.0,174.0,0.1787751450455376,0.307470069357134,-9.80867518307001,,,,,,,,,,
acc,1778675429.0,174.0,0.17959985599797973,0.30790624225007346,-9.808603447541303,,,,,,,,,,
acc,1778675429.0,174.0,0.1804170726884217,0.3083384515798671,-9.808141898662736,,,,,,,,,,
acc,1778675429.0,174.0,0.18122686321825437,0.30876673336395905,-9.80768454394239,,,,,,,,,,
acc,1778675429.0,174.0,0.1820292950700219,0.309191123292498,-9.807231345267372,,,,,,,,,,
acc,1778675429.0,174.0,0.18282443511304527,0.3099666185047468,-9.806817768318181,,,,,,,,,,
acc,1778675429.0,174.0,0.18361234960899472,0.3103801049117689,-9.806123976546079,,,,,,,,,,
acc,1778675429.0,174.0,0.1843931042174116,0.3107898339108669,-9.805436489355356,,,,,,,,,,
acc,1778675429.0,174.0,0.18481180222774438,0.3111958396461242,-9.80471974600836,,,,,,,,,,
acc,1778675429.0,174.0,0.18522669547159612,0.311598155951352,-9.804009515806863,,,,,,,,,,
acc,1778675429.0,174.0,0.18528284766283057,0.31199681635290905,-9.803305739565017,,,,,,,,,,
acc,1778675429.0,174.0,0.18501902217785074,0.31207237757183826,-9.802892331688405,,,,,,,,,,
acc,1778675429.0,174.0,0.18475759411138573,0.31214725215556516,-9.8024826805061,,,,,,,,,,
acc,1778675429.0,174.0,0.18378860904375455,0.3118664845702028,-9.80211225532756,,,,,,,,,,
acc,1778675429.0,174.0,0.182828429276877,0.3115882683585546,-9.802064663667148,,,,,,,,,,
acc,1778675429.0,174.0,0.18152200393519927,0.3113125803359363,-9.802407969699198,,,,,,,,,,
acc,1778675429.0,174.0,0.1798724884870806,0.311039397528346,-9.802748156062055,,,,,,,,,,
acc,1778675429.0,174.0,0.17823796241300252,0.31041373539711414,-9.803085251104585,,,,,,,,,,
acc,1778675429.0,174.0,0.17661828950245886,0.3097937587438321,-9.803774244691477,,,,,,,,,,
acc,1778675429.0,174.0,0.17501333478270706,0.3091794159037787,-9.804456977298758,,,,,,,,,,
acc,1778675429.0,174.0,0.17342296450752048,0.30857065568171727,-9.805133505820814,,,,,,,,,,
acc,1778675429.0,174.0,0.17152757873252333,0.30796742734762933,-9.806158857495596,,,,,,,,,,
acc,1778675429.0,174.0,0.16996888400260676,0.30772464240592257,-9.807174891658503,,,,,,,,,,
acc,1778675429.0,174.0,0.16842435334635708,0.3074840636844163,-9.808181692979048,,,,,,,,,,
acc,1778675429.0,174.0,0.16689385805288626,0.30760063290831924,-9.80878888013685,,,,,,,,,,
acc,1778675429.0,174.0,0.16537727058091983,0.3073611810781957,-9.809426044061247,,,,,,,,,,
acc,1778675429.0,174.0,0.16422942632160403,0.3074788669532642,-9.810021923629401,,,,,,,,,,
acc,1778675429.0,174.0,0.16309201268114837,0.30759548340057885,-9.810612388357857,,,,,,,,,,
acc,1778675429.0,174.0,0.16231990573565605,0.30771104013817685,-9.81119748745201,,,,,,,,,,
acc,1778675429.0,174.0,0.16155481503230837,0.3078255467957864,-9.811777269670117,,,,,,,,,,
acc,1778675429.0,174.0,0.16115164767412,0.30793901291562886,-9.812351783327362,,,,,,,,,,
acc,1778675429.0,174.0,0.16075214395323778,0.3076964861797788,-9.812601608886364,,,,,,,,,,
acc,1778675429.0,174.0,0.16071123235112056,0.30745616331777703,-9.812849164246108,,,,,,,,,,
acc,1778675429.0,174.0,0.16099015993188545,0.30721802430271844,-9.813413937449726,,,,,,,,,,
acc,1778675429.0,174.0,0.16126655285931132,0.30698204928968503,-9.813618616708029,,,,,,,,,,
acc,1778675429.0,174.0,0.16154043416614214,0.30674821861409246,-9.813821436017724,,,,,,,,,,
acc,1778675429.0,174.0,0.1621667975363934,0.30651651279005104,-9.813702935779764,,,,,,,,,,
acc,1778675429.0,174.0,0.16278746905643937,0.3062869125087421,-9.813585512369785,,,,,,,,,,
acc,1778675429.0,174.0,0.1634025004489067,0.306059398636809,-9.813469156002505,,,,,,,,,,
acc,1778675429.0,174.0,0.16436690473984697,0.30583395221476223,-9.812998895208121,,,,,,,,,,
acc,1778675429.0,174.0,0.16532254535618224,0.30561055445540003,-9.812852375151857,,,,,,,,,,
acc,1778675429.0,174.0,0.16626950193463053,0.305744148515678,-9.81235221568295,,,,,,,,,,
acc,1778675429.0,174.0,0.16720785338824,0.30587652858833225,-9.811856601232016,,,,,,,,,,
acc,1778675429.0,174.0,0.1681376779129652,0.30600770570503555,-9.81136549049785,,,,,,,,,,
acc,1778675429.0,174.0,0.1690590529941831,0.30613769079721426,-9.810878842554562,,,,,,,,,,
acc,1778675429.0,174.0,0.16997205541315055,0.3062664946969594,-9.810396616848152,,,,,,,,,,
acc,1778675429.0,174.0,0.17087676125340243,0.30639412813792927,-9.809670303586596,,,,,,,,,,
acc,1778675429.0,174.0,0.1717732459070921,0.30684007825690124,-9.809199060040223,,,,,,,,,,
acc,1778675429.0,174.0,0.172661584081274,0.3072819759657279,-9.808483629142303,,,,,,,,,,
acc,1778675429.0,174.0,0.17354184980412934,0.3077198580892184,-9.808023169070028,,,,,,,,,,
acc,1778675429.0,174.0,0.17441411643113505,0.3081537611175497,-9.80731842365529,,,,,,,,,,
acc,1778675429.0,174.0,0.17492349487774114,0.30858372120930744,-9.806584578912139,,,,,,,,,,
acc,1778675429.0,174.0,0.17542824453225372,0.30900977419449926,-9.806496346631405,,,,,,,,,,
acc,1778675429.0,174.0,0.17557343659657074,0.30943195557754066,-9.80608944871604,,,,,,,,,,
acc,1778675429.0,174.0,0.1753978418670846,0.3098503005402135,-9.805650744891015,,,,,,,,,,
acc,1778675429.0,174.0,0.17522384279108738,0.3099453674439408,-9.805606492848552,,,,,,,,,,
acc,1778675429.0,174.0,0.17505142486865607,0.3100395704616217,-9.805172177710004,,,,,,,,,,
acc,1778675430.0,175.0,0.1748805737316305,0.3104523939441651,-9.80513227447342,,,,,,,,,,
acc,1778675430.0,175.0,0.17471127514241588,0.3108614660428704,-9.805092733843043,,,,,,,,,,
acc,1778675430.0,175.0,0.17418855321936094,0.31094734434642207,-9.805373029024476,,,,,,,,,,
acc,1778675430.0,175.0,0.17331561048183436,0.3110324422620026,-9.805650777124995,,,,,,,,,,
acc,1778675430.0,175.0,0.17245060029518125,0.31076180510766943,-9.805961495650191,,,,,,,,,,
acc,1778675430.0,175.0,0.1715934505752194,0.3108485890438641,-9.806233896273442,,,,,,,,,,
acc,1778675430.0,175.0,0.1707440898928055,0.3109345843624791,-9.806503821554715,,,,,,,,,,
acc,1778675430.0,175.0,0.16990244746788266,0.311019798229791,-9.806771293987785,,,,,,,,,,
acc,1778675430.0,175.0,0.1687134823030089,0.3107492759735198,-9.807071830221936,,,,,,,,,,
acc,1778675430.0,175.0,0.16753532142832703,0.3104812119902464,-9.807369635441939,,,,,,,,,,
acc,1778675430.0,175.0,0.16636786666376419,0.31021558394130555,-9.807664734464895,,,,,,,,,,
acc,1778675430.0,175.0,0.16556599158199659,0.30995236969102646,-9.808312113655825,,,,,,,,,,
acc,1778675430.0,175.0,0.16441643238895423,0.3096915473048883,-9.808598648249458,,,,,,,,,,
acc,1778675430.0,175.0,0.16327731939861095,0.30978805682112776,-9.808847084703862,,,,,,,,,,
acc,1778675430.0,175.0,0.16214855768488423,0.30952872756866673,-9.809128757941908,,,,,,,,,,
acc,1778675430.0,175.0,0.16103005318429792,0.30962671665027197,-9.809727338989969,,,,,,,,,,
acc,1778675430.0,175.0,0.15992171268814362,0.3097238152915981,-9.809965518876176,,,,,,,,,,
acc,1778675430.0,175.0,0.1591784146952866,0.309465069810763,-9.810237028748872,,,,,,,,,,
acc,1778675430.0,175.0,0.15879684201422745,0.30956363735918097,-9.81047057701405,,,,,,,,,,
acc,1778675430.0,175.0,0.15841873673666948,0.30930634743727664,-9.810737497353893,,,,,,,,,,
acc,1778675430.0,175.0,0.15804406735383955,0.309406357317761,-9.810966497791933,,,,,,,,,,
acc,1778675430.0,175.0,0.15767280264328912,0.3095054583946885,-9.810873940770799,,,,,,,,,,
acc,1778675430.0,175.0,0.1573049116662923,0.3092486971530467,-9.811137195688636,,,,,,,,,,
acc,1778675430.0,175.0,0.1572953255387032,0.3089942691361676,-9.81139805837278,,,,,,,,,,
acc,1778675430.0,175.0,0.1572858265215757,0.30874215314171655,-9.811656550561787,,,,,,,,,,
acc,1778675430.0,175.0,0.15727641382332497,0.3084923281600273,-9.811522228576187,,,,,,,,,,
acc,1778675430.0,175.0,0.15758655407307903,0.3082447733723514,-9.811424621552884,,,,,,,,,,
acc,1778675430.0,175.0,0.15789387603567254,0.30764450637568763,-9.811327901498045,,,,,,,,,,
acc,1778675430.0,175.0,0.158198405321269,0.3070496940878885,-9.811551536852319,,,,,,,,,,
acc,1778675430.0,175.0,0.1585001673073089,0.30646028694126337,-9.811453663500673,,,,,,,,,,
acc,1778675430.0,175.0,0.1587991871406244,0.3062311975919856,-9.811356679537653,,,,,,,,,,
acc,1778675430.0,175.0,0.15945046060010823,0.30564922823573826,-9.811260576881262,,,,,,,,,,
acc,1778675430.0,175.0,0.16009581584797541,0.30542750908861277,-9.810774882302454,,,,,,,,,,
acc,1778675430.0,175.0,0.16073530666382993,0.30520780473391135,-9.810684066517661,,,,,,,,,,
acc,1778675430.0,175.0,0.16136898633857308,0.3049900968629377,-9.81059407598841,,,,,,,,,,
acc,1778675430.0,175.0,0.16199690767884445,0.3047743673333693,-9.810114437995004,,,,,,,,,,
acc,1778675430.0,175.0,0.1626191230114224,0.3045605981677454,-9.810029623758586,,,,,,,,,,
acc,1778675430.0,175.0,0.16323568418758463,0.3047037333254043,-9.8099100858809,,,,,,,,,,
acc,1778675430.0,175.0,0.1634916717268559,0.30449060602073813,-9.809827128620284,,,,,,,,,,
acc,1778675430.0,175.0,0.1641003039326777,0.3042794154332404,-9.809744925203722,,,,,,,,,,
acc,1778675430.0,175.0,0.16470340541382716,0.30442510573713094,-9.80962797442101,,,,,,,,,,
acc,1778675430.0,175.0,0.16530102642876113,0.30456947213316626,-9.809512086386167,,,,,,,,,,
acc,1778675430.0,175.0,0.16589321677923083,0.3047125266518793,-9.809397251441856,,,,,,,,,,
acc,1778675430.0,175.0,0.16648002581443214,0.30485428121448005,-9.809283460018499,,,,,,,,,,
acc,1778675430.0,175.0,0.16706150243511797,0.3053142241345059,-9.809170702633475,,,,,,,,,,
acc,1778675430.0,175.0,0.1676376950976734,0.30576998748987627,-9.809058969890337,,,,,,,,,,
acc,1778675430.0,175.0,0.16785368095758038,0.30622160926087083,-9.808948252478025,,,,,,,,,,
acc,1778675430.0,175.0,0.1677482367107143,0.3066691270826371,-9.809193512030658,,,,,,,,,,
acc,1778675430.0,175.0,0.16764375065024076,0.30711257824832694,-9.809117066375304,,,,,,,,,,
acc,1778675430.0,175.0,0.16754021406898809,0.30755199971220415,-9.809041315392149,,,,,,,,,,
acc,1778675430.0,175.0,0.16708265656547228,0.3076679515920668,-9.808966252768608,,,,,,,,,,
acc,1778675430.0,175.0,0.1666292569500036,0.308102326301886,-9.809211348750122,,,,,,,,,,
acc,1778675430.0,175.0,0.1665349392127163,0.3082132772882398,-9.809134741010041,,,,,,,,,,
acc,1778675430.0,175.0,0.16573154591968794,0.3083232200477009,-9.809058829415045,,,,,,,,,,
acc,1778675430.0,175.0,0.16529042403272615,0.30843216374216603,-9.808983607639167,,,,,,,,,,
acc,1778675430.0,175.0,0.1648533106811004,0.3085401174502763,-9.808909069413925,,,,,,,,,,
acc,1778675430.0,175.0,0.16406519857812482,0.30864709016817415,-9.808835208527801,,,,,,,,,,
acc,1778675430.0,175.0,0.1632842481583641,0.30875309081025265,-9.808762018825721,,,,,,,,,,
acc,1778675430.0,175.0,0.16251039434261655,0.30885812820989866,-9.8090089707092,,,,,,,,,,
acc,1778675430.0,175.0,0.16174357264306424,0.30896221112022887,-9.809253678506906,,,,,,,,,,
acc,1778675430.0,175.0,0.1606287482973256,0.30906534821481907,-9.809496162611152,,,,,,,,,,
acc,1778675430.0,175.0,0.1598790253745183,0.30916754808842717,-9.809736443228951,,,,,,,,,,
acc,1778675430.0,175.0,0.1591361152871589,0.30891385748427375,-9.810010034743602,,,,,,,,,,
acc,1778675430.0,175.0,0.1583999561260734,0.3090174339750129,-9.810245645734565,,,,,,,,,,
acc,1778675430.0,175.0,0.1576704865446651,0.30912006925191665,-9.810479115696005,,,,,,,,,,
acc,1778675430.0,175.0,0.15730261661437542,0.3088668100944892,-9.810355493223181,,,,,,,,,,
acc,1778675430.0,175.0,0.15658311870823036,0.30861585233790295,-9.810623459345281,,,,,,,,,,
acc,1778675430.0,175.0,0.15622512983921757,0.3083671750690115,-9.810498525201837,,,,,,,,,,
acc,1778675430.0,175.0,0.1555154232037848,0.30812075756470914,-9.81076519157265,,,,,,,,,,
acc,1778675430.0,175.0,0.15516713663085896,0.30787657929020384,-9.810638969488936,,,,,,,,,,
acc,1778675430.0,175.0,0.15482201498598566,0.30763461989730606,-9.81051389440268,,,,,,,,,,
acc,1778675430.0,175.0,0.15448002950902787,0.3073948592227331,-9.810389955890958,,,,,,,,,,
acc,1778675430.0,175.0,0.15449611347463138,0.30715727728642866,-9.81026714362556,,,,,,,,,,
acc,1778675430.0,175.0,0.15451205128302445,0.3069218542898981,-9.810535912592622,,,,,,,,,,
acc,1778675430.0,175.0,0.15452784426235774,0.3063336088411228,-9.810802239219065,,,,,,,,,,
acc,1778675430.0,175.0,0.15486296114223244,0.3061056706331865,-9.810711174838204,,,,,,,,,,
acc,1778675430.0,175.0,0.155195032768869,0.30587980373113627,-9.810620937971912,,,,,,,,,,
acc,1778675430.0,175.0,0.15520461940138344,0.3056559893127303,-9.810496026740536,,,,,,,,,,
acc,1778675430.0,175.0,0.15553358633236752,0.3054342087267671,-9.810727221455293,,,,,,,,,,
acc,1778675430.0,175.0,0.15585956389554595,0.3052144434915311,-9.810636838771181,,,,,,,,,,
acc,1778675430.0,175.0,0.15653755011628895,0.3053516370666883,-9.810511783047051,,,,,,,,,,
acc,1778675430.0,175.0,0.1568544045223017,0.3051326221714988,-9.810423358081424,,,,,,,,,,
acc,1778675430.0,175.0,0.15716837962869132,0.3049155974948236,-9.810335736645637,,,,,,,,,,
acc,1778675430.0,175.0,0.15747950160005,0.30505550672470855,-9.810213417077989,,,,,,,,,,
acc,1778675430.0,175.0,0.1577877963632087,0.30519414458015387,-9.810092209045097,,,,,,,,,,
acc,1778675430.0,175.0,0.15809328960939764,0.3053315226143142,-9.81036256766678,,,,,,,,,,
acc,1778675430.0,175.0,0.15839600679638738,0.30546765227535905,-9.810240004281948,,,,,,,,,,
acc,1778675430.0,175.0,0.15869597315061015,0.30560254490742683,-9.810118554647472,,,,,,,,,,
acc,1778675430.0,175.0,0.15899321366926214,0.30573621175157023,-9.80999820864255,,,,,,,,,,
acc,1778675430.0,175.0,0.15928775312238655,0.30586866394669293,-9.809878956238348,,,,,,,,,,
acc,1778675430.0,175.0,0.15957961605493784,0.30599991253047787,-9.809760787497167,,,,,,,,,,
acc,1778675430.0,175.0,0.15986882678882702,0.30644944494096427,-9.80964369257161,,,,,,,,,,
acc,1778675430.0,175.0,0.16015540942494863,0.30657541588787185,-9.809527661703768,,,,,,,,,,
acc,1778675430.0,175.0,0.16043938784518896,0.307019718620094,-9.809412685224402,,,,,,,,,,
acc,1778675430.0,175.0,0.16040131830089688,0.30714050741154386,-9.809334247912052,,,,,,,,,,
acc,1778675430.0,175.0,0.16036359469979652,0.30726019857861137,-9.809256523370362,,,,,,,,,,
acc,1778675430.0,175.0,0.1603262138982545,0.30737880209556045,-9.809179505122286,,,,,,,,,,
acc,1778675430.0,175.0,0.16028917278120397,0.3074963278460175,-9.809103186749637,,,,,,,,,,
acc,1778675430.0,175.0,0.1598975064884497,0.307612785623795,-9.809347038393208,,,,,,,,,,
acc,1778675430.0,175.0,0.15950939932123612,0.30772818513370787,-9.809269197622655,,,,,,,,,,
acc,1778675430.0,175.0,0.1591248189372993,0.30784253599238187,-9.80951154070256,,,,,,,,,,
acc,1778675430.0,175.0,0.15874373328827393,0.3079558477290552,-9.809432205076867,,,,,,,,,,
acc,1778675430.0,175.0,0.15836611061702258,0.30806812978637266,-9.809673066885587,,,,,,,,,,
acc,1778675430.0,175.0,0.1579919194549893,0.3081793915211723,-9.80991173994988,,,,,,,,,,
acc,1778675430.0,175.0,0.1576211286195773,0.3082896422052654,-9.810148244159171,,,,,,,,,,
acc,1778675430.0,175.0,0.156898736350977,0.30839889102620893,-9.810382599222141,,,,,,,,,,
acc,1778675430.0,175.0,0.15653787942097921,0.3085071470880713,-9.810614824668379,,,,,,,,,,
acc,1778675430.0,175.0,0.15582533078702657,0.30861441941219103,-9.810844939850007,,,,,,,,,,
acc,1778675430.0,175.0,0.1551192571806395,0.3083657551644929,-9.811108458303204,,,,,,,,,,
acc,1778675430.0,175.0,0.15441959976235084,0.30847431233649397,-9.811334087768012,,,,,,,,,,
acc,1778675430.0,175.0,0.15408127108794895,0.3082269212610876,-9.811593161266716,,,,,,,,,,
acc,1778675430.0,175.0,0.1537460168528044,0.30833674003588846,-9.811814386168942,,,,,,,,,,
acc,1778675430.0,175.0,0.15341380911906424,0.308445560872359,-9.812033600770016,,,,,,,,,,
acc,1778675430.0,175.0,0.1534395819761862,0.30855339283890226,-9.812250823337822,,,,,,,,,,
acc,1778675430.0,175.0,0.15275518799779741,0.3086602449215154,-9.812466071974237,,,,,,,,,,
acc,1778675430.0,175.0,0.152431984062315,0.30841116425110315,-9.812714858976568,,,,,,,,,,
acc,1778675430.0,175.0,0.15211171712550448,0.30816434701104517,-9.812961385217147,,,,,,,,,,
acc,1778675430.0,175.0,0.1517943604984544,0.3079197726332381,-9.813560633013262,,,,,,,,,,
acc,1778675430.0,175.0,0.1514798877347792,0.3076774207364838,-9.813799473588693,,,,,,,,,,
acc,1778675430.0,175.0,0.15152323440185075,0.30743727112479086,-9.814036143786923,,,,,,,,,,
acc,1778675430.0,175.0,0.15156618717178913,0.30719930378569166,-9.814270663330468,,,,,,,,,,
acc,1778675430.0,175.0,0.15160874962399182,0.3069634988885746,-9.814112586542135,,,,,,,,,,
acc,1778675430.0,175.0,0.15165092530532984,0.30637487500959604,-9.814346411439837,,,,,,,,,,
acc,1778675430.0,175.0,0.15169271773044332,0.3061465618103038,-9.814578111538491,,,,,,,,,,
acc,1778675430.0,175.0,0.15173413038203434,0.30592032332449576,-9.814807706146441,,,,,,,,,,
acc,1778675430.0,175.0,0.1517751667111572,0.3056961406989648,-9.81464474917608,,,,,,,,,,
acc,1778675430.0,175.0,0.1521352975510255,0.3054739952518254,-9.814838243878725,,,,,,,,,,
acc,1778675430.0,175.0,0.15217268841883688,0.305253868470957,-9.814675009407786,,,,,,,,,,
acc,1778675431.0,176.0,0.1525292069242027,0.30503574201246114,-9.814548752630879,,,,,,,,,,
acc,1778675431.0,176.0,0.15323745655738544,0.30517455947256855,-9.814388148806776,,,,,,,,,,
acc,1778675431.0,176.0,0.15358429936804135,0.30531211547929865,-9.81422900441174,,,,,,,,,,
acc,1778675431.0,176.0,0.1539279903703113,0.3050934597222165,-9.814106800543653,,,,,,,,,,
acc,1778675431.0,176.0,0.1542685582051121,0.3048767909201112,-9.813985707158947,,,,,,,,,,
acc,1778675431.0,176.0,0.15460603125309666,0.3050170527906848,-9.813510752393068,,,,,,,,,,
acc,1778675431.0,176.0,0.15494043763701898,0.3051560400823243,-9.813359581020075,,,,,,,,,,
acc,1778675431.0,176.0,0.1552718052240777,0.30529376437730393,-9.813600248582656,,,,,,,,,,
acc,1778675431.0,176.0,0.15560016162823845,0.3054302371526484,-9.813128796531943,,,,,,,,,,
acc,1778675431.0,176.0,0.15592553421253488,0.3055654697810889,-9.81298109604446,,,,,,,,,,
acc,1778675431.0,176.0,0.156247950091349,0.30569947353201116,-9.812515270318128,,,,,,,,,,
acc,1778675431.0,176.0,0.15624796871915123,0.3061517360730517,-9.812408639387758,,,,,,,,,,
acc,1778675431.0,176.0,0.15624798717768004,0.30659988884209827,-9.812302977427338,,,,,,,,,,
acc,1778675431.0,176.0,0.15624800546847367,0.3067244926845578,-9.81251775213236,,,,,,,,,,
acc,1778675431.0,176.0,0.15624802359305634,0.3071674407353983,-9.812411098649402,,,,,,,,,,
acc,1778675431.0,176.0,0.15656750896645794,0.30760636365630006,-9.812269919981416,,,,,,,,,,
acc,1778675431.0,176.0,0.15656462371875388,0.30772182152351596,-9.812484995084002,,,,,,,,,,
acc,1778675431.0,176.0,0.15656176468969304,0.30783623020919215,-9.812378639268855,,,,,,,,,,
acc,1778675431.0,176.0,0.1562039698675875,0.308269075748043,-9.812273249923647,,,,,,,,,,
acc,1778675431.0,176.0,0.15620438814973978,0.30837851145921563,-9.812168818265933,,,,,,,,,,
acc,1778675431.0,176.0,0.155849840857469,0.30848695271300985,-9.812065335593074,,,,,,,,,,
acc,1778675431.0,176.0,0.15549851538526968,0.3085944085461968,-9.811962793281515,,,,,,,,,,
acc,1778675431.0,176.0,0.15515038245601914,0.30870088791342926,-9.81186118278606,,,,,,,,,,
acc,1778675431.0,176.0,0.15480541305863993,0.30880639968798784,-9.811760495639172,,,,,,,,,,
acc,1778675431.0,176.0,0.15446357844568226,0.30891095266252044,-9.811660723450254,,,,,,,,,,
acc,1778675431.0,176.0,0.15412485013092841,0.3090145555497749,-9.811561857904957,,,,,,,,,,
acc,1778675431.0,176.0,0.15414416166045436,0.3091172169833252,-9.811463890764486,,,,,,,,,,
acc,1778675431.0,176.0,0.1534533650694432,0.30921894551829077,-9.811686290365568,,,,,,,,,,
acc,1778675431.0,176.0,0.1531238167027611,0.3093197496320495,-9.811906668990847,,,,,,,,,,
acc,1778675431.0,176.0,0.15279726298747087,0.30941963772494424,-9.811805568504552,,,,,,,,,,
acc,1778675431.0,176.0,0.15282863848419848,0.30951861812098275,-9.8117053867323,,,,,,,,,,
acc,1778675431.0,176.0,0.15250476709403088,0.30961669906853134,-9.811925591826265,,,,,,,,,,
acc,1778675431.0,176.0,0.1521838387677878,0.3097138887410023,-9.812143795886216,,,,,,,,,,
acc,1778675431.0,176.0,0.15222078853487758,0.309810195237535,-9.812040540595167,,,,,,,,,,
acc,1778675431.0,176.0,0.15190244076090972,0.3099056265836708,-9.812257700099824,,,,,,,,,,
acc,1778675431.0,176.0,0.15158698585700528,0.31000019073202195,-9.8121534097455,,,,,,,,,,
acc,1778675431.0,176.0,0.15162935930869112,0.30973893378949857,-9.81240503795256,,,,,,,,,,
acc,1778675431.0,176.0,0.151671347706986,0.309480050924791,-9.812263914358962,,,,,,,,,,
acc,1778675431.0,176.0,0.15135799277748763,0.3092235205643271,-9.812124073174893,,,,,,,,,,
acc,1778675431.0,176.0,0.15104748534738735,0.3089693213305769,-9.811985502746921,,,,,,,,,,
acc,1778675431.0,176.0,0.15073979954106603,0.30871743204027097,-9.812238656748002,,,,,,,,,,
acc,1778675431.0,176.0,0.1504349097180398,0.30846783170263503,-9.812099045083322,,,,,,,,,,
acc,1778675431.0,176.0,0.15048775224425895,0.30822049951764097,-9.811960702089065,,,,,,,,,,
acc,1778675431.0,176.0,0.15054011458316513,0.3079754148742734,-9.812214081457139,,,,,,,,,,
acc,1778675431.0,176.0,0.1509114685118061,0.307732557348812,-9.812110187471427,,,,,,,,,,
acc,1778675431.0,176.0,0.15095998048263684,0.3074919067031297,-9.812362208445245,,,,,,,,,,
acc,1778675431.0,176.0,0.1510080516185078,0.307253442883006,-9.811902006635759,,,,,,,,,,
acc,1778675431.0,176.0,0.151055685925347,0.3073721077898914,-9.812120425017584,,,,,,,,,,
acc,1778675431.0,176.0,0.15142235478619948,0.3071347325989904,-9.811626916880348,,,,,,,,,,
acc,1778675431.0,176.0,0.15178569167661748,0.3068995144691393,-9.811847835040664,,,,,,,,,,
acc,1778675431.0,176.0,0.1521457268746752,0.30666643379882735,-9.811747269186577,,,,,,,,,,
acc,1778675431.0,176.0,0.15250249038330582,0.3064354711646653,-9.811647617188257,,,,,,,,,,
acc,1778675431.0,176.0,0.1528560119328017,0.3065615690932025,-9.811513376381452,,,,,,,,,,
acc,1778675431.0,176.0,0.153206320983292,0.30668652115249745,-9.811380355439345,,,,,,,,,,
acc,1778675431.0,176.0,0.15355344672719756,0.30681033775522176,-9.811248543276859,,,,,,,,,,
acc,1778675431.0,176.0,0.1538974180916637,0.3069330292194257,-9.811508394130135,,,,,,,,,,
acc,1778675431.0,176.0,0.15423826374097085,0.3066996439959624,-9.811410912822348,,,,,,,,,,
acc,1778675431.0,176.0,0.15457601207892308,0.30682334134960093,-9.811669288201204,,,,,,,,,,
acc,1778675431.0,176.0,0.1549106912512152,0.3065909528749164,-9.811570344826835,,,,,,,,,,
acc,1778675431.0,176.0,0.15524232914777827,0.3063606761463048,-9.811791777065194,,,,,,,,,,
acc,1778675431.0,176.0,0.15557095340510366,0.30648745374747427,-9.811656226257734,,,,,,,,,,
acc,1778675431.0,176.0,0.1555771239950266,0.3066130793031227,-9.811557401579044,,,,,,,,,,
acc,1778675431.0,176.0,0.15558323851194913,0.3067375632820464,-9.81145947493382,,,,,,,,,,
acc,1778675431.0,176.0,0.15590876487893385,0.3068609160579102,-9.81132694380159,,,,,,,,,,
acc,1778675431.0,176.0,0.15591186572947227,0.3069831479101122,-9.811231111357928,,,,,,,,,,
acc,1778675431.0,176.0,0.1559149384021548,0.30710426902464005,-9.811136149756878,,,,,,,,,,
acc,1778675431.0,176.0,0.15591798315303754,0.3068693277214844,-9.811397021945549,,,,,,,,,,
acc,1778675431.0,176.0,0.15592100023584968,0.30663652136230557,-9.811655523552714,,,,,,,,,,
acc,1778675431.0,176.0,0.15556902812857928,0.30640583054657355,-9.811521210899686,,,,,,,,,,
acc,1778675431.0,176.0,0.15557521621375514,0.30653219782348934,-9.811423613124148,,,,,,,,,,
acc,1778675431.0,176.0,0.15558134806694882,0.3063024550101215,-9.811291407873123,,,,,,,,,,
acc,1778675431.0,176.0,0.1552324624257125,0.30642976167477337,-9.811195898349336,,,,,,,,,,
acc,1778675431.0,176.0,0.15524170892978056,0.3065559114862315,-9.811420733234401,,,,,,,,,,
acc,1778675431.0,176.0,0.15525087140959276,0.30668091495698013,-9.811324048513246,,,,,,,,,,
acc,1778675431.0,176.0,0.15490498885525356,0.3068047825039752,-9.811547718880124,,,,,,,,,,
acc,1778675431.0,176.0,0.15456224938331894,0.30692752444951227,-9.811449880222918,,,,,,,,,,
acc,1778675431.0,176.0,0.15457758620560183,0.3070491510220868,-9.81167240713972,,,,,,,,,,
acc,1778675431.0,176.0,0.154237821886633,0.3071696723572465,-9.811573435423128,,,,,,,,,,
acc,1778675431.0,176.0,0.15354617419224809,0.307289098498436,-9.811475363076154,,,,,,,,,,
acc,1778675431.0,176.0,0.1532157824562858,0.30740743939783366,-9.811378181926104,,,,,,,,,,
acc,1778675431.0,176.0,0.1528883930355282,0.30752470491718115,-9.811281883874548,,,,,,,,,,
acc,1778675431.0,176.0,0.15256397864752358,0.30764090482860507,-9.811505937397305,,,,,,,,,,
acc,1778675431.0,176.0,0.15224251225773958,0.30775604881543134,-9.811408478414188,,,,,,,,,,
acc,1778675431.0,176.0,0.15192396707731037,0.30787014647299227,-9.811311905054271,,,,,,,,,,
acc,1778675431.0,176.0,0.15160831656080428,0.3079832073094259,-9.811216209269777,,,,,,,,,,
acc,1778675431.0,176.0,0.1512955344040116,0.3080952407464687,-9.81144085958671,,,,,,,,,,
acc,1778675431.0,176.0,0.1509855945417526,0.3082062561202404,-9.81134399197462,,,,,,,,,,
acc,1778675431.0,176.0,0.15067847114570537,0.30831626268202206,-9.811248004611862,,,,,,,,,,
acc,1778675431.0,176.0,0.15072910039568918,0.3084252695990272,-9.811152889499487,,,,,,,,,,
acc,1778675431.0,176.0,0.15042430779727042,0.30853328595516566,-9.811058638711238,,,,,,,,,,
acc,1778675431.0,176.0,0.1501222848911681,0.30864032075180037,-9.81096524439288,,,,,,,,,,
acc,1778675431.0,176.0,0.15017796828224225,0.3087463829084977,-9.811192175262214,,,,,,,,,,
acc,1778675431.0,176.0,0.15023314567067325,0.30885148126377077,-9.811417043979485,,,,,,,,,,
acc,1778675431.0,176.0,0.15028782165457683,0.3089556245758158,-9.811639869283756,,,,,,,,,,
acc,1778675431.0,176.0,0.15034200079028495,0.30905882152324216,-9.811541193243142,,,,,,,,,,
acc,1778675431.0,176.0,0.1503956875927256,0.30916108070579545,-9.811443413885298,,,,,,,,,,
acc,1778675431.0,176.0,0.15044888653579896,0.3092624106450742,-9.811346523061944,,,,,,,,,,
acc,1778675431.0,176.0,0.15082106946626983,0.3090078580118045,-9.811569989199503,,,,,,,,,,
acc,1778675431.0,176.0,0.15118987031919623,0.3091105803068047,-9.811436453808922,,,,,,,,,,
acc,1778675431.0,176.0,0.15155531982798257,0.3092123691501638,-9.811304131872825,,,,,,,,,,
acc,1778675431.0,176.0,0.15191744844675456,0.30895827125084985,-9.8112085067243,,,,,,,,,,
acc,1778675431.0,176.0,0.1522762863528971,0.3090614441475757,-9.811078256174753,,,,,,,,,,
acc,1778675431.0,176.0,0.15263186344956908,0.30880871772454493,-9.810984683589803,,,,,,,,,,
acc,1778675431.0,176.0,0.15298420936819518,0.30891324963476013,-9.810856466951902,,,,,,,,,,
acc,1778675431.0,176.0,0.1533333534709353,0.308661869875676,-9.810764909796164,,,,,,,,,,
acc,1778675431.0,176.0,0.15367932485313132,0.30805781266564597,-9.810674184632909,,,,,,,,,,
acc,1778675431.0,176.0,0.15402215234573177,0.3074592446066714,-9.810193818681217,,,,,,,,,,
acc,1778675431.0,176.0,0.15404239710417483,0.3072210775915163,-9.810072788741655,,,,,,,,,,
acc,1778675431.0,176.0,0.15438192530922945,0.3069850748328271,-9.809988352977738,,,,,,,,,,
acc,1778675431.0,176.0,0.1547183681747265,0.30675121666370736,-9.809904684493237,,,,,,,,,,
acc,1778675431.0,176.0,0.15473228632405192,0.30651948359597625,-9.80978628195586,,,,,,,,,,
acc,1778675431.0,176.0,0.15474607799723766,0.3062898563185448,-9.810059420579135,,,,,,,,,,
acc,1778675431.0,176.0,0.15475974434358986,0.3060623156958065,-9.809939611933636,,,,,,,,,,
acc,1778675431.0,176.0,0.15477328650197067,0.3058368427660429,-9.809820892005797,,,,,,,,,,
acc,1778675431.0,176.0,0.15443174382745778,0.3059683805132787,-9.810058221762866,,,,,,,,,,
acc,1778675431.0,176.0,0.15409330479826386,0.30609872295889057,-9.810293394871747,,,,,,,,,,
acc,1778675431.0,176.0,0.15375794121113645,0.306227880964749,-9.810526430930203,,,,,,,,,,
acc,1778675431.0,176.0,0.15342562511910995,0.3063558652940212,-9.810437872857245,,,,,,,,,,
acc,1778675431.0,176.0,0.15309632882917673,0.3064826866120679,-9.810669596024349,,,,,,,,,,
acc,1778675431.0,176.0,0.15277002489997926,0.30660835548733223,-9.810899213491123,,,,,,,,,,
acc,1778675431.0,176.0,0.15244668613952347,0.3067328823922205,-9.810807267891695,,,,,,,,,,
acc,1778675431.0,176.0,0.15212628560291264,0.3065013159305393,-9.810680663454677,,,,,,,,,,
acc,1778675431.0,176.0,0.15180879659010205,0.3062718537451856,-9.810945674710103,,,,,,,,,,
acc,1778675431.0,176.0,0.15149419264367397,0.30604447671431073,-9.811208277771755,,,,,,,,,,
acc,1778675431.0,176.0,0.15118244754663288,0.30581916588982866,-9.811078029302731,,,,,,,,,,
acc,1778675431.0,176.0,0.15087353532022066,0.3055959024958374,-9.810948964419483,,,,,,,,,,
acc,1778675431.0,176.0,0.15056743022175179,0.30537466792705414,-9.810821072366602,,,,,,,,,,
gyro,1778675410.0,155.0,,,,0.0,0.0,0.0,,,,,,,
gyro,1778675410.0,155.0,,,,0.0,0.0,0.0,,,,,,,
gyro,1778675410.0,155.0,,,,0.0,0.0,0.0,,,,,,,
gyro,1778675410.0,155.0,,,,0.0,0.0,0.0,,,,,,,
gyro,1778675410.0,155.0,,,,0.0,0.0,0.0,,,,,,,
gyro,1778675410.0,155.0,,,,0.0,0.0,0.0,,,,,,,
gyro,1778675410.0,155.0,,,,0.0,0.0,0.0,,,,,,,
gyro,1778675410.0,155.0,,,,0.0,0.0,0.0,,,,,,,
gyro,1778675410.0,155.0,,,,0.0,0.0,0.0,,,,,,,
gyro,1778675410.0,155.0,,,,0.0,0.0,0.0,,,,,,,
gyro,1778675410.0,155.0,,,,0.0,0.0,0.0,,,,,,,
gyro,1778675410.0,155.0,,,,0.0,0.0,0.0,,,,,,,
gyro,1778675410.0,155.0,,,,0.0,0.0,0.0,,,,,,,
gyro,1778675410.0,155.0,,,,0.0,0.0,0.0,,,,,,,
gyro,1778675410.0,155.0,,,,0.0,0.0,0.0,,,,,,,
gyro,1778675410.0,155.0,,,,0.0,0.0,0.0,,,,,,,
gyro,1778675411.0,156.0,,,,0.0,0.0,0.0,,,,,,,
gyro,1778675411.0,156.0,,,,0.0,0.0,0.0,,,,,,,
gyro,1778675411.0,156.0,,,,0.0,0.0,0.0,,,,,,,
gyro,1778675411.0,156.0,,,,0.0,0.0,0.0,,,,,,,
gyro,1778675411.0,156.0,,,,0.0,0.0,0.0,,,,,,,
gyro,1778675411.0,156.0,,,,0.0,0.0,0.0,,,,,,,
gyro,1778675411.0,156.0,,,,0.0,0.0,0.0,,,,,,,
gyro,1778675411.0,156.0,,,,0.0,0.0,0.0,,,,,,,
gyro,1778675411.0,156.0,,,,0.0,0.0,0.0,,,,,,,
gyro,1778675411.0,156.0,,,,0.0,0.0,0.0,,,,,,,
gyro,1778675411.0,156.0,,,,0.0,0.0,0.0,,,,,,,
gyro,1778675411.0,156.0,,,,0.0,0.0,0.0,,,,,,,
gyro,1778675411.0,156.0,,,,0.0,0.0,0.0,,,,,,,
gyro,1778675411.0,156.0,,,,0.0,0.0,0.0,,,,,,,
gyro,1778675411.0,156.0,,,,0.0,0.0,0.0,,,,,,,
gyro,1778675411.0,156.0,,,,0.0,0.0,0.0,,,,,,,
gyro,1778675411.0,156.0,,,,0.0,0.0,0.0,,,,,,,
gyro,1778675411.0,156.0,,,,0.0,0.0,0.0,,,,,,,
gyro,1778675412.0,157.0,,,,0.0,0.0,0.0,,,,,,,
gyro,1778675412.0,157.0,,,,0.0,0.0,0.0,,,,,,,
gyro,1778675412.0,157.0,,,,0.0,0.0,0.0,,,,,,,
gyro,1778675412.0,157.0,,,,0.0,0.0,0.0,,,,,,,
gyro,1778675412.0,157.0,,,,0.0,0.0,0.0,,,,,,,
gyro,1778675412.0,157.0,,,,0.0,0.0,0.0,,,,,,,
gyro,1778675412.0,157.0,,,,0.0,0.0,0.0,,,,,,,
gyro,1778675412.0,157.0,,,,0.0,0.0,0.0,,,,,,,
gyro,1778675412.0,157.0,,,,0.0,0.0,0.0,,,,,,,
gyro,1778675412.0,157.0,,,,0.0,0.0,0.0,,,,,,,
gyro,1778675412.0,157.0,,,,0.0,0.0,0.0,,,,,,,
gyro,1778675412.0,157.0,,,,0.0,0.0,0.0,,,,,,,
gyro,1778675412.0,157.0,,,,0.0,0.0,0.0,,,,,,,
gyro,1778675412.0,157.0,,,,0.0,0.0,0.0,,,,,,,
gyro,1778675412.0,157.0,,,,0.0,0.0,0.0,,,,,,,
gyro,1778675412.0,157.0,,,,0.0,0.0,0.0,,,,,,,
gyro,1778675413.0,158.0,,,,0.0,0.0,0.0,,,,,,,
gyro,1778675413.0,158.0,,,,0.0,0.0,0.0,,,,,,,
gyro,1778675413.0,158.0,,,,0.0,0.0,0.0,,,,,,,
gyro,1778675413.0,158.0,,,,0.0,0.0,0.0,,,,,,,
gyro,1778675413.0,158.0,,,,0.0,0.0,0.0,,,,,,,
gyro,1778675413.0,158.0,,,,0.0,0.0,0.0,,,,,,,
gyro,1778675413.0,158.0,,,,0.0,0.0,0.0,,,,,,,
gyro,1778675413.0,158.0,,,,0.0,0.0,0.0,,,,,,,
gyro,1778675413.0,158.0,,,,0.0,0.0,0.0,,,,,,,
gyro,1778675413.0,158.0,,,,0.0,0.0,0.0,,,,,,,
gyro,1778675413.0,158.0,,,,0.0,0.0,0.0,,,,,,,
gyro,1778675413.0,158.0,,,,3.4175827417039687e-05,-0.0002050724636458208,0.0,,,,,,,
gyro,1778675413.0,158.0,,,,6.73305666993438e-05,-0.0005052536325451206,0.0,,,,,,,
gyro,1778675413.0,158.0,,,,9.951086060461604e-05,-0.0005966191330705311,-3.332933805210386e-05,,,,,,,
gyro,1778675413.0,158.0,,,,0.00013076053022757414,-0.0006194875993990006,-3.276740824051625e-05,,,,,,,
gyro,1778675413.0,158.0,,,,0.0001936596354809433,-0.0006742440436079203,-6.476032229725301e-05,,,,,,,
gyro,1778675413.0,158.0,,,,0.0001904703445908258,-0.0007274663364476611,-6.369381452741873e-05,,,,,,,
gyro,1778675413.0,158.0,,,,0.00021916849893559363,-0.000747420925083033,-9.445619083627551e-05,,,,,,,
gyro,1778675413.0,158.0,,,,0.0002470869601980687,-0.0007353858212503459,-6.148768938997843e-05,,,,,,,
gyro,1778675414.0,159.0,,,,0.0003053650730678511,-0.0006614591649399577,1.7053116069126072e-06,,,,,,,
gyro,1778675414.0,159.0,,,,0.0003313297094891611,-0.0005587049997118029,1.678438059177752e-06,,,,,,,
gyro,1778675414.0,159.0,,,,0.00029570557006024044,-0.0004890778908237866,1.6522628047061343e-06,,,,,,,
gyro,1778675414.0,159.0,,,,0.0003212881056227892,-0.00048152832551491705,6.192104367485359e-05,,,,,,,
gyro,1778675414.0,159.0,,,,0.000316378026720751,-0.0005637094263808067,9.082141914173123e-05,,,,,,,
gyro,1778675414.0,159.0,,,,0.0003115901901641524,-0.0006142892379973487,8.944699337899406e-05,,,,,,,
gyro,1778675414.0,159.0,,,,0.0003069199092669947,-0.0006636271644662485,0.00011737892539225104,,,,,,,
gyro,1778675414.0,159.0,,,,0.00036035934325289885,-0.0005957769685718988,0.00011563607355880988,,,,,,,
gyro,1778675414.0,159.0,,,,0.00041252191326619715,-0.0005295479625781494,0.00011393486484449867,,,,,,,
gyro,1778675414.0,159.0,,,,0.00037803407572640043,-0.0005503010075349445,0.00011227376541149857,,,,,,,
gyro,1778675414.0,159.0,,,,0.0003725711722709272,-0.000542348705166867,0.00011065131711805593,,,,,,,
gyro,1778675414.0,159.0,,,,0.00036723373974566903,-0.0005625576119831055,0.00010906613290922752,,,,,,,
gyro,1778675414.0,159.0,,,,0.00033427575655041745,-0.0005823082845439007,0.00010751689254002773,,,,,,,
gyro,1778675414.0,159.0,,,,0.00030205568006268636,-0.0005465942581026022,0.0001060023386033448,,,,,,,
gyro,1778675414.0,159.0,,,,0.00027054801889575536,-0.000538957237503799,0.00010452127283758791,,,,,,,
gyro,1778675414.0,159.0,,,,0.000266798080200425,-0.0004773477782586862,7.600293931228553e-05,,,,,,,
gyro,1778675414.0,159.0,,,,0.00026312904498858905,-0.00047078324149212817,7.495773891080466e-05,,,,,,,
gyro,1778675414.0,159.0,,,,0.0002595382199521527,-0.0004910105069622186,7.39348182918846e-05,,,,,,,
gyro,1778675415.0,160.0,,,,0.00025602303279078953,-0.00048436025779858405,7.29334446826903e-05,,,,,,,
gyro,1778675415.0,160.0,,,,0.0002788374141448895,-0.0006091438422323775,7.195291786788297e-05,,,,,,,
gyro,1778675415.0,160.0,,,,0.0002751157949275069,-0.0009399051656437177,9.705909306009284e-05,,,,,,,
gyro,1778675415.0,160.0,,,,0.00027146988697714195,-0.0014710042718024921,9.57728400511144e-05,,,,,,,
gyro,1778675415.0,160.0,,,,0.00031930067542565265,-0.002197047064769181,6.881077969001953e-05,,,,,,,
gyro,1778675415.0,160.0,,,,0.00028960093408863987,-0.0028831216417692686,6.791139943629983e-05,,,,,,,
gyro,1778675415.0,160.0,,,,0.00026048547032910744,-0.003352828403096233,6.702971252576162e-05,,,,,,,
gyro,1778675415.0,160.0,,,,0.0002571258045601152,-0.0036874487760055297,6.616518280595164e-05,,,,,,,
gyro,1778675415.0,160.0,,,,0.00032891210902704737,-0.004065681537533767,4.0290198555157534e-05,,,,,,,
gyro,1778675415.0,160.0,,,,0.00032472381237142313,-0.004411840851760806,-9.961019284232362e-06,,,,,,,
gyro,1778675415.0,160.0,,,,0.0002958993987241366,-0.004677330441840436,-5.926508264614764e-05,,,,,,,
gyro,1778675415.0,160.0,,,,0.00031674246248801686,-0.004815030575731477,-0.00013221433183653242,,,,,,,
gyro,1778675415.0,160.0,,,,0.0003372006872811197,-0.004901351313884446,-0.00020381667184430157,,,,,,,
gyro,1778675415.0,160.0,,,,0.00033300930150828464,-0.004888979152458482,-0.00024983460453351477,,,,,,,
gyro,1778675415.0,160.0,,,,0.0003047573567936177,-0.0048285580646548225,-0.00024674699092212896,,,,,,,
gyro,1778675415.0,160.0,,,,0.00022901054856557982,-0.004769219605891803,-0.00024371470137529537,,,,,,,
gyro,1778675415.0,160.0,,,,0.00015460780381008774,-0.004710934058225716,-0.00028847219253298826,,,,,,,
gyro,1778675415.0,160.0,,,,5.7773971970145866e-05,-0.004677411468762714,-0.00033244311315707635,,,,,,,
gyro,1778675416.0,161.0,,,,-1.3761791780348811e-05,-0.004620860009575935,-0.0004464979511449711,,,,,,,
gyro,1778675416.0,161.0,,,,-8.406393279492383e-05,-0.0045183053328543285,-0.000582075150977699,,,,,,,
gyro,1778675416.0,161.0,,,,-0.00010642700881460312,-0.004417502858185761,-0.0006919669836420697,,,,,,,
gyro,1778675416.0,161.0,,,,-5.8656837329583784e-05,-0.004364910033791072,-0.0007999983851603756,,,,,,,
gyro,1778675416.0,161.0,,,,-5.796193811084892e-05,-0.004313199564723562,-0.0009293542460787399,,,,,,,
gyro,1778675416.0,161.0,,,,1.179632017189865e-05,-0.0043083988692474515,-0.0010565592041558742,,,,,,,
gyro,1778675416.0,161.0,,,,0.00012624787422779369,-0.004349508590488549,-0.0011816676147621656,,,,,,,
gyro,1778675416.0,161.0,,,,0.0002616383185051527,-0.004389946637050255,-0.0012819230642751478,,,,,,,
gyro,1778675416.0,161.0,,,,0.0001904829658200742,-0.004452445832916466,-0.0013805545231449935,,,,,,,
gyro,1778675416.0,161.0,,,,0.0001430731281431898,-0.004468724310161843,-0.001500204482873532,,,,,,,
gyro,1778675416.0,161.0,,,,0.00038897021405660077,-0.00448474351789355,-0.0016629549612215237,,,,,,,
gyro,1778675416.0,161.0,,,,0.00040691356430888766,-0.004343668982173623,-0.0017334999532923347,,,,,,,
gyro,1778675416.0,161.0,,,,0.00040226505164954045,-0.0040709287475494665,-0.0017583182313133812,,,,,,,
gyro,1778675416.0,161.0,,,,0.00035325311699818413,-0.0038468627810641733,-0.001738315149512176,,,,,,,
gyro,1778675416.0,161.0,,,,0.0003271238297770164,-0.0038032787608341316,-0.001807128522502135,,,,,,,
gyro,1778675416.0,161.0,,,,0.00045567319519980584,-0.003892602145933616,-0.0019189770687420523,,,,,,,
gyro,1778675416.0,161.0,,,,0.000845700155062014,-0.003914704190713061,-0.0020730309047693476,,,,,,,
gyro,1778675416.0,161.0,,,,0.001164252807767483,-0.003914606734953345,-0.002181031209147265,,,,,,,
gyro,1778675417.0,162.0,,,,0.0012166177265481878,-0.004067007375349225,-0.0022656334802438494,,,,,,,
gyro,1778675417.0,162.0,,,,0.001181395672132811,-0.004347373100743112,-0.0023489805398849563,,,,,,,
gyro,1778675417.0,162.0,,,,0.0012115618780609925,-0.00455874022530166,-0.002495969639492632,,,,,,,
gyro,1778675417.0,162.0,,,,0.0013705715706148923,-0.004443811250249539,-0.0025546163236550195,,,,,,,
gyro,1778675417.0,162.0,,,,0.0015058034436482009,-0.004416429302480037,-0.0026338923953171055,,,,,,,
gyro,1778675417.0,162.0,,,,0.0015962953236507717,-0.004496430225794885,-0.0026906194585058192,,,,,,,
gyro,1778675417.0,162.0,,,,0.0016854920594920858,-0.004639254644762855,-0.002703888968408688,,,,,,,
gyro,1778675417.0,162.0,,,,0.0017734209877478782,-0.004865067024622781,-0.002695718088221777,,,,,,,
gyro,1778675417.0,162.0,,,,0.0019660199814456637,-0.004981769434443592,-0.002708844825720075,,,,,,,
gyro,1778675417.0,162.0,,,,0.0019236507099322428,-0.005054606917393929,-0.0026795589883290847,,,,,,,
gyro,1778675417.0,162.0,,,,0.001902919310192938,-0.004915942049642343,-0.002692776480849087,,,,,,,
gyro,1778675417.0,162.0,,,,0.001945422505825465,-0.004779196049408005,-0.0027058110675078767,,,,,,,
gyro,1778675417.0,162.0,,,,0.0019664224993943824,-0.004686167815775677,-0.002676828782856948,,,,,,,
gyro,1778675417.0,162.0,,,,0.0019037098200518077,-0.004636123368257376,-0.002627385990227454,,,,,,,
gyro,1778675417.0,162.0,,,,0.0018418485019520098,-0.004586758303337297,-0.0025994097976900165,,,,,,,
gyro,1778675417.0,162.0,,,,0.0018222930162330169,-0.004538059245623091,-0.0025510754288798885,,,,,,,
gyro,1778675417.0,162.0,,,,0.0018029997499718108,-0.004510690301176442,-0.0025240662832247385,,,,,,,
gyro,1778675417.0,162.0,,,,0.0018252032868192301,-0.004545545623491115,-0.0024767972892307593,,,,,,,
gyro,1778675418.0,163.0,,,,0.0017854213916217816,-0.004497684138578486,-0.002450718308639841,,,,,,,
gyro,1778675418.0,163.0,,,,0.0017461634680073857,-0.004368417641036856,-0.0023839651164079306,,,,,,,
gyro,1778675418.0,163.0,,,,0.0018096950851618967,-0.004199923212744154,-0.0023180860486844246,,,,,,,
gyro,1778675418.0,163.0,,,,0.0018315946059103382,-0.004054025054988678,-0.0022326622802634143,,,,,,,
gyro,1778675418.0,163.0,,,,0.0017921578753954538,-0.004072833492326026,-0.0021483444766429534,,,,,,,
gyro,1778675418.0,163.0,,,,0.0018141301749832464,-0.004091399772732438,-0.0020448118285369093,,,,,,,
gyro,1778675418.0,163.0,,,,0.0017953191476715916,-0.004129979315400331,-0.0019628558464232443,,,,,,,
gyro,1778675418.0,163.0,,,,0.0017161399589508254,-0.004087257238450296,-0.0018819435943650098,,,,,,,
gyro,1778675418.0,163.0,,,,0.0016581189198549974,-0.003944290256890718,-0.001802056292695795,,,,,,,
gyro,1778675418.0,163.0,,,,0.0016008289988284452,-0.0038634611956627277,-0.0017030669407989587,,,,,,,
gyro,1778675418.0,163.0,,,,0.0014639941556773468,-0.0038237717892315067,-0.0016454448951153584,,,,,,,
gyro,1778675418.0,163.0,,,,0.0013689133909779833,-0.0038246146445663114,-0.0015485042246450894,,,,,,,
gyro,1778675418.0,163.0,,,,0.001374887335559602,-0.0037455471522541426,-0.0014527664819365767,,,,,,,
gyro,1778675418.0,163.0,,,,0.0013409231221812568,-0.0035877169355679407,-0.0013980752409524188,,,,,,,
gyro,1778675418.0,163.0,,,,0.001386937389893506,-0.003372155095490287,-0.0013042754054808845,,,,,,,
gyro,1778675418.0,163.0,,,,0.0013529920773531715,-0.0031989275453412716,-0.001211622525585828,,,,,,,
gyro,1778675418.0,163.0,,,,0.0013986958818077407,-0.0030476171049017404,-0.001120097191751313,,,,,,,
gyro,1778675418.0,163.0,,,,0.0014240765095718886,-0.0028586002478386777,-0.0010296804639470761,,,,,,,
gyro,1778675419.0,164.0,,,,0.0013899582457914592,-0.0027310551832961994,-0.0009403538569021392,,,,,,,
gyro,1778675419.0,164.0,,,,0.001415328801936498,-0.002683823421416453,-0.0008323961287838177,,,,,,,
gyro,1778675419.0,164.0,,,,0.0014010841851886911,-0.002755102187851635,-0.0007453943595113542,,,,,,,
gyro,1778675419.0,164.0,,,,0.001445868037609499,-0.0027666640117872594,-0.0006201780878948086,,,,,,,
gyro,1778675419.0,164.0,,,,0.0014705374475637494,-0.0027389207972947608,-0.0004964447892741135,,,,,,,
gyro,1778675419.0,164.0,,,,0.0015144650871824132,-0.002594199878104925,-0.000393719752675726,,,,,,,
gyro,1778675419.0,164.0,,,,0.0014993321256802953,-0.002373118652254457,-0.00031172589083937677,,,,,,,
gyro,1778675419.0,164.0,,,,0.0014454133458904272,-0.0013363544637191554,-0.000269653613274458,,,,,,,
gyro,1778675419.0,164.0,,,,0.0013726739667701288,-3.936488355159675e-05,-0.0002475198105755688,,,,,,,
gyro,1778675419.0,164.0,,,,0.0012425194257067926,0.0012619978490220906,-0.0002450590230986336,,,,,,,
gyro,1778675419.0,164.0,,,,0.0011720325284813094,0.002354469828124454,-0.0002426266633260471,,,,,,,
gyro,1778675419.0,164.0,,,,0.0009281531339838855,0.002969851052020447,-0.0002595760441620879,,,,,,,
gyro,1778675419.0,164.0,,,,0.0009576165900316975,0.003075740410786495,-0.0003149779466234494,,,,,,,
gyro,1778675419.0,164.0,,,,0.000928862667028159,0.002717343460803551,-0.0003697472294615483,,,,,,,
gyro,1778675419.0,164.0,,,,0.0010160325838526382,0.002151094592395833,-0.00040462898452130674,,,,,,,
gyro,1778675419.0,164.0,,,,0.001082968800347967,0.0016874527504330368,-0.00047758716097977895,,,,,,,
gyro,1778675419.0,164.0,,,,0.0011107334438267026,0.0015171839704006106,-0.0005497214532349823,,,,,,,
gyro,1778675419.0,164.0,,,,0.0010231035300248988,0.001674916792200208,-0.0006402342652236891,,,,,,,
gyro,1778675420.0,165.0,,,,0.0008789861230294695,0.0022139786210888467,-0.000672262191300484,,,,,,,
gyro,1778675420.0,165.0,,,,0.0007364789856409088,0.0026322456594035635,-0.0006656782965976247,,,,,,,
gyro,1778675420.0,165.0,,,,0.000652871663678297,0.0028548347895655975,-0.0006591677138658139,,,,,,,
gyro,1778675420.0,165.0,,,,0.0005320310780881436,0.0028460262400559367,-0.0006527293822446155,,,,,,,
gyro,1778675420.0,165.0,,,,0.0003934763147722078,0.0026086963575297152,-0.0006844637637006759,,,,,,,
gyro,1778675420.0,165.0,,,,0.00025644904225850064,0.0022407889206698755,-0.0006777956494772089,,,,,,,
gyro,1778675420.0,165.0,,,,0.00015893228478533824,0.0017248957583131201,-0.0007282079036017725,,,,,,,
gyro,1778675420.0,165.0,,,,4.350486564678057e-05,0.0011956748774557889,-0.0007590890646870231,,,,,,,
gyro,1778675420.0,165.0,,,,5.170941694984293e-06,0.0007859680433903119,-0.00075172134051191,,,,,,,
gyro,1778675420.0,165.0,,,,-7.061214276740565e-05,0.0006079396809972129,-0.0007633670628318972,,,,,,,
gyro,1778675420.0,165.0,,,,-0.00018340456514024094,0.0006587861861673207,-0.0007937974696792926,,,,,,,
gyro,1778675420.0,165.0,,,,-0.0002571880788741568,0.0008602069408219953,-0.000823898585946296,,,,,,,
gyro,1778675420.0,165.0,,,,-0.0002547033713105791,0.0011160682591786905,-0.0008536749298916935,,,,,,,
gyro,1778675420.0,165.0,,,,-0.00012030582019408647,0.0013314826959028908,-0.0008454366686917503,,,,,,,
gyro,1778675420.0,165.0,,,,1.2649957106374699e-05,0.001375127289508563,-0.0008372867849152722,,,,,,,
gyro,1778675420.0,165.0,,,,8.775422499144499e-05,0.0013806919463855505,-0.0008104175656831657,,,,,,,
gyro,1778675420.0,165.0,,,,0.0002372140668852373,0.001423770830721764,-0.0007650481975287431,,,,,,,
gyro,1778675420.0,165.0,,,,0.00032878140461342403,0.0015039358927885467,-0.0007201615298199701,,,,,,,
gyro,1778675421.0,166.0,,,,0.0004943710144873319,0.001564492251837305,-0.0006757511538542175,,,,,,,
gyro,1778675421.0,166.0,,,,0.000527089564686439,0.0016244077340733826,-0.0006692704966246737,,,,,,,
gyro,1778675421.0,166.0,,,,0.0006343187223815318,0.0016462675602659691,-0.0006441466486250914,,,,,,,
gyro,1778675421.0,166.0,,,,0.0004786880843391209,0.0015931224711179899,-0.0006192873296759621,,,,,,,
gyro,1778675421.0,166.0,,,,0.0002499779488842751,0.001503183311199467,-0.0006133652183637189,,,,,,,
gyro,1778675421.0,166.0,,,,0.00013562682102899617,0.0014701630766064963,-0.0006261640345072935,,,,,,,
gyro,1778675421.0,166.0,,,,-0.00010803253437714793,0.001474771900731407,-0.0006574710584549891,,,,,,,
gyro,1778675421.0,166.0,,,,-0.00023738949626735288,0.001442081896110339,-0.0006512008827952475,,,,,,,
gyro,1778675421.0,166.0,,,,-0.0004212282136083378,0.0014283410524237572,-0.0006822141602112982,,,,,,,
gyro,1778675421.0,166.0,,,,-0.0005287864203032433,0.0014147428133150098,-0.0006943124260114261,,,,,,,
gyro,1778675421.0,166.0,,,,-0.0006352309040416351,0.0013641303993664798,-0.0007062854190241988,,,,,,,
gyro,1778675421.0,166.0,,,,-0.00068487977901289,0.0012583450090743523,-0.0007366968377252054,,,,,,,
gyro,1778675421.0,166.0,,,,-0.0005485368353737165,0.0011165560396451187,-0.000729700650742296,,,,,,,
gyro,1778675421.0,166.0,,,,-0.0003765318673195934,0.0009391610665408216,-0.0007042441697873011,,,,,,,
gyro,1778675421.0,166.0,,,,-0.00020629247430593617,0.0008191402454711647,-0.0006975667414430835,,,,,,,
gyro,1778675421.0,166.0,,,,1.7723134848753155e-05,0.0007558688383552457,-0.0006724541979472367,,,,,,,
gyro,1778675421.0,166.0,,,,0.00012850208417670284,0.0007302232915283064,-0.0006475983586308074,,,,,,,
gyro,1778675421.0,166.0,,,,0.00029357844566804865,0.0006863635268680912,-0.0006229960854413966,,,,,,,
gyro,1778675421.0,166.0,,,,0.0004015869572571866,0.0007537246641292759,-0.0005986442922296634,,,,,,,
gyro,1778675422.0,167.0,,,,0.0004531409246986611,0.0008573091726179663,-0.0005560907447231481,,,,,,,
gyro,1778675422.0,167.0,,,,0.0005779264987883863,0.0009967156650676505,-0.0005324050145674723,,,,,,,
gyro,1778675422.0,167.0,,,,0.0006830253833716049,0.0011531345674623853,-0.0005089590428000145,,,,,,,
gyro,1778675422.0,167.0,,,,0.000787062387464827,0.001326384155980715,-0.0004857499605113329,,,,,,,
gyro,1778675422.0,167.0,,,,0.0008348441807237675,0.0014610887912387266,-0.0004443760902690247,,,,,,,
gyro,1778675422.0,167.0,,,,0.0008821449564734261,0.0015208805329158161,-0.0004034187292168479,,,,,,,
gyro,1778675422.0,167.0,,,,0.000928970400599362,0.0014881960369094865,-0.00036287295399225594,,,,,,,
gyro,1778675422.0,167.0,,,,0.001030426073645802,0.0013640124143682326,-0.00035946095966559724,,,,,,,
gyro,1778675422.0,167.0,,,,0.001002391063812952,0.001241072421009558,-0.0003193787732818968,,,,,,,
gyro,1778675422.0,167.0,,,,0.0010113184415555707,0.00110102047563295,-0.0003163794169288016,,,,,,,
gyro,1778675422.0,167.0,,,,0.0010568169811334476,0.0009806965224261413,-0.0003134099971661347,,,,,,,
gyro,1778675422.0,167.0,,,,0.0011201815564812416,0.0008615715668265801,-0.00031047016691657364,,,,,,,
gyro,1778675422.0,167.0,,,,0.001219542908737205,0.000816876739720956,-0.0002892506830869029,,,,,,,
gyro,1778675422.0,167.0,,,,0.0013179172933117048,0.0008458201981267823,-0.00026824197481816934,,,,,,,
gyro,1778675422.0,167.0,,,,0.0013970275727361282,0.0009659282395964482,-0.0002657300797151036,,,,,,,
gyro,1778675422.0,167.0,,,,0.0014753544523916477,0.001139682443497993,-0.0002998000908709395,,,,,,,
gyro,1778675422.0,167.0,,,,0.0014615536842471366,0.001932903298150795,-0.00026045817420665445,,,,,,,
gyro,1778675423.0,168.0,,,,0.0013748524115218166,0.0025722002617224633,-0.00034932837459596204,,,,,,,
gyro,1778675423.0,168.0,,,,0.0014350042993597526,0.0025846639455439657,-0.00045557220433036,,,,,,,
gyro,1778675423.0,168.0,,,,0.0015675356478080525,0.002432830383404367,-0.000560770070869728,,,,,,,
gyro,1778675423.0,168.0,,,,0.0015346709511870412,0.002008997895720788,-0.0008107952983375151,,,,,,,
gyro,1778675423.0,168.0,,,,0.0014110063238043397,0.001990252751292354,-0.0007667847947451391,,,,,,,
gyro,1778675423.0,168.0,,,,0.0015435679072971556,0.002135626142152587,-0.0007596336584139152,,,,,,,
gyro,1778675423.0,168.0,,,,0.0015291791488684324,0.00247984467026364,-0.0007525525412479174,,,,,,,
gyro,1778675423.0,168.0,,,,0.0014239368294014115,0.0027115153099233832,-0.0006727527113595708,,,,,,,
gyro,1778675423.0,168.0,,,,0.0013379203679708463,0.00274082857834954,-0.0006119209554101245,,,,,,,
gyro,1778675423.0,168.0,,,,0.001361826867770546,0.0026607719486322922,-0.0007516791493134696,,,,,,,
gyro,1778675423.0,168.0,,,,0.001258282077537492,0.0024724495186648314,-0.000835557697449507,,,,,,,
gyro,1778675423.0,168.0,,,,0.001373742616495601,0.0025947819719019717,-0.000791456259776442,,,,,,,
gyro,1778675423.0,168.0,,,,0.0014154426363424258,0.002988303609773623,-0.0008204125770345726,,,,,,,
gyro,1778675423.0,168.0,,,,0.0012933804816364662,0.0032146481044025227,-0.000867237619752394,,,,,,,
gyro,1778675423.0,168.0,,,,0.0011362169020411672,0.003311791850447464,-0.0008591814013201431,,,,,,,
gyro,1778675423.0,168.0,,,,0.0010712606080253966,0.0030996778982488185,-0.0008330680034816098,,,,,,,
gyro,1778675423.0,168.0,,,,0.0010975731771096665,0.0028352222193325435,-0.0008797196227611916,,,,,,,
gyro,1778675423.0,168.0,,,,0.0010692680768286885,0.0026639368867766417,-0.0009259204585458902,,,,,,,
gyro,1778675424.0,169.0,,,,0.0009325410878523442,0.0025486477654583497,-0.0008629895261521452,,,,,,,
gyro,1778675424.0,169.0,,,,0.0008695720789431018,0.0025612327036696066,-0.0006014632905305848,,,,,,,
gyro,1778675424.0,169.0,,,,0.0010425319798164274,0.002609898443232733,-0.0003967683680610455,,,,,,,
gyro,1778675424.0,169.0,,,,0.0010147783746686139,0.0027666724568092297,-0.0003026103145345597,,,,,,,
gyro,1778675424.0,169.0,,,,0.0007702146082734531,0.0028134010284556416,-0.00040834608268713673,,,,,,,
gyro,1778675424.0,169.0,,,,0.000726919580204547,0.002841598898742936,-0.0005853943808206818,,,,,,,
gyro,1778675424.0,169.0,,,,0.0007201916246275657,0.002869526252909788,-0.0006522797460003083,,,,,,,
gyro,1778675424.0,169.0,,,,0.000496671318429119,0.002879116082021007,-0.0005016764802660149,,,,,,,
gyro,1778675424.0,169.0,,,,0.000474013462979605,0.0029247420278048163,-0.0006054293767989057,,,,,,,
gyro,1778675424.0,169.0,,,,0.0004876887417834772,0.002951873306452622,-0.0007443061080236008,,,,,,,
gyro,1778675424.0,169.0,,,,0.00053733834562627,0.002256598459765977,-0.0007735311597218574,,,,,,,
gyro,1778675424.0,169.0,,,,0.0006767577982081616,0.0005933724886378964,-0.0006941954692859441,,,,,,,
gyro,1778675424.0,169.0,,,,0.0008509300283251862,-0.0014689666211714074,-0.0005795245154165487,,,,,,,
gyro,1778675424.0,169.0,,,,0.0009152160581245876,-0.0033312759821993386,-0.0005381003430066519,,,,,,,
gyro,1778675424.0,169.0,,,,0.0009428281150043713,-0.004508660520087689,-0.0005872249159734284,,,,,,,
gyro,1778675424.0,169.0,,,,0.0009161003952901024,-0.004683373265424295,-0.0006358819913407335,,,,,,,
gyro,1778675424.0,169.0,,,,0.0007814940494592993,-0.003847197781372492,-0.0007020969882369784,,,,,,,
gyro,1778675424.0,169.0,,,,0.0005941197946511158,-0.0024063993633829835,-0.0006776048299425321,,,,,,,
gyro,1778675425.0,170.0,,,,0.0004805672627784439,-0.001033320720341613,-0.0005993130453164122,,,,,,,
gyro,1778675425.0,170.0,,,,0.0004581307035818746,-0.00015945476285771326,-0.0005397698696797626,,,,,,,
gyro,1778675425.0,170.0,,,,0.0005079116154494196,7.60489805061672e-05,-0.0005347947008992285,,,,,,,
gyro,1778675425.0,170.0,,,,0.0005752175775746186,-0.0005905709934580208,-0.0005478632273355918,,,,,,,
gyro,1778675425.0,170.0,,,,0.0006059024369951247,-0.001142920070069768,-0.0005248240050663608,,,,,,,
gyro,1778675425.0,170.0,,,,0.0006542846446666426,-0.0014382006024663658,-0.0004840151214319129,,,,,,,
gyro,1778675425.0,170.0,,,,0.0006662431934160565,-0.0014968904381577484,-0.0004795583184832704,,,,,,,
gyro,1778675425.0,170.0,,,,0.0006061732246540781,-0.0014111948186606804,-0.00047514360896870345,,,,,,,
gyro,1778675425.0,170.0,,,,0.0005466702128774187,-0.0012723747920754783,-0.0005067199149926593,,,,,,,
gyro,1778675425.0,170.0,,,,0.0005056989608294557,-0.0012067554355802215,-0.0005020573308886661,,,,,,,
gyro,1778675425.0,170.0,,,,0.0005369797576365177,-0.0012136204526240312,-0.00046150576086795856,,,,,,,
gyro,1778675425.0,170.0,,,,0.0005859283798974947,-0.0012563457558675969,-0.0004392986430718052,,,,,,,
gyro,1778675425.0,170.0,,,,0.0005984991092142698,-0.0012627517493807344,-0.0004352591295232259,,,,,,,
gyro,1778675425.0,170.0,,,,0.0005929968672258841,-0.0011972786335431086,-0.000449212329146179,,,,,,,
gyro,1778675425.0,170.0,,,,0.0006234482262074949,-0.0010785590846584118,-0.00042713247378436725,,,,,,,
gyro,1778675425.0,170.0,,,,0.0005997717776609309,-0.000978902261530226,-0.0004232073104780553,,,,,,,
gyro,1778675425.0,170.0,,,,0.0006301484290783537,-0.0009340212178672137,-0.00038343182840588533,,,,,,,
gyro,1778675425.0,170.0,,,,0.0006243599635733035,-0.000997201479989064,-0.0003799096710698558,,,,,,,
gyro,1778675425.0,170.0,,,,0.0006365623005472031,-0.0010597891377974581,-0.00035848404098525887,,,,,,,
gyro,1778675426.0,171.0,,,,0.0006307171834326946,-0.0011397323296412647,-0.0003731253926854494,,,,,,,
gyro,1778675426.0,171.0,,,,0.0006607862011801524,-0.0011651282897255336,-0.0003517701969259648,,,,,,,
gyro,1778675426.0,171.0,,,,0.0006367945516435237,-0.0011544337082101497,-0.0003485413378562107,,,,,,,
gyro,1778675426.0,171.0,,,,0.0006130274387949263,-0.0010900698881946185,-0.000345342697522377,,,,,,,
gyro,1778675426.0,171.0,,,,0.0006432423778702595,-0.001026308129054665,-0.0003421739773548663,,,,,,,
gyro,1778675426.0,171.0,,,,0.0006373412889695903,-0.0010168928048823317,-0.0003390348821563315,,,,,,,
gyro,1778675426.0,171.0,,,,0.0006314953424554426,-0.0010254791505167314,-0.000318011431202276,,,,,,,
gyro,1778675426.0,171.0,,,,0.000661525321019876,-0.001033985301565829,-0.0003150949972798976,,,,,,,
gyro,1778675426.0,171.0,,,,0.0006554595803923059,-0.001024504354347741,-0.0003301134804783679,,,,,,,
gyro,1778675426.0,171.0,,,,0.0006673552122799981,-0.0009972070962368683,-0.00030918228087087535,,,,,,,
gyro,1778675426.0,171.0,,,,0.0006791399019784885,-0.001005968243090536,-0.00028844629183554893,,,,,,,
gyro,1778675426.0,171.0,,,,0.0006729156351849461,-0.0010325468188923177,-0.00026790360293869994,,,,,,,
gyro,1778675426.0,171.0,,,,0.0006667493643025108,-0.0010588777432404134,-0.00028334500495700795,,,,,,,
gyro,1778675426.0,171.0,,,,0.0006606405231862572,-0.0010312825424346602,-0.0002807489625623112,,,,,,,
gyro,1778675426.0,171.0,,,,0.0006366975817223629,-0.0010218352074522093,-0.00027817708784693,,,,,,,
gyro,1778675426.0,171.0,,,,0.0006129774390242371,-0.0010303641422245908,-0.0002577407869900094,,,,,,,
gyro,1778675426.0,171.0,,,,0.0006431353112429998,-0.0010209279511373373,-0.00025538036777766584,,,,,,,
gyro,1778675426.0,171.0,,,,0.0006730127885569298,-0.0010115794936900004,-0.0002709251717728101,,,,,,,
gyro,1778675427.0,172.0,,,,0.000702612591838002,-0.0010023179185404266,-0.0002505638949439676,,,,,,,
gyro,1778675427.0,172.0,,,,0.0006961806541346365,-0.001028899141927657,-0.00026614853304878167,,,,,,,
gyro,1778675427.0,172.0,,,,0.00067193244860552,-0.0010731095200119548,-0.0002458364529175075,,,,,,,
gyro,1778675427.0,172.0,,,,0.0006657829908878334,-0.0011169095049795555,-0.00022571292439408847,,,,,,,
gyro,1778675427.0,172.0,,,,0.0006954333192141237,-0.0011781744235925143,-0.00020577612591566886,,,,,,,
gyro,1778675427.0,172.0,,,,0.0006890704042799637,-0.0012210019588017541,-0.00020389336311367655,,,,,,,
gyro,1778675427.0,172.0,,,,0.0006827664881792881,-0.0012812992788047042,-0.00020202805784650825,,,,,,,
gyro,1778675427.0,172.0,,,,0.0006765210027182655,-0.0013053082635418934,-0.00020018004198772804,,,,,,,
gyro,1778675427.0,172.0,,,,0.0006881959737543412,-0.001293369613393748,-0.00018048656118687257,,,,,,,
gyro,1778675427.0,172.0,,,,0.0006819023128836904,-0.0012458205571135264,-0.00017883598307955918,,,,,,,
gyro,1778675427.0,172.0,,,,0.0006578084895330887,-0.0012165702061397868,-0.00017720068807678757,,,,,,,
gyro,1778675427.0,172.0,,,,0.0006875069357327395,-0.0011875906001221825,-0.0001755805295718375,,,,,,,
gyro,1778675427.0,172.0,,,,0.0007347850160091156,-0.001176733580102955,-0.00015612092672577093,,,,,,,
gyro,1778675427.0,172.0,,,,0.0007280683023071335,-0.0011838294777945409,-0.00015469381601330626,,,,,,,
gyro,1778675427.0,172.0,,,,0.000721413698805813,-0.0012087103377782216,-0.00015327990195275357,,,,,,,
gyro,1778675427.0,172.0,,,,0.0006791232061649305,-0.0012155124908882836,-0.0001518790584173677,,,,,,,
gyro,1778675427.0,172.0,,,,0.0006907641186468566,-0.001186558060771633,-0.00013264429959088106,,,,,,,
gyro,1778675427.0,172.0,,,,0.000684452432999231,-0.0011578711284062442,-0.00013143229523314583,,,,,,,
gyro,1778675427.0,172.0,,,,0.000696042318242172,-0.001165135698229912,-9.454493034817738e-05,,,,,,,
gyro,1778675428.0,173.0,,,,0.0007253667264535961,-0.0011544916592038628,-9.368121985516791e-05,,,,,,,
gyro,1778675428.0,173.0,,,,0.0007722602783083925,-0.0011617856925502969,-9.282548184136465e-05,,,,,,,
gyro,1778675428.0,173.0,,,,0.0007652066742687226,-0.0011690124172596093,-9.197764049552363e-05,,,,,,,
gyro,1778675428.0,173.0,,,,0.0007582181422301007,-0.0011583359804141348,-7.330112833294198e-05,,,,,,,
gyro,1778675428.0,173.0,,,,0.0007512940643912315,-0.0011477580107702532,-9.046661221700795e-05,,,,,,,
gyro,1778675428.0,173.0,,,,0.0007801003939355436,-0.0011372775741875034,-7.180725890616982e-05,,,,,,,
gyro,1778675428.0,173.0,,,,0.000790809466342489,-0.0011268937460867888,-7.115162808235983e-05,,,,,,,
gyro,1778675428.0,173.0,,,,0.0007657594723891995,-0.0011166056113340857,-7.050203929892083e-05,,,,,,,
gyro,1778675428.0,173.0,,,,0.000794426319205889,-0.0011242409467828855,-6.985843536378403e-05,,,,,,,
gyro,1778675428.0,173.0,,,,0.0007515202962879982,-0.0011139787483029724,-8.704796449218967e-05,,,,,,,
gyro,1778675428.0,173.0,,,,0.0007446608923892585,-0.0011394625596569047,-8.62534455018652e-05,,,,,,,
gyro,1778675428.0,173.0,,,,0.0007378646399997266,-0.0011647117527887401,-6.764191205959523e-05,,,,,,,
gyro,1778675428.0,173.0,,,,0.0007311309430178729,-0.0011540826812906318,-6.702461707838747e-05,,,,,,,
gyro,1778675428.0,173.0,,,,0.000670994539774757,-0.001143551421426741,-6.641300261507977e-05,,,,,,,
gyro,1778675428.0,173.0,,,,0.0006826922381989268,-0.0011331170511565626,-6.580701512115887e-05,,,,,,,
gyro,1778675428.0,173.0,,,,0.0006764634545566908,-0.0011405975426790342,-6.520660158721795e-05,,,,,,,
gyro,1778675428.0,173.0,,,,0.0006702919516438073,-0.0011658268277286396,-6.461170953662155e-05,,,,,,,
gyro,1778675428.0,173.0,,,,0.0006641771905218163,-0.0011551915328490176,-6.40222870192677e-05,,,,,,,
gyro,1778675428.0,173.0,,,,0.0006581186376508722,-0.0011624690558475468,-6.343828260544517e-05,,,,,,,
gyro,1778675429.0,174.0,,,,0.0006521157648269859,-0.0011518658704874358,-8.067347096432732e-05,,,,,,,
gyro,1778675429.0,174.0,,,,0.0006461680491202136,-0.0011413601120017307,-6.212505932010036e-05,,,,,,,
gyro,1778675429.0,174.0,,,,0.0006758978360678336,-0.0011309508659204518,-6.15584765006405e-05,,,,,,,
gyro,1778675429.0,174.0,,,,0.0006519237588704439,-0.0011206372268759666,-9.661763193860256e-05,,,,,,,
gyro,1778675429.0,174.0,,,,0.0006459789606435003,-0.0011282274223098855,-9.573658976269646e-05,,,,,,,
gyro,1778675429.0,174.0,,,,0.0006757047459374582,-0.0011179399285442136,-9.486363671187093e-05,,,,,,,
gyro,1778675429.0,174.0,,,,0.0006695438620751891,-0.001125553768981459,-9.399869702919417e-05,,,,,,,
gyro,1778675429.0,174.0,,,,0.0006634395224088473,-0.001115291913249859,-7.533587887640546e-05,,,,,,,
gyro,1778675429.0,174.0,,,,0.0006395864436694899,-0.0010873194690273755,-9.245382475042016e-05,,,,,,,
gyro,1778675429.0,174.0,,,,0.0006693633422827384,-0.0010952110850024185,-0.0001272184299845831,,,,,,,
gyro,1778675429.0,174.0,,,,0.0006632617212619555,-0.00110303031044326,-0.00012605876288363654,,,,,,,
gyro,1778675429.0,174.0,,,,0.0006394143805623912,-0.001092976140632451,-8.930636985746406e-05,,,,,,,
gyro,1778675429.0,174.0,,,,0.0006157857202244471,-0.0010830141676631147,-7.069169008975157e-05,,,,,,,
gyro,1778675429.0,174.0,,,,0.0005923736995039188,-0.0010731435311462864,-8.784712692011167e-05,,,,,,,
gyro,1778675429.0,174.0,,,,0.0005513775257831791,-0.0010455646072519804,-8.704652734420673e-05,,,,,,,
gyro,1778675429.0,174.0,,,,0.0005641506177227396,-0.0010538341348273414,-8.625326573686252e-05,,,,,,,
gyro,1778675430.0,175.0,,,,0.0005412128160423639,-0.0010620278790347314,-0.00010326419312298583,,,,,,,
gyro,1778675430.0,175.0,,,,0.0005362812066307463,-0.0010701465457902085,-0.0001023232348685003,,,,,,,
gyro,1778675430.0,175.0,,,,0.0005313947777055008,-0.0010248054334838963,-0.00010139089711658205,,,,,,,
gyro,1778675430.0,175.0,,,,0.0005265531087812491,-0.0010154681783416317,-0.00010046709963800875,,,,,,,
gyro,1778675430.0,175.0,,,,0.000503962371573076,-0.0010062164407285367,-9.955176298401582e-05,,,,,,,
gyro,1778675430.0,175.0,,,,0.0005349562310981777,-0.0010148419998321566,-8.085223406688792e-05,,,,,,,
gyro,1778675430.0,175.0,,,,0.0005300828011649651,-0.0010233885818033866,-8.011567343862903e-05,,,,,,,
gyro,1778675430.0,175.0,,,,0.0005252539871218931,-0.0010140659757039785,-6.159491122277462e-05,,,,,,,
gyro,1778675430.0,175.0,,,,0.0005560496786134977,-0.0010226188579474378,-4.324368249093728e-05,,,,,,,
gyro,1778675430.0,175.0,,,,0.0005509847654013311,-0.001031093459983865,-4.284978693229363e-05,,,,,,,
gyro,1778675430.0,175.0,,,,0.0005281775933761153,-0.0010217018988845875,-4.245949603463634e-05,,,,,,,
gyro,1778675430.0,175.0,,,,0.0005055791103993924,-0.0010301841310071476,-4.20727763572942e-05,,,,,,,
gyro,1778675430.0,175.0,,,,0.0005009745034134242,-0.0010385887591053498,-4.1689594782049066e-05,,,,,,,
gyro,1778675430.0,175.0,,,,0.0004964120188656105,-0.0010291301037592896,-4.130991850970044e-05,,,,,,,
gyro,1778675430.0,175.0,,,,0.0004918912664081422,-0.001019757964752148,-4.093371505667506e-05,,,,,,,
gyro,1778675430.0,175.0,,,,0.00048741185944582195,-0.0010104715406191321,-4.0560952251680745e-05,,,,,,,
gyro,1778675430.0,175.0,,,,0.00048297341509637593,-0.001001270037592849,-4.019159823240368e-05,,,,,,,
gyro,1778675430.0,175.0,,,,0.0004785755541512795,-0.0009921526695220906,-3.982562144224842e-05,,,,,,,
gyro,1778675431.0,176.0,,,,0.000474217901037087,-0.0009831186577916656,-3.9462990627119895e-05,,,,,,,
gyro,1778675431.0,176.0,,,,0.00045211775820497047,-0.0010097318823878308,-3.91036748322466e-05,,,,,,,
gyro,1778675431.0,176.0,,,,0.0004657830021470394,-0.001000538467938199,-3.874764339904442e-05,,,,,,,
gyro,1778675431.0,176.0,,,,0.00042598015822075747,-0.0010092101421013094,-3.8394865962020216e-05,,,,,,,
gyro,1778675431.0,176.0,,,,0.00042210196100736595,-0.0010178025685941721,-3.804531244571469e-05,,,,,,,
gyro,1778675431.0,176.0,,,,0.00041825920178646615,-0.0010263164796509223,-5.547880118299181e-05,,,,,,,
gyro,1778675431.0,176.0,,,,0.00041445155321499224,-0.000999194087389716,-5.497374647727526e-05,,,,,,,
gyro,1778675431.0,176.0,,,,0.00037512133960033745,-0.0009900981592406563,-3.6694630183793696e-05,,,,,,,
gyro,1778675431.0,176.0,,,,0.0003361504094802677,-0.0009988634282839819,-1.858249454402006e-05,,,,,,,
gyro,1778675431.0,176.0,,,,0.0003330905379058045,-0.0010075486337503788,-1.8413343933953045e-05,,,,,,,
gyro,1778675431.0,176.0,,,,0.00031228161752093513,-0.0010161545143495246,-5.379972950093277e-05,,,,,,,
gyro,1778675431.0,176.0,,,,0.00030943919029962627,-0.0010246818017758963,-5.33100374824064e-05,,,,,,,
gyro,1778675431.0,176.0,,,,0.0003066227192012895,-0.0009975793693832039,-1.7272965774953465e-05,,,,,,,
gyro,1778675431.0,176.0,,,,0.00030383196493306,-0.0009884998109921759,-1.7115754322759056e-05,,,,,,,
gyro,1778675431.0,176.0,,,,0.00031884158465719293,-0.0009795031496787835,-1.695997822340853e-05,,,,,,,
gyro,1778675431.0,176.0,,,,0.00033371417704355043,-0.0009528142291877228,9.687681566713397e-07,,,,,,,
gyro,1778675431.0,176.0,,,,0.0003484510044035378,-0.0009441428392437027,9.599515729192182e-07,,,,,,,
gyro,1778675431.0,176.0,,,,0.00036305331711384816,-0.0009355505999168431,9.512154650826918e-07,,,,,,,
gyro,1778675431.0,176.0,,,,0.00035974941277655006,-0.0009270367824164295,-1.6830381868786497e-05,,,,,,,
gps,1778675410.0,155.0,,,,,,,57.777508,11.914561,13.7,0.081488,10.0,-46.66083964371451,95.0718845994356
gps,1778675411.0,156.0,,,,,,,57.777508,11.914561,13.6,0.033336,10.0,-46.66083964371451,95.0718845994356
gps,1778675412.0,157.0,,,,,,,57.777508,11.914561,13.8,0.053708,10.0,-46.66083964371451,95.0718845994356
gps,1778675413.0,158.0,,,,,,,57.777508,11.914561,14.0,0.109268,10.0,-46.66083964371451,95.0718845994356
gps,1778675414.0,159.0,,,,,,,57.777508,11.914563,14.1,0.090748,10.0,-46.54226063581417,95.0718845994356
gps,1778675415.0,160.0,,,,,,,57.777508,11.914563,13.9,0.03704,10.0,-46.54226063581417,95.0718845994356
gps,1778675416.0,161.0,,,,,,,57.777489,11.914587,13.8,7.304288,10.0,-45.11931253997302,92.95917605337878
gps,1778675417.0,162.0,,,,,,,57.777481,11.914687,13.4,28.34486,10.0,-39.19036214043057,92.0696145600044
gps,1778675418.0,163.0,,,,,,,57.777458,11.914892,13.3,50.455887,10.0,-27.036013821547712,89.51212526726037
gps,1778675419.0,164.0,,,,,,,57.777431,11.915194,13.4,71.857597,10.0,-9.13058361520862,86.50985522641452
gps,1778675420.0,165.0,,,,,,,57.777401,11.91557,13.3,86.247643,10.0,13.162269886931428,83.1739996262606
gps,1778675421.0,166.0,,,,,,,57.777351,11.915946,13.3,80.882393,10.0,35.4551233888829,77.61424029408536
gps,1778675422.0,167.0,,,,,,,57.777321,11.916296,13.4,74.476326,10.0,56.20644978709288,74.2783846925168
gps,1778675423.0,168.0,,,,,,,57.777287,11.916617,13.7,67.81839,10.0,75.23838056947515,70.49774834709032
gps,1778675424.0,169.0,,,,,,,57.777271,11.916845,13.2,42.458954,10.0,88.75638748020187,68.71862535892691
gps,1778675425.0,170.0,,,,,,,57.777271,11.916917,13.5,7.280212,11.0,93.02523176781962,68.71862535892691
gps,1778675426.0,171.0,,,,,,,57.777271,11.916923,13.5,0.172236,11.0,93.3809687917092,68.71862535892691
gps,1778675427.0,172.0,,,,,,,57.777271,11.916921,13.7,0.068524,11.0,93.26238978380889,68.71862535892691
gps,1778675428.0,173.0,,,,,,,57.777271,11.916921,14.2,0.168532,11.0,93.26238978380889,68.71862535892691
gps,1778675429.0,174.0,,,,,,,57.777271,11.916917,14.4,0.07408,11.0,93.02523176781962,68.71862535892691
gps,1778675430.0,175.0,,,,,,,57.777271,11.916915,14.5,0.22224,11.0,92.90665275973072,68.71862535892691
gps,1778675431.0,176.0,,,,,,,57.777271,11.916913,14.8,0.062968,11.0,92.78807375173608,68.71862535892691
