sensor,time,t,ax,ay,az,wx,wy,wz,lat,lon,alt,v_kmh,satellites,x,y
acc,1778675478.0,223.0,0.117188,0.320312,-9.835938,,,,,,,,,,
acc,1778675478.0,223.0,0.117188,0.320312,-9.824949640891537,,,,,,,,,,
acc,1778675478.0,223.0,0.12649152426947105,0.320312,-9.819193316660966,,,,,,,,,,
acc,1778675478.0,223.0,0.13221744030887328,0.320312,-9.81565054853513,,,,,,,,,,
acc,1778675478.0,223.0,0.12979134354562394,0.320312,-9.813250261975506,,,,,,,,,,
acc,1778675478.0,223.0,0.1280388611640577,0.3252005458740127,-9.811516423502873,,,,,,,,,,
acc,1778675478.0,223.0,0.1267135492250507,0.3288975007075455,-9.81020521098955,,,,,,,,,,
acc,1778675478.0,223.0,0.12142172769732763,0.3317914260093364,-9.813007791618642,,,,,,,,,,
acc,1778675478.0,223.0,0.12100562831252808,0.3341185062269139,-9.81180611762487,,,,,,,,,,
acc,1778675478.0,223.0,0.12066373622904064,0.3360305741921507,-9.810818750566876,,,,,,,,,,
acc,1778675478.0,223.0,0.12037780386707853,0.33762968144247213,-9.812885192278165,,,,,,,,,,
acc,1778675478.0,223.0,0.12310707711169544,0.3363120959663947,-9.811964265998377,,,,,,,,,,
acc,1778675478.0,223.0,0.12545279497587222,0.33517967590002334,-9.811172761069235,,,,,,,,,,
acc,1778675478.0,223.0,0.12749065788580224,0.3341958760633245,-9.812811486461134,,,,,,,,,,
acc,1778675478.0,223.0,0.12685048249336547,0.33333317481614144,-9.812063949128843,,,,,,,,,,
acc,1778675478.0,223.0,0.1262844962258844,0.3325704509366967,-9.813462387361616,,,,,,,,,,
acc,1778675478.0,223.0,0.12578047057131614,0.33189122526519255,-9.812759727303606,,,,,,,,,,
acc,1778675478.0,223.0,0.1253287246491682,0.33128245183364363,-9.812129950202012,,,,,,,,,,
acc,1778675478.0,223.0,0.12296741462709769,0.3307336680659652,-9.81156223250492,,,,,,,,,,
acc,1778675478.0,223.0,0.12269164282261172,0.33023638548740963,-9.811047792871445,,,,,,,,,,
acc,1778675478.0,223.0,0.12244057223009626,0.3297836451070858,-9.810579432214231,,,,,,,,,,
acc,1778675478.0,223.0,0.1222110090765448,0.3293696877877282,-9.810151192696445,,,,,,,,,,
acc,1778675478.0,223.0,0.12200028749993394,0.32735100609272577,-9.811396843475421,,,,,,,,,,
acc,1778675478.0,223.0,0.1233818854394336,0.3254913392407355,-9.812544372314939,,,,,,,,,,
acc,1778675478.0,223.0,0.1231412417287109,0.3252901124944274,-9.812087343912951,,,,,,,,,,
acc,1778675478.0,223.0,0.12145421228483218,0.32363966448640447,-9.81151724585265,,,,,,,,,,
acc,1778675478.0,223.0,0.12129977662572732,0.3235192039879748,-9.811128596837115,,,,,,,,,,
acc,1778675478.0,223.0,0.12115581230899698,0.32340691118299736,-9.810766299746573,,,,,,,,,,
acc,1778675478.0,223.0,0.11969680761973715,0.32330197498294583,-9.810427737716898,,,,,,,,,,
acc,1778675478.0,223.0,0.11833025593603191,0.3232036882934529,-9.810110629406624,,,,,,,,,,
acc,1778675478.0,223.0,0.11954004750381773,0.32186519776331346,-9.809688359867478,,,,,,,,,,
acc,1778675478.0,223.0,0.12067790404439231,0.3218170550632112,-9.8094122685899,,,,,,,,,,
acc,1778675478.0,223.0,0.12175013210163411,0.3217716891036545,-9.81021181758168,,,,,,,,,,
acc,1778675478.0,223.0,0.12161628400598377,0.3217288633804152,-9.81096659636676,,,,,,,,,,
acc,1778675478.0,223.0,0.12148971771454513,0.32168836752619895,-9.81067547837241,,,,,,,,,,
acc,1778675478.0,223.0,0.12136984645147246,0.3216500137975803,-9.810399759764485,,,,,,,,,,
acc,1778675478.0,223.0,0.12019404852993044,0.321613634113727,-9.810138232237694,,,,,,,,,,
acc,1778675478.0,223.0,0.1190771741262269,0.32157907754838005,-9.80988981080814,,,,,,,,,,
acc,1778675478.0,223.0,0.11902816692076325,0.32245821852838646,-9.809653518474573,,,,,,,,,,
acc,1778675478.0,223.0,0.11898149234573491,0.32240378116371043,-9.810320206366415,,,,,,,,,,
acc,1778675478.0,223.0,0.11893698479423256,0.3223518712360785,-9.81095594103918,,,,,,,,,,
acc,1778675478.0,223.0,0.11889449399780555,0.32230231348479593,-9.811562868889629,,,,,,,,,,
acc,1778675478.0,223.0,0.11885388329128921,0.3222549485149159,-9.811306284738887,,,,,,,,,,
acc,1778675478.0,223.0,0.11881502810796402,0.32220963104211736,-9.811060792230368,,,,,,,,,,
acc,1778675478.0,223.0,0.11877781467014771,0.3221662283655204,-9.810825672500686,,,,,,,,,,
acc,1778675478.0,223.0,0.11874213884623677,0.322913550577906,-9.811389199175009,,,,,,,,,,
acc,1778675478.0,223.0,0.11870790515002408,0.32285624508529726,-9.811929946349474,,,,,,,,,,
acc,1778675478.0,223.0,0.11867502586205031,0.3228012068042348,-9.812449299619416,,,,,,,,,,
acc,1778675478.0,223.0,0.11864342025597235,0.3234955359544742,-9.812201298766988,,,,,,,,,,
acc,1778675478.0,223.0,0.11861301391559105,0.3234290261766622,-9.81196270823608,,,,,,,,,,
acc,1778675478.0,223.0,0.11858373813038084,0.32336498933614843,-9.812455261666159,,,,,,,,,,
acc,1778675478.0,223.0,0.11855552935919215,0.32330328644521905,-9.812929863010153,,,,,,,,,,
acc,1778675478.0,223.0,0.118528328753322,0.3239430729997488,-9.813387502374061,,,,,,,,,,
acc,1778675478.0,223.0,0.11850208173142418,0.3245604302669671,-9.813829098067302,,,,,,,,,,
acc,1778675478.0,223.0,0.11772334624683274,0.32515655061536636,-9.813577444987493,,,,,,,,,,
acc,1778675478.0,223.0,0.11697090475809689,0.3257325429661587,-9.813334288971408,,,,,,,,,,
acc,1778675478.0,223.0,0.11697497046398102,0.32563102838094954,-9.813099194086837,,,,,,,,,,
acc,1778675478.0,223.0,0.11625765385251056,0.32618194958988,-9.812871753881959,,,,,,,,,,
acc,1778675478.0,223.0,0.1162745948647061,0.32607506153766674,-9.812651588936342,,,,,,,,,,
acc,1778675478.0,223.0,0.11629100335340152,0.32597153340273743,-9.81306990803477,,,,,,,,,,
acc,1778675478.0,223.0,0.1169993758392797,0.32587120411316933,-9.812852056610463,,,,,,,,,,
acc,1778675478.0,223.0,0.11700267660055132,0.32577392280218737,-9.812640823457642,,,,,,,,,,
acc,1778675478.0,223.0,0.11700587874334242,0.32567954801315036,-9.812435901422424,,,,,,,,,,
acc,1778675478.0,223.0,0.11700898677249225,0.3255879469776966,-9.812237002216344,,,,,,,,,,
acc,1778675478.0,223.0,0.1176705869259357,0.325498994959313,-9.81204385499101,,,,,,,,,,
acc,1778675478.0,223.0,0.1176625465655582,0.32541257465551326,-9.811856205040007,,,,,,,,,,
acc,1778675478.0,223.0,0.11829802547372442,0.32532857565260903,-9.810966176044705,,,,,,,,,,
acc,1778675478.0,223.0,0.11891597344373513,0.3252468939277547,-9.810800337272426,,,,,,,,,,
acc,1778675478.0,223.0,0.11951713253765135,0.3251674313935512,-9.810639004132877,,,,,,,,,,
acc,1778675478.0,223.0,0.12010220306890328,0.32509009548102563,-9.809797590828998,,,,,,,,,,
acc,1778675478.0,223.0,0.1212258604595742,0.32501479875726524,-9.809039933225291,,,,,,,,,,
acc,1778675478.0,223.0,0.12177206218570118,0.32494145857439277,-9.808911135097976,,,,,,,,,,
acc,1778675478.0,223.0,0.12230427484165617,0.32486999674692557,-9.808785635689715,,,,,,,,,,
acc,1778675478.0,223.0,0.12222608547604505,0.3248003392548773,-9.808663305008526,,,,,,,,,,
acc,1778675478.0,223.0,0.12214984272914035,0.3247324159702369,-9.808544019897417,,,,,,,,,,
acc,1778675478.0,223.0,0.1220754719689428,0.32466616040470575,-9.807783621172167,,,,,,,,,,
acc,1778675478.0,223.0,0.12258289814137432,0.32460150947678934,-9.807041638475622,,,,,,,,,,
acc,1778675478.0,223.0,0.12250352976221313,0.3245384032965339,-9.806949533543277,,,,,,,,,,
acc,1778675478.0,223.0,0.12242603264589005,0.32447678496636706,-9.80685960016261,,,,,,,,,,
acc,1778675478.0,223.0,0.12291481680584053,0.32441660039665504,-9.807279806967106,,,,,,,,,,
acc,1778675478.0,223.0,0.1228327747678069,0.32435779813472276,-9.807690362541432,,,,,,,,,,
acc,1778675478.0,223.0,0.12275259302199763,0.3243003292062043,-9.80759221783703,,,,,,,,,,
acc,1778675478.0,223.0,0.12267420649064985,0.3242441469676989,-9.80749627052545,,,,,,,,,,
acc,1778675478.0,223.0,0.12259755315710803,0.3241892069698034,-9.80789365866234,,,,,,,,,,
acc,1778675478.0,223.0,0.12198114003885774,0.32462276145208946,-9.808282368072213,,,,,,,,,,
acc,1778675478.0,223.0,0.1213780257962931,0.32504696216335377,-9.808662691226234,,,,,,,,,,
acc,1778675478.0,223.0,0.12078776770472556,0.3249823458809381,-9.809034907306087,,,,,,,,,,
acc,1778675478.0,223.0,0.11968087343134585,0.32539525730173774,-9.809399282950091,,,,,,,,,,
acc,1778675478.0,223.0,0.11912219080790129,0.3253269173225608,-9.809756072949675,,,,,,,,,,
acc,1778675478.0,223.0,0.1185750047940111,0.32525998364818837,-9.810626878087044,,,,,,,,,,
acc,1778675478.0,223.0,0.11803895053326012,0.3251944116481294,-9.811479967881594,,,,,,,,,,
acc,1778675478.0,223.0,0.1175136788572159,0.3251301586109009,-9.812315898008466,,,,,,,,,,
acc,1778675478.0,223.0,0.11699885545100148,0.3255266975687358,-9.812624646901854,,,,,,,,,,
acc,1778675478.0,223.0,0.11598700904715714,0.32591543548820373,-9.812927321834753,,,,,,,,,,
acc,1778675478.0,223.0,0.1154986758760966,0.32629660876023514,-9.81322410686332,,,,,,,,,,
acc,1778675478.0,223.0,0.1150197436505793,0.3262199178293807,-9.813064652254623,,,,,,,,,,
acc,1778675478.0,223.0,0.11454993385276147,0.3265923694043551,-9.813355916587055,,,,,,,,,,
acc,1778675478.0,223.0,0.11458331836999042,0.3269578008673393,-9.813641691056187,,,,,,,,,,
acc,1778675478.0,223.0,0.11461608013789823,0.3273164156316144,-9.8134799288774,,,,,,,,,,
acc,1778675478.0,223.0,0.1146482370040898,0.32722883900858857,-9.813321153418373,,,,,,,,,,
acc,1778675478.0,223.0,0.11467980611675462,0.3271428630847334,-9.813165280009423,,,,,,,,,,
acc,1778675478.0,223.0,0.11519355679073155,0.32749293534978596,-9.813012227266407,,,,,,,,,,
acc,1778675478.0,223.0,0.11569810204621117,0.3278367349968794,-9.812861916932546,,,,,,,,,,
acc,1778675478.0,223.0,0.11571631037490626,0.3281744342080819,-9.812189141337683,,,,,,,,,,
acc,1778675478.0,223.0,0.115734198709463,0.3285061986753593,-9.812050475789295,,,,,,,,,,
acc,1778675478.0,223.0,0.11575177565023388,0.32840712809004674,-9.811394714590941,,,,,,,,,,
acc,1778675478.0,223.0,0.11623885791748409,0.32873260798793297,-9.810750261888941,,,,,,,,,,
acc,1778675478.0,223.0,0.11671761812107072,0.3286318497544811,-9.810116820009497,,,,,,,,,,
acc,1778675478.0,223.0,0.11718827307813762,0.3285327973234642,-9.809494102084447,,,,,,,,,,
acc,1778675478.0,223.0,0.11806751994520776,0.3284354067054642,-9.80934460537479,,,,,,,,,,
acc,1778675478.0,223.0,0.11893214687491212,0.3283396354787734,-9.809197594465894,,,,,,,,,,
acc,1778675478.0,223.0,0.11937001821986144,0.32824544271982575,-9.80859465840512,,,,,,,,,,
acc,1778675478.0,223.0,0.1198007353665736,0.32815278893728705,-9.808001573466491,,,,,,,,,,
acc,1778675478.0,223.0,0.12022447552979511,0.32806163600958094,-9.807418095630474,,,,,,,,,,
acc,1778675478.0,223.0,0.12064140983212417,0.3279719471256445,-9.806843989266248,,,,,,,,,,
acc,1778675478.0,223.0,0.1210517035653037,0.32788368672872,-9.806279026771906,,,,,,,,,,
acc,1778675478.0,223.0,0.1218588440648176,0.3273486812051365,-9.806215950594616,,,,,,,,,,
acc,1778675478.0,223.0,0.12225172289156747,0.3268220575632698,-9.805707624855973,,,,,,,,,,
acc,1778675478.0,223.0,0.12263849606265155,0.32630361807998787,-9.805607142637017,,,,,,,,,,
acc,1778675478.0,223.0,0.12341761516654269,0.32579317153858783,-9.805552463614058,,,,,,,,,,
acc,1778675478.0,223.0,0.1237881056961615,0.3252905329609169,-9.80545454449833,,,,,,,,,,
acc,1778675478.0,223.0,0.12415297297876424,0.32479552335256123,-9.805358111583548,,,,,,,,,,
acc,1778675478.0,223.0,0.12451234471774623,0.3243079694603662,-9.805744230013842,,,,,,,,,,
acc,1778675478.0,223.0,0.12486634455481838,0.3238277035415997,-9.806124576731705,,,,,,,,,,
acc,1778675478.0,223.0,0.1247810197323754,0.32378863564378557,-9.806065196779088,,,,,,,,,,
acc,1778675478.0,223.0,0.12469695152675712,0.32375014311637706,-9.806006691341592,,,,,,,,,,
acc,1778675478.0,223.0,0.12461411243843062,0.323281279640969,-9.806379986040685,,,,,,,,,,
acc,1778675478.0,223.0,0.12496189158900493,0.32281922202672825,-9.806747862122142,,,,,,,,,,
acc,1778675478.0,223.0,0.12530465822083017,0.3223638240194556,-9.807110436029065,,,,,,,,,,
acc,1778675479.0,224.0,0.125642519084294,0.3219149437911279,-9.807467820680571,,,,,,,,,,
acc,1778675479.0,224.0,0.1255505203129948,0.3214724437711463,-9.807820125606145,,,,,,,,,,
acc,1778675479.0,224.0,0.12503614234054852,0.3214598575789401,-9.807743779134178,,,,,,,,,,
acc,1778675479.0,224.0,0.12452897704508141,0.3210251411494899,-9.808090820736401,,,,,,,,,,
acc,1778675479.0,224.0,0.12402887617300105,0.3210174555472315,-9.808012041977385,,,,,,,,,,
acc,1778675479.0,224.0,0.12353569578001784,0.32100987629961625,-9.808312071868109,,,,,,,,,,
acc,1778675479.0,224.0,0.1230492960727,0.3210024012582841,-9.808607976679232,,,,,,,,,,
acc,1778675479.0,224.0,0.12298670221451335,0.3205778780579413,-9.80935870219249,,,,,,,,,,
acc,1778675479.0,224.0,0.12250901845454104,0.32057504700998407,-9.810057645397904,,,,,,,,,,
acc,1778675479.0,224.0,0.12203777934984843,0.32057225415702045,-9.810747158833257,,,,,,,,,,
acc,1778675479.0,224.0,0.12157285908910048,0.3209417184545844,-9.811013863255457,,,,,,,,,,
acc,1778675479.0,224.0,0.1207017070766019,0.321306258481636,-9.812101848433413,,,,,,,,,,
acc,1778675479.0,224.0,0.1198420968268829,0.3220772649023615,-9.812393954305541,,,,,,,,,,
acc,1778675479.0,224.0,0.11899380859541162,0.3228381163153176,-9.813502619339598,,,,,,,,,,
acc,1778675479.0,224.0,0.11815662858975737,0.32358900447640393,-9.814187633272764,,,,,,,,,,
acc,1778675479.0,224.0,0.11733034876394041,0.32433011598738126,-9.814455658277856,,,,,,,,,,
acc,1778675479.0,224.0,0.11651476662121153,0.3246545934823875,-9.8150865503911,,,,,,,,,,
acc,1778675479.0,224.0,0.1161157247800596,0.3249748933589697,-9.815303290464692,,,,,,,,,,
acc,1778675479.0,224.0,0.11572179243094698,0.32529109198725953,-9.815517255311311,,,,,,,,,,
acc,1778675479.0,224.0,0.11573695943973955,0.3256032637464506,-9.815728495261768,,,,,,,,,,
acc,1778675479.0,224.0,0.1157519343214912,0.3259114810913486,-9.815937059344677,,,,,,,,,,
acc,1778675479.0,224.0,0.11576672050605981,0.3262158146162801,-9.815781007783695,,,,,,,,,,
acc,1778675479.0,224.0,0.11578132133589361,0.3265163331164803,-9.815626912433633,,,,,,,,,,
acc,1778675479.0,224.0,0.11579574006889676,0.3272134968306359,-9.815434701642655,,,,,,,,,,
acc,1778675479.0,224.0,0.11620949978053174,0.3279020095051176,-9.81488530602252,,,,,,,,,,
acc,1778675479.0,224.0,0.11661815066203793,0.3281833565138827,-9.814741358343106,,,,,,,,,,
acc,1778675479.0,224.0,0.11702178047505007,0.32846124662908527,-9.814599179340064,,,,,,,,,,
acc,1778675479.0,224.0,0.1177777813472472,0.3287357387893162,-9.814061733871679,,,,,,,,,,
acc,1778675479.0,224.0,0.11852458201103011,0.32940309086770403,-9.813491200734227,,,,,,,,,,
acc,1778675479.0,224.0,0.11926233700751414,0.3300623596044921,-9.812927578213214,,,,,,,,,,
acc,1778675479.0,224.0,0.11963601964070956,0.33071367978404537,-9.812410223106113,,,,,,,,,,
acc,1778675479.0,224.0,0.120005217426416,0.3313571829782418,-9.81154457087255,,,,,,,,,,
acc,1778675479.0,224.0,0.12037000406550784,0.331599857042458,-9.811003777893628,,,,,,,,,,
acc,1778675479.0,224.0,0.12073045152785129,0.33183964447228564,-9.81046941770601,,,,,,,,,,
acc,1778675479.0,224.0,0.12108663010527926,0.33207659202931894,-9.810372265377659,,,,,,,,,,
acc,1778675479.0,224.0,0.12179051304880169,0.33195883079682587,-9.809533341246516,,,,,,,,,,
acc,1778675479.0,224.0,0.12248613059251386,0.33184245238469756,-9.809055566888125,,,,,,,,,,
acc,1778675479.0,224.0,0.12317361383597154,0.33133778713273276,-9.808544406697697,,,,,,,,,,
acc,1778675479.0,224.0,0.12350299768641701,0.3308389990213515,-9.808078106277806,,,,,,,,,,
acc,1778675479.0,224.0,0.12382856117571125,0.3303459961077595,-9.807966727461027,,,,,,,,,,
acc,1778675479.0,224.0,0.12415036366463178,0.32985868850154454,-9.807507690652558,,,,,,,,,,
acc,1778675479.0,224.0,0.12446846319838889,0.3293769883044663,-9.80740232329251,,,,,,,,,,
acc,1778675479.0,224.0,0.12439642873284888,0.32851432174021866,-9.807298163696304,,,,,,,,,,
acc,1778675479.0,224.0,0.12471110952548238,0.3280473984522847,-9.807195193470887,,,,,,,,,,
acc,1778675479.0,224.0,0.12463690123756192,0.3272004775162751,-9.807093394622168,,,,,,,,,,
acc,1778675479.0,224.0,0.12494827136241317,0.32674789278142413,-9.807415968507192,,,,,,,,,,
acc,1778675479.0,224.0,0.12487194873172379,0.32591624229312427,-9.807734899708953,,,,,,,,,,
acc,1778675479.0,224.0,0.12479648488768345,0.3250939495841563,-9.80805024227841,,,,,,,,,,
acc,1778675479.0,224.0,0.12472186716818685,0.32428087668173344,-9.808362049127005,,,,,,,,,,
acc,1778675479.0,224.0,0.12464808317619303,0.3238594477144191,-9.80867037205855,,,,,,,,,,
acc,1778675479.0,224.0,0.12457512077235165,0.3234427113780846,-9.808975261800038,,,,,,,,,,
acc,1778675479.0,224.0,0.12412142549103514,0.3230305997680416,-9.809276768031424,,,,,,,,,,
acc,1778675479.0,224.0,0.12367274836464383,0.3226230463713872,-9.809574939414416,,,,,,,,,,
acc,1778675479.0,224.0,0.12322901765920068,0.32221998602895857,-9.809869823620309,,,,,,,,,,
acc,1778675479.0,224.0,0.12279016309056259,0.3218213548985413,-9.8105415341015,,,,,,,,,,
acc,1778675479.0,224.0,0.1223561157852458,0.3214270904192858,-9.811205886588974,,,,,,,,,,
acc,1778675479.0,224.0,0.12192680824253005,0.3206579952112856,-9.811483848333285,,,,,,,,,,
acc,1778675479.0,224.0,0.12188086815653561,0.32027595681761795,-9.811758784084999,,,,,,,,,,
acc,1778675479.0,224.0,0.1214571760179417,0.32027630582710326,-9.811992913680232,,,,,,,,,,
acc,1778675479.0,224.0,0.12103806869580869,0.3198988447339615,-9.812262288433098,,,,,,,,,,
acc,1778675479.0,224.0,0.12062348328099644,0.3199028362487275,-9.812491020728393,,,,,,,,,,
acc,1778675479.0,224.0,0.12021335807570935,0.3199067848218184,-9.812717292266687,,,,,,,,,,
acc,1778675479.0,224.0,0.1198076325620637,0.31991069103588377,-9.812602228184067,,,,,,,,,,
acc,1778675479.0,224.0,0.11940624737164664,0.31991455546250647,-9.812826941275302,,,,,,,,,,
acc,1778675479.0,224.0,0.1190091442560308,0.3199183786624864,-9.812711065881134,,,,,,,,,,
acc,1778675479.0,224.0,0.11899164388060898,0.31992216118611555,-9.812596423325479,,,,,,,,,,
acc,1778675479.0,224.0,0.11897432920140251,0.31992590357344447,-9.812820498552655,,,,,,,,,,
acc,1778675479.0,224.0,0.11895719776598078,0.31992960635454043,-9.81270503613296,,,,,,,,,,
acc,1778675479.0,224.0,0.11856598643538699,0.31993327004973776,-9.812590792514031,,,,,,,,,,
acc,1778675479.0,224.0,0.11855279665100459,0.32027341027454614,-9.812477751766416,,,,,,,,,,
acc,1778675479.0,224.0,0.11816619434153822,0.32098351960677346,-9.812328546012786,,,,,,,,,,
acc,1778675479.0,224.0,0.11815684871263872,0.3216861892390342,-9.812180903463567,,,,,,,,,,
acc,1778675479.0,224.0,0.11777473263747433,0.32238151493792666,-9.812034803996607,,,,,,,,,,
acc,1778675479.0,224.0,0.11776913708059779,0.3230695907692221,-9.81155495180317,,,,,,,,,,
acc,1778675479.0,224.0,0.11776359972948998,0.32375050913905357,-9.811080091099665,,,,,,,,,,
acc,1778675479.0,224.0,0.118130001908035,0.32405247877170107,-9.810572962750724,,,,,,,,,,
acc,1778675479.0,224.0,0.11849261013602896,0.32435132162748626,-9.810814242175445,,,,,,,,,,
acc,1778675479.0,224.0,0.11885147207922772,0.32464707699004774,-9.81071888206722,,,,,,,,,,
acc,1778675479.0,224.0,0.11920663458410177,0.3249397834678118,-9.810958380400276,,,,,,,,,,
acc,1778675479.0,224.0,0.11955814369711362,0.3256001431981442,-9.810824741447737,,,,,,,,,,
acc,1778675479.0,224.0,0.12023938314889789,0.3258833505849775,-9.810692474255571,,,,,,,,,,
acc,1778675479.0,224.0,0.12091364451843147,0.3261636570176249,-9.810561561904708,,,,,,,,,,
acc,1778675479.0,224.0,0.12158101348729652,0.3264410981159508,-9.810431987759493,,,,,,,,,,
acc,1778675479.0,224.0,0.12224157431089748,0.32638311540372117,-9.81030373546118,,,,,,,,,,
acc,1778675479.0,224.0,0.12289540985106319,0.32632572302346424,-9.810582989928038,,,,,,,,,,
acc,1778675479.0,224.0,0.12354260160772,0.326268913821279,-9.810453496107266,,,,,,,,,,
acc,1778675479.0,224.0,0.12455198312338028,0.32621268076010806,-9.810325315571989,,,,,,,,,,
acc,1778675479.0,224.0,0.12518264789754915,0.3261570169171129,-9.810198432541933,,,,,,,,,,
acc,1778675479.0,224.0,0.12580694066670509,0.32610191548112244,-9.810072831491365,,,,,,,,,,
acc,1778675479.0,224.0,0.12642493736352914,0.32604736975015325,-9.809948497143436,,,,,,,,,,
acc,1778675479.0,224.0,0.12670573052565093,0.325993373128999,-9.810193179770863,,,,,,,,,,
acc,1778675479.0,224.0,0.12698370196090744,0.32593991912688647,-9.810104623947133,,,,,,,,,,
acc,1778675479.0,224.0,0.1272588848913879,0.3258870013551965,-9.810016956482084,,,,,,,,,,
acc,1778675479.0,224.0,0.12753131201948564,0.3258346135252477,-9.809930166957423,,,,,,,,,,
acc,1778675479.0,224.0,0.12780101553910836,0.3257827494461405,-9.809844245116853,,,,,,,,,,
acc,1778675479.0,224.0,0.12806802714658277,0.3253647815910413,-9.809722520596559,,,,,,,,,,
acc,1778675479.0,224.0,0.12796597094795867,0.3249509786793704,-9.809602009030167,,,,,,,,,,
acc,1778675479.0,224.0,0.12786493008442548,0.32490748937939556,-9.809848902557942,,,,,,,,,,
acc,1778675479.0,224.0,0.12776489287135145,0.3248644320636137,-9.809763941085576,,,,,,,,,,
acc,1778675479.0,224.0,0.1273000506187369,0.32445601396127216,-9.80964324532937,,,,,,,,,,
acc,1778675479.0,224.0,0.12683981152662088,0.3240516402719869,-9.809523744778494,,,,,,,,,,
acc,1778675479.0,224.0,0.12638412318813882,0.3236512649502187,-9.80907656939103,,,,,,,,,,
acc,1778675479.0,224.0,0.1262981458366619,0.32288964011986465,-9.808633809077218,,,,,,,,,,
acc,1778675479.0,224.0,0.1262130161323912,0.3221355241176906,-9.808195413919307,,,,,,,,,,
acc,1778675479.0,224.0,0.1257638849447093,0.3210239927561874,-9.80808968381527,,,,,,,,,,
acc,1778675479.0,224.0,0.12568382784966467,0.3199233890366178,-9.807656806944205,,,,,,,,,,
acc,1778675479.0,224.0,0.12524007571891935,0.3191980716543569,-9.807556206277177,,,,,,,,,,
acc,1778675479.0,224.0,0.12516498099663229,0.3184798655487433,-9.807456591935846,,,,,,,,,,
acc,1778675479.0,224.0,0.12472648592307413,0.31813281794611936,-9.807357952951817,,,,,,,,,,
acc,1778675479.0,224.0,0.12392831096049309,0.31815312237607735,-9.807624246244043,,,,,,,,,,
acc,1778675479.0,224.0,0.12313793095916509,0.31817322851336494,-9.807887938921125,,,,,,,,,,
acc,1778675479.0,224.0,0.12235526004757553,0.3181931385424307,-9.808512691539669,,,,,,,,,,
acc,1778675479.0,224.0,0.1212167403809701,0.31821285461707527,-9.809131358103185,,,,,,,,,,
acc,1778675479.0,224.0,0.12045261551027475,0.31823237886104294,-9.809744005252197,,,,,,,,,,
acc,1778675479.0,224.0,0.12005909017695973,0.3185785725591424,-9.8107138631844,,,,,,,,,,
acc,1778675479.0,224.0,0.1193063609119541,0.31892140591615104,-9.811311292751432,,,,,,,,,,
acc,1778675479.0,224.0,0.11892380596820203,0.31926091540513835,-9.811902930066944,,,,,,,,,,
acc,1778675479.0,224.0,0.11818222396699385,0.31995985952853057,-9.812525108216883,,,,,,,,,,
acc,1778675479.0,224.0,0.11744781558892976,0.3202894618596739,-9.812742430957115,,,,,,,,,,
acc,1778675479.0,224.0,0.11708295424191247,0.3206158793219306,-9.812957653759426,,,,,,,,,,
acc,1778675479.0,224.0,0.11635930074786023,0.3209391461007386,-9.813533103791695,,,,,,,,,,
acc,1778675479.0,224.0,0.11600480447178867,0.32125929592383345,-9.814103005303723,,,,,,,,,,
acc,1778675479.0,224.0,0.11601577069485257,0.32157636206962625,-9.81430537880559,,,,,,,,,,
acc,1778675479.0,224.0,0.11602663139989493,0.32189037737538007,-9.814867714498408,,,,,,,,,,
acc,1778675479.0,224.0,0.11603738770766153,0.32220137424519085,-9.81506286225388,,,,,,,,,,
acc,1778675479.0,224.0,0.11640969871640791,0.322509384657778,-9.815256136034142,,,,,,,,,,
acc,1778675479.0,224.0,0.1167784379614481,0.3228144401740904,-9.815122162380302,,,,,,,,,,
acc,1778675480.0,225.0,0.11678222737721591,0.3234779876639383,-9.814953333049619,,,,,,,,,,
acc,1778675480.0,225.0,0.11714727842723792,0.3237738835777048,-9.814822248250117,,,,,,,,,,
acc,1778675480.0,225.0,0.11783390315011912,0.32406694882403847,-9.81465630108465,,,,,,,,,,
acc,1778675480.0,225.0,0.11818900154194388,0.3243572130306328,-9.814130861970456,,,,,,,,,,
acc,1778675480.0,225.0,0.1185407090292472,0.32500566281622506,-9.813646543507323,,,,,,,,,,
acc,1778675480.0,225.0,0.11921382599097244,0.32564792586224584,-9.813527693840475,,,,,,,,,,
acc,1778675480.0,225.0,0.119880526407505,0.32592332583214567,-9.813373904900438,,,,,,,,,,
acc,1778675480.0,225.0,0.12054087683186598,0.3261961027533574,-9.813221580724095,,,,,,,,,,
acc,1778675480.0,225.0,0.12119494298300983,0.3264662837730039,-9.812746225665892,,,,,,,,,,
acc,1778675480.0,225.0,0.12184278975989563,0.326733895699485,-9.812275390656627,,,,,,,,,,
acc,1778675480.0,225.0,0.1221601818715226,0.3269989650081595,-9.811772988676163,,,,,,,,,,
acc,1778675480.0,225.0,0.12247456077988415,0.32726151784689916,-9.811275356314201,,,,,,,,,,
acc,1778675480.0,225.0,0.12278595740862869,0.32752158004151943,-9.810782444621504,,,,,,,,,,
acc,1778675480.0,225.0,0.12309440230213456,0.32745512787447906,-9.81029420524918,,,,,,,,,,
acc,1778675480.0,225.0,0.12372388233650675,0.3273893051367378,-9.810170549500139,,,,,,,,,,
acc,1778675480.0,225.0,0.12434740438099808,0.3269642464231009,-9.809688195948596,,,,,,,,,,
acc,1778675480.0,225.0,0.12496502909869758,0.3265432079524725,-9.80960615867459,,,,,,,,,,
acc,1778675480.0,225.0,0.12557681642085308,0.3261261488693619,-9.809524896764659,,,,,,,,,,
acc,1778675480.0,225.0,0.1258591870735345,0.32535343253817467,-9.809084806082952,,,,,,,,,,
acc,1778675480.0,225.0,0.12613889263386965,0.3249475212076472,-9.808972431640706,,,,,,,,,,
acc,1778675480.0,225.0,0.1260565309810583,0.32454543839673256,-9.808861117104216,,,,,,,,,,
acc,1778675480.0,225.0,0.1259749456412899,0.3241471454822054,-9.808750851780845,,,,,,,,,,
acc,1778675480.0,225.0,0.12589412879666395,0.323752604297719,-9.808641625104437,,,,,,,,,,
acc,1778675480.0,225.0,0.12581407272140752,0.3230025875850763,-9.808928542485418,,,,,,,,,,
acc,1778675480.0,225.0,0.12573476978044756,0.3222596267180694,-9.808817729442339,,,,,,,,,,
acc,1778675480.0,225.0,0.12565621242801317,0.32152365100307156,-9.809102906384451,,,,,,,,,,
acc,1778675480.0,225.0,0.1252194210754991,0.3207945905702728,-9.80899053719597,,,,,,,,,,
acc,1778675480.0,225.0,0.12442783205894205,0.32043126651566534,-9.808879223207525,,,,,,,,,,
acc,1778675480.0,225.0,0.12400249997241868,0.32007135224911415,-9.809163661816056,,,,,,,,,,
acc,1778675480.0,225.0,0.12358115732216322,0.32007356237741663,-9.809409559491737,,,,,,,,,,
acc,1778675480.0,225.0,0.12316376445598945,0.32007575178735703,-9.809653152053695,,,,,,,,,,
acc,1778675480.0,225.0,0.12275028217565004,0.3200779206845475,-9.809894462378223,,,,,,,,,,
acc,1778675480.0,225.0,0.12234067173010252,0.3200800692722543,-9.810133513080622,,,,,,,,,,
acc,1778675480.0,225.0,0.12193489480891045,0.32040484125451973,-9.810370326519056,,,,,,,,,,
acc,1778675480.0,225.0,0.12153291353577662,0.32040398938199516,-9.810963341374293,,,,,,,,,,
acc,1778675480.0,225.0,0.12113469046220474,0.32072567488046133,-9.811550812020588,,,,,,,,,,
acc,1778675480.0,225.0,0.12074018856128664,0.3210443544072512,-9.81213279308115,,,,,,,,,,
acc,1778675480.0,225.0,0.12070761198635141,0.32136005753714497,-9.812351106972335,,,,,,,,,,
acc,1778675480.0,225.0,0.12031715818005499,0.32167281351410654,-9.81292555502993,,,,,,,,,,
acc,1778675480.0,225.0,0.11957222458409165,0.3223407650887504,-9.81317233879675,,,,,,,,,,
acc,1778675480.0,225.0,0.1191923041851972,0.32300248714900853,-9.813774877544175,,,,,,,,,,
acc,1778675480.0,225.0,0.1188159253904959,0.32330004032951204,-9.813978000916459,,,,,,,,,,
acc,1778675480.0,225.0,0.11844305358414264,0.3235948209958579,-9.814179231644125,,,,,,,,,,
acc,1778675480.0,225.0,0.11843155462614073,0.32388685621279584,-9.814378588202809,,,,,,,,,,
acc,1778675480.0,225.0,0.11842016271690275,0.3238541078021841,-9.814576088865229,,,,,,,,,,
acc,1778675480.0,225.0,0.11840887681399327,0.3238216641287942,-9.814449733773142,,,,,,,,,,
acc,1778675480.0,225.0,0.11839769588635932,0.32378952222865015,-9.814646525740118,,,,,,,,,,
acc,1778675480.0,225.0,0.11838661891417411,0.32375767917004794,-9.81451956156285,,,,,,,,,,
acc,1778675480.0,225.0,0.11837564488868371,0.3237261320531147,-9.814393777359873,,,,,,,,,,
acc,1778675480.0,225.0,0.11836477281205646,0.3236948780093759,-9.81426916169405,,,,,,,,,,
acc,1778675480.0,225.0,0.11835400169723524,0.3239857096064334,-9.813752403858675,,,,,,,,,,
acc,1778675480.0,225.0,0.11834333056779242,0.32395208818818116,-9.813240442948091,,,,,,,,,,
acc,1778675480.0,225.0,0.11833275845778742,0.32391877874945757,-9.813126430036878,,,,,,,,,,
acc,1778675480.0,225.0,0.11867968486439638,0.3238857782794843,-9.812620326858857,,,,,,,,,,
acc,1778675480.0,225.0,0.11902339446652081,0.324174715344084,-9.812512015541547,,,,,,,,,,
acc,1778675480.0,225.0,0.11936391824389976,0.3241393818399662,-9.812011656842493,,,,,,,,,,
acc,1778675480.0,225.0,0.1197012868469507,0.3241043757237506,-9.811515934292299,,,,,,,,,,
acc,1778675480.0,225.0,0.11967830244179778,0.32406969384880563,-9.811024803331431,,,,,,,,,,
acc,1778675480.0,225.0,0.12001271788342173,0.32435681240042674,-9.810538219871699,,,,,,,,,,
acc,1778675480.0,225.0,0.12034403793333039,0.3243198303927235,-9.809806141294759,,,,,,,,,,
acc,1778675480.0,225.0,0.12067229225677094,0.32428319058199834,-9.809080836689606,,,,,,,,,,
acc,1778675480.0,225.0,0.12099751020743353,0.3238898216175739,-9.808326527076606,,,,,,,,,,
acc,1778675480.0,225.0,0.1209626909742869,0.32350009017983267,-9.80790053048825,,,,,,,,,,
acc,1778675480.0,225.0,0.12128518595308112,0.3231139615031838,-9.807799766833577,,,,,,,,,,
acc,1778675480.0,225.0,0.12160470063631955,0.32273140118466337,-9.807378672598714,,,,,,,,,,
acc,1778675480.0,225.0,0.12192126345834307,0.32270929450696995,-9.807318388003257,,,,,,,,,,
acc,1778675480.0,225.0,0.12223490255821036,0.32268739200291563,-9.807258660186408,,,,,,,,,,
acc,1778675480.0,225.0,0.12218879683175131,0.322986866746834,-9.807199483845038,,,,,,,,,,
acc,1778675480.0,225.0,0.12214311668417369,0.3232835771893019,-9.807461997940948,,,,,,,,,,
acc,1778675480.0,225.0,0.12209785806859776,0.3232564356549573,-9.807722089582068,,,,,,,,,,
acc,1778675480.0,225.0,0.12205301697981573,0.3235506287736813,-9.807979781785475,,,,,,,,,,
acc,1778675480.0,225.0,0.12200858945377871,0.32352105348858695,-9.808235097331716,,,,,,,,,,
acc,1778675480.0,225.0,0.12232125547602911,0.3231350669903739,-9.808880409241292,,,,,,,,,,
acc,1778675480.0,225.0,0.12227438666961814,0.32275263850898434,-9.809163119998205,,,,,,,,,,
acc,1778675480.0,225.0,0.12258457180416389,0.322373734340729,-9.809443225402008,,,,,,,,,,
acc,1778675480.0,225.0,0.12289189911384693,0.3216417292146827,-9.80972075011416,,,,,,,,,,
acc,1778675480.0,225.0,0.1228398332777971,0.32091646659059525,-9.809995718545148,,,,,,,,,,
acc,1778675480.0,225.0,0.12278824690360038,0.3205544160685738,-9.810268154857505,,,,,,,,,,
acc,1778675480.0,225.0,0.12273713546242015,0.3201956987861768,-9.81053808296878,,,,,,,,,,
acc,1778675480.0,225.0,0.122330008483253,0.31984028328019354,-9.810805526554454,,,,,,,,,,
acc,1778675480.0,225.0,0.122283086517923,0.31984458779965214,-9.811034865936431,,,,,,,,,,
acc,1778675480.0,225.0,0.12259301866925985,0.319848852716713,-9.811262095352475,,,,,,,,,,
acc,1778675480.0,225.0,0.1225437040733273,0.31985307840445437,-9.811487234679724,,,,,,,,,,
acc,1778675480.0,225.0,0.12285121293000352,0.3198572652322048,-9.81171030359554,,,,,,,,,,
acc,1778675480.0,225.0,0.12279955007747334,0.32018213449359273,-9.811931321579847,,,,,,,,,,
acc,1778675480.0,225.0,0.12274836212143166,0.3208603368453046,-9.81218593802918,,,,,,,,,,
acc,1778675480.0,225.0,0.12269764459914898,0.321532306299547,-9.812438214471552,,,,,,,,,,
acc,1778675480.0,225.0,0.12229111337774065,0.3225543811084983,-9.812688172883595,,,,,,,,,,
acc,1778675480.0,225.0,0.12188831680392638,0.3232108105125591,-9.812543956166943,,,,,,,,,,
acc,1778675480.0,225.0,0.12148921984356657,0.32386121073163415,-9.812401064054669,,,,,,,,,,
acc,1778675480.0,225.0,0.12144999764349822,0.32450563829271734,-9.812651312208276,,,,,,,,,,
acc,1778675480.0,225.0,0.12141113555477409,0.3247879709006908,-9.812543075375503,,,,,,,,,,
acc,1778675480.0,225.0,0.12137263020485016,0.32542386802153694,-9.812400218316537,,,,,,,,,,
acc,1778675480.0,225.0,0.12133447825455183,0.3256977943485563,-9.812614816078575,,,,,,,,,,
acc,1778675480.0,225.0,0.12129667639769645,0.32596920704756477,-9.812506931702005,,,,,,,,,,
acc,1778675480.0,225.0,0.12125922136072119,0.3262381296223423,-9.812720531276302,,,,,,,,,,
acc,1778675480.0,225.0,0.12122210990231637,0.32650458534509497,-9.812611695774846,,,,,,,,,,
acc,1778675480.0,225.0,0.12118533881306402,0.3264481396572131,-9.812503858462332,,,,,,,,,,
acc,1778675480.0,225.0,0.1211489049150816,0.326712651402286,-9.812005367419948,,,,,,,,,,
acc,1778675480.0,225.0,0.12111280506167077,0.32665431559713287,-9.811511446797857,,,,,,,,,,
acc,1778675480.0,225.0,0.12107703613697116,0.3265965145584952,-9.811022053964647,,,,,,,,,,
acc,1778675480.0,225.0,0.12104159505561894,0.32618326833117717,-9.810572751493565,,,,,,,,,,
acc,1778675480.0,225.0,0.1210064787624103,0.3261297657764851,-9.810091963555907,,,,,,,,,,
acc,1778675480.0,225.0,0.12097168423196945,0.32607675345377685,-9.809615580970963,,,,,,,,,,
acc,1778675480.0,225.0,0.12093720846842136,0.32602422679859083,-9.809535082994406,,,,,,,,,,
acc,1778675480.0,225.0,0.12090304850506893,0.32597218129092054,-9.809063821224237,,,,,,,,,,
acc,1778675480.0,225.0,0.12086920140407464,0.3259206124547295,-9.80859687561996,,,,,,,,,,
acc,1778675480.0,225.0,0.12083566425614654,0.32586951585747254,-9.808134206045757,,,,,,,,,,
acc,1778675480.0,225.0,0.12044657180791764,0.3258188871096243,-9.807675772755346,,,,,,,,,,
acc,1778675480.0,225.0,0.12041688769579054,0.32576872186421335,-9.807612964500802,,,,,,,,,,
acc,1778675480.0,225.0,0.12038747530309324,0.3260392658800017,-9.80755073117412,,,,,,,,,,
acc,1778675480.0,225.0,0.12035833210715606,0.3259870976911853,-9.807489067437613,,,,,,,,,,
acc,1778675480.0,225.0,0.12032945560968529,0.32593540690971917,-9.807427968005172,,,,,,,,,,
acc,1778675480.0,225.0,0.12065661873298861,0.3258841891066648,-9.80768763642811,,,,,,,,,,
acc,1778675480.0,225.0,0.12062502797751423,0.3258334398957897,-9.807624733618852,,,,,,,,,,
acc,1778675480.0,225.0,0.12059372621079563,0.32578315493311283,-9.807562406237572,,,,,,,,,,
acc,1778675480.0,225.0,0.12056271075477967,0.32573332991645515,-9.807820818665874,,,,,,,,,,
acc,1778675480.0,225.0,0.1205319789571587,0.3256839605849967,-9.808076867728808,,,,,,,,,,
acc,1778675480.0,225.0,0.12085723252987898,0.3252793383800585,-9.807974861867521,,,,,,,,,,
acc,1778675480.0,225.0,0.1211795121107637,0.32487841588277894,-9.80826505597255,,,,,,,,,,
acc,1778675480.0,225.0,0.12149884522220482,0.3244811588547303,-9.808552596952422,,,,,,,,,,
acc,1778675480.0,225.0,0.12181525912300957,0.32408753338538976,-9.808837509352118,,,,,,,,,,
acc,1778675480.0,225.0,0.1217731288192867,0.3236975058887037,-9.809119817481758,,,,,,,,,,
acc,1778675480.0,225.0,0.12208702306380856,0.3233110430996956,-9.809399545419064,,,,,,,,,,
acc,1778675480.0,225.0,0.1223980487287327,0.32328373929136645,-9.809641156110589,,,,,,,,,,
acc,1778675480.0,225.0,0.12270623231921557,0.323256684978383,-9.809880559024272,,,,,,,,,,
acc,1778675480.0,225.0,0.12265599674922074,0.3232298778561404,-9.810117774553502,,,,,,,,,,
acc,1778675480.0,225.0,0.12260622012806385,0.3235233591149971,-9.81035282289738,,,,,,,,,,
acc,1778675481.0,226.0,0.12255689821886386,0.3234941262010632,-9.810585724062726,,,,,,,,,,
acc,1778675481.0,226.0,0.12286359593955083,0.323465160305933,-9.81081649786606,,,,,,,,,,
acc,1778675481.0,226.0,0.12316749248805209,0.32343645896594714,-9.811045163935573,,,,,,,,,,
acc,1778675481.0,226.0,0.12378860811065337,0.32340801974084266,-9.811307294624601,,,,,,,,,,
acc,1778675481.0,226.0,0.12408406704066026,0.32369983418166004,-9.811211485801698,,,,,,,,,,
acc,1778675481.0,226.0,0.12437682817372858,0.3239889841028941,-9.811116551796655,,,,,,,,,,
acc,1778675481.0,226.0,0.12466691637477406,0.32395551866338607,-9.811022484546497,,,,,,,,,,
acc,1778675481.0,226.0,0.12495435627328824,0.32392235873995157,-9.810929276064588,,,,,,,,,,
acc,1778675481.0,226.0,0.12523917226573494,0.3238895015181418,-9.81083691843986,,,,,,,,,,
acc,1778675481.0,226.0,0.125521388517918,0.3238569442101176,-9.810745403836036,,,,,,,,,,
acc,1778675481.0,226.0,0.12580102896732054,0.32382468405437964,-9.810974664729162,,,,,,,,,,
acc,1778675481.0,226.0,0.12607811732541654,0.32343725062392237,-9.81084635651982,,,,,,,,,,
acc,1778675481.0,226.0,0.1259972185476701,0.32340881129670407,-9.810754763235925,,,,,,,,,,
acc,1778675481.0,226.0,0.12591705796523522,0.3233806314762249,-9.810664005733914,,,,,,,,,,
acc,1778675481.0,226.0,0.12548217897942973,0.32335270877523636,-9.81057407632528,,,,,,,,,,
acc,1778675481.0,226.0,0.12505126764257898,0.3233250408289704,-9.810484967393917,,,,,,,,,,
acc,1778675481.0,226.0,0.12462428747147707,0.32329762529491407,-9.810396671395399,,,,,,,,,,
acc,1778675481.0,226.0,0.1238457780618462,0.3232704598525865,-9.809918216895252,,,,,,,,,,
acc,1778675481.0,226.0,0.12307436992544524,0.3232435422033183,-9.809835081611379,,,,,,,,,,
acc,1778675481.0,226.0,0.12230999780565986,0.3232168700700339,-9.809752704604753,,,,,,,,,,
acc,1778675481.0,226.0,0.12190799714220033,0.32319044119703605,-9.809671078908643,,,,,,,,,,
acc,1778675481.0,226.0,0.12150966264011429,0.32316425334979293,-9.809590197621688,,,,,,,,,,
acc,1778675481.0,226.0,0.12111496062943393,0.3231383043147279,-9.80982990285259,,,,,,,,,,
acc,1778675481.0,226.0,0.12072385775576736,0.32311259189901126,-9.810067422302964,,,,,,,,,,
acc,1778675481.0,226.0,0.12033632097717033,0.3234069495138168,-9.809982940455948,,,,,,,,,,
acc,1778675481.0,226.0,0.1199523175610535,0.32369862332618254,-9.810219057954754,,,,,,,,,,
acc,1778675481.0,226.0,0.11957181508112462,0.32366781526462524,-9.810133200083227,,,,,,,,,,
acc,1778675481.0,226.0,0.11919478141436528,0.323957104496249,-9.810048124926482,,,,,,,,,,
acc,1778675481.0,226.0,0.11882118473804157,0.32424375660442756,-9.809963825303928,,,,,,,,,,
acc,1778675481.0,226.0,0.11880632853861323,0.32420799153826046,-9.809880294102067,,,,,,,,,,
acc,1778675481.0,226.0,0.11879160775108057,0.32417255246498494,-9.80979752427383,,,,,,,,,,
acc,1778675481.0,226.0,0.11877702113380649,0.3241374363954628,-9.809715508837925,,,,,,,,,,
acc,1778675481.0,226.0,0.11876256745673809,0.3241026403684438,-9.809634240878198,,,,,,,,,,
acc,1778675481.0,226.0,0.11874824550129318,0.3240681614502925,-9.809873494690136,,,,,,,,,,
acc,1778675481.0,226.0,0.11873405406024812,0.32403399673471833,-9.809790792575475,,,,,,,,,,
acc,1778675481.0,226.0,0.11871999193762689,0.3243199135612257,-9.809708844077525,,,,,,,,,,
acc,1778675481.0,226.0,0.11870605794859138,0.32428346022080934,-9.809947407193986,,,,,,,,,,
acc,1778675481.0,226.0,0.11869225091933282,0.32424733902562125,-9.810183796638574,,,,,,,,,,
acc,1778675481.0,226.0,0.11867856968696448,0.32421154693338067,-9.810418032321014,,,,,,,,,,
acc,1778675481.0,226.0,0.1186650130994155,0.3241760809301028,-9.810330384441471,,,,,,,,,,
acc,1778675481.0,226.0,0.11865158001532586,0.32414093802982397,-9.810563279636016,,,,,,,,,,
acc,1778675481.0,226.0,0.11828300596792778,0.3241061152743298,-9.810474313471172,,,,,,,,,,
acc,1778675481.0,226.0,0.11791778940516708,0.32407160973288646,-9.810386157733795,,,,,,,,,,
acc,1778675481.0,226.0,0.11720064675051912,0.3240374185019747,-9.81029880500589,,,,,,,,,,
acc,1778675481.0,226.0,0.11649003625553934,0.3243232644004534,-9.810212247938324,,,,,,,,,,
acc,1778675481.0,226.0,0.11649638360587387,0.32460650675630065,-9.81012647925015,,,,,,,,,,
acc,1778675481.0,226.0,0.11614743533595676,0.32488716939107387,-9.809650732865462,,,,,,,,,,
acc,1778675481.0,226.0,0.11615689807268456,0.32516527590545635,-9.8091793193163,,,,,,,,,,
acc,1778675481.0,226.0,0.11581104639700007,0.3251211415422107,-9.80871219896835,,,,,,,,,,
acc,1778675481.0,226.0,0.11582356787214446,0.32507740909824495,-9.808000686053923,,,,,,,,,,
acc,1778675481.0,226.0,0.11583597532215965,0.3250340748978979,-9.807935033910434,,,,,,,,,,
acc,1778675481.0,226.0,0.11584826978971673,0.3249911352995416,-9.807869979596518,,,,,,,,,,
acc,1778675481.0,226.0,0.11621565331704876,0.32494858669525506,-9.807805517646106,,,,,,,,,,
acc,1778675481.0,226.0,0.11622449501264064,0.3252261134339279,-9.807102284983156,,,,,,,,,,
acc,1778675481.0,226.0,0.11658844863287436,0.3255011132885335,-9.806654086324135,,,,,,,,,,
acc,1778675481.0,226.0,0.11659390031490142,0.32577360935531297,-9.806209968373985,,,,,,,,,,
acc,1778675481.0,226.0,0.11695448651821296,0.3260436245170018,-9.805769893838098,,,,,,,,,,
acc,1778675481.0,226.0,0.117631453860013,0.3259915084157701,-9.805369351053796,,,,,,,,,,
acc,1778675481.0,226.0,0.11830225825880084,0.3259398667666162,-9.804972454711798,,,,,,,,,,
acc,1778675481.0,226.0,0.11932213741382383,0.32588869523472164,-9.804898828384234,,,,,,,,,,
acc,1778675481.0,226.0,0.12033273244925018,0.32548282103600423,-9.804861387319097,,,,,,,,,,
acc,1778675481.0,226.0,0.1213341281727781,0.3254358062043985,-9.804788772418613,,,,,,,,,,
acc,1778675481.0,226.0,0.12232640860950372,0.32538921932915804,-9.804716818501225,,,,,,,,,,
acc,1778675481.0,226.0,0.12330965700935587,0.32566270913398165,-9.80464551953017,,,,,,,,,,
acc,1778675481.0,226.0,0.12428395585445454,0.32593370962686424,-9.804574869524368,,,,,,,,,,
acc,1778675481.0,226.0,0.12524938686639403,0.3262022435386059,-9.804504862557883,,,,,,,,,,
acc,1778675481.0,226.0,0.12585087488615182,0.32614869014833825,-9.804435492759406,,,,,,,,,,
acc,1778675481.0,226.0,0.12680204139700288,0.32641526438476554,-9.80475741963632,,,,,,,,,,
acc,1778675481.0,226.0,0.12774455136092,0.32635977527258764,-9.805076416663322,,,,,,,,,,
acc,1778675481.0,226.0,0.12832333754667935,0.32630479115178646,-9.8057476477435,,,,,,,,,,
acc,1778675481.0,226.0,0.1292519995749557,0.3262503074130511,-9.806057636311618,,,,,,,,,,
acc,1778675481.0,226.0,0.12981707059426764,0.32619631948950745,-9.806719934777414,,,,,,,,,,
acc,1778675481.0,226.0,0.13037699946469453,0.32614282285631735,-9.807376206324113,,,,,,,,,,
acc,1778675481.0,226.0,0.13061221896821573,0.3264094362635447,-9.80763587048324,,,,,,,,,,
acc,1778675481.0,226.0,0.13049017622776157,0.32667362361054764,-9.807893171817128,,,,,,,,,,
acc,1778675481.0,226.0,0.13036924399310712,0.32693540703266355,-9.808148131884156,,,,,,,,,,
acc,1778675481.0,226.0,0.13024941213275376,0.3268751930508105,-9.80840077204445,,,,,,,,,,
acc,1778675481.0,226.0,0.13013067060835545,0.32646041362889516,-9.809041736295514,,,,,,,,,,
acc,1778675481.0,226.0,0.13001300947384292,0.3264045187255233,-9.809641359385122,,,,,,,,,,
acc,1778675481.0,226.0,0.1298964188745565,0.32634913237974156,-9.810235526827523,,,,,,,,,,
acc,1778675481.0,226.0,0.12942577471451816,0.3259391447120527,-9.810859797088378,,,,,,,,,,
acc,1778675481.0,226.0,0.12895941250085013,0.3258879897796146,-9.811442879257827,,,,,,,,,,
acc,1778675481.0,226.0,0.12814218399750102,0.3258373002474521,-9.812020656628903,,,,,,,,,,
acc,1778675481.0,226.0,0.12697729277105083,0.3257870718715889,-9.812593177575962,,,,,,,,,,
acc,1778675481.0,226.0,0.12582299911098502,0.32573730044701477,-9.812805394893967,,,,,,,,,,
acc,1778675481.0,226.0,0.12467920639038663,0.3256879818073209,-9.813015681610352,,,,,,,,,,
acc,1778675481.0,226.0,0.12354581886919656,0.32563911182433847,-9.812904463101153,,,,,,,,,,
acc,1778675481.0,226.0,0.12277782971183948,0.3255906864077808,-9.813113846469834,,,,,,,,,,
acc,1778675481.0,226.0,0.12201682675601397,0.3255427015048894,-9.813321325131403,,,,,,,,,,
acc,1778675481.0,226.0,0.12126274631774749,0.3254951531000829,-9.813526916448557,,,,,,,,,,
acc,1778675481.0,226.0,0.12016044400151028,0.32544803721461,-9.814085718920403,,,,,,,,,,
acc,1778675481.0,226.0,0.11906816848388929,0.3254013499062056,-9.81428435926187,,,,,,,,,,
acc,1778675481.0,226.0,0.11798582837904838,0.3253550872687502,-9.814481192757214,,,,,,,,,,
acc,1778675481.0,226.0,0.11691333313891067,0.3253092454319326,-9.81467623587343,,,,,,,,,,
acc,1778675481.0,226.0,0.1158505930453477,0.32526382056091657,-9.814549928429482,,,,,,,,,,
acc,1778675481.0,226.0,0.11479751920244485,0.32553838354373216,-9.814034184601514,,,,,,,,,,
acc,1778675481.0,226.0,0.11375402352884235,0.3254908763444968,-9.814233287654982,,,,,,,,,,
acc,1778675481.0,226.0,0.11307508570437606,0.32544380123697675,-9.814111008642003,,,,,,,,,,
acc,1778675481.0,226.0,0.11275739705646146,0.32539715428423016,-9.813989841773973,,,,,,,,,,
acc,1778675481.0,226.0,0.11279767005786222,0.32535093158537365,-9.813869776918231,,,,,,,,,,
acc,1778675481.0,226.0,0.11283757678216703,0.32530512927524696,-9.813750804034907,,,,,,,,,,
acc,1778675481.0,226.0,0.11252205193085113,0.32557930802277313,-9.813632913176058,,,,,,,,,,
acc,1778675481.0,226.0,0.11220939664490154,0.32585099323029826,-9.813516094484818,,,,,,,,,,
acc,1778675481.0,226.0,0.11225464991379447,0.3261202076120886,-9.813400338194551,,,,,,,,,,
acc,1778675481.0,226.0,0.11229949163537752,0.3260674138666445,-9.812895067589176,,,,,,,,,,
acc,1778675481.0,226.0,0.1123439255582098,0.326334658537606,-9.812394392006347,,,,,,,,,,
acc,1778675481.0,226.0,0.11274300641112413,0.32627991605068235,-9.81189826959429,,,,,,,,,,
acc,1778675481.0,226.0,0.11313845805116061,0.32654522675516345,-9.811406658884144,,,,,,,,,,
acc,1778675481.0,226.0,0.11353031353071112,0.32648857083545196,-9.811310078653667,,,,,,,,,,
acc,1778675481.0,226.0,0.11423814904948218,0.3264324301268463,-9.810859330435877,,,,,,,,,,
acc,1778675481.0,226.0,0.11493954781863304,0.3263767999375283,-9.810732223201008,,,,,,,,,,
acc,1778675481.0,226.0,0.11563456845276238,0.32664122543078483,-9.810286731086517,,,,,,,,,,
acc,1778675481.0,226.0,0.11600372963397187,0.32690324641409596,-9.809809778534898,,,,,,,,,,
acc,1778675481.0,226.0,0.11636953394979968,0.3271628847818643,-9.809727714628735,,,,,,,,,,
acc,1778675481.0,226.0,0.11705154878048325,0.327420162228338,-9.809610894868253,,,,,,,,,,
acc,1778675481.0,226.0,0.11740782648676062,0.3276751002494621,-9.809530639281808,,,,,,,,,,
acc,1778675481.0,226.0,0.11808039892205664,0.32760817672917786,-9.80980615866117,,,,,,,,,,
acc,1778675481.0,226.0,0.11874685579372354,0.3275418617307793,-9.809688627274838,,,,,,,,,,
acc,1778675481.0,226.0,0.1197622953212126,0.3274761497143132,-9.809572164565338,,,,,,,,,,
acc,1778675481.0,226.0,0.12041346062405221,0.32741103519044507,-9.809456760803815,,,,,,,,,,
acc,1778675481.0,226.0,0.12105870521030966,0.3273465127199918,-9.809342406350297,,,,,,,,,,
acc,1778675481.0,226.0,0.12137855448841652,0.32760211449051024,-9.809584130375528,,,,,,,,,,
acc,1778675481.0,226.0,0.1216954956003246,0.32753585578059263,-9.809823656572947,,,,,,,,,,
acc,1778675481.0,226.0,0.12200955501757126,0.3274701995086784,-9.810061004948244,,,,,,,,,,
acc,1778675481.0,226.0,0.12196573295337822,0.3274051401912522,-9.809976661002967,,,,,,,,,,
acc,1778675481.0,226.0,0.12227733417474942,0.32734067239487363,-9.810212617190361,,,,,,,,,,
acc,1778675481.0,226.0,0.12258610233707481,0.3272767907357152,-9.810446428078683,,,,,,,,,,
acc,1778675482.0,227.0,0.12253704063300204,0.3268584672869384,-9.81106863622681,,,,,,,,,,
acc,1778675482.0,227.0,0.12248842498646534,0.3267989686288571,-9.81164968707257,,,,,,,,,,
acc,1778675482.0,227.0,0.12244025133794303,0.3263849905024081,-9.812260955412023,,,,,,,,,,
acc,1778675482.0,227.0,0.12203748722603479,0.3263297954498589,-9.812476146876547,,,,,,,,,,
acc,1778675482.0,227.0,0.12163838485185154,0.3262751022041991,-9.8126893819237,,,,,,,,,,
acc,1778675482.0,227.0,0.12159793726723392,0.32622090619890587,-9.812900678357197,,,,,,,,,,
acc,1778675482.0,227.0,0.12120283203643546,0.32616720290912965,-9.812400003078624,,,,,,,,,,
acc,1778675482.0,227.0,0.12081131882022171,0.3261139878513106,-9.812294403677505,,,,,,,,,,
acc,1778675482.0,227.0,0.12042336493317905,0.32606125658279883,-9.81250928810302,,,,,,,,,,
acc,1778675482.0,227.0,0.12003893798810733,0.32600900470147787,-9.812402696040335,,,,,,,,,,
acc,1778675482.0,227.0,0.11930298436262214,0.32560221540317175,-9.812261573586458,,,,,,,,,,
acc,1778675482.0,227.0,0.11857372128689725,0.32519912422380687,-9.812121734075918,,,,,,,,,,
acc,1778675482.0,227.0,0.11749607726100017,0.32547422860984476,-9.811628146122029,,,,,,,,,,
acc,1778675482.0,227.0,0.1157537005263645,0.32542731238835,-9.811174553549703,,,,,,,,,,
acc,1778675482.0,227.0,0.11402716336951696,0.3257003415645011,-9.810405565599147,,,,,,,,,,
acc,1778675482.0,227.0,0.1119613136608016,0.32565137058305255,-9.809324059267452,,,,,,,,,,
acc,1778675482.0,227.0,0.1102692510683762,0.3256028447800123,-9.808571892822972,,,,,,,,,,
acc,1778675482.0,227.0,0.10859257032930755,0.32587427673796837,-9.80640652038936,,,,,,,,,,
acc,1778675482.0,227.0,0.10693113150858559,0.3258237253287364,-9.805680872742672,,,,,,,,,,
acc,1778675482.0,227.0,0.10528479594707796,0.325773633455557,-9.804287310704463,,,,,,,,,,
acc,1778675482.0,227.0,0.10400843932432265,0.32572399693801196,-9.802870918134712,,,,,,,,,,
acc,1778675482.0,227.0,0.10238867291951285,0.3256748116337942,-9.802177407514515,,,,,,,,,,
acc,1778675482.0,227.0,0.10078363066442433,0.32594558656952205,-9.800815694592822,,,,,,,,,,
acc,1778675482.0,227.0,0.09954818944504958,0.32553938589277875,-9.799111349137194,,,,,,,,,,
acc,1778675482.0,227.0,0.0976139674928974,0.325491878666103,-9.797742008304457,,,,,,,,,,
acc,1778675482.0,227.0,0.09605232816130542,0.3254448032860064,-9.796065603770936,,,,,,,,,,
acc,1778675482.0,227.0,0.09450488424043602,0.3253981558244066,-9.794404437871849,,,,,,,,,,
acc,1778675482.0,227.0,0.09297150661092193,0.32535193238902,-9.792758371998818,,,,,,,,,,
acc,1778675482.0,227.0,0.09038706349333162,0.32530612912303336,-9.791801776386448,,,,,,,,,,
acc,1778675482.0,227.0,0.08608660455769747,0.32490574461517335,-9.791208873735187,,,,,,,,,,
acc,1778675482.0,227.0,0.08079572508209996,0.3248639964894023,-9.791295865582727,,,,,,,,,,
acc,1778675482.0,227.0,0.07484293701872752,0.32446763154101804,-9.790743069705767,,,,,,,,,,
acc,1778675482.0,227.0,0.06858926272346329,0.3244298651376849,-9.79044379195498,,,,,,,,,,
acc,1778675482.0,227.0,0.06310243178701559,0.32471194848627283,-9.79053773639877,,,,,,,,,,
acc,1778675482.0,227.0,0.05663597039988278,0.3246719618660882,-9.789281835229357,,,,,,,,,,
acc,1778675482.0,227.0,0.0442998199740947,0.3246323387093106,-9.78903134529961,,,,,,,,,,
acc,1778675482.0,227.0,0.029626317182376214,0.32423808241792995,-9.790203123564082,,,,,,,,,,
acc,1778675482.0,227.0,0.012991703585981083,0.3231374152010878,-9.791328744364794,,,,,,,,,,
acc,1778675482.0,227.0,-0.005231200482954813,0.3224017537414152,-9.791734149518543,,,,,,,,,,
acc,1778675482.0,227.0,-0.0246729465634123,0.3216727790400886,-9.79320085368758,,,,,,,,,,
acc,1778675482.0,227.0,-0.04603245508037203,0.3205954301271486,-9.79394423515008,,,,,,,,,,
acc,1778675482.0,227.0,-0.06893729282708089,0.3188533806981377,-9.794325869202778,,,,,,,,,,
acc,1778675482.0,227.0,-0.09369291403705783,0.31780165727353027,-9.796124012722517,,,,,,,,,,
acc,1778675482.0,227.0,-0.1199984900184766,0.31640449466674064,-9.797195815201242,,,,,,,,,,
acc,1778675482.0,227.0,-0.14744944520825692,0.3147005392925029,-9.79825787580076,,,,,,,,,,
acc,1778675482.0,227.0,-0.17639035661291966,0.3130120715272344,-9.79970077774622,,,,,,,,,,
acc,1778675482.0,227.0,-0.20819215374121197,0.3113389505374815,-9.801805053073481,,,,,,,,,,
acc,1778675482.0,227.0,-0.2410893714737407,0.30932604921473517,-9.802825221508055,,,,,,,,,,
acc,1778675482.0,227.0,-0.27475255346641253,0.30697644717462164,-9.80454610988715,,,,,,,,,,
acc,1778675482.0,227.0,-0.3091392498564431,0.30500319653954067,-9.806606343633701,,,,,,,,,,
acc,1778675482.0,227.0,-0.3432134045451024,0.30304788083789225,-9.80758287512993,,,,,,,,,,
acc,1778675482.0,227.0,-0.37836232378423423,0.3011103369916094,-9.808905525765127,,,,,,,,,,
acc,1778675482.0,227.0,-0.4142567408515697,0.29919040340726283,-9.811316625691488,,,,,,,,,,
acc,1778675482.0,227.0,-0.4508543831823435,0.2976429048445386,-9.811930859628976,,,,,,,,,,
acc,1778675482.0,227.0,-0.48885883720128287,0.29610947133586946,-9.814314460440796,,,,,,,,,,
acc,1778675482.0,227.0,-0.5258434023665282,0.29423499094321526,-9.815575930104197,,,,,,,,,,
acc,1778675482.0,227.0,-0.5635212844754512,0.29237754739037786,-9.816861431027608,,,,,,,,,,
acc,1778675482.0,227.0,-0.6005017274083094,0.29089196902991493,-9.819519702972446,,,,,,,,,,
acc,1778675482.0,227.0,-0.6378560474153817,0.28973937915004716,-9.821479336137912,,,,,,,,,,
acc,1778675482.0,227.0,-0.6762553062045678,0.28827777880990996,-9.82338566227041,,,,,,,,,,
acc,1778675482.0,227.0,-0.7153350241401252,0.28714894825323345,-9.826623616176892,,,,,,,,,,
acc,1778675482.0,227.0,-0.7544145496442868,0.28535591015565315,-9.828838170652089,,,,,,,,,,
acc,1778675482.0,227.0,-0.793848866579332,0.2842536348072523,-9.83177807505699,,,,,,,,,,
acc,1778675482.0,227.0,-0.8335992544571768,0.28316137763151616,-9.83291632736773,,,,,,,,,,
acc,1778675482.0,227.0,-0.8736983372875086,0.2824340373124534,-9.83546417543983,,,,,,,,,,
acc,1778675482.0,227.0,-0.9141429462992723,0.2813583180584931,-9.837953370984128,,,,,,,,,,
acc,1778675482.0,227.0,-0.9548944453499835,0.2802923755331305,-9.8404199433494,,,,,,,,,,
acc,1778675482.0,227.0,-0.9959855327308895,0.2792361208528332,-9.843503074338772,,,,,,,,,,
acc,1778675482.0,227.0,-1.038087603218669,0.2775150033680178,-9.845919208747725,,,,,,,,,,
acc,1778675482.0,227.0,-1.0805169972327868,0.27545454010090437,-9.847958396063753,,,,,,,,,,
acc,1778675482.0,227.0,-1.123590222965559,0.27341280325294,-9.8493045889484,,,,,,,,,,
acc,1778675482.0,227.0,-1.167336934229402,0.2713896225814786,-9.850993525466496,,,,,,,,,,
acc,1778675482.0,227.0,-1.2127449525561573,0.26938482939286734,-9.85302209944349,,,,,,,,,,
acc,1778675482.0,227.0,-1.258805237131463,0.26704327871548306,-9.854677250067178,,,,,,,,,,
acc,1778675482.0,227.0,-1.305476355054291,0.264368022279626,-9.856672344699017,,,,,,,,,,
acc,1778675482.0,227.0,-1.3520782964874725,0.2620720657991755,-9.858613802246106,,,,,,,,,,
acc,1778675482.0,227.0,-1.3979017187700449,0.25979697569354876,-9.860218134136565,,,,,,,,,,
acc,1778675482.0,227.0,-1.4433086843501148,0.25754256227412503,-9.862517847842167,,,,,,,,,,
acc,1778675482.0,227.0,-1.4883029790576692,0.25495365207700704,-9.864761165299303,,,,,,,,,,
acc,1778675482.0,227.0,-1.531858912545756,0.2523882705478593,-9.866664614571102,,,,,,,,,,
acc,1778675482.0,227.0,-1.5746640237288165,0.24984620380050968,-9.869225229948027,,,,,,,,,,
acc,1778675482.0,227.0,-1.616050663661074,0.2473272398945045,-9.87073312458112,,,,,,,,,,
acc,1778675482.0,227.0,-1.6573806535044702,0.24451168915571606,-9.872582299647405,,,,,,,,,,
acc,1778675482.0,227.0,-1.6983350292329593,0.24204120607035917,-9.875089132753738,,,,,,,,,,
acc,1778675482.0,227.0,-1.7385977260376675,0.23994815909930547,-9.876508240514832,,,,,,,,,,
acc,1778675482.0,227.0,-1.7791689727202311,0.23787413402436086,-9.87826942588824,,,,,,,,,,
acc,1778675482.0,227.0,-1.8197264866283387,0.23581895793447233,-9.880405084537092,,,,,,,,,,
acc,1778675482.0,227.0,-1.8602703839701809,0.23449241696898443,-9.881101419150356,,,,,,,,,,
acc,1778675482.0,227.0,-1.9011557720337344,0.233177931717967,-9.882146408474613,,,,,,,,,,
acc,1778675482.0,227.0,-1.9419890691862787,0.2311654360088077,-9.882471944280175,,,,,,,,,,
acc,1778675482.0,227.0,-1.9831612274804264,0.22952620349258712,-9.883149495133335,,,,,,,,,,
acc,1778675482.0,227.0,-2.0236042385346886,0.22790186837502632,-9.883430410459987,,,,,,,,,,
acc,1778675482.0,227.0,-2.0636797028380753,0.2262922952417795,-9.883353799712179,,,,,,,,,,
acc,1778675482.0,227.0,-2.1030359793050093,0.22540730480995894,-9.882958407769811,,,,,,,,,,
acc,1778675482.0,227.0,-2.1413601274789587,0.2241753844530763,-9.883241059100083,,,,,,,,,,
acc,1778675482.0,227.0,-2.179335986957809,0.22330963225803033,-9.882101233500686,,,,,,,,,,
acc,1778675482.0,227.0,-2.215901797524289,0.22209677566677657,-9.881326747984826,,,,,,,,,,
acc,1778675482.0,227.0,-2.251460842268218,0.22018498811149356,-9.880914282156283,,,,,,,,,,
acc,1778675482.0,227.0,-2.2863417571348634,0.21900052769596848,-9.879547126022219,,,,,,,,,,
acc,1778675482.0,227.0,-2.320905677349839,0.21747185071285607,-9.878795851910787,,,,,,,,,,
acc,1778675482.0,227.0,-2.3548005035579602,0.2163120468467701,-9.876383015292218,,,,,,,,,,
acc,1778675482.0,227.0,-2.389416725485808,0.21516278314289514,-9.875021534196826,,,,,,,,,,
acc,1778675482.0,227.0,-2.4226889322539034,0.21331401227201202,-9.873317454845122,,,,,,,,,,
acc,1778675482.0,227.0,-2.4556587659785567,0.21286644075924674,-9.871273890873786,,,,,,,,,,
acc,1778675482.0,227.0,-2.489038925859969,0.21174849021578457,-9.86924889849217,,,,,,,,,,
acc,1778675482.0,227.0,-2.522115732495935,0.20993074889870048,-9.867987754671837,,,,,,,,,,
acc,1778675482.0,227.0,-2.5548919431241863,0.20745507192686058,-9.866028121701916,,,,,,,,,,
acc,1778675482.0,227.0,-2.5870153195149883,0.20567634808263374,-9.86405080227413,,,,,,,,,,
acc,1778675482.0,227.0,-2.618846765282759,0.2042687591532518,-9.862801392796115,,,,,,,,,,
acc,1778675482.0,227.0,-2.6500339546373084,0.2025189919991676,-9.860143439160217,,,,,,,,,,
acc,1778675482.0,227.0,-2.681292701000374,0.20185004522141442,-9.858610063554266,,,,,,,,,,
acc,1778675482.0,227.0,-2.7126223452010474,0.20186163117265687,-9.857055127734792,,,,,,,,,,
acc,1778675482.0,227.0,-2.7433123038580116,0.20187311183369805,-9.854839869553208,,,,,,,,,,
acc,1778675482.0,227.0,-2.7733683816657706,0.20121003520556874,-9.852999721642469,,,,,,,,,,
acc,1778675482.0,227.0,-2.8024413702711994,0.2001980150752095,-9.851140801372738,,,,,,,,,,
acc,1778675482.0,227.0,-2.830575708495469,0.19919519189552018,-9.84933426954579,,,,,,,,,,
acc,1778675482.0,227.0,-2.8588093392507075,0.19887592516284075,-9.84786362894396,,,,,,,,,,
acc,1778675482.0,227.0,-2.887460843318526,0.19824008595045062,-9.846051384118159,,,,,,,,,,
acc,1778675482.0,227.0,-2.916206940387029,0.19654510947747827,-9.84496554605423,,,,,,,,,,
acc,1778675482.0,227.0,-2.9439818557977326,0.19557548288395002,-9.844173554327169,,,,,,,,,,
acc,1778675482.0,227.0,-2.9718593397489945,0.19461466793185708,-9.842039866653698,,,,,,,,,,
acc,1778675482.0,227.0,-2.999838451187785,0.1936625845347943,-9.841309966147303,,,,,,,,,,
acc,1778675482.0,227.0,-3.0282732441167264,0.19307412166420804,-9.840302720419535,,,,,,,,,,
acc,1778675482.0,227.0,-3.0567691051859263,0.1924910065303891,-9.83990807958625,,,,,,,,,,
acc,1778675482.0,227.0,-3.0846865333774587,0.1929426179962925,-9.839517025101914,,,,,,,,,,
acc,1778675482.0,227.0,-3.111640313576179,0.19303514832178137,-9.839165019352226,,,,,,,,,,
acc,1778675482.0,227.0,-3.1383491483301316,0.19209742004585098,-9.839171189448814,,,,,,,,,,
acc,1778675482.0,227.0,-3.1658446812384016,0.19219763087298236,-9.83914180851571,,,,,,,,,,
acc,1778675483.0,228.0,-3.19344532266696,0.19229693102488776,-9.840532583356962,,,,,,,,,,
acc,1778675483.0,228.0,-3.2194107475127183,0.19204035214780035,-9.841200766152895,,,,,,,,,,
acc,1778675483.0,228.0,-3.244430265600781,0.1917861049509683,-9.841543404273999,,,,,,,,,,
acc,1778675483.0,228.0,-3.2702873372783876,0.19188914466659318,-9.842237905071125,,,,,,,,,,
acc,1778675483.0,228.0,-3.2969388471259884,0.19199124800250936,-9.843245566879357,,,,,,,,,,
acc,1778675483.0,228.0,-3.32299318373021,0.19141797500425303,-9.844279566403308,,,,,,,,,,
acc,1778675483.0,228.0,-3.348136311161808,0.19084991165067772,-9.845268674522611,,,,,,,,,,
acc,1778675483.0,228.0,-3.3730509494546452,0.18993204365021218,-9.84660377011555,,,,,,,,,,
acc,1778675483.0,228.0,-3.3984136140274606,0.18902251680389115,-9.848317194704135,,,,,,,,,,
acc,1778675483.0,228.0,-3.4239007706201163,0.18847622206381595,-9.849305105899996,,,,,,,,,,
acc,1778675483.0,228.0,-3.4491563122402176,0.18825436360599995,-9.850958487011505,,,,,,,,,,
acc,1778675483.0,228.0,-3.4735078964588673,0.18736008296916076,-9.852596843005164,,,,,,,,,,
acc,1778675483.0,228.0,-3.4976381855696848,0.1864739291107761,-9.854930252506875,,,,,,,,,,
acc,1778675483.0,228.0,-3.5218686623370594,0.18595079458080546,-9.857632927475471,,,,,,,,,,
acc,1778675483.0,228.0,-3.5462339202901885,0.18575188554001257,-9.85885566362528,,,,,,,,,,
acc,1778675483.0,228.0,-3.5700227840214267,0.18452537107610176,-9.860812724557368,,,,,,,,,,
acc,1778675483.0,228.0,-3.5929210294589224,0.18401994394424664,-9.862006564533962,,,,,,,,,,
acc,1778675483.0,228.0,-3.6159661538222903,0.18454853149557357,-9.86216013389518,,,,,,,,,,
acc,1778675483.0,228.0,-3.6388018564111175,0.18436236534399572,-9.864442130983548,,,,,,,,,,
acc,1778675483.0,228.0,-3.661075074546944,0.18453286598413735,-9.86457356769121,,,,,,,,,,
acc,1778675483.0,228.0,-3.683500851693291,0.1843468422684046,-9.865413750764976,,,,,,,,,,
acc,1778675483.0,228.0,-3.705012895109971,0.18384303801575275,-9.866601273584045,,,,,,,,,,
acc,1778675483.0,228.0,-3.725619508570547,0.18366328300785023,-9.866713089566218,,,,,,,,,,
acc,1778675483.0,228.0,-3.7474587414426304,0.18281072498915074,-9.866433429047136,,,,,,,,,,
acc,1778675483.0,228.0,-3.770128931910095,0.18161093988116597,-9.866866241053286,,,,,,,,,,
acc,1778675483.0,228.0,-3.7918831595269435,0.1814514685752644,-9.866940154416138,,,,,,,,,,
acc,1778675483.0,228.0,-3.81241028667019,0.18129344645226161,-9.86570000947116,,,,,,,,,,
acc,1778675483.0,228.0,-3.832750875271781,0.18010744988571276,-9.866139485983002,,,,,,,,,,
acc,1778675483.0,228.0,-3.852906620587399,0.17928720534217735,-9.865900532908148,,,,,,,,,,
acc,1778675483.0,228.0,-3.872524237229603,0.1788293799277039,-9.865983221824868,,,,,,,,,,
acc,1778675483.0,228.0,-3.8919635807212174,0.1783757149563947,-9.86571019414291,,,,,,,,,,
acc,1778675483.0,228.0,-3.9112262711944847,0.17757120750861907,-9.865439647571701,,,,,,,,,,
acc,1778675483.0,228.0,-3.9303139140555117,0.1757090976121749,-9.866981897672549,,,,,,,,,,
acc,1778675483.0,228.0,-3.9488731260407484,0.17354443912042583,-9.868155167759594,,,,,,,,,,
acc,1778675483.0,228.0,-3.9672636833672437,0.17104448677641068,-9.86825286292204,,,,,,,,,,
acc,1778675483.0,228.0,-3.9844577097040377,0.16959666148638955,-9.868349670291606,,,,,,,,,,
acc,1778675483.0,228.0,-4.002524896376321,0.16816199312590446,-9.867096718902996,,,,,,,,,,
acc,1778675483.0,228.0,-4.020427899847842,0.16571095340758119,-9.866849067606983,,,,,,,,,,
acc,1778675483.0,228.0,-4.038523185983866,0.1639566219481477,-9.864899814393489,,,,,,,,,,
acc,1778675483.0,228.0,-4.055779589967376,0.16257320647596507,-9.864991596916502,,,,,,,,,,
acc,1778675483.0,228.0,-4.072524214240854,0.16226726549433318,-9.863059223507715,,,,,,,,,,
acc,1778675483.0,228.0,-4.089471638753143,0.16263854826195157,-9.861144410258527,,,,,,,,,,
acc,1778675483.0,228.0,-4.1072944640625755,0.16300645705338632,-9.860205407195966,,,,,,,,,,
acc,1778675483.0,228.0,-4.124600362748415,0.16301604898992564,-9.857571085992918,,,,,,,,,,
acc,1778675483.0,228.0,-4.142103961224832,0.16338052725339336,-9.85499620747698,,,,,,,,,,
acc,1778675483.0,228.0,-4.159093534228619,0.16338671993516926,-9.852799692109706,,,,,,,,,,
acc,1778675483.0,228.0,-4.175928717301856,0.16271842233444678,-9.850268172901433,,,,,,,,,,
acc,1778675483.0,228.0,-4.191936470489841,0.16134626015855355,-9.847369190484743,,,,,,,,,,
acc,1778675483.0,228.0,-4.208473198906977,0.1596315939626754,-9.845241984201063,,,,,,,,,,
acc,1778675483.0,228.0,-4.225214616892403,0.15654812921818262,-9.843489081792388,,,,,,,,,,
acc,1778675483.0,228.0,-4.242158873465848,0.15210831388710278,-9.839977260648682,,,,,,,,,,
acc,1778675483.0,228.0,-4.259978558968377,0.14841878183191096,-9.8386271643346,,,,,,,,,,
acc,1778675483.0,228.0,-4.277636311394106,0.1444078045783428,-9.83654390500046,,,,,,,,,,
acc,1778675483.0,228.0,-4.293394258713906,0.14146268284414254,-9.835225008574048,,,,,,,,,,
acc,1778675483.0,228.0,-4.309363972684445,0.14028367684857607,-9.83423756675186,,,,,,,,,,
acc,1778675483.0,228.0,-4.326572944304049,0.1391153848395749,-9.83389804590335,,,,,,,,,,
acc,1778675483.0,228.0,-4.344335469670804,0.13657333030051982,-9.83224822946109,,,,,,,,,,
acc,1778675483.0,228.0,-4.361581617817038,0.13440934910620506,-9.832281759110165,,,,,,,,,,
acc,1778675483.0,228.0,-4.378316072217286,0.13329443860649443,-9.831960011166824,,,,,,,,,,
acc,1778675483.0,228.0,-4.394898455730317,0.13218965962495613,-9.83132171782675,,,,,,,,,,
acc,1778675483.0,228.0,-4.410655708307909,0.13109492009041784,-9.832073594327435,,,,,,,,,,
acc,1778675483.0,228.0,-4.426944212144902,0.12965515597853977,-9.830404863322293,,,,,,,,,,
acc,1778675483.0,228.0,-4.445179012432076,0.12893841183574373,-9.830135665759926,,,,,,,,,,
acc,1778675483.0,228.0,-4.462893135228038,0.13067745909979117,-9.831288787180428,,,,,,,,,,
acc,1778675483.0,228.0,-4.478706943211405,0.1320457395557266,-9.831011557290415,,,,,,,,,,
acc,1778675483.0,228.0,-4.49370260506389,0.13201720816583828,-9.831411288346844,,,,,,,,,,
acc,1778675483.0,228.0,-4.508207033690767,0.1319889360485134,-9.831452423403109,,,,,,,,,,
acc,1778675483.0,228.0,-4.5246739612903815,0.1337002620020771,-9.830534768657463,,,,,,,,,,
acc,1778675483.0,228.0,-4.540991249484149,0.13607047817591336,-9.831684262830423,,,,,,,,,,
acc,1778675483.0,228.0,-4.556450331243326,0.14015850550054135,-9.831403439306293,,,,,,,,,,
acc,1778675483.0,228.0,-4.570384554943728,0.14282500654675276,-9.83290001201349,,,,,,,,,,
acc,1778675483.0,228.0,-4.584866586939411,0.14408289922159156,-9.833282582134519,,,,,,,,,,
acc,1778675483.0,228.0,-4.600281925173917,0.14600380237148347,-9.834762078488653,,,,,,,,,,
acc,1778675483.0,228.0,-4.615202216932153,0.148617185512709,-9.835837663352724,,,,,,,,,,
acc,1778675483.0,228.0,-4.629631951802373,0.15227171914578408,-9.836548501719838,,,,,,,,,,
acc,1778675483.0,228.0,-4.642901155632865,0.15589304310522156,-9.837643347382603,,,,,,,,,,
acc,1778675483.0,228.0,-4.654984870975809,0.1591264959427582,-9.839402684969256,,,,,,,,,,
acc,1778675483.0,228.0,-4.667668714099327,0.1612656577715843,-9.84114603501653,,,,,,,,,,
acc,1778675483.0,228.0,-4.681976644703011,0.16445028824599908,-9.842909037312065,,,,,,,,,,
acc,1778675483.0,228.0,-4.694060243893604,0.16796094236426204,-9.847034304674905,,,,,,,,,,
acc,1778675483.0,228.0,-4.705359595611573,0.17108473117673725,-9.849098771220076,,,,,,,,,,
acc,1778675483.0,228.0,-4.716556267391592,0.17382516116610516,-9.851818918277663,,,,,,,,,,
acc,1778675483.0,228.0,-4.7283256331045465,0.17547578985925444,-9.854159374531589,,,,,,,,,,
acc,1778675483.0,228.0,-4.74137241464905,0.17643697816970508,-9.85615909392747,,,,,,,,,,
acc,1778675483.0,228.0,-4.755365544308868,0.1766794967655909,-9.856685267488318,,,,,,,,,,
acc,1778675483.0,228.0,-4.767847139359292,0.17589040788062962,-9.85827156681592,,,,,,,,,,
acc,1778675483.0,228.0,-4.779505376175453,0.17301417887596893,-9.85810411240188,,,,,,,,,,
acc,1778675483.0,228.0,-4.793151982527005,0.168779711239008,-9.85790268520481,,,,,,,,,,
acc,1778675483.0,228.0,-4.807384514031799,0.1652581636926361,-9.859868387873572,,,,,,,,,,
acc,1778675483.0,228.0,-4.82148771128628,0.16073921384630513,-9.858940984398954,,,,,,,,,,
acc,1778675483.0,228.0,-4.835462749603074,0.156261328717521,-9.860151822255727,,,,,,,,,,
acc,1778675483.0,228.0,-4.848955821637382,0.1518241351347893,-9.861387151428916,,,,,,,,,,
acc,1778675483.0,228.0,-4.862326279122241,0.14813719814297088,-9.859807010060338,,,,,,,,,,
acc,1778675483.0,228.0,-4.877314583343416,0.1451581963934548,-9.858276722253203,,,,,,,,,,
acc,1778675483.0,228.0,-4.891456750806575,0.14359064051431844,-9.857115312424193,,,,,,,,,,
acc,1778675483.0,228.0,-4.904086030356789,0.1420373293573363,-9.855964456579601,,,,,,,,,,
acc,1778675483.0,228.0,-4.916955507699445,0.14049813347535253,-9.854114124140695,,,,,,,,,,
acc,1778675483.0,228.0,-4.930737449366235,0.13932789645811525,-9.852280606070881,,,,,,,,,,
acc,1778675483.0,228.0,-4.943364739600336,0.13923319098779244,-9.849753814974127,,,,,,,,,,
acc,1778675483.0,228.0,-4.954457413841289,0.13807444882655986,-9.847604948102344,,,,,,,,,,
acc,1778675483.0,228.0,-4.966159230224342,0.1351868899927749,-9.846150048510108,,,,,,,,,,
acc,1778675483.0,228.0,-4.975305428931121,0.13129616826872528,-9.844033929855492,,,,,,,,,,
acc,1778675483.0,228.0,-4.984049045988759,0.12708583965791098,-9.842292012585474,,,,,,,,,,
acc,1778675483.0,228.0,-4.9912933391340335,0.12500808000498886,-9.841914795345062,,,,,,,,,,
acc,1778675483.0,228.0,-4.999181736289695,0.12223925790079317,-9.838772266362653,,,,,,,,,,
acc,1778675483.0,228.0,-5.008027852519012,0.12020554009903842,-9.837078162908506,,,,,,,,,,
acc,1778675483.0,228.0,-5.016474114113133,0.1178353313957621,-9.8353639596724,,,,,,,,,,
acc,1778675483.0,228.0,-5.024488660213133,0.11374732449490828,-9.833310362054211,,,,,,,,,,
acc,1778675483.0,228.0,-5.031365470572329,0.11005142872633163,-9.832020854602279,,,,,,,,,,
acc,1778675483.0,228.0,-5.038534752557265,0.10706355810181782,-9.829642664818037,,,,,,,,,,
acc,1778675483.0,228.0,-5.046703791711818,0.10516774471234334,-9.828031523854502,,,,,,,,,,
acc,1778675483.0,228.0,-5.0540886630094795,0.1057029260883233,-9.827783894051198,,,,,,,,,,
acc,1778675483.0,228.0,-5.061761398150389,0.1069431874078197,-9.827148048451702,,,,,,,,,,
acc,1778675483.0,228.0,-5.066915130092024,0.10781720662292661,-9.829748183456319,,,,,,,,,,
acc,1778675483.0,228.0,-5.0744713085301045,0.10832831186170033,-9.829484954127379,,,,,,,,,,
acc,1778675483.0,228.0,-5.0812488793516675,0.110254640735688,-9.833377228873708,,,,,,,,,,
acc,1778675483.0,228.0,-5.086935458985175,0.11599711763292406,-9.835920758053767,,,,,,,,,,
acc,1778675483.0,228.0,-5.093599765640768,0.12481112124005614,-9.837021305652884,,,,,,,,,,
acc,1778675483.0,228.0,-5.102652791576934,0.13389999277194756,-9.839531720360227,,,,,,,,,,
acc,1778675483.0,228.0,-5.113007924467961,0.14322574002092317,-9.841664360010622,,,,,,,,,,
acc,1778675483.0,228.0,-5.1236239207434835,0.14795865960317403,-9.843387154018965,,,,,,,,,,
acc,1778675483.0,228.0,-5.13343351354369,0.15161916833822855,-9.846478666098985,,,,,,,,,,
acc,1778675483.0,228.0,-5.144218861049448,0.1562758152312131,-9.850252018932181,,,,,,,,,,
acc,1778675483.0,228.0,-5.15490620009714,0.15879584818316034,-9.856120884240811,,,,,,,,,,
acc,1778675483.0,228.0,-5.166170860751737,0.159198673983646,-9.85810277526431,,,,,,,,,,
acc,1778675483.0,228.0,-5.1776881288203445,0.1620471086855251,-9.861415526219012,,,,,,,,,,
acc,1778675483.0,228.0,-5.189100737362242,0.1641597253272302,-9.861538970407839,,,,,,,,,,
acc,1778675483.0,228.0,-5.197960359054745,0.16625314423589382,-9.86308116041769,,,,,,,,,,
acc,1778675484.0,229.0,-5.207449414611636,0.16591376505012087,-9.862479534958087,,,,,,,,,,
acc,1778675484.0,229.0,-5.215112896903504,0.1638381344511858,-9.861279935163036,,,,,,,,,,
acc,1778675484.0,229.0,-5.222706739751267,0.1621008333875905,-9.858671368889796,,,,,,,,,,
acc,1778675484.0,229.0,-5.2292021743806565,0.15796554487976705,-9.857115908732464,,,,,,,,,,
acc,1778675484.0,229.0,-5.235958051723859,0.15177352782128142,-9.853444782250746,,,,,,,,,,
acc,1778675484.0,229.0,-5.2416231356575205,0.1459927501020554,-9.851617349079854,,,,,,,,,,
acc,1778675484.0,229.0,-5.247591711339312,0.14235880987838634,-9.848706122685988,,,,,,,,,,
acc,1778675484.0,229.0,-5.254535451017276,0.13804795827740782,-9.84379804253691,,,,,,,,,,
acc,1778675484.0,229.0,-5.260741652506245,0.13448621375773698,-9.839573498684818,,,,,,,,,,
acc,1778675484.0,229.0,-5.266181523558406,0.1312763032810811,-9.833293046705059,,,,,,,,,,
acc,1778675484.0,229.0,-5.271216990220135,0.12809556182066095,-9.831293764273461,,,,,,,,,,
acc,1778675484.0,229.0,-5.276561670046616,0.12146505439568993,-9.824733580459567,,,,,,,,,,
acc,1778675484.0,229.0,-5.282567715388665,0.11805400154760877,-9.823486518412567,,,,,,,,,,
acc,1778675484.0,229.0,-5.2891936218860325,0.11325407846567337,-9.82157634950849,,,,,,,,,,
acc,1778675484.0,229.0,-5.2954043463324805,0.1095626688359284,-9.821742350369869,,,,,,,,,,
acc,1778675484.0,229.0,-5.303297967659833,0.10938348235870908,-9.822261804958181,,,,,,,,,,
acc,1778675484.0,229.0,-5.310800390508686,0.10675664685172798,-9.825225816501888,,,,,,,,,,
acc,1778675484.0,229.0,-5.318234637565861,0.10312428059080894,-9.826423549760495,,,,,,,,,,
acc,1778675484.0,229.0,-5.325920796142082,0.10090929475957594,-9.827610399014091,,,,,,,,,,
acc,1778675484.0,229.0,-5.332507708086319,0.09871443687852907,-9.829496396604844,,,,,,,,,,
acc,1778675484.0,229.0,-5.339389734908069,0.09551012284999714,-9.829199961152332,,,,,,,,,,
acc,1778675484.0,229.0,-5.3475935960151375,0.09300935688257776,-9.833449793269098,,,,,,,,,,
acc,1778675484.0,229.0,-5.356077869418316,0.08740760886035395,-9.83311743273,,,,,,,,,,
acc,1778675484.0,229.0,-5.363100672452242,0.08462550958202474,-9.842265705303406,,,,,,,,,,
acc,1778675484.0,229.0,-5.374922699398285,0.08570233188192684,-9.844373499011075,,,,,,,,,,
acc,1778675484.0,229.0,-5.38663729762781,0.0906030090276583,-9.850899220035275,,,,,,,,,,
acc,1778675484.0,229.0,-5.396506108957095,0.1010321273613844,-9.852893056167172,,,,,,,,,,
acc,1778675484.0,229.0,-5.405930278653247,0.11239587563348308,-9.857282556382984,,,,,,,,,,
acc,1778675484.0,229.0,-5.4173631058368565,0.1215975575900434,-9.860247796253825,,,,,,,,,,
acc,1778675484.0,229.0,-5.427982116833492,0.1234033047951918,-9.86148225057818,,,,,,,,,,
acc,1778675484.0,229.0,-5.437830192246688,0.11823530571971805,-9.86306044931642,,,,,,,,,,
acc,1778675484.0,229.0,-5.447233805413352,0.10960009709102718,-9.86462430670595,,,,,,,,,,
acc,1778675484.0,229.0,-5.4530732979562355,0.10835566611173118,-9.866173953069648,,,,,,,,,,
acc,1778675484.0,229.0,-5.459889127034416,0.10783247673374351,-9.865189252216776,,,,,,,,,,
acc,1778675484.0,229.0,-5.465613618641305,0.1135969576903336,-9.867053232477044,,,,,,,,,,
acc,1778675484.0,229.0,-5.470221186478048,0.12069341887040624,-9.867160940298763,,,,,,,,,,
acc,1778675484.0,229.0,-5.476526218729609,0.12389175396704097,-9.868687535807238,,,,,,,,,,
acc,1778675484.0,229.0,-5.480715154372775,0.12393731914836903,-9.872614031818243,,,,,,,,,,
acc,1778675484.0,229.0,-5.483801120143076,0.1225626038687984,-9.873026178989585,,,,,,,,,,
acc,1778675484.0,229.0,-5.489663281627614,0.11946104679945653,-9.873434580913925,,,,,,,,,,
acc,1778675484.0,229.0,-5.4947622395380895,0.11812700809391163,-9.873803768150664,,,,,,,,,,
acc,1778675484.0,229.0,-5.497046127585704,0.11716006313872784,-9.873459676440431,,,,,,,,,,
acc,1778675484.0,229.0,-5.500338662393736,0.11446256190436983,-9.875638967453776,,,,,,,,,,
acc,1778675484.0,229.0,-5.504630678216932,0.11076017249087584,-9.876733559721535,,,,,,,,,,
acc,1778675484.0,229.0,-5.508564224174328,0.1067364652451248,-9.878883100427277,,,,,,,,,,
acc,1778675484.0,229.0,-5.512107063358686,0.10203938892576576,-9.881971519920798,,,,,,,,,,
acc,1778675484.0,229.0,-5.515617708208157,0.10018923378781217,-9.882263130734021,,,,,,,,,,
acc,1778675484.0,229.0,-5.517712079432033,0.09974025405864684,-9.88397195786505,,,,,,,,,,
acc,1778675484.0,229.0,-5.518722514574146,0.10103469720516732,-9.886055722097788,,,,,,,,,,
acc,1778675484.0,229.0,-5.521108139548015,0.09780930010009263,-9.885600295157344,,,,,,,,,,
acc,1778675484.0,229.0,-5.523152618358461,0.09599758447651134,-9.88766926240561,,,,,,,,,,
acc,1778675484.0,229.0,-5.525852948285038,0.09558669488734535,-9.885530827990237,,,,,,,,,,
acc,1778675484.0,229.0,-5.532362387579386,0.09588947218889085,-9.888203876376759,,,,,,,,,,
acc,1778675484.0,229.0,-5.539167636582743,0.09512460305168605,-9.889184289384106,,,,,,,,,,
acc,1778675484.0,229.0,-5.544171711519967,0.09575104704533384,-9.889800822154932,,,,,,,,,,
acc,1778675484.0,229.0,-5.551579580409179,0.09360306409456974,-9.888636924316168,,,,,,,,,,
acc,1778675484.0,229.0,-5.558565161791538,0.09182957125950532,-9.887483602995776,,,,,,,,,,
acc,1778675484.0,229.0,-5.563037997425984,0.09422530040915528,-9.886340762082979,,,,,,,,,,
acc,1778675484.0,229.0,-5.567825158776267,0.0948599164679684,-9.882084601017896,,,,,,,,,,
acc,1778675484.0,229.0,-5.572923780427139,0.09619870778160446,-9.879251478913368,,,,,,,,,,
acc,1778675484.0,229.0,-5.576911175148881,0.09369168593328528,-9.876089139857969,,,,,,,,,,
acc,1778675484.0,229.0,-5.583311602409887,0.08808374054385035,-9.87405593589116,,,,,,,,,,
acc,1778675484.0,229.0,-5.587204601437564,0.08355616507153611,-9.872360675535907,,,,,,,,,,
acc,1778675484.0,229.0,-5.591417186145886,0.0815189989198448,-9.86961591623479,,,,,,,,,,
acc,1778675484.0,229.0,-5.598715195601898,0.0836889448849742,-9.871120202521276,,,,,,,,,,
acc,1778675484.0,229.0,-5.605627419373435,0.08477427729582498,-9.871865391773074,,,,,,,,,,
acc,1778675484.0,229.0,-5.610701993745111,0.08375544258124927,-9.876437447439017,,,,,,,,,,
acc,1778675484.0,229.0,-5.618889663218593,0.08416573210755332,-9.877489289145847,,,,,,,,,,
acc,1778675484.0,229.0,-5.624198692635744,0.08315242734697675,-9.882010239579664,,,,,,,,,,
acc,1778675484.0,229.0,-5.627365173612642,0.07728529216090098,-9.883046934892144,,,,,,,,,,
acc,1778675484.0,229.0,-5.633662079659295,0.06902220610525096,-9.880950504617289,,,,,,,,,,
acc,1778675484.0,229.0,-5.638836869904349,0.06225407383926867,-9.884055630870513,,,,,,,,,,
acc,1778675484.0,229.0,-5.6443196070697095,0.05764174904512534,-9.883973341070341,,,,,,,,,,
acc,1778675484.0,229.0,-5.651136884188712,0.05793437545773895,-9.884637226358251,,,,,,,,,,
acc,1778675484.0,229.0,-5.656507849299613,0.05925374320442886,-9.886679450303086,,,,,,,,,,
acc,1778675484.0,229.0,-5.663214370034802,0.06056112165994401,-9.890442449643798,,,,,,,,,,
acc,1778675484.0,229.0,-5.671279813453851,0.06292151460574721,-9.895591119884992,,,,,,,,,,
acc,1778675484.0,229.0,-5.678207070165772,0.06384059248552361,-9.900302538021503,,,,,,,,,,
acc,1778675484.0,229.0,-5.685781310775944,0.06269251768051479,-9.905006646263386,,,,,,,,,,
acc,1778675484.0,229.0,-5.693286723139817,0.0618743431356115,-9.909313036582137,,,,,,,,,,
acc,1778675484.0,229.0,-5.697245256969646,0.06074413593171159,-9.912834866824367,,,,,,,,,,
acc,1778675484.0,229.0,-5.702197228527621,0.06136353240321556,-9.912526550426621,,,,,,,,,,
acc,1778675484.0,229.0,-5.707104200789322,0.06510100503527759,-9.91115614095688,,,,,,,,,,
acc,1778675484.0,229.0,-5.71196658267087,0.06809458181917138,-9.907348918423626,,,,,,,,,,
acc,1778675484.0,229.0,-5.7136610747048655,0.06758228896661135,-9.904676681829086,,,,,,,,,,
acc,1778675484.0,229.0,-5.716724530930647,0.06671968041367411,-9.900928339101174,,,,,,,,,,
acc,1778675484.0,229.0,-5.721144520448486,0.06586491051134798,-9.899627820785744,,,,,,,,,,
acc,1778675484.0,229.0,-5.724849906378717,0.0664377737604087,-9.901888793887894,,,,,,,,,,
acc,1778675484.0,229.0,-5.727811688062262,0.0673248988331784,-9.899230679906513,,,,,,,,,,
acc,1778675484.0,229.0,-5.7314564884597266,0.06440582849760401,-9.900110890513018,,,,,,,,,,
acc,1778675484.0,229.0,-5.73261890194995,0.059773950961519114,-9.899882704322197,,,,,,,,,,
acc,1778675484.0,229.0,-5.73480015277914,0.05795289754309015,-9.898343218192633,,,,,,,,,,
acc,1778675484.0,229.0,-5.738026486075893,0.05788772550300189,-9.894687923061042,,,,,,,,,,
acc,1778675484.0,229.0,-5.739129197056346,0.0571132128488637,-9.893195642654783,,,,,,,,,,
acc,1778675484.0,229.0,-5.740221887541536,0.05634573830400221,-9.889551629933417,,,,,,,,,,
acc,1778675484.0,229.0,-5.742334048927453,0.05665014170719134,-9.889774359104543,,,,,,,,,,
acc,1778675484.0,229.0,-5.745491920585639,0.055567407660569834,-9.888610702098616,,,,,,,,,,
acc,1778675484.0,229.0,-5.750005467490434,0.05726325514524854,-9.88742211595615,,,,,,,,,,
acc,1778675484.0,229.0,-5.753093627861649,0.05894369221782056,-9.888054661640718,,,,,,,,,,
acc,1778675484.0,229.0,-5.755443792851677,0.056775212598343575,-9.8858772314661,,,,,,,,,,
acc,1778675484.0,229.0,-5.757772601552127,0.055336380171254286,-9.88474898822756,,,,,,,,,,
acc,1778675484.0,229.0,-5.762174552102987,0.056004917607449314,-9.883950464992907,,,,,,,,,,
acc,1778675484.0,229.0,-5.767246425216129,0.058726189640998336,-9.88181033025816,,,,,,,,,,
acc,1778675484.0,229.0,-5.770177914519923,0.06110325650396396,-9.881748443834121,,,,,,,,,,
acc,1778675484.0,229.0,-5.772727794011787,0.060299523911055426,-9.87689507108178,,,,,,,,,,
acc,1778675484.0,229.0,-5.774225102091414,0.05847369466246927,-9.877232812162749,,,,,,,,,,
acc,1778675484.0,229.0,-5.778832508227828,0.057693857272566484,-9.875153721715936,,,,,,,,,,
acc,1778675484.0,229.0,-5.781303742184411,0.05798601011334626,-9.875187819193181,,,,,,,,,,
acc,1778675484.0,229.0,-5.7827231194058335,0.056536175050425255,-9.874476179661846,,,,,,,,,,
acc,1778675484.0,229.0,-5.785513969753203,0.05719380975995342,-9.872812595363984,,,,,,,,,,
acc,1778675484.0,229.0,-5.7872145555194505,0.05678057381237604,-9.87247751076578,,,,,,,,,,
acc,1778675484.0,229.0,-5.789254658754179,0.0546317508638485,-9.869376728729584,,,,,,,,,,
acc,1778675484.0,229.0,-5.792660585385737,0.05530669133414709,-9.867404522026687,,,,,,,,,,
acc,1778675484.0,229.0,-5.794651199771591,0.05352623271035317,-9.867118581349496,,,,,,,,,,
acc,1778675484.0,229.0,-5.797688619779405,0.051052020593365506,-9.865841324083096,,,,,,,,,,
acc,1778675484.0,229.0,-5.799633543700828,0.05002015754219315,-9.864220711593271,,,,,,,,,,
acc,1778675484.0,229.0,-5.802270726591037,0.04828773840753225,-9.866128995327157,,,,,,,,,,
acc,1778675484.0,229.0,-5.804883945023435,0.051434099203029986,-9.864505768740013,,,,,,,,,,
acc,1778675484.0,229.0,-5.808147846078783,0.05316750649085449,-9.86495609312166,,,,,,,,,,
acc,1778675484.0,229.0,-5.811062620127687,0.0524358872104438,-9.863024057399612,,,,,,,,,,
acc,1778675484.0,229.0,-5.811856612379519,0.05380522017546595,-9.863842817219735,,,,,,,,,,
acc,1778675484.0,229.0,-5.815412122725873,0.055162109816640846,-9.863944204093979,,,,,,,,,,
acc,1778675484.0,229.0,-5.81858035272141,0.05721660196477221,-9.864044669651253,,,,,,,,,,
acc,1778675484.0,229.0,-5.820690392338082,0.056448187999322705,-9.863789260430169,,,,,,,,,,
acc,1778675484.0,229.0,-5.821396895673401,0.055686756720914346,-9.862577760661981,,,,,,,,,,
acc,1778675484.0,229.0,-5.824191273709301,0.05390284446123923,-9.860631842848857,,,,,,,,,,
acc,1778675484.0,229.0,-5.826605297004504,0.05561381787362603,-9.862217768153752,,,,,,,,,,
acc,1778675484.0,229.0,-5.82761301260113,0.055214939555839164,-9.860275121654032,,,,,,,,,,
acc,1778675485.0,230.0,-5.829995942065117,0.054819685901953664,-9.86147383233124,,,,,,,,,,
acc,1778675485.0,230.0,-5.833386617714689,0.054073053059663756,-9.86092230812182,,,,,,,,,,
acc,1778675485.0,230.0,-5.836391510900321,0.04847016798010699,-9.861405195892019,,,,,,,,,,
acc,1778675485.0,230.0,-5.840788963671415,0.049201099569858915,-9.859469933370958,,,,,,,,,,
acc,1778675485.0,230.0,-5.84305216141036,0.047831094324863356,-9.860711455258,,,,,,,,,,
acc,1778675485.0,230.0,-5.847034126077881,0.04473419649748621,-9.858427525954015,,,,,,,,,,
acc,1778675485.0,230.0,-5.8492405731464645,0.04304981171880928,-9.857264749045767,,,,,,,,,,
acc,1778675485.0,230.0,-5.85178193174013,0.04209066591344712,-9.859200739018359,,,,,,,,,,
acc,1778675485.0,230.0,-5.854619664105116,0.04355400727960549,-9.85480073963345,,,,,,,,,,
acc,1778675485.0,230.0,-5.858851475049267,0.04535902196308571,-9.8567591203924,,,,,,,,,,
acc,1778675485.0,230.0,-5.861624965478759,0.04576326313681806,-9.854901571803133,,,,,,,,,,
acc,1778675485.0,230.0,-5.863698823536899,0.048258125633674556,-9.856504074458634,,,,,,,,,,
acc,1778675485.0,230.0,-5.868522569226953,0.048281051343325755,-9.853938910793614,,,,,,,,,,
acc,1778675485.0,230.0,-5.871918118869733,0.05039807252121043,-9.85661506490047,,,,,,,,,,
acc,1778675485.0,230.0,-5.875992736305949,0.05040155223636165,-9.856072198638623,,,,,,,,,,
acc,1778675485.0,230.0,-5.879320403488907,0.049375600162345004,-9.856599160011607,,,,,,,,,,
acc,1778675485.0,230.0,-5.883682726221667,0.050098303941620875,-9.853323199597467,,,,,,,,,,
acc,1778675485.0,230.0,-5.8841717712553665,0.048365174816805814,-9.857708787249097,,,,,,,,,,
acc,1778675485.0,230.0,-5.886395705143051,0.04874209865545085,-9.85719147654898,,,,,,,,,,
acc,1778675485.0,230.0,-5.889273868178317,0.050144997494118854,-9.859483103206463,,,,,,,,,,
acc,1778675485.0,230.0,-5.891096476783269,0.04841144406898309,-9.861753905530154,,,,,,,,,,
acc,1778675485.0,230.0,-5.893931923243499,0.05052728031502063,-9.858395608897993,,,,,,,,,,
acc,1778675485.0,230.0,-5.8946472998444825,0.05155898605496948,-9.862770597183227,,,,,,,,,,
acc,1778675485.0,230.0,-5.8964210793205005,0.0491026508235561,-9.855569416045647,,,,,,,,,,
acc,1778675485.0,230.0,-5.897468807508478,0.04911790221517762,-9.85791127693339,,,,,,,,,,
acc,1778675485.0,230.0,-5.901311242206845,0.04739368216342581,-9.854232927929479,,,,,,,,,,
acc,1778675485.0,230.0,-5.901640094464273,0.04845386333654561,-9.853392241044975,,,,,,,,,,
acc,1778675485.0,230.0,-5.905444624086556,0.05021435228275359,-9.850145422416661,,,,,,,,,,
acc,1778675485.0,230.0,-5.906410354065605,0.050219501489073566,-9.848347973484268,,,,,,,,,,
acc,1778675485.0,230.0,-5.907722270126664,0.05441321136928092,-9.84656685822236,,,,,,,,,,
acc,1778675485.0,230.0,-5.910051664762103,0.05576457599322811,-9.843346568446506,,,,,,,,,,
acc,1778675485.0,230.0,-5.910620559027907,0.05710366057747137,-9.845409034760634,,,,,,,,,,
acc,1778675485.0,230.0,-5.911184283671823,0.059140509407690264,-9.841169857073888,,,,,,,,,,
acc,1778675485.0,230.0,-5.9120978565615605,0.057325212559349435,-9.83980893216474,,,,,,,,,,
acc,1778675485.0,230.0,-5.9119737275535025,0.058295144526689345,-9.837005014421935,,,,,,,,,,
acc,1778675485.0,230.0,-5.909401451920639,0.05858183334452148,-9.835291479853542,,,,,,,,,,
acc,1778675485.0,230.0,-5.9082369219353446,0.05677161327109741,-9.832209145394543,,,,,,,,,,
acc,1778675485.0,230.0,-5.9074379359982725,0.05462287203220185,-9.832243030012528,,,,,,,,,,
acc,1778675485.0,230.0,-5.908385552461134,0.04972492376254609,-9.830572768263053,,,,,,,,,,
acc,1778675485.0,230.0,-5.90584588308673,0.049379558673130236,-9.832396350042451,,,,,,,,,,
acc,1778675485.0,230.0,-5.9071629285519665,0.050776664775590494,-9.829659791483401,,,,,,,,,,
acc,1778675485.0,230.0,-5.907438605718248,0.055320273360201906,-9.829042404109568,,,,,,,,,,
acc,1778675485.0,230.0,-5.910835481581485,0.05946763173999041,-9.828750094457497,,,,,,,,,,
acc,1778675485.0,230.0,-5.912462156755227,0.061837960603709205,-9.829170373748106,,,,,,,,,,
acc,1778675485.0,230.0,-5.915103450223325,0.06418674995809934,-9.828557433783347,,,,,,,,,,
acc,1778675485.0,230.0,-5.915626438204555,0.06268056813873026,-9.825891254367496,,,,,,,,,,
acc,1778675485.0,230.0,-5.915470244489057,0.06257243511708518,-9.82285884673666,,,,,,,,,,
acc,1778675485.0,230.0,-5.91772923215429,0.0624652847152943,-9.819144053249376,,,,,,,,,,
acc,1778675485.0,230.0,-5.918583330173484,0.06409844988472935,-9.820042089207984,,,,,,,,,,
acc,1778675485.0,230.0,-5.918400266772313,0.06500683248852368,-9.815004024448358,,,,,,,,,,
acc,1778675485.0,230.0,-5.920987599794601,0.06384816027018454,-9.815194254378925,,,,,,,,,,
acc,1778675485.0,230.0,-5.920782688463362,0.06337445538297339,-9.814708317348424,,,,,,,,,,
acc,1778675485.0,230.0,-5.921964001093703,0.06187565500899553,-9.81490123440987,,,,,,,,,,
acc,1778675485.0,230.0,-5.923489549852997,0.06074543623712559,-9.817967623471894,,,,,,,,,,
acc,1778675485.0,230.0,-5.927769968626919,0.05820562257078774,-9.817172511384657,,,,,,,,,,
acc,1778675485.0,230.0,-5.928532825079265,0.0571087538933715,-9.820857195895611,,,,,,,,,,
acc,1778675485.0,230.0,-5.929288749348805,0.052188216177585234,-9.820035825866006,,,,,,,,,,
acc,1778675485.0,230.0,-5.932132108085704,0.05426973226612108,-9.820535292913036,,,,,,,,,,
acc,1778675485.0,230.0,-5.934949628825994,0.05249869689910114,-9.823550484491092,,,,,,,,,,
acc,1778675485.0,230.0,-5.937741546363222,0.05319302062137757,-9.824053507710298,,,,,,,,,,
acc,1778675485.0,230.0,-5.940153122478412,0.055939844215974595,-9.82767566363859,,,,,,,,,,
acc,1778675485.0,230.0,-5.940803451496168,0.054153632315955845,-9.829525571762282,,,,,,,,,,
acc,1778675485.0,230.0,-5.9393535672372275,0.058986030340729204,-9.827880003977155,,,,,,,,,,
acc,1778675485.0,230.0,-5.939656191044803,0.06065081195018787,-9.829408587799442,,,,,,,,,,
acc,1778675485.0,230.0,-5.9385716938931585,0.062300465457695194,-9.831278242958494,,,,,,,,,,
acc,1778675485.0,230.0,-5.93749705171789,0.06219578648373661,-9.828906806657821,,,,,,,,,,
acc,1778675485.0,230.0,-5.936432174965432,0.06454132417115155,-9.830390565416765,,,,,,,,,,
acc,1778675485.0,230.0,-5.934702545678379,0.06370634953841853,-9.828772631683503,,,,,,,,,,
acc,1778675485.0,230.0,-5.932278701107267,0.0663576370417434,-9.831996942465715,,,,,,,,,,
acc,1778675485.0,230.0,-5.930906282441162,0.06621608998959706,-9.831322813647567,,,,,,,,,,
acc,1778675485.0,230.0,-5.930611238674537,0.06188723101775215,-9.835908321536618,,,,,,,,,,
acc,1778675485.0,230.0,-5.928934505044967,0.06214127803830907,-9.837683418345398,,,,,,,,,,
acc,1778675485.0,230.0,-5.92482373362236,0.05437077285743408,-9.840542782503169,,,,,,,,,,
acc,1778675485.0,230.0,-5.922489659189967,0.05536755218526895,-9.838832594179001,,,,,,,,,,
acc,1778675485.0,230.0,-5.920531756603591,0.05568084442703497,-9.839516214177298,,,,,,,,,,
acc,1778675485.0,230.0,-5.919621045837749,0.058405060789203746,-9.837424889187913,,,,,,,,,,
acc,1778675485.0,230.0,-5.9166243162912355,0.06355378722928814,-9.837056406746303,,,,,,,,,,
acc,1778675485.0,230.0,-5.916459054724301,0.06379269002235237,-9.83669127275577,,,,,,,,,,
acc,1778675485.0,230.0,-5.913171591206301,0.0661237164054796,-9.835690512850519,,,,,,,,,,
acc,1778675485.0,230.0,-5.912327763281996,0.06736866598215668,-9.836083217948026,,,,,,,,,,
acc,1778675485.0,230.0,-5.9097522705951535,0.07034163527328022,-9.839951029054836,,,,,,,,,,
acc,1778675485.0,230.0,-5.908265085299625,0.07119328516427721,-9.835441981810522,,,,,,,,,,
acc,1778675485.0,230.0,-5.907110881687669,0.07203719599461916,-9.838605687255086,,,,,,,,,,
acc,1778675485.0,230.0,-5.905647699059596,0.07532271257609433,-9.838616939973916,,,,,,,,,,
acc,1778675485.0,230.0,-5.9041978125749095,0.074389765989029,-9.842106755916795,,,,,,,,,,
acc,1778675485.0,230.0,-5.902761101409687,0.07555960082760069,-9.843861021041052,,,,,,,,,,
acc,1778675485.0,230.0,-5.900627513181118,0.0763638343428705,-9.845918812338773,,,,,,,,,,
acc,1778675485.0,230.0,-5.896773971340884,0.07716075967673333,-9.851117111338214,,,,,,,,,,
acc,1778675485.0,230.0,-5.895404721647929,0.07866038498281044,-9.847535996461794,,,,,,,,,,
acc,1778675485.0,230.0,-5.89436738193989,0.0797914121145775,-9.85403297302117,,,,,,,,,,
acc,1778675485.0,230.0,-5.89614370494141,0.0805571905749273,-9.854258997649477,,,,,,,,,,
acc,1778675485.0,230.0,-5.893360317258773,0.08341031390389472,-9.859026537351658,,,,,,,,,,
acc,1778675485.0,230.0,-5.891312155259994,0.08346877769715162,-9.860982020951383,,,,,,,,,,
acc,1778675485.0,230.0,-5.8871883015915945,0.08526604295256744,-9.861854831276105,,,,,,,,,,
acc,1778675485.0,230.0,-5.884166825476713,0.08459771082613754,-9.862719710252541,,,,,,,,,,
acc,1778675485.0,230.0,-5.88010790241003,0.08602975552551809,-9.862511835517472,,,,,,,,,,
acc,1778675485.0,230.0,-5.876440825122163,0.08397011249306294,-9.860956973184587,,,,,,,,,,
acc,1778675485.0,230.0,-5.873162041943186,0.08192918572197833,-9.862539943772763,,,,,,,,,,
acc,1778675485.0,230.0,-5.869913053520824,0.08374044145762312,-9.862653170022565,,,,,,,,,,
acc,1778675485.0,230.0,-5.866338618236384,0.08241153439285398,-9.862445899948142,,,,,,,,,,
acc,1778675485.0,230.0,-5.863506606078898,0.085602777900482,-9.860146209771319,,,,,,,,,,
acc,1778675485.0,230.0,-5.8596354252871885,0.08631574767416639,-9.85893231163086,,,,,,,,,,
acc,1778675485.0,230.0,-5.854770022378772,0.08911654218524254,-9.860498186233443,,,,,,,,,,
acc,1778675485.0,230.0,-5.852362603072303,0.0943411508623435,-9.857186795131053,,,,,,,,,,
acc,1778675485.0,230.0,-5.84965759289723,0.09848888272620786,-9.860472369842528,,,,,,,,,,
acc,1778675485.0,230.0,-5.84697716352383,0.10117905827654182,-9.857871145990183,,,,,,,,,,
acc,1778675485.0,230.0,-5.8418718171255914,0.10874332765705501,-9.861185996268997,,,,,,,,,,
acc,1778675485.0,230.0,-5.838197234654669,0.11134031964987456,-9.856803451429538,,,,,,,,,,
acc,1778675485.0,230.0,-5.833526643553207,0.11323927412867016,-9.856258873326617,,,,,,,,,,
acc,1778675485.0,230.0,-5.82957293304735,0.11164230710893862,-9.854370376390687,,,,,,,,,,
acc,1778675485.0,230.0,-5.8246257412995845,0.11179918466696857,-9.853492937108658,,,,,,,,,,
acc,1778675485.0,230.0,-5.820433438015775,0.11472337852953085,-9.85091963288239,,,,,,,,,,
acc,1778675485.0,230.0,-5.814859365475144,0.11275796346971884,-9.851883881507831,,,,,,,,,,
acc,1778675485.0,230.0,-5.811075287105165,0.11116537018869077,-9.84968016986111,,,,,,,,,,
acc,1778675485.0,230.0,-5.806651156891371,0.10749294544048486,-9.851330119944341,,,,,,,,,,
acc,1778675485.0,230.0,-5.80120232584566,0.10349893074347198,-9.849521905634736,,,,,,,,,,
acc,1778675485.0,230.0,-5.793389238080334,0.1019904755711689,-9.84808508459854,,,,,,,,,,
acc,1778675485.0,230.0,-5.788060919923127,0.10255452807214924,-9.84556092227911,,,,,,,,,,
acc,1778675485.0,230.0,-5.782106582643252,0.10485279674994653,-9.842349773811943,,,,,,,,,,
acc,1778675485.0,230.0,-5.777945695048412,0.10819507516883489,-9.839558261634899,,,,,,,,,,
acc,1778675485.0,230.0,-5.772402752721588,0.1146306854854782,-9.83920588731211,,,,,,,,,,
acc,1778675485.0,230.0,-5.766910179877624,0.1203333853234887,-9.836442944066897,,,,,,,,,,
acc,1778675485.0,230.0,-5.761822480581372,0.12736862578413724,-9.835089478999887,,,,,,,,,,
acc,1778675485.0,230.0,-5.7574909465571915,0.1266726634699621,-9.832363942126193,,,,,,,,,,
acc,1778675485.0,230.0,-5.752133879356571,0.12562806368235047,-9.831686478350266,,,,,,,,,,
acc,1778675485.0,230.0,-5.747890386989919,0.12530288896252634,-9.826542599660026,,,,,,,,,,
acc,1778675485.0,230.0,-5.741946123116129,0.12359629822075872,-9.824604662104512,,,,,,,,,,
acc,1778675485.0,230.0,-5.735345942944459,0.12190521550479926,-9.818850698573312,,,,,,,,,,
acc,1778675486.0,231.0,-5.729870633945012,0.1195195672464525,-9.819360935015615,,,,,,,,,,
acc,1778675486.0,231.0,-5.725829450763086,0.11924990127615001,-9.816032898589034,,,,,,,,,,
acc,1778675486.0,231.0,-5.718701286736255,0.11827275315353378,-9.816249273349824,,,,,,,,,,
acc,1778675486.0,231.0,-5.713696706531666,0.11868884635139025,-9.81195560732181,,,,,,,,,,
acc,1778675486.0,231.0,-5.708418127133422,0.11633242568539838,-9.811215127288845,,,,,,,,,,
acc,1778675486.0,231.0,-5.703861953198376,0.11470735078308227,-9.807996607303725,,,,,,,,,,
acc,1778675486.0,231.0,-5.698317781783705,0.11515584328340962,-9.806582170606479,,,,,,,,,,
acc,1778675486.0,231.0,-5.692114058376863,0.11528079285274238,-9.804825616225564,,,,,,,,,,
acc,1778675486.0,231.0,-5.686321679926322,0.11955771976598069,-9.801629664250123,,,,,,,,,,
acc,1778675486.0,231.0,-5.679552528470771,0.12170147808522418,-9.801976923186182,,,,,,,,,,
acc,1778675486.0,231.0,-5.672489927451179,0.12453568841949947,-9.800262217324539,,,,,,,,,,
acc,1778675486.0,231.0,-5.665491505262053,0.12489486946059745,-9.797853160589097,,,,,,,,,,
acc,1778675486.0,231.0,-5.656817345999059,0.12319198645424052,-9.798589698911876,,,,,,,,,,
acc,1778675486.0,231.0,-5.648576971796279,0.12043967427370313,-9.792681680818436,,,,,,,,,,
acc,1778675486.0,231.0,-5.639701546369109,0.1190967436579727,-9.792364815223086,,,,,,,,,,
acc,1778675486.0,231.0,-5.630196840515779,0.12021529086860501,-9.788288190569734,,,,,,,,,,
acc,1778675486.0,231.0,-5.619039172535468,0.12061373195728782,-9.788366220090431,,,,,,,,,,
acc,1778675486.0,231.0,-5.610787132030856,0.1217184940857254,-9.78500036950525,,,,,,,,,,
acc,1778675486.0,231.0,-5.601900137228404,0.12281321708823245,-9.785853702910972,,,,,,,,,,
acc,1778675486.0,231.0,-5.593803841502819,0.120064346840486,-9.784604987481192,,,,,,,,,,
acc,1778675486.0,231.0,-5.585781117933784,0.1190797977427287,-9.783367619300845,,,,,,,,,,
acc,1778675486.0,231.0,-5.57644692703873,0.11742975709752924,-9.781431553527534,,,,,,,,,,
acc,1778675486.0,231.0,-5.566842586360246,0.11508477795825907,-9.777738253991874,,,,,,,,,,
acc,1778675486.0,231.0,-5.558354921708394,0.1120511753270252,-9.77659877912596,,,,,,,,,,
acc,1778675486.0,231.0,-5.5495894238595085,0.11046500474317658,-9.777528458940271,,,,,,,,,,
acc,1778675486.0,231.0,-5.541968482803657,0.10992264796754306,-9.777065319704638,,,,,,,,,,
acc,1778675486.0,231.0,-5.534061823426778,0.11112456144759116,-9.78285379631645,,,,,,,,,,
acc,1778675486.0,231.0,-5.528321316515721,0.11057621118948287,-9.781312864949497,,,,,,,,,,
acc,1778675486.0,231.0,-5.520538670822068,0.10272054221360948,-9.785642878249709,,,,,,,,,,
acc,1778675486.0,231.0,-5.512471776239811,0.09529122056202352,-9.786490373088267,,,,,,,,,,
acc,1778675486.0,231.0,-5.504478186641474,0.08931378110123751,-9.790453870240924,,,,,,,,,,
acc,1778675486.0,231.0,-5.495527835838264,0.0899930284661041,-9.795055788828007,,,,,,,,,,
acc,1778675486.0,231.0,-5.483854590995127,0.09556464317547969,-9.798941450866373,,,,,,,,,,
acc,1778675486.0,231.0,-5.470548080755195,0.10246999877285995,-9.805880012612775,,,,,,,,,,
acc,1778675486.0,231.0,-5.45214448143563,0.10444955905407997,-9.81279101705171,,,,,,,,,,
acc,1778675486.0,231.0,-5.430429452771037,0.10467179810273357,-9.818290352768381,,,,,,,,,,
acc,1778675486.0,231.0,-5.404403677034406,0.09931904868618475,-9.824059182678871,,,,,,,,,,
acc,1778675486.0,231.0,-5.376875068416728,0.09227560774710433,-9.826687381183113,,,,,,,,,,
acc,1778675486.0,231.0,-5.3481767507837095,0.0898042369715128,-9.833409306193039,,,,,,,,,,
acc,1778675486.0,231.0,-5.319419751305144,0.0890946656644211,-9.836946444530808,,,,,,,,,,
acc,1778675486.0,231.0,-5.2909240706468115,0.09084080766282226,-9.8411613730438,,,,,,,,,,
acc,1778675486.0,231.0,-5.261622430666346,0.09395545314595473,-9.847467797837187,,,,,,,,,,
acc,1778675486.0,231.0,-5.231912629537627,0.09633186277712029,-9.852297050000914,,,,,,,,,,
acc,1778675486.0,231.0,-5.199668569273608,0.09556297403534116,-9.85850228336195,,,,,,,,,,
acc,1778675486.0,231.0,-5.164948773396922,0.09203233045686895,-9.859752598247889,,,,,,,,,,
acc,1778675486.0,231.0,-5.128450186624363,0.08505510493753929,-9.862659895322704,,,,,,,,,,
acc,1778675486.0,231.0,-5.089479031348495,0.0798806151213639,-9.862417069778326,,,,,,,,,,
acc,1778675486.0,231.0,-5.049477641417466,0.08206544824067147,-9.86121803948939,,,,,,,,,,
acc,1778675486.0,231.0,-5.008100416940036,0.083520503928881,-9.862443675924654,,,,,,,,,,
acc,1778675486.0,231.0,-4.963975489397953,0.08425239559994399,-9.859789035138318,,,,,,,,,,
acc,1778675486.0,231.0,-4.919186627655434,0.0870719400251413,-9.856484088247832,,,,,,,,,,
acc,1778675486.0,231.0,-4.874130339284009,0.08397342650801422,-9.854274068279128,,,,,,,,,,
acc,1778675486.0,231.0,-4.828099112701018,0.0798381661096869,-9.848250494820785,,,,,,,,,,
acc,1778675486.0,231.0,-4.783160607411159,0.07921915786268362,-9.844659935014144,,,,,,,,,,
acc,1778675486.0,231.0,-4.738630464514477,0.08243941087396896,-9.840782535704193,,,,,,,,,,
acc,1778675486.0,231.0,-4.6896419368677025,0.08598536277755532,-9.83342620202698,,,,,,,,,,
acc,1778675486.0,231.0,-4.636555005843301,0.08914413035199562,-9.825178305035212,,,,,,,,,,
acc,1778675486.0,231.0,-4.581181750336037,0.09088982285461453,-9.818318730928528,,,,,,,,,,
acc,1778675486.0,231.0,-4.525601746597516,0.09261965200880481,-9.810847061526948,,,,,,,,,,
acc,1778675486.0,231.0,-4.470881767790202,0.09678302729500628,-9.804117717405614,,,,,,,,,,
acc,1778675486.0,231.0,-4.417368969611161,0.0973944005883741,-9.798194959846754,,,,,,,,,,
acc,1778675486.0,231.0,-4.3636325169684325,0.09871015997297453,-9.79264549061737,,,,,,,,,,
acc,1778675486.0,231.0,-4.3107393457406005,0.1034926282504942,-9.78824684803965,,,,,,,,,,
acc,1778675486.0,231.0,-4.256232518498784,0.10613733402752437,-9.784207643948397,,,,,,,,,,
acc,1778675486.0,231.0,-4.201866040534417,0.1056343033944665,-9.778110841109665,,,,,,,,,,
acc,1778675486.0,231.0,-4.146254256472623,0.10584577650735379,-9.777677913136518,,,,,,,,,,
acc,1778675486.0,231.0,-4.090473386080928,0.10570036615989106,-9.774409188690793,,,,,,,,,,
acc,1778675486.0,231.0,-4.03377953887285,0.10591123895129388,-9.773619432920963,,,,,,,,,,
acc,1778675486.0,231.0,-3.976216514641756,0.10576523373760865,-9.771097521081627,,,,,,,,,,
acc,1778675486.0,231.0,-3.917437231769825,0.10597551706836378,-9.767214155288809,,,,,,,,,,
acc,1778675486.0,231.0,-3.8578077225161636,0.10721329866445749,-9.7650699165049,,,,,,,,,,
acc,1778675486.0,231.0,-3.7980101421947787,0.10946923242032014,-9.763335627936444,,,,,,,,,,
acc,1778675486.0,231.0,-3.739110912502275,0.11450889329544667,-9.762291537364035,,,,,,,,,,
acc,1778675486.0,231.0,-3.681456840864499,0.1202126998015589,-9.763351229049778,,,,,,,,,,
acc,1778675486.0,231.0,-3.6243266797216784,0.1241253332564407,-9.764401291171126,,,,,,,,,,
acc,1778675486.0,231.0,-3.56807063908875,0.12555314674703363,-9.764696384236501,,,,,,,,,,
acc,1778675486.0,231.0,-3.511260901351589,0.12522865281163717,-9.766799126245779,,,,,,,,,,
acc,1778675486.0,231.0,-3.4546124397558033,0.1283857729731617,-9.768492295126709,,,,,,,,,,
acc,1778675486.0,231.0,-3.3991886831740628,0.1328985748617605,-9.769460145312113,,,,,,,,,,
acc,1778675486.0,231.0,-3.3449785025429772,0.1373703682976774,-9.772584492779087,,,,,,,,,,
acc,1778675486.0,231.0,-3.291580404708654,0.14112708765395102,-9.774225089237081,,,,,,,,,,
acc,1778675486.0,231.0,-3.2393774753845115,0.14552410746011266,-9.778264548332817,,,,,,,,,,
acc,1778675486.0,231.0,-3.1869389886366983,0.14537309642855012,-9.781912338532463,,,,,,,,,,
acc,1778675486.0,231.0,-3.133592646731635,0.14312916319319727,-9.785243007705343,,,,,,,,,,
acc,1778675486.0,231.0,-3.0814410030230954,0.14126058266295607,-9.7885789049885,,,,,,,,,,
acc,1778675486.0,231.0,-3.0297632684875544,0.13940898218148795,-9.789754690604585,,,,,,,,,,
acc,1778675486.0,231.0,-2.9799395075593713,0.13860360749947281,-9.793653030072393,,,,,,,,,,
acc,1778675486.0,231.0,-2.9312784346485925,0.13709561873199902,-9.797196477377776,,,,,,,,,,
acc,1778675486.0,231.0,-2.8819946481149668,0.13354253316503018,-9.801772619299848,,,,,,,,,,
acc,1778675486.0,231.0,-2.833868651863926,0.1310511350267656,-9.805206788419104,,,,,,,,,,
acc,1778675486.0,231.0,-2.7854700414491314,0.12893734742828325,-9.81038457781694,,,,,,,,,,
acc,1778675486.0,231.0,-2.7382211775993404,0.12648779724739442,-9.813492010188176,,,,,,,,,,
acc,1778675486.0,231.0,-2.6934959651466666,0.12406050646652753,-9.816571204893275,,,,,,,,,,
acc,1778675486.0,231.0,-2.6494966442766534,0.12548890904557108,-9.820971285996542,,,,,,,,,,
acc,1778675486.0,231.0,-2.6058971512980156,0.13002803513158362,-9.82288211763442,,,,,,,,,,
acc,1778675486.0,231.0,-2.5634037946425714,0.1348808753277873,-9.824811079641924,,,,,,,,,,
acc,1778675486.0,231.0,-2.5216515427484207,0.13933465532211806,-9.828071389457557,,,,,,,,,,
acc,1778675486.0,231.0,-2.479923737545738,0.14200863051801835,-9.828533330565435,,,,,,,,,,
acc,1778675486.0,231.0,-2.4382201477968954,0.14394837429710247,-9.829346044812276,,,,,,,,,,
acc,1778675486.0,231.0,-2.396895524314134,0.14729035662869908,-9.83121626822283,,,,,,,,,,
acc,1778675486.0,231.0,-2.3570113177887353,0.14744276286209282,-9.831259175249848,,,,,,,,,,
acc,1778675486.0,231.0,-2.3174895445432906,0.1493331259318285,-9.83481585210609,,,,,,,,,,
acc,1778675486.0,231.0,-2.2803857202835722,0.15503994724443604,-9.835181010992821,,,,,,,,,,
acc,1778675486.0,231.0,-2.2429446253113627,0.15757120628874902,-9.837708143897311,,,,,,,,,,
acc,1778675486.0,231.0,-2.205133830092085,0.15486145628995981,-9.84053178889829,,,,,,,,,,
acc,1778675486.0,231.0,-2.167666626778374,0.1473132938808935,-9.842655336772541,,,,,,,,,,
acc,1778675486.0,231.0,-2.1333441292853705,0.14086312271333143,-9.846818387774183,,,,,,,,,,
acc,1778675486.0,231.0,-2.1014278286023624,0.13901513400710713,-9.849594741093911,,,,,,,,,,
acc,1778675486.0,231.0,-2.069091623105365,0.13856830913983764,-9.854724132822039,,,,,,,,,,
acc,1778675486.0,231.0,-2.0353099193905,0.1412492482277113,-9.857712618601601,,,,,,,,,,
acc,1778675486.0,231.0,-2.0018351946714126,0.14600011971190924,-9.856804807920705,,,,,,,,,,
acc,1778675486.0,231.0,-1.967954735839374,0.15383152296819125,-9.858744977182157,,,,,,,,,,
acc,1778675486.0,231.0,-1.9350920769526443,0.16194673204542212,-9.857863288763836,,,,,,,,,,
acc,1778675486.0,231.0,-1.9035574547112442,0.16512516081935324,-9.860148810325189,,,,,,,,,,
acc,1778675486.0,231.0,-1.8730193245618998,0.16618040322712227,-9.86205859217601,,,,,,,,,,
acc,1778675486.0,231.0,-1.84204876597302,0.1651317529558142,-9.862566657752556,,,,,,,,,,
acc,1778675486.0,231.0,-1.812069573751972,0.166861373735165,-9.864809439151875,,,,,,,,,,
acc,1778675486.0,231.0,-1.7816528739454245,0.1699951424827365,-9.864902042181862,,,,,,,,,,
acc,1778675486.0,231.0,-1.7511931074662408,0.17551420520179173,-9.866449163345813,,,,,,,,,,
acc,1778675486.0,231.0,-1.7213296004953176,0.1789243062519059,-9.865497465926923,,,,,,,,,,
acc,1778675486.0,231.0,-1.6920924291003014,0.18230341924399787,-9.867039176393197,,,,,,,,,,
acc,1778675486.0,231.0,-1.6631209399094768,0.18249262781608838,-9.8698802593145,,,,,,,,,,
acc,1778675486.0,231.0,-1.6333833185828446,0.1760777389733394,-9.87209207536868,,,,,,,,,,
acc,1778675486.0,231.0,-1.6032059944826955,0.17110551401950178,-9.871408567445181,,,,,,,,,,
acc,1778675486.0,231.0,-1.572592963248702,0.16791780504302034,-9.871831668508548,,,,,,,,,,
acc,1778675486.0,231.0,-1.5433230112557659,0.1713969356270214,-9.869127221199868,,,,,,,,,,
acc,1778675486.0,231.0,-1.5146740102098197,0.1786425927415482,-9.868506149674575,,,,,,,,,,
acc,1778675486.0,231.0,-1.4880246792670353,0.18514796929666064,-9.868245692772883,,,,,,,,,,
acc,1778675486.0,231.0,-1.4619724853266922,0.1884705270047229,-9.865218860858738,,,,,,,,,,
acc,1778675486.0,231.0,-1.4354470986264718,0.18966858862811797,-9.866017676052268,,,,,,,,,,
acc,1778675487.0,232.0,-1.408133351720203,0.19295006684552773,-9.863721023068075,,,,,,,,,,
acc,1778675487.0,232.0,-1.3807128377335611,0.1920131278155384,-9.863113584049906,,,,,,,,,,
acc,1778675487.0,232.0,-1.3535414977347524,0.18689609578974142,-9.860097893954903,,,,,,,,,,
acc,1778675487.0,232.0,-1.3269720383064476,0.1828904664348264,-9.857464569625112,,,,,,,,,,
acc,1778675487.0,232.0,-1.29993407749387,0.18030560769553025,-9.852086441943602,,,,,,,,,,
acc,1778675487.0,232.0,-1.2727868525817956,0.18157786506504048,-9.84881599523398,,,,,,,,,,
acc,1778675487.0,232.0,-1.2448569181932052,0.18631723571113004,-9.846995132793902,,,,,,,,,,
acc,1778675487.0,232.0,-1.218210187014513,0.19065856818230723,-9.844480875059622,,,,,,,,,,
acc,1778675487.0,232.0,-1.1914506365787234,0.192156223274955,-9.840924570322983,,,,,,,,,,
acc,1778675487.0,232.0,-1.1656441774115216,0.1936402689694772,-9.836087209114677,,,,,,,,,,
acc,1778675487.0,232.0,-1.1404271959545242,0.19688565597986024,-9.834027044046321,,,,,,,,,,
acc,1778675487.0,232.0,-1.1154393646815806,0.19868168644180545,-9.828542428974647,,,,,,,,,,
acc,1778675487.0,232.0,-1.0903236304124195,0.20117132876234892,-9.82239772072081,,,,,,,,,,
acc,1778675487.0,232.0,-1.064371231871529,0.20225397645056808,-9.81630885027728,,,,,,,,,,
acc,1778675487.0,232.0,-1.036240895392761,0.20364626247111658,-9.809920339377229,,,,,,,,,,
acc,1778675487.0,232.0,-1.0087211449301834,0.2022571547776847,-9.801531081658473,,,,,,,,,,
acc,1778675487.0,232.0,-0.9817709467317258,0.20364941191628316,-9.795986791012117,,,,,,,,,,
acc,1778675487.0,232.0,-0.9550656486965088,0.20297020823819484,-9.789427987690024,,,,,,,,,,
acc,1778675487.0,232.0,-0.9275736253344428,0.198108578576207,-9.782573814256217,,,,,,,,,,
acc,1778675487.0,232.0,-0.8999764549145619,0.1957403925305644,-9.776136896501436,,,,,,,,,,
acc,1778675487.0,232.0,-0.8719556255088285,0.1923288230221067,-9.769048539270232,,,,,,,,,,
acc,1778675487.0,232.0,-0.8452188343751753,0.19349182377765065,-9.759930291373452,,,,,,,,,,
acc,1778675487.0,232.0,-0.81907996591907,0.2008916633702295,-9.755793441974056,,,,,,,,,,
acc,1778675487.0,232.0,-0.7938530632357143,0.20928916309672876,-9.7499548429247,,,,,,,,,,
acc,1778675487.0,232.0,-0.7688554008917959,0.21690042095189566,-9.74487923266376,,,,,,,,,,
acc,1778675487.0,232.0,-0.7444398575225122,0.2202539162577868,-9.740559677807006,,,,,,,,,,
acc,1778675487.0,232.0,-0.7181518780148779,0.2208081960713267,-9.731700312118674,,,,,,,,,,
acc,1778675487.0,232.0,-0.6914283518103732,0.21890817375022809,-9.724021850562062,,,,,,,,,,
acc,1778675487.0,232.0,-0.6642377333347399,0.21667044633279764,-9.716058193382363,,,,,,,,,,
acc,1778675487.0,232.0,-0.6376491615280984,0.21306868254339345,-9.707102008644036,,,,,,,,,,
acc,1778675487.0,232.0,-0.6130415455057797,0.2108840193868565,-9.701315410135097,,,,,,,,,,
acc,1778675487.0,232.0,-0.5883025714187825,0.20871920856533205,-9.694871471696406,,,,,,,,,,
acc,1778675487.0,232.0,-0.5627590037484506,0.20692904053876515,-9.689905955482994,,,,,,,,,,
acc,1778675487.0,232.0,-0.5363826505004214,0.20622003442388204,-9.685730988593836,,,,,,,,,,
acc,1778675487.0,232.0,-0.5106009536681663,0.2044525767369798,-9.680138591487683,,,,,,,,,,
acc,1778675487.0,232.0,-0.48437910039149307,0.20617984554714858,-9.6763718493942,,,,,,,,,,
acc,1778675487.0,232.0,-0.45906996698179486,0.21034068374504547,-9.672319868791185,,,,,,,,,,
acc,1778675487.0,232.0,-0.4339908211533387,0.21549312096854067,-9.669973043969755,,,,,,,,,,
acc,1778675487.0,232.0,-0.40949453475097003,0.2220186025543225,-9.66594370674591,,,,,,,,,,
acc,1778675487.0,232.0,-0.38522084947711344,0.22880425360389062,-9.664755220842428,,,,,,,,,,
acc,1778675487.0,232.0,-0.3608127807509727,0.23275950068969942,-9.660808802143126,,,,,,,,,,
acc,1778675487.0,232.0,-0.3369814732808222,0.23422954058331208,-9.658247112556033,,,,,,,,,,
acc,1778675487.0,232.0,-0.3137216950448152,0.2315331183820878,-9.655069766567596,,,,,,,,,,
acc,1778675487.0,232.0,-0.2899633489828132,0.227796295445534,-9.653270161021684,,,,,,,,,,
acc,1778675487.0,232.0,-0.26677586005742854,0.22515833302893196,-9.651131946965576,,,,,,,,,,
acc,1778675487.0,232.0,-0.2434441172639187,0.22183440950569872,-9.649013163155095,,,,,,,,,,
acc,1778675487.0,232.0,-0.2203243932306973,0.22028002361591303,-9.648333498293795,,,,,,,,,,
acc,1778675487.0,232.0,-0.19674032303959038,0.21629049732780534,-9.648334447915191,,,,,,,,,,
acc,1778675487.0,232.0,-0.17337056454257344,0.21549642236594435,-9.648370883267184,,,,,,,,,,
acc,1778675487.0,232.0,-0.1498582084861207,0.2147095632726305,-9.648406987526114,,,,,,,,,,
acc,1778675487.0,232.0,-0.12829884513003384,0.2205322325198093,-9.650466069436941,,,,,,,,,,
acc,1778675487.0,232.0,-0.1079647947262361,0.22527259032148775,-9.652861401960477,,,,,,,,,,
acc,1778675487.0,232.0,-0.08852545527345991,0.2313542336606414,-9.655234967767463,,,,,,,,,,
acc,1778675487.0,232.0,-0.06890780200204533,0.23248208163546716,-9.660036239059027,,,,,,,,,,
acc,1778675487.0,232.0,-0.04911344618708197,0.23569398424360502,-9.66269957699389,,,,,,,,,,
acc,1778675487.0,232.0,-0.02882452613523613,0.23855722334954946,-9.667113548939616,,,,,,,,,,
acc,1778675487.0,232.0,-0.008719974294275706,0.24032954939940968,-9.671806877928017,,,,,,,,,,
acc,1778675487.0,232.0,0.011201884715129486,0.2420857700783544,-9.673653321811996,,,,,,,,,,
acc,1778675487.0,232.0,0.030268272773488557,0.24347106087736325,-9.678287222983565,,,,,,,,,,
acc,1778675487.0,232.0,0.048451469303234095,0.24310443066572657,-9.682879015256969,,,,,,,,,,
acc,1778675487.0,232.0,0.06820876530412275,0.24345106470765737,-9.689203908323845,,,,,,,,,,
acc,1778675487.0,232.0,0.08849645666945391,0.24379454883830798,-9.691957166491713,,,,,,,,,,
acc,1778675487.0,232.0,0.10927422926356749,0.2451643117293461,-9.696744205519389,,,,,,,,,,
acc,1778675487.0,232.0,0.12883379132846753,0.2486159309393721,-9.703298074553418,,,,,,,,,,
acc,1778675487.0,232.0,0.1471862129110265,0.2510067847622813,-9.710147349450478,,,,,,,,,,
acc,1778675487.0,232.0,0.1636325217416275,0.25823894884045717,-9.718993193226288,,,,,,,,,,
acc,1778675487.0,232.0,0.17992938069878767,0.2657603641083132,-9.72669375010637,,,,,,,,,,
acc,1778675487.0,232.0,0.1957231860805127,0.27214852774471354,-9.733330425277494,,,,,,,,,,
acc,1778675487.0,232.0,0.21101850011679454,0.27815917384468336,-9.740900697755304,,,,,,,,,,
acc,1778675487.0,232.0,0.22688475616215265,0.2802815641505589,-9.747017807215835,,,,,,,,,,
acc,1778675487.0,232.0,0.24189690071934708,0.2785510317782834,-9.751304502618073,,,,,,,,,,
acc,1778675487.0,232.0,0.25641766607782035,0.27545185408338535,-9.759740851314616,,,,,,,,,,
acc,1778675487.0,232.0,0.27045150838089427,0.2727003064566758,-9.764976834157848,,,,,,,,,,
acc,1778675487.0,232.0,0.28368338495180323,0.2713936277907467,-9.772578998773232,,,,,,,,,,
acc,1778675487.0,232.0,0.2964400598643858,0.2749618593667453,-9.78082202319315,,,,,,,,,,
acc,1778675487.0,232.0,0.3108201457972765,0.27746826588308543,-9.787676759926157,,,,,,,,,,
acc,1778675487.0,232.0,0.32471459613524073,0.2802713728389853,-9.79340431231459,,,,,,,,,,
acc,1778675487.0,232.0,0.3370984147808012,0.2858532346658577,-9.799789750279896,,,,,,,,,,
acc,1778675487.0,232.0,0.3500796325950205,0.28893510802918393,-9.806436630304605,,,,,,,,,,
acc,1778675487.0,232.0,0.36187799388733755,0.2923439377583608,-9.812313176580851,,,,,,,,,,
acc,1778675487.0,232.0,0.37285920012429574,0.2932725256659736,-9.820585587188079,,,,,,,,,,
acc,1778675487.0,232.0,0.3830661894406338,0.2941926753673811,-9.826724025165099,,,,,,,,,,
acc,1778675487.0,232.0,0.39247049380507837,0.2985831379930201,-9.83486548240651,,,,,,,,,,
acc,1778675487.0,232.0,0.40249927259479323,0.3029337038801091,-9.841513091836244,,,,,,,,,,
acc,1778675487.0,232.0,0.4141762511725059,0.30724473557580667,-9.846396455201427,,,,,,,,,,
acc,1778675487.0,232.0,0.42574711943768945,0.3115165923327554,-9.84981557750272,,,,,,,,,,
acc,1778675487.0,232.0,0.43650290899515515,0.3140102974569792,-9.85352309718238,,,,,,,,,,
acc,1778675487.0,232.0,0.4478708918458017,0.31371260012230845,-9.85481865861085,,,,,,,,,,
acc,1778675487.0,232.0,0.4580706687757727,0.31132330446162293,-9.857522312362603,,,,,,,,,,
acc,1778675487.0,232.0,0.4685327297887092,0.30895572065966664,-9.860165903280432,,,,,,,,,,
acc,1778675487.0,232.0,0.48031958588075724,0.3062546896442578,-9.861756062388567,,,,,,,,,,
acc,1778675487.0,232.0,0.49267377146245156,0.307056868633672,-9.861556944459963,,,,,,,,,,
acc,1778675487.0,232.0,0.505270654631844,0.3120403651974384,-9.863489433845977,,,,,,,,,,
acc,1778675487.0,232.0,0.5173981064154781,0.31942784135776076,-9.863984497166415,,,,,,,,,,
acc,1778675487.0,232.0,0.5280309834660875,0.3263932247312706,-9.864830023551804,,,,,,,,,,
acc,1778675487.0,232.0,0.5382122763250334,0.3287517438480065,-9.865987343023216,,,,,,,,,,
acc,1778675487.0,232.0,0.5493659447812838,0.3300594216417945,-9.865359309644184,,,,,,,,,,
acc,1778675487.0,232.0,0.5618026292245979,0.3302903219796782,-9.86509195415162,,,,,,,,,,
acc,1778675487.0,232.0,0.5748007380778237,0.3301996475936601,-9.862413248111908,,,,,,,,,,
acc,1778675487.0,232.0,0.5873612548250499,0.3307842354525222,-9.860504319924127,,,,,,,,,,
acc,1778675487.0,232.0,0.5990976997925731,0.33033411103324156,-9.85861273842969,,,,,,,,,,
acc,1778675487.0,232.0,0.6107274940683173,0.33056251523079183,-9.856702851636879,,,,,,,,,,
acc,1778675487.0,232.0,0.6229615394359701,0.33220870915626727,-9.853390454980062,,,,,,,,,,
acc,1778675487.0,232.0,0.6368237541175241,0.33242007862250733,-9.852237947343193,,,,,,,,,,
acc,1778675487.0,232.0,0.6502050300845009,0.3329844891188071,-9.849321085660122,,,,,,,,,,
acc,1778675487.0,232.0,0.6638196794145298,0.3346086742339958,-9.847531127755602,,,,,,,,,,
acc,1778675487.0,232.0,0.6783400105988109,0.33586312929471407,-9.842598237494885,,,,,,,,,,
acc,1778675487.0,232.0,0.6927283935338696,0.33987492676628034,-9.838065134860834,,,,,,,,,,
acc,1778675487.0,232.0,0.7062760946174739,0.3455896011635891,-9.833608719514643,,,,,,,,,,
acc,1778675487.0,232.0,0.7193812184619544,0.35093287811404117,-9.830151211556322,,,,,,,,,,
acc,1778675487.0,232.0,0.7306279124722169,0.35587262911032647,-9.827470549443051,,,,,,,,,,
acc,1778675487.0,232.0,0.7420918827258254,0.36076749190900426,-9.826234112143863,,,,,,,,,,
acc,1778675487.0,232.0,0.7541616018499172,0.3624941708251076,-9.821175274296358,,,,,,,,,,
acc,1778675487.0,232.0,0.7664766126347206,0.362430332130335,-9.817156312492866,,,,,,,,,,
acc,1778675487.0,232.0,0.7800640861288398,0.3616926352723638,-9.812534936721624,,,,,,,,,,
acc,1778675487.0,232.0,0.7935280883800512,0.36199104201504034,-9.807600585167837,,,,,,,,,,
acc,1778675487.0,232.0,0.8065147705279119,0.3657654115453437,-9.804059949294588,,,,,,,,,,
acc,1778675487.0,232.0,0.8190284791330774,0.3670917119038931,-9.801261420301262,,,,,,,,,,
acc,1778675487.0,232.0,0.8311090065311919,0.3656017238118551,-9.797742885845128,,,,,,,,,,
acc,1778675487.0,232.0,0.842724785652484,0.3627409045384892,-9.795321228290918,,,,,,,,,,
acc,1778675487.0,232.0,0.8563293141316166,0.359196149289732,-9.791217738350527,,,,,,,,,,
acc,1778675487.0,232.0,0.8694552455262229,0.3567485092148469,-9.786832069974787,,,,,,,,,,
acc,1778675487.0,232.0,0.881077537953379,0.3588311856808263,-9.784154598733524,,,,,,,,,,
acc,1778675487.0,232.0,0.8918842752873837,0.3626342692607277,-9.781536952402092,,,,,,,,,,
acc,1778675487.0,232.0,0.9022378485374513,0.36988145905995784,-9.780717920025085,,,,,,,,,,
acc,1778675487.0,232.0,0.9111129665332113,0.3750039925520561,-9.780864741635915,,,,,,,,,,
acc,1778675487.0,232.0,0.9202624059700929,0.37692077892684556,-9.778951419876066,,,,,,,,,,
acc,1778675488.0,233.0,0.9303581032384285,0.3802400124680812,-9.775990590326959,,,,,,,,,,
acc,1778675488.0,233.0,0.9410719921494215,0.3793404765922223,-9.772346733609623,,,,,,,,,,
acc,1778675488.0,233.0,0.9516885224763748,0.3759998496068813,-9.769126454340647,,,,,,,,,,
acc,1778675488.0,233.0,0.9618536080695312,0.37375447376660587,-9.766254905606441,,,,,,,,,,
acc,1778675488.0,233.0,0.9705419603088391,0.37326883464757993,-9.76340945103105,,,,,,,,,,
acc,1778675488.0,233.0,0.9784414276607019,0.3706933141428759,-9.762364689622071,,,,,,,,,,
acc,1778675488.0,233.0,0.9859141406042171,0.36988053042944585,-9.761329422103898,,,,,,,,,,
acc,1778675488.0,233.0,0.9933189479760829,0.3697495708677293,-9.758919191295972,,,,,,,,,,
acc,1778675488.0,233.0,1.0013663994776738,0.3706846957611559,-9.758660660489607,,,,,,,,,,
acc,1778675488.0,233.0,1.00898576090571,0.37054642863832393,-9.756594148499568,,,,,,,,,,
acc,1778675488.0,233.0,1.016890845920599,0.3700899414671854,-9.756356745677293,,,,,,,,,,
acc,1778675488.0,233.0,1.025079067199895,0.37137694422670725,-9.755766529306545,,,,,,,,,,
acc,1778675488.0,233.0,1.0345772428058742,0.37300721358838407,-9.756140087641043,,,,,,,,,,
acc,1778675488.0,233.0,1.0432791836351014,0.3732028031996825,-9.754486945664151,,,,,,,,,,
acc,1778675488.0,233.0,1.0515825722289065,0.37339661546124686,-9.754872131751426,,,,,,,,,,
acc,1778675488.0,233.0,1.0591005741529496,0.3746535700187918,-9.754295406271883,,,,,,,,,,
acc,1778675488.0,233.0,1.0669052298187531,0.37554413159655736,-9.753333465442806,,,,,,,,,,
acc,1778675488.0,233.0,1.0749939252771505,0.37713653315269935,-9.753409665950151,,,,,,,,,,
acc,1778675488.0,233.0,1.0822991850118797,0.37729459906844076,-9.751426364830595,,,,,,,,,,
acc,1778675488.0,233.0,1.0895380608453338,0.37745122861743735,-9.751200418923153,,,,,,,,,,
acc,1778675488.0,233.0,1.0980955269253994,0.37693199657799464,-9.749237193535587,,,,,,,,,,
acc,1778675488.0,233.0,1.1062202683592106,0.3749976176034518,-9.747966246521644,,,,,,,,,,
acc,1778675488.0,233.0,1.1146261409221592,0.37276134918350035,-9.748410687100026,,,,,,,,,,
acc,1778675488.0,233.0,1.121926228115869,0.37157481117741353,-9.746792279803287,,,,,,,,,,
acc,1778675488.0,233.0,1.1298344166860506,0.37004408454499077,-9.74554355005714,,,,,,,,,,
acc,1778675488.0,233.0,1.1401200077733555,0.3695921622438217,-9.74288630242203,,,,,,,,,,
acc,1778675488.0,233.0,1.1503121322779428,0.3705287175310605,-9.739543268928058,,,,,,,,,,
acc,1778675488.0,233.0,1.160056668682919,0.37248617134617606,-9.736976041033829,,,,,,,,,,
acc,1778675488.0,233.0,1.1679733224619093,0.3754907319164297,-9.735816512801243,,,,,,,,,,
acc,1778675488.0,233.0,1.1751435982436007,0.3781130187703989,-9.73537745399546,,,,,,,,,,
acc,1778675488.0,233.0,1.181893754968328,0.380001552995664,-9.737036688519787,,,,,,,,,,
acc,1778675488.0,233.0,1.1892570103634283,0.38013358408153003,-9.735166676541084,,,,,,,,,,
acc,1778675488.0,233.0,1.1979732201108308,0.3778506444269217,-9.736117893795099,,,,,,,,,,
acc,1778675488.0,233.0,1.2055453209652234,0.37416858489123117,-9.73571159065864,,,,,,,,,,
acc,1778675488.0,233.0,1.2141135165910029,0.3694905846900209,-9.736267390982505,,,,,,,,,,
acc,1778675488.0,233.0,1.223278281030146,0.36659442680254334,-9.734084902302936,,,,,,,,,,
acc,1778675488.0,233.0,1.2313303639450828,0.3658188902428992,-9.732632178832624,,,,,,,,,,
acc,1778675488.0,233.0,1.2403386765212612,0.36714470463303356,-9.73357093305643,,,,,,,,,,
acc,1778675488.0,233.0,1.2496201001810578,0.36774853853115996,-9.730703014827332,,,,,,,,,,
acc,1778675488.0,233.0,1.2588171822658467,0.3662525817652448,-9.729990955668312,,,,,,,,,,
acc,1778675488.0,233.0,1.2679306891991353,0.3654801515985359,-9.729604834502473,,,,,,,,,,
acc,1778675488.0,233.0,1.276606409579239,0.3633303697029376,-9.72709242417068,,,,,,,,,,
acc,1778675488.0,233.0,1.2845288633064562,0.3629394558531339,-9.727087604133192,,,,,,,,,,
acc,1778675488.0,233.0,1.292024353745002,0.36045779983621545,-9.72708282789605,,,,,,,,,,
acc,1778675488.0,233.0,1.3004811316772678,0.35728876233523665,-9.726758627647692,,,,,,,,,,
acc,1778675488.0,233.0,1.3088610617038212,0.3555328841355067,-9.727395784779395,,,,,,,,,,
acc,1778675488.0,233.0,1.3175198130127592,0.351379199974157,-9.72635880801469,,,,,,,,,,
acc,1778675488.0,233.0,1.3253899484220464,0.3469082900522202,-9.726999598362456,,,,,,,,,,
acc,1778675488.0,233.0,1.3325141285528876,0.3438623788126442,-9.726321192658878,,,,,,,,,,
acc,1778675488.0,233.0,1.3395735702777603,0.341199107961431,-9.726358884355406,,,,,,,,,,
acc,1778675488.0,233.0,1.3469238327440678,0.33958943866680485,-9.726396233542296,,,,,,,,,,
acc,1778675488.0,233.0,1.3524679605943208,0.3355806347901151,-9.724977874616831,,,,,,,,,,
acc,1778675488.0,233.0,1.3579617081912791,0.33299262128736945,-9.727086573324568,,,,,,,,,,
acc,1778675488.0,233.0,1.3637250098479168,0.3304281254197361,-9.727117309901582,,,,,,,,,,
acc,1778675488.0,233.0,1.369116463088024,0.32859686611327094,-9.727147767171086,,,,,,,,,,
acc,1778675488.0,233.0,1.3751333617241719,0.3291960186680695,-9.727426417277751,,,,,,,,,,
acc,1778675488.0,233.0,1.380740622200333,0.3312095919091769,-9.72745406564596,,,,,,,,,,
acc,1778675488.0,233.0,1.3866518905017866,0.33561863848868645,-9.728084903236791,,,,,,,,,,
acc,1778675488.0,233.0,1.3925094422941051,0.3403425903153191,-9.72807106440535,,,,,,,,,,
acc,1778675488.0,233.0,1.3983137657066047,0.34257434962547645,-9.730116160511567,,,,,,,,,,
acc,1778675488.0,233.0,1.403035944385328,0.3454957521783357,-9.731113272500249,,,,,,,,,,
acc,1778675488.0,233.0,1.4083896502501987,0.34455698040718963,-9.733130723642544,,,,,,,,,,
acc,1778675488.0,233.0,1.414404629799484,0.34259733024970085,-9.733355005799805,,,,,,,,,,
acc,1778675488.0,233.0,1.420009988627792,0.34132992597719136,-9.733328780267653,,,,,,,,,,
acc,1778675488.0,233.0,1.4248899725143553,0.33766026782611597,-9.73358676610414,,,,,,,,,,
acc,1778675488.0,233.0,1.429015678681249,0.3350533564116031,-9.734161875001336,,,,,,,,,,
acc,1778675488.0,233.0,1.4338138266220644,0.33176020172609055,-9.735477184798736,,,,,,,,,,
acc,1778675488.0,233.0,1.438887849632428,0.32746757234315693,-9.73820040746294,,,,,,,,,,
acc,1778675488.0,233.0,1.4446256878438193,0.3253082542167847,-9.739088562426323,,,,,,,,,,
acc,1778675488.0,233.0,1.4506663563897764,0.32700219433539673,-9.740359102736607,,,,,,,,,,
acc,1778675488.0,233.0,1.4580365034569118,0.32935517966098615,-9.739878764790513,,,,,,,,,,
acc,1778675488.0,233.0,1.464984706122072,0.3331066483529482,-9.739402791741485,,,,,,,,,,
acc,1778675488.0,233.0,1.4708403694651668,0.33646905607168154,-9.73896663828502,,,,,,,,,,
acc,1778675488.0,233.0,1.475932888955008,0.34047534740253355,-9.739137888682226,,,,,,,,,,
acc,1778675488.0,233.0,1.4792397993373236,0.3437707947382138,-9.739343086350543,,,,,,,,,,
acc,1778675488.0,233.0,1.4839010302777293,0.3463263632560845,-9.739262446305775,,,,,,,,,,
acc,1778675488.0,233.0,1.4882004274699843,0.34956864160492307,-9.737727170333079,,,,,,,,,,
acc,1778675488.0,233.0,1.4924607554478564,0.35242648606330623,-9.738655120027344,,,,,,,,,,
acc,1778675488.0,233.0,1.49632740746523,0.35454843734863,-9.738190266406797,,,,,,,,,,
acc,1778675488.0,233.0,1.500158922683221,0.3563316296697294,-9.739468969656711,,,,,,,,,,
acc,1778675488.0,233.0,1.5039556203947646,0.3570337234691544,-9.73935168224595,,,,,,,,,,
acc,1778675488.0,233.0,1.5098121205335124,0.3559901045639429,-9.739519433695655,,,,,,,,,,
acc,1778675488.0,233.0,1.515934869262494,0.35424602744627803,-9.738017325890215,,,,,,,,,,
acc,1778675488.0,233.0,1.5227119123646045,0.353582702492183,-9.737913229766274,,,,,,,,,,
acc,1778675488.0,233.0,1.528717438908708,0.35083110172112414,-9.73674518517067,,,,,,,,,,
acc,1778675488.0,233.0,1.5350233541794933,0.34881443775924104,-9.73594272561775,,,,,,,,,,
acc,1778675488.0,233.0,1.5405975375428127,0.34887490868275967,-9.73585748167219,,,,,,,,,,
acc,1778675488.0,233.0,1.5457660966736717,0.35276846632242315,-9.735808515797157,,,,,,,,,,
acc,1778675488.0,233.0,1.5498227939884415,0.3580465079356661,-9.73639892970883,,,,,,,,,,
acc,1778675488.0,233.0,1.5538426275360395,0.3660453199870386,-9.737303454948645,,,,,,,,,,
acc,1778675488.0,233.0,1.5575064558019294,0.37294204568417993,-9.738235255002955,,,,,,,,,,
acc,1778675488.0,233.0,1.561136990355799,0.37803676720353935,-9.739513549435292,,,,,,,,,,
acc,1778675488.0,233.0,1.564734533742195,0.38308519228682764,-9.740780227830081,,,,,,,,,,
acc,1778675488.0,233.0,1.5696837566645356,0.3818048400967843,-9.738876197794221,,,,,,,,,,
acc,1778675488.0,233.0,1.5752624435907034,0.38124604619030533,-9.738409335209564,,,,,,,,,,
acc,1778675488.0,233.0,1.5807904362204988,0.3820767010291445,-9.7368818115749,,,,,,,,,,
acc,1778675488.0,233.0,1.5859487278064472,0.3856685494093375,-9.736078110479033,,,,,,,,,,
acc,1778675488.0,233.0,1.591379612699902,0.3906476234366955,-9.735672168859066,,,,,,,,,,
acc,1778675488.0,233.0,1.5964416789808837,0.3910378830749089,-9.735624886947086,,,,,,,,,,
acc,1778675488.0,233.0,1.6007478038472807,0.39039518723535566,-9.735826504298908,,,,,,,,,,
acc,1778675488.0,233.0,1.6063991692721267,0.38695410457236257,-9.73673623124725,,,,,,,,,,
acc,1778675488.0,233.0,1.6123541508216552,0.38286985322731254,-9.735969347419786,,,,,,,,,,
acc,1778675488.0,233.0,1.6182550186337474,0.38020708694483235,-9.73723273810646,,,,,,,,,,
acc,1778675488.0,233.0,1.624102264447388,0.38033725031538956,-9.738520142547891,,,,,,,,,,
acc,1778675488.0,233.0,1.6295414046724808,0.3811761635074963,-9.738092009846211,,,,,,,,,,
acc,1778675488.0,233.0,1.6342566894943238,0.38200745337989467,-9.74008153860103,,,,,,,,,,
acc,1778675488.0,233.0,1.6385741550130408,0.38457052188831226,-9.743117891728668,,,,,,,,,,
acc,1778675488.0,233.0,1.6424974162674257,0.38746527030079886,-9.742967446060527,,,,,,,,,,
acc,1778675488.0,233.0,1.6463850263064967,0.38894934282768057,-9.743847776647577,,,,,,,,,,
acc,1778675488.0,233.0,1.6512667182324428,0.3914493294306778,-9.741915871373175,,,,,,,,,,
acc,1778675488.0,233.0,1.6557845821380461,0.39463654003228543,-9.742450786903646,,,,,,,,,,
acc,1778675488.0,233.0,1.6595514498709987,0.39743981715164733,-9.741631974121953,,,,,,,,,,
acc,1778675488.0,233.0,1.6639940292792637,0.40160199141389613,-9.742879402099865,,,,,,,,,,
acc,1778675488.0,233.0,1.6683962383566324,0.40537137256484734,-9.742056694432858,,,,,,,,,,
acc,1778675488.0,233.0,1.6727584439538614,0.40807710078263065,-9.744329672053496,,,,,,,,,,
acc,1778675488.0,233.0,1.6777554387750504,0.4135269744045894,-9.745907556539366,,,,,,,,,,
acc,1778675488.0,233.0,1.6830619960767133,0.4189273242744119,-9.747471102571614,,,,,,,,,,
acc,1778675488.0,233.0,1.6883203319613793,0.4225392677396888,-9.748629975225247,,,,,,,,,,
acc,1778675488.0,233.0,1.6935308846237058,0.4240240945222693,-9.750878714897997,,,,,,,,,,
acc,1778675488.0,233.0,1.6994040209104344,0.4223717248897051,-9.752042116469054,,,,,,,,,,
acc,1778675488.0,233.0,1.7052237871989022,0.4182850961648282,-9.751136145954728,,,,,,,,,,
acc,1778675488.0,233.0,1.7099257649750355,0.4166848776006877,-9.754781976976957,,,,,,,,,,
acc,1778675488.0,233.0,1.7139105860446155,0.4161286004905583,-9.756264879928542,,,,,,,,,,
acc,1778675488.0,233.0,1.716439331228326,0.41699724361517493,-9.757379336676207,,,,,,,,,,
acc,1778675488.0,233.0,1.7182706590822014,0.4175030223995141,-9.760932940604647,,,,,,,,,,
acc,1778675488.0,233.0,1.719730374547088,0.4204534795051041,-9.762359948902663,,,,,,,,,,
acc,1778675488.0,233.0,1.720821863603079,0.42337712540065137,-9.763773989779754,,,,,,,,,,
acc,1778675488.0,233.0,1.7226133667817214,0.4231149966865789,-9.76482021021208,,,,,,,,,,
acc,1778675489.0,234.0,1.7257729521452436,0.42008651724312845,-9.764756525640744,,,,,,,,,,
acc,1778675489.0,234.0,1.729258796782021,0.4167305871488718,-9.765403361501033,,,,,,,,,,
acc,1778675489.0,234.0,1.7316480706610706,0.4137601237141236,-9.765689348614202,,,,,,,,,,
acc,1778675489.0,234.0,1.7333411946052397,0.4114910824766498,-9.766718163917025,,,,,,,,,,
acc,1778675489.0,234.0,1.7350189328989585,0.4113369638715195,-9.768092601094084,,,,,,,,,,
acc,1778675489.0,234.0,1.7373558636278523,0.41363351107895413,-9.76941904512418,,,,,,,,,,
acc,1778675489.0,234.0,1.7403814818922603,0.4159091892456443,-9.770413968161177,,,,,,,,,,
acc,1778675489.0,234.0,1.7426696823999452,0.419548558919555,-9.772819715463557,,,,,,,,,,
acc,1778675489.0,234.0,1.744937089714496,0.4203861244109437,-9.77520360140889,,,,,,,,,,
acc,1778675489.0,234.0,1.746864416285861,0.4212160788293663,-9.77646542679983,,,,,,,,,,
acc,1778675489.0,234.0,1.7484192672018097,0.4237778240192473,-9.781194460259918,,,,,,,,,,
acc,1778675489.0,234.0,1.749959988973358,0.423512054101646,-9.783821711159478,,,,,,,,,,
acc,1778675489.0,234.0,1.7514867099939868,0.42289373749844733,-9.786780058728876,,,,,,,,,,
acc,1778675489.0,234.0,1.7543839193114261,0.42196156312271316,-9.790066494247078,,,,,,,,,,
acc,1778675489.0,234.0,1.757609772149384,0.4206828977704671,-9.791548229344523,,,,,,,,,,
acc,1778675489.0,234.0,1.759741416810898,0.42080022273448453,-9.791951605303623,,,,,,,,,,
acc,1778675489.0,234.0,1.762918585331267,0.42091648155039646,-9.792706277503273,,,,,,,,,,
acc,1778675489.0,234.0,1.766741320757845,0.4200022747717615,-9.791750253571076,,,,,,,,,,
acc,1778675489.0,234.0,1.7705293184611517,0.4183864519691467,-9.79044795538657,,,,,,,,,,
acc,1778675489.0,234.0,1.774637855881101,0.41607537064971006,-9.789512453138453,,,,,,,,,,
acc,1778675489.0,234.0,1.7776796584081678,0.41414026130507153,-9.789614851975637,,,,,,,,,,
acc,1778675489.0,234.0,1.780338848796191,0.4104834038839896,-9.78907738547344,,,,,,,,,,
acc,1778675489.0,234.0,1.782618912981508,0.4082441386508753,-9.788793272609919,,,,,,,,,,
acc,1778675489.0,234.0,1.7852332196830112,0.4091844289660358,-9.788263271912562,,,,,,,,,,
acc,1778675489.0,234.0,1.78711384627261,0.4104711365070485,-9.787738087404533,,,,,,,,,,
acc,1778675489.0,234.0,1.7889773833493976,0.4103262862914068,-9.786862704459876,,,,,,,,,,
acc,1778675489.0,234.0,1.7908239862081303,0.41018275234962287,-9.787308658428874,,,,,,,,,,
acc,1778675489.0,234.0,1.7933637322792568,0.4103954935811109,-9.788141016086094,,,,,,,,,,
acc,1778675489.0,234.0,1.7962353701886484,0.4078375597875054,-9.789675742628669,,,,,,,,,,
acc,1778675489.0,234.0,1.7990809131288883,0.406687241198662,-9.790451095905865,,,,,,,,,,
acc,1778675489.0,234.0,1.8022555690891309,0.4083161175294765,-9.790864441667615,,,,,,,,,,
acc,1778675489.0,234.0,1.8071407091950134,0.41064011558362773,-9.79130952565942,,,,,,,,,,
acc,1778675489.0,234.0,1.8189387971733317,0.4115586333264362,-9.793880363013738,,,,,,,,,,
acc,1778675489.0,234.0,1.8455737539756203,0.41001953905645805,-9.797137771448988,,,,,,,,,,
acc,1778675489.0,234.0,1.884177516562438,0.40952383079560395,-9.79855524887667,,,,,,,,,,
acc,1778675489.0,234.0,1.930062259529725,0.40903262710398297,-9.799640378078237,,,,,,,,,,
acc,1778675489.0,234.0,1.9731162705629814,0.40680654527926735,-9.797556439524596,,,,,,,,,,
acc,1778675489.0,234.0,2.0123003694185386,0.40460069216665884,-9.801774348633957,,,,,,,,,,
acc,1778675489.0,234.0,2.056701374963897,0.40174045475810527,-9.806273396435891,,,,,,,,,,
acc,1778675489.0,234.0,2.11390364036267,0.39993560876831724,-9.806933418907104,,,,,,,,,,
acc,1778675489.0,234.0,2.1824774747896343,0.39953153457070406,-9.805138178347663,,,,,,,,,,
acc,1778675489.0,234.0,2.2514220750271003,0.39913113225097185,-9.797431311620624,,,,,,,,,,
acc,1778675489.0,234.0,2.316261500824374,0.4022485372524102,-9.795367447158108,,,,,,,,,,
acc,1778675489.0,234.0,2.3836354254196928,0.40846131755494314,-9.79264790812923,,,,,,,,,,
acc,1778675489.0,234.0,2.4577094154705468,0.41877074510446255,-9.787858778383907,,,,,,,,,,
acc,1778675489.0,234.0,2.5391325282805894,0.42483338582888064,-9.781373835438568,,,,,,,,,,
acc,1778675489.0,234.0,2.626063145230618,0.42839166009941887,-9.769374853157636,,,,,,,,,,
acc,1778675489.0,234.0,2.7118488408321557,0.4333019707497407,-9.761673505278242,,,,,,,,,,
acc,1778675489.0,234.0,2.800653131867498,0.44026196427307923,-9.759615109512838,,,,,,,,,,
acc,1778675489.0,234.0,2.877610991349797,0.443005607739583,-9.733899172144259,,,,,,,,,,
acc,1778675489.0,234.0,2.9423331211337738,0.4498774229772536,-9.720592256897993,,,,,,,,,,
acc,1778675489.0,234.0,3.006467112011166,0.4518237477251654,-9.726893911954996,,,,,,,,,,
acc,1778675489.0,234.0,3.0933395932367374,0.45094815886305817,-9.717129328923033,,,,,,,,,,
acc,1778675489.0,234.0,3.1974904446126975,0.4542691245946271,-9.694568198422708,,,,,,,,,,
acc,1778675489.0,234.0,3.289193945100886,0.45826984488725725,-9.675690758472484,,,,,,,,,,
acc,1778675489.0,234.0,3.366894879705576,0.4587555447205362,-9.668485760002664,,,,,,,,,,
acc,1778675489.0,234.0,3.445913040952045,0.4599112692066378,-9.666209279704516,,,,,,,,,,
acc,1778675489.0,234.0,3.5347201562686252,0.4642156894147425,-9.652488071785262,,,,,,,,,,
acc,1778675489.0,234.0,3.62371417478583,0.46741609126904415,-9.646523328459407,,,,,,,,,,
acc,1778675489.0,234.0,3.708456321397745,0.4570277018648908,-9.635749751306394,,,,,,,,,,
acc,1778675489.0,234.0,3.7910440335449884,0.4536910529992115,-9.63795934562462,,,,,,,,,,
acc,1778675489.0,234.0,3.8722068215042516,0.4524790191762644,-9.627973514109895,,,,,,,,,,
acc,1778675489.0,234.0,3.948407970587806,0.45543111199590464,-9.626775106803345,,,,,,,,,,
acc,1778675489.0,234.0,4.030164076514868,0.4625449767386447,-9.625232618728454,,,,,,,,,,
acc,1778675489.0,234.0,4.102516084400489,0.4626368569994637,-9.60836960256047,,,,,,,,,,
acc,1778675489.0,234.0,4.159621501725741,0.45992366615556884,-9.604225635108278,,,,,,,,,,
acc,1778675489.0,234.0,4.213403758083333,0.4589744722192024,-9.593836422919795,,,,,,,,,,
acc,1778675489.0,234.0,4.269501523846886,0.47997081758624277,-9.600934963922937,,,,,,,,,,
acc,1778675489.0,234.0,4.317741716453615,0.4941739973186742,-9.592669948971672,,,,,,,,,,
acc,1778675489.0,234.0,4.371826445325926,0.4984865348114381,-9.598039757202677,,,,,,,,,,
acc,1778675489.0,234.0,4.432732009492559,0.5090427852213191,-9.594664087664789,,,,,,,,,,
acc,1778675489.0,234.0,4.480198836830885,0.5104514661745376,-9.577049451900812,,,,,,,,,,
acc,1778675489.0,234.0,4.510515410769523,0.5156809915607361,-9.599670577675985,,,,,,,,,,
acc,1778675489.0,234.0,4.551311975502776,0.5212179573030007,-9.587228454379577,,,,,,,,,,
acc,1778675489.0,234.0,4.613319768307925,0.522161039017368,-9.583276599452368,,,,,,,,,,
acc,1778675489.0,234.0,4.657725704544156,0.5255448161338742,-9.565765443362015,,,,,,,,,,
acc,1778675489.0,234.0,4.676667500485402,0.5347902898075857,-9.557429562554121,,,,,,,,,,
acc,1778675489.0,234.0,4.7006551677629815,0.5300370689621625,-9.559640930579418,,,,,,,,,,
acc,1778675489.0,234.0,4.744622436970369,0.5187246632492818,-9.56598530723611,,,,,,,,,,
acc,1778675489.0,234.0,4.7996910873056144,0.5148273655988888,-9.549660679546937,,,,,,,,,,
acc,1778675489.0,234.0,4.850425675920666,0.506102446957772,-9.533484395997728,,,,,,,,,,
acc,1778675489.0,234.0,4.88816892362353,0.5019648782645189,-9.549189101848713,,,,,,,,,,
acc,1778675489.0,234.0,4.908850277433951,0.4961255755462459,-9.543133641353865,,,,,,,,,,
acc,1778675489.0,234.0,4.934916674926494,0.4893099353284045,-9.548279154560003,,,,,,,,,,
acc,1778675489.0,234.0,4.981653717275112,0.4804619262297248,-9.549899235328798,,,,,,,,,,
acc,1778675489.0,234.0,5.034923393496804,0.4703099493001263,-9.53755442021401,,,,,,,,,,
acc,1778675489.0,234.0,5.069641217570827,0.47451987527015554,-9.521168680497063,,,,,,,,,,
acc,1778675489.0,234.0,5.113734134178772,0.47588730888699676,-9.524419488785302,,,,,,,,,,
acc,1778675489.0,234.0,5.176594553499516,0.47202430931448214,-9.515110447812436,,,,,,,,,,
acc,1778675489.0,234.0,5.20022792188295,0.46574714803552514,-9.512843339190193,,,,,,,,,,
acc,1778675489.0,234.0,5.203803911200825,0.4654549679513447,-9.517234704495998,,,,,,,,,,
acc,1778675489.0,234.0,5.251221241793153,0.47943508434787074,-9.528543504673815,,,,,,,,,,
acc,1778675489.0,234.0,5.339632256038593,0.4884251252302367,-9.517102684658514,,,,,,,,,,
acc,1778675489.0,234.0,5.3997299753823365,0.4945292361969117,-9.494619891139875,,,,,,,,,,
acc,1778675489.0,234.0,5.412284038102529,0.4953598802219788,-9.502974988204365,,,,,,,,,,
acc,1778675489.0,234.0,5.441797897902062,0.5007265449280646,-9.50912437253631,,,,,,,,,,
acc,1778675489.0,234.0,5.49223505713365,0.5095231073759762,-9.498889416896589,,,,,,,,,,
acc,1778675489.0,234.0,5.549171217679492,0.5165004015679606,-9.497479643650173,,,,,,,,,,
acc,1778675489.0,234.0,5.613647729161271,0.5220299212186372,-9.488415408760083,,,,,,,,,,
acc,1778675489.0,234.0,5.66397862493778,0.5240305279996664,-9.48326717804438,,,,,,,,,,
acc,1778675489.0,234.0,5.694683975814751,0.5245930897233415,-9.494529674952334,,,,,,,,,,
acc,1778675489.0,234.0,5.732777575387016,0.5283097373207215,-9.486876617742162,,,,,,,,,,
acc,1778675489.0,234.0,5.7938462979293455,0.5302532785480039,-9.478263695782134,,,,,,,,,,
acc,1778675489.0,234.0,5.863766685708683,0.524156915240614,-9.483288758483253,,,,,,,,,,
acc,1778675489.0,234.0,5.9344360682032615,0.5233339575579208,-9.477122219937188,,,,,,,,,,
acc,1778675489.0,234.0,5.990832561713857,0.5298307797917601,-9.478324019162853,,,,,,,,,,
acc,1778675489.0,234.0,6.03667102347823,0.5296661955545227,-9.481609201015564,,,,,,,,,,
acc,1778675489.0,234.0,6.078223814244319,0.5266988707407904,-9.473044144796736,,,,,,,,,,
acc,1778675489.0,234.0,6.124652510569933,0.5206348068266422,-9.470129898415642,,,,,,,,,,
acc,1778675489.0,234.0,6.179710946293505,0.5219381494831316,-9.47072079955583,,,,,,,,,,
acc,1778675489.0,234.0,6.235333952836711,0.5239395902065589,-9.460834822472547,,,,,,,,,,
acc,1778675489.0,234.0,6.287647278370329,0.5199949037967351,-9.471591232650846,,,,,,,,,,
acc,1778675489.0,234.0,6.34679752709721,0.5247827357903995,-9.459638545727099,,,,,,,,,,
acc,1778675489.0,234.0,6.39390936069705,0.5246640238241954,-9.453686919921347,,,,,,,,,,
acc,1778675489.0,234.0,6.436759446353291,0.5283800268336306,-9.470436223840272,,,,,,,,,,
acc,1778675489.0,234.0,6.488236287288416,0.5355409273750482,-9.460233365322189,,,,,,,,,,
acc,1778675489.0,234.0,6.544853823433059,0.5367088160613127,-9.459494332353481,,,,,,,,,,
acc,1778675489.0,234.0,6.595383899324459,0.5406348337984564,-9.464689954844903,,,,,,,,,,
acc,1778675489.0,234.0,6.649962866868076,0.5466194788138634,-9.467744060457116,,,,,,,,,,
acc,1778675489.0,234.0,6.6981889258584655,0.5494260369461944,-9.45685573336444,,,,,,,,,,
acc,1778675489.0,234.0,6.744911853601894,0.5525620532717068,-9.458596667805171,,,,,,,,,,
acc,1778675489.0,234.0,6.798132040032697,0.562271950224852,-9.462771047450437,,,,,,,,,,
acc,1778675489.0,234.0,6.845970076669067,0.5711836793731723,-9.455406585262029,,,,,,,,,,
acc,1778675489.0,234.0,6.894828762106426,0.5716727156900404,-9.45368201386092,,,,,,,,,,
acc,1778675489.0,234.0,6.945373259842655,0.5693885662503423,-9.453002513925163,,,,,,,,,,
acc,1778675489.0,234.0,6.992228257010672,0.5719882185494853,-9.447111190654281,,,,,,,,,,
acc,1778675489.0,234.0,7.038018541539731,0.5801372163553661,-9.448230733375445,,,,,,,,,,
acc,1778675489.0,234.0,7.080907954684648,0.5847334977328639,-9.439968991888795,,,,,,,,,,
acc,1778675490.0,235.0,7.122733196638829,0.5847444432108437,-9.442573302021751,,,,,,,,,,
acc,1778675490.0,235.0,7.161764595903763,0.5816315856361153,-9.435747341301031,,,,,,,,,,
acc,1778675490.0,235.0,7.202855082423985,0.5823806421633712,-9.436295719699288,,,,,,,,,,
acc,1778675490.0,235.0,7.245347001075864,0.5775499230056158,-9.428461909826206,,,,,,,,,,
acc,1778675490.0,235.0,7.280140488224433,0.5734730338921208,-9.422793590404389,,,,,,,,,,
acc,1778675490.0,235.0,7.316357134845225,0.5777749027528478,-9.42136537777886,,,,,,,,,,
acc,1778675490.0,235.0,7.355013408539654,0.5736959692174067,-9.412992803704853,,,,,,,,,,
acc,1778675490.0,235.0,7.3926084838045885,0.5752270795050626,-9.400862676140836,,,,,,,,,,
acc,1778675490.0,235.0,7.429187489169078,0.5697514331223295,-9.407975463474841,,,,,,,,,,
acc,1778675490.0,235.0,7.460855023769616,0.5702534844581211,-9.387194256677628,,,,,,,,,,
acc,1778675490.0,235.0,7.4905664562475645,0.5707509735842842,-9.393401841686979,,,,,,,,,,
acc,1778675490.0,235.0,7.518233060718273,0.5684752001420399,-9.379355436350682,,,,,,,,,,
acc,1778675490.0,235.0,7.536951582449207,0.5707281814642191,-9.375517716037018,,,,,,,,,,
acc,1778675490.0,235.0,7.550991931897601,0.5701919569057854,-9.37277977311094,,,,,,,,,,
acc,1778675490.0,235.0,7.571116607576353,0.5790317158626859,-9.370421672022724,,,,,,,,,,
acc,1778675490.0,235.0,7.595247005552822,0.5843124722623593,-9.359707794242532,,,,,,,,,,
acc,1778675490.0,235.0,7.620577992547772,0.58606657633831,-9.358852850934607,,,,,,,,,,
acc,1778675490.0,235.0,7.645323831601997,0.5906089768050774,-9.350338404166958,,,,,,,,,,
acc,1778675490.0,235.0,7.674423865026433,0.595110099853245,-9.361743948742006,,,,,,,,,,
acc,1778675490.0,235.0,7.70215906458512,0.5971210461737145,-9.34798522303868,,,,,,,,,,
acc,1778675490.0,235.0,7.72857733615841,0.6085203238768722,-9.352809773254853,,,,,,,,,,
acc,1778675490.0,235.0,7.751667332029987,0.613533113234487,-9.347828915216521,,,,,,,,,,
acc,1778675490.0,235.0,7.76688023348193,0.6188553215454448,-9.353009856683974,,,,,,,,,,
acc,1778675490.0,235.0,7.783374758471349,0.6258684988980697,-9.350476445775515,,,,,,,,,,
acc,1778675490.0,235.0,7.7986545010331945,0.627599939410516,-9.342038116555107,,,,,,,,,,
acc,1778675490.0,235.0,7.810636196520568,0.6338592149422396,-9.347271679807477,,,,,,,,,,
acc,1778675490.0,235.0,7.8204502035087895,0.6358730135781219,-9.339927367144211,,,,,,,,,,
acc,1778675490.0,235.0,7.837771303904301,0.6368391125009398,-9.336128467711756,,,,,,,,,,
acc,1778675490.0,235.0,7.871369947824237,0.6370864906286524,-9.333748460309714,,,,,,,,,,
acc,1778675490.0,235.0,7.889683702205797,0.634882355481703,-9.322693407867867,,,,,,,,,,
acc,1778675490.0,235.0,7.884829219637305,0.6320238113402838,-9.320754954118359,,,,,,,,,,
acc,1778675490.0,235.0,7.901245831633759,0.6417215609887608,-9.330689985809414,,,,,,,,,,
acc,1778675490.0,235.0,7.953080893123617,0.6457582169454645,-9.333577405773132,,,,,,,,,,
acc,1778675490.0,235.0,8.001569688288143,0.6399966152641681,-9.316595967961655,,,,,,,,,,
acc,1778675490.0,235.0,8.022853403334777,0.6356717318717753,-9.32273516579616,,,,,,,,,,
acc,1778675490.0,235.0,8.031768363386645,0.6241093420635613,-9.329528499441352,,,,,,,,,,
acc,1778675490.0,235.0,8.044435948192445,0.6171600957815961,-9.325469125091223,,,,,,,,,,
acc,1778675490.0,235.0,8.07821541121104,0.6235142396101012,-9.341644229087768,,,,,,,,,,
acc,1778675490.0,235.0,8.132275961983504,0.6242376735533854,-9.32356007780724,,,,,,,,,,
acc,1778675490.0,235.0,8.17288897970011,0.619381564647611,-9.326512288226873,,,,,,,,,,
acc,1778675490.0,235.0,8.194000263660493,0.6131852129641214,-9.335365602182481,,,,,,,,,,
acc,1778675490.0,235.0,8.20483866307325,0.6174811826452169,-9.328803919960338,,,,,,,,,,
acc,1778675490.0,235.0,8.225659615860861,0.6258912178953688,-9.350521689121843,,,,,,,,,,
acc,1778675490.0,235.0,8.270677554033128,0.6272674901837216,-9.337574874271176,,,,,,,,,,
acc,1778675490.0,235.0,8.32117884432027,0.6262174851406251,-9.339015359397186,,,,,,,,,,
acc,1778675490.0,235.0,8.356951571940618,0.6220178146012628,-9.34285652559211,,,,,,,,,,
acc,1778675490.0,235.0,8.388246124221457,0.622754846764683,-9.338676037632876,,,,,,,,,,
acc,1778675490.0,235.0,8.409849693467143,0.6290581503205211,-9.34809325619659,,,,,,,,,,
acc,1778675490.0,235.0,8.436439460875787,0.6276369024415868,-9.35742489919832,,,,,,,,,,
acc,1778675490.0,235.0,8.478122148300768,0.6310916059090342,-9.348923428424753,,,,,,,,,,
acc,1778675490.0,235.0,8.522549762994414,0.6317461832812405,-9.34188358259499,,,,,,,,,,
acc,1778675490.0,235.0,8.566928619608412,0.6316848797847111,-9.351271653755905,,,,,,,,,,
acc,1778675490.0,235.0,8.59354634881097,0.62917486804595,-9.354681968815454,,,,,,,,,,
acc,1778675490.0,235.0,8.60948618477909,0.624273894173895,-9.357351370325533,,,,,,,,,,
acc,1778675490.0,235.0,8.633622883984001,0.6284690994817554,-9.360706438163344,,,,,,,,,,
acc,1778675490.0,235.0,8.670425529258294,0.6326261823812394,-9.35636374559037,,,,,,,,,,
acc,1778675490.0,235.0,8.712395714924908,0.6353611183878194,-9.353799857431538,,,,,,,,,,
acc,1778675490.0,235.0,8.752635644273383,0.638071201654265,-9.353353571219602,,,,,,,,,,
acc,1778675490.0,235.0,8.782073902665848,0.6396917545262659,-9.348367771614276,,,,,,,,,,
acc,1778675490.0,235.0,8.808759882787601,0.630861576034779,-9.356312549148498,,,,,,,,,,
acc,1778675490.0,235.0,8.834564428905882,0.6332575764016691,-9.35410408799222,,,,,,,,,,
acc,1778675490.0,235.0,8.85346110971308,0.6418792111625394,-9.346697688294855,,,,,,,,,,
acc,1778675490.0,235.0,8.871831112005985,0.651487403435589,-9.35710691650888,,,,,,,,,,
acc,1778675490.0,235.0,8.885952068640886,0.6543704123424886,-9.346869002606265,,,,,,,,,,
acc,1778675490.0,235.0,8.904772248109436,0.660031459126537,-9.350993763437216,,,,,,,,,,
acc,1778675490.0,235.0,8.921717567693706,0.6649311305648369,-9.339072058829766,,,,,,,,,,
acc,1778675490.0,235.0,8.944365844784075,0.668401907105915,-9.345361975104684,,,,,,,,,,
acc,1778675490.0,235.0,8.9595315066347,0.6753198186727983,-9.32827344928878,,,,,,,,,,
acc,1778675490.0,235.0,8.97317499420658,0.6748625555507088,-9.338850101099952,,,,,,,,,,
acc,1778675490.0,235.0,8.990173166891053,0.6782430838652309,-9.321110816945906,,,,,,,,,,
acc,1778675490.0,235.0,9.00563250393133,0.6857814908504929,-9.327918911272796,,,,,,,,,,
acc,1778675490.0,235.0,9.019886465439491,0.6932513952933256,-9.320395498108946,,,,,,,,,,
acc,1778675490.0,235.0,9.029183357325177,0.6933411180990418,-9.311201118555067,,,,,,,,,,
acc,1778675490.0,235.0,9.032787294721732,0.6969087000314793,-9.306598364092142,,,,,,,,,,
acc,1778675490.0,235.0,9.043315822456137,0.696965188405373,-9.305516100855968,,,,,,,,,,
acc,1778675490.0,235.0,9.048175707103892,0.7029135997803398,-9.290528992668289,,,,,,,,,,
acc,1778675490.0,235.0,9.041171053226108,0.7129965642061771,-9.28228044334938,,,,,,,,,,
acc,1778675490.0,235.0,9.052688300086993,0.7055945583560459,-9.268888851689471,,,,,,,,,,
acc,1778675490.0,235.0,9.05991228105533,0.7017384809155198,-9.260836949311816,,,,,,,,,,
acc,1778675490.0,235.0,9.058018973358356,0.7087084202186738,-9.24174777222948,,,,,,,,,,
acc,1778675490.0,235.0,9.049505007096531,0.7027297431444646,-9.230818800988981,,,,,,,,,,
acc,1778675490.0,235.0,9.052924278863012,0.6933267297691089,-9.242635998383687,,,,,,,,,,
acc,1778675490.0,235.0,9.07998873485205,0.6885172282818379,-9.225451548530522,,,,,,,,,,
acc,1778675490.0,235.0,9.089378403965618,0.6761196623966804,-9.226526542850534,,,,,,,,,,
acc,1778675490.0,235.0,9.087217333551822,0.6763650636185303,-9.23458460272232,,,,,,,,,,
acc,1778675490.0,235.0,9.096860791894175,0.6734490368961262,-9.211545386331709,,,,,,,,,,
acc,1778675490.0,235.0,9.098465373301618,0.6622177977887401,-9.198441603015647,,,,,,,,,,
acc,1778675490.0,235.0,9.100055373656836,0.6451606787320772,-9.22102452509059,,,,,,,,,,
acc,1778675490.0,235.0,9.110647065368205,0.6352514033256504,-9.192535562087663,,,,,,,,,,
acc,1778675490.0,235.0,9.110032065467898,0.6313246111882066,-9.191424899746917,,,,,,,,,,
acc,1778675490.0,235.0,9.10037101080098,0.621860533446509,-9.216130383665826,,,,,,,,,,
acc,1778675490.0,235.0,9.096015754600048,0.6114530479479325,-9.190809597989665,,,,,,,,,,
acc,1778675490.0,235.0,9.084742735398711,0.6060031820616665,-9.199831166572348,,,,,,,,,,
acc,1778675490.0,235.0,9.08155889553614,0.6089800449385447,-9.209090222332433,,,,,,,,,,
acc,1778675490.0,235.0,9.093738532559458,0.6185322256052156,-9.213792559639886,,,,,,,,,,
acc,1778675490.0,235.0,9.108576224272888,0.6206853027039634,-9.21145933198744,,,,,,,,,,
acc,1778675490.0,235.0,9.136483839918045,0.6357040940736501,-9.21056717196401,,,,,,,,,,
acc,1778675490.0,235.0,9.165238243983888,0.6363167571306941,-9.208618224714133,,,,,,,,,,
acc,1778675490.0,235.0,9.179781178833572,0.6390181563762766,-9.223796359752361,,,,,,,,,,
acc,1778675490.0,235.0,9.174704311499731,0.6451736729979652,-9.237061741945782,,,,,,,,,,
acc,1778675490.0,235.0,9.159912002369108,0.6530125862739412,-9.227524229855995,,,,,,,,,,
acc,1778675490.0,235.0,9.160943628743848,0.657976039176458,-9.244234401743475,,,,,,,,,,
acc,1778675490.0,235.0,9.184577232709051,0.6639592829063505,-9.245813151963747,,,,,,,,,,
acc,1778675490.0,235.0,9.215308376447036,0.67194696525868,-9.239710283416052,,,,,,,,,,
acc,1778675490.0,235.0,9.240897225778546,0.6725852552146406,-9.252121120959542,,,,,,,,,,
acc,1778675490.0,235.0,9.267247451399818,0.6714784031731938,-9.258846210607926,,,,,,,,,,
acc,1778675490.0,235.0,9.284342088983696,0.6703816092486782,-9.259937210448204,,,,,,,,,,
acc,1778675490.0,235.0,9.289106038296618,0.6720635238578037,-9.261018296222685,,,,,,,,,,
acc,1778675490.0,235.0,9.301103504172872,0.6733751838166773,-9.26872743042162,,,,,,,,,,
acc,1778675490.0,235.0,9.321369152505778,0.6764142572224063,-9.269728638256655,,,,,,,,,,
acc,1778675490.0,235.0,9.344254880277512,0.6829043885997832,-9.266887111754563,,,,,,,,,,
acc,1778675490.0,235.0,9.37768812396629,0.6778701289485148,-9.268969946313348,,,,,,,,,,
acc,1778675490.0,235.0,9.410462584304826,0.6773896908057333,-9.27241822477576,,,,,,,,,,
acc,1778675490.0,235.0,9.437756705836884,0.6866751944599259,-9.28069820452808,,,,,,,,,,
acc,1778675490.0,235.0,9.458129444255217,0.6930720832875371,-9.281945603150826,,,,,,,,,,
acc,1778675490.0,235.0,9.477713603239643,0.6980264717973205,-9.281797295582397,,,,,,,,,,
acc,1778675490.0,235.0,9.501201913191675,0.6991022028727721,-9.289992046426656,,,,,,,,,,
acc,1778675490.0,235.0,9.522417981541416,0.6904420860894434,-9.301590995804526,,,,,,,,,,
acc,1778675490.0,235.0,9.55845632495022,0.7006383808777065,-9.297430531623935,,,,,,,,,,
acc,1778675490.0,235.0,9.605632597280463,0.7211780347945423,-9.285321134293495,,,,,,,,,,
acc,1778675490.0,235.0,9.63779105442648,0.7223983552892868,-9.291389559987989,,,,,,,,,,
acc,1778675490.0,235.0,9.66340987606442,0.7211583212480923,-9.305425084370352,,,,,,,,,,
acc,1778675490.0,235.0,9.680028234727377,0.7150665102086877,-9.294272439485662,,,,,,,,,,
acc,1778675490.0,235.0,9.69759596884392,0.7166973287424299,-9.304803092294799,,,,,,,,,,
acc,1778675490.0,235.0,9.727143915126321,0.7370910527884557,-9.302352772032583,,,,,,,,,,
acc,1778675490.0,235.0,9.7487205792573,0.7593937507105201,-9.293996778402276,,,,,,,,,,
acc,1778675490.0,235.0,9.762824366043077,0.7554037543735325,-9.296862663734345,,,,,,,,,,
acc,1778675490.0,235.0,9.781698529494253,0.7437827432354467,-9.290650863016328,,,,,,,,,,
acc,1778675490.0,235.0,9.786805968609833,0.7489862496286577,-9.288329146010543,,,,,,,,,,
acc,1778675491.0,236.0,9.783880255861982,0.7509832730931159,-9.289152230356565,,,,,,,,,,
acc,1778675491.0,236.0,9.773278362661575,0.7519327492828034,-9.27012521582945,,,,,,,,,,
acc,1778675491.0,236.0,9.74956805424502,0.7556423301806636,-9.271433189209507,,,,,,,,,,
acc,1778675491.0,236.0,9.716666599537485,0.7506215291112145,-9.265452469628524,,,,,,,,,,
acc,1778675491.0,236.0,9.675012481524513,0.746001323613098,-9.255656967086448,,,,,,,,,,
acc,1778675491.0,236.0,9.624365769449419,0.7396837607899409,-9.254008215292748,,,,,,,,,,
acc,1778675491.0,236.0,9.568961292977168,0.733423606530183,-9.248895771483442,,,,,,,,,,
acc,1778675491.0,236.0,9.502204405081146,0.7261909391067742,-9.24173549070012,,,,,,,,,,
acc,1778675491.0,236.0,9.425618141042522,0.7193434633418105,-9.241278139686987,,,,,,,,,,
acc,1778675491.0,236.0,9.34277048711903,0.7150074859348092,-9.241889848180076,,,,,,,,,,
acc,1778675491.0,236.0,9.250914105246725,0.7114208336985071,-9.245619701583486,,,,,,,,,,
acc,1778675491.0,236.0,9.15190569510571,0.7050625467760313,-9.252439364885,,,,,,,,,,
acc,1778675491.0,236.0,9.044745344667222,0.6966677349403431,-9.260616922234938,,,,,,,,,,
acc,1778675491.0,236.0,8.932985806185606,0.6900885405974372,-9.271808378224787,,,,,,,,,,
acc,1778675491.0,236.0,8.817378805749996,0.6832496648860615,-9.281123299784229,,,,,,,,,,
acc,1778675491.0,236.0,8.693770698692802,0.6767924023936126,-9.29489714422631,,,,,,,,,,
acc,1778675491.0,236.0,8.561879230398333,0.6697193887477414,-9.312024498297289,,,,,,,,,,
acc,1778675491.0,236.0,8.430476336318584,0.6585220414667113,-9.329031708103042,,,,,,,,,,
acc,1778675491.0,236.0,8.296433891297019,0.6502306821985897,-9.343115629234934,,,,,,,,,,
acc,1778675491.0,236.0,8.170921810019784,0.6402753349724473,-9.35636163520192,,,,,,,,,,
acc,1778675491.0,236.0,8.046195303449478,0.6272512463208599,-9.36320437134931,,,,,,,,,,
acc,1778675491.0,236.0,7.911136798597237,0.6227227144377705,-9.394016144000396,,,,,,,,,,
acc,1778675491.0,236.0,7.774501352802093,0.6102130997268197,-9.41027828443014,,,,,,,,,,
acc,1778675491.0,236.0,7.642941168343331,0.6012958269705874,-9.415921139926837,,,,,,,,,,
acc,1778675491.0,236.0,7.517120058256254,0.5886259504762882,-9.43162925578137,,,,,,,,,,
acc,1778675491.0,236.0,7.394536605466143,0.5837384793418243,-9.43842696860923,,,,,,,,,,
acc,1778675491.0,236.0,7.274096485440683,0.574387355920036,-9.453930570899129,,,,,,,,,,
acc,1778675491.0,236.0,7.1564901540538814,0.5699842437157505,-9.466489062730954,,,,,,,,,,
acc,1778675491.0,236.0,7.045880467362342,0.5656211431984414,-9.476484159415323,,,,,,,,,,
acc,1778675491.0,236.0,6.942168342445122,0.5605877581423899,-9.4773722893713,,,,,,,,,,
acc,1778675491.0,236.0,6.840818529157789,0.5576944156916276,-9.48556465035478,,,,,,,,,,
acc,1778675491.0,236.0,6.739679772034349,0.5509937201313874,-9.492972633591782,,,,,,,,,,
acc,1778675491.0,236.0,6.63772073495657,0.5436794855275364,-9.498928937643951,,,,,,,,,,
acc,1778675491.0,236.0,6.53807258459814,0.5388454873364428,-9.499613108809175,,,,,,,,,,
acc,1778675491.0,236.0,6.44596782310486,0.533700445492054,-9.501710928084817,,,,,,,,,,
acc,1778675491.0,236.0,6.362331808350886,0.5282826899379366,-9.50091445020471,,,,,,,,,,
acc,1778675491.0,236.0,6.280875670848959,0.5222042336406385,-9.498066409933731,,,,,,,,,,
acc,1778675491.0,236.0,6.201189136533797,0.5158260422522373,-9.494924782783393,,,,,,,,,,
acc,1778675491.0,236.0,6.124675990045559,0.5088313811804019,-9.491101771397611,,,,,,,,,,
acc,1778675491.0,236.0,6.052336794419567,0.5019002815569983,-9.489052832924317,,,,,,,,,,
acc,1778675491.0,236.0,5.987967265700303,0.4953516332039107,-9.484537753761638,,,,,,,,,,
acc,1778675491.0,236.0,5.9300751171590225,0.490601826001794,-9.47349682006517,,,,,,,,,,
acc,1778675491.0,236.0,5.876542669680682,0.4876345136333813,-9.464295558622384,,,,,,,,,,
acc,1778675491.0,236.0,5.827685286009037,0.4867884691832152,-9.456171806909957,,,,,,,,,,
acc,1778675491.0,236.0,5.785519283290503,0.48559515108204554,-9.446098571112964,,,,,,,,,,
acc,1778675491.0,236.0,5.748989950337243,0.4868619421423454,-9.43299316860726,,,,,,,,,,
acc,1778675491.0,236.0,5.7180105715949265,0.4881172216978238,-9.41858699143092,,,,,,,,,,
acc,1778675491.0,236.0,5.690791372096651,0.4911004270366475,-9.403282325123007,,,,,,,,,,
acc,1778675491.0,236.0,5.666233288168347,0.4965057979804081,-9.390565999741066,,,,,,,,,,
acc,1778675491.0,236.0,5.642963270425306,0.5015070787134271,-9.37650986973117,,,,,,,,,,
acc,1778675491.0,236.0,5.619904710538133,0.5074923121672006,-9.363291402344426,,,,,,,,,,
acc,1778675491.0,236.0,5.597410648733608,0.5127487277933662,-9.350228547351128,,,,,,,,,,
acc,1778675491.0,236.0,5.575120993566477,0.518631806833803,-9.334835131004562,,,,,,,,,,
acc,1778675491.0,236.0,5.553353364066134,0.5248163963853827,-9.32235033856845,,,,,,,,,,
acc,1778675491.0,236.0,5.5307541308781305,0.5305898148594211,-9.31139886242857,,,,,,,,,,
acc,1778675491.0,236.0,5.507330859986839,0.5370207021187067,-9.301576303908087,,,,,,,,,,
acc,1778675491.0,236.0,5.48341050694987,0.5420087891988715,-9.293582337011134,,,,,,,,,,
acc,1778675491.0,236.0,5.458323150547045,0.5462416071236563,-9.286370945026274,,,,,,,,,,
acc,1778675491.0,236.0,5.432398871999322,0.5497615316620796,-9.28092892227512,,,,,,,,,,
acc,1778675491.0,236.0,5.40532580003283,0.552539537527466,-9.278340588110275,,,,,,,,,,
acc,1778675491.0,236.0,5.376049479484128,0.5549373284104063,-9.278260534169902,,,,,,,,,,
acc,1778675491.0,236.0,5.3456548259839485,0.5552190357824082,-9.280949949506914,,,,,,,,,,
acc,1778675491.0,236.0,5.314506972838406,0.5544687741060591,-9.284679820163827,,,,,,,,,,
acc,1778675491.0,236.0,5.281547860981823,0.5530153975268768,-9.291144538788625,,,,,,,,,,
acc,1778675491.0,236.0,5.247148920432118,0.5512202662073861,-9.298934882533091,,,,,,,,,,
acc,1778675491.0,236.0,5.210968264250339,0.5487670092193199,-9.30977813794074,,,,,,,,,,
acc,1778675491.0,236.0,5.173022083131803,0.5452711418207732,-9.323291591922281,,,,,,,,,,
acc,1778675491.0,236.0,5.135065762413427,0.5421620127112848,-9.336362779872964,,,,,,,,,,
acc,1778675491.0,236.0,5.096779917734492,0.5397910693201979,-9.351373988233693,,,,,,,,,,
acc,1778675491.0,236.0,5.0574576108906,0.5357023383366839,-9.367668652944792,,,,,,,,,,
acc,1778675491.0,236.0,5.016398327722172,0.5312957913541246,-9.384525178427646,,,,,,,,,,
acc,1778675491.0,236.0,4.973262890598841,0.5272842581314181,-9.402577402890222,,,,,,,,,,
acc,1778675491.0,236.0,4.9301644693596245,0.5236641400369915,-9.421494984350566,,,,,,,,,,
acc,1778675491.0,236.0,4.886783251135428,0.519721956680799,-9.438891791681892,,,,,,,,,,
acc,1778675491.0,236.0,4.842731340520912,0.5151056638536544,-9.457124408429666,,,,,,,,,,
acc,1778675491.0,236.0,4.7976953738638075,0.5105313199151643,-9.475936778959204,,,,,,,,,,
acc,1778675491.0,236.0,4.751684284329758,0.506353505443436,-9.494897666300508,,,,,,,,,,
acc,1778675491.0,236.0,4.704706932994634,0.5022136553471614,-9.514076718667827,,,,,,,,,,
acc,1778675491.0,236.0,4.657446538686584,0.4974014920048236,-9.53233606135111,,,,,,,,,,
acc,1778675491.0,236.0,4.60923123518199,0.4926330574534861,-9.550464973232755,,,,,,,,,,
acc,1778675491.0,236.0,4.560034205512309,0.4872335251366481,-9.56807417433493,,,,,,,,,,
acc,1778675491.0,236.0,4.510609806839467,0.48223802088700696,-9.585168396428196,,,,,,,,,,
acc,1778675491.0,236.0,4.461634534483861,0.47796234974653257,-9.601077880923636,,,,,,,,,,
acc,1778675491.0,236.0,4.413104307172795,0.4740804939919726,-9.616878288102404,,,,,,,,,,
acc,1778675491.0,236.0,4.365370042494097,0.46987895142180974,-9.631115249537162,,,,,,,,,,
acc,1778675491.0,236.0,4.319098954786939,0.46607055062103425,-9.644512905108705,,,,,,,,,,
acc,1778675491.0,236.0,4.273603300599449,0.4636811281909122,-9.65636894907099,,,,,,,,,,
acc,1778675491.0,236.0,4.228521071687009,0.4602840187239443,-9.667797779028373,,,,,,,,,,
acc,1778675491.0,236.0,4.185232882105311,0.4572727410319723,-9.677347926592557,,,,,,,,,,
acc,1778675491.0,236.0,4.144432352718761,0.4549632655091791,-9.686491823237104,,,,,,,,,,
acc,1778675491.0,236.0,4.104357554222178,0.4526747765085117,-9.693813295352049,,,,,,,,,,
acc,1778675491.0,236.0,4.0660312918465475,0.45076205418312654,-9.70003882710694,,,,,,,,,,
acc,1778675491.0,236.0,4.029437667316202,0.4481567713077768,-9.704397465196056,,,,,,,,,,
acc,1778675491.0,236.0,3.9931765740914664,0.44593013385727603,-9.707403113552335,,,,,,,,,,
acc,1778675491.0,236.0,3.9586293613226733,0.44372373016793,-9.709281051313578,,,,,,,,,,
acc,1778675491.0,236.0,3.92720032001011,0.44118240551219134,-9.709438085674142,,,,,,,,,,
acc,1778675491.0,236.0,3.8970862787717424,0.4383447068100592,-9.709274225628327,,,,,,,,,,
acc,1778675491.0,236.0,3.8676008588338457,0.4355327946668279,-9.70804696019387,,,,,,,,,,
acc,1778675491.0,236.0,3.8397677478756203,0.43239147298305,-9.705410981821412,,,,,,,,,,
acc,1778675491.0,236.0,3.8125425220031532,0.4292786969220206,-9.704538289628976,,,,,,,,,,
acc,1778675491.0,236.0,3.785209733734084,0.42619420708573474,-9.70193419502914,,,,,,,,,,
acc,1778675491.0,236.0,3.7581253222761597,0.4231377464333727,-9.69867932592146,,,,,,,,,,
acc,1778675491.0,236.0,3.731641992368527,0.4201090602598801,-9.695489528617525,,,,,,,,,,
acc,1778675491.0,236.0,3.7053993201269253,0.4171078961747425,-9.69126382303353,,,,,,,,,,
acc,1778675491.0,236.0,3.6790401568885653,0.41413400408095274,-9.68778644965213,,,,,,,,,,
acc,1778675491.0,236.0,3.65224608472252,0.4115420979276053,-9.68398570478096,,,,,,,,,,
acc,1778675491.0,236.0,3.625340523119628,0.40929321219593806,-9.680538974302515,,,,,,,,,,
acc,1778675491.0,236.0,3.598324494286894,0.40741973325919373,-9.677159059098509,,,,,,,,,,
acc,1778675491.0,236.0,3.570844031194675,0.4059182497441276,-9.672744954154846,,,,,,,,,,
acc,1778675491.0,236.0,3.5429388485809628,0.40478537218997573,-9.668690428204215,,,,,,,,,,
acc,1778675491.0,236.0,3.51422234071005,0.4043372275242658,-9.664708249736321,,,,,,,,,,
acc,1778675491.0,236.0,3.485447316287344,0.40389315521084956,-9.660371792652084,,,,,,,,,,
acc,1778675491.0,236.0,3.4562238418403197,0.4034531182437009,-9.656465206771056,,,,,,,,,,
acc,1778675491.0,236.0,3.4269109633566797,0.4033720417265081,-9.652594120573927,,,,,,,,,,
acc,1778675491.0,236.0,3.3975094841760796,0.40364667282336575,-9.648758211470179,,,,,,,,,,
acc,1778675491.0,236.0,3.367345780238299,0.4042737700830609,-9.644602188940146,,,,,,,,,,
acc,1778675491.0,236.0,3.337101207171632,0.40489516882359633,-9.641158371033285,,,,,,,,,,
acc,1778675491.0,236.0,3.306776508932127,0.4055109208282004,-9.63774584757401,,,,,,,,,,
acc,1778675491.0,236.0,3.2760529371276066,0.4061210774095401,-9.634399828545282,,,,,,,,,,
acc,1778675491.0,236.0,3.2448986220171716,0.4067256894139973,-9.631794147886275,,,,,,,,,,
acc,1778675491.0,236.0,3.213672448685136,0.40732480722590564,-9.629176651046343,,,,,,,,,,
acc,1778675491.0,236.0,3.1824105644769713,0.40791848077174947,-9.626866912814268,,,,,,,,,,
acc,1778675491.0,236.0,3.151077790455273,0.4085067595243243,-9.62461365785151,,,,,,,,,,
acc,1778675491.0,236.0,3.1196747708055397,0.4087347307334239,-9.623055316800999,,,,,,,,,,
acc,1778675491.0,236.0,3.08855711472004,0.40896063033675134,-9.621866107470794,,,,,,,,,,
acc,1778675491.0,236.0,3.057012305513896,0.40847454452526466,-9.620687704649546,,,,,,,,,,
acc,1778675492.0,237.0,3.026109110106647,0.40799287584248844,-9.620584904544463,,,,,,,,,,
acc,1778675492.0,237.0,2.995131774518471,0.4071961076487085,-9.620483038598092,,,,,,,,,,
acc,1778675492.0,237.0,2.964116457744181,0.40640657979723266,-9.620382098321604,,,,,,,,,,
acc,1778675492.0,237.0,2.933382981424703,0.4056242264940732,-9.620637046163884,,,,,,,,,,
acc,1778675492.0,237.0,2.903248260937668,0.40449402076968605,-9.621244639033446,,,,,,,,,,
acc,1778675492.0,237.0,2.8737423405791467,0.4030191236069275,-9.621846710622927,,,,,,,,,,
acc,1778675492.0,237.0,2.8445045445823403,0.4012026581772296,-9.623437216792572,,,,,,,,,,
acc,1778675492.0,237.0,2.8162423690982576,0.39975767007961976,-9.624658298953044,,,,,,,,,,
acc,1778675492.0,237.0,2.788911454169026,0.3983258127878499,-9.62625875019225,,,,,,,,,,
acc,1778675492.0,237.0,2.761828899027642,0.3965519961199057,-9.62745419269015,,,,,,,,,,
acc,1778675492.0,237.0,2.735702379428519,0.3947942983683049,-9.628993742898015,,,,,,,,,,
acc,1778675492.0,237.0,2.7098132751110153,0.3930525730582347,-9.63090976822161,,,,,,,,,,
acc,1778675492.0,237.0,2.6848693612837793,0.3913266750459194,-9.633518314993232,,,,,,,,,,
acc,1778675492.0,237.0,2.66047158365017,0.3896164605065246,-9.63574818668053,,,,,,,,,,
acc,1778675492.0,237.0,2.6366504737553003,0.38756681606159876,-9.63795779521672,,,,,,,,,,
acc,1778675492.0,237.0,2.6137557712877233,0.3855357970180114,-9.640502295596416,,,,,,,,,,
acc,1778675492.0,237.0,2.5917435453213757,0.3838782049847488,-9.642988170303692,,,,,,,,,,
acc,1778675492.0,237.0,2.570286318344378,0.3822356757185682,-9.64545145552516,,,,,,,,,,
acc,1778675492.0,237.0,2.5493790379173444,0.38060807234203087,-9.648282821755078,,,,,,,,,,
acc,1778675492.0,237.0,2.5286617448268043,0.37899525922152205,-9.650733497196706,,,,,,,,,,
acc,1778675492.0,237.0,2.5084876834922394,0.3777520728165216,-9.653516864786535,,,,,,,,,,
acc,1778675492.0,237.0,2.4888519084047345,0.37616521255701596,-9.656239445171849,,,,,,,,,,
acc,1778675492.0,237.0,2.4693945663095964,0.37459277231522337,-9.65893728509426,,,,,,,,,,
acc,1778675492.0,237.0,2.4504335031751707,0.3733895919150303,-9.661291141960241,,,,,,,,,,
acc,1778675492.0,237.0,2.4319997126932495,0.3721973449808302,-9.664298047278812,,,,,,,,,,
acc,1778675492.0,237.0,2.4133784617434793,0.37172585570558286,-9.666922657574084,,,,,,,,,,
acc,1778675492.0,237.0,2.3952813955260943,0.37054872737143996,-9.669168446813579,,,,,,,,,,
acc,1778675492.0,237.0,2.37734877984167,0.3704116958121063,-9.67142933170403,,,,,,,,,,
acc,1778675492.0,237.0,2.3595791203055656,0.36960147120333087,-9.673989139035642,,,,,,,,,,
acc,1778675492.0,237.0,2.34197093611282,0.36915357099059126,-9.675851246771416,,,,,,,,,,
acc,1778675492.0,237.0,2.323848321640658,0.368354779135332,-9.678015900691271,,,,,,,,,,
acc,1778675492.0,237.0,2.305890389861966,0.36756324601166734,-9.679805922329416,,,,,,,,,,
acc,1778675492.0,237.0,2.288095644282429,0.3667789056585037,-9.681934639567858,,,,,,,,,,
acc,1778675492.0,237.0,2.270462602006582,0.3652917600801361,-9.684044012859598,,,,,,,,,,
acc,1778675492.0,237.0,2.252989793614236,0.3638181283984418,-9.685779256212307,,,,,,,,,,
acc,1778675492.0,237.0,2.2356757630380244,0.3623578878107807,-9.687853692943134,,,,,,,,,,
acc,1778675492.0,237.0,2.217809134808057,0.36055594576986394,-9.689944782428762,,,,,,,,,,
acc,1778675492.0,237.0,2.200459833949897,0.35877037822442803,-9.691661899035685,,,,,,,,,,
acc,1778675492.0,237.0,2.1832681885778995,0.35700103637717745,-9.693363411967528,,,,,,,,,,
acc,1778675492.0,237.0,2.16623276605495,0.3552477727829583,-9.695049463017035,,,,,,,,,,
acc,1778675492.0,237.0,2.148997175901932,0.35319097392295157,-9.69703966010198,,,,,,,,,,
acc,1778675492.0,237.0,2.1319182079302395,0.3511528654774384,-9.699011771991932,,,,,,,,,,
acc,1778675492.0,237.0,2.114994438892541,0.34913327760404833,-9.700965963029551,,,,,,,,,,
acc,1778675492.0,237.0,2.097869496701314,0.3474515094173115,-9.702547434290654,,,,,,,,,,
acc,1778675492.0,237.0,2.080900171218146,0.346139994550266,-9.70446949627805,,,,,,,,,,
acc,1778675492.0,237.0,2.064440010106015,0.344840397599433,-9.706409595670522,,,,,,,,,,
acc,1778675492.0,237.0,2.047419492110717,0.34355261026506667,-9.707941599892143,,,,,,,,,,
acc,1778675492.0,237.0,2.0305536419064287,0.3422765252315558,-9.709814644353859,,,,,,,,,,
acc,1778675492.0,237.0,2.013521586592113,0.3413670070190541,-9.711351200789084,,,,,,,,,,
acc,1778675492.0,237.0,1.9966443039100132,0.340465753723804,-9.712873794324375,,,,,,,,,,
acc,1778675492.0,237.0,1.9795654256464705,0.33992765201479974,-9.714382551842526,,,,,,,,,,
acc,1778675492.0,237.0,1.9626417455017315,0.3393944401101301,-9.716232569933904,,,,,,,,,,
acc,1778675492.0,237.0,1.9462268149425532,0.33922103534890513,-9.717320349662186,,,,,,,,,,
acc,1778675492.0,237.0,1.9292511164839448,0.3386942445671904,-9.718433738946189,,,,,,,,,,
acc,1778675492.0,237.0,1.9127846493956167,0.33817224080585623,-9.719537010708438,,,,,,,,,,
acc,1778675492.0,237.0,1.8964678153614047,0.3380099423380248,-9.720949724301764,,,,,,,,,,
acc,1778675492.0,237.0,1.8799442837845664,0.33816859519937875,-9.721675162098023,,,,,,,,,,
acc,1778675492.0,237.0,1.86357090381471,0.3380063298596754,-9.722394007741125,,,,,,,,,,
acc,1778675492.0,237.0,1.8473463110035049,0.3374905772740248,-9.723070826774954,,,,,,,,,,
acc,1778675492.0,237.0,1.8316241241621234,0.3373344731765826,-9.723386524600441,,,,,,,,,,
acc,1778675492.0,237.0,1.815689836137182,0.33717978761857176,-9.723450884029763,,,,,,,,,,
acc,1778675492.0,237.0,1.7999003451819189,0.33702650770952913,-9.723514658616086,,,,,,,,,,
acc,1778675492.0,237.0,1.784609306365994,0.336874620676129,-9.72382632328051,,,,,,,,,,
acc,1778675492.0,237.0,1.7694572193255997,0.33672411386111856,-9.723886686198659,,,,,,,,,,
acc,1778675492.0,237.0,1.754442821386816,0.33622001294882764,-9.72423047364426,,,,,,,,,,
acc,1778675492.0,237.0,1.73991982312325,0.3357204928709491,-9.724251660545342,,,,,,,,,,
acc,1778675492.0,237.0,1.7251738355715087,0.3355804737742454,-9.723953187504616,,,,,,,,,,
acc,1778675492.0,237.0,1.7105618468393984,0.3350867652769206,-9.723976894143036,,,,,,,,,,
acc,1778675492.0,237.0,1.696437601034627,0.3349525049501378,-9.72403588880302,,,,,,,,,,
acc,1778675492.0,237.0,1.6824417041966082,0.33446450289199864,-9.723703882149914,,,,,,,,,,
acc,1778675492.0,237.0,1.6685729900006059,0.3339809353757671,-9.723729854260425,,,,,,,,,,
acc,1778675492.0,237.0,1.654830302720437,0.3335017621041503,-9.72375559035879,,,,,,,,,,
acc,1778675492.0,237.0,1.6412124971321616,0.3330269431460421,-9.723781092589686,,,,,,,,,,
acc,1778675492.0,237.0,1.6277184384186472,0.33220147715976056,-9.723806363078298,,,,,,,,,,
acc,1778675492.0,237.0,1.6143470020750008,0.33138351229657564,-9.723831403930498,,,,,,,,,,
acc,1778675492.0,237.0,1.6014165412283803,0.3305729803927488,-9.723891720680081,,,,,,,,,,
acc,1778675492.0,237.0,1.5886035812601955,0.32976981390395466,-9.723951489323053,,,,,,,,,,
acc,1778675492.0,237.0,1.575587587010263,0.32897394589965256,-9.723975211393082,,,,,,,,,,
acc,1778675492.0,237.0,1.5626898708925812,0.32818531005750873,-9.723998717897393,,,,,,,,,,
acc,1778675492.0,237.0,1.5495543963240381,0.3274038406578697,-9.724022010794863,,,,,,,,,,
acc,1778675492.0,237.0,1.536893247395291,0.3266294725782855,-9.724045092026566,,,,,,,,,,
acc,1778675492.0,237.0,1.524666619484013,0.32586214128808283,-9.72435193656954,,,,,,,,,,
acc,1778675492.0,237.0,1.5125510966243587,0.3251017828429875,-9.725046457994386,,,,,,,,,,
acc,1778675492.0,237.0,1.5002262017759036,0.3243483338797958,-9.725379706433962,,,,,,,,,,
acc,1778675492.0,237.0,1.4876583431708277,0.323601731611094,-9.725709926599073,,,,,,,,,,
acc,1778675492.0,237.0,1.475559652201118,0.3228619138200265,-9.726356613421588,,,,,,,,,,
acc,1778675492.0,237.0,1.4635709037024254,0.32212881885511063,-9.726677956298369,,,,,,,,,,
acc,1778675492.0,237.0,1.4516910986123746,0.3214023856250994,-9.727315846501693,,,,,,,,,,
acc,1778675492.0,237.0,1.439919246947208,0.3206825535938902,-9.728338405329382,,,,,,,,,,
acc,1778675492.0,237.0,1.428254367719287,0.31996926277548055,-9.729706633797617,,,,,,,,,,
acc,1778675492.0,237.0,1.417014956268862,0.31926245372896883,-9.730352496351326,,,,,,,,,,
acc,1778675492.0,237.0,1.4055582114846068,0.3185620675536012,-9.731702422497074,,,,,,,,,,
acc,1778675492.0,237.0,1.3942055757179752,0.3178680458838631,-9.73304008167803,,,,,,,,,,
acc,1778675492.0,237.0,1.382956102915987,0.3175352926580508,-9.734010623592358,,,,,,,,,,
acc,1778675492.0,237.0,1.371808855622575,0.31685060143319116,-9.734972346058651,,,,,,,,,,
acc,1778675492.0,237.0,1.3607629049004648,0.31617213209178424,-9.735925329220448,,,,,,,,,,
acc,1778675492.0,237.0,1.349817330253763,0.31514485723414504,-9.73722461426645,,,,,,,,,,
acc,1778675492.0,237.0,1.338971219551249,0.31448188822518197,-9.738512092530307,,,,,,,,,,
acc,1778675492.0,237.0,1.3282236689503644,0.31382494370690434,-9.739432909528439,,,,,,,,,,
acc,1778675492.0,237.0,1.3175737828218923,0.3131739689339356,-9.741055291569708,,,,,,,,,,
acc,1778675492.0,237.0,1.307020673675322,0.31252890965837804,-9.742307959941368,,,,,,,,,,
acc,1778675492.0,237.0,1.2968829294984108,0.311889712125292,-9.743513750783107,,,,,,,,,,
acc,1778675492.0,237.0,1.2865178409854383,0.3112563230682164,-9.7450990496579,,,,,,,,,,
acc,1778675492.0,237.0,1.2762469414592146,0.3109836514781653,-9.746314971842926,,,,,,,,,,
acc,1778675492.0,237.0,1.2660693750114458,0.3103584959189686,-9.747164883002169,,,,,,,,,,
acc,1778675492.0,237.0,1.2559842935115946,0.30973902123443176,-9.748362032675097,,,,,,,,,,
acc,1778675492.0,237.0,1.2459908565362028,0.3094801375751,-9.749548303684081,,,,,,,,,,
acc,1778675492.0,237.0,1.2360882312988555,0.3088686446537973,-9.750368833111605,,,,,,,,,,
acc,1778675492.0,237.0,1.2265950599943027,0.30826270845288245,-9.75150137368874,,,,,,,,,,
acc,1778675492.0,237.0,1.21686868703123,0.3080172402511075,-9.752304155300163,,,,,,,,,,
acc,1778675492.0,237.0,1.2072306989587431,0.30741904087925126,-9.753099641924527,,,,,,,,,,
acc,1778675492.0,237.0,1.1976802926111696,0.30718123920090384,-9.753887899852385,,,,,,,,,,
acc,1778675492.0,237.0,1.188536139534833,0.30694559845915653,-9.754633500411982,,,,,,,,,,
acc,1778675492.0,237.0,1.1791556132232717,0.3067120990172808,-9.75501735473604,,,,,,,,,,
acc,1778675492.0,237.0,1.1698603290461456,0.30648072141698984,-9.755397720922993,,,,,,,,,,
acc,1778675492.0,237.0,1.16064951239644,0.30625144637681695,-9.755774630670022,,,,,,,,,,
acc,1778675492.0,237.0,1.1518418631196201,0.3060242547905088,-9.75618360974619,,,,,,,,,,
acc,1778675492.0,237.0,1.1427947827512075,0.3057991277254332,-9.756553378013253,,,,,,,,,,
acc,1778675492.0,237.0,1.1338299144480242,0.3055760464210014,-9.75691978614515,,,,,,,,,,
acc,1778675492.0,237.0,1.125265978551231,0.3057099540605402,-9.757282864675894,,,,,,,,,,
acc,1778675492.0,237.0,1.1164603969057973,0.3054876830894818,-9.757323176448507,,,,,,,,,,
acc,1778675492.0,237.0,1.1077348327934393,0.30562239369878313,-9.757718083675927,,,,,,,,,,
acc,1778675492.0,237.0,1.0994080264973336,0.3054009184007905,-9.757718937106498,,,,,,,,,,
acc,1778675492.0,237.0,1.0911568870367694,0.3051814556793312,-9.757719782781827,,,,,,,,,,
acc,1778675492.0,237.0,1.0829807268167915,0.3049639872458452,-9.757720620772387,,,,,,,,,,
acc,1778675492.0,237.0,1.0752338353512882,0.3047484949779631,-9.757721451148013,,,,,,,,,,
acc,1778675492.0,237.0,1.0672023700948245,0.30453496091799576,-9.757722273977901,,,,,,,,,,
acc,1778675493.0,238.0,1.0589244204556825,0.30432336727143827,-9.757758592777675,,,,,,,,,,
acc,1778675493.0,238.0,1.0510411610984312,0.30375873463205116,-9.75775907809646,,,,,,,,,,
acc,1778675493.0,238.0,1.0432295380046048,0.30319923288721673,-9.757759559005084,,,,,,,,,,
acc,1778675493.0,238.0,1.0354889002056122,0.30264481541178956,-9.758469977264774,,,,,,,,,,
acc,1778675493.0,238.0,1.0278186026483034,0.3020954360043134,-9.758463998134756,,,,,,,,,,
acc,1778675493.0,238.0,1.0202180061412152,0.3015510488831709,-9.758209603731366,,,,,,,,,,
acc,1778675493.0,238.0,1.012367009887786,0.3006566378221954,-9.758560961512076,,,,,,,,,,
acc,1778675493.0,238.0,1.004587356718514,0.3001253252582784,-9.759299591676735,,,,,,,,,,
acc,1778675493.0,238.0,0.997197865742488,0.29959884080479954,-9.759676538946794,,,,,,,,,,
acc,1778675493.0,238.0,0.9895560566750878,0.29907714058805446,-9.760405031705671,,,,,,,,,,
acc,1778675493.0,238.0,0.9823031571925968,0.298560181133025,-9.761091410190609,,,,,,,,,,
acc,1778675493.0,238.0,0.9747966983930189,0.29804791935975666,-9.76216200759308,,,,,,,,,,
acc,1778675493.0,238.0,0.967358451818307,0.29718534171919503,-9.763222876329516,,,,,,,,,,
acc,1778675493.0,238.0,0.9599877976145801,0.29633060244044335,-9.764274104805647,,,,,,,,,,
acc,1778675493.0,238.0,0.9523291597872188,0.2951286594346551,-9.76496081885041,,,,,,,,,,
acc,1778675493.0,238.0,0.9447401170565064,0.2946475803716329,-9.765641292630077,,,,,,,,,,
acc,1778675493.0,238.0,0.9372200370022155,0.29417087294030836,-9.766315582850797,,,,,,,,,,
acc,1778675493.0,238.0,0.9297682929510079,0.2933435265544889,-9.767338707476856,,,,,,,,,,
acc,1778675493.0,238.0,0.922384263924213,0.2925236983792157,-9.767997573055103,,,,,,,,,,
acc,1778675493.0,238.0,0.9150673345860785,0.29206629095604736,-9.768650451431105,,,,,,,,,,
acc,1778675493.0,238.0,0.9074619243319195,0.29161304005712535,-9.769652358784828,,,,,,,,,,
acc,1778675493.0,238.0,0.9002805963486948,0.2911639079115414,-9.770290199895014,,,,,,,,,,
acc,1778675493.0,238.0,0.893519487855268,0.29071885709161677,-9.770922244855191,,,,,,,,,,
acc,1778675493.0,238.0,0.8868198184858292,0.2902778505097831,-9.771903508109208,,,,,,,,,,
acc,1778675493.0,238.0,0.8801810299345976,0.28984085141549193,-9.772875854488902,,,,,,,,,,
acc,1778675493.0,238.0,0.8736025689691937,0.28976278516558757,-9.773093938029211,,,,,,,,,,
acc,1778675493.0,238.0,0.8670838873845373,0.289685428314447,-9.773700505034846,,,,,,,,,,
acc,1778675493.0,238.0,0.860624441957163,0.28960877441566596,-9.774301560082566,,,,,,,,,,
acc,1778675493.0,238.0,0.8538687326265163,0.2895328170814196,-9.774506688039805,,,,,,,,,,
acc,1778675493.0,238.0,0.8475293751303573,0.28945754998192996,-9.774709951971047,,,,,,,,,,
acc,1778675493.0,238.0,0.8412476242487925,0.28938296684493886,-9.774911368814953,,,,,,,,,,
acc,1778675493.0,238.0,0.8350229565025817,0.2893090614551848,-9.77511095535626,,,,,,,,,,
acc,1778675493.0,238.0,0.8288548531694129,0.2892358276538854,-9.775308728227179,,,,,,,,,,
acc,1778675493.0,238.0,0.8227428002406748,0.28880829756478826,-9.775504703908785,,,,,,,,,,
acc,1778675493.0,238.0,0.8163313266051879,0.2887396142739237,-9.775698898732383,,,,,,,,,,
acc,1778675493.0,238.0,0.8103330766870204,0.28831659334414644,-9.775891328880876,,,,,,,,,,
acc,1778675493.0,238.0,0.80438933369191,0.2882523782372501,-9.775762542976588,,,,,,,,,,
acc,1778675493.0,238.0,0.7988190697214602,0.2881887466618735,-9.775599423920495,,,,,,,,,,
acc,1778675493.0,238.0,0.7932994235068205,0.2881256933153854,-9.775828252370218,,,,,,,,,,
acc,1778675493.0,238.0,0.787829935077473,0.28806321294334025,-9.776374477924962,,,,,,,,,,
acc,1778675493.0,238.0,0.7824101486427153,0.28729136770503155,-9.776205798131722,,,,,,,,,,
acc,1778675493.0,238.0,0.7770396125536778,0.28688150719127153,-9.77642911637548,,,,,,,,,,
acc,1778675493.0,238.0,0.7717178792656865,0.2868303329098797,-9.77696988179626,,,,,,,,,,
acc,1778675493.0,238.0,0.7667994761615405,0.28677962365623033,-9.777186256706534,,,,,,,,,,
acc,1778675493.0,238.0,0.7619257672637414,0.28637441343111675,-9.777010200167709,,,,,,,,,,
acc,1778675493.0,238.0,0.7570963464298809,0.286327847180558,-9.777226208699387,,,,,,,,,,
acc,1778675493.0,238.0,0.752310811208223,0.28628170408393094,-9.777049789111302,,,,,,,,,,
acc,1778675493.0,238.0,0.7475687628041656,0.285881018522542,-9.77687497267231,,,,,,,,,,
acc,1778675493.0,238.0,0.7425148351864355,0.28548397404602993,-9.776701744814373,,,,,,,,,,
acc,1778675493.0,238.0,0.7375068333049708,0.28509053756735503,-9.776530091101838,,,,,,,,,,
acc,1778675493.0,238.0,0.7325443398262815,0.2847006763001441,-9.776359997230228,,,,,,,,,,
acc,1778675493.0,238.0,0.7276269412092444,0.2843143577559582,-9.776581914245543,,,,,,,,,,
acc,1778675493.0,238.0,0.7224347602571219,0.2839315497415853,-9.776766320310463,,,,,,,,,,
acc,1778675493.0,238.0,0.7172897613683542,0.28390718212979305,-9.776949050652075,,,,,,,,,,
acc,1778675493.0,238.0,0.7125109832065534,0.28388303594984493,-9.777165614857823,,,,,,,,,,
acc,1778675493.0,238.0,0.7074561630465003,0.2835041474161238,-9.777344716754895,,,,,,,,,,
acc,1778675493.0,238.0,0.7024472767333677,0.2831287018946873,-9.777912656348851,,,,,,,,,,
acc,1778675493.0,238.0,0.6974839068599629,0.28311162987184424,-9.778084969777014,,,,,,,,,,
acc,1778675493.0,238.0,0.6925656398121297,0.28309471298482386,-9.778255717369325,,,,,,,,,,
acc,1778675493.0,238.0,0.6873371039608454,0.2834329115973211,-9.778779884215323,,,,,,,,,,
acc,1778675493.0,238.0,0.6825110423083266,0.28305811340558035,-9.779334782244922,,,,,,,,,,
acc,1778675493.0,238.0,0.6777288357426668,0.2830416828300589,-9.779494172619218,,,,,,,,,,
acc,1778675493.0,238.0,0.6729900857466523,0.2826704397880045,-9.780042579811722,,,,,,,,,,
acc,1778675493.0,238.0,0.6679394356510144,0.28230257028259903,-9.780586003552544,,,,,,,,,,
acc,1778675493.0,238.0,0.6629346815083476,0.282293005431486,-9.78147945090043,,,,,,,,,,
acc,1778675493.0,238.0,0.6579754062558063,0.2819285657240567,-9.78200981759579,,,,,,,,,,
acc,1778675493.0,238.0,0.653061196620453,0.2815674377304378,-9.782535364775951,,,,,,,,,,
acc,1778675493.0,238.0,0.6485466048582538,0.2815645531300653,-9.78266567101602,,,,,,,,,,
acc,1778675493.0,238.0,0.644073037813126,0.28120673296901805,-9.783185258365828,,,,,,,,,,
acc,1778675493.0,238.0,0.6392851609143804,0.2808521643690516,-9.783700124153833,,,,,,,,,,
acc,1778675493.0,238.0,0.6348957538858132,0.2805008177827825,-9.78421031128552,,,,,,,,,,
acc,1778675493.0,238.0,0.6305462340034031,0.2801526639313287,-9.78432539705599,,,,,,,,,,
acc,1778675493.0,238.0,0.6262362388071601,0.27980767380186916,-9.784829902246704,,,,,,,,,,
acc,1778675493.0,238.0,0.6222848765443372,0.279820780418662,-9.784974852068698,,,,,,,,,,
acc,1778675493.0,238.0,0.6183694208545596,0.27983376793382303,-9.785118484711699,,,,,,,,,,
acc,1778675493.0,238.0,0.6141700780363337,0.2794916756562097,-9.785225317785176,,,,,,,,,,
acc,1778675493.0,238.0,0.6100088952246109,0.2795076537916699,-9.785331180051802,,,,,,,,,,
acc,1778675493.0,238.0,0.6058855256541568,0.27916852495817723,-9.785436080333433,,,,,,,,,,
acc,1778675493.0,238.0,0.60211909312436,0.27918743960853326,-9.785575521731673,,,,,,,,,,
acc,1778675493.0,238.0,0.5983868866856569,0.2788512206054211,-9.785713696006724,,,,,,,,,,
acc,1778675493.0,238.0,0.5943691279073248,0.27851805687069275,-9.785815120313194,,,,,,,,,,
acc,1778675493.0,238.0,0.5903878790563183,0.27818792064070363,-9.785596155549502,,,,,,,,,,
acc,1778675493.0,238.0,0.5867622757754193,0.2778607844041012,-9.785734142322209,,,,,,,,,,
acc,1778675493.0,238.0,0.583169618850835,0.27789158267296804,-9.78587087519011,,,,,,,,,,
acc,1778675493.0,238.0,0.5796096088944882,0.2779221010737243,-9.78600636554761,,,,,,,,,,
acc,1778675493.0,238.0,0.5760819492388827,0.27759738037613446,-9.786140624685572,,,,,,,,,,
acc,1778675493.0,238.0,0.5725863459123803,0.2772756104602426,-9.786273663792258,,,,,,,,,,
acc,1778675493.0,238.0,0.5691225076147041,0.27695676451188916,-9.78640549395426,,,,,,,,,,
acc,1778675493.0,238.0,0.5653706782791428,0.2769957777340139,-9.78650063179751,,,,,,,,,,
acc,1778675493.0,238.0,0.5619724097469576,0.2766794746641809,-9.786630399469992,,,,,,,,,,
acc,1778675493.0,238.0,0.558605021748918,0.2763660458839033,-9.786758987925763,,,,,,,,,,
acc,1778675493.0,238.0,0.5552682336693575,0.2757004944135427,-9.786886407880528,,,,,,,,,,
acc,1778675493.0,238.0,0.5516423000290833,0.27504099090104994,-9.787367640813189,,,,,,,,,,
acc,1778675493.0,238.0,0.5483687831606644,0.2747424512483722,-9.787489529855344,,,,,,,,,,
acc,1778675493.0,238.0,0.5444505840038871,0.2744466244666318,-9.787965282135561,,,,,,,,,,
acc,1778675493.0,238.0,0.540922951835879,0.274153485903597,-9.78843671118929,,,,,,,,,,
acc,1778675493.0,238.0,0.5374273757471906,0.27386301113105416,-9.788513391081795,,,,,,,,,,
acc,1778675493.0,238.0,0.5339635644398144,0.27322020508219896,-9.788589374173556,,,,,,,,,,
acc,1778675493.0,238.0,0.5305312292628082,0.2729382111610072,-9.788664666796498,,,,,,,,,,
acc,1778675493.0,238.0,0.5271300841882405,0.27301374153084773,-9.789129740445496,,,,,,,,,,
acc,1778675493.0,238.0,0.5237598457873552,0.27308858554581583,-9.789200122685708,,,,,,,,,,
acc,1778675493.0,238.0,0.5204202332069522,0.2728077876694772,-9.78926986535281,,,,,,,,,,
acc,1778675493.0,238.0,0.5171109681459831,0.27217457058153777,-9.789338974258694,,,,,,,,,,
acc,1778675493.0,238.0,0.5138317748323595,0.2719020784850534,-9.789407455162431,,,,,,,,,,
acc,1778675493.0,238.0,0.510582379999972,0.2716320625617761,-9.789475313770765,,,,,,,,,,
acc,1778675493.0,238.0,0.5073625128659178,0.2717194620838145,-9.78993302095907,,,,,,,,,,
acc,1778675493.0,238.0,0.5044913725214553,0.27180606739435986,-9.790031598038548,,,,,,,,,,
acc,1778675493.0,238.0,0.5013268552111834,0.2715369239370859,-9.790093784974612,,,,,,,,,,
acc,1778675493.0,238.0,0.49819109430551234,0.2709152553629001,-9.790155406809426,,,,,,,,,,
acc,1778675493.0,238.0,0.49540329590455295,0.2706542068372345,-9.790571439538713,,,,,,,,,,
acc,1778675493.0,238.0,0.49196640142463055,0.270395530495472,-9.790628720860722,,,,,,,,,,
acc,1778675493.0,238.0,0.48891570025159575,0.2704941665546863,-9.791075946879959,,,,,,,,,,
acc,1778675493.0,238.0,0.48589272122024857,0.2705919062944468,-9.791128643674279,,,,,,,,,,
acc,1778675493.0,238.0,0.4832166798291893,0.2703337960862963,-9.791216355965489,,,,,,,,,,
acc,1778675493.0,238.0,0.4805649559947825,0.26972306050057976,-9.791622747703686,,,,,,,,,,
acc,1778675493.0,238.0,0.47761786132652234,0.2694728456138115,-9.791670475643619,,,,,,,,,,
acc,1778675493.0,238.0,0.47469754731337277,0.2695798662376133,-9.791717769873188,,,,,,,,,,
acc,1778675493.0,238.0,0.4714488088223971,0.2700408761237038,-9.791800128693495,,,,,,,,,,
acc,1778675493.0,238.0,0.468904021252445,0.2701427349760357,-9.791881739107861,,,,,,,,,,
acc,1778675493.0,238.0,0.4663823585175973,0.2698887064495134,-9.79228208441781,,,,,,,,,,
acc,1778675493.0,238.0,0.4638836104792927,0.2696369863151952,-9.792359315234137,,,,,,,,,,
acc,1778675493.0,238.0,0.460733139721573,0.26974251536983884,-9.792790815103972,,,,,,,,,,
acc,1778675493.0,238.0,0.45796625949893227,0.2702020472408655,-9.792863423014493,,,,,,,,,,
acc,1778675493.0,238.0,0.4552245222979165,0.27065740328249555,-9.793254847627589,,,,,,,,,,
acc,1778675493.0,238.0,0.45250769964042553,0.27075365966763026,-9.793287744450748,,,,,,,,,,
acc,1778675493.0,238.0,0.4501350325380908,0.27049407958430177,-9.79335583669586,,,,,,,,,,
acc,1778675493.0,238.0,0.447464458774948,0.27059182011437416,-9.793778281037936,,,,,,,,,,
acc,1778675494.0,239.0,0.44446319110993426,0.27068867246278944,-9.794196886570099,,,,,,,,,,
acc,1778675494.0,239.0,0.44148919637751305,0.27113960647401214,-9.794576193816226,,,,,,,,,,
acc,1778675494.0,239.0,0.4388971885182255,0.2712314810123388,-9.794597083384598,,,,,,,,,,
acc,1778675494.0,239.0,0.436648202004834,0.2709675589006476,-9.794653277486503,,,,,,,,,,
acc,1778675494.0,239.0,0.43441965234160956,0.2707060350855315,-9.795028437445522,,,,,,,,,,
acc,1778675494.0,239.0,0.4318918864025607,0.27044688777333914,-9.795435682634244,,,,,,,,,,
acc,1778675494.0,239.0,0.42938709062071206,0.2705450571418968,-9.795839227129852,,,,,,,,,,
acc,1778675494.0,239.0,0.42690505626308184,0.27064233443188296,-9.796239104561053,,,,,,,,,,
acc,1778675494.0,239.0,0.42444557649347353,0.27038376597630287,-9.796244883030479,,,,,,,,,,
acc,1778675494.0,239.0,0.42268288462933246,0.2697725763073142,-9.796286103350074,,,,,,,,,,
acc,1778675494.0,239.0,0.4205812397283372,0.2691669406030178,-9.796646425595604,,,,,,,,,,
acc,1778675494.0,239.0,0.4181792253504665,0.26892177925434496,-9.796648502682695,,,,,,,,,,
acc,1778675494.0,239.0,0.4157990384080416,0.2690338074940455,-9.79665056089501,,,,,,,,,,
acc,1778675494.0,239.0,0.4137599479656703,0.2687898559442683,-9.79700757126464,,,,,,,,,,
acc,1778675494.0,239.0,0.4117393870189628,0.26819315035524655,-9.797041860931216,,,,,,,,,,
acc,1778675494.0,239.0,0.4097371871878402,0.2672468962515145,-9.79707583900287,,,,,,,,,,
acc,1778675494.0,239.0,0.40743371420879704,0.26666421174971,-9.797074013951192,,,,,,,,,,
acc,1778675494.0,239.0,0.40515117320593796,0.26644179304279125,-9.79707220548401,,,,,,,,,,
acc,1778675494.0,239.0,0.40288937396751273,0.26657635725872825,-9.79707041345062,,,,,,,,,,
acc,1778675494.0,239.0,0.40064812801025146,0.2663547368976679,-9.797068637701683,,,,,,,,,,
acc,1778675494.0,239.0,0.3984272485636577,0.26578015957077583,-9.797457343309711,,,,,,,,,,
acc,1778675494.0,239.0,0.3962265505544442,0.2655657743677546,-9.797452051475858,,,,,,,,,,
acc,1778675494.0,239.0,0.3936908888176748,0.26570829908603283,-9.797446807729628,,,,,,,,,,
acc,1778675494.0,239.0,0.39117826898830677,0.2658495286625682,-9.797441611634042,,,,,,,,,,
acc,1778675494.0,239.0,0.38904344345479003,0.2659894748664922,-9.797436462756092,,,,,,,,,,
acc,1778675494.0,239.0,0.3869280173748945,0.26577318758655283,-9.797431360666705,,,,,,,,,,
acc,1778675494.0,239.0,0.3848318144631136,0.26555886573891235,-9.797816770161196,,,,,,,,,,
acc,1778675494.0,239.0,0.3827546600358712,0.26534649146341677,-9.798198677386534,,,,,,,,,,
acc,1778675494.0,239.0,0.38034141922352965,0.26549100883564536,-9.798186648947832,,,,,,,,,,
acc,1778675494.0,239.0,0.37830506963622557,0.2656342129586102,-9.798174729813208,,,,,,,,,,
acc,1778675494.0,239.0,0.37628722463805786,0.2654211539925528,-9.798162918989403,,,,,,,,,,
acc,1778675494.0,239.0,0.37428771607527667,0.2652100311226614,-9.798151215492181,,,,,,,,,,
acc,1778675494.0,239.0,0.37230637732216837,0.26500082675536357,-9.798530083566739,,,,,,,,,,
acc,1778675494.0,239.0,0.37034304326717027,0.264793523456962,-9.798905508814928,,,,,,,,,,
acc,1778675494.0,239.0,0.36871701771263066,0.26458810395218185,-9.799242028162267,,,,,,,,,,
acc,1778675494.0,239.0,0.36710576807623374,0.2647395128961666,-9.799256013011297,,,,,,,,,,
acc,1778675494.0,239.0,0.36550916008717654,0.26417961333221723,-9.799269870778078,,,,,,,,,,
acc,1778675494.0,239.0,0.36392706069479325,0.26362480165271224,-9.799283602617423,,,,,,,,,,
acc,1778675494.0,239.0,0.36235933805746784,0.2634300024839182,-9.799297209673654,,,,,,,,,,
acc,1778675494.0,239.0,0.36080586153164723,0.26359193525543334,-9.799630169581347,,,,,,,,,,
acc,1778675494.0,239.0,0.35926650166095425,0.26375239652155313,-9.799640627335847,,,,,,,,,,
acc,1778675494.0,239.0,0.3577411301653997,0.2639113996540497,-9.79997046655995,,,,,,,,,,
acc,1778675494.0,239.0,0.3562296199306923,0.26371399612974855,-9.799977831988942,,,,,,,,,,
acc,1778675494.0,239.0,0.35473184499764576,0.26351838643845826,-9.799985130487267,,,,,,,,,,
acc,1778675494.0,239.0,0.3532476805516824,0.2636795160528067,-9.80031183916379,,,,,,,,,,
acc,1778675494.0,239.0,0.35145753549891207,0.2641941432335951,-9.80031610249292,,,,,,,,,,
acc,1778675494.0,239.0,0.3500031251542862,0.264349132152884,-9.80032032708059,,,,,,,,,,
acc,1778675494.0,239.0,0.34856193123675655,0.2645027126665191,-9.80032451327885,,,,,,,,,,
acc,1778675494.0,239.0,0.3468143662333104,0.26465489757287636,-9.800683632297124,,,,,,,,,,
acc,1778675494.0,239.0,0.345082681593717,0.2648056995540313,-9.800649022730934,,,,,,,,,,
acc,1778675494.0,239.0,0.3430117712374876,0.2649551311768158,-9.800614727666638,,,,,,,,,,
acc,1778675494.0,239.0,0.34131464130229683,0.265103204893865,-9.800580744246313,,,,,,,,,,
acc,1778675494.0,239.0,0.33995240083406747,0.2652499330446554,-9.800582563997924,,,,,,,,,,
acc,1778675494.0,239.0,0.3386025392325743,0.2653953278565328,-9.800193901992714,,,,,,,,,,
acc,1778675494.0,239.0,0.3369454765958309,0.2651844396722961,-9.799844275259723,,,,,,,,,,
acc,1778675494.0,239.0,0.33530347191547055,0.26497546785803205,-9.799817293046523,,,,,,,,,,
acc,1778675494.0,239.0,0.3336763883577698,0.2651233567728584,-9.79979055602441,,,,,,,,,,
acc,1778675494.0,239.0,0.3320640903324322,0.26491494002731364,-9.7997640619653,,,,,,,,,,
acc,1778675494.0,239.0,0.330466443481289,0.2647084171934378,-9.799737808661353,,,,,,,,,,
acc,1778675494.0,239.0,0.3288833146671026,0.2645037710609947,-9.799711793924795,,,,,,,,,,
acc,1778675494.0,239.0,0.3273145719624717,0.26430098457614004,-9.79968601558773,,,,,,,,,,
acc,1778675494.0,239.0,0.3254051228654022,0.26410004084000005,-9.799660471501964,,,,,,,,,,
acc,1778675494.0,239.0,0.32386798696867364,0.26390092310726343,-9.800025624759312,,,,,,,,,,
acc,1778675494.0,239.0,0.32234481923752584,0.2637036147847857,-9.799996994598235,,,,,,,,,,
acc,1778675494.0,239.0,0.3208354927413145,0.26350809943020675,-9.799968624603375,,,,,,,,,,
acc,1778675494.0,239.0,0.3193398817028316,0.2633143607505803,-9.799940512410565,,,,,,,,,,
acc,1778675494.0,239.0,0.31785786148782397,0.2634773443744519,-9.799912655677122,,,,,,,,,,
acc,1778675494.0,239.0,0.31638930859460695,0.26328388517025253,-9.800275517302142,,,,,,,,,,
acc,1778675494.0,239.0,0.3149341006437728,0.26309218395648404,-9.800635081553603,,,,,,,,,,
acc,1778675494.0,239.0,0.3134921163679923,0.26290222475804526,-9.800600913174705,,,,,,,,,,
acc,1778675494.0,239.0,0.3117082738284736,0.2630689535184385,-9.80095752050906,,,,,,,,,,
acc,1778675494.0,239.0,0.30994064131177396,0.26287920541818943,-9.801310887303458,,,,,,,,,,
acc,1778675494.0,239.0,0.3085440332886191,0.2626911815850585,-9.801661043005131,,,,,,,,,,
acc,1778675494.0,239.0,0.30716011643490504,0.262504866350393,-9.801617551573232,,,,,,,,,,
acc,1778675494.0,239.0,0.3057887754242272,0.2623202441879234,-9.801964920574454,,,,,,,,,,
acc,1778675494.0,239.0,0.3040749342047325,0.26249226148590493,-9.802309132985723,,,,,,,,,,
acc,1778675494.0,239.0,0.3027316286698571,0.2623077538655748,-9.802259752270919,,,,,,,,,,
acc,1778675494.0,239.0,0.3014005299373708,0.26212492289140016,-9.80260128550596,,,,,,,,,,
acc,1778675494.0,239.0,0.30008152708237934,0.26194375332746644,-9.80254924996097,,,,,,,,,,
acc,1778675494.0,239.0,0.2990939776014976,0.26140925921573677,-9.802852658130718,,,,,,,,,,
acc,1778675494.0,239.0,0.2974409729317942,0.2612345929861816,-9.802798338328069,,,,,,,,,,
acc,1778675494.0,239.0,0.29647741853012355,0.26106151397270866,-9.802780006496864,,,,,,,,,,
acc,1778675494.0,239.0,0.2955226200799971,0.2608900077520668,-9.802761841249533,,,,,,,,,,
acc,1778675494.0,239.0,0.2945764980148773,0.2607200600320709,-9.803063317572963,,,,,,,,,,
acc,1778675494.0,239.0,0.29331950607773916,0.26090661842384655,-9.803007083478951,,,,,,,,,,
acc,1778675494.0,239.0,0.29274837487353367,0.26073651976038864,-9.80330633125247,,,,,,,,,,
acc,1778675494.0,239.0,0.2921824336172343,0.2609229285803463,-9.803283383219602,,,,,,,,,,
acc,1778675494.0,239.0,0.2909471968729769,0.2611076434776857,-9.803225149358752,,,,,,,,,,
acc,1778675494.0,239.0,0.29004265230864507,0.2612906798453149,-9.803202939036932,,,,,,,,,,
acc,1778675494.0,239.0,0.289146327465339,0.261117091162829,-9.803180930543366,,,,,,,,,,
acc,1778675494.0,239.0,0.288613118509895,0.2613000416780422,-9.803478598544668,,,,,,,,,,
acc,1778675494.0,239.0,0.28741031662356736,0.2611263679232931,-9.803418590735276,,,,,,,,,,
acc,1778675494.0,239.0,0.2865379121771445,0.2613092341393064,-9.803394622585028,,,,,,,,,,
acc,1778675494.0,239.0,0.2856734353900698,0.26113547685139576,-9.803370872236663,,,,,,,,,,
acc,1778675494.0,239.0,0.2848168142226109,0.261318260293325,-9.802956872490494,,,,,,,,,,
acc,1778675494.0,239.0,0.28364850987615103,0.26114442098350976,-9.802582138264086,,,,,,,,,,
acc,1778675494.0,239.0,0.28281028948570036,0.26097216137544316,-9.802565771072636,,,,,,,,,,
acc,1778675494.0,239.0,0.2819796861193735,0.2611564288875934,-9.80254955261211,,,,,,,,,,
acc,1778675494.0,239.0,0.2811566305602233,0.26133902193548425,-9.802533481530967,,,,,,,,,,
acc,1778675494.0,239.0,0.2803410542202864,0.2611649939617675,-9.802127091269462,,,,,,,,,,
acc,1778675494.0,239.0,0.27921342172134833,0.2609925474042143,-9.802079364792803,,,,,,,,,,
acc,1778675494.0,239.0,0.2777410744007848,0.2611766296657136,-9.80203207201321,,,,,,,,,,
acc,1778675494.0,239.0,0.2766370682765236,0.2613590391463517,-9.802375674210108,,,,,,,,,,
acc,1778675494.0,239.0,0.2751881326345166,0.2611848292734832,-9.802325688826034,,,,,,,,,,
acc,1778675494.0,239.0,0.2737523636702291,0.2613671642431563,-9.802276157666029,,,,,,,,,,
acc,1778675494.0,239.0,0.2723296417362474,0.2615478423098497,-9.802227076602495,,,,,,,,,,
acc,1778675494.0,239.0,0.27091984827241045,0.2617268785300689,-9.802178441545346,,,,,,,,,,
acc,1778675494.0,239.0,0.2695228657959295,0.2619042878234989,-9.802130248441658,,,,,,,,,,
acc,1778675494.0,239.0,0.26813857789159823,0.26208008497424756,-9.80247295849583,,,,,,,,,,
acc,1778675494.0,239.0,0.2671218309755268,0.26189932285864187,-9.802812554296542,,,,,,,,,,
acc,1778675494.0,239.0,0.2661143233787033,0.2620751651267099,-9.803149064143447,,,,,,,,,,
acc,1778675494.0,239.0,0.2647610093687258,0.26189444771843634,-9.80348251607903,,,,,,,,,,
acc,1778675494.0,239.0,0.26341999310952907,0.2617153725141393,-9.803812937890953,,,,,,,,,,
acc,1778675494.0,239.0,0.26244612462319367,0.2615379245908851,-9.804140357114367,,,,,,,,,,
acc,1778675494.0,239.0,0.2611261440404747,0.2613620891613468,-9.804464801034207,,,,,,,,,,
acc,1778675494.0,239.0,0.26017312007652793,0.26118785157257196,-9.804395831466978,,,,,,,,,,
acc,1778675494.0,239.0,0.2592287563725876,0.2610151973047615,-9.804717953856194,,,,,,,,,,
acc,1778675494.0,239.0,0.25829297423167824,0.2608441119700598,-9.805037149074897,,,,,,,,,,
acc,1778675494.0,239.0,0.2573656956719549,0.26067458131135557,-9.8049629785022,,,,,,,,,,
acc,1778675494.0,239.0,0.2564468434202042,0.26050659120109393,-9.804889481927711,,,,,,,,,,
acc,1778675494.0,239.0,0.25553634090540517,0.26034012764009906,-9.805207118447207,,,,,,,,,,
acc,1778675494.0,239.0,0.2546341122523483,0.26017517675640756,-9.805521868559905,,,,,,,,,,
acc,1778675494.0,239.0,0.2537400822753124,0.26036668657754797,-9.805833758494984,,,,,,,,,,
acc,1778675494.0,239.0,0.25317364388531904,0.2602014943491343,-9.806107319883354,,,,,,,,,,
acc,1778675494.0,239.0,0.25229288538546324,0.2600378032452497,-9.806023424521143,,,,,,,,,,
acc,1778675494.0,239.0,0.25142013045938955,0.2598755996249689,-9.80594029152764,,,,,,,,,,
acc,1778675494.0,239.0,0.2505553063775208,0.26006983174475906,-9.806248379195589,,,,,,,,,,
acc,1778675494.0,239.0,0.25001780848470306,0.2599073370770924,-9.806198696367897,,,,,,,,,,
acc,1778675494.0,239.0,0.2491657274957395,0.2597463190208488,-9.806504435875475,,,,,,,,,,
acc,1778675495.0,240.0,0.2486408568975868,0.259586764157857,-9.806771902726126,,,,,,,,,,
acc,1778675495.0,240.0,0.24812075587084223,0.2594286591918783,-9.806717462568015,,,,,,,,,,
acc,1778675495.0,240.0,0.24728591366023403,0.25962695272093445,-9.806628022755202,,,,,,,,,,
acc,1778675495.0,240.0,0.24677812518928371,0.2594684825559485,-9.8065748900542,,,,,,,,,,
acc,1778675495.0,240.0,0.24627495106209915,0.25966641420461106,-9.80652224017737,,,,,,,,,,
acc,1778675495.0,240.0,0.24577634934750311,0.2595075854476885,-9.806079603516732,,,,,,,,,,
acc,1778675495.0,240.0,0.24496281108183315,0.25970516176298875,-9.805995960016961,,,,,,,,,,
acc,1778675495.0,240.0,0.24415666555042004,0.2599009426751026,-9.80630354181768,,,,,,,,,,
acc,1778675495.0,240.0,0.24335784557446943,0.2597399827256705,-9.806217863359729,,,,,,,,,,
acc,1778675495.0,240.0,0.24256628458565005,0.2599354472149011,-9.806132963473724,,,,,,,,,,
acc,1778675495.0,240.0,0.24210138403406567,0.259774173717964,-9.806084329444591,,,,,,,,,,
acc,1778675495.0,240.0,0.24164070809781746,0.25961436573550345,-9.80564567213909,,,,,,,,,,
acc,1778675495.0,240.0,0.24086475097372453,0.25981097172362305,-9.805956437053995,,,,,,,,,,
acc,1778675495.0,240.0,0.2400958450788794,0.260005791126053,-9.806264378005322,,,,,,,,,,
acc,1778675495.0,240.0,0.2396533937513104,0.2601988401777434,-9.8065340262949,,,,,,,,,,
acc,1778675495.0,240.0,0.23921496303988732,0.2603901349661153,-9.806801224253336,,,,,,,,,,
acc,1778675495.0,240.0,0.23878051640871756,0.26057969143240106,-9.806746517646468,,,,,,,,,,
acc,1778675495.0,240.0,0.23803055024039568,0.2607675253729728,-9.807047279026644,,,,,,,,,,
acc,1778675495.0,240.0,0.23728739911792718,0.260953652440659,-9.806635374712732,,,,,,,,,,
acc,1778675495.0,240.0,0.23655100111205182,0.260783126372613,-9.806546680843564,,,,,,,,,,
acc,1778675495.0,240.0,0.23582129485626913,0.26061414989843146,-9.806849258168288,,,,,,,,,,
acc,1778675495.0,240.0,0.23509821954172447,0.26044670893674143,-9.807149085931194,,,,,,,,,,
acc,1778675495.0,240.0,0.2343817149121416,0.2602807895341295,-9.807055723897438,,,,,,,,,,
acc,1778675495.0,240.0,0.23367172125880142,0.2601163778639787,-9.80696321025734,,,,,,,,,,
acc,1778675495.0,240.0,0.23296817941556613,0.2603084219987521,-9.80726200252192,,,,,,,,,,
acc,1778675495.0,240.0,0.2322710307539488,0.26014375922858984,-9.807558079620044,,,,,,,,,,
acc,1778675495.0,240.0,0.2312252554047921,0.25998059277169666,-9.807461001004313,,,,,,,,,,
acc,1778675495.0,240.0,0.23054394493368802,0.2598189090308678,-9.807364804555332,,,,,,,,,,
acc,1778675495.0,240.0,0.22986882562466174,0.25965869453245816,-9.807659947477221,,,,,,,,,,
acc,1778675495.0,240.0,0.22919984121777084,0.25949993592525955,-9.807561943174242,,,,,,,,,,
acc,1778675495.0,240.0,0.2288564033778343,0.2589876491188148,-9.807819800310435,,,,,,,,,,
acc,1778675495.0,240.0,0.22819661899132637,0.25883498839370317,-9.808110808623237,,,,,,,,,,
acc,1778675495.0,240.0,0.22754283015640106,0.2586837149176244,-9.808399172503425,,,,,,,,,,
acc,1778675495.0,240.0,0.22689498239065545,0.25853381608445536,-9.80868491598132,,,,,,,,,,
acc,1778675495.0,240.0,0.22625302170677572,0.25838527940262673,-9.808577597648393,,,,,,,,,,
acc,1778675495.0,240.0,0.22561689460803824,0.2582380924940817,-9.808861719752423,,,,,,,,,,
acc,1778675495.0,240.0,0.22498654808385143,0.25844720486668,-9.808752794779279,,,,,,,,,,
acc,1778675495.0,240.0,0.22436192960533827,0.258299455232915,-9.808644859622365,,,,,,,,,,
acc,1778675495.0,240.0,0.22374298712095889,0.2581530482204194,-9.808928370507576,,,,,,,,,,
acc,1778675495.0,240.0,0.2231296690521729,0.25800797162860883,-9.809209305090329,,,,,,,,,,
acc,1778675495.0,240.0,0.22252192428914128,0.2578642133677673,-9.80909722156135,,,,,,,,,,
acc,1778675495.0,240.0,0.2219197021864671,0.2577217614580398,-9.808986156550835,,,,,,,,,,
acc,1778675495.0,240.0,0.2213229525589751,0.2579355658018693,-9.808876100803365,,,,,,,,,,
acc,1778675495.0,240.0,0.22073162567752969,0.25814742727618234,-9.809157510368118,,,,,,,,,,
acc,1778675495.0,240.0,0.22046513967841028,0.25800240176266614,-9.809400868365486,,,,,,,,,,
acc,1778675495.0,240.0,0.22020107527426405,0.25821365588939904,-9.80932253843456,,,,,,,,,,
acc,1778675495.0,240.0,0.219939410459724,0.2584229903207894,-9.809244920298505,,,,,,,,,,
acc,1778675495.0,240.0,0.21968012342938895,0.2582754607279376,-9.809168007489141,,,,,,,,,,
acc,1778675495.0,240.0,0.21942319257600634,0.2584842335302487,-9.809091793597068,,,,,,,,,,
acc,1778675495.0,240.0,0.219523567349245,0.2583361474119184,-9.809016272271128,,,,,,,,,,
acc,1778675495.0,240.0,0.21926805914252284,0.2585443687459747,-9.808941437217877,,,,,,,,,,
acc,1778675495.0,240.0,0.21901487277406256,0.2583957361706576,-9.80886728220106,,,,,,,,,,
acc,1778675495.0,240.0,0.21876398714500012,0.25860341601345693,-9.808403335820605,,,,,,,,,,
acc,1778675495.0,240.0,0.21851538134819976,0.25880920864092405,-9.80833407060529,,,,,,,,,,
acc,1778675495.0,240.0,0.21826903466651174,0.25901313120244457,-9.807874969592039,,,,,,,,,,
acc,1778675495.0,240.0,0.2177054591575264,0.2592152006915653,-9.807775011353492,,,,,,,,,,
acc,1778675495.0,240.0,0.2171470049368042,0.2594154339474103,-9.808066426669713,,,,,,,,,,
acc,1778675495.0,240.0,0.21659362546649338,0.25961384765608425,-9.808355193854824,,,,,,,,,,
acc,1778675495.0,240.0,0.2160452746316381,0.2598104583520629,-9.808641336972757,,,,,,,,,,
acc,1778675495.0,240.0,0.21550190673633549,0.25965032064613536,-9.80892487986877,,,,,,,,,,
acc,1778675495.0,240.0,0.21496347649992756,0.2598465999070305,-9.809205846171437,,,,,,,,,,
acc,1778675495.0,240.0,0.21442993905322794,0.25968613377781574,-9.80948425929462,,,,,,,,,,
acc,1778675495.0,240.0,0.21354628816134721,0.2598820875998513,-9.810115104212848,,,,,,,,,,
acc,1778675495.0,240.0,0.21267066712681326,0.2600762607625202,-9.81038525478299,,,,,,,,,,
acc,1778675495.0,240.0,0.21180300298120655,0.2602686694469193,-9.810652950457698,,,,,,,,,,
acc,1778675495.0,240.0,0.21094322341918162,0.2604593296871056,-9.810527748324454,,,,,,,,,,
acc,1778675495.0,240.0,0.21009125679244162,0.260293295597997,-9.810084216506716,,,,,,,,,,
acc,1778675495.0,240.0,0.20960199387720319,0.2601287702835216,-9.80996418253721,,,,,,,,,,
acc,1778675495.0,240.0,0.20911717696145452,0.25996574003323647,-9.809845239332914,,,,,,,,,,
acc,1778675495.0,240.0,0.20863676564378597,0.2598041912612874,-9.809727376981895,,,,,,,,,,
acc,1778675495.0,240.0,0.20816071988992108,0.2596441105052768,-9.81000105088278,,,,,,,,,,
acc,1778675495.0,240.0,0.20800846744289989,0.25948548442514163,-9.809917267010666,,,,,,,,,,
acc,1778675495.0,240.0,0.20753813112131272,0.25968326157547744,-9.80979875013422,,,,,,,,,,
acc,1778675495.0,240.0,0.20707206881065235,0.2595242797241757,-9.809681310236952,,,,,,,,,,
acc,1778675495.0,240.0,0.20661024167239286,0.2593667425628509,-9.809564937532203,,,,,,,,,,
acc,1778675495.0,240.0,0.2061526112209394,0.2592106369634064,-9.80944962232225,,,,,,,,,,
acc,1778675495.0,240.0,0.20601860673394054,0.25905594991704217,-9.809370849357405,,,,,,,,,,
acc,1778675495.0,240.0,0.20588581996416952,0.2585476976725978,-9.809292792213341,,,,,,,,,,
acc,1778675495.0,240.0,0.20575423984606217,0.25804406398629276,-9.809215444385295,,,,,,,,,,
acc,1778675495.0,240.0,0.20562385541460867,0.2578999777492265,-9.809138799427613,,,,,,,,,,
acc,1778675495.0,240.0,0.2051751883909202,0.2574022299830661,-9.809027356593301,,,,,,,,,,
acc,1778675495.0,240.0,0.2050500658797838,0.25726397617997754,-9.808952420815288,,,,,,,,,,
acc,1778675495.0,240.0,0.2049260803741374,0.2571269787082373,-9.80887816598901,,,,,,,,,,
acc,1778675495.0,240.0,0.204483754128336,0.2569912261513894,-9.809159556787137,,,,,,,,,,
acc,1778675495.0,240.0,0.20404544736204527,0.25721166897015635,-9.80943839054833,,,,,,,,,,
acc,1778675495.0,240.0,0.2036111235497014,0.2570751468212353,-9.809324225288245,,,,,,,,,,
acc,1778675495.0,240.0,0.20318074649765333,0.25693986526788265,-9.809211097463601,,,,,,,,,,
acc,1778675495.0,240.0,0.20275428034114673,0.2568058130366357,-9.80948946286757,,,,,,,,,,
acc,1778675495.0,240.0,0.20265115695485475,0.25667297895647506,-9.809410327866203,,,,,,,,,,
acc,1778675495.0,240.0,0.20254897066497568,0.2565413519578942,-9.80965138847615,,,,,,,,,,
acc,1778675495.0,240.0,0.20244771295598535,0.25641092107197644,-9.809570782034479,,,,,,,,,,
acc,1778675495.0,240.0,0.20202790797622183,0.2566366372029169,-9.809845878935217,,,,,,,,,,
acc,1778675495.0,240.0,0.201611917822123,0.25686030222029094,-9.810118475992534,,,,,,,,,,
acc,1778675495.0,240.0,0.2015191752413622,0.25708193476285,-9.810033625062276,,,,,,,,,,
acc,1778675495.0,240.0,0.20110780801168532,0.2573015532999727,-9.809914050824192,,,,,,,,,,
acc,1778675495.0,240.0,0.20101964634619562,0.25751917613320363,-9.810150534034248,,,,,,,,,,
acc,1778675495.0,240.0,0.20093228581790143,0.2573798596243435,-9.810384868288807,,,,,,,,,,
acc,1778675495.0,240.0,0.20084571914675872,0.2572418091037854,-9.810617073115724,,,,,,,,,,
acc,1778675495.0,240.0,0.20075993911887824,0.2571050130673193,-9.810527691364744,,,,,,,,,,
acc,1778675495.0,240.0,0.20067493858592433,0.25696946011527544,-9.810758598338701,,,,,,,,,,
acc,1778675495.0,240.0,0.20027124305099975,0.2568351389515745,-9.810632436168614,,,,,,,,,,
acc,1778675495.0,240.0,0.19987121595299606,0.2567020383827862,-9.810897885672029,,,,,,,,,,
acc,1778675495.0,240.0,0.1994748239563218,0.25692510909063204,-9.81077045777876,,,,,,,,,,
acc,1778675495.0,240.0,0.19908203402831057,0.2567911909507999,-9.810644187840307,,,,,,,,,,
acc,1778675495.0,240.0,0.19869281343646836,0.25665848974354694,-9.810519065334175,,,,,,,,,,
acc,1778675495.0,240.0,0.19830712974574585,0.2568819561838748,-9.810395079833487,,,,,,,,,,
acc,1778675495.0,240.0,0.1979249508158355,0.2567484301804492,-9.810272221006118,,,,,,,,,,
acc,1778675495.0,240.0,0.19754624479849311,0.2569710793196408,-9.810150478613833,,,,,,,,,,
acc,1778675495.0,240.0,0.19717098013488393,0.2571917052154424,-9.810029842511433,,,,,,,,,,
acc,1778675495.0,240.0,0.19679912555295268,0.2570553644799097,-9.809910302645909,,,,,,,,,,
acc,1778675495.0,240.0,0.1964306500648175,0.2572752244648525,-9.809791849055605,,,,,,,,,,
acc,1778675495.0,240.0,0.19606552296418772,0.2574930865518341,-9.80967447186939,,,,,,,,,,
acc,1778675495.0,240.0,0.19534875205036942,0.25770896889602835,-9.809558161305828,,,,,,,,,,
acc,1778675495.0,240.0,0.1946384945325553,0.2579228894876306,-9.809442907672377,,,,,,,,,,
acc,1778675495.0,240.0,0.19428965299605444,0.2581348661533568,-9.809328701364565,,,,,,,,,,
acc,1778675495.0,240.0,0.19358901965720104,0.2579899547844936,-9.80960599808569,,,,,,,,,,
acc,1778675495.0,240.0,0.19289475306998574,0.25820132201863133,-9.80988077497332,,,,,,,,,,
acc,1778675495.0,240.0,0.19256175715229515,0.25841076852960393,-9.810153054925532,,,,,,,,,,
acc,1778675495.0,240.0,0.1918768254409317,0.2582633499978518,-9.810032395411833,,,,,,,,,,
acc,1778675495.0,240.0,0.19119811779835502,0.25811727107859944,-9.80991283234775,,,,,,,,,,
acc,1778675495.0,240.0,0.19052557766559486,0.2583274813720392,-9.810184820990187,,,,,,,,,,
acc,1778675495.0,240.0,0.18985914899764017,0.2581808196821578,-9.810063872813883,,,,,,,,,,
acc,1778675495.0,240.0,0.18955373803220416,0.2583904525006854,-9.810334488930803,,,,,,,,,,
acc,1778675495.0,240.0,0.18889614060483528,0.2585981803569214,-9.81021218070131,,,,,,,,,,
acc,1778675495.0,240.0,0.18824451885585014,0.25880402056152046,-9.810090983903542,,,,,,,,,,
acc,1778675495.0,240.0,0.18795378025687187,0.2586530284943975,-9.809970888437768,,,,,,,,,,
acc,1778675496.0,241.0,0.18766568363958167,0.2588583702864179,-9.81024234951652,,,,,,,,,,
acc,1778675496.0,241.0,0.18769967240944763,0.2583519134752867,-9.810475849431148,,,,,,,,,,
acc,1778675496.0,241.0,0.18773335231868105,0.2585599915409539,-9.810707227499895,,,,,,,,,,
acc,1778675496.0,241.0,0.18776672617394102,0.25876617877258284,-9.81061702650361,,,,,,,,,,
acc,1778675496.0,241.0,0.1881547676169554,0.2586155305790073,-9.810527645176201,,,,,,,,,,
acc,1778675496.0,241.0,0.1881843120133646,0.2584662513463134,-9.810439076069223,,,,,,,,,,
acc,1778675496.0,241.0,0.18821358793577495,0.258318328634565,-9.810351311801917,,,,,,,,,,
acc,1778675496.0,241.0,0.18824259782384659,0.258526711890305,-9.810264345060594,,,,,,,,,,
acc,1778675496.0,241.0,0.1882713440950702,0.258378239765267,-9.810497645098684,,,,,,,,,,
acc,1778675496.0,241.0,0.18829982914496843,0.2582311168268761,-9.810728825107198,,,,,,,,,,
acc,1778675496.0,241.0,0.18832805534729538,0.25808533081488744,-9.810638427850481,,,,,,,,,,
acc,1778675496.0,241.0,0.18835602505423463,0.2579408695804667,-9.810868328546743,,,,,,,,,,
acc,1778675496.0,241.0,0.18838374059659505,0.2577977210851776,-9.81077666360306,,,,,,,,,,
acc,1778675496.0,241.0,0.18841120428400518,0.257655873399979,-9.810685831631343,,,,,,,,,,
acc,1778675496.0,241.0,0.18843841840510564,0.25751531470423034,-9.810595825062261,,,,,,,,,,
acc,1778675496.0,241.0,0.18814591781422035,0.25737603328470704,-9.810471142035352,,,,,,,,,,
acc,1778675496.0,241.0,0.18817554263000577,0.25723801753462416,-9.810383086380195,,,,,,,,,,
acc,1778675496.0,241.0,0.18820489824101036,0.25710125595266914,-9.809905365678414,,,,,,,,,,
acc,1778675496.0,241.0,0.18823398709353503,0.2569657371420435,-9.80982245131093,,,,,,,,,,
acc,1778675496.0,241.0,0.1879433441981313,0.25683144980951306,-9.809704796037806,,,,,,,,,,
acc,1778675496.0,241.0,0.18765534241474408,0.25669838276446677,-9.80958820991435,,,,,,,,,,
acc,1778675496.0,241.0,0.18768942515674428,0.2562115540574109,-9.809827654085629,,,,,,,,,,
acc,1778675496.0,241.0,0.1877231981841742,0.2560841200904331,-9.80974544589409,,,,,,,,,,
acc,1778675496.0,241.0,0.18743719689793328,0.2559578441334628,-9.809628490379792,,,,,,,,,,
acc,1778675496.0,241.0,0.1871537945447672,0.25583271566350363,-9.80951259765636,,,,,,,,,,
acc,1778675496.0,241.0,0.18687296750781315,0.2557087242531831,-9.809397758066066,,,,,,,,,,
acc,1778675496.0,241.0,0.1865946923848181,0.25558585956988367,-9.809283962038943,,,,,,,,,,
acc,1778675496.0,241.0,0.18631894598618845,0.25510914051430844,-9.809171200091992,,,,,,,,,,
acc,1778675496.0,241.0,0.18604570533305767,0.254991724331016,-9.809059462828381,,,,,,,,,,
acc,1778675496.0,241.0,0.1857749476553713,0.25487537512475117,-9.809339206157162,,,,,,,,,,
acc,1778675496.0,241.0,0.18550665038998956,0.25440511233917346,-9.8092259421993,,,,,,,,,,
acc,1778675496.0,241.0,0.18524079117880698,0.25429409375686396,-9.80911370748662,,,,,,,,,,
acc,1778675496.0,241.0,0.1849773478668893,0.2545390457891364,-9.809392957886722,,,,,,,,,,
acc,1778675496.0,241.0,0.18471629850062718,0.25442681013512236,-9.80966967069998,,,,,,,,,,
acc,1778675496.0,241.0,0.1844576213259068,0.25467055615538847,-9.809553403765308,,,,,,,,,,
acc,1778675496.0,241.0,0.18420129478629688,0.25491208722200087,-9.809438193364283,,,,,,,,,,
acc,1778675496.0,241.0,0.18359233574781694,0.25515142346254843,-9.809714495116527,,,,,,,,,,
acc,1778675496.0,241.0,0.18298891040398269,0.2553885848217179,-9.809597820856208,,,,,,,,,,
acc,1778675496.0,241.0,0.18239096846934874,0.25597855283639137,-9.809837177691534,,,,,,,,,,
acc,1778675496.0,241.0,0.18179846011542058,0.2562081979570323,-9.81010985381825,,,,,,,,,,
acc,1778675496.0,241.0,0.18121133596650205,0.25643575626083637,-9.810380052099452,,,,,,,,,,
acc,1778675496.0,241.0,0.1806295470955807,0.257016208484431,-9.810292824191087,,,,,,,,,,
acc,1778675496.0,241.0,0.17969807415967742,0.2575913860587327,-9.81020638893474,,,,,,,,,,
acc,1778675496.0,241.0,0.17913003650719403,0.2578063751417704,-9.810475709988042,,,,,,,,,,
acc,1778675496.0,241.0,0.17856716069108625,0.25801941058940325,-9.810352118463355,,,,,,,,,,
acc,1778675496.0,241.0,0.17800939980503605,0.2582305101545852,-9.810229650031873,,,,,,,,,,
acc,1778675496.0,241.0,0.1774567073689696,0.25808472965551116,-9.810498759708382,,,,,,,,,,
acc,1778675496.0,241.0,0.17726399909861942,0.25829523565734397,-9.810765423948201,,,,,,,,,,
acc,1778675496.0,241.0,0.17707304199486082,0.2581488669887127,-9.81063919975286,,,,,,,,,,
acc,1778675496.0,241.0,0.17720328755812131,0.2580038283923305,-9.81054961693408,,,,,,,,,,
acc,1778675496.0,241.0,0.17733234956201166,0.25786010778164764,-9.810460848166713,,,,,,,,,,
acc,1778675496.0,241.0,0.1771407713481793,0.2577176931799466,-9.810337391693443,,,,,,,,,,
acc,1778675496.0,241.0,0.17727040144547881,0.25757657271934387,-9.810250551446062,,,,,,,,,,
acc,1778675496.0,241.0,0.1773988535762321,0.2574367346398011,-9.81016450032797,,,,,,,,,,
acc,1778675496.0,241.0,0.17752613844478343,0.257298167288145,-9.810398707668895,,,,,,,,,,
acc,1778675496.0,241.0,0.17765226665820516,0.2571608591170962,-9.810630786735459,,,,,,,,,,
acc,1778675496.0,241.0,0.17777724872718173,0.2566698278237339,-9.810541280366927,,,,,,,,,,
acc,1778675496.0,241.0,0.17825606592745882,0.25653822945993016,-9.811127025629185,,,,,,,,,,
acc,1778675496.0,241.0,0.17873053204989656,0.25640782694858144,-9.811352486370144,,,,,,,,,,
acc,1778675496.0,241.0,0.17920068663333844,0.2562786094228118,-9.8115758983183,,,,,,,,,,
acc,1778675496.0,241.0,0.1796665688573331,0.256150566114494,-9.811797280091316,,,,,,,,,,
acc,1778675496.0,241.0,0.18048317931883473,0.25602368635335243,-9.8116616792771,,,,,,,,,,
acc,1778675496.0,241.0,0.18058243649460415,0.2555429887055004,-9.811562805046073,,,,,,,,,,
acc,1778675496.0,241.0,0.1806807917067481,0.2554216300839471,-9.811784305799456,,,,,,,,,,
acc,1778675496.0,241.0,0.1807782531515343,0.25530137426490074,-9.811684317244334,,,,,,,,,,
acc,1778675496.0,241.0,0.1808748289507498,0.25518221122704315,-9.81119477207849,,,,,,,,,,
acc,1778675496.0,241.0,0.18097052715237785,0.25506413104012116,-9.811100140697476,,,,,,,,,,
acc,1778675496.0,241.0,0.1810653557312686,0.25494712386411916,-9.811006369244854,,,,,,,,,,
acc,1778675496.0,241.0,0.18115932258980363,0.2548311799484392,-9.810913449906336,,,,,,,,,,
acc,1778675496.0,241.0,0.18093296814503493,0.254361318770515,-9.810785880578727,,,,,,,,,,
acc,1778675496.0,241.0,0.1807086706142783,0.2542506981463949,-9.810659470491167,,,,,,,,,,
acc,1778675496.0,241.0,0.18013144953263735,0.2544960445205559,-9.81053420910948,,,,,,,,,,
acc,1778675496.0,241.0,0.17955947373845743,0.25473916139842695,-9.81041008599522,,,,,,,,,,
acc,1778675496.0,241.0,0.17899269556708908,0.2546251072663123,-9.810287090804794,,,,,,,,,,
acc,1778675496.0,241.0,0.17843106778701798,0.2545120895598032,-9.8101652132886,,,,,,,,,,
acc,1778675496.0,241.0,0.1778745435959291,0.25475506063419295,-9.810044443290181,,,,,,,,,,
acc,1778675496.0,241.0,0.17732307661680657,0.25464086202353337,-9.809924770745369,,,,,,,,,,
acc,1778675496.0,241.0,0.1767766208940688,0.25452770115137574,-9.810196650901942,,,,,,,,,,
acc,1778675496.0,241.0,0.17623513088973883,0.25477053036108294,-9.810466060446089,,,,,,,,,,
acc,1778675496.0,241.0,0.17569856147964968,0.2546561911748847,-9.810342556608118,,,,,,,,,,
acc,1778675496.0,241.0,0.17516686794968384,0.2548978527780532,-9.810220175066531,,,,,,,,,,
acc,1778675496.0,241.0,0.17464000599204713,0.2547823565955177,-9.810098905622867,,,,,,,,,,
acc,1778675496.0,241.0,0.17411793170157644,0.25502287171613397,-9.810369203391827,,,,,,,,,,
acc,1778675496.0,241.0,0.17360060157208088,0.2549062394692911,-9.810637044927736,,,,,,,,,,
acc,1778675496.0,241.0,0.17344293426615184,0.25443569621516404,-9.810511987330234,,,,,,,,,,
acc,1778675496.0,241.0,0.173286699704745,0.25432439971296156,-9.81077853136883,,,,,,,,,,
acc,1778675496.0,241.0,0.1734513522818331,0.2542141145774018,-9.811007158925126,,,,,,,,,,
acc,1778675496.0,241.0,0.173614508638278,0.2541048316180568,-9.811233708911331,,,,,,,,,,
acc,1778675496.0,241.0,0.17377618237044276,0.25364157086744005,-9.811458200206612,,,,,,,,,,
acc,1778675496.0,241.0,0.17429135781171165,0.2535374906916355,-9.811680651518579,,,,,,,,,,
acc,1778675496.0,241.0,0.17444688092222493,0.25343435630672195,-9.811901081384837,,,,,,,,,,
acc,1778675496.0,241.0,0.17460099077281507,0.2533321591181673,-9.812119508174545,,,,,,,,,,
acc,1778675496.0,241.0,0.17475370020596961,0.2535858523829747,-9.812335950089935,,,,,,,,,,
acc,1778675496.0,241.0,0.1745855545339551,0.2538372403021473,-9.812195454307258,,,,,,,,,,
acc,1778675496.0,241.0,0.17473840423833797,0.2540863438246785,-9.812091729589023,,,,,,,,,,
acc,1778675496.0,241.0,0.17488986497640735,0.2546881454826306,-9.81195345307167,,,,,,,,,,
acc,1778675496.0,241.0,0.17503994936989142,0.254929516712604,-9.81185192745199,,,,,,,,,,
acc,1778675496.0,241.0,0.175188669925823,0.2551686945689701,-9.811751324409597,,,,,,,,,,
acc,1778675496.0,241.0,0.17533603903758171,0.255405698983217,-9.811651635560905,,,,,,,,,,
acc,1778675496.0,241.0,0.17516260157240737,0.25599551147914806,-9.81116238737802,,,,,,,,,,
acc,1778675496.0,241.0,0.17499074015736407,0.25622500249426683,-9.811032555921324,,,,,,,,,,
acc,1778675496.0,241.0,0.17513990788418674,0.2564524080929268,-9.81093939862087,,,,,,,,,,
acc,1778675496.0,241.0,0.17496825268981356,0.2566777472255945,-9.81081159349372,,,,,,,,,,
acc,1778675496.0,241.0,0.1747981573498312,0.256901038670531,-9.81068494974936,,,,,,,,,,
acc,1778675496.0,241.0,0.17462960768962799,0.2571223010353567,-9.810559456834147,,,,,,,,,,
acc,1778675496.0,241.0,0.17478205707691843,0.25734155275860204,-9.810470598650252,,,,,,,,,,
acc,1778675496.0,241.0,0.17493312113563197,0.25720385033780835,-9.81038254793291,,,,,,,,,,
acc,1778675496.0,241.0,0.17508281245444016,0.25706739923787614,-9.810295297344563,,,,,,,,,,
acc,1778675496.0,241.0,0.17523114350761954,0.2565772172273072,-9.80981837439384,,,,,,,,,,
acc,1778675496.0,241.0,0.1753781266560912,0.2564464604287471,-9.809736250528138,,,,,,,,,,
acc,1778675496.0,241.0,0.17552377414845088,0.2563168918352227,-9.809654872933313,,,,,,,,,,
acc,1778675496.0,241.0,0.17534863070847007,0.2561885006493513,-9.809538740467984,,,,,,,,,,
acc,1778675496.0,241.0,0.17549454623456784,0.2560612761718673,-9.809459157674276,,,,,,,,,,
acc,1778675496.0,241.0,0.17563913580618515,0.255935207800731,-9.809699774561032,,,,,,,,,,
acc,1778675496.0,241.0,0.17546294405893345,0.2558102850302447,-9.809263766654908,,,,,,,,,,
acc,1778675496.0,241.0,0.17560782080387285,0.25568649745017763,-9.809186682586109,,,,,,,,,,
acc,1778675496.0,241.0,0.17575138103387924,0.2555638347448981,-9.809429775491514,,,,,,,,,,
acc,1778675496.0,241.0,0.17589363671230512,0.2554422866925139,-9.809670659378211,,,,,,,,,,
acc,1778675496.0,241.0,0.17603459969379037,0.2553218431640208,-9.8095898778192,,,,,,,,,,
acc,1778675496.0,241.0,0.17585481431173056,0.255202494122458,-9.809864801193912,,,,,,,,,,
acc,1778675496.0,241.0,0.17567666266419674,0.2550842296220721,-9.810137226302057,,,,,,,,,,
acc,1778675496.0,241.0,0.1751451681317827,0.2553220015809236,-9.81001671062524,,,,,,,,,,
acc,1778675496.0,241.0,0.17461850336337967,0.25555761287324014,-9.810287755311462,,,,,,,,,,
acc,1778675496.0,241.0,0.17409662447025692,0.2557910831332961,-9.810556336977294,,,,,,,,,,
acc,1778675496.0,241.0,0.1735794879625067,0.25566747004351104,-9.810432012784052,,,,,,,,,,
acc,1778675496.0,241.0,0.17306705074542,0.25554498024289624,-9.810308818341875,,,,,,,,,,
acc,1778675496.0,241.0,0.17255927011589542,0.2554236035239683,-9.81018674338456,,,,,,,,,,
acc,1778675496.0,241.0,0.17241106553231605,0.2553033297720007,-9.810065777739194,,,,,,,,,,
acc,1778675497.0,242.0,0.17190924593076218,0.2551841489641808,-9.809945911325306,,,,,,,,,,
acc,1778675497.0,242.0,0.17141198643303585,0.25506605116877457,-9.810217599374518,,,,,,,,,,
acc,1778675497.0,242.0,0.17127420737428115,0.2549490265442991,-9.81009635333652,,,,,,,,,,
acc,1778675497.0,242.0,0.1707827185593721,0.25483306533870226,-9.810366674298459,,,,,,,,,,
acc,1778675497.0,242.0,0.1706506577444452,0.25471815788855035,-9.809924606182578,,,,,,,,,,
acc,1778675497.0,242.0,0.17051979698433034,0.2546042946182225,-9.810196487834556,,,,,,,,,,
acc,1778675497.0,242.0,0.17039012537396417,0.25413649517853953,-9.81007543364003,,,,,,,,,,
acc,1778675497.0,242.0,0.17026163210737916,0.25402791755736137,-9.810700906475565,,,,,,,,,,
acc,1778675497.0,242.0,0.17045377389032262,0.2539203265959797,-9.810930239419957,,,,,,,,,,
acc,1778675497.0,242.0,0.17064416965442364,0.253813713328481,-9.810838011883641,,,,,,,,,,
acc,1778675497.0,242.0,0.17118780612656911,0.25406303064386193,-9.811066098932308,,,,,,,,,,
acc,1778675497.0,242.0,0.17137153163865187,0.2539551206050276,-9.811292113322551,,,,,,,,,,
acc,1778675497.0,242.0,0.17155358761170453,0.2542031529330126,-9.811196597388248,,,,,,,,,,
acc,1778675497.0,242.0,0.17173398921705815,0.2544489313570753,-9.811101949420394,,,,,,,,,,
acc,1778675497.0,242.0,0.17191275148817986,0.2546924763587511,-9.811008161531658,,,,,,,,,,
acc,1778675497.0,242.0,0.17244486018249883,0.2549338082334568,-9.810915225906383,,,,,,,,,,
acc,1778675497.0,242.0,0.17261716267125976,0.2548179853187464,-9.810823134799934,,,,,,,,,,
acc,1778675497.0,242.0,0.17278789942357664,0.2550581766762481,-9.811051357038709,,,,,,,,,,
acc,1778675497.0,242.0,0.1733120555280854,0.2549412236083706,-9.810958028889912,,,,,,,,,,
acc,1778675497.0,242.0,0.1734764776933149,0.25518029508256274,-9.810865548826857,,,,,,,,,,
acc,1778675497.0,242.0,0.17363940573168551,0.25541719408134506,-9.81077390914287,,,,,,,,,,
acc,1778675497.0,242.0,0.17348138580701425,0.25565194034630084,-9.810647607841396,,,,,,,,,,
acc,1778675497.0,242.0,0.17332480183116022,0.2555295916661833,-9.810522454257242,,,,,,,,,,
acc,1778675497.0,242.0,0.1731696407554588,0.2554083547853712,-9.810398437960943,,,,,,,,,,
acc,1778675497.0,242.0,0.17301588964982031,0.25528821960079123,-9.810275548617808,,,,,,,,,,
acc,1778675497.0,242.0,0.17286353570165267,0.25552413787461353,-9.810153775987057,,,,,,,,,,
acc,1778675497.0,242.0,0.17271256621479347,0.25575791232659206,-9.810033109920973,,,,,,,,,,
acc,1778675497.0,242.0,0.1725629686084522,0.25598956243793114,-9.809913540364047,,,,,,,,,,
acc,1778675497.0,242.0,0.17241473041616162,0.2562191075128067,-9.810185522572642,,,,,,,,,,
acc,1778675497.0,242.0,0.17226783928473907,0.2560916049065395,-9.81006456802096,,,,,,,,,,
acc,1778675497.0,242.0,0.1721222829732569,0.25632022270745003,-9.809944712599949,,,,,,,,,,
acc,1778675497.0,242.0,0.17162308757858696,0.2565467630269195,-9.810216411542143,,,,,,,,,,
acc,1778675497.0,242.0,0.17148339021465078,0.25677124474330787,-9.809775708884624,,,,,,,,,,
acc,1778675497.0,242.0,0.17134496229989915,0.25699368656342486,-9.809658478366364,,,,,,,,,,
acc,1778675497.0,242.0,0.17152725971219204,0.2568591452506533,-9.809577807497885,,,,,,,,,,
acc,1778675497.0,242.0,0.17170790056279428,0.25672582653331927,-9.809107404476206,,,,,,,,,,
acc,1778675497.0,242.0,0.17188689990511008,0.2565937193015297,-9.809031741292058,,,,,,,,,,
acc,1778675497.0,242.0,0.1720642726557513,0.25646281254634856,-9.808956765669684,,,,,,,,,,
acc,1778675497.0,242.0,0.17224003359578052,0.2563330953588796,-9.808882471361116,,,,,,,,,,
acc,1778675497.0,242.0,0.17241419737194272,0.25655951870279275,-9.808418386954672,,,,,,,,,,
acc,1778675497.0,242.0,0.17258677849788592,0.2564289227331623,-9.80834898496763,,,,,,,,,,
acc,1778675497.0,242.0,0.17243832394185107,0.2566544752805285,-9.808244719286085,,,,,,,,,,
acc,1778675497.0,242.0,0.1722912184128114,0.2568779782008347,-9.807821933667629,,,,,,,,,,
acc,1778675497.0,242.0,0.17214544965197276,0.2570994501193243,-9.807722457373831,,,,,,,,,,
acc,1778675497.0,242.0,0.17200100551193848,0.2573189094919905,-9.807623885034815,,,,,,,,,,
acc,1778675497.0,242.0,0.17185787395569685,0.25718141283367885,-9.807526208436217,,,,,,,,,,
acc,1778675497.0,242.0,0.1717160430556182,0.25704516562643664,-9.807819884658812,,,,,,,,,,
acc,1778675497.0,242.0,0.17157550099246083,0.25726511828976556,-9.808110892205129,,,,,,,,,,
acc,1778675497.0,242.0,0.17143623605438618,0.2571281104395164,-9.808008790105307,,,,,,,,,,
acc,1778675497.0,242.0,0.17129823663598273,0.2569923475984705,-9.807907615821327,,,,,,,,,,
acc,1778675497.0,242.0,0.17116149123729896,0.2572127802264934,-9.808197826142488,,,,,,,,,,
acc,1778675497.0,242.0,0.17102598846288494,0.25707624797943296,-9.808094934062003,,,,,,,,,,
acc,1778675497.0,242.0,0.17089171702084283,0.2569409564197041,-9.807673509562505,,,,,,,,,,
acc,1778675497.0,242.0,0.17075866572188578,0.256451923412437,-9.80796584723948,,,,,,,,,,
acc,1778675497.0,242.0,0.17062682347840558,0.2563223051760275,-9.808255528403725,,,,,,,,,,
acc,1778675497.0,242.0,0.17049617930354857,0.2561938647983827,-9.808152111974847,,,,,,,,,,
acc,1778675497.0,242.0,0.17068618972381971,0.25571162071556447,-9.808404606165874,,,,,,,,,,
acc,1778675497.0,242.0,0.1708744734932345,0.2555887297117125,-9.808654805907414,,,,,,,,,,
acc,1778675497.0,242.0,0.17074157888858754,0.2554669554353365,-9.808938226409364,,,,,,,,,,
acc,1778675497.0,242.0,0.17060989191551462,0.2553462877385801,-9.80921907143018,,,,,,,,,,
acc,1778675497.0,242.0,0.17047940160010133,0.2552267165658019,-9.809497364373616,,,,,,,,,,
acc,1778675497.0,242.0,0.1703500970681547,0.2551082319527376,-9.809773128430749,,,,,,,,,,
acc,1778675497.0,242.0,0.17054143495781665,0.25534578579910483,-9.809691415721344,,,,,,,,,,
acc,1778675497.0,242.0,0.17073103413372506,0.25522621918751975,-9.80992992204724,,,,,,,,,,
acc,1778675497.0,242.0,0.17059944298229177,0.2551077390942003,-9.809811290172735,,,,,,,,,,
acc,1778675497.0,242.0,0.1707885150312932,0.2549903356458054,-9.810048707182984,,,,,,,,,,
acc,1778675497.0,242.0,0.1709758689565472,0.25487399905871433,-9.810283966752165,,,,,,,,,,
acc,1778675497.0,242.0,0.17116152037088095,0.25475871963821145,-9.810517088485241,,,,,,,,,,
acc,1778675497.0,242.0,0.17102601733172607,0.25464448777767845,-9.81039312094845,,,,,,,,,,
acc,1778675497.0,242.0,0.17089174562734882,0.25488625573122914,-9.81027027992174,,,,,,,,,,
acc,1778675497.0,242.0,0.17075869406844052,0.25512582670609074,-9.810148555168356,,,,,,,,,,
acc,1778675497.0,242.0,0.17062685156737126,0.2553632206665112,-9.81002793654457,,,,,,,,,,
acc,1778675497.0,242.0,0.17049620713726596,0.2555984573953205,-9.809908413998828,,,,,,,,,,
acc,1778675497.0,242.0,0.17036674989108874,0.2554765947221439,-9.80978997757092,,,,,,,,,,
acc,1778675497.0,242.0,0.1702384690407358,0.2553558394318608,-9.809672617391143,,,,,,,,,,
acc,1778675497.0,242.0,0.17011135389613624,0.2552361814615304,-9.809556323679482,,,,,,,,,,
acc,1778675497.0,242.0,0.16998539386436137,0.25511761083965506,-9.809441086744794,,,,,,,,,,
acc,1778675497.0,242.0,0.1701800458622614,0.2550001176853497,-9.809362391343917,,,,,,,,,,
acc,1778675497.0,242.0,0.17005346161713042,0.2552386539809537,-9.80924891669907,,,,,,,,,,
acc,1778675497.0,242.0,0.16957306588703197,0.25547502266438943,-9.809136473213949,,,,,,,,,,
acc,1778675497.0,242.0,0.16945199735252633,0.25535428165961166,-9.80902505151826,,,,,,,,,,
acc,1778675497.0,242.0,0.1689770672110312,0.2555895996184077,-9.808914642326865,,,,,,,,,,
acc,1778675497.0,242.0,0.1688614145985725,0.2558227792105053,-9.809195701659487,,,,,,,,,,
acc,1778675497.0,242.0,0.16874681293733038,0.2560538398675371,-9.809083741746758,,,,,,,,,,
acc,1778675497.0,242.0,0.16863325267716636,0.25628280084455785,-9.809718226223099,,,,,,,,,,
acc,1778675497.0,242.0,0.16884019176824497,0.25615471944821344,-9.809956488918274,,,,,,,,,,
acc,1778675497.0,242.0,0.16904525037530427,0.2563827637185919,-9.809873109986869,,,,,,,,,,
acc,1778675497.0,242.0,0.1692484455865615,0.25625377394584475,-9.810109965231954,,,,,,,,,,
acc,1778675497.0,242.0,0.16944979433495094,0.2561259563209264,-9.81002519164015,,,,,,,,,,
acc,1778675497.0,242.0,0.16964931339953498,0.25635426196580363,-9.80994118839765,,,,,,,,,,
acc,1778675497.0,242.0,0.16952755199338276,0.25658049296584473,-9.810212919364755,,,,,,,,,,
acc,1778675497.0,242.0,0.1697263644634162,0.25644970640019743,-9.810127210214567,,,,,,,,,,
acc,1778675497.0,242.0,0.16992337029715493,0.25667507008351903,-9.810361756415888,,,,,,,,,,
acc,1778675497.0,242.0,0.17011858591175175,0.25689838585601427,-9.81027469476292,,,,,,,,,,
acc,1778675497.0,242.0,0.17031202757517455,0.25676471055389527,-9.810188424251184,,,,,,,,,,
acc,1778675497.0,242.0,0.17050371140756196,0.25663224997765577,-9.810422414192123,,,,,,,,,,
acc,1778675497.0,242.0,0.17069365338256665,0.2565009930889144,-9.810334801333589,,,,,,,,,,
acc,1778675497.0,242.0,0.17088186932868654,0.2563709289495971,-9.810247984625166,,,,,,,,,,
acc,1778675497.0,242.0,0.17106837493058383,0.25659700849446115,-9.810161956832129,,,,,,,,,,
acc,1778675497.0,242.0,0.17093371831687248,0.2568210336233664,-9.810041216425578,,,,,,,,,,
acc,1778675497.0,242.0,0.17044532357291867,0.25668806123163806,-9.809921573203729,,,,,,,,,,
acc,1778675497.0,242.0,0.1699613669392626,0.2565562971783457,-9.809803017196314,,,,,,,,,,
acc,1778675497.0,242.0,0.16983676985962032,0.25642573048315154,-9.809685538523665,,,,,,,,,,
acc,1778675497.0,242.0,0.1697133050107997,0.25629635026549763,-9.809959592616382,,,,,,,,,,
acc,1778675497.0,242.0,0.1695909621040633,0.25616814574369917,-9.810231156341818,,,,,,,,,,
acc,1778675497.0,242.0,0.1694697309441689,0.256041106234046,-9.810109787109793,,,,,,,,,,
acc,1778675497.0,242.0,0.16934960142851985,0.2559152211499124,-9.809989520776693,,,,,,,,,,
acc,1778675497.0,242.0,0.16923056354632318,0.25579048000087456,-9.809870347320325,,,,,,,,,,
acc,1778675497.0,242.0,0.16875764560431983,0.25602183416527236,-9.809432789396048,,,,,,,,,,
acc,1778675497.0,242.0,0.16864398690621904,0.2562510859825173,-9.810064102028331,,,,,,,,,,
acc,1778675497.0,242.0,0.16853136104036046,0.2561232927834919,-9.809944250841859,,,,,,,,,,
acc,1778675497.0,242.0,0.1680647968478197,0.25635162263230066,-9.809506021346104,,,,,,,,,,
acc,1778675497.0,242.0,0.1679574341617851,0.2562229158428932,-9.809781706736137,,,,,,,,,,
acc,1778675497.0,242.0,0.16817051450878354,0.256095378629806,-9.809699916074491,,,,,,,,,,
acc,1778675497.0,242.0,0.16806219115180485,0.25561402950436474,-9.809583374295935,,,,,,,,,,
acc,1778675497.0,242.0,0.16827431955760833,0.25513705446471546,-9.809822862409144,,,,,,,,,,
acc,1778675497.0,242.0,0.16816505290985542,0.25466441376293825,-9.809705203400313,,,,,,,,,,
acc,1778675497.0,242.0,0.16805677918317832,0.2545510388728812,-9.810334040569023,,,,,,,,,,
acc,1778675497.0,242.0,0.1679494893547665,0.25408372337549034,-9.810211736413857,,,,,,,,,,
acc,1778675497.0,242.0,0.1678431744838009,0.253975625298954,-9.810090543653391,,,,,,,,,,
acc,1778675497.0,242.0,0.16773782571070894,0.2538685095245259,-9.810360917408719,,,,,,,,,,
acc,1778675497.0,242.0,0.1676334342564262,0.2537623671258915,-9.810628834240498,,,,,,,,,,
acc,1778675497.0,242.0,0.1678494588351844,0.25365718925785097,-9.810539345614558,,,,,,,,,,
acc,1778675497.0,242.0,0.1680635203688455,0.2535529671555819,-9.810770146684742,,,,,,,,,,
acc,1778675497.0,242.0,0.16795616928235116,0.2534496921339091,-9.811034344793732,,,,,,,,,,
acc,1778675497.0,242.0,0.16784979370996367,0.25370231736001636,-9.811296142098122,,,,,,,,,,
acc,1778675497.0,242.0,0.16806385220057155,0.25395264694590364,-9.811520066054438,,,,,,,,,,
acc,1778675497.0,242.0,0.1679564980986766,0.2542007017523697,-9.811777449542841,,,,,,,,,,
acc,1778675497.0,242.0,0.16785011953828988,0.2544465024506485,-9.812032494152039,,,,,,,,,,
gyro,1778675478.0,223.0,,,,0.003906,-0.001953,0.0,,,,,,,
gyro,1778675478.0,223.0,,,,0.003295587696935816,-0.001953,0.0006104123030641842,,,,,,,
gyro,1778675478.0,223.0,,,,0.002510666798860639,-0.0014878476038534395,-1.2398730032112722e-07,,,,,,,
gyro,1778675478.0,223.0,,,,0.002027581998974779,-0.0012015664604160176,-1.0013053836800734e-07,,,,,,,
gyro,1778675478.0,223.0,,,,0.002015542751831121,-0.0016381241313582918,0.000315175076496685,,,,,,,
gyro,1778675478.0,223.0,,,,0.0017352835373543381,-0.0016819073076382528,0.0002713502956621567,,,,,,,
gyro,1778675478.0,223.0,,,,0.0012848007477772282,-0.0014764810468637097,0.00023820787672813258,,,,,,,
gyro,1778675478.0,223.0,,,,0.0011448719710518485,-0.0013156762005844098,0.00021226444786993497,,,,,,,
gyro,1778675478.0,223.0,,,,0.0010323516209288048,-0.0011863688627496807,0.000383347484881795,,,,,,,
gyro,1778675478.0,223.0,,,,0.000939898187101128,-0.0010801222381269949,0.0003490163610592369,,,,,,,
gyro,1778675478.0,223.0,,,,0.0008625772136635322,-0.0009912656959719796,0.0003203044376263598,,,,,,,
gyro,1778675478.0,223.0,,,,0.0004997683642717458,-0.0009158469808116889,0.000295934635217095,,,,,,,
gyro,1778675478.0,223.0,,,,0.0006026220389522475,-0.0008510271509197256,0.0002749896158898363,,,,,,,
gyro,1778675478.0,223.0,,,,0.0010796693534399098,-0.0009239451184798093,0.0002567934471661237,,,,,,,
gyro,1778675478.0,223.0,,,,0.0010125820290133808,-0.0006238272221132908,0.00036219049205010994,,,,,,,
gyro,1778675478.0,223.0,,,,0.0010676676302174518,-0.0005872861322598887,0.0004553732053224182,,,,,,,
gyro,1778675478.0,223.0,,,,0.0011167228066402532,-0.0005547453308479291,0.0004301415367561887,,,,,,,
gyro,1778675478.0,223.0,,,,0.0012633680104128311,-0.0005255798028474323,0.0005102052501048752,,,,,,,
gyro,1778675478.0,223.0,,,,0.001102473037100834,-0.0005969847956164003,0.00048468284102932654,,,,,,,
gyro,1778675479.0,224.0,,,,0.0009566774215641328,-0.0005684989393558162,0.0005547453817213408,,,,,,,
gyro,1778675479.0,224.0,,,,0.0008239408945388775,-0.000631658470749472,0.0006185323364372907,,,,,,,
gyro,1778675479.0,224.0,,,,0.0007879306386481381,-0.0006040518993096945,0.000591499441408735,,,,,,,
gyro,1778675479.0,224.0,,,,0.0010006684049239023,-0.0005787111590009246,0.0006486161099018468,,,,,,,
gyro,1778675479.0,224.0,,,,0.001196648471067532,-0.0006341485478840587,0.0007012336054464499,,,,,,,
gyro,1778675479.0,224.0,,,,0.0012260341031256118,-0.0005336331229796897,0.0006739894049283469,,,,,,,
gyro,1778675479.0,224.0,,,,0.0012532778894930685,-0.00044044401759252706,0.0005755403051216654,,,,,,,
gyro,1778675479.0,224.0,,,,0.00113721155099939,-0.00035380203174909604,0.0006254039503568653,,,,,,,
gyro,1778675479.0,224.0,,,,0.0009606352018554967,-0.0003414144746430359,0.0006035068823521927,,,,,,,
gyro,1778675479.0,224.0,,,,0.0009280638607868971,-0.00032983845985836444,0.0006492628576899009,,,,,,,
gyro,1778675479.0,224.0,,,,0.000961755641032388,-0.0003189959844290259,0.000627920238685714,,,,,,,
gyro,1778675479.0,224.0,,,,0.001055688817189148,-0.00030881873609452364,0.0006701955852486389,,,,,,,
gyro,1778675479.0,224.0,,,,0.0009018970062757032,-0.00029924663384912653,0.0006494222968544718,,,,,,,
gyro,1778675479.0,224.0,,,,0.0008158435818588635,-0.0002902266245348421,0.0006298471554696411,,,,,,,
gyro,1778675479.0,224.0,,,,0.0007346086609207503,-0.0002817116845603726,0.0006686670503234712,,,,,,,
gyro,1778675479.0,224.0,,,,0.0006577932036033182,-0.0002736599870808163,0.0006495556499136738,,,,,,,
gyro,1778675479.0,224.0,,,,0.0006938853149241998,-0.0001571899732136609,0.0006314551929897188,,,,,,,
gyro,1778675480.0,225.0,,,,0.0006750190458072095,-0.00015291608490192255,0.0006673870962062332,,,,,,,
gyro,1778675480.0,225.0,,,,0.0006570982341744462,-9.700695803157867e-05,0.000701518320835587,,,,,,,
gyro,1778675480.0,225.0,,,,0.0006400524003759977,-0.0001451534105391219,0.0006833201822900564,,,,,,,
gyro,1778675480.0,225.0,,,,0.000623817909120698,-0.0001910082024753517,0.0008145977600188213,,,,,,,
gyro,1778675480.0,225.0,,,,0.0005114053279541897,-0.00023473403206226542,0.0007943825905234217,,,,,,,
gyro,1778675480.0,225.0,,,,0.0006413227276556525,-0.00022903127466623738,0.0007750834239152254,,,,,,,
gyro,1778675480.0,225.0,,,,0.0005795837007168049,-0.00013062686085212036,0.0006636842010925301,,,,,,,
gyro,1778675480.0,225.0,,,,0.0005660654482309321,-0.00012758011042719982,0.0006482043824051557,,,,,,,
gyro,1778675480.0,225.0,,,,0.0005977874587142807,-0.0001246620941478619,0.0006333786314800086,,,,,,,
gyro,1778675480.0,225.0,,,,0.0005843729642365837,-0.0001218646467455337,0.0006629912526593419,,,,,,,
gyro,1778675480.0,225.0,,,,0.0005284811399981612,-0.00016219986618839274,0.0006914068396418747,,,,,,,
gyro,1778675480.0,225.0,,,,0.0004325524023305869,-0.00015869108400574748,0.0007186982037276515,,,,,,,
gyro,1778675480.0,225.0,,,,0.0004233588293168103,-0.00019682775817420124,0.0007449323515995035,,,,,,,
gyro,1778675480.0,225.0,,,,0.0004145141038055282,-0.00023351734713245712,0.0006477660303305635,,,,,,,
gyro,1778675480.0,225.0,,,,0.0003658753967537422,-0.00026884275993528705,0.000674581031171634,,,,,,,
gyro,1778675480.0,225.0,,,,0.0003584808181247414,-0.0002634092737134269,0.0007004187061552028,,,,,,,
gyro,1778675480.0,225.0,,,,0.00027365890099738,-0.0002970157854264422,0.0006864871491892424,,,,,,,
gyro,1778675481.0,226.0,,,,0.0002682999686091788,-0.00032944413842166614,0.0006730439971321882,,,,,,,
gyro,1778675481.0,226.0,,,,0.00022545870734656557,-0.0002854236157397757,0.0006600632857785445,,,,,,,
gyro,1778675481.0,226.0,,,,0.00018406398084238625,-0.0002800000415074355,0.0006475208680140447,,,,,,,
gyro,1778675481.0,226.0,,,,0.0002903427760977842,-0.0003113315700833848,0.0006353942576834709,,,,,,,
gyro,1778675481.0,226.0,,,,0.00028498195615820466,-0.0003416429453879705,0.0006236624892824664,,,,,,,
gyro,1778675481.0,226.0,,,,0.00027979261581664616,-0.000335421844435437,0.0006123059916333533,,,,,,,
gyro,1778675481.0,226.0,,,,0.0002747663971144572,-0.00032939629746843305,0.0006013064739454858,,,,,,,
gyro,1778675481.0,226.0,,,,0.00026989548012219263,-0.00032355692977508414,0.0005906468228663922,,,,,,,
gyro,1778675481.0,226.0,,,,0.000265172540363209,-0.00035207078802080763,0.0006144868367234193,,,,,,,
gyro,1778675481.0,226.0,,,,0.00022684545791880188,-0.0003797327235910402,0.0006038693183728202,,,,,,,
gyro,1778675481.0,226.0,,,,0.00018964484032109636,-0.0004065816518561436,0.0005602345196697479,,,,,,,
gyro,1778675481.0,226.0,,,,0.00015352003011518832,-0.0004326541339933413,0.000517861598914295,,,,,,,
gyro,1778675481.0,226.0,,,,8.588453846046482e-05,-0.0004579845522126767,0.0005092335287011088,,,,,,,
gyro,1778675481.0,226.0,,,,0.00011663319869364768,-0.00048260526956749294,0.0005330102503857046,,,,,,,
gyro,1778675481.0,226.0,,,,0.0001465335965313583,-0.00041114838882918214,0.0005879305067006423,,,,,,,
gyro,1778675481.0,226.0,,,,0.00014417408666208875,-0.0004045280048070844,0.00060991109694016,,,,,,,
gyro,1778675481.0,226.0,,,,0.0001729845447387312,-0.00042919162067602966,0.0006313034300826035,,,,,,,
gyro,1778675481.0,226.0,,,,0.00020103533036162834,-0.00042242810516432866,0.0006521316914506092,,,,,,,
gyro,1778675482.0,227.0,,,,0.00016744313277961464,-0.00044629738566316114,0.0006419616926952853,,,,,,,
gyro,1778675482.0,227.0,,,,0.0001045641404148468,-0.00046955533700670024,0.0006320521633223011,,,,,,,
gyro,1778675482.0,227.0,,,,0.0001029661410778795,-0.0005220727322743457,0.0006522395216155428,,,,,,,
gyro,1778675482.0,227.0,,,,0.00019007380028043022,-0.0006915189427133226,0.0006423689997666737,,,,,,,
gyro,1778675482.0,227.0,,,,0.0002164974837388589,-0.0009446225781663967,0.0006327408286520564,,,,,,,
gyro,1778675482.0,227.0,,,,0.0002422812143713145,-0.001307604378930521,0.0006233458413523847,,,,,,,
gyro,1778675482.0,227.0,,,,0.0002674488771626953,-0.0018055734280675248,0.0006429073775762955,,,,,,,
gyro,1778675482.0,227.0,,,,0.00029202316369262665,-0.0024911311475902588,0.0006620077128007744,,,,,,,
gyro,1778675482.0,227.0,,,,0.0002595807316843806,-0.0032171819443056436,0.0006806636136297625,,,,,,,
gyro,1778675482.0,227.0,,,,0.0001999048690878159,-0.0038705998196346195,0.0006709124670555305,,,,,,,
gyro,1778675482.0,227.0,,,,0.0002525484536337403,-0.004481459955916284,0.0007168655788991842,,,,,,,
gyro,1778675482.0,227.0,,,,0.00030401338431864945,-0.005078643351444465,0.0007342785845164226,,,,,,,
gyro,1778675482.0,227.0,,,,0.00027247837008770884,-0.005608047804439468,0.0007513065726745117,,,,,,,
gyro,1778675482.0,227.0,,,,0.00016042322218720237,-0.005719818448700138,0.0007408930660429452,,,,,,,
gyro,1778675482.0,227.0,,,,0.00010450134307463842,-0.005668016765890082,0.0007307042268073908,,,,,,,
gyro,1778675482.0,227.0,,,,4.977151029620674e-05,-0.005617319302163425,0.0006674288342147862,,,,,,,
gyro,1778675482.0,227.0,,,,2.2645961306023354e-05,-0.005620592626941337,0.0006054862874700192,,,,,,,
gyro,1778675482.0,227.0,,,,-5.6427659929811915e-05,-0.00559754141834285,0.0005710896615997398,,,,,,,
gyro,1778675483.0,228.0,,,,-5.567452475879933e-05,-0.005601031083763213,0.000563467376527358,,,,,,,
gyro,1778675483.0,228.0,,,,-5.493671109563112e-05,-0.005552686402081176,0.0005301184791391411,,,,,,,
gyro,1778675483.0,228.0,,,,-5.4213738352316405e-05,-0.005428209120498696,0.0004974403856924175,,,,,,,
gyro,1778675483.0,228.0,,,,2.3073972908270393e-05,-0.005306207838070495,0.0005164650440543393,,,,,,,
gyro,1778675483.0,228.0,,,,9.884121716573018e-05,-0.00518660666455024,0.0005097598300126176,,,,,,,
gyro,1778675483.0,228.0,,,,0.00014794484288291993,-0.0050693328706483964,0.000528374321597945,,,,,,,
gyro,1778675483.0,228.0,,,,0.00012102187730075883,-0.00502939801804946,0.0005466304639412396,,,,,,,
gyro,1778675483.0,228.0,,,,0.00014434989604465695,-0.005089712897604093,0.0005396697881827221,,,,,,,
gyro,1778675483.0,228.0,,,,0.00014252315959358477,-0.005223036117778104,0.00048341019067673296,,,,,,,
gyro,1778675483.0,228.0,,,,4.247091575333829e-05,-0.005255600187357215,0.0004773298420119464,,,,,,,
gyro,1778675483.0,228.0,,,,4.193989938107949e-05,-0.00523872605637185,0.0004713617587582641,,,,,,,
gyro,1778675483.0,228.0,,,,0.00023563646901029873,-0.005173608983101618,0.0004169513957600539,,,,,,,
gyro,1778675483.0,228.0,,,,0.0005223859110596488,-0.005182079477558735,0.00033938923022207296,,,,,,,
gyro,1778675483.0,228.0,,,,0.0006839823592991055,-0.005166397655274825,0.00031121791241147393,,,,,,,
gyro,1778675483.0,228.0,,,,0.0007233592549543282,-0.004960037971463764,0.00030741445860406493,,,,,,,
gyro,1778675483.0,228.0,,,,0.0006908282042964091,-0.004709827573960047,0.0003511551366641201,,,,,,,
gyro,1778675483.0,228.0,,,,0.0005880261854065349,-0.004582046936059699,0.000370521973432161,,,,,,,
gyro,1778675483.0,228.0,,,,0.0005339754091412726,-0.0045974051697487694,0.0003425763938667314,,,,,,,
gyro,1778675483.0,228.0,,,,0.0009482512003075529,-0.004635869957187369,0.00026837036468709745,,,,,,,
gyro,1778675484.0,229.0,,,,0.0013787649934290745,-0.004603928900653431,0.00026517526647984376,,,,,,,
gyro,1778675484.0,229.0,,,,0.0013392940468805409,-0.0048039047048928606,0.0002620337727700948,,,,,,,
gyro,1778675484.0,229.0,,,,0.0014386410321238084,-0.004885430496116712,0.00016684463023449998,,,,,,,
gyro,1778675484.0,229.0,,,,0.0016509288485749645,-0.0047593600542753965,0.00011905565507473989,,,,,,,
gyro,1778675484.0,229.0,,,,0.0018597481824689835,-0.0046353494250781,0.00011766521751000783,,,,,,,
gyro,1778675484.0,229.0,,,,0.001906241400781279,-0.004672279509859033,0.00013900186361576273,,,,,,,
gyro,1778675484.0,229.0,,,,0.0019293852125273467,-0.004844243980943501,0.00013739315296182046,,,,,,,
gyro,1778675484.0,229.0,,,,0.002019681231591387,-0.00501346955058686,9.080386471367404e-05,,,,,,,
gyro,1778675484.0,229.0,,,,0.0020861336772983333,-0.005224845194490172,6.735630065758758e-05,,,,,,,
gyro,1778675484.0,229.0,,,,0.002129234272612453,-0.005321344081460355,4.427608740406853e-05,,,,,,,
gyro,1778675484.0,229.0,,,,0.0020605758905888924,-0.005327460593891337,2.155455938687172e-05,,,,,,,
gyro,1778675484.0,229.0,,,,0.0020372300666247427,-0.005156455354218213,-8.166638044665268e-07,,,,,,,
gyro,1778675484.0,229.0,,,,0.0020142413483160435,-0.005032153634776322,-2.2845689164910536e-05,,,,,,,
gyro,1778675484.0,229.0,,,,0.001991601549159922,-0.004975592911450227,-2.258890672187849e-05,,,,,,,
gyro,1778675484.0,229.0,,,,0.0019474361404018205,-0.004876150882523174,-4.4202596708883397e-05,,,,,,,
gyro,1778675484.0,229.0,,,,0.0019039309177906025,-0.0048653298797964655,-4.370956368883355e-05,,,,,,,
gyro,1778675484.0,229.0,,,,0.001904476192972911,-0.0048329669103940225,-4.322384561064843e-05,,,,,,,
gyro,1778675484.0,229.0,,,,0.0019266366141083354,-0.004865950094311324,-8.59916338490946e-05,,,,,,,
gyro,1778675485.0,230.0,,,,0.001862290706702919,-0.0048338142988819,-0.0001281341366104875,,,,,,,
gyro,1778675485.0,230.0,,,,0.0018203485118272788,-0.004737735907304396,-0.00014819522383765964,,,,,,,
gyro,1778675485.0,230.0,,,,0.0018218017317922029,-0.004600251382809097,-0.00016796717189220827,,,,,,,
gyro,1778675485.0,230.0,,,,0.0017805884926039212,-0.004443400825734253,-0.00020877896863929522,,,,,,,
gyro,1778675485.0,230.0,,,,0.0017399610423099751,-0.004310042345316222,-0.0002915142473496859,,,,,,,
gyro,1778675485.0,230.0,,,,0.0016575425860053303,-0.004326842365486017,-0.000288352479033781,,,,,,,
gyro,1778675485.0,230.0,,,,0.0016185083223727173,-0.0043222925585107924,-0.0003274635554716026,,,,,,,
gyro,1778675485.0,230.0,,,,0.0016221131767480764,-0.004338853827189865,-0.00040812524529593614,,,,,,,
gyro,1778675485.0,230.0,,,,0.0015627204357366352,-0.004292238207464732,-0.00046668815496168627,,,,,,,
gyro,1778675485.0,230.0,,,,0.0015250631093825628,-0.00418350701081134,-0.000524445889304688,,,,,,,
gyro,1778675485.0,230.0,,,,0.0014253508960940127,-0.004159687016430009,-0.0006022710192545221,,,,,,,
gyro,1778675485.0,230.0,,,,0.0013685831049477808,-0.004115395007071669,-0.0006582442423094771,,,,,,,
gyro,1778675485.0,230.0,,,,0.0013125811946532418,-0.004009493713393246,-0.0007134623044029125,,,,,,,
gyro,1778675485.0,230.0,,,,0.0012573302138300275,-0.003884335342162071,-0.0007679399476435389,,,,,,,
gyro,1778675485.0,230.0,,,,0.0012028156256093975,-0.003719594880905496,-0.0008216915054302801,,,,,,,
gyro,1778675485.0,230.0,,,,0.0012107145537228964,-0.00355703704139202,-0.0008541671632953894,,,,,,,
gyro,1778675485.0,230.0,,,,0.0011364740428624462,-0.0033966202685141262,-0.000886215080808316,,,,,,,
gyro,1778675485.0,230.0,,,,0.001185936257930175,-0.0032383041327450103,-0.0009178433349432868,,,,,,,
gyro,1778675486.0,231.0,,,,0.0012347544692761856,-0.003041244383795696,-0.0009490597855764032,,,,,,,
gyro,1778675486.0,231.0,,,,0.0012829406408003475,-0.002826385021338644,-0.0009391702679652329,,,,,,,
gyro,1778675486.0,231.0,,,,0.001350806848307994,-0.0026142919537556542,-0.0008888072198253373,,,,,,,
gyro,1778675486.0,231.0,,,,0.0014583164235515624,-0.0026681878810513966,-0.0008188380480115852,,,,,,,
gyro,1778675486.0,231.0,,,,0.0015240413432035837,-0.0020142659325819417,-0.0007699625260662573,,,,,,,
gyro,1778675486.0,231.0,,,,0.0014881579334726253,-0.000743776481439409,-0.0007015509787376765,,,,,,,
gyro,1778675486.0,231.0,,,,0.0013722815784708892,0.0008324634859444503,-0.0006138927761987345,,,,,,,
gyro,1778675486.0,231.0,,,,0.0012578578112515887,0.0023488178204416135,-0.0005273334279863411,,,,,,,
gyro,1778675486.0,231.0,,,,0.0012249458871051216,0.0034658758741707356,-0.0004418536199885529,,,,,,,
gyro,1778675486.0,231.0,,,,0.0011724673917803041,0.004109617414688974,-0.0003774094951596537,,,,,,,
gyro,1778675486.0,231.0,,,,0.001200365657382684,0.00428693929429079,-0.00033369328141470483,,,,,,,
gyro,1778675486.0,231.0,,,,0.001287602196827474,0.004163717878016323,-0.00027062391490838874,,,,,,,
gyro,1778675486.0,231.0,,,,0.0012149680073642744,0.0038434905186537434,-0.0002480242072036483,,,,,,,
gyro,1778675486.0,231.0,,,,0.0012026447577871816,0.0033686780129004957,-0.00020589052405777804,,,,,,,
gyro,1778675486.0,231.0,,,,0.0010520735450722575,0.002978705171040349,-0.0002038063609467457,,,,,,,
gyro,1778675486.0,231.0,,,,0.001041444552028882,0.0027710228495133834,-0.00020174732581289498,,,,,,,
gyro,1778675486.0,231.0,,,,0.0010112500119329635,0.002880943065411869,-0.00018001988908953063,,,,,,,
gyro,1778675487.0,232.0,,,,0.0009421041864204039,0.003146808217386879,-0.00017820807382543476,,,,,,,
gyro,1778675487.0,232.0,,,,0.0009326398859261015,0.003507609254300502,-0.0001567981343332794,,,,,,,
gyro,1778675487.0,232.0,,,,0.0009232876739157995,0.0039033153548482906,-0.00013564175902810836,,,,,,,
gyro,1778675487.0,232.0,,,,0.0008553983196898001,0.004196599386021852,-0.00011473486934025078,,,,,,,
gyro,1778675487.0,232.0,,,,0.0007883061614474545,0.004369339959691814,-9.407348041874856e-05,,,,,,,
gyro,1778675487.0,232.0,,,,0.000605100246538433,0.004442653623316858,-9.313508715135491e-05,,,,,,,
gyro,1778675487.0,232.0,,,,0.0005212804218743512,0.004340066892119064,-0.00013110465613614124,,,,,,,
gyro,1778675487.0,232.0,,,,0.00030250876734424093,0.004122162295305837,-0.00016863383477974442,,,,,,,
gyro,1778675487.0,232.0,,,,0.00012503384848943475,0.0038098415066361853,-0.00020572946586796878,,,,,,,
gyro,1778675487.0,232.0,,,,-3.104512921358948e-05,0.003404345809764373,-0.0002423982405352271,,,,,,,
gyro,1778675487.0,232.0,,,,-8.870816559859008e-05,0.002964841374082784,-0.000259323301501417,,,,,,,
gyro,1778675487.0,232.0,,,,-0.0002614845293818107,0.002607539993462519,-0.000295348747575812,,,,,,,
gyro,1778675487.0,232.0,,,,-0.00027816971343241567,0.0025625546235484875,-0.0002731709352442822,,,,,,,
gyro,1778675487.0,232.0,,,,-0.00033313755559684263,0.002671976019403671,-0.0002704803648306723,,,,,,,
gyro,1778675487.0,232.0,,,,-0.00031065328614125954,0.0028569931524056232,-0.0002678201778308093,,,,,,,
gyro,1778675487.0,232.0,,,,-0.00032678272695378196,0.003001567745970666,-0.0002460095654239954,,,,,,,
gyro,1778675487.0,232.0,,,,-0.0002278010713972272,0.0030870611029614552,-0.00022444350051812158,,,,,,,
gyro,1778675487.0,232.0,,,,-0.00011079838805737441,0.003075954515405099,-0.00020311840011182962,,,,,,,
gyro,1778675487.0,232.0,,,,-3.3310456369429556e-05,0.003007668388706032,-0.0001820307556816964,,,,,,,
gyro,1778675488.0,233.0,,,,6.240298506594117e-05,0.0029592157301830953,-0.00016117713112244697,,,,,,,
gyro,1778675488.0,233.0,,,,0.0001379972705399065,0.0029875019906793537,-0.00012150341021402245,,,,,,,
gyro,1778675488.0,233.0,,,,0.00023179423299235158,0.0030535387940673264,-0.00010129339117446352,,,,,,,
gyro,1778675488.0,233.0,,,,0.00030554837075461033,0.003137852286233669,-8.130545912699484e-05,,,,,,,
gyro,1778675488.0,233.0,,,,0.0003974831864504125,0.003183274738082761,-6.153647718160304e-05,,,,,,,
gyro,1778675488.0,233.0,,,,0.00043153687704947026,0.0031902895149144993,-2.30275382725354e-05,,,,,,,
gyro,1778675488.0,233.0,,,,0.00027587776464133365,0.0031025617324790945,-2.280429921445615e-05,,,,,,,
gyro,1778675488.0,233.0,,,,4.62540819729688e-05,0.003015786097220486,-3.6724025284535875e-06,,,,,,,
gyro,1778675488.0,233.0,,,,-6.753905249756048e-05,0.002967728168290362,-4.141558137977433e-05,,,,,,,
gyro,1778675488.0,233.0,,,,-0.00031219034126515817,0.0029579248260601797,-7.875153480757245e-05,,,,,,,
gyro,1778675488.0,233.0,,,,-0.0004599643021212849,0.0029105326864602705,-9.683868703518555e-05,,,,,,,
gyro,1778675488.0,233.0,,,,-0.000606152991328608,0.0029201288433447193,-7.707854688688041e-05,,,,,,,
gyro,1778675488.0,233.0,,,,-0.0008260135110667377,0.00289200930290823,-5.7529794468459686e-05,,,,,,,
gyro,1778675488.0,233.0,,,,-0.0008180677109838975,0.002901763341137636,-3.8189592893779424e-05,,,,,,,
gyro,1778675488.0,233.0,,,,-0.0007726715496493039,0.002855111253708166,-1.9055158432436014e-05,,,,,,,
gyro,1778675488.0,233.0,,,,-0.0008027509780495652,0.0027527087720412265,1.8624713778832138e-05,,,,,,,
gyro,1778675488.0,233.0,,,,-0.0007201329197773916,0.0026513900308285047,5.590581438651824e-05,,,,,,,
gyro,1778675488.0,233.0,,,,-0.0005822425837759393,0.002494996412969359,9.27933823273299e-05,,,,,,,
gyro,1778675488.0,233.0,,,,-0.0004084167188319475,0.0023402494638541838,0.00012929256098473784,,,,,,,
gyro,1778675489.0,234.0,,,,-0.00023641649080685437,0.002299194044184163,0.00018408451879564847,,,,,,,
gyro,1778675489.0,234.0,,,,-0.0001221949285697208,0.0022958865203856977,0.00023830243017709544,,,,,,,
gyro,1778675489.0,234.0,,,,9.474824281177532e-06,0.0024231169304727304,0.0002733117101714079,,,,,,,
gyro,1778675489.0,234.0,,,,8.388601365927571e-05,0.003070560215945854,0.0003265813504200431,,,,,,,
gyro,1778675489.0,234.0,,,,4.5868477908465855e-05,0.004213752921985571,0.0003606877574731901,,,,,,,
gyro,1778675489.0,234.0,,,,0.00013840707181191894,0.005400860852473587,0.00041303335409492085,,,,,,,
gyro,1778675489.0,234.0,,,,0.00024856495457673173,0.005981159029599459,0.00044625944300652,,,,,,,
gyro,1778675489.0,234.0,,,,0.00022764036523080408,0.006072818106749813,0.00040489375839088885,,,,,,,
gyro,1778675489.0,234.0,,,,0.00011418673609509153,0.005736921645200702,0.0005679815527061963,,,,,,,
gyro,1778675489.0,234.0,,,,0.0004281706106816607,0.00571954780142941,0.0006367209469394445,,,,,,,
gyro,1778675489.0,234.0,,,,0.0006833782925949386,0.005665316794281837,0.0005936482529615508,,,,,,,
gyro,1778675489.0,234.0,,,,0.0005288661074022197,0.005519114245168279,0.0005510167618537331,,,,,,,
gyro,1778675489.0,234.0,,,,0.00039442291414609857,0.005892151336309107,0.0006567468854540522,,,,,,,
gyro,1778675489.0,234.0,,,,0.0005754594420720299,0.006113566718992076,0.0007059614256000773,,,,,,,
gyro,1778675489.0,234.0,,,,0.0004407732179404261,0.006166556843042626,0.0006992877249881729,,,,,,,
gyro,1778675489.0,234.0,,,,0.00043660941213192274,0.006200559322581531,0.0006926818374872804,,,,,,,
gyro,1778675489.0,234.0,,,,0.0005062328450923875,0.006234216959695299,0.0006308341867417157,,,,,,,
gyro,1778675490.0,235.0,,,,0.000593584499255272,0.006175406715903037,0.0004774854056919804,,,,,,,
gyro,1778675490.0,235.0,,,,0.0005879887313123442,0.006006714730879521,0.00034409708955260396,,,,,,,
gyro,1778675490.0,235.0,,,,0.00047204684950639985,0.0054717280941723925,0.0004328591074173663,,,,,,,
gyro,1778675490.0,235.0,,,,0.0005963200699909195,0.005365053013235111,0.0005575012676138227,,,,,,,
gyro,1778675490.0,235.0,,,,0.0007928447589619718,0.005167565132640699,0.0005706310146829397,,,,,,,
gyro,1778675490.0,235.0,,,,0.0009506709453019135,0.005174066504040052,0.0003632574006652509,,,,,,,
gyro,1778675490.0,235.0,,,,0.0009600897491236127,0.005272273067933105,0.0001579605168379996,,,,,,,
gyro,1778675490.0,235.0,,,,0.001006096493508094,0.0054428714077113,2.8080313739400523e-05,,,,,,,
gyro,1778675490.0,235.0,,,,0.0009599933792614674,0.005520106953906671,4.614689535654494e-05,,,,,,,
gyro,1778675490.0,235.0,,,,0.0008960302536778145,0.005504966401620438,0.000100672282382497,,,,,,,
gyro,1778675490.0,235.0,,,,0.0010707285752983534,0.005270260288863024,0.00024620908944333203,,,,,,,
gyro,1778675490.0,235.0,,,,0.0012619901801701272,0.004854890352607691,0.00029879798492354106,,,,,,,
gyro,1778675490.0,235.0,,,,0.0011953071773527142,0.004608245398022385,0.0001862598635932557,,,,,,,
gyro,1778675490.0,235.0,,,,0.00112928451159108,0.004382321392931104,-7.140132121313814e-05,,,,,,,
gyro,1778675490.0,235.0,,,,0.0012466116447945594,0.004414403310052525,-0.00023516163587737827,,,,,,,
gyro,1778675490.0,235.0,,,,0.0012532158842824585,0.004738334225015024,-0.00015992627525806047,,,,,,,
gyro,1778675490.0,235.0,,,,0.0009677395713600559,0.005040821721250377,-1.2424124376992702e-05,,,,,,,
gyro,1778675490.0,235.0,,,,0.0007580454049081136,0.005285609514868091,0.00013362587797559073,,,,,,,
gyro,1778675490.0,235.0,,,,0.0008785989917492125,0.005199804544152052,0.000187073052606325,,,,,,,
gyro,1778675491.0,236.0,,,,0.0011619822146018627,0.004495234526808172,7.59823145712213e-05,,,,,,,
gyro,1778675491.0,236.0,,,,0.001260438357644749,0.0027775173406389166,-3.401924927552755e-05,,,,,,,
gyro,1778675491.0,236.0,,,,0.001248688862882187,0.000694287207167704,-1.5496747067567105e-05,,,,,,,
gyro,1778675491.0,236.0,,,,0.0010732720432196012,-0.001150198791102375,0.00013023287205429432,,,,,,,
gyro,1778675491.0,236.0,,,,0.0010814651574928497,-0.0012122417194298065,7.44537315238236e-05,,,,,,,
gyro,1778675491.0,236.0,,,,0.0007441271159755341,0.00034450203466117844,-1.7151996829601758e-05,,,,,,,
gyro,1778675491.0,236.0,,,,0.0006099845851890363,0.0017588622973944699,0.00012839873527212503,,,,,,,
gyro,1778675491.0,236.0,,,,0.0007496399070746238,0.00254181617703633,0.00030886318703488697,,,,,,,
gyro,1778675491.0,236.0,,,,0.0009605765346238973,0.0026089803513605525,0.0003604635291031966,,,,,,,
gyro,1778675491.0,236.0,,,,0.0011150070323621725,0.0020583532354476377,0.0003026642649473729,,,,,,,
gyro,1778675491.0,236.0,,,,0.0011590764347011349,0.001240909634340163,0.00019098881287778658,,,,,,,
gyro,1778675491.0,236.0,,,,0.0011483134646984136,0.0011568459851151024,0.0002254857215972537,,,,,,,
gyro,1778675491.0,236.0,,,,0.0011376546092650656,0.0012548858289124424,0.00025964892774251244,,,,,,,
gyro,1778675491.0,236.0,,,,0.001018362634653941,0.0013882206152122146,0.00027536088386629975,,,,,,,
gyro,1778675491.0,236.0,,,,0.0009002221034961432,0.0014296876179472366,0.00023657827164495705,,,,,,,
gyro,1778675491.0,236.0,,,,0.0008737679356230441,0.0013440016296828296,0.00023438479315425188,,,,,,,
gyro,1778675492.0,237.0,,,,0.0009199726123140617,0.001186727660498642,0.000250313451833153,,,,,,,
gyro,1778675492.0,237.0,,,,0.0009295436115281878,0.0011395435364207915,0.00022989975170540782,,,,,,,
gyro,1778675492.0,237.0,,,,0.0009751990132944113,0.001183253970996663,0.00019159407457830518,,,,,,,
gyro,1778675492.0,237.0,,,,0.0009661700716845352,0.0012807998405223097,0.00018982018874722555,,,,,,,
gyro,1778675492.0,237.0,,,,0.0010114553319799974,0.00139548576519501,0.0002061391816143608,,,,,,,
gyro,1778675492.0,237.0,,,,0.0010201668429972708,0.0014367838095183138,0.0002403716289708149,,,,,,,
gyro,1778675492.0,237.0,,,,0.0009746030257581498,0.0014234945002043018,0.00023814834881791773,,,,,,,
gyro,1778675492.0,237.0,,,,0.0009294750915696963,0.0013380995631845465,0.00019982995804414808,,,,,,,
gyro,1778675492.0,237.0,,,,0.0008847784781829973,0.001271573323137922,0.0001618778042658826,,,,,,,
gyro,1778675492.0,237.0,,,,0.0008946495147438383,0.0012417762440529907,0.00016038195186854535,,,,,,,
gyro,1778675492.0,237.0,,,,0.0008863848971851842,0.0012303049297769655,0.00017694184750632446,,,,,,,
gyro,1778675492.0,237.0,,,,0.0008781990628025316,0.001255015184625486,0.00019334388451805812,,,,,,,
gyro,1778675492.0,237.0,,,,0.000870091194449236,0.001225397566144646,0.00017352801999067076,,,,,,,
gyro,1778675492.0,237.0,,,,0.0008981118215066259,0.0011960618059010514,0.00015390073459056196,,,,,,,
gyro,1778675492.0,237.0,,,,0.000889824824079635,0.0011670049930877432,0.00015248067200924052,,,,,,,
gyro,1778675492.0,237.0,,,,0.0008996321700329962,0.0011562398605341135,0.0001690897091136221,,,,,,,
gyro,1778675492.0,237.0,,,,0.0008913356933995333,0.0011635876434388877,0.00014951963561888752,,,,,,,
gyro,1778675492.0,237.0,,,,0.0009011238321644878,0.0011528598104992686,0.0001481411217775308,,,,,,,
gyro,1778675493.0,238.0,,,,0.0008928179903437137,0.0011422336669152792,0.00016477687350915227,,,,,,,
gyro,1778675493.0,238.0,,,,0.0008845908207533408,0.0011137116024240157,0.00016325848196956276,,,,,,,
gyro,1778675493.0,238.0,,,,0.0008764415208180658,0.0011214435534273263,0.00014376243396009702,,,,,,,
gyro,1778675493.0,238.0,,,,0.0008683692976842725,0.0011111148065797675,0.0001424383496742454,,,,,,,
gyro,1778675493.0,238.0,,,,0.0008603733680633541,0.0011188668710222036,0.00015910997034179503,,,,,,,
gyro,1778675493.0,238.0,,,,0.0008704318510506494,0.0011085668261045013,0.0001576452385816371,,,,,,,
gyro,1778675493.0,238.0,,,,0.0008444460510038686,0.0010983639958605461,0.00013821965722076132,,,,,,,
gyro,1778675493.0,238.0,,,,0.0008366758793220478,0.0010882573978051448,0.00013694782882493786,,,,,,,
gyro,1778675493.0,238.0,,,,0.0008289789466466906,0.001078246061119841,0.00013568798825279658,,,,,,,
gyro,1778675493.0,238.0,,,,0.0008213545154206096,0.0010683290264701,0.0001344400147803416,,,,,,,
gyro,1778675493.0,238.0,,,,0.0007958432992346497,0.0010405467882828837,0.0001511623466496849,,,,,,,
gyro,1778675493.0,238.0,,,,0.0008064815041844477,0.0010309806249566152,0.00014977265066184838,,,,,,,
gyro,1778675493.0,238.0,,,,0.0007990687560487748,0.0010035534654994375,0.00016634695534539857,,,,,,,
gyro,1778675493.0,238.0,,,,0.0007917256586423098,0.0009763840136591018,0.00016481829853442497,,,,,,,
gyro,1778675493.0,238.0,,,,0.0007844515164072671,0.0009674132848291714,0.0001633039965367695,,,,,,,
gyro,1778675493.0,238.0,,,,0.0007593056254659116,0.0009405867297198481,0.00016180390622920105,,,,,,,
gyro,1778675493.0,238.0,,,,0.0007343955924165163,0.0009319483055307896,0.00016031788613845324,,,,,,,
gyro,1778675493.0,238.0,,,,0.0007276521389597795,0.0009233908603509344,0.00015884579641648234,,,,,,,
gyro,1778675494.0,239.0,,,,0.0007209718654366251,0.0009149135905324971,0.0001573874988162274,,,,,,,
gyro,1778675494.0,239.0,,,,0.0007502068804253204,0.0009423684362414983,0.00017386922399043617,,,,,,,
gyro,1778675494.0,239.0,,,,0.0007253989577507588,0.0009157970048054611,0.00017227358797179668,,,,,,,
gyro,1778675494.0,239.0,,,,0.0006829031778008675,0.0009432338569636275,0.00015277296633421975,,,,,,,
gyro,1778675494.0,239.0,,,,0.0006587214703747178,0.0009166638826350429,0.00015137143110119906,,,,,,,
gyro,1778675494.0,239.0,,,,0.0006526794163760555,0.0008903421899065082,0.00016789668128414355,,,,,,,
gyro,1778675494.0,239.0,,,,0.0006646044564468183,0.000864266336015902,0.00018426758925424666,,,,,,,
gyro,1778675494.0,239.0,,,,0.0006406027906089947,0.0008563415971422174,0.00020048567146857543,,,,,,,
gyro,1778675494.0,239.0,,,,0.0006347298521878418,0.0008484908017020245,0.00016283810291372312,,,,,,,
gyro,1778675494.0,239.0,,,,0.0006110097752094752,0.0008407132251073147,0.00016134546938675003,,,,,,,
gyro,1778675494.0,239.0,,,,0.0005875108159292712,0.0008151090507581741,0.00017776585017708233,,,,,,,
gyro,1778675494.0,239.0,,,,0.0005642308131300031,0.0008076397887245787,0.00017613689057423845,,,,,,,
gyro,1778675494.0,239.0,,,,0.0005590612598093015,0.0007823464614993356,0.0001924167327487702,,,,,,,
gyro,1778675494.0,239.0,,,,0.0005360488619053972,0.0007751795709625574,0.00019065404865812823,,,,,,,
gyro,1778675494.0,239.0,,,,0.0005311389621598418,0.0007501910127671622,0.0001889077670567304,,,,,,,
gyro,1778675494.0,239.0,,,,0.0005262747316073258,0.0007433206788159753,0.00018717772840848605,,,,,,,
gyro,1778675494.0,239.0,,,,0.0005214557265751305,0.0007007476681774532,0.00020334705196079256,,,,,,,
gyro,1778675495.0,240.0,,,,0.0005166815082077392,0.0006764511263731338,0.00020148529614730798,,,,,,,
gyro,1778675495.0,240.0,,,,0.0004761948840380748,0.0006702586789921073,0.00019964083607355165,,,,,,,
gyro,1778675495.0,240.0,,,,0.0004718362264274481,0.000664123736786294,0.00021568950127382513,,,,,,,
gyro,1778675495.0,240.0,,,,0.0005211390036821983,0.0006580457436083265,0.0002137155328027609,,,,,,,
gyro,1778675495.0,240.0,,,,0.0005163702050124306,0.000652024149283985,0.00022963124318888268,,,,,,,
gyro,1778675495.0,240.0,,,,0.0004937765326626512,0.0006460584095325443,0.0002275302163524242,,,,,,,
gyro,1778675495.0,240.0,,,,0.0004892592499364536,0.0006222810914926422,0.0002254486708596192,,,,,,,
gyro,1778675495.0,240.0,,,,0.000484783837646818,0.0006523183283169872,0.00022338641909355,,,,,,,
gyro,1778675495.0,240.0,,,,0.0004803498929635628,0.0006284894865674315,0.00022134327543170857,,,,,,,
gyro,1778675495.0,240.0,,,,0.0004938175107763392,0.0006227418509518869,0.0002014585627716021,,,,,,,
gyro,1778675495.0,240.0,,,,0.0004893019916187969,0.0006170474340938134,0.00019961640452529773,,,,,,,
gyro,1778675495.0,240.0,,,,0.0005026846867013896,0.0006114057254799535,0.00019779129752921728,,,,,,,
gyro,1778675495.0,240.0,,,,0.0004802346792647489,0.0005879617841957321,0.00016027420681847675,,,,,,,
gyro,1778675495.0,240.0,,,,0.00045799233578430856,0.0005825871904218978,0.00015880913072471135,,,,,,,
gyro,1778675495.0,240.0,,,,0.0004538062485839314,0.0005951128749654695,0.0001573576023529728,,,,,,,
gyro,1778675495.0,240.0,,,,0.0004496588584724577,0.0005718253636684625,0.00015591949222117007,,,,,,,
gyro,1778675495.0,240.0,,,,0.0004277029349241529,0.000566599921894482,0.00017234153320289564,,,,,,,
gyro,1778675495.0,240.0,,,,0.00040594985288066725,0.0005435777031146001,0.000170766805228117,,,,,,,
gyro,1778675495.0,240.0,,,,0.000384397678725007,0.0005207681137606945,0.0001692066211819035,,,,,,,
gyro,1778675496.0,241.0,,,,0.00039872756695121745,0.0005338521966830898,0.00020334391061252336,,,,,,,
gyro,1778675496.0,241.0,,,,0.0003772455379996252,0.0005111358618328188,0.0002193262732363872,,,,,,,
gyro,1778675496.0,241.0,,,,0.0004094761698569187,0.0005064672933707175,0.00021732300991913534,,,,,,,
gyro,1778675496.0,241.0,,,,0.0003878999853322554,0.0005196782865639671,0.0001975017349629634,,,,,,,
gyro,1778675496.0,241.0,,,,0.00038435766743909997,0.0005149325640509768,0.00021353301403176123,,,,,,,
gyro,1778675496.0,241.0,,,,0.00039868129344140373,0.0005102305989753357,0.00022941647837107154,,,,,,,
gyro,1778675496.0,241.0,,,,0.0003950411636155574,0.0005234036974248625,0.000191658366533734,,,,,,,
gyro,1778675496.0,241.0,,,,0.0003914345798198315,0.0005186252098452933,0.0001899085945536966,,,,,,,
gyro,1778675496.0,241.0,,,,0.00038786122451797255,0.0004960620651893611,0.00020600362638305947,,,,,,,
gyro,1778675496.0,241.0,,,,0.0004021479882304727,0.000491533954568683,0.0002219504068139341,,,,,,,
gyro,1778675496.0,241.0,,,,0.0003984774346979021,0.0005048732960867005,0.0002377503371512273,,,,,,,
gyro,1778675496.0,241.0,,,,0.00034136768661974286,0.0005002654989269344,0.00021775614601550022,,,,,,,
gyro,1778675496.0,241.0,,,,0.00033825239089139004,0.0004778771832518314,0.00021576891987168444,,,,,,,
gyro,1778675496.0,241.0,,,,0.00033516576296965746,0.00047351644820101065,0.000213799980728452,,,,,,,
gyro,1778675496.0,241.0,,,,0.0003142873237818659,0.0004513756239120439,0.00022966936502980624,,,,,,,
gyro,1778675496.0,241.0,,,,0.00032923869738892626,0.0004472573390606667,0.00022757389549906353,,,,,,,
gyro,1778675497.0,242.0,,,,0.00032623499103009377,0.00042535934137889915,0.00024331528131697302,,,,,,,
gyro,1778675497.0,242.0,,,,0.00030544259231957106,0.0004214789863229256,0.00022327932047797353,,,,,,,
gyro,1778675497.0,242.0,,,,0.0003026563778559993,0.00039981924448764713,0.00022124259053992574,,,,,,,
gyro,1778675497.0,242.0,,,,0.00028208194401381314,0.0003961723882220829,0.00021922457880426226,,,,,,,
gyro,1778675497.0,242.0,,,,0.00027950917503704567,0.000392559040925314,0.00023503772711451308,,,,,,,
gyro,1778675497.0,242.0,,,,0.00025914860948257114,0.00037116745644779096,0.00025070560605015894,,,,,,,
gyro,1778675497.0,242.0,,,,0.00027459558632588236,0.0003677826169413049,0.00023060904406325798,,,,,,,
gyro,1778675497.0,242.0,,,,0.0002899007128023161,0.0003644288605866023,0.00022850615362919903,,,,,,,
gyro,1778675497.0,242.0,,,,0.00028725731687287507,0.00037891389735302206,0.00024423057172316595,,,,,,,
gyro,1778675497.0,242.0,,,,0.00028463818628591213,0.0003754590681107722,0.0002420037467718117,,,,,,,
gyro,1778675497.0,242.0,,,,0.0002998489107419613,0.0003364243134073499,0.00023979735947667047,,,,,,,
gyro,1778675497.0,242.0,,,,0.00027931054859158,0.00031555250729534476,0.0002554159729133209,,,,,,,
gyro,1778675497.0,242.0,,,,0.00024115690830042976,0.00031267590430100577,0.00023528386857709195,,,,,,,
gyro,1778675497.0,242.0,,,,0.00023895862828112843,0.00029202300198218577,0.00023313912459773807,,,,,,,
gyro,1778675497.0,242.0,,,,0.00023678050987064618,0.00027155951854261466,0.0002310140512193764,,,,,,,
gyro,1778675497.0,242.0,,,,0.00023462236482858504,0.00026908437889160445,0.0002467091582190618,,,,,,,
gyro,1778675497.0,242.0,,,,0.00023248400676172915,0.0002488322087273966,0.0002444606406106471,,,,,,,
gyro,1778675497.0,242.0,,,,0.00021256647923061653,0.00022876569096724183,0.00024223273524754608,,,,,,,
gps,1778675478.0,223.0,,,,,,,57.777489,11.914567,14.9,0.37966,12.0,-46.30510261973065,92.95917605337878
gps,1778675479.0,224.0,,,,,,,57.777481,11.914567,14.9,0.255576,12.0,-46.30510261973065,92.0696145600044
gps,1778675480.0,225.0,,,,,,,57.777481,11.914567,14.9,0.144456,12.0,-46.30510261973065,92.0696145600044
gps,1778675481.0,226.0,,,,,,,57.777481,11.914567,14.9,0.03704,12.0,-46.30510261973065,92.0696145600044
gps,1778675482.0,227.0,,,,,,,57.777481,11.914567,14.7,0.109268,12.0,-46.30510261973065,92.0696145600044
gps,1778675483.0,228.0,,,,,,,57.777481,11.914581,14.6,4.737416,12.0,-45.47504956386259,92.0696145600044
gps,1778675484.0,229.0,,,,,,,57.777473,11.914673,14.5,26.035416,12.0,-40.02041519629863,91.18005306663002
gps,1778675485.0,230.0,,,,,,,57.777451,11.914862,14.2,47.681591,12.0,-28.814698941467014,88.73375895985048
gps,1778675486.0,231.0,,,,,,,57.777416,11.915153,14.1,69.294434,12.0,-11.56145327890976,84.84192742704488
gps,1778675487.0,232.0,,,,,,,57.777386,11.915515,14.2,82.575127,12.0,9.901347167173654,81.50607182689096
gps,1778675488.0,233.0,,,,,,,57.777351,11.915875,14.1,76.422775,12.0,31.24556860535674,77.61424029408536
gps,1778675489.0,234.0,,,,,,,57.777309,11.916204,14.0,69.831512,12.0,50.751815419623206,72.94404245386987
gps,1778675490.0,235.0,,,,,,,57.777287,11.916477,14.0,54.952545,12.0,66.9378500101346,70.49774834709032
gps,1778675491.0,236.0,,,,,,,57.777279,11.916608,13.4,18.408878,12.0,74.70477503349936,69.60818685371595
gps,1778675492.0,237.0,,,,,,,57.777279,11.916636,13.5,1.635316,12.0,76.36488114523546,69.60818685371595
gps,1778675493.0,238.0,,,,,,,57.777279,11.916636,13.2,0.53708,12.0,76.36488114523546,69.60818685371595
gps,1778675494.0,239.0,,,,,,,57.777279,11.916635,13.1,0.209276,12.0,76.30559164123815,69.60818685371595
gps,1778675495.0,240.0,,,,,,,57.777279,11.916635,13.2,0.100008,12.0,76.30559164123815,69.60818685371595
gps,1778675496.0,241.0,,,,,,,57.777279,11.916635,13.1,0.316692,12.0,76.30559164123815,69.60818685371595
gps,1778675497.0,242.0,,,,,,,57.777279,11.916638,13.0,0.188904,12.0,76.48346015332437,69.60818685371595
